person_id,true_best_party,n_train,n_items_asked_50,obs_top1,obs_top3,obs_mae_mean,pred_top1,pred_top3,pred_mae_mean,obs_mae_CDU,obs_mae_DIE LINKE,obs_mae_Die Grünen,obs_mae_FDP,obs_mae_SPD,obs_mae_bunt.saar,pred_mae_CDU,pred_mae_DIE LINKE,pred_mae_Die Grünen,pred_mae_FDP,pred_mae_SPD,pred_mae_bunt.saar
118,CDU,250,19,1.0,0.0,4.110360360360363,1.0,0.0,1.7454954954954935,1.1024182076813673,1.9381223328591872,2.3826458036984377,12.162162162162161,3.0405405405405403,4.036273115220482,1.0135135135135016,3.7162162162162176,0.6756756756756701,1.3513513513513473,0.3378378378378457,3.378378378378379
1588,FDP,250,19,0.0,1.0,4.8304883831199605,1.0,1.0,3.5472972972972947,3.7873399715504945,0.40896159317211556,5.992176386913236,9.886201991465143,1.1557610241820768,7.752489331436699,0.3378378378378244,4.729729729729726,5.067567567567572,2.364864864864863,3.7162162162162176,5.067567567567565
919,SPD,250,19,1.0,0.0,3.0849928876244648,0.0,1.0,3.3220720720720736,6.045519203413939,2.2226173541963092,1.9203413940255984,2.435988620199147,1.3335704125177799,4.551920341394016,1.3513513513513473,1.3513513513513544,6.756756756756758,3.0405405405405332,3.7162162162162247,3.7162162162162247
2723,CDU,250,19,0.0,1.0,4.214082503556187,1.0,1.0,3.1531531531531507,2.6493598862019923,4.729729729729726,3.556187766714082,6.330014224751068,6.98790896159317,1.0312944523470833,4.391891891891888,3.0405405405405475,3.378378378378372,2.7027027027027017,4.054054054054049,1.3513513513513473
2630,CDU,250,19,1.0,1.0,3.926623992413466,1.0,0.0,3.378378378378379,1.9203413940255984,7.1657183499288735,4.338549075391185,2.0981507823613086,3.8940256045519206,4.142958748221908,3.378378378378379,0.3378378378378386,6.756756756756765,4.729729729729733,2.0270270270270174,3.0405405405405403
1106,FDP,250,19,1.0,0.0,4.993480322427689,1.0,0.0,1.5765765765765778,2.3470839260312957,4.480796586059739,7.663584637268848,5.1209103840682815,5.565433854907525,4.783072546230443,0.3378378378378386,2.3648648648648702,2.0270270270270316,1.689189189189193,1.3513513513513402,1.689189189189193
4764,FDP,250,19,1.0,1.0,3.325035561877671,1.0,1.0,1.8018018018018058,2.275960170697026,0.9601706970128063,2.4537695590327147,6.418918918918919,2.6849217638691343,5.1564722617354235,1.0135135135135087,3.0405405405405475,1.3513513513513544,3.0405405405405475,0.6756756756756843,1.689189189189193
3782,DIE LINKE,250,19,1.0,1.0,2.287814129919392,1.0,1.0,4.448198198198195,1.4224751066856385,1.689189189189186,1.0312944523470762,2.578236130867701,2.880512091038412,4.12517780938834,4.054054054054049,4.391891891891881,5.743243243243242,5.067567567567572,4.054054054054049,3.378378378378379
2758,Die Grünen,250,19,0.0,0.0,8.508179231863444,0.0,1.0,1.0698198198198188,4.836415362731152,8.60597439544808,12.357752489331446,2.951635846372696,13.566856330014218,8.730440967283073,1.0135135135135158,3.0405405405405403,0.0,0.6756756756756772,0.675675675675663,1.0135135135135158
1618,Die Grünen,250,19,0.0,0.0,5.209815078236132,0.0,0.0,1.238738738738738,0.37339971550497353,5.921052631578952,6.614509246088197,5.334281650071119,6.258890469416791,6.756756756756758,2.0270270270270245,0.6756756756756772,0.3378378378378457,0.3378378378378244,2.0270270270270316,2.0270270270270245
4886,SPD,250,19,0.0,1.0,4.34447605500237,0.0,1.0,1.5765765765765778,3.5028449502133725,6.258890469416791,3.413940256045514,2.471550497866282,8.694879089615938,1.7247510668563208,2.7027027027027017,0.6756756756756701,0.0,3.0405405405405475,0.6756756756756772,2.3648648648648702
3260,Die Grünen,250,19,1.0,1.0,2.504148885727833,1.0,1.0,2.195945945945944,6.152204836415365,0.9246088193456643,0.03556187766713492,0.49786628733995997,4.800853485064017,2.6137980085348573,0.3378378378378386,2.0270270270270316,2.364864864864863,2.0270270270270174,4.729729729729726,1.689189189189186
3339,CDU,250,19,0.0,0.0,2.6938122332859167,1.0,0.0,1.238738738738738,5.618776671408241,0.6756756756756772,1.724751066856328,2.2403982930298625,3.2894736842105345,2.6137980085348573,0.3378378378378315,0.6756756756756772,3.0405405405405403,0.0,0.0,3.378378378378379
2972,DIE LINKE,250,19,0.0,0.0,5.429113323850168,0.0,1.0,3.828828828828828,1.2268847795163538,8.26813655761024,4.587482219061172,1.8847795163584706,8.783783783783782,7.82361308677099,4.054054054054056,1.0135135135135158,4.391891891891888,4.729729729729726,4.391891891891895,4.391891891891888
989,FDP,250,19,1.0,1.0,2.3974632527264106,1.0,1.0,2.139639639639642,1.1024182076813602,2.009246088193457,4.374110953058327,1.1379800853485023,1.3869132290184893,4.374110953058327,3.0405405405405475,0.6756756756756843,2.0270270270270316,1.6891891891891788,4.391891891891895,1.0135135135135158
2141,SPD,250,19,0.0,1.0,3.7814129919393102,0.0,0.0,1.9144144144144164,1.4935988620199083,3.9118065433855023,0.3022759601707037,4.854196301564727,4.320768136557611,7.805832147937409,4.054054054054056,0.3378378378378386,2.0270270270270174,0.3378378378378457,2.0270270270270316,2.702702702702709
2948,SPD,250,19,1.0,0.0,3.378378378378384,1.0,1.0,3.65990990990991,5.423186344238985,6.436699857752494,3.662873399715508,0.5512091038406837,1.8847795163584777,2.3115220483641536,4.391891891891902,5.4054054054054035,2.0270270270270174,1.3513513513513473,4.729729729729726,4.054054054054063
2322,Die Grünen,250,19,1.0,0.0,5.734352773826459,1.0,1.0,1.2387387387387356,4.765291607396875,2.809388335704128,4.285206258890469,2.187055476529153,13.15789473684211,7.201280227596023,2.364864864864856,1.3513513513513473,0.0,0.6756756756756701,1.3513513513513473,1.689189189189193
2073,CDU,250,19,1.0,0.0,1.6951161688003822,1.0,0.0,2.2522522522522563,0.6756756756756772,3.876244665718353,1.4224751066856385,2.6493598862019923,0.1955903271692847,1.3513513513513473,1.689189189189193,2.702702702702709,3.0405405405405475,0.6756756756756772,4.391891891891888,1.013513513513523
1802,Die Grünen,250,19,0.0,0.0,7.841394025604557,0.0,1.0,2.1396396396396398,5.192034139402573,2.489331436699864,10.384068278805131,8.3570412517781,7.396870554765293,13.22901849217638,2.702702702702709,2.0270270270270245,1.3513513513513402,3.378378378378379,3.0405405405405475,0.3378378378378386
2079,Die Grünen,250,19,1.0,0.0,6.137387387387384,1.0,0.0,2.8153153153153183,0.4800853485063925,3.0049786628734054,7.841394025604544,5.494310099573248,13.264580369843529,6.738975817923183,1.689189189189186,0.0,5.743243243243242,3.378378378378379,2.702702702702716,3.378378378378386
166,FDP,250,19,1.0,1.0,4.32076813655761,1.0,1.0,3.5472972972973005,3.8229018492176436,4.640825035561882,0.142247510668561,4.463015647226172,8.37482219061166,4.480796586059739,4.729729729729726,1.0135135135135158,5.743243243243249,1.689189189189193,1.3513513513513544,6.756756756756765
703,DIE LINKE,250,19,0.0,0.0,4.214082503556189,0.0,0.0,1.8018018018018072,4.000711237553347,4.000711237553347,1.5647226173541924,5.174253200568991,5.600995732574688,4.943100995732571,2.702702702702709,4.391891891891902,0.3378378378378457,1.689189189189193,0.3378378378378386,1.3513513513513544
3381,Die Grünen,250,19,1.0,1.0,4.578591749644379,1.0,1.0,1.5202702702702642,1.1557610241820626,11.504267425320059,4.889758179231862,0.7645803698435216,7.02347083926032,2.1337126600284506,0.3378378378378244,0.3378378378378386,1.0135135135135158,2.0270270270270174,1.0135135135135016,4.391891891891888
3041,SPD,250,19,0.0,0.0,5.091275486012328,0.0,0.0,3.4909909909909906,2.435988620199147,6.685633001422481,3.5384068278805074,4.729729729729726,10.010668563300136,3.1472261735419664,3.378378378378379,0.6756756756756772,2.364864864864863,5.4054054054054035,5.743243243243242,3.378378378378379
1336,bunt.saar,250,19,1.0,1.0,3.8851351351351346,1.0,1.0,1.8018018018018047,2.8982930298719793,6.436699857752494,5.4409672830725455,1.831436699857747,1.9203413940255984,4.783072546230443,1.013513513513523,3.378378378378372,2.0270270270270245,0.6756756756756843,2.0270270270270316,1.689189189189193
4555,bunt.saar,250,19,1.0,0.0,8.034020862968235,1.0,1.0,0.8445945945945942,1.404694167852064,7.876955903271693,8.605974395448087,4.320768136557611,18.31436699857752,7.681365576102436,1.689189189189193,1.3513513513513544,0.0,0.0,0.0,2.0270270270270174
4307,FDP,250,19,0.0,1.0,7.598387861545756,1.0,1.0,2.759009009009007,4.338549075391185,5.47652916073968,8.054765291607396,10.72190611664297,4.978662873399713,12.019914651493593,1.689189189189193,3.7162162162162105,4.054054054054049,1.3513513513513544,1.3513513513513473,4.391891891891888
378,CDU,250,19,1.0,1.0,5.92105263157895,1.0,1.0,3.2657657657657673,5.778805120910384,6.3122332859175,3.058321479374115,8.214793741109531,10.170697012802279,1.9914651493598896,5.743243243243249,0.3378378378378386,1.3513513513513473,1.689189189189186,7.770270270270274,2.702702702702709
1251,CDU,250,19,1.0,1.0,2.759009009009013,1.0,0.0,2.0270270270270268,0.9423897581792318,6.792318634423893,0.5867709815078399,2.471550497866282,3.2183499288762576,2.5426742532005733,4.391891891891881,0.0,0.6756756756756843,3.378378378378393,2.0270270270270174,1.689189189189186
4206,FDP,250,19,0.0,0.0,3.5887861545756294,0.0,1.0,1.5765765765765767,1.3513513513513473,8.339260312944525,2.86273115220483,3.6806543385490826,4.356330014224753,0.9423897581792389,1.689189189189186,2.0270270270270245,0.6756756756756772,1.013513513513523,2.7027027027027017,1.3513513513513473
259,SPD,250,19,1.0,1.0,3.7843764817449035,1.0,1.0,3.040540540540539,1.3335704125177799,4.285206258890469,1.973684210526315,9.299431009957331,1.51137980085349,4.302987197724036,1.0135135135135158,1.689189189189193,6.756756756756758,1.689189189189186,3.378378378378372,3.7162162162162105
2802,Die Grünen,250,19,1.0,0.0,4.424490279753436,1.0,0.0,2.759009009009008,0.37339971550497353,7.432432432432435,2.187055476529153,3.69843527738265,11.290896159317214,1.5647226173541924,1.3513513513513473,1.0135135135135087,0.3378378378378386,4.054054054054056,5.743243243243249,4.054054054054049
142,FDP,250,19,1.0,1.0,4.19333807491702,1.0,0.0,2.477477477477477,4.551920341394016,4.978662873399713,2.4537695590327218,4.783072546230443,4.605263157894733,3.7873399715504945,1.3513513513513544,6.418918918918919,0.6756756756756701,2.0270270270270316,4.054054054054049,0.3378378378378386
2557,bunt.saar,250,19,1.0,1.0,5.171289710763397,1.0,1.0,1.8018018018018012,1.9381223328591872,4.551920341394016,8.125889046941687,0.7467994310099542,8.07254623044097,7.592460881934571,2.0270270270270245,2.0270270270270316,3.0405405405405332,0.6756756756756701,2.0270270270270316,1.0135135135135158
2131,bunt.saar,250,19,1.0,1.0,5.150545282124231,1.0,0.0,2.759009009009007,4.783072546230443,4.694167852062584,5.743243243243242,4.925320056899011,5.636557610241823,5.1209103840682815,0.3378378378378386,3.0405405405405332,3.0405405405405475,2.0270270270270245,4.054054054054049,4.054054054054049
3182,FDP,250,19,1.0,1.0,5.882527264106211,1.0,1.0,2.1959459459459425,6.1877667140825,3.591749644381224,4.978662873399713,4.996443812233288,12.908961593172116,2.631578947368425,0.0,0.3378378378378386,3.0405405405405332,2.364864864864856,5.743243243243242,1.689189189189186
2908,DIE LINKE,250,19,0.0,0.0,6.498933143669986,0.0,0.0,3.4346846846846817,2.151493598862025,4.534139402560456,4.711948790896166,4.534139402560456,18.243243243243242,4.818634423897571,7.432432432432435,0.675675675675663,0.6756756756756701,1.3513513513513473,8.783783783783782,1.689189189189193
4585,bunt.saar,250,19,1.0,0.0,4.36818397344713,1.0,0.0,1.8581081081081041,2.471550497866282,9.743954480796589,1.2802275960170704,1.4935988620199154,7.752489331436699,3.4672830725462234,4.054054054054042,3.7162162162162105,0.6756756756756772,1.0135135135135158,1.0135135135135016,0.6756756756756772
806,bunt.saar,250,19,0.0,0.0,5.858819345661451,1.0,1.0,2.6463963963963963,2.6315789473684177,2.9694167852062563,5.565433854907539,4.534139402560456,13.549075391180658,5.903271692745378,2.0270270270270316,1.0135135135135087,1.689189189189193,5.067567567567565,3.0405405405405332,3.0405405405405475
268,Die Grünen,250,19,1.0,0.0,6.795282124229494,1.0,1.0,0.7882882882882877,3.5384068278805074,3.0761024182076895,8.62375533428164,6.330014224751075,12.339971550497872,6.863442389758177,0.0,0.3378378378378386,2.0270270270270174,0.3378378378378386,0.0,2.0270270270270316
4914,FDP,250,19,0.0,1.0,4.29706021811285,1.0,1.0,1.5765765765765731,1.2446657183499354,2.4182076813655797,3.6450924608819335,12.162162162162161,3.378378378378379,2.933854907539107,1.3513513513513473,0.6756756756756772,2.364864864864856,0.6756756756756701,1.689189189189193,2.7027027027026946
2092,CDU,250,19,1.0,0.0,5.980322427690848,1.0,1.0,4.279279279279277,7.556899004267429,1.0490753911806507,6.223328591749635,10.810810810810814,2.151493598862025,8.090327169274538,3.378378378378372,4.054054054054049,7.7702702702702595,0.3378378378378386,4.054054054054056,6.081081081081088
3327,CDU,250,19,1.0,1.0,2.868658131816028,1.0,0.0,1.2950450450450468,1.8492176386913286,3.5028449502133725,1.8136557610241795,3.8940256045519206,1.6002844950213486,4.551920341394016,0.6756756756756772,2.0270270270270245,1.689189189189193,0.3378378378378386,0.6756756756756843,2.364864864864863
525,Die Grünen,250,19,1.0,0.0,2.0062825983878647,1.0,1.0,1.8581081081081077,1.0490753911806578,0.9246088193456643,1.4580369843527734,2.8982930298719793,2.0270270270270316,3.6806543385490826,1.689189189189193,1.689189189189193,1.0135135135135016,3.7162162162162176,1.6891891891891788,1.3513513513513615
1272,CDU,250,19,0.0,0.0,3.8406827880512076,1.0,1.0,0.957207207207207,7.165718349928888,0.8179231863442382,2.2759601706970045,3.1294452347083777,7.82361308677099,1.831436699857747,0.3378378378378457,1.0135135135135087,2.0270270270270174,1.013513513513523,0.0,1.3513513513513473
839,FDP,250,19,1.0,1.0,3.0109056424845924,1.0,1.0,0.788288288288283,1.760312944523477,5.600995732574681,0.1955903271692776,6.1877667140825,3.840682788051218,0.4800853485063996,1.3513513513513402,0.0,0.0,1.3513513513513402,2.0270270270270174,0.0
1920,SPD,250,19,0.0,0.0,7.115339023233762,0.0,0.0,1.4639639639639637,4.160739687055475,4.943100995732571,9.58392603129446,2.8982930298719793,13.21123755334282,7.894736842105267,1.0135135135135087,0.3378378378378386,2.3648648648648702,1.0135135135135087,3.378378378378379,0.6756756756756772
2440,bunt.saar,250,19,1.0,0.0,6.899004267425319,1.0,1.0,1.520270270270269,1.973684210526315,5.778805120910384,8.78378378378379,6.454480796586054,11.415362731152207,6.987908961593163,1.3513513513513473,2.0270270270270316,1.0135135135135158,2.7027027027027017,1.0135135135135158,1.0135135135135016
3090,Die Grünen,250,19,1.0,1.0,3.3250355618776624,1.0,0.0,5.461711711711711,4.818634423897571,5.334281650071112,3.1116642958748173,0.9779516358463738,4.943100995732571,0.7645803698435287,5.067567567567565,0.3378378378378386,9.797297297297305,2.0270270270270245,8.78378378378379,6.756756756756744
741,FDP,250,19,0.0,1.0,2.1248221906116647,1.0,1.0,1.745495495495496,0.3022759601707037,0.7467994310099542,2.916073968705547,7.3790896159317185,0.7467994310099542,0.6578947368421098,1.3513513513513615,2.0270270270270316,3.378378378378379,1.3513513513513402,0.6756756756756772,1.689189189189186
1133,Die Grünen,250,19,1.0,0.0,4.928283546704598,1.0,1.0,2.533783783783779,2.8982930298719793,2.258179231863444,7.3790896159317185,0.4800853485063925,11.201991465149362,5.352062588904687,3.0405405405405332,1.3513513513513473,2.7027027027026946,3.378378378378372,2.7027027027026946,2.0270270270270316
1219,FDP,250,19,1.0,1.0,2.4656235182550965,1.0,1.0,4.222972972972976,0.7467994310099613,3.449502133712656,3.52062588904694,1.0490753911806578,2.00924608819345,4.018492176386914,6.081081081081081,1.0135135135135158,1.0135135135135158,11.486486486486498,3.0405405405405475,2.7027027027027017
5100,CDU,250,19,0.0,0.0,4.658605974395447,0.0,0.0,2.871621621621621,7.5924608819345565,4.17852062588905,2.435988620199147,6.169985775248925,7.325746799431009,0.2489331436699942,2.7027027027026946,7.432432432432435,1.689189189189193,3.378378378378372,0.3378378378378386,1.689189189189193
3807,DIE LINKE,250,19,0.0,1.0,3.742887624466571,0.0,1.0,1.2950450450450433,2.2403982930298696,7.983641536273105,2.151493598862025,3.9118065433855023,3.413940256045514,2.7560455192034112,1.689189189189193,3.378378378378372,0.0,1.3513513513513473,1.0135135135135158,0.3378378378378315
4621,CDU,250,19,1.0,1.0,4.679350403034611,0.0,1.0,2.252252252252252,6.685633001422481,0.32005689900426404,1.8847795163584635,9.95732574679942,8.357041251778092,0.8712660028449477,4.054054054054063,1.3513513513513544,1.0135135135135158,1.0135135135135016,2.364864864864863,3.716216216216214
3315,Die Grünen,250,19,1.0,0.0,4.866050260787099,1.0,0.0,1.5765765765765778,1.6714082503556114,8.623755334281647,3.7873399715504945,0.8357041251778057,11.610953058321478,2.6671408250355597,1.013513513513523,1.0135135135135016,0.6756756756756772,1.3513513513513473,2.7027027027027017,2.702702702702716
3185,Die Grünen,250,19,0.0,0.0,6.94642010431484,0.0,0.0,2.364864864864868,7.361308677098151,1.369132290184929,7.432432432432435,11.255334281650065,10.330725462304407,3.9295874822190555,2.3648648648648702,1.0135135135135087,5.743243243243249,1.6891891891892001,0.3378378378378386,3.0405405405405403
4461,bunt.saar,250,19,1.0,1.0,5.00829777145566,1.0,1.0,1.407657657657661,1.653627311522051,3.4317211948790884,5.387624466571822,5.565433854907525,8.232574679943099,5.778805120910377,2.0270270270270245,1.0135135135135158,1.0135135135135158,0.3378378378378457,2.0270270270270316,2.0270270270270316
4848,SPD,250,19,1.0,0.0,4.732693219535328,1.0,1.0,1.6891891891891906,2.275960170697026,5.423186344238985,6.899004267425312,1.831436699857747,5.512091038406837,6.454480796586061,2.7027027027027017,1.689189189189186,0.6756756756756701,0.6756756756756843,3.7162162162162247,0.6756756756756772
2344,bunt.saar,250,19,0.0,1.0,5.349099099099097,1.0,1.0,1.8581081081081063,5.796586059743952,7.965860597439544,0.26671408250355455,3.52062588904694,7.4502133712659955,7.0945945945945965,2.0270270270270316,0.6756756756756772,1.3513513513513402,1.689189189189186,3.0405405405405332,2.3648648648648702
4593,bunt.saar,250,19,0.0,0.0,6.276671408250356,0.0,0.0,2.871621621621621,1.9914651493598896,4.498577524893307,7.610241820768145,6.827880512091042,8.890469416785209,7.841394025604544,5.067567567567565,3.0405405405405332,0.6756756756756843,2.7027027027027017,1.689189189189193,4.054054054054049
1052,SPD,250,19,1.0,0.0,7.2279516358463765,1.0,1.0,3.490990990990992,2.0981507823613086,8.926031294452343,13.08677098150784,0.6223328591749677,8.268136557610248,10.36628733997155,1.689189189189186,1.3513513513513544,5.4054054054054035,0.6756756756756843,7.770270270270274,4.054054054054049
44,FDP,250,19,0.0,1.0,3.686581318160266,1.0,1.0,2.2522522522522515,3.271692745376953,2.222617354196302,3.2183499288762505,9.637268847795163,3.4317211948790884,0.3378378378378386,0.0,1.3513513513513544,4.054054054054056,1.6891891891891788,3.378378378378379,3.0405405405405403
1276,bunt.saar,250,19,0.0,0.0,4.65564248458985,1.0,1.0,1.295045045045048,7.699146514935983,0.8534850640113802,0.07112375533426984,0.46230440967283215,9.068278805120912,9.779516358463724,0.3378378378378386,1.689189189189193,1.6891891891892072,0.3378378378378386,2.0270270270270316,1.6891891891891788
2600,bunt.saar,250,19,1.0,1.0,8.122925557136085,1.0,1.0,1.9144144144144153,2.4182076813655797,8.748221906116648,6.454480796586061,4.623044096728307,18.10099573257468,8.392603129445234,0.6756756756756701,4.391891891891902,0.6756756756756772,2.364864864864863,1.689189189189186,1.689189189189193
3862,SPD,250,19,0.0,0.0,6.570056899004267,0.0,0.0,5.96846846846847,2.5426742532005733,8.534850640113788,8.26813655761024,1.1379800853485094,11.237553342816497,7.69914651493599,1.3513513513513473,5.405405405405411,10.135135135135137,3.0405405405405475,12.162162162162161,3.7162162162162176
1732,SPD,250,19,1.0,0.0,3.357633949739211,1.0,0.0,2.815315315315319,2.4537695590327075,6.899004267425319,4.960881934566139,1.6714082503556185,2.7204836415362763,1.440256045519206,4.054054054054063,1.689189189189186,1.013513513513523,3.0405405405405475,3.0405405405405403,4.054054054054056
3897,Die Grünen,250,19,0.0,0.0,5.014224751066856,0.0,1.0,2.7590090090090094,1.9381223328591872,0.3911806543385552,4.356330014224753,7.076813655761022,12.962304409672832,3.36059743954479,3.0405405405405332,3.378378378378379,2.3648648648648702,0.0,3.378378378378372,4.391891891891902
926,bunt.saar,250,19,1.0,0.0,5.986249407302043,1.0,1.0,0.9009009009009041,0.2489331436699942,4.338549075391185,7.82361308677099,3.8229018492176365,13.033428165007123,6.650071123755325,0.3378378378378457,1.013513513513523,1.0135135135135158,1.0135135135135087,1.0135135135135158,1.0135135135135158
3490,FDP,250,19,1.0,0.0,3.1857515410146995,1.0,1.0,3.7162162162162153,1.8847795163584706,2.0270270270270316,1.582503556187767,5.014224751066848,0.9779516358463738,7.628022759601706,4.391891891891888,3.7162162162162176,5.067567567567572,0.6756756756756772,3.0405405405405332,5.4054054054054035
3581,CDU,250,19,1.0,0.0,2.8242057847321007,0.0,0.0,2.1396396396396447,0.6223328591749677,2.8982930298719793,1.0490753911806578,4.516358463726888,5.903271692745371,1.9559032716927405,1.689189189189186,1.013513513513523,4.7297297297297405,2.702702702702709,1.3513513513513544,1.3513513513513544
4554,CDU,250,19,1.0,0.0,3.428757705073494,1.0,1.0,1.6891891891891895,0.284495021337122,4.391891891891895,1.3157894736842124,5.95661450924608,5.93883357041252,2.6849217638691343,2.3648648648648702,1.0135135135135158,2.0270270270270316,1.689189189189186,2.364864864864863,0.6756756756756701
3105,CDU,250,19,1.0,0.0,6.193693693693693,1.0,0.0,2.8716216216216233,6.792318634423893,4.356330014224753,6.418918918918912,4.747510668563301,8.766002844950215,6.081081081081088,3.378378378378386,1.3513513513513544,3.7162162162162176,3.0405405405405403,3.7162162162162105,2.0270270270270316
2293,FDP,250,19,1.0,1.0,3.0138691322901843,1.0,1.0,1.1824324324324305,7.450213371266003,0.6756756756756772,4.854196301564727,0.8001422475106637,1.689189189189186,2.6137980085348502,0.6756756756756701,2.0270270270270245,1.0135135135135087,1.689189189189193,1.3513513513513473,0.3378378378378386
13,SPD,250,19,1.0,0.0,2.6789947842579402,1.0,1.0,2.195945945945946,0.12446657183499354,0.37339971550497353,5.1031294452347,6.685633001422481,0.284495021337122,3.5028449502133725,0.0,4.391891891891881,2.702702702702709,3.0405405405405475,1.3513513513513402,1.6891891891892001
4893,CDU,250,19,1.0,1.0,1.1616880037932649,1.0,1.0,3.3220720720720713,0.32005689900426404,0.9779516358463738,1.7780938833570303,2.3826458036984377,1.3513513513513473,0.16002844950213557,1.689189189189186,1.689189189189186,3.378378378378379,2.364864864864863,7.0945945945945965,3.7162162162162176
2577,FDP,250,19,1.0,1.0,4.068871503082029,1.0,1.0,0.6193693693693708,7.69914651493599,1.333570412517787,1.5647226173541924,8.036984352773821,4.196301564722617,1.582503556187767,2.0270270270270316,0.3378378378378386,0.3378378378378386,0.3378378378378386,0.6756756756756772,0.0
3244,bunt.saar,250,19,0.0,0.0,4.940137505926978,1.0,0.0,3.659909909909915,2.951635846372689,5.796586059743959,2.044807965860592,3.733997155049785,10.099573257467995,5.014224751066848,2.7027027027027017,3.0405405405405403,4.054054054054063,3.7162162162162176,2.0270270270270316,6.4189189189189335
2474,CDU,250,19,0.0,0.0,5.538762446657187,0.0,0.0,4.39189189189189,7.610241820768145,4.054054054054056,3.1472261735419664,2.6671408250355597,10.06401137980086,5.689900426742533,5.405405405405411,4.391891891891888,5.067567567567565,4.729729729729726,4.054054054054056,2.7027027027026946
284,Die Grünen,250,19,1.0,1.0,6.816026552868663,1.0,1.0,3.3783783783783754,2.4537695590327075,11.059743954480801,4.534139402560456,3.1472261735419664,12.357752489331446,7.343527738264598,4.054054054054056,0.6756756756756701,5.067567567567565,2.7027027027027017,0.3378378378378386,7.432432432432421
4586,DIE LINKE,250,19,0.0,1.0,7.142010431484117,0.0,0.0,7.263513513513513,4.391891891891895,10.188477951635846,11.024182076813645,1.653627311522051,9.512802275960176,6.081081081081088,3.7162162162162176,6.081081081081074,10.810810810810807,6.756756756756751,11.486486486486491,4.7297297297297405
2350,FDP,250,19,1.0,0.0,5.6365576102418204,1.0,1.0,3.6036036036036023,8.07254623044097,3.3250355618776624,1.724751066856328,9.992887624466576,7.574679943100996,3.129445234708392,1.3513513513513473,3.7162162162162105,4.391891891891895,2.7027027027026946,4.729729729729733,4.729729729729733
630,Die Grünen,250,19,1.0,1.0,5.758060692271216,0.0,1.0,1.8018018018018012,2.43598862019914,0.4267425320056759,9.352773826458034,3.8229018492176365,10.91749644381224,7.592460881934571,0.0,2.3648648648648702,5.743243243243242,1.0135135135135158,0.3378378378378244,1.3513513513513544
4868,bunt.saar,250,19,1.0,0.0,5.891417733522997,1.0,0.0,2.759009009009007,0.03556187766713492,0.8534850640113802,9.17496443812233,0.21337126600283796,17.674253200568998,7.3968705547653,1.3513513513513473,1.3513513513513544,1.3513513513513402,4.391891891891888,4.729729729729726,3.378378378378386
3285,FDP,250,19,1.0,1.0,7.651730678046467,1.0,1.0,0.0,13.30014224751067,0.3911806543385481,7.965860597439544,13.620199146514935,4.516358463726888,6.116642958748219,0.0,0.0,0.0,0.0,0.0,0.0
1521,SPD,250,19,1.0,0.0,5.50023707918445,1.0,1.0,1.0698198198198188,5.387624466571836,1.8847795163584706,7.681365576102436,2.9694167852062634,6.205547652916067,8.872688477951627,0.6756756756756772,1.0135135135135087,0.675675675675663,2.3648648648648702,0.6756756756756772,1.0135135135135158
4601,CDU,250,19,1.0,0.0,8.312588904694172,0.0,0.0,3.490990990990993,4.569701280227605,9.45945945945946,8.463726884779518,1.191322901849226,18.70554765291608,7.485775248933145,0.0,3.0405405405405475,2.702702702702709,6.081081081081074,5.067567567567572,4.054054054054056
1147,CDU,250,19,1.0,0.0,3.393195827406354,0.0,0.0,3.378378378378379,3.6095305832147915,2.3826458036984377,1.724751066856328,7.876955903271693,4.356330014224753,0.40896159317212266,0.3378378378378386,3.0405405405405403,5.405405405405411,4.391891891891888,2.0270270270270245,5.067567567567572
5070,Die Grünen,250,19,0.0,0.0,3.0079421526789916,0.0,1.0,3.8288288288288315,0.9957325746799413,3.271692745376953,3.7162162162162105,3.7162162162162176,2.329302987197721,4.018492176386907,3.378378378378379,3.0405405405405332,2.3648648648648702,4.054054054054056,6.081081081081088,4.054054054054063
2399,FDP,250,19,0.0,0.0,5.660265528686581,1.0,0.0,2.5900900900900923,0.7823613086770962,8.60597439544808,1.3157894736842124,9.246088193456615,8.570412517780944,5.440967283072538,2.702702702702709,3.0405405405405403,2.364864864864863,2.702702702702716,0.6756756756756772,4.054054054054049
563,FDP,250,19,1.0,0.0,5.375770507349455,1.0,1.0,4.3918918918918886,2.9871977240398238,10.615220483641536,5.2275960170697005,1.7069701280227676,6.525604551920338,5.1920341394025655,2.0270270270270174,6.081081081081081,6.081081081081088,1.0135135135135016,4.729729729729726,6.418918918918919
805,SPD,250,19,0.0,0.0,5.941797060218111,1.0,1.0,2.083333333333332,5.067567567567565,7.290184921763881,3.698435277382636,5.743243243243242,7.325746799431002,6.525604551920338,4.391891891891888,1.689189189189193,0.3378378378378386,3.7162162162162105,0.0,2.364864864864863
98,CDU,250,19,1.0,0.0,6.255926979611194,1.0,0.0,4.110360360360364,2.2226173541963163,6.721194879089616,10.11735419630157,3.485064011379805,8.428165007112383,6.561166429587473,3.0405405405405475,0.3378378378378386,7.770270270270274,1.689189189189186,5.067567567567579,6.756756756756758
1243,CDU,250,19,1.0,0.0,4.42449027975344,1.0,0.0,3.603603603603606,4.338549075391185,0.8357041251778057,4.9075391180654435,8.214793741109531,3.0761024182076824,5.174253200568991,4.054054054054056,6.756756756756751,2.702702702702709,4.054054054054056,1.6891891891892001,2.364864864864863
3709,bunt.saar,250,19,1.0,0.0,4.415599810336656,1.0,0.0,4.95495495495496,4.231863442389766,0.053342816500716594,5.600995732574688,12.642247510668561,0.4445234708392647,3.52062588904694,3.7162162162162176,6.4189189189189335,4.7297297297297405,7.094594594594589,5.067567567567572,2.702702702702709
1299,FDP,250,19,1.0,1.0,4.2318634423897565,1.0,1.0,2.9279279279279287,7.183499288762434,2.2403982930298625,1.3157894736842124,9.068278805120912,4.996443812233295,0.5867709815078257,1.3513513513513544,3.7162162162162176,3.0405405405405403,2.0270270270270316,3.378378378378372,4.054054054054056
413,bunt.saar,250,19,0.0,0.0,6.152204836415361,0.0,1.0,3.0968468468468466,1.689189189189186,7.130156472261731,4.60526315789474,4.036273115220482,13.193456614509245,6.258890469416784,0.6756756756756701,4.054054054054056,5.4054054054054035,0.6756756756756701,6.418918918918926,1.3513513513513544
1803,bunt.saar,250,19,1.0,0.0,7.654694167852065,1.0,1.0,1.689189189189193,6.810099573257467,1.2980085348506378,10.846372688477949,6.934566145092475,12.428876244665723,7.610241820768138,3.0405405405405403,2.3648648648648702,1.689189189189193,0.6756756756756843,0.6756756756756772,1.689189189189193
1569,FDP,250,19,1.0,1.0,6.549312470365099,1.0,1.0,0.5067567567567561,6.792318634423893,4.587482219061165,8.179231863442386,8.677098150782356,2.4182076813655797,8.641536273115221,0.3378378378378315,0.3378378378378386,0.6756756756756737,0.6756756756756772,0.6756756756756772,0.3378378378378386
89,DIE LINKE,250,19,0.0,0.0,2.821242294926506,0.0,0.0,5.968468468468469,4.19630156472261,4.978662873399728,2.2403982930298625,0.7467994310099613,0.017780938833574567,4.747510668563301,2.7027027027027017,3.378378378378379,9.121621621621628,2.0270270270270245,8.445945945945951,10.13513513513513
1341,Die Grünen,250,19,0.0,1.0,7.684329065908011,0.0,1.0,1.914414414414414,5.369843527738269,8.908250355618776,10.170697012802272,4.569701280227605,10.615220483641522,6.472261735419622,1.689189189189186,0.3378378378378315,2.0270270270270174,3.378378378378386,0.0,4.054054054054063
1737,CDU,250,19,1.0,0.0,4.590445708866764,1.0,0.0,2.927927927927925,5.707681365576114,0.23115220483641252,4.285206258890469,3.6806543385490826,8.570412517780944,5.067567567567565,1.3513513513513402,4.054054054054056,2.702702702702709,0.3378378378378244,5.4054054054054035,3.7162162162162176
809,FDP,250,19,1.0,1.0,3.372451398767191,1.0,1.0,1.914414414414414,3.5028449502133725,4.036273115220482,0.6578947368421098,7.005689900426745,1.3869132290184893,3.6450924608819477,3.0405405405405475,0.3378378378378386,1.3513513513513473,2.0270270270270316,2.0270270270270245,2.7027027027026946
2358,bunt.saar,250,19,1.0,1.0,3.262802275960168,1.0,1.0,2.5337837837837847,0.6401137980085352,0.5512091038406766,7.361308677098144,6.063300142247513,4.640825035561882,0.32005689900425693,1.3513513513513544,3.7162162162162105,3.0405405405405475,0.6756756756756701,4.054054054054056,2.3648648648648702
1083,CDU,250,19,1.0,1.0,3.5324798482693196,1.0,0.0,1.4639639639639626,0.07112375533426984,6.7745376955903325,3.200568990042669,1.5647226173541924,6.490042674253203,3.09388335704125,0.3378378378378244,0.6756756756756701,1.689189189189193,0.3378378378378457,2.7027027027027017,3.0405405405405403
3276,SPD,250,19,1.0,1.0,5.823257467994311,0.0,1.0,1.4076576576576585,0.26671408250356166,2.6671408250355597,8.55263157894737,7.4146514935988606,8.570412517780937,7.467994310099577,1.689189189189186,1.013513513513523,2.3648648648648702,0.6756756756756772,1.3513513513513544,1.3513513513513402
1078,CDU,250,19,1.0,0.0,2.243361782835463,0.0,0.0,6.081081081081082,1.7425320056899025,4.160739687055475,3.1294452347083777,1.8492176386913215,2.3115220483641536,0.26671408250354744,2.702702702702709,7.432432432432428,7.094594594594589,1.3513513513513615,11.148648648648653,6.756756756756751
2575,DIE LINKE,250,19,0.0,0.0,6.374466571834996,0.0,0.0,4.504504504504506,8.001422475106686,11.184210526315788,4.516358463726888,1.8847795163584706,6.3122332859175,6.347795163584642,7.094594594594589,7.432432432432435,3.378378378378379,5.067567567567572,1.3513513513513473,2.702702702702709
3493,SPD,250,19,1.0,0.0,2.240398293029871,1.0,0.0,1.632882882882883,1.2091038406827934,5.298719772403977,5.672119487908951,0.40896159317212266,0.16002844950213557,0.6934566145092447,1.3513513513513473,1.3513513513513473,1.01351351351353,0.0,2.0270270270270174,4.054054054054056
321,DIE LINKE,250,19,0.0,0.0,3.2302038880986252,0.0,1.0,1.8018018018018036,1.2268847795163538,3.2894736842105345,2.951635846372696,3.1116642958748244,6.223328591749642,2.578236130867701,0.0,2.0270270270270316,4.054054054054049,0.3378378378378457,1.689189189189186,2.702702702702709
4618,Die Grünen,250,19,0.0,1.0,4.8393788525367425,1.0,0.0,8.333333333333337,9.619487908961588,2.578236130867708,2.3826458036984306,5.618776671408241,6.792318634423893,2.044807965860592,5.743243243243242,2.0270270270270316,11.486486486486498,8.783783783783775,10.810810810810814,11.14864864864866
3612,bunt.saar,250,19,1.0,0.0,8.116998577524894,1.0,1.0,1.5202702702702726,3.2183499288762505,6.063300142247506,12.411095305832163,4.054054054054049,16.056187766714082,6.899004267425312,1.0135135135135158,0.3378378378378386,1.01351351351353,0.6756756756756701,4.054054054054049,2.0270270270270316
3956,bunt.saar,250,19,1.0,0.0,3.3191085822664754,1.0,1.0,1.4076576576576574,1.333570412517787,3.485064011379805,3.0405405405405332,2.7738264580369787,7.521337126600272,1.760312944523477,0.6756756756756772,0.3378378378378386,2.0270270270270316,2.364864864864863,1.0135135135135158,2.0270270270270174
4009,bunt.saar,250,19,1.0,1.0,4.181484115694641,1.0,0.0,1.9144144144144164,0.5334281650071233,1.4402560455191917,6.205547652916067,5.298719772403977,8.339260312944532,3.271692745376953,0.0,1.0135135135135158,3.0405405405405475,1.3513513513513544,3.0405405405405332,3.0405405405405475
2576,bunt.saar,250,19,1.0,1.0,2.7827169274537638,1.0,0.0,2.4774774774774784,4.551920341394016,3.378378378378372,1.8136557610241795,1.2446657183499283,5.298719772403977,0.40896159317210845,0.3378378378378457,1.0135135135135016,2.702702702702709,2.0270270270270316,3.7162162162162176,5.067567567567565
3933,CDU,250,19,1.0,0.0,4.860123281175912,0.0,0.0,2.364864864864868,4.267425320056894,4.12517780938834,6.721194879089616,2.2403982930298625,6.116642958748223,5.689900426742533,0.3378378378378386,0.3378378378378457,5.067567567567565,2.702702702702709,2.3648648648648702,3.378378378378379
1005,bunt.saar,250,19,1.0,1.0,5.523944997629208,1.0,1.0,1.2950450450450408,0.426742532005683,0.5334281650071233,8.801564722617364,5.387624466571836,14.27809388335703,3.7162162162162105,0.6756756756756772,0.3378378378378244,2.702702702702709,1.3513513513513544,1.0135135135135016,1.6891891891891788
743,CDU,250,19,1.0,0.0,3.313181602655289,1.0,1.0,2.0833333333333344,3.7873399715504945,2.809388335704128,4.818634423897578,6.3122332859175,1.8847795163584706,0.26671408250356166,3.0405405405405475,0.6756756756756701,3.0405405405405403,1.689189189189193,2.3648648648648702,1.689189189189186
693,FDP,250,19,1.0,0.0,5.396514935988621,1.0,1.0,2.5337837837837873,5.0853485064011394,11.806543385490762,3.129445234708392,3.1116642958748173,7.147937411095306,2.0981507823613086,4.054054054054063,4.054054054054056,2.3648648648648702,0.0,3.378378378378379,1.3513513513513544
1924,CDU,250,19,1.0,0.0,4.311877667140826,1.0,0.0,2.083333333333337,5.814366998577526,6.454480796586061,0.3378378378378386,3.7873399715504945,9.068278805120912,0.40896159317212266,2.702702702702709,0.6756756756756772,2.0270270270270316,3.0405405405405475,2.7027027027027017,1.3513513513513544
512,FDP,250,19,0.0,0.0,2.391536273115219,0.0,0.0,3.8288288288288315,5.45874822190612,2.5426742532005733,2.080369843527741,0.07112375533427695,0.8357041251778057,3.3605974395447973,2.0270270270270316,3.0405405405405403,4.729729729729733,2.702702702702709,5.405405405405411,5.067567567567565
3297,bunt.saar,250,19,1.0,0.0,3.772522522522523,1.0,1.0,2.139639639639642,3.200568990042669,6.525604551920338,0.23115220483641963,1.2091038406827934,7.930298719772395,3.5384068278805216,3.378378378378379,0.6756756756756843,2.3648648648648702,0.3378378378378457,3.378378378378379,2.7027027027026946
460,FDP,250,19,0.0,1.0,4.504504504504503,0.0,1.0,2.8153153153153134,1.262446657183503,7.076813655761022,2.809388335704128,7.6635846372688405,3.9295874822190555,4.285206258890469,4.391891891891888,1.689189189189193,2.0270270270270245,4.391891891891888,1.0135135135135087,3.378378378378379
2699,SPD,250,19,1.0,0.0,2.7560455192034112,1.0,0.0,2.0270270270270294,0.03556187766713492,0.32005689900426404,9.548364153627304,1.475817923186355,0.7823613086770962,4.374110953058313,3.378378378378379,1.3513513513513473,0.3378378378378386,5.067567567567579,1.3513513513513544,0.6756756756756772
4860,FDP,250,19,1.0,0.0,2.658250355618776,1.0,1.0,2.0270270270270303,2.151493598862025,2.293741109530586,2.578236130867701,1.5647226173541924,3.2894736842105274,4.071834992887624,3.0405405405405475,0.6756756756756772,1.689189189189193,2.364864864864863,2.3648648648648702,2.0270270270270316
4462,FDP,250,19,1.0,1.0,4.901612138454243,1.0,1.0,1.4639639639639643,8.108108108108105,6.578947368421048,2.418207681365576,8.712660028449498,1.1024182076813673,2.4893314366998602,1.689189189189193,3.0405405405405403,0.6756756756756737,1.0135135135135158,1.0135135135135158,1.3513513513513473
2368,FDP,250,19,1.0,0.0,9.462422949265052,1.0,0.0,4.391891891891888,5.4409672830725455,10.899715504978658,17.140825035561875,0.6756756756756772,13.22901849217638,9.388335704125183,2.0270270270270245,2.0270270270270245,8.445945945945944,2.7027027027026946,8.108108108108098,3.0405405405405403
2983,DIE LINKE,250,19,1.0,0.0,4.142958748221903,1.0,0.0,1.5202702702702666,2.7027027027026946,6.418918918918919,9.03271692745377,1.2446657183499354,2.329302987197721,3.1294452347083777,2.0270270270270174,0.3378378378378386,4.729729729729733,0.675675675675663,0.3378378378378386,1.0135135135135087
982,Die Grünen,250,19,1.0,1.0,3.7606685633001375,0.0,1.0,2.533783783783788,0.9423897581792318,3.94736842105263,5.885490753911796,1.973684210526315,5.672119487908951,4.142958748221901,0.3378378378378457,2.3648648648648702,1.0135135135135158,2.0270270270270316,4.391891891891902,5.067567567567565
1259,bunt.saar,250,19,1.0,1.0,4.655642484589851,1.0,1.0,1.0135135135135123,0.32005689900426404,7.645803698435266,2.9694167852062634,1.1379800853485094,11.379800853485065,4.480796586059739,0.6756756756756701,0.675675675675663,2.3648648648648702,0.0,2.3648648648648702,0.0
2065,FDP,250,19,0.0,1.0,7.05606922712186,0.0,1.0,6.8693693693693705,2.471550497866282,9.868421052631582,7.912517780938835,8.428165007112383,3.4672830725462305,10.188477951635846,4.391891891891902,8.445945945945944,10.135135135135137,0.6756756756756772,7.432432432432435,10.13513513513513
3604,Die Grünen,250,19,1.0,1.0,6.617472735893789,1.0,1.0,2.7590090090090094,2.0625889046941666,9.174964438122338,7.254623044096732,4.160739687055475,11.148648648648646,5.903271692745378,5.067567567567565,0.6756756756756843,2.3648648648648702,4.729729729729726,2.364864864864856,1.3513513513513544
5182,Die Grünen,250,19,1.0,0.0,3.5532242769084923,1.0,1.0,3.3220720720720727,0.10668563300142608,1.2446657183499354,2.3293029871977353,4.391891891891895,8.001422475106693,5.245376955903268,1.689189189189186,7.0945945945945965,0.6756756756756772,4.391891891891895,5.743243243243242,0.3378378378378386
1388,CDU,250,19,1.0,1.0,3.485064011379805,1.0,1.0,1.970720720720717,4.249644381223341,4.711948790896166,3.8584637268847715,4.534139402560456,1.4224751066856385,2.1337126600284577,0.6756756756756701,3.378378378378379,0.3378378378378386,2.0270270270270174,4.391891891891888,1.0135135135135087
4937,Die Grünen,250,19,0.0,0.0,3.283546704599337,1.0,1.0,3.997747747747752,2.0625889046941666,0.2489331436700013,6.578947368421055,2.7027027027027017,5.814366998577512,2.293741109530586,4.391891891891895,1.689189189189193,5.4054054054054035,4.054054054054056,4.054054054054063,4.391891891891902
2353,CDU,250,19,0.0,1.0,4.465979137031764,1.0,0.0,1.9707207207207205,12.446657183499283,2.6493598862019923,0.03556187766713492,3.769559032716927,4.960881934566139,2.933854907539107,0.0,4.054054054054049,1.013513513513523,3.0405405405405403,3.0405405405405475,0.675675675675663
1282,bunt.saar,250,19,1.0,1.0,1.899596965386441,1.0,0.0,5.011261261261267,0.07112375533427695,0.017780938833574567,0.6756756756756772,1.9381223328591801,4.516358463726888,4.17852062588905,1.013513513513523,1.689189189189186,6.756756756756758,3.378378378378386,7.432432432432442,9.797297297297305
4876,SPD,250,19,1.0,0.0,4.8423423423423415,1.0,0.0,2.8716216216216224,2.5248933143669916,6.063300142247506,9.370554765291615,3.5739687055476637,4.142958748221901,3.378378378378372,0.6756756756756701,4.391891891891895,1.3513513513513544,1.0135135135135087,4.391891891891888,5.405405405405418
355,Die Grünen,250,19,1.0,1.0,7.951043148411564,1.0,1.0,3.0968468468468466,1.7069701280227534,4.356330014224753,12.766714082503547,5.298719772403977,12.304409672830715,11.27311522048364,2.7027027027027017,6.756756756756765,2.7027027027026946,2.364864864864856,2.0270270270270316,2.0270270270270316
300,FDP,250,19,1.0,1.0,6.107752489331438,0.0,1.0,1.295045045045048,6.54338549075392,4.409672830725462,1.4935988620199083,6.614509246088197,14.580369843527741,3.0049786628733983,0.0,1.013513513513523,1.0135135135135158,3.378378378378379,1.0135135135135158,1.3513513513513544
1312,FDP,250,19,1.0,1.0,4.92235656709341,1.0,1.0,1.6891891891891895,4.516358463726888,3.8229018492176365,4.036273115220489,2.1337126600284506,4.925320056899004,10.099573257467995,0.6756756756756843,2.0270270270270316,2.0270270270270245,2.0270270270270174,2.0270270270270245,1.3513513513513544
4992,FDP,250,19,1.0,0.0,4.827524893314364,1.0,1.0,1.689189189189187,4.87197724039828,2.773826458036986,5.138691322901856,4.551920341394016,10.56187766714082,1.0668563300142253,0.3378378378378244,1.0135135135135087,2.702702702702709,3.378378378378379,0.0,2.7027027027027017
4454,CDU,250,19,1.0,0.0,2.6463963963963963,0.0,0.0,2.252252252252255,0.35561877667140607,1.546941678520632,3.200568990042669,1.760312944523477,6.436699857752494,2.578236130867701,0.6756756756756772,2.702702702702709,3.378378378378379,0.3378378378378315,2.702702702702709,3.7162162162162247
2544,CDU,250,19,1.0,0.0,3.3635609293504025,1.0,1.0,1.8018018018018012,1.7780938833570303,4.054054054054056,4.534139402560456,5.1209103840682815,3.6450924608819335,1.0490753911806578,3.7162162162162176,3.7162162162162176,1.3513513513513544,0.0,1.3513513513513473,0.6756756756756701
704,FDP,250,19,1.0,1.0,3.156116642958749,1.0,1.0,1.85810810810811,2.951635846372696,1.475817923186355,0.6578947368421026,6.045519203413939,3.876244665718346,3.9295874822190555,3.7162162162162105,1.013513513513523,2.0270270270270316,1.689189189189193,0.6756756756756772,2.0270270270270245
2123,CDU,250,19,1.0,1.0,2.4004267425320065,0.0,0.0,2.4774774774774784,4.943100995732571,0.6578947368421098,0.3911806543385481,3.165007112375541,1.262446657183503,3.982930298719765,1.3513513513513473,5.067567567567565,0.6756756756756772,7.0945945945945965,0.6756756756756843,0.0
1578,bunt.saar,250,19,1.0,0.0,7.03828828828829,1.0,1.0,1.9707207207207216,5.849928876244675,5.032005689900423,8.054765291607396,6.507823613086771,7.681365576102436,9.10384068278804,2.3648648648648702,2.0270270270270174,1.689189189189193,1.3513513513513615,2.0270270270270174,2.3648648648648702
2164,CDU,250,19,1.0,1.0,3.0553579895685132,1.0,1.0,1.8018018018018023,3.09388335704125,0.7645803698435216,0.4978662873399671,3.413940256045514,3.3605974395448044,7.201280227596023,1.3513513513513544,2.0270270270270174,0.6756756756756772,1.0135135135135158,3.378378378378379,2.3648648648648702
4017,FDP,250,19,1.0,1.0,4.34447605500237,1.0,1.0,2.421171171171173,0.7823613086770962,2.6849217638691343,4.000711237553347,1.4046941678520568,8.499288762446653,8.694879089615931,4.729729729729733,3.0405405405405403,0.6756756756756701,3.7162162162162247,0.3378378378378457,2.0270270270270245
1173,SPD,250,19,0.0,0.0,4.12814129919393,1.0,0.0,2.027027027027028,4.391891891891895,2.3470839260312886,5.5476529160739645,6.490042674253203,3.378378378378372,2.6137980085348573,1.3513513513513473,0.6756756756756772,3.378378378378379,2.364864864864863,3.0405405405405475,1.3513513513513544
2416,FDP,250,19,1.0,1.0,3.0820293978188715,1.0,1.0,0.9572072072072023,2.2226173541963092,0.7645803698435216,2.5604551920341407,4.338549075391185,2.044807965860592,6.56116642958748,2.7027027027027017,1.0135135135135087,0.3378378378378386,0.3378378378378244,0.6756756756756701,0.6756756756756701
682,bunt.saar,250,19,1.0,0.0,4.332622095779989,1.0,0.0,2.139639639639635,2.4182076813655797,9.726173541963014,7.0590327169274545,0.5689900426742511,3.7873399715504945,2.43598862019914,1.3513513513513473,4.729729729729726,2.3648648648648702,1.0135135135135087,2.364864864864856,1.0135135135135016
1250,bunt.saar,250,19,1.0,0.0,4.575628259838786,1.0,1.0,1.1261261261261264,2.115931721194876,4.054054054054063,4.018492176386914,2.9694167852062634,8.108108108108098,6.1877667140825,0.3378378378378386,2.364864864864856,1.3513513513513402,0.6756756756756772,0.6756756756756914,1.3513513513513544
2811,SPD,250,19,0.0,1.0,5.565433854907536,0.0,1.0,3.659909909909905,3.69843527738265,1.9203413940255984,1.6714082503556114,13.282361308677096,10.081792318634413,2.738264580369851,3.378378378378372,4.729729729729726,2.0270270270270245,4.729729729729726,4.391891891891888,2.7027027027026946
5062,bunt.saar,250,19,1.0,0.0,6.2262920815552425,1.0,1.0,1.9144144144144164,1.7780938833570374,2.720483641536269,7.930298719772409,3.94736842105263,11.664295874822194,9.317211948790913,3.378378378378379,0.0,2.0270270270270316,3.7162162162162176,0.3378378378378386,2.0270270270270316
4064,CDU,250,19,1.0,0.0,3.357633949739212,1.0,1.0,1.745495495495497,0.32005689900426404,7.076813655761022,2.1337126600284577,2.258179231863444,4.42745376955903,3.9295874822190555,1.3513513513513544,0.3378378378378457,2.0270270270270316,1.689189189189186,2.7027027027027017,2.364864864864863
2104,bunt.saar,250,19,1.0,0.0,3.1709340919867253,1.0,0.0,3.3220720720720727,1.8847795163584706,4.943100995732578,1.3335704125177799,0.8001422475106708,8.570412517780944,1.4935988620199083,3.0405405405405332,6.418918918918919,5.743243243243242,1.689189189189193,1.0135135135135158,2.0270270270270316
3526,FDP,250,19,0.0,0.0,4.383001422475108,1.0,0.0,1.9144144144144175,1.5647226173542066,6.54338549075392,4.818634423897578,2.0625889046941595,7.894736842105267,3.413940256045521,3.0405405405405475,0.3378378378378386,1.0135135135135087,3.0405405405405475,2.0270270270270316,2.0270270270270316
752,FDP,250,19,0.0,0.0,5.9299431009957315,0.0,1.0,2.5900900900900914,4.818634423897571,4.463015647226179,3.7873399715504945,7.805832147937409,9.03271692745377,5.672119487908965,4.729729729729733,0.6756756756756843,2.364864864864856,1.3513513513513473,3.0405405405405475,3.378378378378379
4587,FDP,250,19,0.0,0.0,7.799905168326222,0.0,0.0,2.8153153153153156,10.50853485064011,8.55263157894737,0.9779516358463738,13.833570412517787,8.55263157894737,4.37411095305832,0.6756756756756701,0.6756756756756772,2.3648648648648702,6.081081081081081,3.0405405405405403,4.054054054054056
1217,bunt.saar,250,19,0.0,0.0,7.645803698435277,1.0,1.0,1.8018018018018036,5.334281650071119,1.7425320056898954,10.526315789473685,1.0846372688477928,19.167852062588906,8.01920341394026,4.391891891891888,0.6756756756756914,1.689189189189186,2.7027027027027017,0.3378378378378386,1.0135135135135158
455,bunt.saar,250,19,0.0,1.0,3.5502607871028915,1.0,1.0,2.8716216216216233,0.7290184921763796,0.017780938833574567,3.9651493598862118,1.8136557610241866,7.4502133712659955,7.325746799431002,2.364864864864856,3.0405405405405475,3.0405405405405332,1.3513513513513544,5.405405405405418,2.0270270270270316
3536,FDP,250,19,0.0,0.0,3.837719298245613,1.0,0.0,3.5472972972973005,6.61450924608819,1.9559032716927405,7.859174964438125,3.1116642958748244,3.1116642958748244,0.37339971550497353,3.378378378378379,6.756756756756758,3.378378378378379,4.054054054054063,3.0405405405405403,0.6756756756756843
1621,Die Grünen,250,19,1.0,1.0,3.218349928876241,0.0,1.0,8.10810810810811,7.04125177809388,3.840682788051211,1.831436699857747,4.605263157894733,0.9068278805120897,1.0846372688477857,5.067567567567565,7.770270270270267,6.418918918918919,7.0945945945945965,12.500000000000007,9.797297297297305
3966,Die Grünen,250,19,1.0,0.0,5.438003793266947,1.0,1.0,2.0833333333333357,0.03556187766713492,1.6714082503556114,5.956614509246094,4.747510668563294,12.997866287339967,7.219061166429583,2.0270270270270245,1.013513513513523,2.0270270270270174,1.3513513513513544,3.0405405405405475,3.0405405405405475
1513,CDU,250,19,1.0,0.0,3.277619724988148,1.0,1.0,3.4346846846846852,0.017780938833574567,9.03271692745377,2.6849217638691343,4.463015647226179,1.3335704125177799,2.1337126600284506,4.729729729729726,1.3513513513513473,1.689189189189193,7.770270270270274,4.391891891891895,0.6756756756756772
2812,FDP,250,19,1.0,0.0,2.990161213845423,1.0,1.0,0.957207207207207,3.4317211948790884,3.5384068278805074,3.4317211948790884,2.151493598862018,1.8847795163584635,3.5028449502133725,1.3513513513513402,0.3378378378378386,0.6756756756756772,1.0135135135135158,2.0270270270270245,0.3378378378378457
5185,Die Grünen,250,19,1.0,0.0,2.17816500711238,1.0,1.0,6.925675675675676,0.3378378378378386,0.9068278805120897,5.316500711237566,4.249644381223341,2.2226173541963092,0.03556187766713492,7.770270270270267,5.4054054054054035,5.4054054054054035,7.0945945945945965,9.45945945945946,6.418918918918926
133,SPD,250,19,1.0,0.0,7.580606922712186,1.0,1.0,2.477477477477477,4.658605974395456,5.2275960170697005,12.87339971550498,1.9203413940255984,9.637268847795163,11.16642958748222,1.3513513513513544,0.6756756756756843,3.0405405405405332,3.7162162162162105,1.689189189189193,4.391891891891888
777,FDP,250,19,0.0,0.0,4.3948553816974885,1.0,0.0,1.8018018018018047,4.267425320056894,1.902560455192038,4.160739687055475,4.978662873399728,10.988620199146517,0.07112375533427695,1.689189189189193,2.0270270270270316,0.6756756756756701,1.3513513513513544,3.7162162162162176,1.3513513513513615
1181,FDP,250,19,1.0,0.0,4.231863442389762,0.0,0.0,2.533783783783781,3.9651493598862118,0.2489331436699942,9.174964438122338,2.7027027027026946,6.205547652916081,3.09388335704125,2.364864864864863,3.378378378378379,0.0,3.0405405405405332,3.0405405405405332,3.378378378378379
3975,Die Grünen,250,19,1.0,1.0,5.1090564248459,1.0,0.0,3.2657657657657673,8.410384068278809,4.960881934566139,0.9779516358463738,6.258890469416791,9.583926031294453,0.46230440967283215,2.7027027027027017,5.4054054054054035,2.0270270270270316,0.0,4.391891891891902,5.067567567567565
715,FDP,250,19,0.0,0.0,4.946064485538169,0.0,1.0,1.3513513513513509,6.045519203413939,1.6358463726884764,0.4800853485063925,10.810810810810814,6.525604551920338,4.17852062588905,2.0270270270270316,0.6756756756756772,1.3513513513513473,1.0135135135135087,0.3378378378378457,2.7027027027026946
402,Die Grünen,250,19,1.0,1.0,5.443930772878146,1.0,1.0,1.4639639639639637,2.951635846372689,7.681365576102436,3.805120910384062,1.8847795163584635,10.241820768136563,6.098862019914662,3.0405405405405403,0.0,2.0270270270270316,1.689189189189193,2.0270270270270174,0.0
3050,CDU,250,19,1.0,0.0,5.177216690374582,1.0,1.0,1.9144144144144153,1.902560455192038,4.551920341394016,1.3869132290184822,9.797297297297305,11.646514935988613,1.7780938833570374,2.7027027027026946,3.7162162162162176,0.3378378378378457,2.0270270270270316,1.0135135135135087,1.689189189189193
4320,Die Grünen,250,19,0.0,0.0,3.5710052157420606,0.0,1.0,1.970720720720718,5.423186344238985,0.40896159317212266,4.996443812233288,1.6358463726884764,4.302987197724043,4.658605974395449,2.0270270270270174,2.0270270270270316,0.3378378378378244,4.729729729729726,2.0270270270270245,0.6756756756756843
4507,Die Grünen,250,19,1.0,1.0,5.876600284495019,1.0,1.0,2.364864864864868,5.885490753911803,4.2140825035561775,3.8229018492176436,1.2091038406827934,12.766714082503547,7.361308677098151,2.0270270270270316,2.0270270270270316,1.0135135135135158,2.0270270270270174,4.054054054054063,3.0405405405405475
530,bunt.saar,250,19,1.0,1.0,5.064604077761973,1.0,1.0,3.3783783783783776,1.902560455192038,7.894736842105267,4.249644381223334,6.525604551920338,3.840682788051197,5.974395448079662,2.0270270270270174,2.7027027027026946,5.405405405405418,0.3378378378378315,6.4189189189189335,3.378378378378372
1597,bunt.saar,250,19,1.0,1.0,4.391891891891896,1.0,1.0,1.238738738738738,5.2275960170697005,4.8364153627311595,4.107396870554766,2.951635846372689,6.614509246088204,2.6137980085348573,1.689189189189193,0.0,1.0135135135135158,1.689189189189186,2.0270270270270174,1.0135135135135158
857,Die Grünen,250,19,1.0,1.0,6.024774774774772,1.0,1.0,2.083333333333332,2.187055476529153,4.267425320056894,8.872688477951627,0.0,11.379800853485065,9.441678520625892,2.0270270270270174,1.0135135135135158,2.364864864864856,3.378378378378379,0.3378378378378386,3.378378378378386
1723,Die Grünen,250,19,1.0,0.0,6.02773826458037,1.0,0.0,1.0135135135135147,2.8271692745377024,6.525604551920338,4.356330014224746,2.4537695590327075,9.174964438122338,10.828591749644389,0.3378378378378386,0.0,0.6756756756756772,1.0135135135135158,2.7027027027026946,1.3513513513513615
1885,Die Grünen,250,19,1.0,0.0,3.8199383594120433,1.0,0.0,3.8288288288288244,2.773826458036986,6.970128022759603,5.636557610241816,5.138691322901856,1.2446657183499354,1.1557610241820626,2.3648648648648702,1.689189189189186,8.445945945945944,0.6756756756756701,6.418918918918905,3.378378378378372
1172,SPD,250,19,1.0,0.0,2.4952584163110445,1.0,1.0,2.9279279279279335,1.7425320056899025,1.5291607396870575,5.672119487908951,2.933854907539107,2.0625889046941595,1.0312944523470904,3.7162162162162176,4.391891891891895,1.689189189189193,1.3513513513513615,5.743243243243256,0.6756756756756772
3417,FDP,250,19,0.0,1.0,3.2420578473210035,0.0,1.0,5.1801801801801775,0.6401137980085352,3.165007112375541,0.4267425320056901,8.588193456614498,0.8357041251778057,5.796586059743952,1.689189189189186,3.7162162162162176,6.756756756756751,5.067567567567565,5.743243243243242,8.108108108108105
3639,bunt.saar,250,19,1.0,0.0,6.789355144618302,1.0,1.0,1.2950450450450421,2.2226173541963092,1.5291607396870432,9.921763869132292,4.391891891891895,14.02916073968705,8.641536273115221,1.3513513513513544,0.675675675675663,2.702702702702709,1.0135135135135087,1.6891891891891788,0.3378378378378386
4611,FDP,250,19,1.0,0.0,4.3266951161688025,1.0,0.0,6.024774774774772,0.2844950213371291,6.685633001422481,4.747510668563301,1.973684210526315,11.628733997155052,0.6401137980085352,4.391891891891881,5.4054054054054035,8.445945945945944,6.081081081081081,6.081081081081081,5.743243243243242
2599,Die Grünen,250,19,1.0,0.0,5.701754385964915,1.0,0.0,3.7725225225225216,4.463015647226179,3.09388335704125,2.6849217638691343,4.516358463726888,9.655049786628737,9.797297297297305,2.7027027027027017,3.378378378378379,6.756756756756758,1.0135135135135158,6.756756756756758,2.0270270270270174
4878,FDP,250,19,1.0,1.0,3.65990990990991,1.0,1.0,2.364864864864862,1.5825035561877598,3.2539118065433854,2.6493598862019923,1.760312944523477,4.356330014224753,8.357041251778092,3.7162162162162176,0.6756756756756701,2.0270270270270245,2.7027027027026946,2.7027027027027017,2.364864864864863
791,CDU,250,19,0.0,0.0,5.2987197724039845,0.0,0.0,2.646396396396393,5.974395448079662,9.03271692745377,3.09388335704125,3.662873399715508,7.0590327169274545,2.9694167852062634,0.3378378378378386,3.7162162162162105,4.391891891891888,2.0270270270270174,2.7027027027027017,2.7027027027027017
4045,bunt.saar,250,19,1.0,1.0,6.750829777145565,1.0,1.0,2.364864864864862,1.475817923186355,9.672830725462298,5.565433854907539,4.711948790896152,12.428876244665723,6.650071123755325,1.689189189189193,3.0405405405405332,2.7027027027026946,0.3378378378378315,3.7162162162162247,2.7027027027026946
2449,CDU,250,19,1.0,1.0,5.029042200094833,1.0,1.0,1.745495495495491,2.3648648648648702,7.432432432432435,5.921052631578952,0.1422475106685539,8.60597439544808,5.707681365576107,3.7162162162162176,2.0270270270270245,1.689189189189186,2.0270270270270245,0.675675675675663,0.3378378378378315
2526,Die Grünen,250,19,0.0,0.0,3.9829302987197686,0.0,0.0,2.7027027027027017,1.5647226173541924,5.156472261735409,4.551920341394016,0.9246088193456643,5.51209103840683,6.1877667140825,3.378378378378379,0.6756756756756701,1.3513513513513473,4.054054054054063,1.689189189189186,5.067567567567565
978,bunt.saar,250,19,0.0,0.0,4.608226647700328,1.0,1.0,2.702702702702698,4.818634423897578,3.556187766714075,1.1024182076813673,0.9246088193456643,13.780227596017063,3.4672830725462234,1.3513513513513473,2.364864864864856,4.054054054054035,1.3513513513513544,3.0405405405405475,4.054054054054049
2089,CDU,250,19,1.0,1.0,4.747510668563301,0.0,1.0,2.9842342342342314,0.9601706970128063,6.098862019914655,5.600995732574681,4.534139402560456,9.903982930298717,1.3869132290184893,0.3378378378378315,2.7027027027027017,3.7162162162162176,3.378378378378372,4.729729729729726,3.0405405405405403
1704,FDP,250,19,1.0,1.0,3.7339971550497864,1.0,1.0,5.0675675675675675,9.495021337126602,5.974395448079662,0.03556187766713492,3.2894736842105345,0.16002844950212847,3.449502133712656,4.391891891891902,4.054054054054049,4.054054054054056,4.729729729729726,7.432432432432428,5.743243243243246
3063,FDP,250,19,0.0,0.0,5.399478425794213,1.0,1.0,1.0135135135135112,1.9559032716927476,0.32005689900427114,3.8584637268847786,7.645803698435266,8.108108108108105,10.50853485064011,0.6756756756756772,0.0,2.0270270270270245,1.0135135135135016,1.0135135135135087,1.3513513513513544
349,FDP,250,19,1.0,1.0,2.5486012328117584,1.0,1.0,2.9842342342342327,9.317211948790899,1.4580369843527734,2.809388335704117,0.4978662873399742,0.3911806543385481,0.8179231863442382,2.0270270270270316,2.364864864864863,5.743243243243235,4.054054054054049,0.3378378378378386,3.378378378378379
1292,DIE LINKE,250,19,1.0,1.0,1.3424608819345647,0.0,1.0,2.083333333333332,1.8136557610241795,3.378378378378379,0.7112375533428192,1.1557610241820626,0.32005689900427114,0.6756756756756772,4.054054054054042,1.0135135135135087,1.3513513513513544,4.391891891891902,0.6756756756756772,1.0135135135135087
4480,CDU,250,19,1.0,0.0,3.4109767662399215,0.0,0.0,2.5337837837837847,0.40896159317210845,4.285206258890469,6.934566145092461,4.356330014224746,4.285206258890469,0.1955903271692776,0.3378378378378386,0.6756756756756701,5.4054054054054035,3.7162162162162247,3.7162162162162176,1.3513513513513544
1451,Die Grünen,250,19,1.0,0.0,4.1014698909435765,1.0,0.0,5.405405405405404,5.0497866287340045,4.960881934566139,3.200568990042683,3.022759601706966,5.192034139402573,3.1827880512090942,2.702702702702709,2.0270270270270174,10.135135135135144,1.0135135135135158,8.783783783783775,7.770270270270267
3574,CDU,250,19,1.0,0.0,4.465979137031769,1.0,1.0,2.2522522522522515,4.018492176386907,2.6493598862019923,4.694167852062591,8.730440967283073,3.94736842105263,2.7560455192034183,2.7027027027026946,2.364864864864863,2.7027027027027017,1.689189189189186,1.0135135135135158,3.0405405405405475
3678,CDU,250,19,1.0,0.0,2.7590090090090107,1.0,1.0,2.759009009009007,1.8847795163584706,0.16002844950213557,2.9694167852062563,6.081081081081088,3.9295874822190555,1.5291607396870575,4.054054054054056,2.7027027027026946,4.054054054054056,4.054054054054042,1.3513513513513544,0.3378378378378386
3091,SPD,250,19,1.0,0.0,3.19167852062589,1.0,0.0,1.9144144144144153,3.5028449502133725,1.3513513513513473,5.796586059743959,0.8179231863442382,4.623044096728307,3.058321479374115,0.0,5.405405405405411,1.0135135135135158,3.378378378378372,1.0135135135135158,0.6756756756756772
2451,Die Grünen,250,19,1.0,1.0,4.347439544807966,1.0,0.0,1.2950450450450457,5.529871977240397,1.9381223328591872,2.400426742531998,4.694167852062591,5.885490753911803,5.636557610241823,0.3378378378378386,2.0270270270270245,0.0,1.0135135135135158,2.0270270270270245,2.3648648648648702
467,bunt.saar,250,19,0.0,1.0,5.375770507349454,0.0,1.0,3.5472972972972925,1.653627311522051,13.033428165007116,1.0135135135135087,4.356330014224753,7.503556187766712,4.694167852062584,3.0405405405405332,1.0135135135135158,3.0405405405405403,5.067567567567565,4.054054054054042,5.067567567567558
4955,bunt.saar,250,19,0.0,0.0,7.610241820768137,1.0,0.0,3.65990990990991,4.694167852062591,5.832147937411094,8.428165007112376,1.973684210526315,18.243243243243242,6.490042674253203,4.054054054054056,6.081081081081095,0.6756756756756772,6.081081081081081,1.3513513513513402,3.7162162162162105
4381,FDP,250,19,1.0,0.0,2.118895211000474,1.0,1.0,0.6756756756756772,4.391891891891895,2.7560455192034183,0.40896159317211556,0.017780938833574567,1.4224751066856243,3.7162162162162176,2.0270270270270245,0.6756756756756843,0.0,1.0135135135135158,0.0,0.3378378378378386
3883,Die Grünen,250,19,0.0,1.0,8.111071597913698,1.0,1.0,1.520270270270269,7.130156472261731,1.0668563300142182,11.148648648648646,8.890469416785209,9.281650071123742,11.148648648648646,1.689189189189186,1.01351351351353,1.6891891891891788,2.0270270270270245,0.6756756756756772,2.0270270270270174
1669,bunt.saar,250,19,0.0,0.0,3.5028449502133725,0.0,1.0,2.53378378378378,3.44950213371267,4.587482219061172,2.329302987197721,4.12517780938834,2.1692745376955855,4.356330014224746,2.0270270270270174,1.3513513513513544,1.689189189189186,3.378378378378379,4.391891891891888,2.364864864864856
2315,DIE LINKE,250,19,1.0,0.0,3.6036036036036045,1.0,0.0,1.632882882882883,2.916073968705547,1.51137980085349,4.054054054054063,2.6315789473684177,8.214793741109531,2.293741109530579,3.0405405405405403,0.0,0.3378378378378386,2.3648648648648702,0.6756756756756772,3.378378378378372
1397,Die Grünen,250,19,1.0,0.0,3.0405405405405417,1.0,0.0,3.7725225225225216,3.8584637268847715,7.0945945945945965,0.2489331436700013,2.293741109530579,1.511379800853483,3.236130867709818,0.3378378378378386,2.364864864864863,2.702702702702709,6.081081081081074,8.445945945945937,2.702702702702709
3658,bunt.saar,250,19,0.0,0.0,1.7454954954954947,0.0,0.0,1.0698198198198188,0.017780938833574567,2.3470839260312957,0.7467994310099471,0.2489331436699942,4.018492176386907,3.09388335704125,0.3378378378378315,2.0270270270270174,2.0270270270270316,1.3513513513513544,0.6756756756756772,0.0
4646,FDP,250,19,1.0,1.0,6.291488857278336,1.0,1.0,3.2657657657657624,5.192034139402573,1.0135135135135087,5.45874822190612,6.027738264580378,12.464438122332865,7.592460881934574,0.675675675675663,4.729729729729733,4.391891891891888,4.7297297297297405,0.3378378378378315,4.729729729729719
4292,Die Grünen,250,19,0.0,1.0,2.853840682788056,0.0,1.0,3.8851351351351346,1.4580369843527734,1.369132290184929,3.307254623044102,3.165007112375534,4.42745376955903,3.3961593172119677,3.378378378378372,4.054054054054063,0.3378378378378386,4.054054054054049,2.364864864864856,9.121621621621628
1601,FDP,250,19,0.0,1.0,2.880512091038406,0.0,1.0,2.9842342342342305,2.809388335704128,1.8492176386913215,2.7916073968705533,3.982930298719765,3.4317211948790884,2.4182076813655797,2.364864864864863,4.391891891891888,3.0405405405405332,3.0405405405405332,1.0135135135135087,4.054054054054056
5138,bunt.saar,250,19,1.0,0.0,4.4007823613086785,1.0,0.0,2.364864864864869,4.054054054054056,2.0803698435277482,1.3157894736842124,3.271692745376953,14.86486486486487,0.8179231863442311,2.364864864864856,1.01351351351353,0.6756756756756772,1.3513513513513544,8.445945945945958,0.3378378378378386
3558,FDP,250,19,0.0,1.0,8.268136557610243,1.0,0.0,5.405405405405407,2.3115220483641536,8.357041251778092,11.753200568990046,3.3605974395447973,15.184921763869141,8.641536273115221,4.054054054054049,3.378378378378379,10.472972972972968,1.6891891891892072,5.405405405405411,7.432432432432428
3787,FDP,250,19,1.0,1.0,4.560810810810808,1.0,1.0,2.3085585585585604,3.3605974395447973,3.4672830725462234,1.6358463726884764,3.1472261735419664,12.179943100995729,3.5739687055476566,0.0,1.3513513513513544,3.378378378378379,0.6756756756756772,3.7162162162162176,4.729729729729733
1256,FDP,250,19,1.0,1.0,3.861427216690378,1.0,1.0,3.5472972972972947,4.338549075391185,2.4182076813655797,3.7873399715504945,3.3961593172119606,2.009246088193457,7.21906116642959,0.3378378378378244,6.081081081081081,4.054054054054056,2.0270270270270174,2.3648648648648702,6.418918918918919
202,DIE LINKE,250,19,1.0,0.0,3.775486012328114,1.0,0.0,0.7882882882882877,2.2226173541963092,1.2980085348506378,7.183499288762434,3.3605974395447973,3.307254623044095,5.28093883357041,2.0270270270270316,0.3378378378378315,0.3378378378378457,0.0,0.3378378378378315,1.689189189189186
3036,bunt.saar,250,19,1.0,0.0,6.229255571360834,1.0,1.0,1.463963963963965,4.943100995732571,5.067567567567565,4.285206258890469,3.058321479374108,14.989331436699864,5.03200568990043,1.689189189189186,1.3513513513513544,0.6756756756756772,2.7027027027027017,0.3378378378378386,2.0270270270270316
3026,FDP,250,19,0.0,1.0,6.184803224276906,1.0,1.0,2.0833333333333375,5.1031294452347,13.83357041251778,2.133712660028447,5.387624466571829,3.502844950213376,7.147937411095306,1.3513513513513615,3.0405405405405475,2.3648648648648702,1.0135135135135158,2.364864864864863,2.3648648648648667
3590,CDU,250,19,0.0,1.0,4.602299668089144,1.0,1.0,2.590090090090095,8.837126600284499,2.7560455192034112,3.733997155049792,3.556187766714082,4.356330014224753,4.374110953058327,2.0270270270270245,2.0270270270270316,4.054054054054056,1.3513513513513615,0.3378378378378457,5.743243243243249
1936,Die Grünen,250,19,1.0,0.0,3.8080844001896623,1.0,0.0,1.5765765765765767,4.445234708392597,3.2183499288762576,1.973684210526315,4.391891891891895,4.2140825035561775,4.605263157894733,2.0270270270270316,2.364864864864856,1.3513513513513473,0.0,3.0405405405405475,0.6756756756756772
2224,CDU,250,19,0.0,1.0,7.156827880512091,1.0,1.0,1.2387387387387392,7.21906116642959,15.931721194879088,1.1735419630156443,5.5476529160739645,9.03271692745377,4.036273115220489,0.0,2.364864864864863,0.6756756756756772,2.0270270270270316,1.0135135135135158,1.3513513513513473
2372,FDP,250,19,0.0,1.0,3.0020151730678015,1.0,1.0,2.7027027027027053,0.6934566145092447,1.6358463726884764,3.1116642958748173,4.356330014224746,5.085348506401132,3.129445234708392,5.067567567567558,0.3378378378378386,3.378378378378379,1.01351351351353,4.391891891891895,2.0270270270270316
368,bunt.saar,250,19,1.0,1.0,6.703413940256044,1.0,1.0,1.5202702702702677,5.494310099573255,5.6899004267425255,9.619487908961588,0.8179231863442382,13.869132290184929,4.729729729729726,2.0270270270270245,1.6891891891891788,0.6756756756756772,1.3513513513513544,0.675675675675663,2.702702702702709
3693,FDP,250,19,1.0,0.0,4.403745851114273,1.0,1.0,1.295045045045048,5.778805120910384,4.569701280227605,5.529871977240404,3.7162162162162105,6.241109530583209,0.5867709815078257,2.702702702702709,1.3513513513513544,1.0135135135135158,0.0,0.6756756756756772,2.0270270270270316
3628,FDP,250,19,1.0,0.0,5.4113323850165935,1.0,1.0,2.815315315315319,7.62802275960172,2.0981507823613086,11.059743954480801,2.8449502133712485,0.3022759601706895,8.534850640113795,0.0,1.689189189189193,6.418918918918919,1.01351351351353,2.702702702702709,5.067567567567565
4790,bunt.saar,250,19,0.0,0.0,7.3050023707918434,1.0,0.0,3.997747747747745,2.951635846372689,0.1955903271692847,11.077524893314354,0.142247510668561,17.603129445234707,11.859886201991465,0.6756756756756772,1.3513513513513544,6.0810810810810665,2.364864864864863,7.770270270270267,5.743243243243242
2871,SPD,250,19,0.0,0.0,5.704717875770508,1.0,0.0,4.110360360360359,5.636557610241816,1.262446657183503,7.005689900426745,4.089615931721191,11.575391180654336,4.658605974395456,1.3513513513513473,6.756756756756751,6.081081081081088,3.378378378378372,2.3648648648648702,4.729729729729726
4798,bunt.saar,250,19,0.0,1.0,5.209815078236133,0.0,1.0,1.576576576576579,2.222617354196302,0.5689900426742582,5.032005689900423,3.485064011379805,9.495021337126602,10.455192034139408,1.689189189189193,1.3513513513513544,0.6756756756756772,2.7027027027027017,0.0,3.0405405405405475
4835,SPD,250,19,0.0,1.0,4.445234708392609,0.0,0.0,1.8581081081081088,1.618065433854909,10.68634423897582,2.560455192034155,1.475817923186355,3.2894736842105345,7.04125177809388,0.6756756756756701,1.013513513513523,1.3513513513513615,3.7162162162162176,1.3513513513513473,3.0405405405405332
4215,CDU,250,19,1.0,1.0,2.803461356092934,1.0,1.0,1.8581081081081063,0.284495021337122,2.7382645803698438,3.271692745376953,3.2183499288762576,0.604551920341386,6.703413940256041,2.0270270270270174,4.391891891891888,0.6756756756756701,0.0,2.0270270270270316,2.0270270270270316
2698,FDP,250,19,1.0,0.0,2.115931721194881,1.0,0.0,2.9279279279279273,0.5334281650071233,0.7645803698435216,4.587482219061165,2.418207681365587,2.6671408250355597,1.724751066856328,3.0405405405405403,3.0405405405405332,1.689189189189193,3.0405405405405332,2.3648648648648702,4.391891891891895
121,DIE LINKE,250,19,0.0,0.0,7.153864390706495,0.0,0.0,8.78378378378378,4.196301564722617,10.810810810810814,5.618776671408241,5.689900426742533,8.534850640113795,8.07254623044097,14.864864864864863,6.756756756756758,2.364864864864856,13.851351351351347,4.729729729729726,10.135135135135137
4340,bunt.saar,250,19,1.0,1.0,2.560455192034137,1.0,0.0,2.92792792792793,5.28093883357041,0.16002844950213557,2.578236130867708,2.507112375533424,2.791607396870546,2.044807965860599,2.364864864864863,3.0405405405405475,2.0270270270270316,2.364864864864863,4.729729729729726,3.0405405405405475
494,FDP,250,19,0.0,1.0,3.3309625414888573,0.0,1.0,1.8581081081081148,2.6671408250355597,6.650071123755325,3.3605974395448044,6.365576102418217,0.2489331436699942,0.6934566145092447,2.0270270270270245,0.6756756756756843,1.013513513513523,1.01351351351353,5.743243243243242,0.6756756756756843
2339,FDP,250,19,1.0,0.0,4.300023707918439,1.0,1.0,1.126126126126131,7.876955903271693,1.724751066856328,3.59174964438121,1.5291607396870432,6.330014224751068,4.747510668563294,1.0135135135135087,1.689189189189193,1.013513513513523,1.3513513513513686,1.3513513513513544,0.3378378378378386
1104,FDP,250,19,1.0,1.0,4.700094831673773,1.0,1.0,1.576576576576579,10.79302987197724,2.187055476529153,7.361308677098151,1.3335704125177799,0.9601706970127921,5.565433854907525,2.0270270270270245,2.7027027027027017,1.3513513513513544,0.6756756756756701,2.0270270270270387,0.6756756756756843
1338,Die Grünen,250,19,0.0,0.0,5.606922712185868,1.0,1.0,1.970720720720724,2.7560455192034112,1.2446657183499354,7.2012802275960155,2.5426742532005733,11.130867709815071,8.7660028449502,2.0270270270270316,0.6756756756756772,1.689189189189193,3.0405405405405403,1.689189189189193,2.702702702702709
3525,CDU,250,19,1.0,1.0,1.9292318634423904,1.0,0.0,3.3220720720720727,1.3513513513513473,3.2183499288762505,0.32005689900427114,3.6095305832147915,0.2844950213371291,2.7916073968705533,3.378378378378379,3.7162162162162105,0.6756756756756772,2.3648648648648702,6.081081081081081,3.7162162162162176
2627,Die Grünen,250,19,1.0,1.0,3.9355144618302504,1.0,0.0,1.689189189189192,0.23115220483641252,3.3961593172119606,3.8229018492176436,2.8449502133712556,6.970128022759603,6.347795163584628,1.689189189189186,1.01351351351353,2.0270270270270316,2.7027027027027017,0.0,2.7027027027027017
360,FDP,250,19,1.0,1.0,6.611545756282596,1.0,1.0,1.1261261261261264,7.485775248933145,6.703413940256048,5.2631578947368425,5.95661450924608,3.627311522048366,10.633001422475097,2.0270270270270245,2.3648648648648702,0.0,2.0270270270270245,0.3378378378378386,0.0
3006,CDU,250,19,1.0,1.0,3.5976766239924154,0.0,1.0,1.351351351351352,4.267425320056894,1.511379800853483,4.231863442389766,6.54338549075392,2.6849217638691414,2.3470839260312886,0.0,1.0135135135135087,0.0,1.689189189189186,2.702702702702709,2.702702702702709
4499,Die Grünen,250,19,1.0,1.0,7.678402086296821,1.0,1.0,0.9572072072072059,3.2539118065433854,6.223328591749642,10.277382645803684,4.018492176386914,14.722617354196316,7.574679943100989,2.0270270270270316,1.3513513513513473,0.675675675675663,0.6756756756756772,0.6756756756756772,0.3378378378378386
5111,Die Grünen,250,19,1.0,0.0,3.772522522522523,1.0,1.0,2.4211711711711694,0.9779516358463738,3.09388335704125,4.107396870554766,2.6137980085348502,7.894736842105267,3.94736842105263,1.3513513513513473,3.378378378378379,1.3513513513513544,0.0,3.378378378378372,5.067567567567565
4052,FDP,250,19,1.0,0.0,4.803816974869609,1.0,0.0,3.0405405405405426,9.317211948790913,7.254623044096725,2.6137980085348573,4.409672830725462,4.320768136557611,0.9068278805120897,2.702702702702716,2.0270270270270245,4.054054054054056,2.0270270270270316,4.729729729729726,2.7027027027027017
1649,bunt.saar,250,19,1.0,0.0,5.518018018018019,1.0,1.0,0.6756756756756772,0.9423897581792389,5.4054054054054035,6.027738264580378,4.534139402560456,11.69985775248933,4.498577524893307,0.6756756756756772,1.689189189189193,0.3378378378378386,0.3378378378378386,0.6756756756756772,0.3378378378378386
3764,Die Grünen,250,19,1.0,0.0,5.7817686107159885,1.0,1.0,1.970720720720723,1.9381223328591872,2.951635846372696,8.268136557610248,2.4182076813655797,9.317211948790913,9.797297297297305,3.0405405405405475,4.054054054054063,1.689189189189193,0.0,2.364864864864856,0.6756756756756772
1806,bunt.saar,250,19,1.0,1.0,6.193693693693696,1.0,0.0,0.5067567567567579,5.423186344238971,7.112375533428171,3.6806543385490897,4.996443812233288,9.743954480796589,6.205547652916067,0.6756756756756772,1.0135135135135158,0.3378378378378386,0.3378378378378386,0.6756756756756772,0.0
3934,FDP,250,19,1.0,1.0,2.732337600758654,1.0,1.0,1.8018018018018,4.302987197724036,1.8492176386913144,0.08890469416785507,1.546941678520632,1.2091038406827934,7.396870554765293,2.3648648648648702,1.3513513513513473,2.7027027027027017,1.3513513513513473,0.3378378378378315,2.7027027027027017
2877,Die Grünen,250,19,0.0,0.0,4.297060218112847,0.0,1.0,3.3783783783783803,5.93883357041252,1.0490753911806578,4.160739687055468,1.1913229018492189,10.277382645803684,3.165007112375534,3.0405405405405403,1.0135135135135016,3.378378378378386,2.0270270270270316,4.391891891891902,6.418918918918919
4394,SPD,250,19,0.0,1.0,2.5100758653390245,1.0,1.0,3.0405405405405417,2.489331436699864,0.9601706970128063,5.26315789473685,0.08890469416784441,4.374110953058313,1.8847795163584706,0.6756756756756843,2.0270270270270245,5.067567567567565,1.689189189189193,2.3648648648648702,6.418918918918912
1646,bunt.saar,250,19,1.0,0.0,5.583214793741109,0.0,1.0,7.150900900900901,1.191322901849226,9.939544807965845,7.005689900426745,1.1201991465149348,10.152916073968711,4.089615931721191,2.0270270270270316,6.418918918918912,8.783783783783775,6.756756756756758,9.459459459459467,9.45945945945946
90,CDU,250,19,1.0,0.0,2.6701043148411565,1.0,1.0,1.3513513513513509,2.7027027027026946,4.783072546230443,1.191322901849226,3.236130867709818,3.9651493598862046,0.1422475106685539,1.0135135135135016,2.0270270270270245,2.0270270270270316,0.0,1.689189189189193,1.3513513513513544
2595,FDP,250,19,1.0,1.0,3.073138928402088,1.0,0.0,5.067567567567569,2.329302987197721,5.707681365576107,2.400426742532005,0.9068278805120968,6.774537695590325,0.32005689900427114,1.689189189189186,1.3513513513513544,8.108108108108105,5.743243243243256,7.0945945945945965,6.418918918918919
3978,FDP,250,19,0.0,1.0,5.037932669511618,0.0,1.0,2.0270270270270294,2.400426742531998,3.982930298719765,5.45874822190612,9.655049786628751,2.5248933143669916,6.205547652916081,1.0135135135135158,3.378378378378379,1.0135135135135158,2.3648648648648702,0.6756756756756772,3.7162162162162176
627,Die Grünen,250,19,1.0,0.0,4.934210526315788,1.0,1.0,1.2950450450450433,0.426742532005683,3.627311522048373,4.534139402560456,0.6756756756756772,12.926742532005676,7.4146514935988606,2.3648648648648702,1.0135135135135087,0.3378378378378386,2.364864864864863,1.3513513513513402,0.3378378378378386
446,bunt.saar,250,19,1.0,0.0,4.255571360834519,0.0,0.0,2.8153153153153156,10.277382645803698,0.17780938833571014,2.489331436699864,3.5384068278805074,8.357041251778092,0.6934566145092447,1.689189189189186,3.378378378378379,7.0945945945945965,0.6756756756756772,2.3648648648648702,1.689189189189186
2714,SPD,250,19,0.0,0.0,3.5117354196301562,1.0,0.0,1.5765765765765778,8.019203413940254,4.17852062588905,0.5512091038406766,1.618065433854909,5.28093883357041,1.4224751066856385,0.6756756756756772,0.6756756756756772,1.0135135135135158,2.0270270270270316,0.6756756756756701,4.391891891891895
1932,CDU,250,19,1.0,1.0,5.953651019440489,1.0,1.0,4.617117117117119,6.899004267425312,3.236130867709811,6.703413940256048,0.9601706970127921,14.687055476529157,3.236130867709811,7.0945945945945965,1.689189189189193,0.6756756756756843,6.756756756756765,7.094594594594589,4.391891891891888
3983,FDP,250,19,1.0,1.0,4.015528686581317,1.0,1.0,1.7454954954954924,9.192745376955905,2.044807965860592,4.231863442389766,0.32005689900426404,8.143669985775247,0.16002844950212847,0.6756756756756772,0.3378378378378244,0.6756756756756772,4.054054054054049,3.378378378378379,1.3513513513513473
2254,bunt.saar,250,19,1.0,0.0,2.8923660502607866,1.0,1.0,0.8445945945945942,1.6180654338549019,1.1557610241820697,2.2226173541963163,4.196301564722617,7.432432432432435,0.7290184921763796,7.105427357601002e-15,0.3378378378378386,2.364864864864856,2.0270270270270245,0.3378378378378386,0.0
4643,Die Grünen,250,19,1.0,0.0,5.826220957799905,1.0,1.0,1.5202702702702642,4.018492176386907,3.307254623044095,6.418918918918919,3.1472261735419664,12.091038406827884,5.974395448079662,2.364864864864856,1.0135135135135158,2.0270270270270174,0.0,0.675675675675663,3.0405405405405332
4641,FDP,250,19,0.0,1.0,3.8525367472735894,0.0,0.0,7.826576576576574,1.6714082503556114,4.409672830725462,4.249644381223341,5.014224751066848,3.2539118065433854,4.516358463726888,0.6756756756756701,8.108108108108098,11.486486486486491,6.756756756756751,10.810810810810814,9.121621621621621
3501,Die Grünen,250,19,0.0,0.0,6.949383594120433,0.0,1.0,1.126126126126124,3.165007112375534,1.0490753911806578,9.548364153627304,9.619487908961588,12.055476529160728,6.258890469416784,1.3513513513513544,0.675675675675663,1.0135135135135158,1.689189189189193,2.0270270270270174,0.0
335,CDU,250,19,1.0,0.0,1.9292318634423904,1.0,0.0,4.054054054054057,0.053342816500716594,2.435988620199147,0.21337126600283796,5.743243243243242,0.7467994310099613,2.3826458036984377,2.0270270270270316,6.081081081081088,5.067567567567565,3.0405405405405475,3.7162162162162176,4.391891891891895
2314,SPD,250,19,1.0,1.0,3.147226173541964,1.0,0.0,1.182432432432434,2.809388335704128,2.7560455192034112,4.729729729729726,0.9246088193456643,4.17852062588905,3.485064011379805,1.3513513513513544,1.0135135135135158,2.702702702702709,1.0135135135135087,0.6756756756756772,0.3378378378378386
2926,DIE LINKE,250,19,1.0,0.0,1.8610715979137058,1.0,0.0,2.9279279279279264,0.7823613086770962,0.32005689900426404,0.6934566145092447,5.387624466571843,0.40896159317212266,3.5739687055476637,2.0270270270270316,3.0405405405405332,2.0270270270270245,6.081081081081081,3.0405405405405403,1.3513513513513473
4623,FDP,250,19,0.0,1.0,2.6315789473684226,0.0,1.0,2.4774774774774784,0.6578947368421026,1.5291607396870575,4.409672830725462,4.302987197724043,3.485064011379805,1.404694167852064,3.7162162162162105,2.0270270270270245,2.3648648648648702,1.689189189189186,2.3648648648648702,2.702702702702709
1749,bunt.saar,250,19,0.0,0.0,4.551920341394026,0.0,1.0,2.8716216216216246,1.2446657183499354,3.378378378378372,2.8271692745376953,4.960881934566153,8.036984352773821,6.863442389758177,0.6756756756756843,1.3513513513513402,7.0945945945945965,2.0270270270270316,4.054054054054063,2.0270270270270316
441,bunt.saar,250,19,1.0,0.0,6.5730203888098595,1.0,1.0,0.844594594594593,2.151493598862025,7.183499288762434,7.2724039829302995,4.267425320056894,10.224039829302974,8.339260312944532,1.689189189189193,0.675675675675663,0.3378378378378386,1.689189189189193,0.3378378378378315,0.3378378378378386
1986,DIE LINKE,250,19,1.0,1.0,3.725106685632999,0.0,1.0,2.9842342342342327,0.8890469416785152,3.6095305832147915,1.0312944523470833,7.147937411095306,6.294452347083919,3.378378378378379,1.689189189189186,3.0405405405405403,2.7027027027027017,0.0,7.094594594594589,3.378378378378379
901,bunt.saar,250,19,1.0,0.0,7.343527738264579,1.0,0.0,3.3783783783783803,4.711948790896166,4.0362731152204745,12.055476529160728,4.036273115220482,11.628733997155052,7.592460881934571,1.0135135135135087,0.3378378378378386,5.4054054054054035,4.391891891891888,4.054054054054063,5.067567567567579
5010,SPD,250,19,1.0,1.0,6.152204836415366,1.0,1.0,1.182432432432434,5.885490753911803,5.618776671408241,9.317211948790913,0.37339971550497353,8.036984352773828,7.681365576102436,1.689189189189193,1.013513513513523,0.3378378378378386,1.3513513513513544,1.3513513513513544,1.3513513513513402
2226,FDP,250,19,1.0,1.0,5.230559506875298,1.0,1.0,3.4346846846846866,3.6450924608819264,7.005689900426752,1.6002844950213415,2.044807965860592,6.472261735419636,10.615220483641536,2.0270270270270245,3.0405405405405403,3.0405405405405475,2.3648648648648702,6.418918918918919,3.7162162162162176
3970,DIE LINKE,250,19,1.0,0.0,2.391536273115218,0.0,1.0,1.745495495495491,0.3378378378378386,1.1379800853485023,3.698435277382636,2.7916073968705533,3.6450924608819264,2.738264580369851,2.364864864864856,1.0135135135135158,2.0270270270270316,2.0270270270270174,2.0270270270270245,1.0135135135135016
2493,Die Grünen,250,19,0.0,0.0,4.52821242294926,1.0,1.0,1.689189189189192,0.9957325746799413,1.0846372688477857,8.214793741109531,0.9068278805120897,9.42389758179231,6.543385490753906,1.3513513513513473,2.0270270270270316,2.0270270270270316,0.6756756756756772,3.0405405405405475,1.0135135135135158
2379,Die Grünen,250,19,1.0,1.0,4.9934803224276925,1.0,1.0,2.083333333333331,4.463015647226179,2.9871977240398238,3.769559032716927,5.689900426742533,12.660028449502136,0.3911806543385552,3.378378378378379,1.689189189189186,0.3378378378378386,4.391891891891895,1.3513513513513473,1.3513513513513402
397,bunt.saar,250,19,0.0,1.0,4.1518492176386905,1.0,1.0,1.4076576576576525,3.5028449502133725,10.95305832147936,2.4893314366998567,1.7780938833570374,3.982930298719779,2.2048364153627347,1.0135135135135087,1.3513513513513402,2.7027027027026946,0.0,0.6756756756756772,2.7027027027026946
1283,FDP,250,19,0.0,0.0,3.959222380275012,1.0,1.0,2.3085585585585577,5.921052631578945,2.7204836415362763,4.125177809388333,7.645803698435266,3.2894736842105345,0.053342816500716594,4.729729729729726,1.3513513513513473,1.689189189189193,2.0270270270270316,1.0135135135135158,3.0405405405405332
5179,FDP,250,19,1.0,1.0,2.154457088667614,1.0,1.0,2.1396396396396384,2.2403982930298625,0.40896159317211556,1.7780938833570374,5.0497866287340045,1.9914651493598896,1.4580369843527734,1.689189189189186,1.689189189189193,3.378378378378379,3.0405405405405332,1.689189189189186,1.3513513513513544
2602,Die Grünen,250,19,0.0,1.0,3.547297297297297,0.0,0.0,2.027027027027023,6.098862019914655,3.3250355618776624,2.293741109530579,2.4182076813655797,4.19630156472261,2.951635846372696,1.3513513513513473,4.054054054054042,0.0,3.0405405405405403,3.0405405405405403,0.6756756756756701
5090,Die Grünen,250,19,1.0,1.0,4.489687055476527,0.0,1.0,3.2094594594594583,4.42745376955903,4.285206258890469,3.6095305832147915,2.293741109530579,7.0945945945945965,5.2275960170697005,3.7162162162162105,0.0,2.3648648648648702,3.7162162162162176,4.729729729729726,4.729729729729726
4520,FDP,250,19,0.0,0.0,4.670459933617827,0.0,0.0,5.0675675675675675,8.036984352773828,3.733997155049792,6.454480796586061,5.209815078236119,2.0625889046941666,2.5248933143669916,1.0135135135135087,5.4054054054054035,7.770270270270274,2.0270270270270245,7.432432432432435,6.756756756756758
131,SPD,250,19,0.0,1.0,4.445234708392605,1.0,0.0,4.391891891891895,3.8940256045519206,2.1337126600284577,1.5291607396870575,13.442389758179239,4.231863442389766,1.4402560455191917,4.391891891891902,2.0270270270270316,5.743243243243242,3.7162162162162176,5.405405405405396,5.067567567567579
4118,Die Grünen,250,19,1.0,0.0,4.928283546704605,1.0,1.0,1.0698198198198199,0.49786628733995997,3.627311522048373,7.112375533428171,2.275960170697026,7.681365576102436,8.37482219061166,0.0,0.0,2.3648648648648702,2.0270270270270316,0.3378378378378386,1.6891891891891788
2277,SPD,250,19,1.0,0.0,4.0866524419156,1.0,0.0,2.5337837837837838,2.916073968705547,2.7916073968705533,5.138691322901856,3.94736842105263,3.6095305832147915,6.116642958748223,0.6756756756756843,3.7162162162162176,2.7027027027026946,1.3513513513513473,2.3648648648648702,4.391891891891888
4467,FDP,250,19,1.0,1.0,5.5091275486012306,1.0,1.0,3.547297297297297,3.342816500711244,9.352773826458034,4.818634423897578,4.907539118065429,8.783783783783782,1.8492176386913144,4.729729729729726,3.0405405405405403,5.067567567567565,1.3513513513513544,3.0405405405405403,4.054054054054056
2443,bunt.saar,250,19,1.0,1.0,6.638217164532953,1.0,1.0,1.8018018018018023,5.334281650071119,3.840682788051197,8.392603129445234,6.507823613086771,11.842105263157897,3.911806543385495,0.675675675675663,2.0270270270270174,3.378378378378386,1.3513513513513615,2.3648648648648702,1.0135135135135158
297,SPD,250,19,1.0,0.0,3.422830725462299,1.0,1.0,2.759009009009006,3.7873399715504945,0.26671408250354744,3.982930298719765,2.3470839260312957,4.089615931721184,6.063300142247506,0.6756756756756701,5.067567567567565,1.689189189189186,4.054054054054049,3.0405405405405332,2.0270270270270316
1917,bunt.saar,250,19,1.0,0.0,3.319108582266479,1.0,0.0,1.9707207207207194,4.463015647226179,2.3115220483641536,4.000711237553347,1.795874822190612,5.938833570412527,1.4046941678520568,0.6756756756756843,3.0405405405405332,1.3513513513513402,4.054054054054056,0.6756756756756701,2.0270270270270316
842,DIE LINKE,250,19,1.0,0.0,3.588786154575626,1.0,0.0,2.5900900900900914,2.4537695590327075,1.0668563300142182,6.258890469416791,0.23115220483641252,9.797297297297305,1.7247510668563208,2.0270270270270316,0.6756756756756772,3.7162162162162176,1.3513513513513473,4.7297297297297405,3.0405405405405332
737,CDU,250,19,0.0,1.0,4.9342105263157885,0.0,0.0,3.716216216216219,7.21906116642959,5.796586059743959,3.840682788051211,1.9559032716927405,7.04125177809388,3.7517780938833525,3.378378378378379,1.3513513513513615,3.378378378378379,4.391891891891888,5.067567567567565,4.7297297297297405
2524,Die Grünen,250,19,1.0,1.0,3.7517780938833574,0.0,1.0,0.957207207207207,0.8357041251778057,9.263869132290182,1.9203413940255984,1.6002844950213486,7.770270270270274,1.1201991465149348,0.3378378378378386,0.0,0.0,0.3378378378378386,0.0,5.067567567567565
3881,CDU,250,19,1.0,0.0,3.493954480796584,1.0,0.0,5.0675675675675675,2.8449502133712556,3.733997155049785,2.329302987197721,6.027738264580371,4.818634423897578,1.2091038406827934,0.3378378378378315,8.78378378378379,3.0405405405405475,3.378378378378379,7.094594594594589,7.770270270270267
5044,SPD,250,19,1.0,0.0,4.617117117117119,1.0,0.0,2.5337837837837824,5.174253200568991,0.8179231863442382,10.49075391180655,2.435988620199147,4.978662873399728,3.805120910384062,2.0270270270270316,0.3378378378378244,4.391891891891895,3.0405405405405403,2.7027027027027017,2.7027027027027017
776,CDU,250,19,1.0,1.0,2.7145566619250836,1.0,1.0,3.434684684684683,0.8179231863442311,3.2183499288762576,3.3605974395448044,3.0405405405405332,3.69843527738265,2.151493598862025,1.3513513513513544,2.3648648648648702,5.067567567567558,0.675675675675663,5.4054054054054035,5.743243243243249
4961,bunt.saar,250,19,1.0,0.0,4.252607871028925,1.0,1.0,1.1824324324324327,1.0490753911806578,1.795874822190612,3.236130867709818,6.632290184921764,10.064011379800853,2.7382645803698438,1.3513513513513615,0.0,3.0405405405405475,0.6756756756756701,0.0,2.0270270270270174
164,bunt.saar,250,19,1.0,1.0,3.064248458985302,1.0,1.0,2.984234234234234,4.107396870554773,1.3513513513513473,2.9338549075391143,3.200568990042669,2.8271692745376953,3.9651493598862118,3.7162162162162176,3.0405405405405546,1.0135135135135158,4.729729729729726,3.0405405405405332,2.364864864864856
2608,bunt.saar,250,19,1.0,0.0,5.488383119962065,1.0,0.0,1.970720720720718,4.142958748221901,4.943100995732571,6.436699857752494,1.6358463726884764,8.26813655761024,7.503556187766705,1.0135135135135087,1.0135135135135087,3.0405405405405332,2.3648648648648702,1.0135135135135158,3.378378378378372
4668,SPD,250,19,0.0,0.0,3.3191085822664745,1.0,1.0,1.4639639639639626,2.6849217638691343,7.859174964438118,2.044807965860592,0.6756756756756772,5.067567567567565,1.5825035561877598,1.3513513513513544,0.3378378378378386,1.3513513513513473,0.6756756756756772,3.0405405405405332,2.0270270270270245
5220,bunt.saar,250,19,0.0,0.0,3.9473684210526336,0.0,1.0,1.407657657657655,5.1209103840682815,2.916073968705547,1.618065433854916,5.707681365576107,5.95661450924608,2.3648648648648702,0.3378378378378386,1.689189189189186,4.729729729729733,0.3378378378378315,0.3378378378378386,1.0135135135135016
4612,FDP,250,19,1.0,0.0,4.551920341394024,0.0,0.0,6.250000000000001,3.7517780938833525,6.347795163584642,6.578947368421048,1.262446657183503,4.2496443812233196,5.1209103840682815,3.378378378378379,1.689189189189186,10.13513513513513,1.0135135135135087,10.810810810810828,10.472972972972975
1943,FDP,250,19,0.0,0.0,5.304646752015174,0.0,0.0,1.5765765765765802,5.867709815078236,2.5426742532005733,1.2268847795163538,6.258890469416791,10.864153627311524,5.067567567567565,0.6756756756756843,0.3378378378378386,2.3648648648648702,2.702702702702709,1.3513513513513473,2.0270270270270316
674,Die Grünen,250,19,1.0,0.0,3.7280701754385936,1.0,1.0,2.308558558558557,1.5647226173541924,2.8449502133712556,0.03556187766713492,8.392603129445227,5.28093883357041,4.249644381223341,1.3513513513513544,3.7162162162162176,3.378378378378379,1.689189189189186,3.0405405405405332,0.6756756756756701
4671,CDU,250,19,1.0,1.0,4.371147463252725,1.0,0.0,2.759009009009008,0.9601706970128063,2.7027027027026946,2.7916073968705533,5.95661450924608,8.036984352773828,5.778805120910384,2.0270270270270174,2.702702702702709,4.054054054054042,2.3648648648648702,4.391891891891902,1.0135135135135087
4056,bunt.saar,250,19,1.0,0.0,5.645448079658601,1.0,1.0,1.407657657657662,2.2759601706970045,1.760312944523477,6.454480796586054,2.7027027027027017,15.202702702702695,5.476529160739673,2.0270270270270174,0.6756756756756914,1.3513513513513544,2.7027027027027017,0.3378378378378386,1.3513513513513686
4965,FDP,250,19,1.0,0.0,2.6730678046467524,1.0,1.0,2.871621621621621,1.2802275960170775,7.556899004267429,0.4800853485063996,4.445234708392604,0.4978662873399671,1.7780938833570374,5.067567567567572,0.6756756756756772,0.6756756756756772,4.054054054054049,5.4054054054054035,1.3513513513513473
5019,bunt.saar,250,19,1.0,1.0,2.1455666192508303,1.0,1.0,1.4639639639639672,2.3648648648648702,0.9068278805120968,3.182788051209087,1.1024182076813673,5.298719772403977,0.017780938833581672,1.0135135135135087,2.3648648648648702,0.3378378378378528,1.3513513513513544,3.378378378378379,0.3378378378378386
1791,FDP,250,19,1.0,1.0,3.4080132764343305,1.0,1.0,1.182432432432434,6.436699857752494,2.0981507823613086,1.3157894736842124,2.4893314366998567,0.7112375533428192,7.396870554765293,1.0135135135135087,1.0135135135135158,0.6756756756756772,2.0270270270270316,1.689189189189193,0.6756756756756772
4420,CDU,250,19,1.0,0.0,1.4847083926031341,1.0,1.0,3.378378378378379,2.0803698435277482,0.8001422475106708,0.8001422475106708,2.3115220483641536,0.1955903271692847,2.7204836415362763,0.675675675675663,5.743243243243249,3.7162162162162176,0.6756756756756772,6.081081081081088,3.378378378378379
4256,bunt.saar,250,19,0.0,0.0,4.895685158843055,1.0,0.0,5.461711711711712,1.831436699857747,1.1201991465149348,3.3961593172119535,5.26315789473685,10.650782361308679,7.112375533428171,2.364864864864863,6.756756756756758,9.797297297297291,0.3378378378378386,4.729729729729733,8.78378378378379
4482,CDU,250,19,1.0,1.0,1.9084874348032261,1.0,1.0,1.576576576576579,5.138691322901849,0.23115220483641252,0.5334281650071233,3.9651493598862118,0.49786628733995997,1.0846372688477999,1.689189189189193,0.6756756756756772,0.6756756756756772,3.0405405405405332,0.6756756756756843,2.702702702702709
3941,bunt.saar,250,19,1.0,0.0,5.8440018966334755,1.0,1.0,2.308558558558559,0.08890469416784441,2.0270270270270316,14.295874822190612,2.1337126600284506,8.036984352773821,8.481507823613093,1.0135135135135158,2.702702702702709,0.6756756756756772,5.743243243243242,3.0405405405405332,0.6756756756756772
1412,bunt.saar,250,19,1.0,0.0,2.7293741109530565,1.0,1.0,1.6891891891891895,1.4224751066856385,3.6450924608819264,3.94736842105263,3.662873399715501,2.916073968705547,0.7823613086770962,3.378378378378379,2.0270270270270245,1.0135135135135087,0.3378378378378457,2.0270270270270245,1.3513513513513544
2178,FDP,250,19,0.0,0.0,2.637505926979609,0.0,0.0,1.0698198198198188,2.3826458036984306,1.4224751066856385,3.627311522048366,3.378378378378372,3.520625889046933,1.4935988620199154,0.6756756756756772,1.3513513513513473,0.6756756756756772,1.0135135135135016,2.3648648648648702,0.3378378378378386
244,DIE LINKE,250,19,0.0,1.0,3.1650071123755326,0.0,0.0,2.3648648648648667,0.426742532005683,5.707681365576114,4.818634423897571,4.089615931721191,3.9118065433855023,0.03556187766713492,4.391891891891888,4.391891891891902,0.6756756756756701,1.3513513513513544,3.0405405405405475,0.3378378378378386
3751,DIE LINKE,250,19,0.0,1.0,0.7616168800379377,0.0,1.0,3.378378378378372,0.9957325746799413,0.9957325746799413,1.475817923186355,0.1955903271692847,0.3911806543385552,0.5156472261735487,3.378378378378372,2.7027027027026946,2.7027027027026946,3.0405405405405332,6.418918918918912,2.0270270270270245
4956,DIE LINKE,250,19,0.0,0.0,7.2486960644855385,0.0,0.0,2.4774774774774735,4.12517780938834,6.667852062588906,8.161450924608815,5.014224751066855,9.761735419630156,9.761735419630156,1.3513513513513473,2.7027027027026946,2.364864864864856,4.729729729729733,0.6756756756756701,3.0405405405405403
991,bunt.saar,250,19,1.0,0.0,1.920341394025601,1.0,0.0,8.783783783783782,2.7560455192034112,0.40896159317210845,2.9694167852062563,0.9423897581792389,2.7204836415362763,1.7247510668563137,8.445945945945944,1.689189189189193,9.797297297297291,9.121621621621628,11.824324324324316,11.824324324324323
2423,FDP,250,19,1.0,1.0,3.4583926031294445,1.0,1.0,3.5472972972972934,1.6714082503556114,6.61450924608819,1.1557610241820768,2.738264580369851,7.396870554765293,1.1735419630156443,0.3378378378378315,4.729729729729726,3.378378378378379,2.0270270270270174,4.054054054054049,6.756756756756758
4881,FDP,250,19,0.0,1.0,3.0820293978188715,0.0,0.0,2.027027027027028,3.200568990042683,3.59174964438121,3.449502133712656,4.711948790896166,0.6578947368421026,2.880512091038412,3.0405405405405475,1.3513513513513615,2.364864864864863,0.675675675675663,1.0135135135135158,3.7162162162162176
4838,bunt.saar,250,19,1.0,1.0,4.880867709815078,1.0,1.0,1.3513513513513509,0.3022759601707037,2.0981507823613015,7.539118065433854,5.085348506401132,8.214793741109531,6.045519203413946,2.0270270270270245,0.0,4.054054054054049,1.0135135135135158,1.0135135135135158,0.0
4727,DIE LINKE,250,19,0.0,0.0,7.41761498340446,0.0,0.0,5.79954954954955,7.556899004267429,5.192034139402573,9.370554765291615,4.2140825035561775,14.135846372688476,4.036273115220489,6.081081081081081,5.405405405405411,4.7297297297297405,10.13513513513513,3.7162162162162105,4.729729729729726
2764,DIE LINKE,250,19,0.0,1.0,3.5561877667140807,0.0,0.0,3.096846846846842,2.6849217638691343,7.23684210526315,2.3470839260312886,2.151493598862025,4.463015647226179,2.4537695590327075,5.4054054054054035,2.7027027027026946,2.7027027027026946,1.3513513513513473,3.378378378378372,3.0405405405405403
1756,FDP,250,19,1.0,1.0,4.797889995258418,1.0,0.0,2.702702702702703,7.165718349928888,4.409672830725455,7.396870554765293,0.8534850640113802,1.475817923186348,7.485775248933145,3.7162162162162033,1.689189189189193,1.3513513513513473,3.7162162162162247,4.054054054054056,1.689189189189193
265,Die Grünen,250,19,1.0,1.0,3.6776908487434823,0.0,1.0,3.6599099099099077,0.17780938833571014,1.831436699857747,5.0853485064011394,3.3605974395448044,4.658605974395449,6.952347083926043,0.6756756756756772,3.378378378378372,2.7027027027026946,3.378378378378379,7.0945945945945965,4.729729729729726
2442,FDP,250,19,1.0,0.0,6.608582266477007,1.0,1.0,1.8581081081081077,10.935277382645808,7.628022759601713,3.09388335704125,2.6493598862019923,2.880512091038412,12.464438122332865,1.0135135135135087,2.7027027027027017,3.378378378378379,1.0135135135135158,1.0135135135135087,2.0270270270270316
2160,FDP,250,19,0.0,1.0,5.600995732574678,0.0,1.0,4.2792792792792795,4.658605974395449,0.37339971550497353,4.889758179231862,8.677098150782356,6.169985775248932,8.837126600284499,0.675675675675663,0.3378378378378457,6.756756756756765,5.067567567567565,5.743243243243242,7.0945945945945965
2867,bunt.saar,250,19,0.0,0.0,4.323731626363205,1.0,1.0,1.8018018018018012,1.0312944523470833,3.3250355618776624,4.285206258890469,3.307254623044095,5.921052631578952,8.07254623044097,1.0135135135135087,1.013513513513523,0.3378378378378386,5.743243243243242,0.3378378378378386,2.364864864864856
32,DIE LINKE,250,19,1.0,0.0,5.435040303461356,1.0,0.0,3.040540540540544,0.8890469416785152,4.0362731152204745,8.214793741109531,8.97937411095306,5.51209103840683,4.978662873399728,1.013513513513523,0.0,7.0945945945945965,0.3378378378378386,6.081081081081081,3.7162162162162247
4038,bunt.saar,250,19,1.0,1.0,2.20187292555714,1.0,0.0,3.2657657657657615,1.5647226173541924,1.51137980085349,0.6401137980085423,0.9957325746799484,6.027738264580378,2.471550497866289,0.6756756756756772,3.378378378378372,3.378378378378372,0.6756756756756772,6.0810810810810665,5.4054054054054035
4997,CDU,250,19,0.0,0.0,5.787695590327172,1.0,0.0,2.759009009009008,6.241109530583209,3.1116642958748244,2.2048364153627347,3.5384068278805074,15.718349928876258,3.9118065433855023,1.0135135135135087,2.364864864864863,1.689189189189186,0.0,7.770270270270274,3.7162162162162176
2462,CDU,250,19,1.0,0.0,2.761972498814606,1.0,1.0,2.421171171171172,1.8847795163584777,2.293741109530586,0.6756756756756772,5.298719772403977,1.9914651493598896,4.42745376955903,1.689189189189193,3.378378378378379,1.689189189189186,2.0270270270270245,2.702702702702709,3.0405405405405403
73,FDP,250,19,0.0,0.0,5.363916548127073,1.0,1.0,1.0135135135135123,2.044807965860592,7.1301564722617385,2.8982930298719793,14.366998577524889,2.43598862019914,3.307254623044102,0.6756756756756772,1.689189189189186,0.3378378378378386,2.0270270270270174,0.0,1.3513513513513544
1099,CDU,250,19,1.0,0.0,3.387268847795164,0.0,1.0,3.997747747747747,4.551920341394016,1.902560455192038,5.26315789473685,6.525604551920338,1.2268847795163538,0.8534850640113874,1.3513513513513473,2.0270270270270174,7.0945945945945965,2.702702702702709,3.7162162162162176,7.0945945945945965
3471,FDP,250,19,0.0,1.0,2.8242057847320994,0.0,1.0,2.1396396396396398,2.1337126600284506,4.729729729729733,3.0761024182076824,5.476529160739673,0.8179231863442382,0.7112375533428192,0.3378378378378386,1.689189189189193,3.7162162162162176,3.0405405405405332,0.6756756756756772,3.378378378378379
251,Die Grünen,250,19,1.0,1.0,3.831792318634424,1.0,1.0,2.59009009009009,3.058321479374115,5.352062588904687,4.142958748221901,1.2446657183499354,4.409672830725462,4.783072546230443,0.6756756756756772,1.0135135135135016,5.4054054054054035,1.689189189189186,4.391891891891902,2.3648648648648702
2430,bunt.saar,250,19,1.0,1.0,3.6836178283546723,1.0,1.0,3.6599099099099086,3.556187766714082,9.797297297297305,0.6223328591749677,2.2226173541963092,3.3605974395447973,2.5426742532005733,2.7027027027026946,2.7027027027026946,6.081081081081088,1.0135135135135087,2.3648648648648702,7.0945945945945965
4783,Die Grünen,250,19,1.0,0.0,3.968112849691791,0.0,1.0,2.1396396396396398,2.9871977240398238,0.7467994310099471,6.401137980085338,1.8492176386913144,9.51280227596017,2.3115220483641536,1.689189189189186,2.0270270270270316,1.6891891891891788,2.364864864864863,1.0135135135135158,4.054054054054063
4606,bunt.saar,250,19,1.0,0.0,6.525604551920341,1.0,0.0,2.252252252252248,0.3378378378378386,5.778805120910384,9.28165007112375,0.2844950213371291,13.12233285917496,10.348506401137982,2.0270270270270245,0.3378378378378386,3.0405405405405332,2.364864864864863,4.054054054054049,1.6891891891891788
1839,DIE LINKE,250,19,0.0,1.0,2.948672356567093,0.0,1.0,2.7590090090090107,2.880512091038412,1.0312944523470833,3.6450924608819335,5.707681365576107,2.6493598862019923,1.7780938833570303,2.7027027027027017,2.364864864864863,1.3513513513513473,6.756756756756765,1.0135135135135158,2.3648648648648702
1051,SPD,250,19,1.0,1.0,3.4169037458511142,1.0,1.0,3.0405405405405403,0.7112375533428192,4.854196301564727,2.773826458036986,7.645803698435273,3.8584637268847786,0.6578947368421026,2.702702702702709,3.378378378378379,5.743243243243242,1.0135135135135087,2.3648648648648702,3.0405405405405332
4074,bunt.saar,250,19,0.0,1.0,4.534139402560453,1.0,1.0,1.5202702702702666,2.9871977240398238,4.80085348506401,5.174253200568998,1.0846372688477928,9.939544807965845,3.2183499288762505,1.689189189189186,0.6756756756756772,1.3513513513513402,1.689189189189186,0.6756756756756772,3.0405405405405332
2138,bunt.saar,250,19,1.0,1.0,3.8140113798008506,1.0,1.0,3.9414414414414423,2.044807965860592,1.653627311522051,0.0,4.694167852062591,7.69914651493599,6.792318634423879,1.3513513513513615,4.054054054054049,4.054054054054063,3.7162162162162176,4.391891891891895,6.0810810810810665
365,bunt.saar,250,19,1.0,1.0,3.5176623992413476,1.0,1.0,1.182432432432428,1.831436699857747,4.658605974395449,3.342816500711244,1.2980085348506378,7.0945945945945965,2.880512091038412,0.6756756756756772,1.6891891891891788,0.675675675675663,0.6756756756756701,1.689189189189186,1.689189189189193
5053,DIE LINKE,250,19,1.0,0.0,3.831792318634424,1.0,0.0,2.7027027027027053,3.1472261735419664,2.258179231863437,3.8229018492176436,0.12446657183499354,10.099573257467995,3.5384068278805074,7.0945945945945965,2.3648648648648702,0.6756756756756701,3.378378378378379,2.3648648648648702,0.3378378378378457
3834,FDP,250,19,1.0,1.0,3.9058795637743002,1.0,0.0,4.222972972972975,1.5825035561877598,2.2403982930298696,7.112375533428171,0.35561877667140607,6.61450924608819,5.529871977240404,1.3513513513513615,1.689189189189186,8.445945945945951,3.7162162162162176,5.405405405405396,4.729729729729733
2505,FDP,250,19,0.0,1.0,3.5384068278805074,1.0,1.0,3.5472972972972925,1.3869132290184822,0.8712660028449548,6.810099573257467,2.2403982930298625,7.841394025604544,2.080369843527734,3.7162162162162033,2.364864864864863,2.364864864864863,5.4054054054054035,3.378378378378372,4.054054054054049
4463,Die Grünen,250,19,1.0,1.0,6.5078236130867735,1.0,1.0,2.252252252252253,5.03200568990043,12.215504978662878,5.1209103840682815,1.5825035561877598,10.704125177809388,4.391891891891902,1.013513513513523,4.054054054054063,3.0405405405405332,1.3513513513513473,1.689189189189193,2.364864864864856
3932,Die Grünen,250,19,1.0,1.0,4.231863442389759,1.0,1.0,1.6328828828828854,0.8179231863442382,8.908250355618776,2.9694167852062634,3.0405405405405403,4.80085348506401,4.854196301564727,2.0270270270270316,0.3378378378378386,1.689189189189193,3.7162162162162176,1.3513513513513544,0.6756756756756772
3408,FDP,250,19,0.0,0.0,5.239449976292082,0.0,1.0,2.984234234234235,2.6137980085348573,0.5512091038406837,8.766002844950208,6.614509246088197,0.9779516358463738,11.913229018492174,5.067567567567579,2.7027027027027017,2.0270270270270245,1.3513513513513473,3.378378378378379,3.378378378378379
1134,SPD,250,19,0.0,0.0,7.0323613086771,1.0,0.0,2.0270270270270303,6.36557610241821,3.840682788051211,11.184210526315788,1.6714082503556256,7.2724039829302995,11.859886201991465,2.702702702702709,4.391891891891895,0.6756756756756772,1.3513513513513615,1.689189189189186,1.3513513513513544
2747,bunt.saar,250,19,1.0,1.0,3.9592223802750106,1.0,0.0,3.8288288288288306,9.068278805120912,0.8001422475106637,1.653627311522058,1.724751066856328,8.054765291607396,2.4537695590327075,2.7027027027027017,2.3648648648648702,3.7162162162162247,3.7162162162162176,5.743243243243242,4.729729729729726
136,FDP,250,19,1.0,1.0,2.566382171645332,1.0,1.0,2.646396396396394,6.632290184921764,1.1201991465149348,0.053342816500716594,3.0761024182076895,4.17852062588905,0.3378378378378386,3.378378378378379,3.7162162162162176,0.6756756756756701,1.6891891891891788,1.0135135135135158,5.4054054054054035
2636,bunt.saar,250,19,1.0,0.0,3.132408724513985,1.0,1.0,2.5337837837837847,3.6095305832147915,1.7247510668563208,4.196301564722617,1.831436699857754,6.436699857752494,0.9957325746799341,1.3513513513513473,3.378378378378386,1.3513513513513402,2.364864864864863,2.3648648648648702,4.391891891891902
678,CDU,250,19,1.0,0.0,6.481152204836416,0.0,1.0,2.8153153153153156,10.206258890469421,6.827880512091042,2.3826458036984377,7.076813655761022,10.437411095305833,1.9559032716927405,4.391891891891895,0.6756756756756772,3.0405405405405475,3.378378378378372,0.6756756756756772,4.729729729729726
5039,DIE LINKE,250,19,1.0,0.0,5.153508771929823,1.0,0.0,1.2950450450450433,4.498577524893314,3.8584637268847786,5.5476529160739645,7.414651493598868,9.050497866287337,0.5512091038406766,0.3378378378378386,0.6756756756756772,1.689189189189193,2.0270270270270245,0.6756756756756701,2.364864864864856
4408,Die Grünen,250,19,0.0,0.0,3.0494310099573254,1.0,1.0,2.871621621621621,0.3911806543385552,2.0270270270270316,3.982930298719765,4.320768136557611,5.28093883357041,2.293741109530579,2.0270270270270245,3.7162162162162247,3.0405405405405546,3.378378378378372,2.0270270270270174,3.0405405405405332
2124,FDP,250,19,1.0,0.0,5.761024182076817,1.0,1.0,2.25225225225225,15.718349928876247,2.880512091038412,2.1692745376955926,9.45945945945946,0.10668563300141898,4.231863442389766,0.3378378378378386,5.743243243243242,0.3378378378378386,1.689189189189186,3.0405405405405332,2.364864864864863
1612,Die Grünen,250,19,1.0,0.0,1.991465149359885,1.0,0.0,4.391891891891895,1.9203413940255984,3.556187766714082,2.329302987197721,0.26671408250354744,2.951635846372696,0.9246088193456643,4.054054054054056,2.0270270270270316,5.067567567567572,5.067567567567565,4.7297297297297405,5.4054054054054035
797,DIE LINKE,250,19,0.0,0.0,6.901967757230917,0.0,0.0,3.490990990990992,3.200568990042669,1.9381223328591872,10.384068278805124,2.435988620199147,13.620199146514935,9.83285917496444,0.3378378378378386,0.0,3.378378378378379,4.729729729729726,6.081081081081081,6.418918918918926
558,FDP,250,19,1.0,1.0,1.2505926979611175,1.0,1.0,1.5202702702702713,1.9203413940255984,1.333570412517787,0.10668563300141898,3.4672830725462234,0.4978662873399671,0.17780938833571014,3.7162162162162247,0.6756756756756701,1.689189189189186,2.0270270270270316,0.6756756756756772,0.3378378378378386
565,SPD,250,19,1.0,1.0,4.409672830725465,1.0,0.0,4.560810810810807,3.591749644381224,8.12588904694168,3.2183499288762576,5.067567567567565,3.485064011379805,2.9694167852062563,1.689189189189186,1.689189189189186,6.418918918918905,4.729729729729726,7.770270270270274,5.067567567567565
1344,CDU,250,19,1.0,1.0,4.042200094831678,0.0,1.0,2.5337837837837873,2.8982930298719793,9.726173541963021,1.6002844950213415,3.9651493598862118,2.916073968705547,3.1472261735419664,0.0,4.054054054054056,3.0405405405405475,3.7162162162162247,1.689189189189193,2.7027027027027017
2772,Die Grünen,250,19,0.0,1.0,3.434684684684683,1.0,0.0,1.9144144144144153,5.387624466571836,0.6934566145092447,3.3605974395447973,0.9246088193456643,4.267425320056894,5.974395448079662,1.3513513513513615,0.6756756756756843,2.702702702702709,2.364864864864863,3.7162162162162105,0.675675675675663
4488,SPD,250,19,0.0,1.0,3.9206970128022776,1.0,1.0,1.6328828828828843,1.191322901849226,4.925320056899011,6.294452347083926,1.2980085348506378,7.0945945945945965,2.720483641536269,2.3648648648648702,1.689189189189186,0.3378378378378386,1.689189189189186,3.0405405405405332,0.6756756756756914
4385,FDP,250,19,0.0,1.0,2.210763394973919,1.0,1.0,3.322072072072071,1.1379800853485094,3.022759601706966,2.2759601706970045,0.12446657183499354,6.009957325746804,0.6934566145092376,2.364864864864863,1.689189189189186,1.0135135135135087,3.378378378378379,5.743243243243242,5.743243243243246
4529,FDP,250,19,0.0,1.0,3.3843053579895646,1.0,1.0,2.1396396396396398,0.7467994310099471,4.783072546230443,3.1116642958748173,5.476529160739673,0.142247510668561,6.045519203413946,0.6756756756756772,2.7027027027027017,2.0270270270270245,3.0405405405405332,1.3513513513513544,3.0405405405405475
5035,CDU,250,19,1.0,1.0,3.562114746325276,1.0,0.0,2.4211711711711756,5.245376955903275,1.618065433854909,2.400426742532005,3.4317211948790884,5.192034139402573,3.485064011379805,3.0405405405405475,3.378378378378386,0.6756756756756772,2.3648648648648702,2.0270270270270316,3.0405405405405403
4280,FDP,250,19,0.0,1.0,5.325391180654338,1.0,1.0,2.927927927927931,1.973684210526315,9.672830725462298,3.8229018492176436,2.9871977240398238,6.401137980085352,7.0945945945945965,2.7027027027026946,2.0270270270270245,2.702702702702709,3.0405405405405546,1.0135135135135158,6.081081081081088
4160,CDU,250,19,1.0,1.0,2.8330962541488796,0.0,0.0,3.9977477477477463,1.3869132290184822,2.9338549075391214,2.2403982930298625,6.756756756756758,3.1294452347083777,0.5512091038406766,3.7162162162162033,2.7027027027027017,3.378378378378379,4.391891891891888,5.405405405405411,4.391891891891895
4692,CDU,250,19,1.0,0.0,3.419867235656708,1.0,1.0,0.9009009009008982,2.293741109530579,2.5248933143669916,2.5426742532005733,8.214793741109531,4.623044096728307,0.32005689900426404,1.0135135135135158,0.6756756756756701,2.0270270270270245,1.0135135135135087,0.3378378378378315,0.3378378378378386
2018,bunt.saar,250,19,1.0,0.0,3.9088430535798957,1.0,0.0,2.871621621621619,4.160739687055475,1.0312944523470833,4.338549075391185,5.387624466571836,5.387624466571829,3.1472261735419664,0.6756756756756701,5.405405405405396,2.0270270270270316,3.0405405405405403,3.378378378378379,2.7027027027026946
4548,bunt.saar,250,19,0.0,0.0,4.975699383594119,0.0,0.0,4.166666666666665,1.4935988620199083,5.298719772403977,5.903271692745371,1.2091038406827934,8.712660028449513,7.23684210526315,5.067567567567572,2.7027027027026946,4.391891891891888,4.391891891891888,3.0405405405405475,5.4054054054054035
4302,CDU,250,19,0.0,0.0,2.6612138454243692,1.0,0.0,1.970720720720724,2.6315789473684177,5.618776671408241,2.0981507823613086,2.7560455192034112,2.7560455192034112,0.10668563300142608,2.0270270270270316,0.6756756756756772,1.3513513513513615,4.391891891891895,3.378378378378379,0.0
878,bunt.saar,250,19,1.0,0.0,6.330014224751065,1.0,1.0,1.407657657657656,3.6450924608819406,3.6806543385490826,7.361308677098151,5.3698435277382615,12.108819345661445,5.814366998577512,1.0135135135135087,1.689189189189193,0.6756756756756772,2.7027027027027017,0.675675675675663,1.689189189189193
2380,SPD,250,19,1.0,0.0,6.048482693219536,1.0,1.0,0.7882882882882901,1.0490753911806578,0.23115220483641963,15.096017069701276,5.298719772403977,6.365576102418217,8.250355618776666,1.3513513513513615,0.6756756756756914,0.3378378378378386,0.6756756756756701,1.3513513513513402,0.3378378378378386
283,bunt.saar,250,19,0.0,1.0,8.013276434329065,1.0,1.0,0.8445945945945965,6.081081081081081,1.4758179231863409,9.797297297297305,1.724751066856328,18.77667140825035,10.224039829302981,0.6756756756756772,1.3513513513513544,0.6756756756756772,1.689189189189193,0.3378378378378386,0.3378378378378386
1357,FDP,250,19,1.0,1.0,7.734708392603132,1.0,1.0,1.1842378929335002e-15,9.601706970128028,4.907539118065429,5.1920341394025655,16.073968705547657,1.9559032716927476,8.677098150782363,0.0,7.105427357601002e-15,0.0,0.0,0.0,0.0
4097,SPD,250,19,0.0,0.0,6.069227121858703,1.0,1.0,1.8018018018017987,9.655049786628737,8.161450924608815,0.8712660028449548,7.628022759601713,8.890469416785209,1.2091038406827934,2.7027027027027017,1.0135135135135087,2.364864864864863,0.6756756756756701,0.0,4.054054054054049
3156,FDP,250,19,1.0,1.0,3.165007112375534,1.0,0.0,2.8716216216216233,1.2268847795163538,5.796586059743952,2.631578947368425,6.205547652916081,2.5604551920341407,0.5689900426742511,7.432432432432435,1.0135135135135158,3.7162162162162176,0.3378378378378457,1.689189189189186,3.0405405405405403
3308,Die Grünen,250,19,1.0,0.0,4.17259364627786,1.0,1.0,2.3085585585585604,3.3961593172119535,2.6315789473684177,4.089615931721191,2.560455192034155,5.974395448079662,6.383357041251777,0.0,0.3378378378378386,4.391891891891902,0.6756756756756843,5.4054054054054035,3.0405405405405332
2521,CDU,250,19,1.0,0.0,3.5502607871028906,0.0,0.0,6.587837837837838,0.7112375533428192,0.2489331436699871,6.792318634423893,4.605263157894733,5.4765291607396875,3.4672830725462234,1.3513513513513544,11.824324324324323,9.797297297297298,5.4054054054054035,0.6756756756756772,10.472972972972968
2048,FDP,250,19,0.0,0.0,4.163703176861071,0.0,1.0,3.716216216216214,1.6002844950213415,2.6137980085348502,0.8179231863442382,9.299431009957324,5.423186344238971,5.2275960170697005,3.7162162162162105,3.7162162162162176,3.378378378378379,1.0135135135135016,5.4054054054054035,5.067567567567572
3223,bunt.saar,250,19,1.0,1.0,5.30168326220958,1.0,1.0,2.3085585585585613,0.8534850640113874,7.183499288762434,8.125889046941687,2.3293029871977353,8.036984352773821,5.280938833570417,2.0270270270270316,3.0405405405405332,2.702702702702709,2.0270270270270316,2.3648648648648702,1.689189189189193
1474,Die Grünen,250,19,0.0,0.0,6.9553105737316265,1.0,0.0,3.0968468468468466,0.26671408250354744,2.560455192034155,9.903982930298717,8.499288762446653,10.68634423897582,9.815078236130866,4.391891891891888,1.0135135135135087,1.013513513513523,5.067567567567565,6.081081081081074,1.013513513513523
1659,CDU,250,19,1.0,1.0,6.181839734471313,1.0,1.0,2.3648648648648645,3.662873399715501,10.295163584637265,8.303698435277383,1.866998577524896,5.51209103840683,7.450213371266003,3.0405405405405332,2.3648648648648702,2.0270270270270316,1.689189189189186,2.364864864864863,2.7027027027027017
1242,FDP,250,19,1.0,1.0,3.173897581792319,1.0,1.0,2.815315315315312,2.7560455192034112,0.5867709815078399,2.7382645803698367,4.374110953058313,4.089615931721191,4.498577524893321,0.6756756756756772,3.0405405405405332,4.391891891891902,1.3513513513513402,5.4054054054054035,2.0270270270270174
1556,CDU,250,19,1.0,1.0,4.2111190137505945,1.0,1.0,3.153153153153152,1.7069701280227676,5.4054054054054035,2.3115220483641536,8.481507823613093,4.036273115220489,3.3250355618776624,1.0135135135135016,5.743243243243242,4.729729729729726,3.0405405405405475,1.0135135135135158,3.378378378378379
2797,bunt.saar,250,19,0.0,0.0,3.9947842579421518,1.0,1.0,2.4211711711711685,3.662873399715501,0.7467994310099471,3.94736842105263,0.26671408250356166,9.050497866287337,6.294452347083933,2.364864864864863,2.702702702702709,3.0405405405405332,0.6756756756756772,3.7162162162162105,2.0270270270270174
4273,bunt.saar,250,19,1.0,1.0,5.112019914651494,1.0,0.0,2.9279279279279264,5.600995732574681,5.814366998577512,6.9167852062588935,2.258179231863444,9.637268847795163,0.4445234708392718,1.0135135135135158,2.364864864864856,1.689189189189193,3.378378378378379,5.405405405405418,3.7162162162161962
2040,Die Grünen,250,19,0.0,1.0,5.378733997155049,0.0,1.0,1.2950450450450433,2.044807965860592,1.2268847795163538,11.78876244665718,1.2980085348506378,10.455192034139408,5.45874822190612,1.689189189189186,3.7162162162162176,0.0,0.6756756756756772,1.0135135135135016,0.6756756756756772
256,bunt.saar,250,19,0.0,1.0,5.808440018966337,1.0,1.0,3.547297297297303,2.880512091038412,4.267425320056894,1.2091038406827863,9.566145092460893,8.3570412517781,8.570412517780937,3.378378378378379,0.3378378378378386,2.702702702702709,6.756756756756765,4.7297297297297405,3.378378378378386
2125,CDU,250,19,1.0,0.0,2.5574917022285497,1.0,1.0,1.351351351351352,0.017780938833574567,0.5156472261735487,0.2844950213371291,8.854907539118074,1.6002844950213486,4.071834992887624,1.689189189189186,0.6756756756756843,0.3378378378378386,1.689189189189186,1.3513513513513473,2.3648648648648702
4022,FDP,250,19,0.0,0.0,4.545993361782834,1.0,0.0,3.0968468468468457,1.2980085348506378,3.3961593172119535,6.952347083926028,8.97937411095306,2.400426742532005,4.2496443812233196,5.743243243243242,3.0405405405405475,3.0405405405405332,2.3648648648648702,1.689189189189186,2.7027027027026946
2955,FDP,250,19,0.0,1.0,5.651375059269796,1.0,1.0,1.4076576576576567,4.800853485064017,1.831436699857754,2.204836415362731,11.539829302987194,3.4317211948790884,10.099573257467995,1.3513513513513473,1.3513513513513544,1.0135135135135123,2.0270270270270245,1.3513513513513544,1.3513513513513473
2105,bunt.saar,250,19,0.0,1.0,4.412636320531058,1.0,0.0,1.0698198198198199,1.689189189189186,3.09388335704125,2.8271692745376953,1.3157894736842124,8.659317211948796,8.890469416785209,0.3378378378378386,1.689189189189193,1.3513513513513544,0.3378378378378386,1.3513513513513402,1.3513513513513544
2330,FDP,250,19,0.0,1.0,5.337245139876718,1.0,1.0,1.6328828828828807,4.249644381223341,6.1877667140825,2.222617354196302,9.95732574679942,1.2980085348506378,8.108108108108105,0.6756756756756772,2.0270270270270245,2.364864864864863,0.6756756756756772,3.378378378378372,0.6756756756756701
1482,SPD,250,19,0.0,0.0,6.98790896159317,1.0,0.0,1.5202702702702702,2.8449502133712556,5.8321479374110865,10.401849217638699,8.463726884779518,8.926031294452343,5.45874822190612,2.364864864864863,1.0135135135135158,1.0135135135135158,1.689189189189186,3.0405405405405403,0.0
1443,Die Grünen,250,19,0.0,0.0,1.2683736367946874,1.0,1.0,3.4909909909909955,2.3115220483641536,0.9779516358463738,1.7247510668563208,0.1955903271692847,1.6714082503556114,0.7290184921763796,1.689189189189193,3.7162162162162105,4.7297297297297405,2.3648648648648702,3.7162162162162176,4.7297297297297405
1039,Die Grünen,250,19,0.0,0.0,4.122214319582736,0.0,1.0,2.477477477477475,1.4935988620199083,2.916073968705547,6.792318634423886,3.3961593172119393,8.961593172119485,1.1735419630156514,2.364864864864863,4.054054054054056,0.3378378378378244,0.3378378378378315,2.3648648648648702,5.4054054054054035
3421,bunt.saar,250,19,1.0,0.0,5.574324324324323,1.0,1.0,1.2950450450450421,0.3911806543385552,0.4800853485063925,8.250355618776666,8.766002844950208,10.810810810810807,4.747510668563308,2.0270270270270316,0.3378378378378386,1.6891891891891788,2.0270270270270245,0.6756756756756772,1.0135135135135016
2167,Die Grünen,250,19,0.0,0.0,6.516714082503558,0.0,0.0,5.912162162162158,2.489331436699864,7.112375533428171,10.846372688477949,2.0270270270270316,9.477240398293027,7.147937411095306,5.067567567567565,1.689189189189186,8.108108108108105,8.445945945945937,7.094594594594589,5.067567567567565
3393,FDP,250,19,0.0,0.0,3.811047889995256,0.0,0.0,2.7590090090090107,1.724751066856328,4.19630156472261,1.475817923186355,0.604551920341386,10.668563300142246,4.19630156472261,4.054054054054049,5.067567567567572,4.7297297297297405,0.3378378378378386,1.689189189189193,0.6756756756756701
4619,FDP,250,19,1.0,0.0,4.486723565670933,1.0,1.0,1.238738738738738,5.245376955903275,10.224039829302981,0.12446657183499354,3.09388335704125,6.578947368421048,1.653627311522051,0.0,0.3378378378378386,1.0135135135135087,3.378378378378372,0.6756756756756772,2.0270270270270316
2659,bunt.saar,250,19,0.0,1.0,6.0336652441915595,1.0,1.0,1.5202702702702702,1.795874822190612,3.8762446657183602,3.182788051209087,3.5739687055476566,13.05120910384067,10.72190611664297,2.0270270270270245,1.6891891891892072,1.0135135135135016,1.689189189189193,1.3513513513513402,1.3513513513513544
3890,FDP,250,19,1.0,1.0,5.559506875296353,1.0,1.0,4.222972972972973,7.788051209103841,4.3029871977240575,3.5028449502133725,9.370554765291615,3.7873399715504945,4.605263157894733,0.3378378378378386,4.054054054054063,5.4054054054054035,4.391891891891888,5.743243243243242,5.4054054054054035
4991,bunt.saar,250,19,1.0,1.0,5.506164058795636,1.0,1.0,1.7454954954954924,1.7780938833570374,0.40896159317210845,7.556899004267422,2.222617354196302,13.975817923186348,7.0945945945945965,2.0270270270270245,0.6756756756756772,0.6756756756756772,2.7027027027027017,1.6891891891891788,2.7027027027026946
4549,FDP,250,19,1.0,1.0,2.394499762920816,1.0,1.0,2.927927927927931,1.475817923186355,5.1209103840682815,1.3869132290184893,2.044807965860592,3.733997155049785,0.6045519203413932,6.756756756756765,1.3513513513513544,3.0405405405405403,4.7297297297297405,0.0,1.689189189189186
398,FDP,250,19,1.0,1.0,0.8801564722617332,1.0,1.0,3.32207207207207,0.4445234708392647,0.4978662873399671,0.5156472261735452,0.284495021337122,1.4224751066856243,2.115931721194876,5.067567567567572,3.378378378378379,1.0135135135135087,6.756756756756744,1.3513513513513544,2.364864864864863
2245,bunt.saar,250,19,0.0,0.0,4.098506401137979,0.0,0.0,1.8581081081081063,0.5334281650071233,0.37339971550498063,6.934566145092461,4.160739687055475,6.578947368421048,6.0099573257467895,2.364864864864856,2.702702702702709,1.013513513513523,2.0270270270270174,3.0405405405405332,0.0
4033,FDP,250,19,0.0,0.0,4.119250829777147,0.0,0.0,4.729729729729726,4.605263157894733,0.9246088193456643,2.258179231863444,5.992176386913229,9.317211948790899,1.618065433854909,4.054054054054056,3.0405405405405332,5.405405405405396,7.432432432432421,3.0405405405405403,5.405405405405411
4682,DIE LINKE,250,19,0.0,0.0,3.5561877667140833,0.0,0.0,3.2657657657657673,5.0853485064011394,4.889758179231862,0.4800853485063925,4.569701280227605,5.138691322901856,1.1735419630156443,2.0270270270270245,0.6756756756756772,6.081081081081081,3.0405405405405475,3.7162162162162176,4.054054054054056
4582,CDU,250,19,0.0,1.0,3.4257942152679015,0.0,1.0,4.504504504504506,3.342816500711244,6.7745376955903325,2.6849217638691343,7.076813655761022,0.23115220483641252,0.4445234708392647,2.702702702702709,2.3648648648648702,5.743243243243242,2.0270270270270174,8.108108108108105,6.081081081081088
181,Die Grünen,250,19,1.0,1.0,7.3020388809862515,1.0,1.0,0.675675675675676,1.013513513513523,8.534850640113788,3.8229018492176436,3.9651493598862046,17.389758179231855,9.086059743954493,0.3378378378378457,1.3513513513513544,0.3378378378378244,0.6756756756756772,0.6756756756756772,0.6756756756756772
965,bunt.saar,250,19,0.0,0.0,3.4109767662399264,1.0,0.0,1.1261261261261228,3.5739687055476637,2.293741109530579,3.6095305832147915,2.7204836415362763,4.249644381223341,4.018492176386907,0.0,1.689189189189186,0.6756756756756772,1.689189189189193,2.0270270270270174,0.675675675675663
1902,FDP,250,19,1.0,0.0,5.506164058795643,1.0,1.0,3.1531531531531605,8.481507823613093,6.169985775248932,1.1735419630156443,8.143669985775254,4.765291607396875,4.3029871977240575,1.3513513513513615,3.7162162162162176,2.364864864864863,6.756756756756772,0.6756756756756843,4.054054054054063
1795,bunt.saar,250,19,0.0,0.0,5.556543385490756,1.0,1.0,0.9572072072072094,1.3157894736842124,5.565433854907539,7.610241820768145,0.07112375533427695,11.77098150782362,7.005689900426745,0.3378378378378386,0.3378378378378386,2.3648648648648702,0.6756756756756843,0.6756756756756843,1.3513513513513402
4129,FDP,250,19,1.0,0.0,5.541725936462778,1.0,1.0,1.3513513513513526,13.584637268847793,1.3869132290184893,2.4715504978662857,8.837126600284499,0.01778093883356746,6.952347083926028,0.6756756756756772,1.0135135135135158,2.027027027027028,1.0135135135135087,1.3513513513513544,2.0270270270270316
3209,bunt.saar,250,19,1.0,0.0,6.104788999525845,1.0,1.0,0.7882882882882901,3.2894736842105345,5.138691322901849,7.930298719772409,2.4537695590327147,12.73115220483642,5.0853485064011466,0.6756756756756772,0.3378378378378386,0.0,1.3513513513513544,1.0135135135135158,1.3513513513513544
1526,bunt.saar,250,19,1.0,0.0,3.3191085822664768,1.0,0.0,1.2950450450450457,3.236130867709811,0.17780938833570303,4.60526315789474,1.2091038406827934,8.428165007112376,2.258179231863437,1.0135135135135087,1.0135135135135158,1.0135135135135158,2.7027027027027017,0.0,2.0270270270270316
3472,FDP,250,19,1.0,1.0,2.3767188240872463,1.0,1.0,1.85810810810811,7.21906116642959,0.9246088193456643,2.578236130867701,0.8357041251778128,0.4445234708392647,2.258179231863444,0.6756756756756772,2.3648648648648702,2.3648648648648702,1.0135135135135158,0.6756756756756772,4.054054054054049
1712,FDP,250,19,0.0,0.0,3.917733522996683,0.0,0.0,2.9279279279279264,4.889758179231862,0.16002844950213557,1.7425320056899025,6.881223328591759,8.766002844950215,1.0668563300142253,2.364864864864863,1.0135135135135087,2.702702702702709,0.6756756756756701,6.418918918918919,4.391891891891888
1554,bunt.saar,250,19,1.0,0.0,4.234826932195354,1.0,1.0,1.463963963963966,3.94736842105263,0.2489331436700013,5.547652916073957,3.413940256045521,5.494310099573255,6.756756756756758,2.3648648648648702,3.7162162162162247,0.6756756756756772,0.6756756756756701,1.0135135135135158,0.3378378378378386
1047,CDU,250,19,1.0,1.0,3.2657657657657637,1.0,1.0,1.5202702702702748,5.0853485064011394,2.578236130867701,2.7560455192034183,3.94736842105263,0.08890469416785152,5.138691322901842,2.702702702702709,0.3378378378378457,1.689189189189193,2.0270270270270316,1.3513513513513544,1.0135135135135158
3484,FDP,250,19,0.0,1.0,2.821242294926506,0.0,1.0,5.46171171171171,0.4800853485063925,4.338549075391185,0.26671408250356166,7.112375533428171,4.587482219061165,0.142247510668561,3.378378378378372,3.7162162162162176,7.094594594594589,7.432432432432435,3.378378378378372,7.770270270270274
4196,CDU,250,19,0.0,1.0,3.6717638691322896,0.0,1.0,3.4346846846846852,6.561166429587473,3.4317211948790884,0.017780938833574567,4.836415362731152,4.871977240398294,2.3115220483641536,3.0405405405405403,3.378378378378379,4.054054054054056,0.6756756756756772,5.4054054054054035,4.054054054054056
1460,SPD,250,19,0.0,0.0,3.636201991465152,0.0,0.0,2.3085585585585604,0.35561877667140607,2.7560455192034112,2.3115220483641536,4.534139402560456,7.948079658605984,3.9118065433855023,0.6756756756756772,3.7162162162162176,3.0405405405405332,4.391891891891902,1.013513513513523,1.0135135135135087
5054,FDP,250,19,0.0,0.0,4.104433380749174,0.0,0.0,7.713963963963963,1.546941678520632,7.681365576102429,3.0049786628733983,1.2802275960170704,6.9523470839260355,4.160739687055475,0.6756756756756772,7.770270270270267,9.45945945945946,6.418918918918926,12.162162162162154,9.797297297297298
3010,SPD,250,19,1.0,0.0,9.441678520625885,1.0,1.0,1.6328828828828854,7.02347083926032,5.156472261735409,14.953769559032708,8.392603129445234,10.419630156472252,10.704125177809388,2.0270270270270316,2.3648648648648702,0.6756756756756772,1.689189189189186,3.0405405405405475,0.0
3608,FDP,250,19,1.0,1.0,6.359649122807017,0.0,0.0,2.1396396396396384,3.698435277382636,6.952347083926028,6.667852062588906,7.0945945945945965,8.232574679943106,5.51209103840683,1.689189189189193,0.0,3.7162162162162176,2.7027027027026946,3.7162162162162176,1.0135135135135087
5034,DIE LINKE,250,19,0.0,0.0,3.88217164532954,0.0,0.0,2.1396396396396375,1.333570412517787,4.694167852062591,2.044807965860592,5.2275960170697005,6.61450924608819,3.378378378378379,2.364864864864863,1.0135135135135087,4.729729729729733,0.0,2.7027027027026946,2.0270270270270245
347,FDP,250,19,0.0,1.0,7.737671882408725,0.0,1.0,5.912162162162164,3.4317211948790884,9.548364153627304,9.014935988620195,11.059743954480808,6.703413940256048,6.667852062588906,2.0270270270270316,6.756756756756751,6.756756756756751,4.7297297297297405,6.756756756756765,8.445945945945944
4266,Die Grünen,250,19,0.0,0.0,4.5904457088667625,0.0,0.0,2.759009009009013,3.0049786628733983,0.6401137980085352,4.996443812233288,2.773826458036986,9.495021337126602,6.632290184921764,5.743243243243249,1.3513513513513544,2.702702702702709,2.0270270270270316,1.689189189189193,3.0405405405405403
2471,bunt.saar,250,19,1.0,0.0,4.670459933617827,1.0,1.0,1.407657657657656,0.2489331436699942,2.578236130867708,4.623044096728307,6.98790896159317,8.819345661450917,4.765291607396861,0.6756756756756701,3.378378378378372,0.3378378378378386,2.0270270270270245,1.3513513513513544,0.6756756756756772
462,FDP,250,19,1.0,1.0,3.4998814604077744,1.0,0.0,3.885135135135137,3.520625889046933,4.960881934566139,3.2894736842105345,4.623044096728307,2.6849217638691343,1.9203413940255984,3.0405405405405403,2.702702702702709,6.081081081081088,0.6756756756756772,7.432432432432435,3.378378378378372
4631,bunt.saar,250,19,1.0,0.0,4.519321953532479,1.0,1.0,2.083333333333331,0.0,3.6806543385490826,8.908250355618776,0.7290184921763867,10.099573257468002,3.698435277382629,2.3648648648648702,1.0135135135135016,4.054054054054049,1.0135135135135158,1.0135135135135158,3.0405405405405332
4519,FDP,250,19,1.0,0.0,2.9101469890943563,1.0,1.0,2.815315315315311,1.2268847795163538,2.7027027027026946,2.8982930298719793,0.9957325746799413,6.418918918918912,3.2183499288762576,6.081081081081081,1.0135135135135087,0.3378378378378244,6.418918918918919,3.0405405405405332,0.0
3160,FDP,250,19,1.0,1.0,1.9973921289710763,1.0,1.0,5.518018018018016,1.9381223328591872,0.6756756756756772,3.271692745376953,0.8001422475106708,2.86273115220483,2.43598862019914,7.770270270270274,3.7162162162162176,7.094594594594589,6.418918918918912,2.0270270270270245,6.081081081081081
1636,bunt.saar,250,19,1.0,1.0,4.877904220009483,1.0,1.0,1.2387387387387367,0.9246088193456643,7.2724039829302995,3.7162162162162105,4.925320056899004,8.214793741109531,4.214082503556185,2.364864864864863,0.3378378378378457,1.6891891891891788,1.689189189189193,0.6756756756756772,0.675675675675663
3613,Die Grünen,250,19,1.0,0.0,6.128496917970602,1.0,1.0,1.3513513513513498,4.854196301564727,3.4317211948790884,7.5924608819345565,4.498577524893314,10.828591749644389,5.565433854907539,0.3378378378378386,3.378378378378379,0.6756756756756701,1.3513513513513473,1.689189189189186,0.6756756756756772
3021,FDP,250,19,0.0,1.0,4.255571360834517,1.0,1.0,2.308558558558557,2.3826458036984306,3.5739687055476566,0.142247510668561,10.615220483641522,5.672119487908965,3.147226173541963,0.675675675675663,3.7162162162162176,0.33783783783784216,0.6756756756756772,4.391891891891888,4.054054054054053
4015,CDU,250,19,1.0,0.0,4.332622095779993,1.0,1.0,3.8288288288288306,7.681365576102436,1.0135135135135087,3.4672830725462305,6.3122332859175,2.809388335704128,4.711948790896152,2.3648648648648702,4.729729729729733,6.081081081081081,1.3513513513513615,3.7162162162162105,4.729729729729726
1963,bunt.saar,250,19,1.0,1.0,3.3220720720720656,1.0,0.0,2.7590090090090094,0.8712660028449548,3.7162162162162105,3.4672830725462234,2.8449502133712627,7.307965860597427,1.7247510668563137,2.0270270270270245,0.0,6.418918918918919,3.378378378378372,2.3648648648648702,2.3648648648648702
2377,SPD,250,19,0.0,0.0,4.886794689426268,0.0,1.0,1.745495495495497,2.8449502133712556,3.485064011379805,3.556187766714082,3.1116642958748244,9.228307254623047,7.0945945945945965,3.0405405405405475,0.3378378378378386,1.0135135135135087,0.3378378378378457,2.0270270270270245,3.7162162162162176
4709,CDU,250,19,1.0,0.0,5.494310099573262,1.0,1.0,1.3513513513513484,1.9559032716927476,5.849928876244675,3.8229018492176436,7.414651493598868,5.423186344238985,8.499288762446653,1.3513513513513544,0.0,1.0135135135135087,3.378378378378379,1.689189189189186,0.675675675675663
3503,Die Grünen,250,19,1.0,0.0,2.1426031294452357,1.0,0.0,5.630630630630633,1.3335704125177799,0.10668563300142608,2.7916073968705533,5.689900426742533,2.3115220483641536,0.6223328591749677,7.770270270270274,5.743243243243249,5.743243243243249,1.0135135135135087,7.770270270270267,5.743243243243249
4008,SPD,250,19,1.0,0.0,5.372807017543859,1.0,1.0,2.984234234234235,7.503556187766712,2.9338549075391214,7.307965860597427,5.600995732574681,5.796586059743959,3.09388335704125,4.391891891891888,1.689189189189186,2.702702702702709,4.391891891891888,1.0135135135135158,3.7162162162162247
524,FDP,250,19,0.0,1.0,4.889758179231863,1.0,1.0,1.9707207207207198,3.200568990042669,0.5867709815078257,7.0945945945945965,12.588904694167837,1.2091038406827934,4.658605974395456,1.0135135135135158,0.0,2.3648648648648667,0.3378378378378386,5.405405405405396,2.7027027027027017
4091,bunt.saar,250,19,0.0,0.0,7.782124229492656,1.0,0.0,2.1396396396396398,0.8534850640113874,5.867709815078236,10.828591749644389,3.2894736842105345,15.540540540540533,10.312944523470854,1.0135135135135087,2.3648648648648702,0.0,2.7027027027026946,3.7162162162162105,3.0405405405405546
400,Die Grünen,250,19,0.0,0.0,4.545993361782833,0.0,1.0,1.0135135135135147,0.26671408250354744,5.4409672830725455,8.25035561877666,0.1955903271692847,4.623044096728307,8.499288762446653,1.0135135135135087,0.3378378378378386,0.6756756756756843,0.3378378378378386,3.0405405405405332,0.6756756756756843
2280,FDP,250,19,1.0,0.0,4.0955429113323865,1.0,0.0,2.9842342342342363,4.658605974395449,2.5960170697012828,5.51209103840683,3.058321479374108,4.356330014224753,4.391891891891895,3.7162162162162176,5.067567567567565,2.7027027027027017,0.6756756756756914,0.0,5.743243243243242
4127,CDU,250,19,1.0,0.0,4.0659080132764345,1.0,1.0,2.5900900900900936,4.516358463726888,6.454480796586061,1.0668563300142253,4.409672830725462,7.930298719772395,0.017780938833574567,0.6756756756756843,1.3513513513513473,3.0405405405405475,4.391891891891895,2.3648648648648702,3.7162162162162176
4695,Die Grünen,250,19,0.0,0.0,4.027382645803698,0.0,0.0,3.603603603603608,0.6578947368421026,0.35561877667140607,10.099573257468002,3.236130867709818,5.6899004267425255,4.125177809388333,6.418918918918912,3.0405405405405546,6.756756756756758,4.054054054054056,0.6756756756756914,0.6756756756756772
4510,FDP,250,19,1.0,0.0,6.072190611664298,1.0,1.0,2.6463963963963955,7.788051209103841,5.014224751066855,5.03200568990043,9.246088193456615,5.58321479374111,3.769559032716934,0.0,3.7162162162162176,0.0,1.689189189189186,5.067567567567565,5.4054054054054035
15,CDU,250,19,1.0,1.0,3.9770033191085807,1.0,0.0,3.828828828828828,2.9694167852062563,1.0312944523470833,12.535561877667135,3.8940256045519206,1.795874822190612,1.6358463726884764,3.0405405405405332,1.689189189189186,7.094594594594589,0.6756756756756843,6.418918918918919,4.054054054054056
1642,bunt.saar,250,19,1.0,1.0,2.833096254148883,1.0,1.0,2.0833333333333335,1.1024182076813602,1.6358463726884764,3.6806543385490826,0.5689900426742511,7.23684210526315,2.7738264580369787,1.3513513513513544,4.054054054054063,2.7027027027026946,0.3378378378378386,2.7027027027026946,1.3513513513513544
2673,Die Grünen,250,19,1.0,0.0,5.230559506875295,0.0,0.0,7.601351351351346,0.426742532005683,6.294452347083926,5.4054054054054035,2.3648648648648702,10.54409672830726,6.347795163584628,4.391891891891895,4.391891891891888,10.13513513513513,7.7702702702702595,8.783783783783782,10.135135135135123
1255,bunt.saar,250,19,1.0,0.0,5.60099573257468,1.0,1.0,2.3648648648648654,2.507112375533424,1.4046941678520568,6.294452347083933,3.52062588904694,13.83357041251778,6.045519203413946,1.689189189189186,1.01351351351353,3.378378378378372,3.378378378378379,1.3513513513513544,3.378378378378372
2672,bunt.saar,250,19,0.0,0.0,8.351114272166901,0.0,0.0,2.927927927927925,5.1209103840682815,1.7780938833570303,11.077524893314369,8.499288762446653,17.709815078236126,5.921052631578952,0.6756756756756772,6.081081081081074,1.3513513513513615,4.391891891891881,4.391891891891881,0.6756756756756772
3791,bunt.saar,250,19,1.0,0.0,6.611545756282595,1.0,0.0,1.745495495495496,2.880512091038412,9.548364153627304,7.23684210526315,5.778805120910384,10.561877667140813,3.662873399715508,0.6756756756756701,0.0,2.0270270270270316,3.0405405405405403,4.391891891891888,0.3378378378378457
2844,bunt.saar,250,19,1.0,1.0,3.852536747273588,1.0,1.0,0.9572072072072034,0.7290184921763796,5.1209103840682815,2.560455192034155,0.4978662873399671,7.556899004267422,6.650071123755325,0.0,0.6756756756756772,1.6891891891891788,1.689189189189186,1.3513513513513544,0.3378378378378244
2228,bunt.saar,250,19,1.0,0.0,4.554883831199624,1.0,1.0,1.4639639639639601,1.1913229018492189,0.8534850640113802,3.7339971550498063,2.6671408250355597,11.415362731152207,7.46799431009957,1.0135135135135087,1.0135135135135158,2.0270270270270174,1.0135135135135087,0.6756756756756772,3.0405405405405332
722,bunt.saar,250,19,0.0,0.0,6.501896633475582,1.0,1.0,1.2950450450450444,4.356330014224753,2.738264580369851,7.2724039829302995,3.6806543385490755,11.664295874822194,9.299431009957317,2.0270270270270245,1.6891891891891788,0.3378378378378386,0.6756756756756772,0.3378378378378386,2.702702702702709
597,bunt.saar,250,19,1.0,0.0,1.958866761498341,1.0,1.0,3.3220720720720713,5.1209103840682815,1.973684210526315,1.1024182076813673,0.5689900426742511,1.689189189189193,1.2980085348506378,1.689189189189193,4.729729729729726,4.729729729729726,1.3513513513513473,6.081081081081081,1.3513513513513544
3500,CDU,250,19,1.0,0.0,6.7211948790896185,0.0,0.0,1.689189189189192,5.938833570412527,7.23684210526315,7.716927453769557,5.849928876244675,8.854907539118074,4.729729729729726,3.0405405405405475,0.6756756756756772,0.0,2.0270270270270316,3.7162162162162176,0.6756756756756772
1076,FDP,250,19,1.0,1.0,3.031650071123753,1.0,1.0,1.2950450450450421,0.8001422475106637,0.03556187766713492,5.28093883357041,4.551920341394023,2.880512091038412,4.640825035561875,1.3513513513513402,0.6756756756756843,0.6756756756756701,1.0135135135135016,2.0270270270270245,2.0270270270270316
332,SPD,250,19,0.0,0.0,6.377430061640589,0.0,0.0,4.054054054054057,1.7425320056899025,6.792318634423893,9.512802275960176,2.1692745376955855,6.952347083926043,11.095305832147936,4.054054054054056,0.6756756756756772,6.081081081081088,6.418918918918926,3.378378378378379,3.7162162162162176
3553,SPD,250,19,1.0,1.0,4.1903745851114325,1.0,1.0,1.1261261261261264,3.2183499288762576,0.6934566145092447,6.578947368421055,0.3556187766714132,7.023470839260327,7.2724039829302995,0.675675675675663,1.3513513513513473,0.0,1.6891891891892001,1.01351351351353,2.0270270270270174
3655,FDP,250,19,0.0,1.0,5.082385016595542,1.0,1.0,1.8018018018018012,0.3911806543385552,6.596728307254626,4.445234708392604,12.71337126600283,4.765291607396868,1.5825035561877705,2.0270270270270316,1.3513513513513544,4.054054054054056,0.675675675675663,1.689189189189186,1.0135135135135158
4165,FDP,250,19,1.0,1.0,3.268729255571362,1.0,1.0,2.139639639639636,0.8712660028449548,5.636557610241816,5.423186344238971,1.1201991465149348,4.960881934566153,1.6002844950213415,5.743243243243235,0.3378378378378386,1.689189189189186,2.0270270270270316,0.675675675675663,2.364864864864863
2428,FDP,250,19,1.0,1.0,2.895329540066381,1.0,1.0,1.914414414414414,0.21337126600283796,4.516358463726888,3.5384068278805074,1.9381223328591872,3.769559032716927,3.3961593172119393,2.0270270270270174,2.364864864864863,2.0270270270270245,3.0405405405405475,0.3378378378378386,1.689189189189193
3869,SPD,250,19,1.0,0.0,4.987553342816501,1.0,0.0,1.5765765765765754,2.0981507823613086,5.707681365576107,4.445234708392597,7.343527738264584,6.863442389758184,3.4672830725462234,4.054054054054056,0.6756756756756701,1.3513513513513473,0.3378378378378386,0.3378378378378386,2.7027027027027017
353,bunt.saar,250,19,0.0,1.0,3.7665955429113303,1.0,1.0,4.504504504504504,9.423897581792318,4.551920341394016,5.423186344238978,0.49786628733995997,2.3293029871977353,0.37339971550497353,4.391891891891888,5.067567567567565,3.0405405405405475,6.418918918918926,4.729729729729726,3.378378378378372
5046,Die Grünen,250,19,1.0,0.0,4.70602181128497,1.0,1.0,2.0833333333333344,2.080369843527741,3.022759601706973,5.938833570412527,2.364864864864863,11.308677098150774,3.52062588904694,2.364864864864856,1.013513513513523,3.0405405405405475,4.054054054054049,1.0135135135135158,1.0135135135135158
4561,FDP,250,19,1.0,1.0,3.9918207681365536,1.0,1.0,1.5765765765765736,8.161450924608815,1.8492176386913144,0.6934566145092376,3.769559032716927,8.285917496443812,1.1913229018492153,0.3378378378378244,1.0135135135135087,2.0270270270270316,0.3378378378378386,3.378378378378379,2.3648648648648596
2918,Die Grünen,250,19,0.0,0.0,7.559862494073016,0.0,1.0,3.096846846846843,2.471550497866282,6.970128022759603,11.21977240398293,2.080369843527734,15.433854907539114,7.183499288762434,2.364864864864856,1.3513513513513402,5.743243243243256,1.689189189189186,5.743243243243242,1.6891891891891788
916,FDP,250,19,0.0,1.0,5.529871977240401,1.0,1.0,2.9279279279279264,3.022759601706973,9.850640113798008,5.689900426742533,6.685633001422481,5.423186344238985,2.507112375533424,0.675675675675663,3.7162162162162176,5.067567567567565,0.3378378378378386,4.391891891891902,3.378378378378372
1568,bunt.saar,250,19,1.0,0.0,5.8677098150782365,1.0,1.0,1.013513513513517,0.6934566145092447,2.0270270270270316,10.11735419630157,1.7069701280227534,14.651493598862025,6.009957325746797,1.3513513513513473,2.3648648648648702,1.01351351351353,0.0,1.0135135135135158,0.3378378378378386
68,bunt.saar,250,19,1.0,1.0,4.640825035561878,1.0,0.0,3.2094594594594597,0.5689900426742511,2.3826458036984306,5.494310099573255,2.258179231863444,12.553342816500717,4.587482219061172,0.6756756756756701,2.0270270270270316,3.7162162162162105,4.391891891891895,3.7162162162162105,4.7297297297297405
2906,Die Grünen,250,19,1.0,0.0,4.35633001422475,1.0,0.0,3.4909909909909893,4.302987197724036,4.17852062588905,2.293741109530579,2.809388335704128,10.73968705547653,1.8136557610241795,1.689189189189186,0.3378378378378386,4.054054054054049,2.0270270270270245,4.054054054054056,8.783783783783782
1237,DIE LINKE,250,19,1.0,0.0,3.3872688477951614,0.0,1.0,2.252252252252255,0.4800853485063925,3.94736842105263,1.9203413940255984,3.0405405405405403,6.472261735419629,4.463015647226179,2.364864864864863,0.3378378378378386,2.702702702702709,1.3513513513513544,4.054054054054056,2.702702702702709
698,DIE LINKE,250,19,0.0,0.0,2.664177335229963,0.0,0.0,2.702702702702703,3.7517780938833525,4.818634423897571,3.7517780938833525,2.1692745376955855,1.1024182076813602,0.3911806543385552,6.756756756756758,0.0,2.7027027027026946,3.7162162162162176,2.364864864864863,0.6756756756756843
4978,FDP,250,19,1.0,0.0,3.5384068278805123,1.0,0.0,2.027027027027023,5.743243243243242,0.6578947368421098,7.965860597439537,1.5647226173541924,3.627311522048366,1.6714082503556256,2.0270270270270316,1.689189189189186,2.364864864864856,2.7027027027027017,0.3378378378378386,3.040540540540526
1348,FDP,250,19,1.0,0.0,3.6095305832147964,1.0,0.0,6.644144144144147,2.3648648648648702,6.205547652916081,2.6849217638691343,4.854196301564727,4.302987197724036,1.2446657183499283,3.378378378378379,5.743243243243242,10.472972972972975,6.4189189189189335,6.081081081081088,7.770270270270267
1379,bunt.saar,250,19,1.0,1.0,5.405405405405408,1.0,1.0,1.8018018018017987,2.489331436699864,4.943100995732571,7.0945945945945965,4.3029871977240575,6.721194879089616,6.881223328591744,1.3513513513513473,1.0135135135135087,1.3513513513513402,1.3513513513513402,3.378378378378386,2.3648648648648702
1182,bunt.saar,250,19,0.0,0.0,5.867709815078233,0.0,0.0,3.4346846846846844,0.23115220483641252,10.633001422475104,7.23684210526315,0.0,7.841394025604551,9.263869132290182,4.391891891891888,0.3378378378378386,3.378378378378379,3.378378378378379,3.378378378378372,5.743243243243249
4425,CDU,250,19,0.0,0.0,4.824561403508771,0.0,1.0,2.3085585585585577,6.934566145092461,6.721194879089616,2.489331436699864,3.5384068278805074,9.210526315789465,0.053342816500716594,0.3378378378378315,1.3513513513513473,0.6756756756756772,4.729729729729733,5.4054054054054035,1.3513513513513544
4042,bunt.saar,250,19,0.0,0.0,7.293148411569461,1.0,1.0,2.702702702702703,4.516358463726888,0.4267425320056759,9.850640113798008,9.975106685633001,8.108108108108098,10.881934566145091,2.364864864864863,0.6756756756756914,3.7162162162162247,4.054054054054049,1.0135135135135016,4.391891891891888
3188,FDP,250,19,1.0,1.0,5.33724513987672,1.0,1.0,1.576576576576575,3.4672830725462234,2.987197724039838,4.285206258890469,9.032716927453777,1.9559032716927476,10.295163584637265,2.0270270270270245,1.3513513513513402,1.689189189189193,0.0,2.364864864864863,2.027027027027028
4417,FDP,250,19,1.0,1.0,2.2285443338074913,1.0,1.0,1.8018018018018023,0.604551920341386,5.600995732574688,0.8712660028449477,2.4893314366998567,0.9423897581792389,2.86273115220483,3.0405405405405403,1.3513513513513473,2.0270270270270245,0.6756756756756772,2.702702702702709,1.0135135135135158
175,FDP,250,19,0.0,0.0,5.269084874348031,0.0,0.0,4.335585585585586,0.6934566145092447,2.7916073968705533,2.507112375533424,12.108819345661445,12.642247510668561,0.8712660028449548,4.391891891891895,3.7162162162162176,2.364864864864856,8.783783783783782,0.3378378378378386,6.418918918918926
4655,FDP,250,19,1.0,1.0,4.913466097676623,0.0,0.0,3.8288288288288292,5.1031294452347,3.058321479374115,2.6849217638691414,3.805120910384062,10.73968705547653,4.089615931721191,3.7162162162162176,1.0135135135135087,6.418918918918912,4.391891891891902,3.7162162162162176,3.7162162162162176
4189,SPD,250,19,1.0,0.0,4.380037932669513,1.0,0.0,9.90990990990991,1.2802275960170704,0.9779516358463738,0.6401137980085352,3.058321479374108,8.12588904694168,12.19772403982931,7.432432432432435,10.472972972972968,7.770270270270274,6.418918918918912,12.162162162162154,15.202702702702716
2219,Die Grünen,250,19,1.0,0.0,5.417259364627786,0.0,1.0,2.3648648648648596,2.9338549075391214,0.053342816500716594,7.859174964438111,0.5334281650071091,11.664295874822194,9.459459459459467,0.6756756756756701,1.6891891891891788,1.689189189189193,3.378378378378372,2.7027027027026946,4.054054054054049
3344,FDP,250,19,1.0,0.0,2.764935988620197,0.0,1.0,1.1824324324324291,3.0405405405405403,2.809388335704128,2.578236130867701,0.9957325746799413,5.529871977240397,1.6358463726884764,3.0405405405405403,1.689189189189186,0.0,0.3378378378378386,0.3378378378378244,1.689189189189186
2364,Die Grünen,250,19,0.0,1.0,3.8910621147463202,0.0,1.0,1.9707207207207216,0.8001422475106708,5.547652916073957,5.761024182076817,2.8449502133712556,7.23684210526315,1.1557610241820697,1.3513513513513473,4.391891891891888,0.3378378378378386,1.0135135135135158,2.3648648648648702,2.3648648648648702
4651,Die Grünen,250,19,0.0,1.0,5.787695590327164,1.0,1.0,1.1824324324324316,1.9559032716927405,5.565433854907539,7.6635846372688405,5.565433854907525,4.694167852062591,9.28165007112375,1.3513513513513544,1.0135135135135087,1.3513513513513544,1.6891891891891788,1.3513513513513544,0.3378378378378386
3514,FDP,250,19,1.0,1.0,4.6704599336178285,1.0,1.0,0.9572072072072059,7.556899004267429,7.912517780938828,1.013513513513523,2.5960170697012757,1.0490753911806507,7.894736842105267,0.6756756756756772,0.3378378378378386,1.6891891891891788,1.689189189189193,0.0,1.3513513513513473
3324,bunt.saar,250,19,1.0,0.0,5.532835467045992,1.0,1.0,2.477477477477477,2.6137980085348502,4.943100995732571,5.832147937411094,2.7027027027027017,13.015647226173549,4.089615931721184,2.364864864864863,2.0270270270270316,1.0135135135135016,4.054054054054049,2.0270270270270316,3.378378378378386
1042,bunt.saar,250,19,1.0,1.0,4.332622095779985,1.0,1.0,2.5900900900900887,3.59174964438121,4.960881934566139,4.000711237553347,0.9068278805120897,12.108819345661445,0.4267425320056759,1.6891891891891788,3.378378378378393,1.3513513513513402,3.378378378378379,0.3378378378378244,5.405405405405418
1185,bunt.saar,250,19,0.0,1.0,6.25,1.0,1.0,1.8581081081081041,2.435988620199147,9.192745376955905,4.534139402560456,2.0981507823613086,12.339971550497872,6.899004267425312,1.0135135135135087,0.6756756756756701,2.364864864864856,2.364864864864863,1.3513513513513544,3.378378378378372
4281,SPD,250,19,1.0,1.0,8.706733048838311,0.0,0.0,6.081081081081081,5.8321479374110865,8.090327169274545,10.152916073968711,6.347795163584642,10.419630156472252,11.397581792318633,1.689189189189193,4.391891891891895,5.067567567567572,4.729729729729726,10.810810810810807,9.797297297297291
5137,FDP,250,19,0.0,1.0,3.242057847321002,0.0,1.0,1.295045045045048,2.3470839260312886,3.840682788051211,2.6671408250355597,3.591749644381224,4.302987197724036,2.7027027027026946,2.0270270270270245,1.0135135135135158,2.0270270270270316,0.6756756756756772,0.6756756756756772,1.3513513513513615
3830,bunt.saar,250,19,0.0,1.0,5.446894262683738,0.0,0.0,1.2950450450450421,2.6849217638691414,3.0049786628734054,3.8229018492176436,2.8982930298719793,11.504267425320059,8.7660028449502,0.0,0.3378378378378386,1.689189189189193,0.6756756756756701,3.0405405405405332,2.0270270270270174
5089,bunt.saar,250,19,1.0,0.0,4.637861545756287,1.0,1.0,1.0135135135135147,1.6002844950213486,4.107396870554766,6.578947368421055,4.445234708392604,6.436699857752494,4.658605974395456,1.3513513513513544,0.3378378378378386,0.3378378378378386,2.0270270270270245,1.689189189189193,0.3378378378378386
1054,bunt.saar,250,19,1.0,1.0,3.645092460881937,1.0,1.0,1.4639639639639626,1.0846372688477999,4.374110953058313,3.6806543385490897,2.151493598862025,8.481507823613093,2.0981507823613015,2.702702702702709,1.0135135135135158,1.0135135135135016,0.0,1.0135135135135016,3.0405405405405475
4663,FDP,250,19,1.0,1.0,2.880512091038407,1.0,1.0,2.8153153153153148,3.698435277382636,1.7425320056899025,2.4537695590327147,4.071834992887624,2.8271692745377024,2.489331436699864,0.3378378378378386,4.054054054054056,2.364864864864863,0.675675675675663,4.729729729729733,4.729729729729733
4966,bunt.saar,250,19,0.0,1.0,5.360953058321478,0.0,1.0,2.08333333333333,2.6493598862019923,5.565433854907539,2.86273115220483,8.659317211948789,9.103840682788054,3.3250355618776624,0.6756756756756772,0.3378378378378315,1.3513513513513473,0.6756756756756772,5.4054054054054035,4.054054054054042
2161,bunt.saar,250,19,0.0,0.0,4.655642484589859,1.0,1.0,1.8581081081081134,0.6934566145092376,0.2489331436700013,3.6450924608819406,4.960881934566153,11.041963015647227,7.343527738264598,1.0135135135135158,1.01351351351353,3.0405405405405475,0.6756756756756843,2.3648648648648702,3.0405405405405332
3560,FDP,250,19,1.0,0.0,3.32207207207207,0.0,1.0,1.0698198198198199,4.943100995732571,4.089615931721191,2.293741109530579,4.338549075391185,3.6095305832147915,0.6578947368421026,0.0,0.6756756756756772,1.689189189189193,2.0270270270270316,1.0135135135135087,1.0135135135135087
1206,FDP,250,19,0.0,0.0,4.946064485538169,0.0,0.0,4.560810810810811,0.21337126600283796,4.67638691322901,7.645803698435273,12.019914651493607,2.0270270270270316,3.09388335704125,4.054054054054056,0.0,6.756756756756758,7.770270270270267,6.081081081081088,2.7027027027027017
4511,bunt.saar,250,19,0.0,0.0,4.240753911806544,0.0,0.0,2.702702702702703,8.161450924608815,0.40896159317212266,7.02347083926032,1.1735419630156443,7.0590327169274545,1.618065433854909,4.729729729729726,5.067567567567572,2.364864864864863,2.3648648648648702,1.0135135135135158,0.6756756756756701
270,bunt.saar,250,19,0.0,1.0,4.024419155998106,0.0,1.0,2.871621621621626,1.262446657183503,3.6806543385490826,0.426742532005683,9.121621621621621,7.716927453769557,1.9381223328591872,1.013513513513523,6.4189189189189335,2.7027027027026946,3.0405405405405332,3.0405405405405475,1.013513513513523
1037,bunt.saar,250,19,0.0,0.0,3.084992887624464,0.0,1.0,1.069819819819821,1.511379800853483,0.46230440967282505,7.04125177809388,0.9423897581792318,4.374110953058313,4.17852062588905,1.689189189189193,0.675675675675663,1.689189189189193,0.3378378378378457,0.6756756756756772,1.3513513513513544
3872,CDU,250,19,1.0,0.0,2.759009009009007,1.0,1.0,2.8153153153153156,0.9601706970128063,7.307965860597427,0.6223328591749677,0.8890469416785152,0.6045519203413932,6.169985775248932,1.689189189189186,2.0270270270270316,3.0405405405405332,3.0405405405405403,5.743243243243249,1.3513513513513544
1174,Die Grünen,250,19,0.0,0.0,6.801209103840683,0.0,0.0,5.686936936936938,1.2446657183499354,5.885490753911803,7.6635846372688405,1.724751066856328,14.509246088193457,9.77951635846373,4.391891891891888,2.702702702702709,7.770270270270267,8.108108108108112,4.729729729729726,6.418918918918926
585,bunt.saar,250,19,1.0,0.0,7.974751066856331,1.0,1.0,1.351351351351352,2.0625889046941666,4.640825035561882,15.700568990042676,1.2802275960170704,14.011379800853483,10.152916073968704,0.0,1.0135135135135087,3.0405405405405475,1.013513513513523,3.0405405405405332,0.0
3100,bunt.saar,250,19,0.0,0.0,3.2954006638217215,0.0,0.0,6.25,7.82361308677099,0.5334281650071233,4.925320056899011,3.8940256045519206,1.2268847795163538,1.369132290184929,4.054054054054063,4.054054054054049,9.797297297297291,6.418918918918912,7.770270270270281,5.4054054054054035
4439,FDP,250,19,1.0,1.0,3.6302750118539584,1.0,0.0,3.9414414414414423,6.116642958748223,1.1735419630156443,1.3513513513513473,5.636557610241823,5.298719772403977,2.2048364153627347,2.7027027027026946,1.689189189189193,3.7162162162162176,1.689189189189193,6.081081081081088,7.770270270270267
655,DIE LINKE,250,19,0.0,1.0,2.7027027027027004,0.0,1.0,4.279279279279279,0.1422475106685539,6.472261735419629,0.6401137980085352,3.7517780938833525,2.5960170697012828,2.6137980085348502,4.729729729729726,0.6756756756756772,4.391891891891895,7.0945945945945965,3.0405405405405332,5.743243243243242
1688,Die Grünen,250,19,1.0,0.0,8.437055476529158,0.0,1.0,2.927927927927931,5.636557610241816,5.4054054054054035,6.916785206258886,6.454480796586061,17.087482219061165,9.121621621621621,0.3378378378378386,1.3513513513513544,1.3513513513513544,6.081081081081088,3.0405405405405403,5.405405405405411
4745,FDP,250,19,1.0,1.0,3.0227596017069707,1.0,1.0,1.4639639639639672,0.7467994310099471,1.795874822190612,4.925320056899004,5.174253200568998,4.658605974395456,0.8357041251778057,0.0,3.7162162162162105,0.6756756756756772,0.6756756756756914,0.3378378378378457,3.378378378378379
4102,bunt.saar,250,19,1.0,0.0,8.534850640113795,1.0,1.0,3.547297297297296,2.329302987197721,6.650071123755325,11.041963015647227,0.10668563300141898,19.87908961593172,11.201991465149362,0.3378378378378315,3.7162162162162033,4.054054054054063,1.3513513513513544,6.081081081081081,5.743243243243242
2740,CDU,250,19,0.0,1.0,4.442271218587007,0.0,1.0,3.5472972972972947,3.6450924608819264,5.1209103840682815,6.063300142247513,1.6714082503556114,4.765291607396875,5.387624466571836,0.0,1.689189189189193,5.4054054054054035,4.054054054054042,4.054054054054056,6.081081081081074
3942,FDP,250,19,0.0,1.0,2.6760312944523528,0.0,0.0,3.6036036036036045,2.8271692745377024,3.058321479374115,0.5156472261735487,4.9075391180654435,3.6806543385490826,1.0668563300142253,3.0405405405405332,5.743243243243249,3.7162162162162176,2.0270270270270316,5.067567567567565,2.0270270270270316
4910,Die Grünen,250,19,1.0,0.0,6.0277382645803685,1.0,1.0,1.463963963963965,2.6137980085348573,3.8584637268847715,5.387624466571829,4.729729729729726,12.820056899004271,6.756756756756758,0.3378378378378386,0.3378378378378386,2.0270270270270316,3.378378378378379,2.364864864864856,0.3378378378378457
2182,FDP,250,19,1.0,1.0,5.399478425794214,1.0,1.0,2.59009009009009,3.0049786628733983,3.1827880512090942,12.0199146514936,3.627311522048373,7.5924608819345565,2.9694167852062634,1.689189189189193,1.3513513513513473,4.391891891891895,3.378378378378379,3.7162162162162105,1.0135135135135158
1065,bunt.saar,250,19,1.0,1.0,4.000711237553343,1.0,1.0,2.3085585585585577,0.3911806543385552,6.738975817923183,5.423186344238978,2.3826458036984306,8.339260312944532,0.7290184921763796,5.067567567567565,0.3378378378378386,1.6891891891891788,5.743243243243235,1.01351351351353,0.0
571,CDU,250,19,1.0,1.0,3.891062114746324,1.0,0.0,2.027027027027026,2.00924608819345,5.138691322901856,2.8449502133712556,3.413940256045514,4.089615931721191,5.849928876244675,1.3513513513513473,0.3378378378378315,2.0270270270270174,4.054054054054056,1.0135135135135087,3.378378378378393
2422,bunt.saar,250,19,1.0,1.0,3.2094594594594597,1.0,1.0,0.7319819819819848,0.37339971550497353,5.672119487908951,2.2048364153627347,0.5689900426742511,7.04125177809388,3.3961593172119677,0.6756756756756843,0.3378378378378386,1.0135135135135158,0.3378378378378386,2.0270270270270316,0.0
4547,SPD,250,19,0.0,0.0,4.394855381697489,0.0,0.0,2.5900900900900923,0.5156472261735487,0.4445234708392647,8.783783783783782,3.7517780938833525,6.863442389758184,6.009957325746804,2.702702702702709,3.378378378378379,3.7162162162162176,3.0405405405405403,2.3648648648648702,0.3378378378378386
3358,SPD,250,19,1.0,0.0,5.574324324324322,1.0,0.0,2.0833333333333335,1.0490753911806578,5.7254623044096675,10.010668563300136,3.5384068278805074,7.432432432432435,5.6899004267425255,1.013513513513523,3.378378378378372,3.0405405405405332,2.0270270270270245,2.0270270270270316,1.0135135135135158
3576,FDP,250,19,0.0,0.0,5.1594357515410145,1.0,0.0,1.351351351351352,5.1031294452347,4.107396870554773,2.7560455192034112,5.796586059743959,9.03271692745377,4.160739687055475,2.0270270270270316,1.689189189189193,0.3378378378378315,2.0270270270270316,1.3513513513513544,0.6756756756756701
4710,bunt.saar,250,19,1.0,0.0,4.122214319582743,1.0,0.0,1.5765765765765825,0.8890469416785152,1.226884779516368,7.0945945945945965,0.8001422475106708,7.752489331436699,6.97012802275961,0.3378378378378386,0.6756756756756914,3.7162162162162247,1.0135135135135158,1.3513513513513544,2.3648648648648702
3496,CDU,250,19,0.0,1.0,4.142958748221907,0.0,1.0,4.617117117117118,3.058321479374108,3.94736842105263,5.2631578947368425,0.9779516358463738,7.02347083926032,4.587482219061165,0.0,5.4054054054054035,3.7162162162162176,6.081081081081081,6.418918918918926,6.081081081081081
3153,CDU,250,19,1.0,0.0,3.710289236605027,1.0,1.0,1.2950450450450457,4.996443812233288,4.854196301564727,2.2048364153627347,4.285206258890469,5.369843527738269,0.5512091038406766,2.702702702702709,1.0135135135135158,2.0270270270270245,1.689189189189186,0.3378378378378386,0.0
71,bunt.saar,250,19,1.0,0.0,2.6167614983404435,1.0,1.0,1.9144144144144188,0.9423897581792318,0.7467994310099471,2.258179231863437,5.1564722617354235,5.4054054054054035,1.1913229018492189,0.6756756756756843,1.01351351351353,2.0270270270270316,0.6756756756756701,3.0405405405405332,4.054054054054063
2684,bunt.saar,250,19,1.0,0.0,4.35929350403034,1.0,0.0,0.7882882882882866,1.0135135135135087,2.7027027027026946,2.4537695590327075,3.733997155049785,10.277382645803684,5.974395448079662,0.6756756756756701,0.3378378378378386,0.3378378378378386,1.0135135135135158,0.675675675675663,1.689189189189193
31,FDP,250,19,1.0,1.0,6.910858226647701,1.0,1.0,1.8581081081081063,9.210526315789465,8.623755334281654,7.290184921763874,4.089615931721191,0.2844950213371291,11.966571834992891,0.6756756756756772,0.3378378378378386,3.7162162162162176,1.0135135135135016,4.391891891891888,1.0135135135135158
2986,CDU,250,19,1.0,1.0,4.717875770507348,1.0,1.0,1.2950450450450421,5.423186344238978,5.796586059743959,2.080369843527741,3.982930298719765,5.4054054054054035,5.618776671408241,2.0270270270270174,0.6756756756756772,0.6756756756756772,2.364864864864863,1.0135135135135087,1.0135135135135087
4257,FDP,250,19,1.0,1.0,3.1679706021811307,1.0,1.0,1.1261261261261286,0.9779516358463738,4.569701280227605,6.063300142247506,3.2183499288762505,3.9651493598862118,0.21337126600283796,4.391891891891888,0.3378378378378386,0.0,1.3513513513513686,0.6756756756756772,0.0
1844,FDP,250,19,0.0,1.0,3.9177335229966808,1.0,1.0,0.6193693693693696,1.369132290184929,2.3648648648648702,1.2980085348506378,8.623755334281647,7.3435277382645765,2.507112375533424,0.0,2.0270270270270245,0.3378378378378386,0.0,1.3513513513513544,0.0
1736,bunt.saar,250,19,1.0,1.0,5.242413466097678,1.0,1.0,1.1824324324324362,5.618776671408256,0.9068278805120968,7.752489331436692,2.9694167852062634,8.997155049786642,5.209815078236119,7.105427357601002e-15,1.01351351351353,2.0270270270270316,1.0135135135135158,2.0270270270270174,1.0135135135135158
3694,SPD,250,19,0.0,0.0,8.075509720246567,0.0,1.0,1.632882882882889,2.8271692745377024,7.734708392603125,11.201991465149362,4.107396870554773,13.264580369843529,9.317211948790913,0.6756756756756772,1.689189189189193,2.364864864864863,0.3378378378378457,3.378378378378386,1.3513513513513686
1629,DIE LINKE,250,19,1.0,0.0,4.089615931721197,1.0,0.0,3.3220720720720736,1.6002844950213486,1.6002844950213486,9.050497866287337,2.8449502133712556,4.036273115220489,5.4054054054054035,7.0945945945945965,0.6756756756756772,3.7162162162162176,4.729729729729726,1.0135135135135158,2.702702702702709
4797,bunt.saar,250,19,0.0,1.0,2.767899478425793,1.0,1.0,5.686936936936938,2.2048364153627347,5.245376955903275,0.8534850640113802,2.7560455192034112,2.43598862019914,3.1116642958748173,6.081081081081088,0.0,7.0945945945945965,6.081081081081074,7.0945945945945965,7.770270270270274
343,Die Grünen,250,19,0.0,0.0,6.285561877667143,0.0,0.0,2.9842342342342327,3.413940256045514,0.17780938833571014,10.06401137980086,7.076813655761022,8.410384068278809,8.570412517780944,0.0,1.689189189189193,3.0405405405405332,5.067567567567565,4.054054054054056,4.054054054054049
4110,CDU,250,19,1.0,0.0,5.4972735893788505,1.0,1.0,2.4774774774774784,8.07254623044097,3.662873399715501,6.490042674253196,4.302987197724036,7.734708392603132,2.720483641536269,0.6756756756756701,3.378378378378379,4.054054054054056,0.6756756756756772,2.3648648648648702,3.7162162162162176
395,CDU,250,19,1.0,1.0,2.708629682313893,1.0,0.0,3.5472972972972996,4.071834992887624,4.587482219061165,1.3335704125177799,4.338549075391185,0.6045519203413932,1.3157894736842124,2.0270270270270316,5.743243243243242,5.067567567567572,0.6756756756756772,3.7162162162162176,4.054054054054056
2165,DIE LINKE,250,19,0.0,1.0,3.556187766714082,0.0,1.0,2.477477477477482,1.1024182076813602,4.711948790896166,0.26671408250355455,4.107396870554773,7.130156472261731,4.018492176386907,3.378378378378379,0.6756756756756914,4.391891891891888,1.013513513513523,4.391891891891895,1.0135135135135158
475,SPD,250,19,0.0,1.0,4.9697724039829305,0.0,1.0,1.9144144144144164,2.2403982930298625,4.42745376955903,11.148648648648653,1.0312944523470904,6.738975817923183,4.231863442389766,0.6756756756756843,1.3513513513513402,3.7162162162162176,2.3648648648648702,3.378378378378386,0.0
746,FDP,250,19,0.0,1.0,3.582859174964439,0.0,1.0,2.927927927927925,1.760312944523477,3.3605974395447973,5.583214793741114,4.302987197724043,5.867709815078236,0.6223328591749677,6.418918918918926,3.378378378378372,3.7162162162162105,0.6756756756756701,2.364864864864863,1.0135135135135087
1121,bunt.saar,250,19,1.0,0.0,7.177572309151258,1.0,1.0,0.6756756756756749,3.8229018492176436,4.943100995732571,9.032716927453777,4.089615931721191,15.558321479374108,5.618776671408256,0.6756756756756772,0.0,2.0270270270270316,0.0,1.3513513513513402,0.0
5183,Die Grünen,250,19,0.0,0.0,4.703058321479372,1.0,1.0,2.0270270270270294,1.653627311522051,3.3250355618776624,8.108108108108098,0.08890469416785152,8.997155049786635,6.045519203413939,1.689189189189186,0.6756756756756843,2.7027027027026946,5.067567567567565,0.6756756756756914,1.3513513513513544
2176,FDP,250,19,0.0,0.0,5.245376955903272,1.0,1.0,1.5765765765765767,7.414651493598868,0.10668563300142608,1.0668563300142253,8.445945945945944,9.423897581792318,5.014224751066855,1.3513513513513473,1.0135135135135087,0.6756756756756701,1.3513513513513615,1.689189189189193,3.378378378378379
1166,CDU,250,19,1.0,0.0,2.5723091512565226,1.0,1.0,2.0270270270270223,1.5647226173541924,1.866998577524896,1.5647226173541924,7.02347083926032,2.1337126600284577,1.2802275960170775,3.0405405405405403,1.689189189189186,2.364864864864863,2.0270270270270174,0.6756756756756701,2.364864864864856
4333,CDU,250,19,1.0,1.0,2.0418444760550023,0.0,0.0,3.32207207207207,3.271692745376953,2.6315789473684177,1.6002844950213486,1.5647226173541924,1.8492176386913215,1.3335704125177799,0.6756756756756701,1.689189189189193,3.378378378378379,3.378378378378372,6.418918918918919,4.391891891891888
3291,Die Grünen,250,19,1.0,0.0,5.953651019440495,1.0,1.0,1.9707207207207194,0.8001422475106708,4.9075391180654435,5.672119487908958,1.4224751066856243,14.704836415362742,8.214793741109531,2.0270270270270245,2.364864864864856,0.675675675675663,2.702702702702709,1.689189189189193,2.3648648648648702
2173,CDU,250,19,0.0,0.0,1.88181602655287,0.0,0.0,4.110360360360359,1.6358463726884764,1.0490753911806578,1.5291607396870575,0.6401137980085352,3.840682788051211,2.5960170697012828,0.0,6.081081081081081,7.770270270270267,2.7027027027027017,5.067567567567565,3.0405405405405403
211,DIE LINKE,250,19,0.0,0.0,3.2687292555713596,1.0,0.0,5.743243243243245,5.0853485064011394,2.0270270270270316,0.7645803698435216,5.1209103840682815,0.21337126600283796,6.401137980085345,3.378378378378372,5.4054054054054035,3.7162162162162176,6.081081081081088,8.108108108108112,7.770270270270274
1132,bunt.saar,250,19,1.0,1.0,7.23684210526316,1.0,1.0,0.957207207207207,0.4978662873399671,1.8492176386913286,10.25960170697013,10.25960170697013,13.691322901849226,6.863442389758177,1.0135135135135158,0.3378378378378386,0.6756756756756772,0.3378378378378386,2.0270270270270316,1.3513513513513402
1000,Die Grünen,250,19,1.0,0.0,6.223328591749646,1.0,1.0,3.265765765765765,4.729729729729726,4.17852062588905,5.103129445234707,4.12517780938834,12.233285917496453,6.970128022759603,3.0405405405405403,1.013513513513523,4.054054054054049,2.364864864864863,4.054054054054049,5.067567567567565
269,SPD,250,19,0.0,0.0,6.012920815552394,0.0,0.0,2.9279279279279287,9.40611664295875,6.169985775248925,0.49786628733995997,5.138691322901856,9.797297297297305,5.067567567567565,0.6756756756756701,3.0405405405405475,1.689189189189193,2.364864864864856,4.391891891891902,5.4054054054054035
2985,Die Grünen,250,19,1.0,1.0,7.447249881460408,1.0,1.0,1.0698198198198163,1.0846372688477999,5.245376955903275,6.383357041251784,4.054054054054049,16.429587482219056,11.486486486486484,1.689189189189186,0.6756756756756701,0.675675675675663,0.3378378378378315,1.689189189189193,1.3513513513513544
2717,FDP,250,19,0.0,1.0,5.42911332385017,1.0,1.0,4.054054054054057,2.00924608819345,4.925320056899011,5.51209103840683,5.992176386913229,6.934566145092475,7.201280227596023,5.405405405405411,4.391891891891888,3.0405405405405403,3.0405405405405475,5.067567567567572,3.378378378378386
5083,CDU,250,19,0.0,0.0,4.8719772403982935,1.0,1.0,1.013513513513517,8.481507823613093,2.6671408250355597,2.720483641536269,6.490042674253203,8.143669985775247,0.7290184921763867,0.3378378378378457,2.0270270270270316,0.6756756756756772,0.6756756756756772,0.6756756756756772,1.689189189189193
2475,CDU,250,19,0.0,0.0,3.21538643907065,1.0,1.0,0.7882882882882877,1.6714082503556114,4.943100995732571,0.017780938833574567,3.556187766714082,6.152204836415365,2.951635846372696,0.3378378378378386,0.3378378378378386,0.6756756756756701,1.3513513513513473,2.0270270270270316,0.0
3552,SPD,250,19,0.0,0.0,5.197961119013754,1.0,1.0,1.4639639639639601,3.2183499288762576,2.151493598862025,5.209815078236119,6.045519203413939,7.539118065433861,7.02347083926032,0.3378378378378244,2.364864864864863,1.689189189189193,0.6756756756756701,1.3513513513513473,2.364864864864863
3863,FDP,250,19,1.0,0.0,2.637505926979608,1.0,1.0,4.898648648648648,3.2539118065433854,6.507823613086771,0.8890469416785152,0.1422475106685539,1.1024182076813673,3.9295874822190555,8.783783783783782,5.067567567567565,0.3378378378378386,7.770270270270274,3.378378378378372,4.054054054054056
1681,CDU,250,19,0.0,0.0,3.055357989568519,0.0,1.0,1.2950450450450444,7.343527738264598,5.583214793741114,0.3378378378378386,0.7467994310099471,2.6849217638691414,1.6358463726884764,0.3378378378378386,1.689189189189186,2.0270270270270245,3.0405405405405475,0.0,0.6756756756756701
2633,Die Grünen,250,19,1.0,0.0,4.335585585585587,1.0,0.0,2.2522522522522515,9.77951635846373,3.200568990042669,2.3648648648648702,1.3157894736842124,4.249644381223341,5.1031294452347,2.702702702702709,1.0135135135135087,1.689189189189193,0.3378378378378386,4.054054054054042,3.7162162162162176
5210,Die Grünen,250,19,1.0,0.0,4.664532954006642,0.0,1.0,1.914414414414414,2.1337126600284577,1.7425320056898954,7.2012802275960155,1.0846372688477928,10.312944523470854,5.512091038406837,3.378378378378393,0.3378378378378528,2.364864864864856,1.689189189189186,0.3378378378378244,3.378378378378372
2800,FDP,250,19,1.0,1.0,6.069227121858702,1.0,1.0,3.3220720720720727,8.570412517780944,3.840682788051211,8.926031294452343,4.516358463726888,9.246088193456615,1.3157894736842124,0.6756756756756772,2.0270270270270316,5.743243243243235,4.391891891891902,4.729729729729726,2.364864864864863
4795,bunt.saar,250,19,1.0,1.0,3.6569464201043105,1.0,1.0,1.6891891891891895,0.07112375533427695,1.0846372688477857,5.032005689900423,6.241109530583209,5.565433854907539,3.94736842105263,0.3378378378378457,2.3648648648648702,0.6756756756756772,1.3513513513513473,0.6756756756756701,4.729729729729726
387,FDP,250,19,1.0,0.0,2.711593172119484,1.0,1.0,2.5337837837837824,0.9601706970128063,2.578236130867701,2.8449502133712627,5.138691322901849,3.7873399715504945,0.9601706970127921,0.3378378378378315,3.7162162162162176,3.0405405405405403,2.0270270270270316,3.378378378378379,2.7027027027026946
1814,FDP,250,19,1.0,1.0,3.3161450924608835,1.0,1.0,1.3513513513513473,3.44950213371267,3.2539118065433854,2.8449502133712663,4.463015647226172,2.3115220483641536,3.573968705547653,1.0135135135135087,0.3378378378378315,2.7027027027027053,1.3513513513513402,1.3513513513513473,1.3513513513513509
2567,Die Grünen,250,19,0.0,0.0,4.163703176861073,1.0,1.0,1.2387387387387367,2.8982930298719793,0.6756756756756772,6.8100995732574745,2.435988620199147,9.014935988620195,3.1472261735419664,0.6756756756756701,1.689189189189193,2.0270270270270316,1.689189189189186,0.675675675675663,0.6756756756756772
2634,bunt.saar,250,19,0.0,1.0,2.7323376007586533,0.0,1.0,0.7882882882882901,2.578236130867701,0.3911806543385552,1.3335704125177799,0.46230440967283215,6.916785206258886,4.711948790896166,0.3378378378378386,0.0,2.0270270270270174,0.6756756756756772,0.3378378378378386,1.3513513513513686
3875,FDP,250,19,1.0,1.0,3.8080844001896614,1.0,0.0,3.15315315315315,6.507823613086771,6.899004267425319,0.5689900426742511,0.9246088193456643,3.9295874822190555,4.018492176386907,3.0405405405405332,1.3513513513513473,3.0405405405405403,4.054054054054063,3.378378378378372,4.054054054054042
2139,FDP,250,19,1.0,1.0,4.71787577050735,1.0,1.0,1.0698198198198192,11.984352773826451,1.6002844950213415,2.7382645803698438,7.112375533428171,1.6358463726884764,3.2361308677098144,2.3648648648648702,0.6756756756756772,0.3378378378378386,0.675675675675663,1.3513513513513544,1.0135135135135123
2117,DIE LINKE,250,19,0.0,1.0,7.847321005215744,0.0,1.0,1.8581081081081063,3.378378378378379,7.290184921763881,4.658605974395449,5.600995732574681,16.571834992887617,9.58392603129446,1.0135135135135158,1.689189189189193,0.3378378378378386,1.0135135135135087,2.7027027027026946,4.391891891891888
3406,FDP,250,19,1.0,1.0,5.849928876244671,1.0,1.0,2.3648648648648662,5.600995732574688,3.840682788051218,4.836415362731152,5.938833570412527,8.997155049786628,5.88549075391181,1.3513513513513473,2.0270270270270316,3.040540540540537,1.3513513513513544,4.391891891891895,2.0270270270270316
25,bunt.saar,250,19,1.0,1.0,6.555239449976295,1.0,1.0,2.195945945945945,1.2802275960170704,5.28093883357041,10.099573257468002,4.480796586059739,10.384068278805131,7.805832147937416,4.391891891891895,2.364864864864863,2.0270270270270316,2.7027027027027017,0.0,1.6891891891891788
5139,Die Grünen,250,19,1.0,1.0,9.423897581792318,1.0,1.0,1.1261261261261264,4.676386913229017,6.152204836415365,11.326458036984349,4.480796586059739,16.35846372688478,13.549075391180658,2.0270270270270245,0.6756756756756772,2.3648648648648702,1.0135135135135087,0.3378378378378386,0.3378378378378386
2662,bunt.saar,250,19,1.0,1.0,6.081081081081085,1.0,1.0,1.7454954954954982,0.4445234708392647,0.16002844950213557,10.846372688477949,6.934566145092475,11.290896159317214,6.8100995732574745,1.0135135135135158,0.3378378378378386,2.7027027027026946,2.0270270270270387,1.689189189189193,2.702702702702709
5221,FDP,250,19,1.0,1.0,3.728070175438597,1.0,1.0,1.6328828828828819,5.28093883357041,0.9957325746799413,2.1692745376955926,8.125889046941687,1.5291607396870575,4.267425320056894,0.6756756756756701,0.3378378378378386,2.7027027027027017,4.391891891891888,0.3378378378378386,1.3513513513513544
85,Die Grünen,250,19,1.0,0.0,3.4702465623518286,1.0,1.0,2.533783783783781,0.16002844950213557,4.640825035561882,1.9381223328591801,0.01778093883356746,10.91749644381224,3.1472261735419664,2.702702702702709,1.3513513513513473,2.0270270270270316,4.391891891891888,0.675675675675663,4.054054054054049
1837,CDU,250,19,1.0,1.0,5.624703651019441,0.0,1.0,1.126126126126124,7.62802275960172,2.044807965860592,3.236130867709811,10.241820768136563,9.477240398293027,1.1201991465149348,0.3378378378378386,2.702702702702709,1.0135135135135087,1.3513513513513402,0.0,1.3513513513513473
3354,CDU,250,19,1.0,0.0,3.310218112849693,1.0,0.0,5.292792792792793,1.4224751066856385,4.640825035561875,2.1692745376955855,4.302987197724043,4.765291607396875,2.5604551920341407,1.01351351351353,6.756756756756758,7.770270270270274,2.364864864864856,6.081081081081074,7.770270270270267
1296,Die Grünen,250,19,1.0,0.0,4.119250829777144,0.0,1.0,2.8716216216216233,2.5960170697012828,4.694167852062584,1.0135135135135158,4.765291607396868,9.334992887624459,2.3115220483641536,1.0135135135135087,1.3513513513513544,3.0405405405405475,1.689189189189186,4.054054054054063,6.081081081081081
396,FDP,250,19,1.0,0.0,1.5884305357989597,1.0,1.0,4.673423423423421,1.0490753911806578,4.107396870554773,1.5825035561877598,2.275960170697026,0.3022759601707037,0.21337126600283796,3.7162162162162176,3.0405405405405332,6.081081081081074,2.364864864864863,5.743243243243249,7.094594594594589
793,CDU,250,19,0.0,1.0,5.135727833096252,0.0,1.0,2.6463963963963955,3.94736842105263,7.005689900426745,2.7560455192034112,1.3513513513513473,9.477240398293027,6.276671408250351,2.3648648648648702,1.689189189189186,1.0135135135135158,4.391891891891881,5.067567567567558,1.3513513513513615
2934,FDP,250,19,1.0,1.0,3.7991939307728777,0.0,0.0,6.531531531531532,7.432432432432435,1.831436699857747,2.2403982930298696,5.387624466571829,2.489331436699864,3.413940256045521,3.378378378378379,3.7162162162162176,7.094594594594589,6.756756756756758,7.770270270270274,10.472972972972975
2059,FDP,250,19,1.0,1.0,3.8466097676624003,1.0,1.0,1.1261261261261286,3.591749644381224,2.987197724039838,2.1337126600284506,4.356330014224746,6.312233285917493,3.69843527738265,0.3378378378378386,0.6756756756756843,2.0270270270270316,2.3648648648648702,1.3513513513513473,0.0
490,bunt.saar,250,19,1.0,1.0,4.101469890943572,1.0,1.0,1.4076576576576596,4.640825035561875,3.0405405405405332,7.539118065433854,0.4800853485063996,6.454480796586061,2.4537695590327075,0.3378378378378386,2.702702702702709,1.3513513513513544,1.3513513513513473,0.3378378378378386,2.3648648648648702
4374,Die Grünen,250,19,0.0,0.0,5.642484589853015,0.0,0.0,1.182432432432434,4.249644381223341,1.618065433854909,5.245376955903275,5.51209103840683,9.192745376955905,8.036984352773828,1.3513513513513615,2.364864864864856,0.6756756756756701,1.3513513513513544,0.6756756756756772,0.6756756756756843
3589,FDP,250,19,1.0,0.0,2.444879089615931,1.0,1.0,1.970720720720724,3.6806543385490826,6.721194879089616,0.6045519203413932,0.0889046941678373,1.0312944523470833,2.5426742532005733,3.0405405405405332,1.689189189189186,0.3378378378378457,6.4189189189189335,0.3378378378378457,0.0
3797,Die Grünen,250,19,1.0,1.0,3.8169748696064496,0.0,1.0,5.2927927927927945,4.320768136557611,1.0490753911806578,4.338549075391185,5.369843527738269,2.9871977240398238,4.836415362731152,0.6756756756756772,7.094594594594589,3.7162162162162105,5.743243243243242,6.418918918918926,8.10810810810812
4496,FDP,250,19,1.0,0.0,3.814011379800855,1.0,1.0,2.3085585585585604,1.3335704125177799,1.191322901849226,8.054765291607403,2.4893314366998567,4.17852062588905,5.636557610241816,4.7297297297297405,1.0135135135135158,3.378378378378393,1.3513513513513402,1.0135135135135087,2.364864864864863
4543,DIE LINKE,250,19,0.0,0.0,9.106804172593646,0.0,0.0,6.9256756756756745,6.98790896159317,11.575391180654336,12.037695590327168,4.054054054054056,10.472972972972968,9.512802275960176,6.418918918918912,5.067567567567565,7.432432432432435,2.7027027027027017,10.13513513513513,9.797297297297305
2468,SPD,250,19,0.0,0.0,5.221669037458512,0.0,0.0,3.3220720720720736,1.0490753911806578,6.578947368421048,5.796586059743959,0.8357041251778057,8.232574679943106,8.837126600284499,3.7162162162162176,1.689189189189186,2.702702702702709,0.6756756756756772,5.4054054054054035,5.743243243243249
1472,CDU,250,19,1.0,0.0,5.040896159317209,1.0,0.0,3.885135135135137,4.320768136557611,8.854907539118052,3.1294452347083777,1.795874822190612,6.436699857752494,5.707681365576107,5.405405405405396,1.013513513513523,4.054054054054042,4.054054054054063,4.391891891891902,4.391891891891895
4879,CDU,250,19,1.0,1.0,3.253911806543382,1.0,0.0,3.265765765765765,2.6493598862019923,3.840682788051211,3.520625889046933,1.2802275960170704,6.792318634423893,1.4402560455191917,1.3513513513513544,0.6756756756756772,4.729729729729726,3.378378378378379,7.0945945945945965,2.364864864864856
3884,CDU,250,19,1.0,1.0,4.631934566145092,1.0,1.0,2.308558558558557,6.952347083926043,5.067567567567565,0.3378378378378386,5.494310099573248,7.2368421052631575,2.7027027027027017,1.689189189189193,0.3378378378378386,4.391891891891888,0.3378378378378386,1.689189189189186,5.405405405405396
2625,bunt.saar,250,19,1.0,1.0,8.392603129445236,1.0,1.0,1.182432432432428,5.352062588904694,6.614509246088197,7.6635846372688405,9.743954480796582,12.233285917496445,8.748221906116655,1.689189189189193,1.3513513513513473,2.0270270270270174,1.0135135135135087,0.3378378378378244,0.6756756756756772
4819,FDP,250,19,0.0,1.0,2.2848506401137954,0.0,1.0,1.6891891891891895,0.37339971550497353,0.426742532005683,1.1024182076813673,7.912517780938828,1.795874822190612,2.0981507823613086,2.0270270270270245,2.7027027027026946,1.3513513513513544,1.3513513513513544,0.3378378378378386,2.3648648648648702
2269,bunt.saar,250,19,0.0,0.0,5.150545282124223,0.0,1.0,1.520270270270263,2.3115220483641536,6.169985775248925,3.6806543385490826,1.1557610241820626,9.939544807965845,7.645803698435266,1.689189189189186,0.6756756756756701,0.3378378378378244,0.6756756756756701,2.7027027027026946,3.0405405405405332
4329,DIE LINKE,250,19,1.0,0.0,4.7386201991465144,1.0,0.0,0.9009009009008982,7.770270270270274,3.94736842105263,3.840682788051211,5.174253200568991,4.551920341394016,3.1472261735419664,1.0135135135135158,0.3378378378378386,0.6756756756756701,2.0270270270270245,0.675675675675663,0.6756756756756772
3968,FDP,250,19,1.0,1.0,3.7725225225225203,1.0,1.0,1.0135135135135147,2.4537695590327075,0.2844950213371291,4.409672830725455,5.565433854907539,1.1024182076813673,8.819345661450924,2.7027027027027017,0.3378378378378457,0.0,1.689189189189186,0.6756756756756737,0.6756756756756808
3095,CDU,250,19,1.0,1.0,2.9960881934566146,1.0,1.0,1.7454954954954947,4.42745376955903,1.4224751066856385,3.0761024182076824,2.9871977240398238,1.3691322901849219,4.694167852062591,1.6891891891891788,0.3378378378378386,2.0270270270270316,2.7027027027027017,3.0405405405405403,0.6756756756756772
4203,FDP,250,19,1.0,1.0,6.638217164532957,1.0,1.0,4.6734234234234195,10.455192034139415,7.432432432432435,7.556899004267429,2.3115220483641536,3.7162162162162176,8.357041251778092,3.7162162162162033,4.054054054054056,6.081081081081081,3.0405405405405332,5.067567567567565,6.081081081081081
1761,bunt.saar,250,19,0.0,0.0,1.8344001896633462,0.0,1.0,4.729729729729731,3.7517780938833525,0.7645803698435216,0.23115220483641252,1.2446657183499354,2.258179231863444,2.7560455192034112,5.4054054054054035,6.418918918918912,4.729729729729726,3.378378378378393,5.067567567567572,3.378378378378379
906,CDU,250,19,1.0,1.0,3.2242769084874374,1.0,0.0,3.7725225225225203,1.689189189189193,3.6450924608819335,1.6714082503556256,10.170697012802279,0.053342816500716594,2.115931721194876,2.702702702702709,1.689189189189186,4.054054054054042,4.391891891891881,4.391891891891895,5.405405405405411
3233,bunt.saar,250,19,1.0,0.0,5.008297771455666,1.0,0.0,2.4774774774774855,0.49786628733995997,2.9871977240398238,6.738975817923183,3.200568990042669,7.681365576102436,8.943812233285925,0.6756756756756843,5.405405405405411,1.0135135135135158,0.3378378378378386,1.01351351351353,6.4189189189189335
1329,SPD,250,19,0.0,0.0,3.8584637268847763,1.0,0.0,1.8581081081081088,1.475817923186355,4.87197724039828,0.26671408250354744,3.805120910384062,7.5924608819345565,5.138691322901856,6.081081081081088,1.689189189189193,2.0270270270270316,0.3378378378378386,0.6756756756756701,0.3378378378378315
4238,bunt.saar,250,19,1.0,0.0,2.3767188240872437,1.0,1.0,4.335585585585586,2.9871977240398238,0.6578947368421026,0.8001422475106637,2.2403982930298696,7.325746799431002,0.2489331436700013,1.689189189189186,4.054054054054063,6.756756756756758,4.729729729729733,3.0405405405405475,5.743243243243228
4532,CDU,250,19,1.0,0.0,2.7827169274537695,1.0,0.0,1.6891891891891884,0.37339971550498063,2.1692745376955855,2.044807965860592,9.512802275960176,1.4224751066856385,1.1735419630156443,2.3648648648648702,2.0270270270270245,0.3378378378378244,2.3648648648648702,1.689189189189186,1.3513513513513544
5028,CDU,250,19,0.0,0.0,4.030346135609292,0.0,0.0,3.8851351351351355,8.108108108108105,0.21337126600283796,3.1827880512090942,6.756756756756758,4.569701280227605,1.3513513513513473,0.6756756756756701,1.3513513513513544,6.081081081081074,0.3378378378378457,8.445945945945944,6.418918918918926
3629,CDU,250,19,0.0,0.0,5.926979611190139,0.0,1.0,3.4346846846846844,10.970839260312943,4.587482219061165,7.21906116642959,2.7382645803698438,2.0981507823613086,7.948079658605984,3.378378378378379,2.364864864864863,3.0405405405405403,9.459459459459453,1.0135135135135158,1.3513513513513544
3812,CDU,250,19,1.0,1.0,4.32076813655761,0.0,1.0,3.09684684684685,3.022759601706973,0.17780938833571014,7.574679943100996,3.556187766714082,8.001422475106686,3.59174964438121,1.689189189189193,6.081081081081081,1.689189189189193,3.0405405405405332,1.3513513513513615,4.7297297297297405
1326,DIE LINKE,250,19,0.0,1.0,2.029990516832617,0.0,1.0,3.0405405405405403,1.4935988620199083,2.293741109530579,1.0135135135135087,4.445234708392597,0.8890469416785152,2.044807965860592,4.054054054054056,0.0,5.4054054054054035,1.013513513513523,4.729729729729726,3.0405405405405332
5059,DIE LINKE,250,19,1.0,1.0,3.0316500711237566,1.0,0.0,1.9144144144144153,3.8229018492176436,2.5960170697012828,4.925320056899004,0.21337126600283796,3.413940256045514,3.2183499288762576,2.0270270270270316,0.0,0.3378378378378386,2.364864864864863,2.7027027027026946,4.054054054054063
2169,CDU,250,19,1.0,1.0,3.0257230915125675,1.0,0.0,5.067567567567568,4.8364153627311595,3.0049786628733983,3.6095305832147915,3.3961593172119535,1.760312944523477,1.546941678520625,2.0270270270270316,7.770270270270274,6.081081081081081,0.6756756756756701,5.405405405405411,8.445945945945944
4136,FDP,250,19,1.0,0.0,3.683617828354668,1.0,0.0,11.036036036036032,4.018492176386907,4.747510668563294,1.4224751066856243,4.249644381223334,3.378378378378379,4.285206258890469,1.0135135135135087,11.486486486486491,13.851351351351354,11.148648648648646,13.851351351351347,14.864864864864856
3507,CDU,250,19,0.0,0.0,5.346135609293502,0.0,0.0,5.968468468468468,6.827880512091042,5.47652916073968,2.951635846372696,10.08179231863442,5.352062588904694,1.3869132290184822,0.0,8.445945945945951,9.797297297297291,5.743243243243235,6.081081081081081,5.743243243243249
233,CDU,250,19,0.0,0.0,2.598980559506874,0.0,0.0,3.0405405405405426,5.316500711237566,0.03556187766713492,1.4402560455191917,5.4054054054054035,0.40896159317212266,2.9871977240398238,3.7162162162162176,1.013513513513523,3.378378378378379,1.3513513513513473,3.7162162162162176,5.067567567567572
1355,CDU,250,19,1.0,0.0,2.6375059269796055,1.0,1.0,2.1396396396396375,3.307254623044095,1.9203413940255984,0.1422475106685539,6.241109530583209,0.1422475106685539,4.071834992887624,2.364864864864856,1.0135135135135087,3.378378378378379,2.0270270270270316,1.3513513513513544,2.7027027027026946
2554,CDU,250,19,1.0,0.0,3.665836889521097,1.0,0.0,2.308558558558559,5.7254623044096675,2.7204836415362763,1.1557610241820626,3.485064011379805,5.4409672830725455,3.4672830725462234,4.729729729729726,3.7162162162162176,0.3378378378378457,2.0270270270270245,3.0405405405405403,0.0
4833,Die Grünen,250,19,1.0,1.0,5.1357278330962535,1.0,1.0,3.7725225225225194,0.23115220483641252,5.974395448079662,6.596728307254622,1.440256045519206,10.081792318634413,6.490042674253203,4.729729729729726,3.0405405405405403,3.7162162162162105,4.391891891891895,3.7162162162161962,3.0405405405405475
2501,Die Grünen,250,19,1.0,0.0,5.212778568041725,1.0,0.0,2.8153153153153205,0.49786628733995997,2.4182076813655797,4.089615931721191,6.685633001422481,8.659317211948796,8.926031294452343,3.7162162162162176,2.7027027027027017,1.689189189189193,4.054054054054056,0.6756756756756914,4.054054054054063
4894,bunt.saar,250,19,1.0,0.0,7.467994310099571,1.0,1.0,3.153153153153152,1.404694167852064,4.2140825035561775,12.108819345661445,4.17852062588905,12.837837837837839,10.064011379800853,3.0405405405405332,2.3648648648648702,4.729729729729726,1.3513513513513473,2.3648648648648702,5.067567567567565
845,CDU,250,19,0.0,0.0,3.188715030820292,0.0,0.0,2.0833333333333335,4.640825035561882,6.792318634423893,0.7645803698435216,0.7290184921763796,3.769559032716927,2.435988620199147,0.3378378378378457,2.364864864864863,2.0270270270270316,5.743243243243228,0.3378378378378457,1.689189189189186
77,DIE LINKE,250,19,1.0,0.0,1.5469416785206274,0.0,1.0,3.490990990990987,0.3911806543385552,1.1557610241820697,3.3961593172119606,0.1955903271692776,2.6137980085348573,1.5291607396870432,2.0270270270270245,2.364864864864856,3.378378378378372,2.7027027027027017,5.4054054054054035,5.067567567567565
223,FDP,250,19,1.0,1.0,6.143314366998577,1.0,1.0,4.954954954954956,4.2140825035561775,4.587482219061172,8.997155049786628,5.761024182076817,3.8584637268847786,9.441678520625885,2.0270270270270316,6.081081081081081,5.743243243243242,3.378378378378386,5.743243243243242,6.756756756756751
3687,CDU,250,19,1.0,0.0,3.639165481270743,1.0,0.0,5.236486486486487,1.0668563300142182,2.1337126600284577,4.783072546230443,5.849928876244675,4.818634423897571,3.1827880512090942,0.3378378378378386,4.391891891891881,8.108108108108105,2.702702702702709,10.135135135135137,5.743243243243249
869,FDP,250,19,0.0,1.0,2.6167614983404497,1.0,1.0,2.4211711711711685,3.058321479374115,3.09388335704125,2.3115220483641536,1.9381223328591872,4.445234708392604,0.8534850640113874,4.054054054054056,0.0,0.6756756756756701,4.054054054054042,1.689189189189186,4.054054054054056
4859,FDP,250,19,0.0,1.0,4.874940730203888,1.0,0.0,0.6193693693693684,1.618065433854909,7.076813655761029,2.6315789473684177,10.899715504978658,3.2539118065433854,3.769559032716927,0.0,1.3513513513513473,2.0270270270270316,0.0,0.3378378378378315,0.0
1757,FDP,250,19,0.0,1.0,1.395803698435273,0.0,1.0,2.7027027027026995,0.0889046941678373,0.49786628733995997,2.7027027027026946,2.115931721194869,1.369132290184929,1.6002844950213486,1.3513513513513402,4.054054054054042,1.3513513513513615,3.7162162162162105,1.689189189189186,4.054054054054056
2028,Die Grünen,250,19,1.0,1.0,5.518018018018019,1.0,1.0,1.4076576576576585,0.053342816500716594,9.121621621621621,6.365576102418217,0.7467994310099542,7.3079658605974345,9.51280227596017,1.013513513513523,1.0135135135135087,2.364864864864856,0.3378378378378386,2.3648648648648702,1.3513513513513544
4691,Die Grünen,250,19,0.0,0.0,4.095542911332381,0.0,1.0,2.927927927927931,0.9246088193456643,2.43598862019914,7.2012802275960155,0.9957325746799413,6.472261735419622,6.543385490753906,2.702702702702709,0.3378378378378386,2.3648648648648702,4.054054054054056,3.7162162162162247,4.391891891891888
3224,Die Grünen,250,19,0.0,0.0,4.255571360834516,0.0,0.0,5.405405405405407,2.4537695590327075,10.348506401137975,2.258179231863444,1.831436699857747,2.258179231863444,6.383357041251777,0.0,1.3513513513513473,6.081081081081088,7.432432432432435,8.445945945945944,9.121621621621628
2903,Die Grünen,250,19,1.0,0.0,4.498577524893316,0.0,0.0,1.5202702702702666,1.2446657183499354,2.293741109530579,5.0497866287340045,0.46230440967283215,8.303698435277383,9.637268847795163,0.3378378378378244,0.3378378378378386,2.3648648648648702,1.689189189189193,0.675675675675663,3.7162162162162105
4712,FDP,250,19,1.0,0.0,3.348743480322426,1.0,1.0,3.265765765765766,1.973684210526315,7.04125177809388,2.3470839260312886,4.694167852062584,3.2539118065433854,0.7823613086771033,1.689189189189193,4.729729729729726,4.054054054054056,0.6756756756756772,4.054054054054056,4.391891891891888
5130,FDP,250,19,1.0,1.0,9.551327643432908,1.0,1.0,0.7882882882882866,8.783783783783782,5.45874822190612,8.392603129445234,9.637268847795163,9.63726884779517,15.39829302987198,1.0135135135135087,0.6756756756756701,0.33783783783783505,1.0135135135135158,1.0135135135135158,0.6756756756756737
3901,FDP,250,19,1.0,0.0,4.261498340445712,1.0,1.0,1.1261261261261264,8.908250355618776,0.4978662873399671,0.5156472261735487,5.761024182076817,3.342816500711244,6.54338549075392,0.0,2.364864864864863,0.3378378378378386,0.0,2.7027027027027017,1.3513513513513544
501,FDP,250,19,1.0,1.0,8.416311047889998,1.0,1.0,0.8445945945945977,9.103840682788054,5.529871977240397,9.88620199146515,2.418207681365587,16.216216216216218,7.343527738264584,0.3378378378378386,0.0,0.3378378378378386,1.01351351351353,3.378378378378379,0.0
1020,CDU,250,19,1.0,0.0,5.633594120436226,0.0,0.0,1.3513513513513498,0.2489331436699942,3.7517780938833525,9.352773826458034,1.2268847795163538,14.527027027027032,4.694167852062591,1.0135135135135087,1.689189189189193,0.6756756756756772,2.3648648648648702,0.675675675675663,1.689189189189186
1643,Die Grünen,250,19,1.0,0.0,5.058677098150784,1.0,0.0,3.1531531531531507,6.827880512091042,5.636557610241816,3.876244665718353,0.5689900426742511,7.414651493598868,6.027738264580371,2.364864864864863,1.3513513513513544,3.0405405405405332,5.4054054054054035,3.7162162162162105,3.0405405405405403
3043,bunt.saar,250,19,0.0,0.0,7.201280227596015,1.0,1.0,1.689189189189193,3.4317211948790884,0.604551920341386,9.992887624466576,11.16642958748222,7.325746799431002,10.686344238975813,0.6756756756756843,2.0270270270270316,2.0270270270270316,2.364864864864863,2.0270270270270316,1.0135135135135158
3950,CDU,250,19,1.0,0.0,3.5739687055476517,0.0,1.0,2.0833333333333344,0.426742532005683,9.566145092460879,0.6578947368421098,2.5248933143669916,6.330014224751068,1.9381223328591801,3.7162162162162176,0.6756756756756701,1.689189189189186,4.391891891891895,0.3378378378378457,1.689189189189193
3742,FDP,250,19,1.0,1.0,4.12517780938834,1.0,1.0,1.1824324324324327,12.144381223328601,0.5334281650071233,0.1955903271692776,3.94736842105263,5.174253200568991,2.7560455192034183,3.0405405405405475,1.689189189189186,0.3378378378378315,0.0,0.6756756756756772,1.3513513513513544
217,CDU,250,19,1.0,1.0,2.5308202939781843,1.0,1.0,1.0698198198198163,0.9423897581792318,4.480796586059739,2.8449502133712556,1.2268847795163538,5.0853485064011394,0.604551920341386,1.689189189189186,1.3513513513513473,0.3378378378378386,1.0135135135135087,1.3513513513513544,0.675675675675663
482,bunt.saar,250,19,1.0,0.0,5.186107159791369,1.0,1.0,1.0135135135135112,5.725462304409675,7.0590327169274545,5.512091038406837,1.6714082503556256,9.42389758179231,1.7247510668563137,1.689189189189186,0.3378378378378386,0.6756756756756772,7.105427357601002e-15,1.6891891891891788,1.6891891891891788
4810,CDU,250,19,1.0,0.0,3.4583926031294454,1.0,0.0,1.6891891891891895,0.16002844950213557,3.44950213371267,4.338549075391185,0.7290184921763796,5.778805120910384,6.294452347083919,2.0270270270270174,1.689189189189186,0.6756756756756843,2.0270270270270316,0.6756756756756843,3.0405405405405332
4740,CDU,250,19,1.0,0.0,3.0079421526789942,0.0,0.0,1.6891891891891884,0.03556187766713492,4.587482219061172,5.0853485064011394,3.9295874822190555,2.5960170697012828,1.8136557610241795,1.3513513513513473,1.3513513513513544,1.689189189189193,2.364864864864863,0.0,3.378378378378372
4927,bunt.saar,250,19,0.0,1.0,6.392247510668564,0.0,0.0,2.9842342342342305,4.836415362731152,0.6934566145092447,9.441678520625892,5.138691322901856,11.006401137980085,7.23684210526315,0.6756756756756772,2.7027027027026946,5.743243243243242,0.6756756756756701,5.4054054054054035,2.7027027027026946
4375,FDP,250,19,1.0,1.0,3.8614272166903754,1.0,1.0,3.716216216216214,9.299431009957331,3.271692745376953,1.2091038406827934,2.507112375533424,3.627311522048366,3.2539118065433854,3.0405405405405332,4.054054054054056,4.729729729729726,5.067567567567565,0.3378378378378386,5.067567567567565
1153,FDP,250,19,0.0,0.0,2.933854907539119,1.0,1.0,3.265765765765765,3.69843527738265,2.8982930298719793,0.8712660028449548,2.115931721194869,3.733997155049792,4.285206258890469,1.689189189189186,3.7162162162162176,3.378378378378379,2.7027027027027017,3.7162162162162105,4.391891891891895
3169,bunt.saar,250,19,1.0,0.0,4.676386913229023,1.0,1.0,2.5900900900900936,1.689189189189186,0.1955903271692847,5.903271692745378,4.3029871977240575,10.170697012802272,5.796586059743959,0.3378378378378457,2.3648648648648702,4.7297297297297405,4.391891891891881,2.702702702702709,1.0135135135135158
5180,CDU,250,19,1.0,0.0,3.8021574205784794,1.0,0.0,2.3085585585585604,3.7339971550497992,5.600995732574688,0.21337126600283796,10.79302987197724,1.9381223328591872,0.5334281650071233,3.0405405405405546,1.0135135135135087,2.0270270270270245,3.7162162162162176,0.3378378378378386,3.7162162162162176
1464,FDP,250,19,0.0,1.0,2.593053579895681,1.0,1.0,2.7590090090090107,4.87197724039828,1.8492176386913215,1.6714082503556185,5.209815078236119,0.6756756756756772,1.2802275960170704,0.6756756756756701,4.729729729729733,2.702702702702709,1.3513513513513544,3.7162162162162176,3.378378378378379
3911,CDU,250,19,0.0,1.0,1.792911332385021,0.0,0.0,4.05405405405405,2.258179231863444,0.2489331436699942,1.6002844950213486,3.3961593172119535,2.435988620199147,0.8179231863442382,1.0135135135135087,4.054054054054049,2.0270270270270245,1.689189189189186,7.770270270270274,7.7702702702702595
5027,CDU,250,19,0.0,1.0,5.212778568041727,1.0,0.0,1.6328828828828819,7.82361308677099,4.17852062588905,0.426742532005683,8.268136557610234,5.796586059743959,4.783072546230443,1.3513513513513473,0.3378378378378386,0.0,2.702702702702709,2.364864864864856,3.0405405405405403
1151,FDP,250,19,1.0,1.0,4.664532954006638,1.0,1.0,5.2364864864864895,3.662873399715501,1.7780938833570374,7.752489331436703,5.832147937411094,5.618776671408256,3.3428165007112334,4.054054054054056,7.770270270270267,6.756756756756754,1.01351351351353,4.7297297297297405,7.094594594594589
2151,SPD,250,19,0.0,0.0,5.15054528212423,0.0,1.0,2.4211711711711685,2.2403982930298696,6.3122332859175,6.294452347083926,0.49786628733995997,10.650782361308679,4.9075391180654435,2.364864864864856,2.3648648648648702,1.689189189189193,3.0405405405405332,4.054054054054049,1.0135135135135087
3867,bunt.saar,250,19,1.0,0.0,6.312233285917493,1.0,0.0,1.1824324324324305,0.23115220483641252,7.5924608819345565,4.338549075391185,2.7027027027027017,17.17638691322901,5.832147937411094,0.0,1.0135135135135087,0.6756756756756772,1.3513513513513544,3.7162162162162033,0.3378378378378386
2019,Die Grünen,250,19,1.0,0.0,5.446894262683737,0.0,1.0,1.745495495495496,2.151493598862025,4.12517780938834,6.970128022759603,3.94736842105263,5.95661450924608,9.530583214793744,0.6756756756756772,1.3513513513513473,4.391891891891902,1.3513513513513473,1.0135135135135087,1.689189189189193
3284,CDU,250,19,1.0,0.0,3.6065670934091982,1.0,0.0,1.0698198198198188,3.698435277382636,5.778805120910384,1.404694167852064,7.147937411095306,2.0625889046941666,1.546941678520632,1.0135135135135016,2.364864864864863,0.3378378378378386,0.6756756756756772,1.689189189189193,0.3378378378378386
749,Die Grünen,250,19,1.0,1.0,7.9095542911332375,1.0,1.0,0.9009009009009041,3.8940256045519206,5.867709815078236,11.21977240398293,0.8712660028449477,12.464438122332858,13.140113798008535,0.0,1.013513513513523,1.0135135135135158,2.0270270270270316,0.3378378378378386,1.0135135135135158
4112,Die Grünen,250,19,1.0,1.0,3.6747273589378913,0.0,1.0,2.927927927927931,1.6358463726884764,4.249644381223341,7.112375533428178,0.46230440967283215,5.636557610241823,2.951635846372696,1.3513513513513473,3.378378378378393,3.0405405405405475,2.0270270270270245,2.3648648648648702,5.4054054054054035
2253,CDU,250,19,1.0,0.0,5.052750118539591,1.0,0.0,4.504504504504502,1.689189189189193,10.704125177809388,0.017780938833574567,9.103840682788054,6.561166429587473,2.2403982930298625,1.3513513513513402,4.054054054054063,5.067567567567565,0.6756756756756772,7.770270270270267,8.108108108108098
4677,CDU,250,19,0.0,1.0,3.4020862968231405,0.0,1.0,5.067567567567565,3.2894736842105345,2.258179231863444,1.6714082503556185,0.7112375533428192,11.948790896159316,0.5334281650071091,1.689189189189186,2.0270270270270245,7.432432432432428,5.4054054054054035,7.432432432432428,6.418918918918919
4291,bunt.saar,250,19,1.0,0.0,3.816974869606446,0.0,0.0,6.081081081081081,5.672119487908958,1.8847795163584706,3.94736842105263,7.3790896159317185,1.5647226173541924,2.4537695590327075,9.121621621621628,6.756756756756751,3.0405405405405403,10.13513513513513,5.405405405405411,2.0270270270270245
2246,Die Grünen,250,19,0.0,0.0,5.485419630156471,1.0,0.0,3.8288288288288315,2.6849217638691343,4.160739687055475,9.77951635846373,0.26671408250356166,6.081081081081081,9.939544807965845,2.3648648648648702,2.364864864864863,6.4189189189189335,4.729729729729733,3.378378378378386,3.7162162162162033
4088,CDU,250,19,0.0,0.0,4.726766239924132,1.0,1.0,1.013513513513517,5.0497866287340045,4.960881934566139,3.9295874822190626,8.161450924608815,5.8321479374110865,0.426742532005683,1.3513513513513686,2.0270270270270174,0.0,1.013513513513523,1.0135135135135158,0.6756756756756772
680,bunt.saar,250,19,0.0,0.0,2.0981507823613073,0.0,1.0,1.2950450450450468,0.40896159317212266,3.7517780938833525,0.6578947368421026,0.6223328591749677,2.0625889046941595,5.0853485064011394,0.6756756756756772,0.0,3.378378378378372,1.013513513513523,2.0270270270270316,0.6756756756756772
1907,Die Grünen,250,19,0.0,0.0,5.879563774300618,0.0,1.0,1.5765765765765754,2.9694167852062563,4.338549075391185,8.285917496443815,3.7162162162162176,10.02844950213371,5.938833570412527,1.689189189189193,0.0,0.0,4.391891891891888,0.3378378378378386,3.0405405405405332
2268,FDP,250,19,1.0,1.0,5.99217638691323,1.0,1.0,1.0698198198198223,9.512802275960176,4.605263157894733,7.805832147937409,6.276671408250358,1.8136557610241866,5.93883357041252,0.0,0.6756756756756772,0.0,3.0405405405405546,2.0270270270270316,0.6756756756756701
1611,SPD,250,19,0.0,1.0,2.6523233760075833,1.0,0.0,2.3085585585585604,1.7069701280227676,3.1827880512090942,0.6401137980085352,4.160739687055475,3.982930298719765,2.2403982930298625,2.0270270270270316,3.0405405405405475,2.702702702702709,1.0135135135135087,1.689189189189186,3.378378378378379
3502,CDU,250,19,1.0,0.0,6.804172593646278,1.0,0.0,2.9279279279279287,2.720483641536269,11.273115220483646,5.51209103840683,2.7560455192034112,9.815078236130866,8.748221906116648,2.0270270270270316,2.3648648648648702,3.7162162162162176,4.729729729729726,1.3513513513513473,3.378378378378379
750,FDP,250,19,1.0,1.0,3.470246562351825,1.0,1.0,2.0270270270270268,6.525604551920338,6.703413940256041,0.7467994310099613,0.6756756756756772,4.142958748221901,2.0270270270270316,1.689189189189193,2.0270270270270316,2.0270270270270245,3.0405405405405332,2.3648648648648702,1.0135135135135087
2677,FDP,250,19,1.0,0.0,4.540066382171645,1.0,1.0,4.4481981981982,4.445234708392597,10.846372688477953,3.769559032716934,5.5476529160739645,0.3556187766714132,2.275960170697008,3.378378378378393,3.378378378378379,4.729729729729723,6.081081081081088,3.378378378378372,5.743243243243246
4902,CDU,250,19,0.0,0.0,4.17259364627786,0.0,0.0,2.1959459459459474,12.606685633001433,0.7290184921763867,3.058321479374108,0.23115220483641963,1.3157894736842124,7.0945945945945965,2.3648648648648702,0.0,2.364864864864863,3.7162162162162247,2.7027027027027017,2.0270270270270245
206,SPD,250,19,1.0,0.0,6.56709340919867,1.0,0.0,2.759009009009008,6.116642958748223,8.268136557610234,9.743954480796589,2.5426742532005733,6.0099573257467895,6.721194879089616,1.689189189189186,2.364864864864863,4.729729729729733,1.3513513513513473,3.7162162162162105,2.702702702702709
1549,FDP,250,19,0.0,1.0,3.52062588904694,1.0,1.0,2.8716216216216224,2.329302987197721,1.8847795163584635,1.546941678520625,6.703413940256041,6.436699857752487,2.222617354196302,1.013513513513523,2.364864864864863,4.729729729729733,3.7162162162162105,4.391891891891895,1.0135135135135087
440,bunt.saar,250,19,1.0,0.0,5.387624466571839,1.0,1.0,1.1261261261261286,1.404694167852064,0.5334281650071233,7.770270270270274,4.871977240398294,13.193456614509252,4.551920341394023,0.3378378378378386,2.3648648648648702,0.6756756756756772,0.6756756756756772,2.3648648648648702,0.3378378378378386
1390,bunt.saar,250,19,1.0,0.0,5.079421526789944,1.0,0.0,1.5202702702702713,0.9779516358463738,4.356330014224746,5.8677098150782285,1.1379800853485094,13.709103840682786,4.427453769559023,0.0,4.054054054054063,0.3378378378378386,1.3513513513513544,3.378378378378372,0.0
2647,CDU,250,19,1.0,0.0,2.637505926979608,1.0,1.0,3.3220720720720727,2.115931721194869,4.285206258890469,0.5867709815078257,2.2759601706970045,4.676386913229017,1.8847795163584635,3.378378378378372,2.7027027027027017,0.6756756756756772,9.121621621621628,3.0405405405405403,1.0135135135135158
3152,FDP,250,19,0.0,1.0,6.270744428639162,1.0,1.0,4.8986486486486465,1.2802275960170704,3.413940256045514,10.277382645803698,6.241109530583209,11.859886201991465,4.551920341394016,0.3378378378378386,6.418918918918912,7.094594594594589,0.6756756756756772,7.432432432432435,7.432432432432428
1948,bunt.saar,250,19,1.0,1.0,6.64414414414414,1.0,1.0,3.0405405405405426,5.352062588904694,5.014224751066848,4.907539118065429,5.1209103840682815,12.482219061166425,6.987908961593163,5.405405405405411,0.3378378378378386,3.378378378378386,4.391891891891895,2.364864864864856,2.3648648648648702
3234,bunt.saar,250,19,1.0,0.0,2.2433617828354713,1.0,0.0,1.0135135135135123,1.8847795163584706,4.231863442389766,0.9779516358463738,3.627311522048366,1.902560455192038,0.8357041251778128,0.3378378378378386,2.0270270270270245,0.0,0.0,2.7027027027026946,1.0135135135135158
2535,CDU,250,19,1.0,0.0,4.338549075391178,0.0,0.0,3.9414414414414387,3.09388335704125,4.285206258890469,8.908250355618776,1.1557610241820626,6.36557610241821,2.222617354196302,5.4054054054054035,0.3378378378378386,6.418918918918912,8.108108108108105,1.3513513513513473,2.0270270270270245
2103,CDU,250,19,1.0,0.0,4.3681839734471275,1.0,0.0,4.054054054054055,4.2140825035561775,3.8584637268847715,8.090327169274545,4.463015647226179,4.142958748221901,1.4402560455191917,2.3648648648648702,3.7162162162162176,7.432432432432435,3.378378378378372,3.7162162162162176,3.7162162162162176
2273,bunt.saar,250,19,1.0,1.0,2.2700331910858202,1.0,1.0,2.2522522522522537,1.8136557610241795,1.4224751066856385,1.7425320056898954,0.2844950213371291,4.605263157894733,3.7517780938833454,3.378378378378393,1.689189189189193,1.6891891891891788,6.081081081081081,0.6756756756756772,0.0
4339,bunt.saar,250,19,1.0,1.0,3.0701754385964897,1.0,1.0,0.9572072072072082,1.8669985775249032,1.1201991465149348,2.0625889046941523,0.6756756756756772,8.570412517780937,4.125177809388333,0.3378378378378315,1.3513513513513544,0.0,1.0135135135135158,0.0,3.0405405405405475
2540,FDP,250,19,0.0,1.0,5.897344713134184,1.0,1.0,2.2522522522522537,2.9871977240398238,5.298719772403977,8.481507823613086,5.352062588904687,3.4672830725462305,9.797297297297298,1.013513513513523,0.0,5.4054054054054035,0.3378378378378386,0.3378378378378386,6.418918918918919
2556,bunt.saar,250,19,0.0,0.0,3.1561166429587466,1.0,1.0,0.6193693693693719,0.9423897581792318,0.3378378378378386,5.672119487908951,0.32005689900426404,7.290184921763881,4.374110953058313,0.3378378378378457,0.0,0.3378378378378386,2.364864864864856,0.3378378378378386,0.3378378378378528
3212,FDP,250,19,1.0,1.0,2.6019440493124733,1.0,1.0,2.590090090090092,2.489331436699864,0.7823613086771033,7.983641536273112,1.369132290184929,1.8136557610241866,1.1735419630156443,4.391891891891902,1.689189189189186,3.7162162162162176,3.378378378378379,1.3513513513513544,1.0135135135135123
123,CDU,250,19,1.0,0.0,1.9796111901375077,1.0,0.0,2.8153153153153156,4.783072546230443,2.0625889046941666,2.773826458036986,0.9068278805120897,1.333570412517787,0.017780938833574567,4.054054054054063,1.3513513513513473,2.0270270270270316,3.378378378378372,3.378378378378379,2.7027027027027017
4407,SPD,250,19,0.0,0.0,5.239449976292085,0.0,1.0,0.9572072072072094,1.7069701280227676,2.6493598862019923,10.206258890469421,2.293741109530579,9.921763869132299,4.658605974395449,0.0,0.3378378378378315,0.6756756756756772,1.689189189189193,0.6756756756756843,2.3648648648648702
4523,bunt.saar,250,19,1.0,0.0,5.22166903745851,1.0,0.0,1.745495495495496,1.5291607396870575,1.51137980085349,9.246088193456615,0.32005689900427114,12.660028449502128,6.063300142247499,2.364864864864863,2.3648648648648702,1.0135135135135158,0.6756756756756772,1.3513513513513544,2.7027027027026946
10,bunt.saar,250,19,1.0,1.0,8.451872925557135,1.0,1.0,1.85810810810811,8.854907539118052,7.112375533428171,6.650071123755325,1.7425320056899025,17.603129445234707,8.748221906116655,1.3513513513513615,2.0270270270270316,2.0270270270270174,2.7027027027027017,3.0405405405405475,0.0
3759,Die Grünen,250,19,0.0,0.0,5.915125651967757,1.0,1.0,2.3085585585585555,0.7823613086770962,0.1955903271692847,9.992887624466576,0.9957325746799413,12.26884779516358,11.255334281650065,1.689189189189186,2.0270270270270245,3.0405405405405332,2.3648648648648702,2.364864864864863,2.364864864864856
977,bunt.saar,250,19,1.0,1.0,3.508771929824564,1.0,1.0,0.6193693693693684,0.10668563300142608,2.7027027027026946,3.627311522048373,1.7069701280227534,7.539118065433854,5.369843527738283,0.3378378378378386,1.0135135135135016,0.3378378378378386,0.6756756756756772,1.3513513513513544,0.0
4084,CDU,250,19,1.0,1.0,4.510431484115693,0.0,1.0,2.5900900900900936,8.036984352773821,2.6137980085348502,3.1827880512091085,9.95732574679942,2.1692745376955926,1.1024182076813673,2.0270270270270316,3.0405405405405403,2.702702702702709,1.689189189189193,1.3513513513513544,4.729729729729733
1089,FDP,250,19,1.0,0.0,5.150545282124232,1.0,1.0,2.477477477477477,12.126600284495026,0.5156472261735487,4.37411095305832,8.97937411095306,2.8271692745377024,2.080369843527734,3.7162162162162176,2.3648648648648702,0.6756756756756772,1.3513513513513402,2.7027027027027017,4.054054054054056
2229,SPD,250,19,1.0,0.0,5.639521100047415,1.0,0.0,2.252252252252248,6.081081081081088,5.672119487908965,8.161450924608815,1.1201991465149348,6.472261735419622,6.330014224751068,1.689189189189186,3.378378378378372,1.0135135135135087,3.378378378378379,1.3513513513513402,2.7027027027027017
3905,SPD,250,19,1.0,0.0,9.21941678520626,1.0,1.0,1.0698198198198223,1.795874822190612,9.975106685633008,9.050497866287337,6.507823613086771,12.482219061166425,15.504978662873405,1.0135135135135158,0.6756756756756772,0.0,2.0270270270270316,1.0135135135135158,1.689189189189193
262,Die Grünen,250,19,1.0,0.0,4.6260075865339045,1.0,0.0,4.5608108108108105,2.9694167852062634,4.071834992887624,7.0590327169274545,0.3022759601707037,10.419630156472259,2.9338549075391214,4.729729729729726,1.689189189189186,6.081081081081081,6.418918918918926,3.0405405405405403,5.4054054054054035
3469,Die Grünen,250,19,0.0,0.0,3.0612849691797046,0.0,0.0,3.153153153153152,8.410384068278809,1.8136557610241795,0.10668563300142608,2.507112375533424,3.0761024182076824,2.4537695590327075,1.0135135135135087,4.054054054054056,2.702702702702709,1.689189189189186,7.432432432432428,2.0270270270270245
1294,FDP,250,19,0.0,1.0,1.2713371266002842,0.0,1.0,2.421171171171172,1.3869132290184822,0.9601706970128063,0.0,0.9246088193456643,0.5512091038406837,3.805120910384069,3.0405405405405332,2.702702702702709,1.0135135135135087,1.3513513513513615,2.7027027027027017,3.7162162162162176
2381,FDP,250,19,1.0,0.0,2.453769559032718,1.0,0.0,1.407657657657655,1.973684210526315,2.187055476529153,2.7560455192034183,1.2446657183499354,2.4182076813655797,4.142958748221908,2.0270270270270316,0.6756756756756701,2.7027027027027017,1.6891891891891788,0.0,1.3513513513513473
2896,FDP,250,19,1.0,1.0,2.806424845898531,1.0,1.0,2.9279279279279264,2.916073968705547,3.342816500711244,2.578236130867701,5.1209103840682815,1.440256045519206,1.440256045519206,3.0405405405405332,4.391891891891888,1.0135135135135087,0.3378378378378386,4.391891891891895,4.391891891891895
1028,FDP,250,19,1.0,0.0,4.957918444760554,1.0,0.0,3.6036036036036023,5.600995732574688,5.7610241820768096,6.098862019914655,0.5867709815078399,7.432432432432435,4.267425320056894,0.3378378378378386,2.7027027027026946,6.418918918918919,2.0270270270270316,5.067567567567565,5.067567567567565
4804,bunt.saar,250,19,1.0,1.0,3.476173541963014,1.0,1.0,3.434684684684683,2.4182076813655797,0.8001422475106637,4.196301564722617,1.1201991465149348,8.570412517780944,3.7517780938833454,6.081081081081081,1.0135135135135016,2.3648648648648702,6.756756756756758,0.3378378378378386,4.054054054054049
1887,FDP,250,19,0.0,0.0,4.048127074442861,0.0,0.0,2.7590090090090116,1.3335704125177799,6.205547652916081,2.6671408250355597,9.619487908961581,2.7560455192034112,1.7069701280227534,0.0,5.067567567567572,3.0405405405405475,2.364864864864856,1.3513513513513615,4.729729729729733
2061,CDU,250,19,1.0,1.0,3.588786154575628,0.0,0.0,3.0968468468468444,3.0405405405405332,3.2894736842105345,2.8449502133712556,4.498577524893314,3.9118065433855023,3.94736842105263,4.054054054054042,2.0270270270270316,4.054054054054056,4.054054054054049,2.364864864864856,2.0270270270270316
1463,CDU,250,19,1.0,0.0,2.5278568041725946,1.0,0.0,1.8581081081081112,3.8229018492176436,2.471550497866282,2.507112375533424,2.329302987197721,0.46230440967283215,3.5739687055476637,4.7297297297297405,0.0,0.6756756756756701,1.013513513513523,4.391891891891895,0.3378378378378386
2404,FDP,250,19,1.0,1.0,1.6388098624940721,1.0,1.0,2.364864864864863,0.604551920341386,1.191322901849226,1.902560455192031,0.3378378378378386,5.138691322901842,0.6578947368421098,0.0,1.689189189189186,2.0270270270270316,2.364864864864856,3.378378378378372,4.729729729729733
4089,DIE LINKE,250,19,1.0,0.0,5.023115220483643,1.0,0.0,3.6599099099099064,3.271692745376953,0.2489331436700013,8.890469416785209,0.03556187766713492,12.108819345661445,5.583214793741114,0.3378378378378315,0.0,6.756756756756751,3.7162162162162176,6.756756756756751,4.391891891891888
2750,CDU,250,19,1.0,1.0,5.076458036984351,1.0,0.0,2.308558558558559,4.19630156472261,7.307965860597427,5.600995732574681,1.7425320056899025,5.672119487908965,5.93883357041252,2.0270270270270316,0.0,3.378378378378379,3.7162162162162176,2.364864864864863,2.364864864864863
4473,FDP,250,19,1.0,1.0,6.901967757230918,1.0,1.0,1.5202702702702684,6.632290184921764,4.9786628733997205,5.1920341394025655,6.027738264580378,4.978662873399713,13.602418207681367,0.675675675675663,0.6756756756756701,2.027027027027028,0.3378378378378386,2.364864864864863,3.0405405405405475
1785,Die Grünen,250,19,1.0,0.0,5.740279753437652,1.0,0.0,4.054054054054057,3.8940256045519206,5.192034139402573,5.352062588904687,7.948079658605984,9.139402560455203,2.916073968705547,0.6756756756756843,1.689189189189186,4.054054054054063,2.702702702702709,6.756756756756758,8.445945945945944
2563,bunt.saar,250,19,1.0,1.0,4.895685158843051,1.0,1.0,2.5900900900900923,0.1422475106685539,1.0668563300142182,5.4054054054054035,5.1209103840682815,11.77098150782362,5.8677098150782285,1.689189189189193,0.3378378378378386,3.7162162162162105,2.3648648648648702,1.6891891891892001,5.743243243243242
1380,SPD,250,19,0.0,0.0,9.548364153627313,0.0,0.0,6.700450450450454,1.4935988620199083,7.21906116642959,12.233285917496453,1.5647226173541924,17.95874822190612,16.820768136557618,1.689189189189193,3.378378378378379,4.7297297297297405,3.378378378378372,14.189189189189193,12.837837837837846
923,Die Grünen,250,19,0.0,0.0,5.1712897107633955,1.0,0.0,2.5337837837837776,4.960881934566139,0.17780938833570303,7.539118065433854,1.440256045519206,13.371266002844948,3.5384068278805216,2.364864864864856,1.3513513513513402,2.3648648648648702,3.0405405405405332,1.6891891891891788,4.391891891891888
372,CDU,250,19,1.0,0.0,3.837719298245613,1.0,1.0,5.461711711711714,0.9601706970128063,2.809388335704128,3.9295874822190555,4.42745376955903,5.334281650071119,5.565433854907539,2.7027027027027017,4.391891891891895,6.756756756756758,3.0405405405405403,9.797297297297298,6.081081081081088
5125,bunt.saar,250,19,0.0,0.0,4.326695116168801,1.0,0.0,2.364864864864862,4.000711237553347,5.192034139402573,3.8940256045519206,0.5689900426742511,6.899004267425312,5.4054054054054035,1.689189189189193,3.378378378378372,1.3513513513513473,3.0405405405405403,1.3513513513513473,3.378378378378372
4255,DIE LINKE,250,19,1.0,1.0,4.0718349928876245,0.0,1.0,4.729729729729731,5.369843527738269,0.4800853485063925,1.546941678520625,7.0590327169274545,8.694879089615931,1.2802275960170775,1.3513513513513615,4.054054054054063,3.0405405405405403,4.729729729729726,9.797297297297298,5.405405405405396
7,Die Grünen,250,19,1.0,0.0,6.484115694642011,1.0,0.0,1.7454954954954947,10.295163584637265,1.7425320056899025,0.32005689900426404,9.441678520625892,16.53627311522049,0.5689900426742511,1.689189189189186,3.0405405405405403,1.3513513513513473,1.3513513513513473,0.3378378378378386,2.702702702702709
3374,Die Grünen,250,19,0.0,1.0,3.944404931247037,0.0,1.0,2.646396396396399,5.654338549075398,4.000711237553347,5.2275960170697005,0.6578947368421098,4.569701280227591,3.556187766714075,0.3378378378378386,0.3378378378378386,3.0405405405405475,2.364864864864863,5.067567567567565,4.7297297297297405
1429,FDP,250,19,1.0,0.0,3.2450213371266003,1.0,1.0,4.504504504504503,4.818634423897571,1.9914651493598896,3.1472261735419664,0.017780938833574567,1.7425320056899025,7.752489331436699,4.391891891891895,3.7162162162162176,5.067567567567565,2.7027027027026946,5.067567567567565,6.081081081081081
3442,FDP,250,19,1.0,1.0,5.236486486486487,1.0,1.0,4.222972972972973,3.4672830725462234,5.672119487908965,7.556899004267429,2.578236130867701,9.26386913229019,2.880512091038412,2.0270270270270245,4.054054054054056,6.081081081081081,3.378378378378379,4.729729729729733,5.067567567567565
1851,SPD,250,19,0.0,0.0,6.252963489805597,1.0,1.0,1.407657657657656,4.534139402560456,3.485064011379805,8.534850640113788,5.814366998577526,7.948079658605984,7.201280227596023,2.3648648648648702,2.0270270270270245,1.0135135135135087,2.0270270270270316,0.675675675675663,0.3378378378378386
4130,bunt.saar,250,19,1.0,1.0,5.1327643432906624,0.0,1.0,2.8153153153153156,4.925320056899011,2.6849217638691343,5.280938833570417,4.391891891891895,8.534850640113788,4.978662873399728,3.378378378378379,0.675675675675663,1.689189189189193,2.702702702702709,4.729729729729726,3.7162162162162247
3449,SPD,250,19,1.0,1.0,4.314841156946424,1.0,1.0,3.7725225225225167,0.8357041251778057,5.138691322901856,5.1209103840682815,3.2539118065433854,3.200568990042683,8.339260312944532,3.7162162162162176,1.0135135135135087,4.729729729729726,3.7162162162162105,5.743243243243242,3.7162162162161962
1184,FDP,250,19,1.0,1.0,6.581910858226643,1.0,1.0,2.4211711711711708,9.121621621621621,2.6493598862019923,5.156472261735409,8.321479374110943,11.664295874822194,2.578236130867701,1.3513513513513473,3.7162162162162176,2.7027027027027017,0.6756756756756772,5.067567567567565,1.0135135135135158
899,Die Grünen,250,19,1.0,0.0,4.821597913703173,1.0,0.0,1.632882882882889,0.5689900426742511,4.320768136557611,3.698435277382636,4.018492176386907,12.766714082503555,3.556187766714082,0.6756756756756843,0.0,1.689189189189193,1.3513513513513615,2.0270270270270316,4.054054054054063
1398,DIE LINKE,250,19,1.0,0.0,4.545993361782835,1.0,0.0,2.927927927927925,5.529871977240397,3.09388335704125,5.352062588904687,1.1201991465149348,5.583214793741114,6.596728307254629,0.3378378378378386,5.067567567567565,5.067567567567558,3.0405405405405332,0.3378378378378386,3.7162162162162176
60,CDU,250,19,1.0,1.0,1.2298482693219543,0.0,1.0,1.8018018018018047,1.4935988620199083,1.8847795163584706,1.6002844950213415,0.7290184921763796,0.7112375533428192,0.9601706970128063,0.0,4.391891891891895,2.0270270270270245,0.3378378378378457,2.0270270270270316,2.0270270270270316
4192,CDU,250,19,1.0,0.0,3.3368895211000513,1.0,0.0,1.9707207207207194,2.9338549075391214,1.475817923186355,1.8136557610241795,11.735419630156471,0.17780938833571014,1.8847795163584706,1.3513513513513473,4.7297297297297405,0.6756756756756701,2.364864864864856,1.0135135135135158,1.689189189189186
158,bunt.saar,250,19,0.0,0.0,5.497273589378853,1.0,1.0,2.1959459459459474,1.1201991465149348,4.711948790896166,7.5924608819345565,2.7204836415362763,9.548364153627304,7.290184921763881,0.3378378378378386,3.0405405405405403,1.013513513513523,4.054054054054056,1.3513513513513544,3.378378378378372
4903,CDU,250,19,1.0,1.0,5.461711711711712,0.0,1.0,4.673423423423422,0.32005689900426404,9.03271692745377,5.796586059743952,5.600995732574688,8.55263157894737,3.4672830725462305,2.364864864864856,5.4054054054054035,5.743243243243235,3.7162162162162247,5.4054054054054035,5.405405405405411
5192,FDP,250,19,1.0,0.0,2.9753437648174503,1.0,0.0,3.4346846846846844,0.8357041251778057,5.3342816500711265,0.4800853485063996,1.546941678520632,4.783072546230443,4.871977240398294,4.729729729729733,1.3513513513513544,5.067567567567565,7.094594594594589,0.3378378378378386,2.0270270270270245
3142,CDU,250,19,1.0,0.0,7.58357041251778,1.0,1.0,5.067567567567566,5.974395448079662,12.642247510668561,5.334281650071119,1.4580369843527734,13.958036984352773,6.13442389758179,2.0270270270270316,5.4054054054054035,5.743243243243235,6.756756756756758,8.445945945945944,2.0270270270270245
4040,FDP,250,19,0.0,0.0,2.7827169274537717,0.0,1.0,1.182432432432434,2.471550497866282,0.1955903271692847,2.7382645803698438,4.463015647226179,4.605263157894733,2.2226173541963092,3.0405405405405475,0.6756756756756772,0.3378378378378386,2.0270270270270245,0.6756756756756772,0.3378378378378386
4809,bunt.saar,250,19,0.0,0.0,6.187766714082504,0.0,1.0,3.209459459459456,6.596728307254629,1.2980085348506378,8.961593172119485,3.6450924608819335,9.921763869132299,6.703413940256041,1.3513513513513544,4.054054054054049,5.067567567567565,0.3378378378378315,5.067567567567565,3.378378378378372
1577,DIE LINKE,250,19,0.0,0.0,2.513039355144619,0.0,1.0,3.1531531531531543,1.7069701280227676,5.28093883357041,0.3022759601707037,1.7780938833570303,5.387624466571836,0.6223328591749677,1.013513513513523,1.0135135135135158,5.743243243243235,0.3378378378378386,7.0945945945945965,3.7162162162162176
2414,bunt.saar,250,19,1.0,1.0,6.578947368421052,1.0,1.0,0.5630630630630643,4.356330014224753,3.6806543385490826,10.668563300142253,0.07112375533427695,13.22901849217638,7.46799431009957,0.3378378378378386,0.3378378378378386,0.6756756756756772,0.6756756756756772,0.6756756756756772,0.6756756756756772
835,SPD,250,19,1.0,0.0,3.046467520151731,1.0,0.0,1.6891891891891884,0.7823613086770962,6.241109530583209,5.814366998577526,2.293741109530586,2.8627311522048444,0.284495021337122,4.391891891891888,1.3513513513513473,0.3378378378378386,1.689189189189186,2.0270270270270316,0.3378378378378386
4756,bunt.saar,250,19,0.0,0.0,5.301683262209575,0.0,1.0,1.689189189189192,4.978662873399713,6.063300142247506,4.071834992887624,4.889758179231862,4.231863442389752,7.574679943100989,1.3513513513513544,1.689189189189193,2.0270270270270316,2.364864864864863,1.3513513513513544,1.3513513513513544
5147,FDP,250,19,0.0,1.0,5.2157420578473195,0.0,1.0,1.4639639639639626,1.9559032716927405,9.103840682788054,4.943100995732571,4.943100995732571,7.02347083926032,3.3250355618776624,3.378378378378372,3.378378378378379,0.3378378378378386,0.3378378378378386,0.3378378378378386,1.0135135135135087
377,FDP,250,19,1.0,1.0,3.3754148885727844,1.0,1.0,1.9144144144144104,6.0099573257467895,0.017780938833574567,1.8669985775249032,5.0497866287340045,0.16002844950212847,7.147937411095306,4.054054054054049,1.689189189189193,0.6756756756756701,0.3378378378378244,2.0270270270270245,2.7027027027027017
5222,Die Grünen,250,19,1.0,0.0,4.898648648648649,1.0,0.0,2.0833333333333344,1.262446657183503,10.348506401137975,0.9246088193456643,2.4537695590327075,6.863442389758184,7.539118065433861,1.3513513513513544,1.689189189189186,0.3378378378378386,4.054054054054063,1.0135135135135087,4.054054054054056
2963,Die Grünen,250,19,1.0,0.0,4.788999525841631,1.0,0.0,5.6306306306306295,3.1116642958748244,4.569701280227605,4.214082503556185,0.1422475106685539,12.624466571834994,4.071834992887624,3.7162162162162176,2.3648648648648702,8.108108108108098,3.7162162162162176,10.472972972972968,5.4054054054054035
1394,CDU,250,19,1.0,0.0,3.9710763394973925,1.0,0.0,2.6463963963963955,1.5469416785206391,6.490042674253203,4.818634423897571,0.9068278805120897,1.831436699857747,8.232574679943106,1.689189189189193,3.378378378378379,3.0405405405405403,4.054054054054049,2.0270270270270245,1.689189189189186
641,Die Grünen,250,19,0.0,0.0,7.865101944049314,1.0,1.0,1.1824324324324376,2.0270270270270316,2.5426742532005733,13.264580369843529,1.4935988620199154,19.32788051209105,8.534850640113788,0.0,1.01351351351353,2.0270270270270316,0.0,2.0270270270270316,2.0270270270270316
1840,FDP,250,19,1.0,0.0,7.002726410621147,1.0,1.0,3.32207207207207,9.530583214793744,3.556187766714082,6.685633001422467,10.312944523470854,3.271692745376953,8.659317211948782,0.6756756756756772,4.054054054054042,5.067567567567558,2.3648648648648702,3.0405405405405475,4.729729729729726
1402,FDP,250,19,0.0,0.0,4.537102892366054,0.0,1.0,1.463963963963965,4.836415362731152,4.711948790896166,3.2183499288762505,12.091038406827884,0.9957325746799484,1.3691322901849219,2.702702702702709,0.3378378378378386,1.3513513513513544,2.0270270270270245,1.0135135135135087,1.3513513513513544
4241,FDP,250,19,1.0,1.0,2.504148885727832,1.0,1.0,4.391891891891892,2.8449502133712556,4.17852062588905,2.720483641536269,0.9601706970128063,3.1472261735419664,1.1735419630156443,4.729729729729733,3.378378378378379,5.405405405405411,5.405405405405411,0.6756756756756701,6.756756756756751
4125,FDP,250,19,1.0,1.0,3.837719298245618,1.0,1.0,2.3648648648648667,4.231863442389766,1.6180654338549019,0.12446657183500065,4.000711237553347,11.077524893314376,1.973684210526315,2.0270270270270316,7.105427357601002e-15,0.3378378378378386,3.378378378378372,6.756756756756765,1.689189189189186
1155,CDU,250,19,1.0,0.0,4.569701280227598,1.0,0.0,1.4639639639639626,2.631578947368425,1.1379800853485094,1.8492176386913215,11.148648648648653,6.472261735419629,4.17852062588905,1.3513513513513473,1.3513513513513473,1.689189189189186,1.3513513513513473,1.0135135135135158,2.0270270270270316
3922,FDP,250,19,1.0,1.0,3.19167852062589,1.0,1.0,3.7162162162162153,1.4402560455191917,1.0668563300142253,9.708392603129447,2.809388335704128,3.840682788051218,0.2844950213371291,3.7162162162162176,0.0,5.4054054054054035,4.729729729729726,4.054054054054056,4.391891891891888
4674,FDP,250,19,1.0,1.0,2.9101469890943554,1.0,1.0,2.5900900900900914,7.930298719772395,0.26671408250354744,2.951635846372689,2.8982930298719793,0.8179231863442382,2.5960170697012828,0.0,3.378378378378386,1.689189189189186,1.0135135135135158,4.729729729729733,4.729729729729726
905,bunt.saar,250,19,1.0,1.0,7.9925320056899025,1.0,1.0,2.3648648648648654,3.627311522048366,6.756756756756758,8.463726884779526,4.071834992887624,16.767425320056894,8.268136557610248,3.378378378378379,2.7027027027026946,3.0405405405405475,2.3648648648648702,2.7027027027027017,0.0
4498,FDP,250,19,1.0,1.0,5.906235182550977,1.0,1.0,2.5900900900900923,9.83285917496444,0.7290184921763867,7.1301564722617385,3.6806543385490826,5.316500711237566,8.748221906116648,1.0135135135135087,2.0270270270270245,4.391891891891902,0.0,4.391891891891902,3.7162162162162176
3094,bunt.saar,250,19,1.0,0.0,3.790303461356094,1.0,1.0,0.731981981981979,1.831436699857747,3.6450924608819264,3.7339971550497992,1.5291607396870575,8.321479374110943,3.6806543385490897,0.6756756756756772,1.689189189189186,0.3378378378378244,1.0135135135135087,0.3378378378378528,0.3378378378378244
2621,SPD,250,19,0.0,0.0,5.870673304883831,1.0,0.0,2.083333333333338,1.369132290184929,3.7873399715504945,11.806543385490762,0.37339971550497353,8.623755334281647,9.263869132290182,2.0270270270270316,2.702702702702709,3.0405405405405475,0.3378378378378457,1.689189189189186,2.702702702702709
4963,bunt.saar,250,19,1.0,1.0,2.6286154575628267,1.0,0.0,1.4639639639639601,1.0846372688477999,2.738264580369851,3.7339971550497992,0.03556187766713492,5.672119487908951,2.507112375533424,0.0,0.675675675675663,1.6891891891891788,0.3378378378378386,3.7162162162162247,2.364864864864856
3985,bunt.saar,250,19,1.0,1.0,5.020151730678048,1.0,1.0,1.7454954954954924,5.832147937411094,2.151493598862018,8.605974395448087,1.689189189189186,8.605974395448087,3.236130867709818,2.0270270270270245,0.6756756756756772,2.7027027027026946,2.0270270270270245,1.3513513513513402,1.689189189189193
1227,DIE LINKE,250,19,1.0,0.0,2.64935988620199,1.0,0.0,3.3220720720720713,0.8357041251778057,2.6137980085348573,1.5647226173541924,2.2403982930298625,3.52062588904694,5.1209103840682815,1.0135135135135158,2.0270270270270174,4.729729729729733,1.689189189189186,5.743243243243249,4.729729729729726
4058,FDP,250,19,1.0,1.0,6.208511142721666,1.0,1.0,2.759009009009008,6.169985775248925,8.374822190611667,5.245376955903275,6.401137980085345,4.409672830725455,6.650071123755332,1.3513513513513544,0.3378378378378386,3.378378378378372,4.054054054054049,3.7162162162162176,3.7162162162162176
1805,CDU,250,19,0.0,1.0,4.652678994784254,1.0,1.0,5.236486486486488,6.810099573257467,5.796586059743952,4.036273115220482,3.1827880512090942,2.578236130867701,5.51209103840683,2.702702702702709,3.7162162162162176,7.432432432432435,3.0405405405405475,6.081081081081074,8.445945945945944
1765,SPD,250,19,0.0,0.0,3.568041725936464,1.0,0.0,2.2522522522522537,1.0846372688477999,3.5028449502133725,6.561166429587473,3.022759601706973,2.9871977240398238,4.249644381223341,4.054054054054056,3.7162162162162176,0.6756756756756772,1.3513513513513615,2.0270270270270245,1.689189189189186
4762,CDU,250,19,1.0,1.0,3.5561877667140807,1.0,1.0,1.8018018018018036,1.4935988620199083,4.87197724039828,2.471550497866289,4.658605974395449,0.26671408250356166,7.574679943100996,1.0135135135135158,0.6756756756756701,1.3513513513513544,2.3648648648648702,2.0270270270270316,3.378378378378379
684,Die Grünen,250,19,1.0,1.0,5.8469653864390665,1.0,1.0,1.4639639639639672,2.951635846372696,3.7162162162162105,8.62375533428164,6.027738264580364,5.8677098150782285,7.89473684210526,1.3513513513513544,0.0,3.0405405405405475,0.0,3.378378378378386,1.0135135135135158
3960,bunt.saar,250,19,0.0,1.0,7.414651493598865,0.0,1.0,3.772522522522524,2.2226173541963092,6.081081081081081,7.983641536273112,6.650071123755332,11.895448079658607,9.655049786628751,2.364864864864863,0.6756756756756772,3.7162162162162105,4.729729729729733,5.4054054054054035,5.743243243243256
266,CDU,250,19,1.0,1.0,4.626007586533903,1.0,1.0,2.083333333333331,3.7517780938833525,4.17852062588905,6.756756756756758,0.3378378378378386,6.009957325746804,6.721194879089616,1.0135135135135016,0.0,2.7027027027027017,3.378378378378372,0.6756756756756843,4.729729729729726
618,Die Grünen,250,19,1.0,0.0,8.730440967283075,1.0,1.0,1.576576576576579,1.653627311522051,7.788051209103841,7.361308677098151,0.5156472261735487,20.554765291607396,14.509246088193457,1.0135135135135087,2.3648648648648702,0.3378378378378386,2.0270270270270316,3.378378378378386,0.3378378378378386
2562,CDU,250,19,1.0,0.0,4.9934803224276925,1.0,0.0,3.2657657657657637,0.9601706970128063,0.9957325746799413,4.17852062588905,9.423897581792318,10.526315789473685,3.876244665718353,5.067567567567572,1.689189189189186,2.0270270270270245,0.6756756756756701,6.418918918918912,3.7162162162162176
146,FDP,250,19,1.0,1.0,2.2492887624466555,1.0,1.0,0.8445945945945953,3.9651493598862118,1.2268847795163538,4.320768136557604,2.00924608819345,0.1955903271692776,1.7780938833570374,0.3378378378378315,1.0135135135135158,0.6756756756756701,2.702702702702716,0.3378378378378386,0.0
3804,SPD,250,19,0.0,0.0,5.310573731626362,1.0,1.0,0.7882882882882866,1.689189189189186,4.658605974395449,10.561877667140813,1.5291607396870575,6.401137980085345,7.02347083926032,1.0135135135135087,0.3378378378378386,0.3378378378378386,2.0270270270270174,0.6756756756756772,0.3378378378378386
4749,bunt.saar,250,19,1.0,1.0,5.7402797534376475,0.0,1.0,2.252252252252253,4.605263157894733,5.583214793741114,5.565433854907539,2.1692745376955855,10.188477951635846,6.330014224751068,0.3378378378378386,2.0270270270270316,2.3648648648648702,2.0270270270270245,2.0270270270270316,4.729729729729719
4959,CDU,250,19,1.0,1.0,6.620436225699382,0.0,0.0,4.110360360360361,2.5960170697012828,11.219772403982923,6.472261735419629,3.1827880512090942,11.610953058321485,4.640825035561875,1.3513513513513473,3.0405405405405475,5.067567567567565,3.7162162162162176,5.067567567567565,6.418918918918926
4230,Die Grünen,250,19,0.0,0.0,5.375770507349454,1.0,1.0,1.013513513513517,1.5647226173541924,5.245376955903275,6.667852062588906,2.7027027027026946,8.801564722617357,7.2724039829302995,1.3513513513513544,2.0270270270270245,0.6756756756756914,0.0,2.0270270270270316,0.0
4388,SPD,250,19,0.0,0.0,3.6362019914651547,1.0,1.0,3.0405405405405452,2.151493598862025,0.16002844950213557,9.530583214793744,0.46230440967283215,5.600995732574688,3.9118065433855023,0.3378378378378386,5.067567567567579,2.702702702702709,3.0405405405405403,4.054054054054063,3.0405405405405403
2581,CDU,250,19,1.0,1.0,4.640825035561878,1.0,1.0,3.4346846846846844,0.9423897581792318,2.6849217638691343,7.450213371266003,9.014935988620195,6.721194879089616,1.0312944523470904,1.3513513513513402,2.0270270270270316,4.729729729729726,0.6756756756756772,6.081081081081081,5.743243243243249
4770,CDU,250,19,1.0,0.0,3.449502133712661,1.0,1.0,1.9707207207207194,0.3022759601707037,3.1472261735419664,3.698435277382643,9.121621621621621,0.7290184921763867,3.698435277382643,4.391891891891881,1.0135135135135087,2.7027027027027017,1.689189189189193,0.3378378378378386,1.689189189189193
3870,DIE LINKE,250,19,1.0,0.0,7.156827880512091,1.0,0.0,5.011261261261258,1.4580369843527734,4.818634423897564,8.570412517780944,4.623044096728307,14.775960170697019,8.694879089615938,4.729729729729726,4.054054054054035,2.702702702702709,10.135135135135137,2.0270270270270316,6.418918918918912
3919,bunt.saar,250,19,1.0,1.0,2.951635846372689,1.0,1.0,1.4076576576576596,1.2446657183499283,3.3605974395447973,3.165007112375534,0.03556187766713492,6.027738264580378,3.8762446657183602,1.0135135135135158,1.3513513513513686,1.3513513513513544,2.0270270270270245,0.3378378378378386,2.364864864864856
1371,FDP,250,19,1.0,0.0,2.5604551920341394,1.0,1.0,1.0135135135135123,3.182788051209087,0.16002844950212847,3.9651493598862046,0.10668563300143319,4.17852062588905,3.769559032716934,1.0135135135135016,0.3378378378378386,1.3513513513513544,2.0270270270270316,1.0135135135135158,0.3378378378378315
2401,bunt.saar,250,19,1.0,1.0,1.0105500237079201,1.0,0.0,2.759009009009008,0.32005689900426404,0.3022759601707037,1.3869132290184822,0.5334281650071233,1.8847795163584706,1.6358463726884764,1.689189189189193,2.7027027027027017,4.054054054054042,1.3513513513513615,4.054054054054056,2.7027027027026946
701,bunt.saar,250,19,1.0,1.0,3.2835467045993325,1.0,1.0,1.351351351351352,3.7517780938833525,3.2539118065433854,4.018492176386907,2.9694167852062634,4.551920341394016,1.1557610241820697,1.013513513513523,2.364864864864856,1.689189189189186,1.689189189189193,0.3378378378378386,1.0135135135135158
3098,CDU,250,19,1.0,1.0,4.1577761972498815,0.0,1.0,2.759009009009006,0.26671408250355455,5.03200568990043,4.889758179231862,2.5960170697012828,7.076813655761022,5.0853485064011394,0.3378378378378244,2.3648648648648702,4.391891891891902,4.729729729729719,2.7027027027026946,2.0270270270270245
1360,bunt.saar,250,19,1.0,0.0,4.489687055476527,1.0,1.0,1.182432432432428,2.115931721194869,4.925320056899011,4.960881934566139,2.7204836415362763,7.539118065433861,4.67638691322901,3.7162162162162176,0.6756756756756772,0.3378378378378315,1.3513513513513473,0.6756756756756701,0.3378378378378244
4535,FDP,250,19,0.0,0.0,2.889402560455198,1.0,0.0,1.5765765765765731,4.249644381223341,2.0981507823613086,0.5334281650071233,5.654338549075405,0.9068278805120897,3.8940256045519206,3.7162162162162033,0.3378378378378386,0.0,1.0135135135135016,3.0405405405405475,1.3513513513513473
4853,CDU,250,19,0.0,0.0,6.223328591749644,0.0,0.0,2.5337837837837838,6.1877667140825,8.694879089615931,5.778805120910384,2.8449502133712556,9.139402560455203,4.694167852062591,2.7027027027026946,2.0270270270270316,4.391891891891895,0.3378378378378386,3.0405405405405332,2.702702702702709
1640,DIE LINKE,250,19,1.0,1.0,1.585467045993358,0.0,1.0,2.3085585585585577,2.773826458036986,0.5512091038406766,2.7738264580369787,0.5334281650071091,2.7027027027026946,0.17780938833570303,2.3648648648648702,3.7162162162162105,0.3378378378378386,6.756756756756765,0.3378378378378244,0.3378378378378386
4559,bunt.saar,250,19,0.0,1.0,3.9770033191085794,1.0,1.0,2.139639639639641,3.022759601706966,5.032005689900423,2.791607396870546,4.569701280227605,4.87197724039828,3.5739687055476566,3.378378378378379,1.0135135135135158,1.0135135135135158,3.0405405405405332,2.0270270270270316,2.3648648648648702
2894,FDP,250,19,1.0,1.0,2.999051683262207,1.0,1.0,1.6891891891891941,2.400426742531998,0.9779516358463738,4.80085348506401,1.4402560455191917,2.916073968705547,5.45874822190612,0.3378378378378528,2.702702702702709,2.7027027027027017,1.0135135135135158,0.3378378378378457,3.0405405405405403
1605,FDP,250,19,1.0,1.0,4.258534850640114,1.0,1.0,0.7319819819819825,5.369843527738276,1.440256045519206,1.9203413940255984,3.5028449502133583,6.330014224751075,6.98790896159317,0.675675675675663,0.3378378378378386,0.6756756756756701,0.6756756756756914,0.3378378378378386,1.689189189189193
863,FDP,250,19,1.0,1.0,3.013869132290182,1.0,1.0,1.3513513513513509,2.400426742531998,1.404694167852064,2.9871977240398238,5.494310099573255,4.302987197724036,1.4935988620199154,1.3513513513513544,0.6756756756756772,2.364864864864856,2.0270270270270316,1.689189189189186,0.0
4253,Die Grünen,250,19,0.0,0.0,7.112375533428168,0.0,1.0,3.3220720720720727,10.206258890469414,2.0803698435277482,7.930298719772409,3.7873399715504945,13.068990042674258,5.600995732574688,3.378378378378379,2.364864864864856,2.702702702702709,3.378378378378379,4.054054054054049,4.054054054054063
2279,FDP,250,19,1.0,1.0,1.9321953532479827,1.0,0.0,3.2094594594594583,2.7027027027026946,0.2489331436699871,0.0,0.35561877667140607,6.169985775248932,2.115931721194876,3.7162162162162033,3.0405405405405403,1.689189189189186,8.783783783783797,1.3513513513513544,0.6756756756756701
3766,FDP,250,19,0.0,1.0,4.276315789473686,0.0,1.0,3.1531531531531556,4.943100995732571,3.342816500711244,1.9559032716927476,5.636557610241823,7.788051209103841,1.9914651493598896,0.3378378378378386,4.054054054054063,4.054054054054056,1.689189189189193,4.054054054054049,4.729729729729733
3528,DIE LINKE,250,19,0.0,1.0,4.525248933143672,0.0,0.0,3.941441441441443,6.063300142247513,4.356330014224746,1.369132290184929,6.152204836415365,8.12588904694168,1.0846372688477999,0.0,2.364864864864856,6.4189189189189335,1.689189189189186,7.770270270270281,5.4054054054054035
4537,FDP,250,19,0.0,0.0,3.2302038880986275,0.0,1.0,1.8581081081081123,1.262446657183503,3.769559032716927,1.7069701280227676,5.974395448079662,4.907539118065429,1.760312944523477,4.391891891891902,1.3513513513513544,1.0135135135135087,0.0,3.0405405405405546,1.3513513513513544
4319,SPD,250,19,0.0,0.0,3.8880986249407337,1.0,0.0,2.59009009009009,1.1735419630156443,1.618065433854916,6.952347083926043,6.54338549075392,4.018492176386907,3.022759601706973,3.7162162162162176,3.0405405405405546,1.0135135135135016,4.391891891891895,2.3648648648648702,1.0135135135135016
1913,FDP,250,19,0.0,0.0,6.922712185870082,0.0,1.0,3.0405405405405403,5.1209103840682815,3.520625889046933,1.262446657183503,9.850640113798008,16.411806543385495,5.369843527738269,0.3378378378378386,0.6756756756756772,2.0270270270270245,3.0405405405405403,6.756756756756758,5.4054054054054035
5218,Die Grünen,250,19,0.0,0.0,5.678046467520152,0.0,0.0,1.5202702702702726,0.07112375533427695,4.338549075391185,7.4502133712659955,6.116642958748223,11.94879089615933,4.142958748221901,3.378378378378393,1.0135135135135016,1.3513513513513402,2.0270270270270316,1.01351351351353,0.3378378378378386
1535,FDP,250,19,1.0,1.0,3.6865813181602647,1.0,1.0,1.9144144144144164,5.1031294452347,1.404694167852064,1.2802275960170775,4.818634423897571,5.618776671408256,3.8940256045519206,2.702702702702709,2.0270270270270245,1.3513513513513473,2.364864864864863,1.3513513513513615,1.689189189189193
2969,bunt.saar,250,19,1.0,1.0,7.322783309625411,1.0,1.0,1.2950450450450444,2.2048364153627347,4.374110953058313,11.450924608819342,4.818634423897578,14.900426742531998,6.1877667140825,2.7027027027027017,0.0,0.3378378378378244,3.0405405405405475,0.6756756756756772,1.0135135135135158
1302,CDU,250,19,1.0,1.0,2.904220009483165,1.0,1.0,1.4639639639639637,1.0846372688477857,0.8890469416785152,2.400426742532005,9.548364153627304,0.2844950213371291,3.2183499288762505,0.0,3.7162162162162176,1.689189189189186,0.3378378378378386,0.0,3.0405405405405403
779,DIE LINKE,250,19,1.0,0.0,2.9842342342342327,1.0,0.0,2.364864864864862,5.387624466571836,1.5825035561877598,0.7823613086770962,1.0846372688477999,4.640825035561875,4.42745376955903,0.3378378378378386,1.0135135135135016,4.391891891891888,1.0135135135135087,3.378378378378379,4.054054054054056
476,Die Grünen,250,19,0.0,0.0,3.5472972972972983,1.0,1.0,0.5630630630630584,0.6756756756756772,1.3157894736842124,3.3605974395447973,0.8712660028449548,8.801564722617357,6.258890469416791,0.3378378378378315,0.0,0.3378378378378244,0.3378378378378315,2.364864864864863,0.0
4584,SPD,250,19,1.0,1.0,7.174608819345663,1.0,1.0,2.533783783783781,11.628733997155052,4.800853485064017,8.3570412517781,5.636557610241816,9.28165007112375,3.342816500711244,3.378378378378386,3.378378378378379,0.675675675675663,0.3378378378378386,5.405405405405389,2.0270270270270316
2502,SPD,250,19,1.0,0.0,6.341868183973445,1.0,0.0,4.448198198198194,1.866998577524896,8.108108108108105,9.281650071123742,2.5426742532005733,8.37482219061166,7.876955903271693,4.729729729729733,1.3513513513513473,6.081081081081074,7.094594594594589,3.378378378378372,4.054054054054049
4972,CDU,250,19,1.0,1.0,2.4448790896159345,1.0,1.0,1.6891891891891895,1.51137980085349,3.1472261735419664,1.6714082503556256,5.583214793741114,1.0668563300142253,1.689189189189186,0.675675675675663,3.7162162162162176,2.0270270270270316,1.689189189189193,2.0270270270270316,0.0
2025,CDU,250,19,1.0,1.0,4.6289710763395,1.0,0.0,1.1261261261261286,4.249644381223341,5.725462304409675,3.4317211948790884,3.1116642958748244,5.51209103840683,5.743243243243242,1.3513513513513473,2.0270270270270316,1.3513513513513544,1.3513513513513544,0.3378378378378386,0.3378378378378457
3778,DIE LINKE,250,19,0.0,1.0,1.8758890469416762,0.0,1.0,2.25225225225225,0.9779516358463738,4.285206258890469,1.1735419630156443,0.5689900426742511,2.0625889046941666,2.187055476529153,2.702702702702709,1.689189189189186,0.3378378378378386,4.729729729729726,3.0405405405405332,1.0135135135135087
1691,DIE LINKE,250,19,1.0,1.0,5.500237079184445,0.0,0.0,2.252252252252253,2.329302987197721,4.498577524893307,11.646514935988613,2.6315789473684177,5.796586059743959,6.098862019914655,0.6756756756756772,2.364864864864856,4.054054054054063,0.3378378378378386,3.0405405405405332,3.0405405405405475
1560,FDP,250,19,0.0,1.0,2.0062825983878603,0.0,1.0,2.3085585585585577,0.32005689900426404,1.0668563300142253,1.1735419630156443,0.6578947368421026,5.743243243243242,3.0761024182076824,4.054054054054049,3.7162162162162176,2.0270270270270245,1.689189189189193,1.689189189189193,0.6756756756756701
1453,DIE LINKE,250,19,0.0,0.0,7.230915125651966,0.0,1.0,1.5765765765765767,0.9068278805120897,6.330014224751068,12.108819345661445,5.903271692745378,12.179943100995736,5.95661450924608,1.0135135135135158,1.689189189189186,1.689189189189186,1.689189189189193,2.702702702702709,0.6756756756756701
417,SPD,250,19,1.0,0.0,3.2302038880986252,1.0,0.0,6.5878378378378395,5.423186344238985,3.6450924608819264,0.284495021337122,0.9068278805120897,3.8584637268847786,5.26315789473685,2.0270270270270316,3.7162162162162176,7.770270270270274,5.743243243243242,10.135135135135144,10.13513513513513
4658,FDP,250,19,0.0,1.0,6.066263632053109,1.0,1.0,1.745495495495496,4.338549075391185,6.116642958748223,9.370554765291615,8.392603129445234,4.925320056899011,3.2539118065433854,1.689189189189193,1.3513513513513473,2.7027027027027017,0.3378378378378386,1.3513513513513473,3.0405405405405475
2248,FDP,250,19,1.0,1.0,2.2492887624466618,1.0,1.0,2.927927927927931,3.2539118065433854,2.9338549075391214,0.9068278805120897,0.5867709815078399,4.000711237553347,1.8136557610241866,0.6756756756756701,2.3648648648648702,3.378378378378379,4.7297297297297405,1.3513513513513544,5.067567567567572
3214,DIE LINKE,250,19,0.0,0.0,4.978662873399718,0.0,0.0,2.0833333333333344,8.303698435277383,1.262446657183503,1.0846372688477999,7.752489331436706,10.68634423897582,0.7823613086770962,3.378378378378372,1.013513513513523,3.0405405405405403,1.0135135135135087,0.3378378378378457,3.7162162162162176
1962,FDP,250,19,0.0,1.0,5.666192508297768,1.0,0.0,1.5765765765765718,2.5960170697012828,6.436699857752487,6.685633001422474,7.859174964438111,4.551920341394016,5.867709815078236,2.364864864864863,1.0135135135135087,1.0135135135135087,2.0270270270270174,3.0405405405405332,0.0
2035,bunt.saar,250,19,0.0,0.0,2.865694642010432,0.0,0.0,3.0968468468468466,0.8534850640113874,3.0761024182076824,1.973684210526315,0.4445234708392647,5.174253200568991,5.672119487908951,1.3513513513513473,6.756756756756765,4.054054054054063,0.3378378378378386,4.729729729729726,1.3513513513513402
4875,bunt.saar,250,19,1.0,0.0,2.560455192034135,1.0,1.0,2.3648648648648667,5.4054054054054035,1.4402560455191917,0.6045519203413932,3.6806543385490755,4.089615931721191,0.1422475106685539,3.7162162162162176,0.3378378378378386,4.054054054054063,1.3513513513513544,3.0405405405405332,1.689189189189193
4231,CDU,250,19,1.0,1.0,6.427809388335706,1.0,1.0,2.984234234234235,5.1209103840682815,7.414651493598868,7.983641536273112,4.42745376955903,9.26386913229019,4.356330014224753,4.391891891891895,0.6756756756756701,3.0405405405405403,5.067567567567572,1.689189189189193,3.0405405405405403
1731,FDP,250,19,0.0,0.0,4.540066382171644,0.0,0.0,5.461711711711715,7.343527738264584,0.49786628733995997,4.854196301564727,6.507823613086771,1.2446657183499283,6.792318634423893,0.6756756756756772,7.094594594594589,6.756756756756765,3.378378378378393,6.418918918918919,8.445945945945944
1289,FDP,250,19,0.0,1.0,3.642128971076344,1.0,1.0,1.8018018018017987,3.6806543385490826,2.1337126600284577,2.329302987197721,5.369843527738276,8.143669985775247,0.1955903271692776,1.3513513513513402,2.3648648648648702,2.0270270270270245,2.0270270270270174,2.0270270270270245,1.0135135135135158
492,Die Grünen,250,19,0.0,0.0,5.66915599810337,0.0,0.0,2.871621621621621,4.9075391180654435,0.6578947368421026,9.975106685633016,5.280938833570417,11.522048364153626,1.6714082503556114,4.391891891891895,2.7027027027026946,0.3378378378378386,3.0405405405405403,1.3513513513513473,5.405405405405411
132,Die Grünen,250,19,1.0,1.0,6.821953532479849,1.0,1.0,2.4774774774774833,4.285206258890469,3.8229018492176436,7.89473684210526,8.339260312944525,11.059743954480808,5.52987197724039,1.689189189189193,1.3513513513513544,4.054054054054063,3.0405405405405475,2.702702702702709,2.0270270270270316
996,bunt.saar,250,19,1.0,1.0,7.592460881934559,1.0,1.0,0.5067567567567579,3.627311522048373,9.886201991465143,4.374110953058306,3.165007112375534,17.70981507823612,6.792318634423879,1.0135135135135158,0.6756756756756701,0.3378378378378386,0.3378378378378315,0.0,0.6756756756756914
1561,FDP,250,19,0.0,1.0,2.518966334755806,0.0,1.0,3.6036036036036037,3.4672830725462234,3.2894736842105274,1.6714082503556185,0.7823613086770962,0.9423897581792318,4.960881934566139,8.445945945945951,3.7162162162162176,1.689189189189186,4.729729729729726,2.3648648648648702,0.6756756756756701
2704,Die Grünen,250,19,0.0,0.0,3.2242769084874374,1.0,0.0,7.376126126126128,8.428165007112383,3.982930298719772,1.6358463726884764,1.5647226173541924,2.560455192034155,1.1735419630156443,6.418918918918926,3.0405405405405403,9.121621621621628,7.770270270270274,10.13513513513513,7.770270270270274
1411,bunt.saar,250,19,1.0,0.0,3.8347558084400206,1.0,1.0,1.8581081081081063,3.982930298719772,0.17780938833570303,10.170697012802272,0.01778093883356746,8.463726884779526,0.1955903271692847,3.7162162162162105,1.3513513513513402,0.6756756756756772,2.364864864864863,0.3378378378378386,2.702702702702709
4113,Die Grünen,250,19,0.0,0.0,3.8880986249407337,1.0,1.0,2.3085585585585555,0.8534850640113874,0.5512091038406766,8.801564722617364,2.6137980085348573,5.0853485064011394,5.423186344238978,1.0135135135135087,1.3513513513513402,2.364864864864856,1.0135135135135158,3.0405405405405475,5.067567567567565
1744,CDU,250,19,1.0,0.0,7.171645329540063,1.0,1.0,2.4211711711711708,4.2140825035561775,6.223328591749635,6.54338549075392,12.357752489331439,8.392603129445227,5.298719772403977,1.3513513513513615,7.105427357601002e-15,0.3378378378378315,2.7027027027027017,6.081081081081074,4.054054054054049
1675,Die Grünen,250,19,1.0,0.0,5.518018018018018,0.0,0.0,1.3513513513513509,1.8847795163584706,4.9075391180654435,3.3250355618776624,5.45874822190612,12.57112375533427,4.960881934566139,3.378378378378379,0.0,1.689189189189186,1.689189189189193,0.0,1.3513513513513473
4210,SPD,250,19,0.0,1.0,6.193693693693697,0.0,0.0,2.815315315315317,3.5028449502133725,8.694879089615931,3.307254623044095,4.231863442389766,9.975106685633016,7.450213371266003,3.378378378378386,1.689189189189186,2.702702702702709,3.0405405405405332,3.378378378378386,2.7027027027027017
5041,bunt.saar,250,19,0.0,0.0,8.167377904220011,0.0,0.0,2.7590090090090094,4.249644381223341,11.522048364153626,10.08179231863442,2.7560455192034112,11.824324324324323,8.570412517780944,1.689189189189186,0.3378378378378386,2.364864864864863,4.054054054054056,3.0405405405405403,5.067567567567572
2488,FDP,250,19,0.0,1.0,6.490042674253201,1.0,1.0,3.6036036036036037,6.13442389758179,4.463015647226179,8.837126600284499,9.299431009957324,10.010668563300136,0.1955903271692776,2.702702702702709,6.418918918918919,1.3513513513513473,2.7027027027026946,3.0405405405405475,5.4054054054054035
4568,FDP,250,19,1.0,1.0,3.556187766714084,1.0,1.0,2.1959459459459487,2.3115220483641536,3.5028449502133725,2.489331436699864,4.711948790896166,3.8584637268847786,4.463015647226172,1.3513513513513544,2.364864864864863,0.6756756756756701,1.3513513513513686,1.689189189189186,5.743243243243249
640,bunt.saar,250,19,0.0,0.0,4.744547178757709,0.0,0.0,2.083333333333332,1.191322901849226,4.480796586059739,2.951635846372696,0.8001422475106708,10.810810810810814,8.232574679943106,2.7027027027026946,2.364864864864856,0.6756756756756772,2.3648648648648702,0.6756756756756772,3.7162162162162176
3097,SPD,250,19,1.0,0.0,5.292792792792793,1.0,0.0,4.054054054054056,9.121621621621621,6.792318634423893,0.46230440967283215,6.507823613086771,4.391891891891902,4.480796586059739,2.0270270270270245,0.3378378378378386,7.0945945945945965,6.756756756756765,5.405405405405418,2.7027027027026946
1931,bunt.saar,250,19,0.0,0.0,5.6839734471313434,1.0,0.0,1.3513513513513484,4.19630156472261,2.6493598862019923,6.490042674253203,6.98790896159317,6.152204836415365,7.62802275960172,1.689189189189186,0.3378378378378315,1.0135135135135087,0.3378378378378457,4.391891891891895,0.3378378378378244
1832,bunt.saar,250,19,1.0,1.0,4.8275248933143695,1.0,1.0,1.0135135135135147,4.089615931721191,7.2724039829302995,4.480796586059739,3.9651493598862118,5.174253200568998,3.982930298719779,2.364864864864863,0.3378378378378457,0.3378378378378244,1.689189189189186,1.01351351351353,0.3378378378378386
2062,CDU,250,19,1.0,1.0,2.4685870080606924,1.0,1.0,0.5630630630630632,1.0668563300142182,2.2048364153627347,0.32005689900427114,4.996443812233288,5.921052631578952,0.3022759601706895,0.0,0.3378378378378386,1.3513513513513473,0.3378378378378386,1.0135135135135087,0.3378378378378457
2100,DIE LINKE,250,19,0.0,0.0,4.380037932669512,0.0,0.0,2.364864864864862,6.490042674253203,0.7112375533428192,4.747510668563301,11.78876244665718,1.1024182076813602,1.440256045519206,0.0,0.675675675675663,3.0405405405405332,1.689189189189186,4.391891891891895,4.391891891891895
671,SPD,250,19,1.0,0.0,4.545993361782831,1.0,1.0,2.9279279279279287,4.12517780938834,1.3513513513513473,2.507112375533424,8.250355618776666,1.7780938833570303,9.263869132290182,0.3378378378378386,2.702702702702709,3.378378378378379,4.391891891891895,2.0270270270270245,4.729729729729726
3195,bunt.saar,250,19,0.0,0.0,2.9723802750118558,1.0,0.0,4.448198198198196,3.8229018492176436,6.205547652916067,1.5469416785206391,2.080369843527741,4.018492176386907,0.16002844950213557,1.689189189189186,6.418918918918905,3.378378378378386,5.067567567567572,5.743243243243242,4.391891891891888
909,FDP,250,19,1.0,1.0,5.731389284020861,1.0,0.0,1.1824324324324305,11.486486486486491,3.022759601706966,6.152204836415358,3.342816500711244,3.200568990042669,7.183499288762441,0.3378378378378386,0.0,1.3513513513513473,3.0405405405405332,1.3513513513513473,1.0135135135135158
5056,FDP,250,19,1.0,1.0,2.575272641062117,1.0,1.0,2.9279279279279287,0.8534850640113874,3.5739687055476566,0.9246088193456643,5.6899004267425255,1.653627311522051,2.7560455192034183,2.3648648648648702,2.364864864864863,5.067567567567558,1.0135135135135158,4.729729729729733,2.0270270270270316
3779,bunt.saar,250,19,1.0,1.0,2.9664532954006617,0.0,1.0,2.1396396396396447,2.7204836415362763,3.7162162162162105,4.67638691322901,0.16002844950213557,5.974395448079662,0.5512091038406766,4.054054054054056,0.3378378378378528,2.0270270270270174,2.0270270270270316,3.0405405405405403,1.3513513513513686
4802,CDU,250,19,0.0,1.0,2.7264106211474632,1.0,1.0,1.2950450450450433,3.022759601706973,2.9871977240398238,4.800853485064017,0.32005689900426404,3.44950213371267,1.7780938833570303,0.3378378378378386,1.0135135135135087,0.3378378378378386,0.6756756756756701,2.7027027027026946,2.702702702702709
3727,Die Grünen,250,19,1.0,0.0,4.966808914177336,1.0,1.0,1.2950450450450444,2.3470839260312957,4.285206258890469,5.778805120910384,0.7467994310099542,8.001422475106693,8.641536273115221,2.702702702702709,0.3378378378378386,0.6756756756756772,3.0405405405405403,0.675675675675663,0.3378378378378386
5021,bunt.saar,250,19,0.0,1.0,8.342223802750123,1.0,1.0,3.603603603603601,5.583214793741114,8.55263157894737,8.961593172119485,6.187766714082507,9.708392603129454,11.059743954480808,2.364864864864856,2.3648648648648702,5.067567567567565,4.054054054054056,4.054054054054049,3.7162162162162105
2362,CDU,250,19,0.0,1.0,2.5367472735893757,0.0,1.0,1.5765765765765767,4.0362731152204745,0.3378378378378386,5.1031294452347,1.0312944523470904,4.623044096728307,0.08890469416784441,4.054054054054049,1.3513513513513473,0.0,0.3378378378378457,1.689189189189193,2.0270270270270245
531,FDP,250,19,1.0,1.0,2.9753437648174508,1.0,1.0,1.4076576576576574,4.071834992887624,1.9559032716927476,4.338549075391178,2.2226173541963163,3.8762446657183496,1.3869132290184893,1.689189189189186,1.689189189189186,0.6756756756756737,0.3378378378378386,2.0270270270270316,2.027027027027028
201,bunt.saar,250,19,0.0,0.0,6.327050734945472,1.0,1.0,1.12612612612613,2.5960170697012828,1.6358463726884764,8.161450924608815,7.610241820768138,8.78378378378379,9.17496443812233,1.013513513513523,2.0270270270270316,2.0270270270270316,0.6756756756756772,0.3378378378378386,0.6756756756756772
999,Die Grünen,250,19,0.0,0.0,8.958629682313893,1.0,0.0,2.1959459459459416,9.992887624466569,4.9075391180654435,5.921052631578952,2.507112375533424,20.999288762446653,9.423897581792318,1.689189189189186,0.3378378378378386,1.0135135135135087,0.6756756756756701,7.432432432432428,2.0270270270270174
4891,SPD,250,19,0.0,0.0,5.977358937885253,1.0,1.0,2.3648648648648645,6.721194879089616,2.329302987197721,12.108819345661445,4.445234708392597,6.632290184921764,3.627311522048373,2.0270270270270245,0.3378378378378386,3.378378378378379,1.0135135135135087,3.7162162162162105,3.7162162162162247
1015,bunt.saar,250,19,1.0,0.0,2.9012565196775704,1.0,1.0,1.689189189189187,0.21337126600283796,10.650782361308679,1.4402560455191917,1.2802275960170704,1.2802275960170704,2.5426742532005733,1.0135135135135087,2.364864864864856,2.0270270270270316,0.3378378378378386,2.364864864864856,2.0270270270270316
2412,FDP,250,19,1.0,1.0,4.842342342342341,1.0,1.0,1.1824324324324291,5.618776671408241,6.970128022759596,1.7958748221906191,4.996443812233288,5.95661450924608,3.7162162162162176,2.364864864864856,0.0,0.3378378378378457,1.3513513513513402,1.3513513513513473,1.689189189189186
3130,FDP,250,19,1.0,0.0,5.74027975343765,1.0,1.0,1.4639639639639697,3.236130867709818,9.246088193456615,3.8940256045519206,1.369132290184929,10.793029871977247,5.903271692745371,2.702702702702709,0.6756756756756843,2.0270270270270316,0.6756756756756843,1.3513513513513544,1.3513513513513544
2147,bunt.saar,250,19,1.0,0.0,5.92401612138454,1.0,0.0,2.0833333333333335,3.520625889046933,5.618776671408241,6.827880512091042,6.61450924608819,10.686344238975813,2.2759601706970187,2.0270270270270245,2.364864864864863,0.6756756756756772,3.0405405405405332,3.0405405405405475,1.3513513513513544
3204,CDU,250,19,1.0,1.0,1.650663821716454,0.0,1.0,2.027027027027026,2.418207681365587,0.7645803698435216,2.5426742532005733,1.0135135135135087,2.471550497866289,0.6934566145092447,2.702702702702709,2.7027027027027017,0.0,2.364864864864863,1.3513513513513473,3.0405405405405332
2389,Die Grünen,250,19,0.0,1.0,4.021455666192505,0.0,1.0,1.1824324324324351,2.5248933143669916,6.614509246088197,7.005689900426745,0.9068278805120897,2.400426742531998,4.67638691322901,0.6756756756756701,1.3513513513513473,0.3378378378378528,0.0,2.3648648648648702,2.3648648648648702
111,SPD,250,19,1.0,0.0,3.0464675201517353,1.0,0.0,2.364864864864862,2.7382645803698438,4.249644381223341,7.450213371266003,0.3378378378378386,0.053342816500716594,3.44950213371267,3.7162162162162176,1.0135135135135087,0.6756756756756701,4.391891891891895,0.0,4.391891891891881
2400,Die Grünen,250,19,1.0,0.0,3.5117354196301576,1.0,0.0,1.4639639639639601,2.9694167852062563,5.885490753911803,2.400426742531998,0.3911806543385552,6.881223328591759,2.5426742532005733,1.3513513513513473,1.3513513513513473,3.378378378378372,1.0135135135135087,1.689189189189186,0.0
2292,bunt.saar,250,19,1.0,0.0,2.622688477951636,1.0,0.0,1.2387387387387367,2.489331436699864,3.2894736842105345,4.17852062588905,0.23115220483641252,4.480796586059739,1.0668563300142182,3.378378378378372,0.6756756756756772,0.3378378378378386,1.689189189189186,1.0135135135135087,0.3378378378378386
2707,SPD,250,19,1.0,0.0,5.432076813655761,1.0,0.0,2.421171171171173,2.9694167852062634,5.245376955903275,11.326458036984356,0.07112375533427695,5.049786628733997,7.930298719772395,0.6756756756756772,1.689189189189193,5.067567567567565,0.3378378378378244,6.4189189189189335,0.3378378378378457
549,CDU,250,19,1.0,0.0,3.7636320531057414,1.0,1.0,1.0698198198198188,0.3022759601707037,8.214793741109531,0.2844950213371291,4.800853485064017,2.7204836415362763,6.258890469416791,2.364864864864863,1.689189189189186,1.3513513513513544,0.6756756756756701,0.0,0.3378378378378386
5081,CDU,250,19,1.0,1.0,2.7293741109530587,1.0,1.0,1.85810810810811,3.8762446657183602,0.8357041251778057,3.94736842105263,6.276671408250358,0.7467994310099542,0.6934566145092447,2.3648648648648702,1.0135135135135158,5.743243243243242,1.013513513513523,0.0,1.0135135135135087
1966,FDP,250,19,1.0,0.0,4.928283546704603,1.0,0.0,3.3783783783783776,6.383357041251777,1.0668563300142253,5.0497866287340045,1.5291607396870575,12.553342816500717,2.987197724039838,0.0,9.459459459459453,0.3378378378378386,1.3513513513513473,3.378378378378379,5.743243243243249
1263,bunt.saar,250,19,1.0,1.0,2.9368183973447146,1.0,1.0,2.9279279279279287,0.1955903271692847,0.053342816500716594,1.831436699857747,1.0312944523470833,11.184210526315788,3.3250355618776695,2.3648648648648702,1.0135135135135016,2.0270270270270316,2.0270270270270316,4.054054054054056,6.081081081081081
5116,CDU,250,19,1.0,1.0,3.689544807965858,1.0,1.0,2.1959459459459474,2.187055476529153,3.5384068278805074,7.432432432432435,1.5825035561877598,2.6493598862019923,4.747510668563301,3.0405405405405332,0.6756756756756772,2.702702702702709,3.0405405405405475,1.3513513513513544,2.364864864864863
3598,SPD,250,19,0.0,0.0,3.304291133238499,1.0,0.0,4.842342342342341,3.0049786628733983,2.2226173541963092,5.2275960170697005,3.982930298719765,5.298719772403977,0.08890469416784441,1.0135135135135087,0.6756756756756701,8.783783783783782,3.378378378378386,7.094594594594589,8.108108108108105
3654,bunt.saar,250,19,1.0,0.0,4.768255097202462,1.0,0.0,1.520270270270269,0.37339971550497353,3.1472261735419664,7.645803698435273,2.507112375533424,11.130867709815071,3.805120910384062,0.0,1.0135135135135016,4.391891891891888,0.3378378378378386,2.3648648648648702,1.0135135135135158
4704,bunt.saar,250,19,1.0,0.0,4.788999525841633,1.0,1.0,2.0833333333333357,4.587482219061165,3.413940256045514,1.9914651493598967,2.5248933143669987,13.068990042674258,3.1472261735419664,2.364864864864863,1.3513513513513544,3.378378378378386,2.7027027027027017,0.3378378378378386,2.3648648648648702
920,CDU,250,19,0.0,1.0,3.8969890943575165,1.0,1.0,2.252252252252255,4.374110953058313,7.948079658605977,0.053342816500716594,5.974395448079662,4.640825035561875,0.3911806543385552,0.6756756756756772,1.3513513513513544,3.378378378378379,0.6756756756756843,3.378378378378379,4.054054054054056
2791,FDP,250,19,1.0,0.0,5.814366998577526,1.0,0.0,6.98198198198198,2.4182076813655797,7.46799431009957,8.428165007112383,0.2489331436700013,7.645803698435266,8.677098150782356,6.418918918918919,7.432432432432435,8.78378378378379,2.7027027027026946,8.445945945945937,8.108108108108105
3066,Die Grünen,250,19,0.0,0.0,4.261498340445708,0.0,0.0,6.081081081081078,3.4672830725462234,1.8847795163584706,3.662873399715501,4.818634423897578,10.010668563300143,1.724751066856328,4.729729729729726,4.391891891891888,4.729729729729719,1.689189189189193,11.824324324324323,9.121621621621621
3023,FDP,250,19,1.0,1.0,3.8466097676624025,1.0,1.0,3.490990990990993,0.16002844950213557,5.654338549075398,3.449502133712656,5.512091038406837,2.4182076813655797,5.88549075391181,3.0405405405405475,4.729729729729733,3.0405405405405403,0.6756756756756772,3.7162162162162105,5.743243243243249
2085,bunt.saar,250,19,1.0,0.0,3.5235893788525368,1.0,1.0,1.5765765765765742,2.329302987197721,0.9601706970128063,4.356330014224746,1.7069701280227676,7.254623044096725,4.534139402560456,0.3378378378378386,3.7162162162162176,0.675675675675663,0.3378378378378244,1.689189189189193,2.702702702702709
3540,SPD,250,19,0.0,0.0,6.744902797534377,0.0,1.0,1.2387387387387345,0.8001422475106708,0.26671408250355455,12.482219061166433,7.005689900426745,11.610953058321478,8.303698435277383,1.689189189189193,1.3513513513513402,0.3378378378378315,0.3378378378378386,2.364864864864863,1.3513513513513402
673,CDU,250,19,1.0,1.0,2.981270744428638,1.0,0.0,3.2094594594594597,3.3605974395447973,3.307254623044102,0.8712660028449548,3.6450924608819264,6.347795163584642,0.35561877667140607,1.0135135135135158,1.0135135135135158,5.405405405405411,2.0270270270270245,3.378378378378379,6.418918918918912
3349,CDU,250,19,1.0,0.0,8.706733048838311,1.0,0.0,5.067567567567568,1.2268847795163538,2.3826458036984377,17.852062588904694,6.756756756756758,12.375533428165006,11.646514935988613,3.0405405405405403,4.729729729729733,7.432432432432428,0.3378378378378386,7.770270270270274,7.0945945945945965
2561,CDU,250,19,1.0,0.0,2.3767188240872392,0.0,0.0,3.1531531531531543,0.03556187766713492,1.902560455192038,0.8890469416785152,3.1294452347083777,5.8321479374110865,2.471550497866282,0.3378378378378386,3.378378378378372,4.054054054054056,1.3513513513513615,6.081081081081081,3.7162162162162176
4360,bunt.saar,250,19,1.0,0.0,2.6938122332859167,1.0,1.0,1.914414414414414,4.445234708392597,3.876244665718353,2.6849217638691343,1.4580369843527734,3.200568990042669,0.4978662873399742,3.0405405405405332,2.0270270270270174,0.6756756756756843,3.7162162162162176,1.689189189189193,0.3378378378378386
3069,CDU,250,19,1.0,1.0,1.6625177809388358,1.0,1.0,2.25225225225225,1.2802275960170704,0.8001422475106708,0.07112375533427695,1.191322901849226,6.3122332859175,0.32005689900427114,3.0405405405405403,3.0405405405405403,0.3378378378378244,4.054054054054049,2.702702702702709,0.3378378378378386
1766,FDP,250,19,0.0,1.0,4.587482219061169,1.0,1.0,1.6328828828828819,5.316500711237566,3.805120910384062,4.42745376955903,5.654338549075405,8.17923186344239,0.142247510668561,1.013513513513523,1.0135135135135087,2.364864864864863,1.0135135135135016,3.7162162162162176,0.6756756756756772
2874,SPD,250,19,0.0,1.0,2.9694167852062563,0.0,0.0,2.139639639639636,2.507112375533424,4.711948790896166,3.342816500711244,1.9203413940255984,3.182788051209087,2.151493598862018,0.6756756756756772,0.3378378378378386,4.054054054054049,2.0270270270270245,1.3513513513513402,4.391891891891888
2522,bunt.saar,250,19,1.0,0.0,5.84696538643907,1.0,1.0,1.1261261261261286,0.7467994310099613,4.054054054054063,5.245376955903268,6.312233285917493,12.055476529160728,6.667852062588906,1.3513513513513473,0.6756756756756914,1.3513513513513544,1.689189189189186,0.3378378378378386,1.3513513513513544
3278,CDU,250,19,0.0,0.0,4.388928402086297,1.0,0.0,2.8716216216216246,5.28093883357041,1.866998577524896,2.7916073968705533,6.756756756756758,5.4765291607396875,4.160739687055475,2.364864864864863,0.6756756756756772,4.391891891891902,3.0405405405405403,1.3513513513513544,5.405405405405411
1369,DIE LINKE,250,19,0.0,0.0,6.854551920341393,1.0,0.0,2.139639639639634,2.4182076813655797,4.018492176386907,11.16642958748222,2.3470839260312886,16.002844950213372,5.174253200568991,2.0270270270270174,1.0135135135135016,4.729729729729726,1.0135135135135087,4.054054054054049,0.0
4287,Die Grünen,250,19,1.0,1.0,3.677690848743476,0.0,0.0,7.488738738738736,5.7610241820768096,4.285206258890469,1.8669985775248819,0.604551920341386,4.089615931721191,5.45874822190612,9.121621621621607,2.0270270270270245,7.432432432432428,9.45945945945946,6.081081081081081,10.810810810810814
639,FDP,250,19,0.0,1.0,5.2068515884305375,0.0,1.0,0.7882882882882877,6.258890469416791,3.94736842105263,1.3157894736842124,10.54409672830726,2.044807965860592,7.1301564722617385,0.0,0.0,2.7027027027027017,0.6756756756756772,0.0,1.3513513513513473
104,CDU,250,19,1.0,0.0,3.004978662873397,1.0,0.0,2.5900900900900914,2.2048364153627347,7.2724039829302995,0.8890469416785152,5.209815078236119,0.6223328591749677,1.831436699857747,0.6756756756756914,5.067567567567565,2.702702702702709,2.7027027027026946,2.0270270270270245,2.364864864864863
3524,bunt.saar,250,19,1.0,0.0,3.597676623992413,1.0,1.0,2.2522522522522515,3.1472261735419664,1.6358463726884764,3.2183499288762505,1.6180654338549019,9.334992887624459,2.631578947368425,3.0405405405405403,4.391891891891902,2.0270270270270174,1.6891891891891788,2.0270270270270316,0.3378378378378386
4760,bunt.saar,250,19,1.0,1.0,3.508771929824563,1.0,0.0,2.3085585585585555,0.7112375533428192,2.7738264580369787,4.516358463726888,3.1116642958748173,8.001422475106693,1.9381223328591801,3.0405405405405403,1.3513513513513402,2.7027027027026946,0.3378378378378386,2.7027027027026946,3.7162162162162247
4413,Die Grünen,250,19,1.0,0.0,2.6463963963963963,1.0,0.0,1.8581081081081077,5.725462304409675,1.262446657183503,1.8492176386913286,2.6137980085348502,4.338549075391185,0.0889046941678373,0.3378378378378386,4.391891891891888,1.0135135135135158,0.0,2.364864864864856,3.0405405405405475
3696,FDP,250,19,0.0,1.0,3.0316500711237566,0.0,1.0,1.8581081081081052,1.0312944523470904,0.40896159317212266,0.5512091038406766,2.6849217638691343,9.103840682788054,4.409672830725462,1.3513513513513402,1.3513513513513544,1.3513513513513473,0.3378378378378386,5.067567567567565,1.689189189189186
4931,CDU,250,19,1.0,1.0,1.0994547178757703,1.0,0.0,3.828828828828827,0.3378378378378386,1.9559032716927405,2.8449502133712556,0.9246088193456643,0.017780938833574567,0.5156472261735487,2.3648648648648702,1.0135135135135087,6.081081081081074,0.0,8.445945945945944,5.067567567567565
1328,FDP,250,19,1.0,0.0,6.178876244665719,0.0,0.0,4.222972972972976,8.97937411095306,1.9203413940255984,5.014224751066855,6.863442389758184,12.660028449502132,1.6358463726884764,3.378378378378379,6.418918918918926,3.0405405405405475,6.418918918918919,2.3648648648648702,3.7162162162162176
3070,bunt.saar,250,19,0.0,1.0,5.286865813181602,0.0,1.0,3.0405405405405403,2.951635846372696,8.285917496443822,5.387624466571829,6.507823613086771,2.7738264580369787,5.814366998577512,5.067567567567565,2.3648648648648702,0.3378378378378386,6.756756756756758,1.3513513513513544,2.364864864864856
1596,FDP,250,19,0.0,1.0,3.754741583688953,0.0,1.0,1.8018018018018023,0.9068278805120968,11.344238975817923,2.5426742532005733,4.409672830725462,2.187055476529153,1.1379800853485094,4.7297297297297405,0.3378378378378386,2.364864864864863,0.0,2.0270270270270245,1.3513513513513473
4149,CDU,250,19,0.0,1.0,7.719890943575155,0.0,1.0,4.954954954954956,1.9559032716927405,11.113086770981518,8.97937411095306,0.6934566145092447,13.30014224751067,10.277382645803698,0.3378378378378386,7.770270270270274,3.378378378378379,5.743243243243249,5.4054054054054035,7.094594594594589
1965,FDP,250,19,1.0,0.0,2.1396396396396398,1.0,0.0,2.927927927927925,2.3826458036984377,0.4445234708392647,0.9779516358463738,2.400426742531998,3.982930298719772,2.6493598862019923,3.7162162162162176,7.094594594594589,0.3378378378378386,2.0270270270270174,2.364864864864863,2.0270270270270245
2834,Die Grünen,250,19,1.0,0.0,3.47913703176861,1.0,1.0,3.885135135135138,0.46230440967283215,1.1735419630156443,3.413940256045514,4.37411095305832,6.1877667140825,5.26315789473685,3.7162162162162176,5.743243243243242,3.0405405405405475,2.7027027027027017,3.7162162162162176,4.391891891891902
2063,CDU,250,19,1.0,1.0,2.2907776197249894,1.0,1.0,0.6756756756756772,0.10668563300143319,4.889758179231862,0.5156472261735487,2.044807965860592,3.4672830725462234,2.7204836415362763,0.3378378378378528,1.689189189189193,1.0135135135135087,0.675675675675663,0.3378378378378457,0.0
3605,FDP,250,19,1.0,0.0,5.218705547652918,1.0,1.0,4.504504504504504,5.5476529160739645,6.418918918918919,8.054765291607396,3.0761024182076895,3.6450924608819335,4.569701280227605,3.378378378378379,1.689189189189186,7.770270270270267,0.3378378378378244,5.067567567567579,8.78378378378379
4437,DIE LINKE,250,19,0.0,0.0,4.222972972972976,0.0,0.0,3.32207207207207,2.7204836415362763,4.9075391180654435,4.658605974395456,7.130156472261731,1.2091038406827934,4.711948790896159,1.3513513513513473,0.3378378378378315,4.054054054054063,6.081081081081074,2.364864864864856,5.743243243243249
2265,DIE LINKE,250,19,1.0,0.0,6.946420104314843,1.0,0.0,2.702702702702698,0.053342816500716594,4.071834992887624,13.53129445234709,1.2268847795163538,13.815789473684212,8.97937411095306,0.675675675675663,2.7027027027026946,4.391891891891888,1.689189189189186,4.391891891891895,2.364864864864863
43,CDU,250,19,0.0,0.0,2.9664532954006653,1.0,0.0,2.364864864864861,3.876244665718353,1.0846372688477999,0.7290184921763796,7.130156472261731,4.783072546230443,0.1955903271692847,2.364864864864856,3.0405405405405403,2.0270270270270174,3.378378378378379,2.7027027027027017,0.6756756756756701
4116,CDU,250,19,1.0,0.0,4.154812707444286,1.0,0.0,2.533783783783786,2.0625889046941666,7.325746799431009,4.054054054054056,0.053342816500716594,5.992176386913222,5.4409672830725455,5.743243243243249,0.6756756756756772,0.3378378378378386,5.4054054054054035,0.3378378378378457,2.7027027027027017
3534,FDP,250,19,1.0,1.0,1.472854433380751,1.0,0.0,4.954954954954957,0.7112375533428192,1.6358463726884764,0.46230440967283215,2.6137980085348573,2.6315789473684177,0.7823613086771033,9.45945945945946,3.7162162162162105,5.067567567567572,0.0,4.729729729729733,6.756756756756765
868,bunt.saar,250,19,1.0,0.0,8.07254623044097,1.0,1.0,3.0405405405405426,4.889758179231862,6.436699857752494,9.797297297297305,3.805120910384069,13.264580369843529,10.241820768136563,4.729729729729726,1.689189189189186,4.7297297297297405,3.7162162162162176,1.689189189189193,1.689189189189193
14,FDP,250,19,1.0,1.0,5.506164058795638,1.0,1.0,1.4639639639639632,7.69914651493599,4.267425320056894,1.3157894736842088,12.553342816500717,3.147226173541963,4.054054054054053,1.0135135135135087,0.6756756756756772,2.0270270270270245,0.0,2.364864864864863,2.7027027027027053
3168,CDU,250,19,1.0,1.0,1.9618302513039356,1.0,1.0,4.05405405405405,0.37339971550498063,1.4402560455191917,1.262446657183503,3.8940256045519206,1.475817923186355,3.3250355618776624,1.3513513513513402,4.054054054054056,6.756756756756751,1.3513513513513473,6.418918918918912,4.391891891891895
4864,FDP,250,19,1.0,1.0,3.953295400663823,1.0,1.0,3.3220720720720727,4.054054054054056,3.8584637268847786,6.116642958748223,1.4046941678520568,7.965860597439551,0.32005689900427114,7.094594594594589,0.3378378378378386,1.0135135135135158,7.432432432432435,2.7027027027027017,1.3513513513513544
1221,CDU,250,19,1.0,0.0,2.6434329065907995,1.0,1.0,2.0270270270270268,1.0135135135135087,3.8940256045519206,2.435988620199147,3.7873399715504945,4.67638691322901,0.053342816500716594,0.6756756756756701,1.3513513513513473,3.0405405405405403,2.3648648648648702,1.6891891891892001,3.0405405405405332
3913,bunt.saar,250,19,1.0,1.0,2.0714793741109525,0.0,1.0,1.1824324324324351,3.769559032716927,0.6401137980085352,3.591749644381224,1.511379800853483,2.5248933143669916,0.3911806543385552,1.689189189189193,1.3513513513513544,0.3378378378378315,0.6756756756756772,1.3513513513513615,1.689189189189193
2776,FDP,250,19,0.0,0.0,2.702702702702704,1.0,0.0,2.0833333333333286,0.21337126600283796,2.6849217638691414,2.044807965860592,5.192034139402573,0.053342816500716594,6.027738264580364,4.054054054054049,1.0135135135135087,0.3378378378378386,3.7162162162162033,1.0135135135135087,2.364864864864863
2530,SPD,250,19,1.0,0.0,8.416311047889998,1.0,0.0,7.545045045045046,1.2980085348506378,5.529871977240397,15.931721194879088,4.356330014224753,13.72688477951636,9.655049786628751,5.4054054054054035,1.3513513513513473,10.810810810810807,8.108108108108105,9.797297297297305,9.797297297297305
1868,bunt.saar,250,19,0.0,0.0,3.7991939307728813,0.0,0.0,12.105855855855859,0.6934566145092447,3.3961593172119606,1.3157894736842195,2.578236130867701,7.788051209103834,7.023470839260327,4.7297297297297405,6.081081081081095,15.202702702702695,9.459459459459467,15.202702702702695,21.959459459459467
3732,SPD,250,19,0.0,1.0,6.335941204362256,0.0,1.0,2.53378378378378,1.8492176386913144,4.463015647226179,9.566145092460879,1.9914651493598896,11.255334281650065,8.890469416785209,4.054054054054056,2.0270270270270245,2.0270270270270174,2.0270270270270245,4.391891891891881,0.6756756756756772
1606,SPD,250,19,1.0,1.0,1.6714082503556231,1.0,1.0,3.7725225225225265,1.0668563300142253,2.6849217638691343,1.0490753911806578,2.1337126600284577,0.1955903271692847,2.8982930298719793,1.689189189189193,5.4054054054054035,6.4189189189189335,1.689189189189193,3.378378378378372,4.054054054054063
4029,DIE LINKE,250,19,0.0,1.0,2.195945945945946,0.0,1.0,2.590090090090088,0.6223328591749677,4.605263157894733,0.4445234708392647,2.2403982930298625,3.1116642958748244,2.151493598862025,2.7027027027026946,0.0,5.067567567567565,0.3378378378378244,3.378378378378379,4.054054054054063
4858,Die Grünen,250,19,0.0,1.0,4.101469890943576,0.0,0.0,1.5765765765765742,0.9779516358463738,7.841394025604551,5.618776671408241,0.053342816500716594,4.569701280227605,5.5476529160739645,0.3378378378378386,2.7027027027026946,2.364864864864856,2.364864864864863,1.3513513513513473,0.3378378378378457
4738,Die Grünen,250,19,0.0,0.0,5.500237079184447,0.0,0.0,3.2657657657657624,4.605263157894733,1.1024182076813673,8.570412517780937,2.6849217638691343,11.148648648648646,4.889758179231862,3.378378378378379,1.0135135135135016,5.4054054054054035,2.3648648648648702,5.743243243243242,1.6891891891891788
4197,bunt.saar,250,19,1.0,0.0,4.738620199146514,1.0,0.0,10.754504504504503,6.205547652916081,2.8449502133712485,4.249644381223334,3.733997155049785,8.534850640113788,2.8627311522048444,5.743243243243242,4.729729729729726,12.499999999999993,12.162162162162161,12.837837837837832,16.554054054054063
3326,FDP,250,19,1.0,1.0,2.533783783783788,1.0,1.0,0.8445945945945917,1.369132290184929,3.5739687055476637,1.013513513513523,3.805120910384062,0.26671408250356166,5.174253200568991,1.689189189189193,1.0135135135135087,0.3378378378378244,0.3378378378378386,1.3513513513513473,0.3378378378378386
5199,bunt.saar,250,19,1.0,0.0,4.972735893788525,1.0,0.0,4.954954954954958,3.0405405405405403,2.8271692745376953,4.60526315789474,2.7560455192034183,12.144381223328587,4.463015647226172,2.364864864864863,2.0270270270270316,4.054054054054063,4.391891891891888,7.770270270270274,9.121621621621628
3857,FDP,250,19,0.0,0.0,7.663584637268847,0.0,0.0,5.292792792792792,4.107396870554773,3.09388335704125,7.805832147937409,15.629445234708385,6.063300142247513,9.28165007112375,2.0270270270270316,3.378378378378379,5.067567567567565,9.121621621621614,3.7162162162162176,8.445945945945944
5029,FDP,250,19,1.0,0.0,4.925320056899007,1.0,1.0,2.4774774774774797,11.095305832147936,1.333570412517787,1.9381223328591801,10.312944523470854,3.7517780938833525,1.1201991465149348,2.702702702702709,0.3378378378378386,3.378378378378379,6.081081081081088,0.3378378378378386,2.0270270270270245
4717,FDP,250,19,1.0,1.0,3.870317686107159,1.0,1.0,0.9572072072072082,8.197012802275957,0.07112375533427695,2.631578947368425,8.232574679943106,1.689189189189186,2.400426742532005,1.3513513513513615,1.0135135135135158,0.3378378378378386,1.689189189189186,0.6756756756756701,0.6756756756756772
2094,SPD,250,19,0.0,1.0,4.963845424371741,1.0,1.0,0.7319819819819836,0.9779516358463738,8.374822190611667,7.076813655761022,0.053342816500716594,2.6493598862019923,10.650782361308679,1.0135135135135158,1.0135135135135158,0.3378378378378457,1.0135135135135087,1.0135135135135158,0.0
3610,Die Grünen,250,19,0.0,1.0,5.535798956851585,0.0,1.0,2.759009009009007,2.578236130867701,5.689900426742533,3.591749644381224,1.9203413940255984,14.598150782361301,4.836415362731152,1.3513513513513473,0.3378378378378386,3.7162162162162176,1.3513513513513473,4.729729729729726,5.067567567567565
4150,Die Grünen,250,19,1.0,0.0,4.394855381697485,0.0,1.0,1.5202702702702773,0.49786628733995997,4.711948790896166,3.236130867709818,4.036273115220482,8.07254623044097,5.814366998577512,1.013513513513523,1.01351351351353,0.6756756756756772,0.3378378378378386,2.702702702702709,3.378378378378386
5205,FDP,250,19,1.0,1.0,3.333926031294452,1.0,1.0,1.632882882882883,0.3022759601707037,5.796586059743959,1.0312944523470762,3.7873399715504945,5.88549075391181,3.200568990042669,1.013513513513523,3.7162162162162176,1.3513513513513473,2.364864864864856,0.0,1.3513513513513544
4620,FDP,250,19,0.0,0.0,5.387624466571836,0.0,0.0,2.702702702702703,4.267425320056894,3.8229018492176436,2.080369843527741,10.36628733997155,9.40611664295875,2.3826458036984377,1.3513513513513473,1.689189189189186,3.0405405405405475,8.108108108108105,0.3378378378378386,1.689189189189193
883,bunt.saar,250,19,1.0,0.0,1.360241820768137,0.0,0.0,2.4211711711711708,0.6756756756756772,0.6401137980085352,0.9246088193456643,1.831436699857747,3.2894736842105345,0.8001422475106637,2.702702702702709,1.689189189189193,1.3513513513513473,3.0405405405405332,2.3648648648648702,3.378378378378372
295,FDP,250,19,1.0,1.0,3.1383357041251814,1.0,1.0,2.3085585585585577,3.94736842105263,0.6578947368421098,2.8271692745377024,3.022759601706973,2.8271692745377024,5.547652916073972,1.3513513513513473,3.378378378378379,2.0270270270270316,3.378378378378372,0.6756756756756701,3.0405405405405475
1959,bunt.saar,250,19,1.0,0.0,5.352062588904693,1.0,1.0,1.5765765765765731,1.2980085348506378,3.8584637268847786,7.219061166429583,5.529871977240404,8.143669985775254,6.063300142247499,0.6756756756756772,1.3513513513513544,0.3378378378378386,5.4054054054054035,0.675675675675663,1.0135135135135016
3675,FDP,250,19,1.0,1.0,2.317449027975343,1.0,1.0,3.0405405405405417,0.9601706970128063,1.3691322901849219,2.151493598862025,3.378378378378372,2.720483641536269,3.3250355618776624,4.054054054054042,2.364864864864863,4.054054054054056,4.054054054054063,0.6756756756756772,3.0405405405405475
3237,Die Grünen,250,19,1.0,0.0,4.563774300616411,0.0,1.0,1.407657657657656,2.560455192034155,1.0312944523470904,6.3122332859175,0.16002844950212847,11.682076813655769,5.636557610241823,0.3378378378378244,3.378378378378372,0.6756756756756772,0.3378378378378386,1.3513513513513544,2.3648648648648702
1115,Die Grünen,250,19,1.0,1.0,4.6645329540066385,1.0,1.0,1.8018018018018036,6.792318634423893,4.889758179231862,1.653627311522051,4.320768136557611,7.0945945945945965,3.236130867709818,1.0135135135135087,0.3378378378378457,2.7027027027026946,1.3513513513513544,2.702702702702709,2.702702702702709
4951,FDP,250,19,1.0,1.0,4.128141299193928,0.0,0.0,3.2094594594594597,5.209815078236119,1.1379800853485094,5.0853485064011394,4.960881934566139,6.098862019914655,2.2759601706970045,3.378378378378372,4.729729729729733,3.0405405405405403,3.7162162162162033,0.3378378378378457,4.054054054054063
5123,bunt.saar,250,19,1.0,0.0,1.5676861071597952,1.0,1.0,1.745495495495497,0.49786628733995997,2.275960170697026,1.3335704125177799,2.151493598862025,2.951635846372696,0.1955903271692847,3.0405405405405475,2.364864864864856,1.3513513513513544,1.3513513513513544,2.3648648648648702,0.0
3910,FDP,250,19,1.0,1.0,2.302631578947364,1.0,1.0,2.7027027027026995,2.631578947368425,1.1557610241820626,4.498577524893321,3.805120910384062,0.3022759601706895,1.4224751066856243,3.7162162162162105,2.3648648648648702,2.3648648648648702,1.3513513513513402,4.054054054054042,2.364864864864863
234,SPD,250,19,1.0,0.0,4.249644381223333,0.0,1.0,1.689189189189186,2.560455192034155,0.7467994310099613,8.108108108108105,7.076813655761022,2.275960170697026,4.729729729729726,4.054054054054042,3.7162162162162176,0.6756756756756701,1.013513513513523,0.3378378378378315,0.3378378378378315
3710,bunt.saar,250,19,1.0,1.0,5.411332385016595,1.0,1.0,2.5337837837837873,3.5384068278805074,2.5248933143669916,6.614509246088197,6.721194879089616,4.640825035561882,8.428165007112376,2.0270270270270245,4.054054054054056,0.3378378378378457,4.729729729729726,1.013513513513523,3.0405405405405475
541,Die Grünen,250,19,1.0,0.0,5.032005689900423,1.0,0.0,2.646396396396393,0.08890469416784441,1.3335704125177799,5.52987197724039,5.600995732574688,10.224039829302974,7.4146514935988606,0.6756756756756843,4.391891891891888,1.3513513513513402,5.067567567567565,2.0270270270270245,2.364864864864856
789,SPD,250,19,0.0,1.0,4.142958748221907,0.0,0.0,10.979729729729728,6.61450924608819,2.0625889046941666,10.633001422475111,4.125177809388333,0.9601706970128063,0.46230440967283215,6.756756756756751,4.391891891891888,16.891891891891895,9.121621621621621,11.824324324324316,16.891891891891902
3861,bunt.saar,250,19,1.0,1.0,6.205547652916074,1.0,1.0,1.8581081081081052,0.49786628733995997,6.223328591749642,8.3570412517781,7.663584637268848,8.339260312944532,6.152204836415365,0.3378378378378244,1.689189189189186,2.3648648648648702,4.054054054054056,0.675675675675663,2.0270270270270316
664,Die Grünen,250,19,0.0,0.0,5.746206733048841,0.0,1.0,1.970720720720723,0.17780938833571014,4.054054054054063,11.753200568990046,0.3911806543385481,12.393314366998567,5.707681365576114,0.3378378378378386,1.01351351351353,4.054054054054063,3.378378378378372,3.0405405405405332,0.0
4258,Die Grünen,250,19,1.0,0.0,6.949383594120434,1.0,1.0,2.927927927927924,2.2403982930298625,9.495021337126602,8.161450924608815,3.556187766714082,11.682076813655769,6.561166429587473,2.364864864864856,2.702702702702709,3.378378378378372,2.7027027027026946,4.729729729729726,1.689189189189186
4723,FDP,250,19,1.0,0.0,5.150545282124228,1.0,1.0,3.1531531531531507,9.246088193456615,2.329302987197721,3.4317211948790884,6.347795163584635,3.1472261735419664,6.401137980085345,4.054054054054042,2.0270270270270245,3.7162162162162176,5.743243243243242,1.3513513513513544,2.0270270270270245
306,bunt.saar,250,19,0.0,0.0,5.9566145092460845,0.0,0.0,4.279279279279273,5.156472261735409,7.325746799431009,3.733997155049792,0.7467994310099613,8.819345661450917,9.95732574679942,6.081081081081074,1.689189189189186,0.6756756756756701,1.689189189189186,8.108108108108098,7.432432432432428
128,bunt.saar,250,19,1.0,0.0,4.276315789473684,1.0,1.0,1.9144144144144164,5.796586059743959,4.285206258890469,5.014224751066848,2.7916073968705533,6.934566145092461,0.8357041251778128,2.3648648648648702,0.3378378378378386,2.0270270270270245,3.0405405405405475,0.3378378378378315,3.378378378378386
3207,bunt.saar,250,19,1.0,0.0,4.783072546230438,1.0,1.0,3.7162162162162127,0.07112375533427695,5.334281650071112,7.876955903271693,0.7823613086771033,12.32219061166429,2.3115220483641536,2.0270270270270174,2.0270270270270174,2.702702702702709,4.054054054054049,5.067567567567565,6.418918918918919
3367,FDP,250,19,0.0,0.0,3.588786154575628,0.0,0.0,5.067567567567566,2.809388335704128,2.7027027027026946,1.262446657183503,11.806543385490762,2.0625889046941666,0.8890469416785152,2.7027027027027017,2.702702702702709,6.081081081081074,4.054054054054056,8.445945945945944,6.418918918918912
1725,Die Grünen,250,19,0.0,0.0,5.7936225699383606,0.0,1.0,4.335585585585587,6.685633001422481,5.7254623044096675,7.788051209103841,2.7382645803698438,10.348506401137975,1.475817923186355,0.6756756756756701,6.756756756756758,4.391891891891895,0.3378378378378386,6.081081081081081,7.770270270270281
1384,CDU,250,19,1.0,0.0,4.027382645803702,1.0,0.0,1.4076576576576596,1.2802275960170775,2.400426742532005,1.7069701280227676,9.139402560455203,5.95661450924608,3.6806543385490826,2.364864864864863,2.702702702702709,1.3513513513513615,0.675675675675663,0.3378378378378386,1.013513513513523
5017,FDP,250,19,1.0,1.0,3.6480559506875267,1.0,1.0,2.927927927927923,4.445234708392604,2.951635846372689,7.5924608819345565,4.17852062588905,2.507112375533424,0.21337126600283796,1.6891891891891788,0.0,6.756756756756751,1.6891891891891788,5.4054054054054035,2.0270270270270245
4647,FDP,250,19,1.0,1.0,2.4211711711711694,1.0,1.0,1.463963963963965,0.6756756756756772,0.7467994310099542,3.5384068278805074,2.7738264580369787,4.80085348506401,1.9914651493598896,0.6756756756756772,1.3513513513513473,3.7162162162162176,1.0135135135135158,1.689189189189193,0.3378378378378386
985,Die Grünen,250,19,0.0,0.0,4.7978899952584095,0.0,1.0,1.407657657657655,2.7382645803698367,1.795874822190612,6.063300142247499,6.525604551920338,9.548364153627304,2.115931721194869,2.0270270270270174,1.3513513513513402,0.3378378378378386,2.364864864864863,0.6756756756756772,1.689189189189193
1619,CDU,250,19,0.0,0.0,3.556187766714082,1.0,1.0,2.083333333333331,4.943100995732571,0.7290184921763796,2.6315789473684177,9.495021337126602,1.3157894736842124,2.2226173541963092,0.6756756756756772,2.364864864864856,3.7162162162162176,1.3513513513513544,2.7027027027026946,1.689189189189186
193,bunt.saar,250,19,1.0,0.0,5.903271692745375,1.0,1.0,2.252252252252255,2.435988620199147,0.8179231863442311,9.210526315789465,1.6180654338549019,13.744665718349935,7.592460881934571,2.3648648648648702,2.702702702702709,2.3648648648648702,2.364864864864856,3.378378378378386,0.3378378378378386
4746,FDP,250,19,0.0,1.0,4.065908013276432,0.0,0.0,7.094594594594593,2.3470839260312886,1.3513513513513473,3.09388335704125,4.374110953058313,7.82361308677099,5.4054054054054035,2.364864864864863,9.121621621621621,4.391891891891888,2.7027027027027017,12.837837837837839,11.148648648648646
4552,SPD,250,19,0.0,1.0,4.062944523470834,1.0,0.0,2.6463963963964012,0.26671408250354744,6.258890469416791,5.7610241820768096,3.520625889046933,2.578236130867701,5.992176386913222,1.3513513513513615,1.689189189189193,2.702702702702709,2.3648648648648702,4.729729729729726,3.0405405405405475
2406,bunt.saar,250,19,0.0,1.0,3.2509483167377944,0.0,1.0,3.941441441441441,9.317211948790899,0.7112375533428192,0.9246088193456643,0.1955903271692847,6.098862019914655,2.258179231863444,2.0270270270270245,2.3648648648648702,8.108108108108112,0.6756756756756772,6.081081081081081,4.391891891891881
3624,FDP,250,19,1.0,0.0,7.2309151256519675,1.0,0.0,1.745495495495497,8.445945945945944,10.864153627311524,5.138691322901856,5.903271692745371,12.32219061166429,0.7112375533428192,2.3648648648648702,1.3513513513513473,4.391891891891895,1.0135135135135158,1.0135135135135158,0.3378378378378386
2722,FDP,250,19,0.0,0.0,3.393195827406354,0.0,1.0,2.3085585585585604,2.578236130867701,7.02347083926032,2.0981507823613086,4.231863442389766,3.6450924608819335,0.7823613086770962,1.689189189189193,2.364864864864863,3.378378378378379,0.6756756756756843,3.378378378378386,2.364864864864856
3533,bunt.saar,250,19,1.0,1.0,4.285206258890473,1.0,0.0,1.8581081081081041,2.293741109530586,1.4224751066856385,5.512091038406837,4.516358463726888,8.97937411095306,2.987197724039831,0.6756756756756772,2.7027027027026946,0.675675675675663,0.6756756756756701,3.7162162162162247,2.7027027027026946
3630,bunt.saar,250,19,1.0,0.0,6.9138217164532945,1.0,1.0,2.1396396396396384,6.347795163584642,5.0497866287340045,7.788051209103834,4.463015647226172,10.793029871977232,7.04125177809388,2.0270270270270316,0.675675675675663,0.6756756756756914,2.364864864864863,3.378378378378372,3.7162162162162105
282,FDP,250,19,1.0,1.0,3.9236605026078712,1.0,1.0,1.4076576576576574,1.9203413940255984,5.28093883357041,4.854196301564723,6.258890469416791,5.1920341394025655,0.035561877667138475,2.7027027027026946,2.702702702702709,1.0135135135135087,1.689189189189193,0.3378378378378386,0.0
2644,CDU,250,19,1.0,1.0,3.0197961119013748,1.0,1.0,3.209459459459456,1.8136557610241795,5.93883357041252,3.1827880512091085,2.916073968705547,0.7645803698435216,3.5028449502133725,5.743243243243235,0.3378378378378386,1.689189189189186,8.783783783783782,2.0270270270270174,0.6756756756756772
4321,CDU,250,19,1.0,0.0,4.383001422475108,1.0,1.0,1.069819819819821,3.3250355618776624,5.45874822190612,0.16002844950213557,10.455192034139415,5.778805120910384,1.1201991465149348,1.013513513513523,1.3513513513513473,1.3513513513513473,1.013513513513523,0.3378378378378386,1.3513513513513473
1916,bunt.saar,250,19,1.0,0.0,5.414295874822192,1.0,1.0,1.5765765765765778,6.081081081081088,6.454480796586061,2.4537695590327075,5.45874822190612,11.34423897581793,0.6934566145092447,0.6756756756756701,0.0,0.0,0.3378378378378386,6.756756756756765,1.689189189189193
4732,CDU,250,19,1.0,1.0,2.776789947842579,1.0,1.0,0.28153153153153454,0.7645803698435287,1.4224751066856385,3.733997155049785,1.3869132290184822,5.974395448079662,3.378378378378379,0.3378378378378528,0.3378378378378386,0.0,1.0135135135135158,0.0,0.0
464,CDU,250,19,0.0,1.0,1.5528686581318176,1.0,1.0,2.9279279279279287,1.3157894736842124,0.6934566145092447,1.6180654338549019,3.485064011379805,1.2802275960170775,0.9246088193456643,1.689189189189193,3.0405405405405403,2.702702702702709,2.3648648648648702,4.391891891891888,3.378378378378372
3522,bunt.saar,250,19,1.0,0.0,4.664532954006641,1.0,1.0,0.9572072072072094,4.071834992887624,6.276671408250358,1.795874822190612,3.342816500711244,8.961593172119485,3.5384068278805216,1.689189189189186,1.3513513513513615,0.3378378378378386,1.689189189189193,0.6756756756756772,0.0
980,Die Grünen,250,19,1.0,0.0,4.993480322427693,1.0,1.0,2.759009009009007,2.151493598862025,0.3022759601707037,5.600995732574688,3.7162162162162176,11.931009957325742,6.258890469416784,2.364864864864863,0.6756756756756701,2.702702702702709,4.391891891891895,1.3513513513513402,5.067567567567565
3173,SPD,250,19,0.0,0.0,5.663229018492174,1.0,0.0,1.9144144144144128,0.8179231863442382,5.494310099573248,10.899715504978658,0.5689900426742511,11.77098150782362,4.42745376955903,2.364864864864856,1.0135135135135087,2.0270270270270316,3.0405405405405403,0.0,3.0405405405405403
3038,CDU,250,19,1.0,0.0,4.329658605974394,1.0,1.0,2.5900900900900914,5.565433854907539,0.10668563300142608,4.587482219061172,5.743243243243242,5.565433854907525,4.409672830725455,2.7027027027027017,1.689189189189186,3.0405405405405403,3.0405405405405403,1.3513513513513615,3.7162162162162176
2112,bunt.saar,250,19,1.0,1.0,5.683973447131344,1.0,1.0,1.2387387387387392,5.547652916073972,4.107396870554766,7.112375533428171,2.5248933143669987,10.54409672830726,4.267425320056901,0.6756756756756772,0.6756756756756772,0.3378378378378386,1.3513513513513544,2.0270270270270174,2.3648648648648702
3680,bunt.saar,250,19,0.0,1.0,3.449502133712661,0.0,0.0,2.702702702702704,3.1116642958748244,4.694167852062591,2.2048364153627347,0.32005689900427114,5.8321479374110865,4.534139402560456,3.0405405405405403,4.391891891891895,1.0135135135135087,3.7162162162162176,1.0135135135135158,3.0405405405405475
3585,bunt.saar,250,19,0.0,0.0,5.790659080132762,1.0,1.0,2.0270270270270245,0.3911806543385552,0.7823613086770962,4.67638691322901,1.4224751066856243,17.798719772403985,9.672830725462305,1.0135135135135087,1.3513513513513544,1.6891891891891788,0.6756756756756843,4.729729729729726,2.7027027027026946
2038,Die Grünen,250,19,0.0,0.0,5.008297771455665,0.0,1.0,1.9707207207207251,1.5647226173541924,3.236130867709818,6.347795163584628,2.400426742532005,12.144381223328601,4.356330014224746,0.6756756756756772,1.013513513513523,2.702702702702709,1.0135135135135158,2.7027027027027017,3.7162162162162247
4026,FDP,250,19,1.0,1.0,6.202584163110475,1.0,1.0,3.434684684684683,4.943100995732571,6.36557610241821,5.565433854907525,4.018492176386907,12.179943100995729,4.142958748221908,2.7027027027026946,2.364864864864863,4.054054054054042,2.0270270270270316,5.067567567567572,4.391891891891895
4341,Die Grünen,250,19,0.0,0.0,6.919748696064485,0.0,0.0,4.448198198198199,1.262446657183503,10.06401137980086,7.859174964438118,5.7610241820768096,9.495021337126602,7.076813655761022,3.378378378378379,3.0405405405405403,6.418918918918926,8.445945945945944,2.3648648648648702,3.0405405405405332
2742,bunt.saar,250,19,1.0,1.0,2.047771455666189,1.0,0.0,2.25225225225225,1.404694167852064,3.805120910384062,3.5028449502133583,3.058321479374108,0.4445234708392718,0.07112375533426984,2.702702702702709,2.7027027027026946,0.0,0.6756756756756772,4.391891891891888,3.0405405405405332
3938,bunt.saar,250,19,1.0,0.0,2.465623518255095,0.0,0.0,2.927927927927931,1.2268847795163538,2.578236130867701,1.9381223328591872,0.21337126600283796,5.8321479374110865,3.0049786628734054,1.0135135135135087,2.3648648648648702,5.405405405405411,0.6756756756756772,5.743243243243249,2.3648648648648702
545,bunt.saar,250,19,1.0,0.0,2.2226173541962972,1.0,1.0,3.3783783783783803,1.7425320056899025,3.840682788051197,2.187055476529153,2.6315789473684177,1.8136557610241795,1.1201991465149348,1.013513513513523,3.7162162162162105,3.7162162162162247,5.4054054054054035,4.729729729729726,1.689189189189193
95,bunt.saar,250,19,1.0,1.0,4.80085348506401,1.0,1.0,1.2950450450450504,0.7290184921763796,7.930298719772395,4.160739687055468,0.6223328591749677,9.086059743954486,6.276671408250365,3.0405405405405475,0.3378378378378386,1.01351351351353,0.3378378378378386,1.689189189189193,1.3513513513513544
308,FDP,250,19,0.0,0.0,3.141299193930775,0.0,0.0,2.9842342342342385,1.8492176386913215,2.151493598862025,3.413940256045514,3.556187766714082,5.0497866287340045,2.8271692745377024,5.067567567567565,4.054054054054063,2.702702702702709,1.013513513513523,3.0405405405405403,2.0270270270270316
1836,Die Grünen,250,19,1.0,1.0,4.1874110953058326,1.0,1.0,3.6036036036036037,3.1472261735419664,4.569701280227605,4.160739687055468,0.23115220483641252,8.997155049786635,4.018492176386907,4.054054054054056,1.3513513513513473,4.7297297297297405,3.378378378378379,2.364864864864856,5.743243243243242
1935,CDU,250,19,1.0,1.0,4.5074679943101,1.0,1.0,2.702702702702703,0.12446657183498644,1.333570412517787,9.939544807965852,0.3911806543385552,4.054054054054056,11.201991465149362,2.0270270270270316,3.378378378378379,3.0405405405405332,3.7162162162162176,2.0270270270270316,2.0270270270270245
2296,Die Grünen,250,19,0.0,1.0,4.205192034139405,1.0,0.0,4.222972972972971,1.3869132290184822,4.409672830725462,3.1472261735419664,5.192034139402573,7.894736842105267,3.200568990042683,0.675675675675663,2.0270270270270316,5.4054054054054035,3.7162162162162105,5.067567567567565,8.445945945945951
359,SPD,250,19,0.0,0.0,4.880867709815079,0.0,0.0,3.2657657657657673,0.5867709815078399,7.183499288762434,9.228307254623047,1.831436699857747,7.948079658605984,2.507112375533424,1.013513513513523,1.0135135135135087,8.783783783783782,0.6756756756756843,7.432432432432435,0.6756756756756701
635,FDP,250,19,0.0,1.0,4.5459933617828385,0.0,1.0,3.32207207207207,5.26315789473685,4.000711237553347,4.80085348506401,7.2724039829302995,0.3556187766714132,5.583214793741114,2.7027027027026946,0.0,2.7027027027027017,1.013513513513523,8.108108108108098,5.4054054054054035
1396,DIE LINKE,250,19,1.0,0.0,2.6967757230915113,0.0,0.0,3.547297297297297,0.21337126600283796,0.3378378378378386,2.578236130867701,3.200568990042669,5.138691322901856,4.711948790896166,5.743243243243235,0.0,1.689189189189193,9.797297297297298,3.7162162162162176,0.3378378378378386
3027,CDU,250,19,1.0,1.0,5.186107159791369,1.0,1.0,1.3513513513513533,1.973684210526315,1.653627311522051,6.650071123755325,6.792318634423893,11.664295874822194,2.3826458036984377,1.3513513513513473,0.3378378378378386,1.013513513513523,1.3513513513513544,3.7162162162162105,0.3378378378378457
4194,DIE LINKE,250,19,1.0,0.0,3.5917496443812227,1.0,0.0,2.702702702702703,4.534139402560456,0.6578947368421026,4.409672830725462,5.743243243243242,3.94736842105263,2.258179231863444,1.0135135135135087,3.0405405405405332,1.013513513513523,6.081081081081081,4.729729729729726,0.3378378378378457
5015,SPD,250,19,0.0,0.0,5.390587956377434,0.0,1.0,2.0270270270270268,7.02347083926032,4.214082503556185,8.908250355618776,2.2048364153627347,8.285917496443815,1.7069701280227747,3.378378378378386,4.729729729729726,0.0,0.6756756756756772,1.0135135135135158,2.364864864864856
5068,CDU,250,19,0.0,0.0,3.511735419630155,1.0,0.0,3.490990990990992,6.472261735419629,2.86273115220483,2.7382645803698438,7.734708392603125,0.32005689900427114,0.9423897581792318,4.054054054054056,4.729729729729726,1.689189189189186,5.067567567567579,5.067567567567565,0.3378378378378386
4837,FDP,250,19,1.0,1.0,4.951991465149358,1.0,1.0,1.1824324324324322,5.494310099573248,0.4267425320056901,3.0049786628733983,5.298719772403977,3.4850640113798015,12.002133712660033,0.3378378378378386,2.0270270270270245,0.3378378378378386,3.378378378378379,0.3378378378378386,0.6756756756756737
4403,bunt.saar,250,19,1.0,0.0,4.4570886676149835,0.0,1.0,2.195945945945945,0.5512091038406766,9.139402560455203,2.5960170697012828,3.09388335704125,9.068278805120912,2.293741109530579,1.3513513513513615,1.3513513513513473,4.391891891891881,0.3378378378378386,3.0405405405405332,2.702702702702709
2829,FDP,250,19,1.0,0.0,5.8440018966334755,1.0,0.0,2.364864864864861,9.157183499288756,1.191322901849226,2.3648648648648702,6.650071123755325,12.091038406827884,3.6095305832147915,1.0135135135135087,2.364864864864856,1.689189189189186,3.0405405405405332,5.4054054054054035,0.6756756756756772
3245,FDP,250,19,1.0,1.0,1.6328828828828843,1.0,1.0,0.6193693693693731,1.760312944523477,0.12446657183499354,0.5156472261735487,1.689189189189193,0.07112375533427695,5.636557610241816,1.0135135135135158,0.3378378378378386,0.3378378378378386,0.3378378378378457,1.3513513513513544,0.3378378378378457
4895,bunt.saar,250,19,1.0,0.0,3.165007112375539,1.0,1.0,1.5202702702702726,2.6493598862019923,3.5384068278805216,0.017780938833581672,2.43598862019914,7.147937411095313,3.200568990042683,0.3378378378378386,2.0270270270270316,3.0405405405405332,0.6756756756756701,0.6756756756756914,2.3648648648648702
4397,FDP,250,19,1.0,0.0,4.628971076339496,1.0,0.0,2.477477477477477,4.267425320056894,3.8584637268847715,3.2539118065433854,9.050497866287337,3.3961593172119535,3.94736842105263,1.3513513513513473,4.729729729729726,2.3648648648648702,4.054054054054049,0.3378378378378386,2.0270270270270316
3761,Die Grünen,250,19,1.0,0.0,3.5947131341868186,1.0,1.0,2.53378378378378,1.8847795163584706,1.689189189189193,1.5825035561877598,7.699146514935983,7.0945945945945965,1.618065433854909,1.0135135135135158,2.0270270270270174,3.0405405405405332,4.391891891891888,3.7162162162162105,1.0135135135135158
4653,DIE LINKE,250,19,1.0,0.0,5.236486486486488,0.0,1.0,1.2950450450450468,0.9246088193456643,1.0668563300142182,5.600995732574688,4.765291607396875,14.064722617354192,4.996443812233288,1.689189189189186,1.3513513513513402,1.689189189189193,0.6756756756756843,1.3513513513513544,1.013513513513523
1374,SPD,250,19,0.0,1.0,2.981270744428637,0.0,1.0,1.745495495495497,2.3648648648648702,1.51137980085349,6.703413940256041,3.0049786628733983,3.840682788051197,0.46230440967282505,1.689189189189186,2.702702702702709,2.0270270270270316,0.6756756756756701,0.6756756756756914,2.7027027027026946
3699,CDU,250,19,1.0,1.0,1.4817449027975347,0.0,0.0,3.6036036036036037,2.293741109530586,0.17780938833571014,3.5384068278805074,1.2980085348506378,0.21337126600283796,1.369132290184929,2.0270270270270245,6.418918918918919,0.0,4.391891891891888,5.067567567567565,3.7162162162162247
2015,bunt.saar,250,19,1.0,0.0,2.6760312944523483,1.0,1.0,5.743243243243246,5.885490753911803,0.2489331436699942,2.329302987197721,4.623044096728307,2.809388335704128,0.16002844950213557,8.108108108108112,6.756756756756765,5.405405405405411,6.081081081081081,6.756756756756751,1.3513513513513544
4293,bunt.saar,250,19,0.0,1.0,6.661925082977714,1.0,1.0,1.0135135135135147,0.9957325746799413,11.201991465149362,4.427453769559023,1.333570412517787,11.557610241820768,10.455192034139401,1.3513513513513473,0.6756756756756772,1.0135135135135158,1.0135135135135158,1.3513513513513544,0.6756756756756772
2410,SPD,250,19,0.0,1.0,5.642484589853009,1.0,1.0,1.5202702702702666,3.94736842105263,1.973684210526315,7.82361308677099,1.1735419630156443,9.832859174964433,9.10384068278804,2.0270270270270316,1.3513513513513473,1.0135135135135158,2.0270270270270245,1.6891891891891788,1.0135135135135016
1648,FDP,250,19,1.0,0.0,4.139995258416307,1.0,1.0,2.7027027027027017,5.334281650071112,1.902560455192031,6.685633001422467,6.045519203413939,2.3470839260312957,2.5248933143669987,1.0135135135135016,3.7162162162162105,4.729729729729726,1.3513513513513544,2.0270270270270316,3.378378378378386
141,SPD,250,19,0.0,1.0,5.482456140350873,1.0,1.0,2.871621621621621,1.0490753911806578,7.805832147937409,9.157183499288756,1.2091038406827934,8.85490753911806,4.818634423897564,1.3513513513513615,2.0270270270270316,5.743243243243242,1.3513513513513473,4.054054054054049,2.7027027027026946
788,FDP,250,19,1.0,1.0,3.087956377430062,1.0,1.0,2.027027027027028,2.951635846372696,0.8890469416785152,5.4054054054054035,0.017780938833574567,8.019203413940254,1.2446657183499283,0.3378378378378386,3.0405405405405403,3.7162162162162176,3.378378378378386,1.689189189189186,0.0
4999,bunt.saar,250,19,1.0,1.0,5.091275486012332,1.0,0.0,1.3513513513513498,1.3691322901849219,0.1955903271692847,4.249644381223334,5.45874822190612,12.962304409672832,6.3122332859175,1.0135135135135087,0.675675675675663,2.0270270270270316,2.0270270270270245,0.3378378378378386,2.0270270270270316
1754,bunt.saar,250,19,1.0,0.0,8.668207681365574,1.0,1.0,0.7319819819819813,7.112375533428171,8.819345661450917,9.068278805120912,4.818634423897578,12.26884779516358,9.921763869132292,0.0,0.3378378378378244,0.6756756756756772,0.0,0.6756756756756914,2.7027027027026946
1297,FDP,250,19,1.0,1.0,7.005689900426745,1.0,1.0,0.3941441441441474,6.614509246088197,2.3470839260312957,4.498577524893317,8.78378378378379,7.912517780938835,11.877667140825036,0.3378378378378386,0.3378378378378457,0.33783783783783505,0.3378378378378528,0.3378378378378386,0.6756756756756737
2865,bunt.saar,250,19,1.0,0.0,3.3665244191559993,1.0,0.0,1.6891891891891895,2.7382645803698438,5.52987197724039,6.081081081081081,0.6578947368421026,1.8492176386913286,3.342816500711251,0.6756756756756701,4.729729729729726,1.0135135135135158,0.6756756756756772,0.0,3.0405405405405475
780,bunt.saar,250,19,1.0,1.0,3.9058795637742967,1.0,1.0,1.520270270270269,0.26671408250354744,5.334281650071112,4.783072546230443,3.769559032716927,7.0945945945945965,2.187055476529153,2.0270270270270245,1.0135135135135016,0.3378378378378386,2.0270270270270245,0.6756756756756772,3.0405405405405475
5172,Die Grünen,250,19,1.0,0.0,6.344831673779038,1.0,1.0,0.5630630630630655,2.2226173541963092,8.463726884779518,5.814366998577512,1.9203413940255984,9.95732574679942,9.690611664295872,0.0,0.3378378378378386,0.3378378378378528,1.3513513513513473,0.3378378378378386,1.0135135135135158
2262,Die Grünen,250,19,1.0,0.0,4.987553342816496,1.0,0.0,3.7725225225225194,7.450213371266003,6.7745376955903325,1.6714082503556114,9.334992887624459,2.4537695590327075,2.2403982930298625,2.0270270270270174,5.4054054054054035,3.7162162162162033,4.054054054054049,5.067567567567572,2.3648648648648702
2202,bunt.saar,250,19,1.0,1.0,5.1298008534850625,0.0,1.0,7.545045045045047,5.174253200568991,1.1201991465149348,5.547652916073957,1.4224751066856243,12.28662873399717,5.2275960170697005,9.45945945945946,3.7162162162162176,7.432432432432435,9.459459459459453,7.432432432432442,7.770270270270274
1434,FDP,250,19,1.0,0.0,6.01588430535799,1.0,0.0,0.7882882882882866,6.436699857752494,0.12446657183499354,9.655049786628737,4.285206258890469,12.304409672830722,3.2894736842105274,1.3513513513513473,1.0135135135135158,0.3378378378378315,0.3378378378378386,0.6756756756756772,1.0135135135135087
4037,FDP,250,19,1.0,0.0,4.78603603603604,1.0,0.0,1.2950450450450444,7.69914651493599,3.342816500711244,1.3157894736842124,3.94736842105263,6.13442389758179,6.2766714082503725,3.378378378378379,2.0270270270270316,0.3378378378378386,0.6756756756756772,0.6756756756756772,0.675675675675663
2484,SPD,250,19,1.0,0.0,5.627667140825036,1.0,1.0,2.4774774774774833,5.0853485064011394,0.12446657183499354,3.7339971550497992,7.3790896159317185,6.205547652916067,11.237553342816497,1.0135135135135158,2.0270270270270316,0.6756756756756914,2.702702702702709,4.054054054054049,4.391891891891902
3625,DIE LINKE,250,19,0.0,1.0,4.723802750118541,0.0,0.0,2.6463963963963963,1.7069701280227676,5.5476529160739645,5.174253200568991,5.352062588904694,7.788051209103841,2.773826458036986,3.0405405405405475,0.3378378378378457,5.067567567567565,3.0405405405405332,3.378378378378379,1.0135135135135087
1177,Die Grünen,250,19,0.0,1.0,5.310573731626363,1.0,0.0,1.5202702702702713,5.743243243243242,2.6493598862019923,5.974395448079662,2.507112375533424,10.099573257467995,4.889758179231862,1.3513513513513544,1.0135135135135158,1.3513513513513402,2.0270270270270316,3.0405405405405403,0.3378378378378457
617,FDP,250,19,0.0,1.0,5.18610715979137,0.0,1.0,4.617117117117118,10.13513513513513,1.2091038406827934,0.8179231863442382,6.899004267425312,5.583214793741114,6.472261735419636,0.6756756756756843,3.378378378378379,7.770270270270267,1.3513513513513473,4.729729729729733,9.797297297297298
2115,bunt.saar,250,19,1.0,1.0,5.4231863442389745,1.0,1.0,2.2522522522522572,3.556187766714082,4.107396870554766,4.107396870554766,3.0761024182076824,9.850640113798008,7.841394025604544,1.3513513513513615,1.0135135135135158,3.0405405405405475,1.3513513513513473,5.067567567567579,1.689189189189193
102,FDP,250,19,1.0,1.0,6.353722143195829,1.0,1.0,1.8018018018018058,5.529871977240397,2.009246088193457,2.7382645803698367,14.722617354196316,10.91749644381223,2.2048364153627347,1.3513513513513615,0.0,0.0,6.4189189189189335,1.0135135135135158,2.0270270270270245
4402,Die Grünen,250,19,1.0,0.0,4.163703176861073,0.0,0.0,3.378378378378379,0.017780938833574567,8.214793741109531,4.409672830725462,0.9068278805120897,4.320768136557611,7.112375533428171,2.0270270270270245,4.729729729729726,4.729729729729726,3.7162162162162176,2.3648648648648702,2.702702702702709
4926,Die Grünen,250,19,0.0,1.0,3.843646277856807,1.0,1.0,1.9707207207207265,1.4580369843527734,0.5334281650071233,4.142958748221901,2.3293029871977353,8.214793741109531,6.383357041251777,2.3648648648648702,0.0,2.3648648648648702,3.378378378378393,2.0270270270270316,1.689189189189193
4527,FDP,250,19,1.0,0.0,4.178520625889045,1.0,0.0,3.8851351351351346,12.695590327169278,5.067567567567565,1.653627311522051,0.03556187766713492,0.7467994310099613,4.87197724039828,1.3513513513513473,2.3648648648648702,7.432432432432435,0.0,6.081081081081081,6.081081081081074
1664,Die Grünen,250,19,0.0,0.0,3.348743480322426,0.0,1.0,2.0270270270270294,2.080369843527741,0.7290184921763796,5.032005689900423,0.6401137980085352,5.26315789473685,6.347795163584628,3.0405405405405475,1.6891891891892072,2.0270270270270174,3.378378378378379,1.0135135135135087,1.0135135135135158
289,Die Grünen,250,19,1.0,0.0,7.663584637268848,1.0,0.0,0.9009009009009029,3.413940256045514,7.930298719772395,7.147937411095313,5.921052631578952,12.233285917496453,9.334992887624459,0.0,0.6756756756756843,0.3378378378378386,3.378378378378379,0.6756756756756772,0.3378378378378386
2352,CDU,250,19,1.0,1.0,5.55357989568516,1.0,0.0,3.603603603603606,1.6358463726884764,0.8534850640113874,4.160739687055475,6.347795163584642,12.32219061166429,8.001422475106686,4.054054054054063,1.3513513513513473,3.378378378378379,4.054054054054056,4.054054054054056,4.729729729729733
947,FDP,250,19,0.0,0.0,6.925675675675678,1.0,1.0,0.7882882882882877,5.192034139402573,2.3115220483641536,11.664295874822194,10.472972972972968,1.475817923186348,10.437411095305833,1.013513513513523,1.3513513513513473,0.3378378378378386,0.675675675675663,0.6756756756756772,0.6756756756756772
2660,bunt.saar,250,19,1.0,0.0,6.469298245614034,0.0,0.0,6.418918918918919,1.7425320056899025,7.485775248933145,10.597439544807962,1.1913229018492189,10.152916073968711,7.645803698435266,7.770270270270274,2.364864864864863,8.783783783783782,11.486486486486484,2.702702702702709,5.4054054054054035
4877,Die Grünen,250,19,1.0,1.0,2.338193456614512,1.0,0.0,4.4481981981982015,0.8534850640113874,1.7247510668563208,1.5647226173542066,1.9381223328591801,3.09388335704125,4.854196301564727,3.7162162162162176,0.3378378378378386,4.7297297297297405,8.108108108108105,2.3648648648648702,7.432432432432435
82,bunt.saar,250,19,0.0,0.0,6.2025841631104806,0.0,0.0,4.110360360360361,2.7204836415362763,6.810099573257467,7.325746799431002,1.8492176386913215,9.192745376955905,9.317211948790913,3.7162162162162176,2.702702702702709,5.067567567567558,1.689189189189186,3.7162162162162176,7.770270270270281
2043,FDP,250,19,1.0,1.0,2.7293741109530565,1.0,1.0,4.279279279279278,5.903271692745371,1.3157894736842124,3.165007112375534,2.3470839260312957,3.3961593172119393,0.2489331436699871,0.0,5.743243243243242,3.040540540540537,4.729729729729726,5.067567567567565,7.0945945945945965
4786,bunt.saar,250,19,0.0,0.0,4.874940730203888,0.0,0.0,3.2094594594594574,1.2446657183499354,9.761735419630156,2.2403982930298625,0.8001422475106708,7.645803698435273,7.556899004267429,3.378378378378372,3.378378378378379,2.7027027027026946,4.054054054054056,1.3513513513513544,4.391891891891888
5108,Die Grünen,250,19,1.0,1.0,3.559151256519678,1.0,1.0,1.9144144144144153,1.013513513513523,1.0312944523470904,6.401137980085338,3.0405405405405403,6.223328591749635,3.6450924608819406,1.3513513513513615,3.0405405405405332,1.3513513513513544,1.3513513513513544,2.0270270270270316,2.364864864864856
2427,DIE LINKE,250,19,0.0,0.0,5.583214793741104,1.0,0.0,2.308558558558559,1.1024182076813602,5.95661450924608,5.95661450924608,2.1692745376955855,10.73968705547653,7.574679943100989,3.378378378378386,1.3513513513513473,1.689189189189186,5.067567567567565,0.0,2.3648648648648702
5121,FDP,250,19,0.0,0.0,4.089615931721191,0.0,0.0,3.3783783783783776,5.5476529160739645,2.773826458036986,2.115931721194869,7.930298719772395,3.5384068278805074,2.631578947368425,1.3513513513513473,7.432432432432435,4.054054054054056,3.378378378378379,2.7027027027027017,1.3513513513513473
2939,bunt.saar,250,19,1.0,0.0,7.310929350403035,1.0,1.0,0.8445945945945953,1.653627311522051,3.307254623044095,10.472972972972968,9.423897581792318,12.002133712660033,7.005689900426745,0.3378378378378386,0.3378378378378315,0.3378378378378386,0.3378378378378386,1.3513513513513544,2.3648648648648702
2766,bunt.saar,250,19,0.0,0.0,3.2776197249881442,1.0,1.0,2.92792792792793,3.7517780938833525,2.8449502133712556,4.551920341394016,0.37339971550497353,5.192034139402573,2.951635846372696,0.3378378378378386,3.378378378378386,2.0270270270270316,0.6756756756756772,4.729729729729726,6.418918918918919
248,FDP,250,19,1.0,0.0,4.72972972972973,0.0,0.0,3.4909909909909893,7.841394025604551,6.13442389758179,4.409672830725462,6.223328591749642,1.475817923186355,2.293741109530579,1.0135135135135087,0.6756756756756772,4.391891891891895,2.3648648648648702,6.418918918918912,6.081081081081074
4843,SPD,250,19,0.0,0.0,5.106092935040306,0.0,1.0,1.126126126126125,5.245376955903275,2.1337126600284577,7.21906116642959,1.724751066856328,6.916785206258886,7.3968705547653,0.6756756756756701,0.3378378378378244,2.0270270270270174,0.3378378378378457,2.3648648648648702,1.013513513513523
3843,FDP,250,19,0.0,0.0,2.889402560455192,0.0,0.0,3.8851351351351333,1.4580369843527734,4.747510668563301,0.12446657183499354,6.578947368421048,0.017780938833574567,4.409672830725462,5.743243243243242,6.418918918918912,0.0,0.3378378378378386,7.432432432432428,3.378378378378379
4445,DIE LINKE,250,19,1.0,0.0,3.067211948790895,0.0,0.0,2.702702702702697,1.546941678520632,6.205547652916067,3.0761024182076895,3.307254623044095,4.17852062588905,0.0889046941678373,1.0135135135135087,5.4054054054054035,3.7162162162161962,0.6756756756756701,0.6756756756756772,4.729729729729726
1157,bunt.saar,250,19,1.0,0.0,5.520981507823611,1.0,0.0,2.25225225225225,1.9914651493598896,0.35561877667140607,7.432432432432435,4.907539118065429,11.539829302987194,6.899004267425312,0.6756756756756772,3.7162162162162033,3.0405405405405332,3.7162162162162105,1.3513513513513615,1.0135135135135158
4679,FDP,250,19,1.0,0.0,4.679350403034615,1.0,1.0,2.027027027027026,10.099573257467995,1.191322901849226,2.3115220483641536,3.2539118065433854,5.672119487908965,5.5476529160739645,0.0,1.3513513513513473,3.7162162162162176,1.3513513513513473,2.0270270270270245,3.7162162162162176
542,bunt.saar,250,19,0.0,0.0,4.377074442863914,0.0,0.0,3.434684684684683,2.293741109530579,0.12446657183499354,5.778805120910384,6.899004267425312,4.551920341394016,6.614509246088197,1.0135135135135087,6.418918918918919,3.7162162162162176,6.081081081081074,2.0270270270270316,1.3513513513513473
782,bunt.saar,250,19,0.0,0.0,2.930891417733522,1.0,1.0,3.040540540540539,0.7645803698435216,2.00924608819345,0.5156472261735416,2.4537695590327147,7.62802275960172,4.214082503556185,1.0135135135135158,2.0270270270270245,5.4054054054054035,0.6756756756756772,5.743243243243228,3.378378378378386
3275,DIE LINKE,250,19,1.0,0.0,3.7043622569938393,1.0,1.0,2.927927927927931,7.112375533428171,1.3513513513513473,1.618065433854909,11.468705547652924,0.32005689900427114,0.3556187766714132,1.3513513513513615,1.0135135135135087,3.0405405405405475,5.067567567567572,3.378378378378379,3.7162162162162176
1595,SPD,250,19,1.0,0.0,6.821953532479845,1.0,1.0,2.984234234234227,0.9957325746799484,3.342816500711244,14.43812233285918,9.263869132290182,4.036273115220453,8.85490753911806,1.3513513513513473,2.3648648648648702,2.364864864864856,3.0405405405405403,6.418918918918891,2.364864864864856
278,SPD,250,19,0.0,0.0,2.646396396396394,1.0,1.0,2.027027027027028,0.9779516358463738,3.627311522048366,4.17852062588905,2.5248933143669916,4.071834992887624,0.49786628733995997,2.364864864864856,3.0405405405405403,2.3648648648648702,1.0135135135135158,1.0135135135135158,2.3648648648648702
2072,Die Grünen,250,19,1.0,0.0,7.5124466571835,0.0,0.0,3.8851351351351346,1.8492176386913215,13.282361308677096,6.027738264580378,2.489331436699864,11.575391180654336,9.850640113798008,4.054054054054049,0.0,4.7297297297297405,4.729729729729726,5.067567567567565,4.729729729729726
1500,FDP,250,19,1.0,1.0,4.771218587008065,1.0,1.0,2.1396396396396375,6.7745376955903325,4.640825035561882,3.1827880512091085,4.587482219061172,2.880512091038412,6.56116642958748,1.3513513513513473,0.6756756756756701,2.364864864864863,3.7162162162162105,3.7162162162162176,1.0135135135135158
242,Die Grünen,250,19,1.0,0.0,4.797889995258416,1.0,1.0,3.885135135135132,4.445234708392597,2.471550497866282,1.2091038406827863,8.766002844950215,9.58392603129446,2.3115220483641536,1.0135135135135087,6.081081081081074,5.4054054054054035,6.418918918918919,0.0,4.391891891891888
1808,Die Grünen,250,19,0.0,0.0,4.4333807491702215,1.0,0.0,3.153153153153152,1.4580369843527734,0.6401137980085352,6.1877667140825,2.2403982930298625,12.553342816500717,3.52062588904694,2.0270270270270316,2.0270270270270174,4.729729729729726,2.7027027027026946,3.7162162162162176,3.7162162162162247
1886,CDU,250,19,1.0,1.0,1.31578947368421,0.0,1.0,0.6756756756756772,1.4935988620199083,0.8357041251778057,0.08890469416785152,2.1337126600284506,1.9381223328591801,1.404694167852064,1.0135135135135158,0.0,0.6756756756756772,1.3513513513513544,0.0,1.0135135135135158
1566,SPD,250,19,0.0,0.0,2.862731152204836,0.0,0.0,1.0698198198198188,2.6315789473684177,4.9075391180654435,1.8492176386913215,3.236130867709818,4.285206258890469,0.26671408250354744,0.6756756756756772,0.3378378378378386,1.3513513513513473,1.3513513513513544,2.3648648648648702,0.3378378378378244
1880,FDP,250,19,1.0,1.0,8.437055476529164,1.0,1.0,4.89864864864865,3.1472261735419664,6.081081081081088,8.517069701280228,6.970128022759603,19.985775248933145,5.921052631578952,3.0405405405405332,5.743243243243249,5.067567567567572,1.3513513513513615,7.432432432432428,6.756756756756758
1780,bunt.saar,250,19,0.0,1.0,5.6039592223802766,1.0,1.0,2.53378378378378,2.578236130867701,5.316500711237566,3.307254623044102,0.9068278805120897,13.513513513513509,8.001422475106693,4.391891891891888,1.6891891891891788,1.689189189189193,1.0135135135135087,2.7027027027027017,3.7162162162162105
4491,CDU,250,19,1.0,0.0,6.762683736367944,1.0,0.0,4.110360360360361,1.5291607396870432,6.792318634423893,8.570412517780944,8.819345661450917,7.82361308677099,7.04125177809388,0.0,3.378378378378379,8.783783783783782,2.702702702702709,3.7162162162162176,6.081081081081081
1908,bunt.saar,250,19,1.0,0.0,1.8551446183025153,1.0,0.0,2.364864864864868,0.46230440967283215,1.8847795163584706,3.271692745376953,2.009246088193457,3.165007112375541,0.3378378378378386,2.3648648648648702,2.0270270270270316,1.689189189189186,1.013513513513523,5.067567567567565,2.0270270270270316
634,bunt.saar,250,19,0.0,1.0,5.088311996206737,1.0,1.0,0.7882882882882866,5.707681365576107,0.8357041251778128,5.778805120910384,0.2844950213371291,10.668563300142253,7.254623044096732,0.6756756756756772,0.6756756756756772,1.3513513513513402,1.0135135135135087,0.6756756756756772,0.3378378378378386
4627,Die Grünen,250,19,1.0,0.0,4.5074679943101,1.0,1.0,4.054054054054056,1.3335704125177799,0.12446657183499354,5.832147937411094,5.352062588904694,8.641536273115221,5.761024182076817,5.4054054054054035,5.743243243243235,1.01351351351353,8.783783783783782,0.3378378378378386,3.0405405405405475
1510,CDU,250,19,0.0,0.0,5.728425794215263,0.0,0.0,0.9009009009008982,6.899004267425312,1.9559032716927405,6.845661450924595,3.840682788051211,11.397581792318633,3.4317211948790884,0.6756756756756701,0.3378378378378386,2.0270270270270245,0.0,1.3513513513513473,1.0135135135135087
1013,FDP,250,19,0.0,1.0,5.275011853959222,0.0,1.0,5.5743243243243255,2.187055476529153,2.933854907539107,1.475817923186348,7.62802275960172,7.894736842105267,9.530583214793737,2.702702702702709,2.0270270270270316,7.770270270270267,4.054054054054056,8.108108108108105,8.783783783783782
1733,FDP,250,19,1.0,0.0,4.2466808914177365,1.0,0.0,1.5765765765765754,4.534139402560456,2.720483641536269,3.6806543385490755,6.330014224751068,6.54338549075392,1.6714082503556327,0.3378378378378244,3.378378378378379,1.0135135135135158,2.0270270270270245,0.3378378378378386,2.3648648648648702
826,FDP,250,19,1.0,1.0,2.323376007586532,1.0,1.0,2.590090090090088,3.2539118065433854,0.07112375533427695,0.7467994310099542,4.285206258890469,5.138691322901842,0.4445234708392647,1.3513513513513473,6.081081081081081,3.7162162162162176,1.0135135135135087,0.6756756756756701,2.7027027027027017
3283,bunt.saar,250,19,0.0,1.0,3.8021574205784745,0.0,1.0,1.9707207207207194,7.0590327169274545,3.7873399715504945,3.7517780938833525,0.3022759601707037,4.054054054054063,3.8584637268847786,3.0405405405405475,0.6756756756756772,3.0405405405405332,1.689189189189186,2.0270270270270174,1.3513513513513544
3343,CDU,250,19,1.0,1.0,5.251303935514465,1.0,1.0,4.786036036036035,3.9118065433855023,6.436699857752494,7.04125177809388,0.8534850640113874,7.21906116642959,6.045519203413939,3.7162162162162176,4.054054054054056,3.7162162162162176,4.729729729729726,8.108108108108105,4.391891891891888
5113,Die Grünen,250,19,1.0,0.0,2.7738264580369822,1.0,1.0,3.828828828828827,2.8982930298719793,0.426742532005683,4.747510668563301,2.293741109530579,4.960881934566139,1.3157894736842124,2.364864864864856,4.729729729729726,2.3648648648648702,2.364864864864856,5.405405405405411,5.743243243243242
2225,CDU,250,19,1.0,1.0,4.436344238975817,1.0,1.0,1.5202702702702702,4.285206258890469,4.214082503556185,2.7204836415362763,4.943100995732571,9.530583214793737,0.9246088193456643,0.0,2.364864864864863,2.7027027027027017,0.3378378378378386,2.364864864864863,1.3513513513513544
3356,bunt.saar,250,19,1.0,0.0,5.790659080132766,1.0,1.0,7.207207207207208,1.3157894736842124,2.4893314366998567,7.04125177809388,5.174253200568991,15.504978662873405,3.2183499288762505,4.391891891891895,4.729729729729726,8.445945945945937,5.743243243243242,11.486486486486498,8.445945945945951
4673,FDP,250,19,0.0,0.0,5.488383119962069,1.0,0.0,6.081081081081081,3.840682788051211,8.019203413940254,3.307254623044102,2.5426742532005733,6.401137980085352,8.819345661450924,6.081081081081074,6.756756756756758,4.391891891891895,4.391891891891888,6.081081081081081,8.78378378378379
1581,Die Grünen,250,19,1.0,1.0,5.11794689426268,1.0,1.0,1.689189189189192,4.516358463726888,10.366287339971542,1.4402560455191917,4.960881934566139,5.4765291607396875,3.94736842105263,0.0,1.013513513513523,2.364864864864856,3.378378378378386,1.0135135135135158,2.3648648648648702
1710,SPD,250,19,0.0,0.0,5.998103366524418,1.0,1.0,2.0833333333333344,1.7425320056899025,3.378378378378379,7.574679943100989,1.902560455192031,12.535561877667135,8.854907539118074,2.7027027027026946,2.364864864864863,0.6756756756756772,3.0405405405405403,0.6756756756756843,3.0405405405405475
3157,Die Grünen,250,19,1.0,0.0,3.6717638691322896,1.0,1.0,1.5765765765765742,4.818634423897571,0.9957325746799413,1.226884779516368,0.3022759601707037,8.588193456614498,6.098862019914655,1.0135135135135087,0.6756756756756701,1.0135135135135016,2.702702702702709,3.378378378378379,0.6756756756756772
4531,SPD,250,19,1.0,0.0,8.007349454717877,1.0,0.0,1.0135135135135147,7.3790896159317185,8.019203413940254,9.726173541963021,3.6450924608819335,10.526315789473685,8.748221906116648,1.689189189189193,2.364864864864856,0.6756756756756843,0.6756756756756772,0.3378378378378386,0.3378378378378386
1823,CDU,250,19,1.0,1.0,2.9397818871503083,1.0,1.0,1.7454954954954995,0.9068278805120968,7.859174964438125,2.631578947368425,1.7780938833570303,4.142958748221901,0.32005689900427114,1.3513513513513686,3.378378378378379,0.3378378378378386,1.689189189189186,2.702702702702709,1.0135135135135158
2158,bunt.saar,250,19,1.0,1.0,4.534139402560456,1.0,1.0,1.407657657657661,1.8847795163584706,0.9423897581792318,5.4409672830725455,1.2268847795163538,12.215504978662878,5.494310099573255,3.7162162162162176,1.3513513513513402,1.0135135135135158,1.0135135135135158,0.6756756756756843,0.6756756756756914
4348,bunt.saar,250,19,0.0,1.0,4.000711237553343,0.0,1.0,2.1959459459459496,4.409672830725462,0.6401137980085352,0.1422475106685539,6.7745376955903325,9.228307254623047,2.809388335704128,0.6756756756756772,1.689189189189193,4.054054054054063,4.391891891891895,1.3513513513513544,1.0135135135135158
1084,SPD,250,19,0.0,1.0,9.41204362256994,0.0,1.0,2.421171171171172,1.2446657183499283,8.108108108108105,13.12233285917496,4.978662873399713,17.816500711237566,11.201991465149362,1.0135135135135158,3.0405405405405475,0.6756756756756772,3.378378378378372,3.378378378378386,3.0405405405405332
294,CDU,250,19,1.0,1.0,1.4965623518255065,1.0,1.0,1.8581081081081088,0.9423897581792318,1.8136557610241795,1.4580369843527734,1.4402560455191917,0.5512091038406766,2.773826458036986,0.6756756756756772,1.689189189189193,1.689189189189186,3.378378378378379,3.7162162162162176,0.0
4392,DIE LINKE,250,19,0.0,1.0,3.218349928876242,1.0,1.0,0.8445945945945942,0.9068278805120897,3.876244665718353,3.7517780938833525,3.1294452347083777,5.4409672830725455,2.2048364153627347,0.3378378378378457,0.3378378378378244,0.3378378378378386,0.6756756756756843,2.364864864864863,1.0135135135135087
568,Die Grünen,250,19,0.0,1.0,3.9829302987197734,0.0,1.0,2.027027027027026,0.1422475106685539,2.3470839260312957,7.290184921763881,1.6180654338549019,10.152916073968711,2.3470839260312957,3.0405405405405403,1.3513513513513402,2.3648648648648702,2.3648648648648702,2.0270270270270316,1.0135135135135016
2645,Die Grünen,250,19,1.0,1.0,3.6925082977714525,0.0,1.0,1.8018018018018023,6.36557610241821,5.1209103840682815,2.115931721194869,2.8449502133712627,5.672119487908958,0.03556187766713492,2.702702702702709,0.0,0.6756756756756772,2.7027027027027017,0.3378378378378386,4.391891891891888
280,DIE LINKE,250,19,1.0,1.0,7.903627311522048,1.0,0.0,2.8716216216216246,0.6756756756756772,0.40896159317210845,17.852062588904694,3.591749644381224,14.86486486486487,10.028449502133718,0.0,0.6756756756756772,6.081081081081081,7.0945945945945965,3.0405405405405475,0.3378378378378457
4988,bunt.saar,250,19,1.0,0.0,5.589141773352299,1.0,1.0,1.182432432432434,1.973684210526315,0.7290184921763796,8.97937411095306,6.223328591749635,10.77524893314368,4.854196301564727,0.0,0.0,1.0135135135135158,3.040540540540526,1.01351351351353,2.0270270270270316
2795,FDP,250,19,0.0,0.0,4.8719772403982935,0.0,1.0,2.702702702702703,3.165007112375541,3.94736842105263,2.8982930298719793,9.477240398293027,4.818634423897578,4.925320056899004,2.7027027027026946,2.0270270270270316,4.391891891891895,1.3513513513513473,4.054054054054056,1.689189189189193
480,bunt.saar,250,19,0.0,0.0,4.489687055476533,1.0,1.0,1.6891891891891895,1.973684210526315,4.925320056899011,2.507112375533424,0.40896159317211556,11.94879089615933,5.174253200568998,1.0135135135135087,0.3378378378378386,3.0405405405405332,1.689189189189193,0.3378378378378528,3.7162162162162105
184,FDP,250,19,1.0,1.0,2.9694167852062576,1.0,1.0,4.729729729729727,5.45874822190612,0.426742532005683,4.498577524893321,3.200568990042669,0.7290184921763796,3.5028449502133725,5.743243243243242,3.0405405405405403,3.0405405405405475,7.094594594594589,4.054054054054042,5.4054054054054035
5002,CDU,250,19,1.0,0.0,3.363560929350404,1.0,0.0,2.308558558558559,5.0853485064011394,1.2802275960170704,0.5512091038406766,8.55263157894737,2.6137980085348573,2.0981507823613086,2.3648648648648702,1.0135135135135087,4.391891891891895,2.3648648648648702,2.0270270270270245,1.689189189189186
1324,SPD,250,19,0.0,0.0,7.026434329065904,1.0,0.0,1.9707207207207194,2.1337126600284577,8.908250355618776,5.672119487908951,3.1294452347083777,11.006401137980092,11.308677098150774,2.364864864864856,0.3378378378378386,2.7027027027026946,2.0270270270270316,1.0135135135135158,3.378378378378379
579,FDP,250,19,1.0,0.0,4.777145566619254,1.0,1.0,2.0833333333333335,4.658605974395449,7.02347083926032,1.6714082503556185,6.756756756756758,6.596728307254629,1.9559032716927476,1.3513513513513544,1.0135135135135087,2.0270270270270316,4.391891891891888,1.3513513513513544,2.364864864864863
3250,Die Grünen,250,19,1.0,1.0,6.789355144618305,1.0,1.0,1.9707207207207216,6.596728307254629,1.9914651493598896,7.432432432432435,6.205547652916081,8.250355618776666,10.25960170697013,2.364864864864863,2.0270270270270174,4.054054054054063,1.689189189189193,0.6756756756756772,1.0135135135135158
65,bunt.saar,250,19,1.0,0.0,4.418563300142247,1.0,1.0,1.1261261261261264,0.23115220483641252,7.3790896159317185,1.262446657183503,0.32005689900427114,10.757467994310105,6.561166429587473,1.3513513513513473,0.6756756756756772,0.3378378378378386,2.0270270270270245,1.0135135135135158,1.3513513513513544
210,SPD,250,19,0.0,1.0,4.8690137505927,1.0,0.0,2.027027027027028,6.454480796586061,5.369843527738269,3.1294452347083848,0.9779516358463738,7.432432432432435,5.849928876244675,1.689189189189186,2.364864864864856,1.3513513513513544,4.391891891891895,1.689189189189193,0.6756756756756843
2396,bunt.saar,250,19,1.0,1.0,4.605263157894741,1.0,1.0,2.4774774774774784,8.374822190611667,1.2446657183499354,0.2489331436700013,8.97937411095306,8.570412517780944,0.21337126600283796,2.0270270270270245,3.378378378378386,1.689189189189193,4.391891891891895,0.3378378378378386,3.0405405405405332
2860,DIE LINKE,250,19,0.0,1.0,5.141654812707446,0.0,1.0,5.6869369369369345,0.9601706970128063,4.640825035561882,6.490042674253203,3.0049786628733983,7.0945945945945965,8.659317211948789,3.7162162162162033,6.418918918918912,6.081081081081081,7.094594594594589,4.391891891891902,6.418918918918919
931,bunt.saar,250,19,1.0,1.0,8.315552394499763,1.0,1.0,1.4076576576576596,4.605263157894733,9.921763869132299,9.495021337126595,3.8229018492176365,14.100284495021342,7.948079658605977,2.0270270270270316,1.013513513513523,1.0135135135135158,3.378378378378372,0.0,1.0135135135135158
3414,FDP,250,19,1.0,1.0,3.413940256045521,1.0,1.0,2.984234234234233,4.854196301564727,2.1337126600284506,1.3157894736842124,6.507823613086771,0.26671408250356166,5.4054054054054035,0.6756756756756772,3.7162162162162176,4.391891891891895,0.3378378378378244,3.378378378378379,5.405405405405407
1635,FDP,250,19,1.0,1.0,1.742532005689899,1.0,1.0,0.7319819819819813,0.0889046941678373,0.3378378378378386,1.4935988620199154,6.241109530583216,0.46230440967283215,1.831436699857754,1.3513513513513544,0.3378378378378386,1.0135135135135087,1.0135135135135158,0.0,0.6756756756756701
101,CDU,250,19,1.0,0.0,5.675082977714556,1.0,0.0,5.461711711711711,6.294452347083926,1.795874822190612,6.525604551920338,8.019203413940254,5.4765291607396875,5.93883357041252,5.067567567567558,1.689189189189186,8.783783783783782,3.0405405405405475,6.418918918918919,7.770270270270274
3538,FDP,250,19,1.0,0.0,6.152204836415366,1.0,0.0,3.3220720720720713,3.1116642958748244,5.014224751066855,7.165718349928888,0.37339971550498063,14.758179231863444,6.490042674253203,3.7162162162162176,0.3378378378378457,3.7162162162162176,1.6891891891891788,4.729729729729726,5.743243243243242
2973,FDP,250,19,0.0,0.0,8.398530109056427,0.0,0.0,6.813063063063066,2.86273115220483,5.4409672830725455,12.126600284495026,10.455192034139415,4.623044096728307,14.882645803698438,2.702702702702709,6.081081081081081,9.797297297297305,1.013513513513523,8.783783783783782,12.5
4642,Die Grünen,250,19,1.0,1.0,4.460052157420576,1.0,1.0,2.3648648648648645,0.23115220483641252,4.836415362731152,4.498577524893307,0.1955903271692776,7.3790896159317185,9.619487908961588,0.0,1.013513513513523,5.067567567567565,1.0135135135135158,3.0405405405405332,4.054054054054049
1428,FDP,250,19,0.0,1.0,1.9025604551920299,1.0,1.0,1.407657657657656,2.2403982930298696,1.7780938833570303,1.76031294452347,3.413940256045514,0.7645803698435216,1.4580369843527734,0.3378378378378386,0.3378378378378386,2.0270270270270316,0.675675675675663,4.054054054054056,1.0135135135135087
1431,CDU,250,19,1.0,0.0,3.4317211948790898,1.0,1.0,2.4211711711711756,2.329302987197721,3.0405405405405403,1.9381223328591801,6.703413940256041,2.3648648648648702,4.214082503556185,1.3513513513513615,0.3378378378378386,1.689189189189193,5.4054054054054035,3.378378378378386,2.3648648648648702
2359,bunt.saar,250,19,0.0,0.0,6.469298245614034,1.0,1.0,1.351351351351352,0.1422475106685539,4.000711237553347,8.26813655761024,3.8584637268847786,14.153627311522051,8.392603129445234,1.689189189189186,0.3378378378378386,0.3378378378378386,1.3513513513513473,2.702702702702709,1.689189189189193
3700,DIE LINKE,250,19,0.0,0.0,5.141654812707446,0.0,0.0,1.970720720720723,7.69914651493599,3.94736842105263,3.236130867709818,2.8271692745377024,11.824324324324323,1.3157894736842124,2.3648648648648702,2.0270270270270316,1.689189189189193,0.3378378378378386,1.689189189189193,3.7162162162162105
2060,DIE LINKE,250,19,1.0,0.0,4.480796586059743,0.0,1.0,1.8581081081081088,6.454480796586061,1.6358463726884764,5.4409672830725455,2.86273115220483,10.330725462304407,0.16002844950213557,1.0135135135135087,1.689189189189193,1.3513513513513544,2.3648648648648702,3.0405405405405332,1.689189189189193
1281,bunt.saar,250,19,1.0,1.0,2.0803698435277376,1.0,0.0,1.914414414414414,0.9601706970128063,0.9246088193456643,2.791607396870546,1.9559032716927405,4.658605974395449,1.1913229018492189,3.0405405405405475,1.689189189189193,1.0135135135135158,0.3378378378378386,3.0405405405405332,2.364864864864856
3578,SPD,250,19,0.0,0.0,7.257586533902326,1.0,0.0,2.5900900900900923,3.2894736842105345,9.921763869132299,6.525604551920338,1.2802275960170704,10.36628733997155,12.162162162162161,2.7027027027026946,2.0270270270270316,0.3378378378378457,3.7162162162162176,3.378378378378386,3.378378378378379
438,CDU,250,19,1.0,0.0,5.13276434329066,1.0,0.0,1.5202702702702726,0.10668563300143319,6.525604551920338,5.209815078236119,1.0846372688477999,6.827880512091042,11.041963015647227,1.3513513513513686,1.3513513513513473,1.0135135135135087,2.702702702702709,0.0,2.7027027027027017
3866,FDP,250,19,1.0,1.0,3.9651493598862024,1.0,1.0,3.0405405405405452,5.529871977240397,1.653627311522051,2.080369843527734,3.236130867709818,6.098862019914648,5.1920341394025655,2.3648648648648702,4.054054054054056,3.0405405405405475,2.0270270270270316,1.0135135135135158,5.743243243243249
1485,SPD,250,19,1.0,1.0,3.834755808440015,0.0,0.0,3.659909909909912,2.578236130867701,3.0761024182076824,4.605263157894733,5.156472261735409,3.413940256045514,4.17852062588905,4.054054054054063,1.689189189189193,4.054054054054056,4.054054054054056,4.729729729729726,3.378378378378379
4973,SPD,250,19,0.0,1.0,4.107396870554765,0.0,1.0,3.8288288288288257,11.682076813655762,4.711948790896166,3.1827880512090942,2.0625889046941666,1.6714082503556114,1.333570412517787,6.756756756756751,3.378378378378379,0.6756756756756701,4.391891891891888,2.364864864864856,5.405405405405411
3226,Die Grünen,250,19,0.0,0.0,2.904220009483172,0.0,0.0,3.6599099099099135,1.724751066856328,1.7425320056899025,2.275960170697026,0.5689900426742511,7.539118065433861,3.5739687055476637,5.067567567567572,2.702702702702709,2.702702702702709,3.378378378378379,4.391891891891895,3.7162162162162176
1564,bunt.saar,250,19,1.0,0.0,5.796586059743956,1.0,1.0,1.463963963963965,2.631578947368425,5.0497866287340045,4.623044096728307,1.2980085348506378,15.41607396870554,5.761024182076824,1.3513513513513473,1.01351351351353,2.364864864864856,2.0270270270270245,1.0135135135135158,1.0135135135135158
4133,FDP,250,19,0.0,1.0,2.513039355144618,1.0,1.0,5.067567567567569,0.26671408250354744,2.0270270270270316,0.5689900426742511,8.232574679943106,1.1913229018492189,2.7916073968705533,4.054054054054063,5.743243243243249,5.4054054054054035,3.7162162162162247,3.378378378378372,8.108108108108105
3701,FDP,250,19,1.0,1.0,1.6180654338549043,1.0,1.0,0.7319819819819813,4.694167852062584,0.21337126600283796,2.329302987197721,0.4800853485063925,1.3157894736842124,0.6756756756756772,0.3378378378378386,0.0,1.0135135135135087,1.0135135135135158,0.0,2.0270270270270245
3555,bunt.saar,250,19,0.0,1.0,4.978662873399716,0.0,1.0,1.1824324324324376,4.658605974395449,9.174964438122338,0.6756756756756772,5.778805120910384,6.561166429587473,3.022759601706973,1.013513513513523,0.6756756756756843,1.3513513513513544,0.0,1.3513513513513544,2.702702702702709
3429,FDP,250,19,1.0,1.0,4.987553342816503,1.0,1.0,5.574324324324324,1.546941678520632,2.7738264580369787,8.783783783783782,1.2446657183499354,8.25035561877668,7.325746799431009,0.0,7.770270270270274,8.783783783783782,1.689189189189186,9.121621621621628,6.081081081081074
4401,Die Grünen,250,19,1.0,0.0,5.808440018966336,0.0,1.0,0.9009009009009041,1.6002844950213486,3.058321479374108,7.645803698435273,3.485064011379805,11.130867709815071,7.930298719772409,0.3378378378378457,0.3378378378378528,0.3378378378378386,0.6756756756756772,1.3513513513513544,2.364864864864856
2088,SPD,250,19,1.0,0.0,3.9355144618302504,1.0,0.0,3.040540540540538,1.3157894736842124,6.845661450924595,6.952347083926043,0.5512091038406766,3.4317211948790884,4.516358463726888,1.3513513513513473,2.0270270270270245,6.756756756756758,0.3378378378378386,6.418918918918912,1.3513513513513473
2234,FDP,250,19,0.0,0.0,3.8821716453295374,1.0,1.0,2.8716216216216246,11.69985775248933,2.8449502133712556,2.933854907539107,1.2091038406827934,0.08890469416785152,4.516358463726888,1.3513513513513544,4.391891891891888,1.013513513513523,3.7162162162162176,5.743243243243249,1.0135135135135158
880,CDU,250,19,1.0,1.0,9.883238501659553,1.0,1.0,8.445945945945944,4.036273115220482,14.598150782361316,6.632290184921757,3.8229018492176436,21.852773826458034,8.357041251778092,3.378378378378379,11.148648648648646,11.486486486486484,1.3513513513513473,11.824324324324323,11.486486486486484
1616,FDP,250,19,0.0,1.0,4.2437174016121375,0.0,1.0,4.617117117117121,5.334281650071112,1.6180654338549019,1.546941678520625,7.681365576102436,3.876244665718346,5.4054054054054035,2.0270270270270174,6.081081081081088,4.391891891891895,6.4189189189189335,3.0405405405405403,5.743243243243249
4638,FDP,250,19,1.0,1.0,2.495258416311046,1.0,1.0,2.646396396396399,2.115931721194869,0.8357041251778057,0.6045519203413932,6.063300142247506,4.374110953058327,0.9779516358463738,4.391891891891902,1.689189189189193,3.7162162162162176,0.0,3.0405405405405403,3.0405405405405403
4383,SPD,250,19,1.0,1.0,2.053698435277377,1.0,1.0,3.997747747747747,0.16002844950213557,2.00924608819345,3.7873399715504945,2.773826458036986,0.40896159317210845,3.182788051209087,2.3648648648648702,1.3513513513513473,6.081081081081081,5.405405405405411,6.0810810810810665,2.702702702702709
570,Die Grünen,250,19,0.0,1.0,3.1235182550972005,1.0,0.0,1.2950450450450468,0.604551920341386,2.43598862019914,5.174253200568998,1.973684210526315,6.045519203413939,2.507112375533424,2.364864864864863,0.6756756756756772,0.6756756756756772,0.6756756756756772,1.689189189189193,1.689189189189193
4803,FDP,250,19,0.0,0.0,2.711593172119489,0.0,1.0,2.8153153153153148,4.960881934566139,5.014224751066855,4.000711237553347,0.0,1.369132290184929,0.9246088193456643,4.729729729729719,2.7027027027027017,5.067567567567572,2.3648648648648702,2.0270270270270245,0.0
3554,bunt.saar,250,19,1.0,1.0,5.4943100995732586,1.0,1.0,2.08333333333333,4.605263157894733,1.760312944523477,10.9352773826458,0.23115220483641252,10.579658605974402,4.854196301564727,2.7027027027026946,1.6891891891891788,1.3513513513513402,2.7027027027027017,2.3648648648648702,1.689189189189193
4777,CDU,250,19,1.0,0.0,4.498577524893315,1.0,0.0,2.702702702702703,2.43598862019914,4.374110953058327,6.7389758179231976,1.7425320056898954,7.716927453769557,3.982930298719772,2.0270270270270316,0.0,5.743243243243249,1.3513513513513544,3.378378378378372,3.7162162162162105
3083,SPD,250,19,0.0,1.0,2.794570886676149,0.0,1.0,4.4481981981982,4.160739687055475,4.818634423897571,0.017780938833574567,5.138691322901856,0.6578947368421026,1.973684210526315,1.0135135135135087,3.0405405405405475,7.770270270270274,2.702702702702709,7.0945945945945965,5.067567567567565
4814,Die Grünen,250,19,1.0,0.0,4.371147463252726,1.0,1.0,1.9707207207207216,1.3513513513513473,7.876955903271693,1.8136557610241795,3.8584637268847715,7.02347083926032,4.302987197724043,0.6756756756756843,4.054054054054049,1.689189189189193,1.3513513513513473,2.3648648648648702,1.689189189189186
2794,bunt.saar,250,19,1.0,1.0,6.833807491702231,1.0,0.0,1.4076576576576596,0.6223328591749677,11.148648648648653,7.912517780938828,2.3648648648648702,10.810810810810814,8.143669985775254,2.3648648648648702,1.689189189189193,1.0135135135135158,2.3648648648648702,1.0135135135135087,0.0
3936,DIE LINKE,250,19,0.0,0.0,6.398174490279756,0.0,0.0,5.180180180180179,3.44950213371267,3.5739687055476637,10.899715504978658,1.4580369843527734,14.88264580369843,4.12517780938834,7.770270270270281,1.0135135135135087,3.378378378378372,6.756756756756751,8.783783783783782,3.378378378378379
850,Die Grünen,250,19,0.0,0.0,5.085348506401137,1.0,1.0,1.6891891891891895,0.8357041251778057,1.4224751066856385,7.770270270270274,4.480796586059739,10.330725462304414,5.672119487908951,0.6756756756756701,1.01351351351353,4.054054054054063,1.0135135135135158,2.7027027027026946,0.675675675675663
3711,bunt.saar,250,19,0.0,0.0,7.053105737316266,0.0,1.0,2.3648648648648654,1.511379800853483,5.369843527738276,8.55263157894737,6.027738264580371,12.5,8.3570412517781,1.0135135135135087,0.3378378378378528,0.3378378378378386,2.0270270270270245,4.729729729729726,5.743243243243242
1879,bunt.saar,250,19,1.0,1.0,5.974395448079655,1.0,1.0,1.2387387387387332,1.5825035561877598,7.556899004267429,5.209815078236119,1.0668563300142253,10.810810810810807,9.619487908961588,2.0270270270270245,0.0,0.675675675675663,1.689189189189193,2.0270270270270174,1.0135135135135016
4347,CDU,250,19,1.0,1.0,1.4491465149359897,0.0,0.0,3.490990990990987,0.9601706970128063,0.9246088193456643,1.1379800853485094,1.0668563300142253,2.2403982930298696,2.364864864864863,1.013513513513523,0.3378378378378244,3.378378378378372,5.743243243243235,6.418918918918919,4.054054054054049
2592,CDU,250,19,1.0,0.0,4.1311047889995285,1.0,0.0,3.265765765765771,2.9694167852062634,2.4537695590327075,6.063300142247513,2.8271692745377024,4.107396870554773,6.36557610241821,4.7297297297297405,3.378378378378379,1.3513513513513544,4.7297297297297405,3.7162162162162176,1.689189189189193
4342,bunt.saar,250,19,0.0,0.0,5.2809388335704135,1.0,1.0,1.2950450450450408,4.071834992887624,0.053342816500716594,6.436699857752494,3.982930298719765,10.02844950213371,7.112375533428171,0.3378378378378386,1.6891891891891788,0.6756756756756772,2.364864864864856,1.6891891891891788,1.0135135135135158
566,bunt.saar,250,19,0.0,1.0,5.360953058321484,1.0,1.0,2.195945945945946,2.8271692745377024,3.485064011379805,9.121621621621628,2.880512091038412,9.263869132290182,4.587482219061172,0.0,4.7297297297297405,0.0,0.0,4.054054054054049,4.391891891891888
3923,bunt.saar,250,19,1.0,1.0,3.3072546230440985,1.0,0.0,2.5337837837837838,1.760312944523477,4.800853485064017,3.840682788051211,1.0668563300142253,6.632290184921764,1.7425320056898954,1.0135135135135087,3.378378378378379,5.067567567567565,4.391891891891895,0.3378378378378386,1.0135135135135158
1382,CDU,250,19,1.0,1.0,3.218349928876242,1.0,1.0,1.8018018018018036,1.831436699857747,1.9559032716927476,3.0049786628733983,5.494310099573248,1.831436699857747,5.1920341394025655,0.3378378378378386,3.0405405405405475,1.0135135135135087,0.3378378378378386,6.081081081081088,0.0
1869,Die Grünen,250,19,0.0,0.0,5.029042200094829,0.0,0.0,2.5900900900900843,4.694167852062591,0.6401137980085352,4.374110953058313,1.2802275960170775,11.539829302987194,7.645803698435266,1.0135135135135158,2.7027027027026946,1.3513513513513402,3.7162162162162176,3.7162162162162033,3.0405405405405332
4367,bunt.saar,250,19,0.0,0.0,6.801209103840683,1.0,0.0,2.083333333333331,1.1201991465149348,1.2980085348506378,12.962304409672832,2.115931721194869,14.580369843527748,8.730440967283073,1.3513513513513473,2.7027027027026946,2.7027027027026946,0.3378378378378386,2.702702702702716,2.7027027027026946
3656,Die Grünen,250,19,1.0,0.0,2.8479137031768595,1.0,0.0,6.362612612612611,6.13442389758179,0.26671408250354744,1.2802275960170775,3.200568990042669,1.1201991465149348,5.0853485064011394,4.054054054054049,5.743243243243235,8.10810810810812,1.3513513513513473,10.810810810810807,8.108108108108105
1450,SPD,250,19,0.0,1.0,3.05239449976292,0.0,1.0,1.1824324324324327,1.2268847795163538,1.6002844950213486,2.7560455192034112,3.662873399715501,6.401137980085345,2.6671408250355597,0.6756756756756843,0.0,0.675675675675663,3.378378378378379,2.3648648648648702,0.0
5194,FDP,250,19,1.0,1.0,3.0968468468468444,1.0,1.0,1.520270270270269,0.6578947368421026,6.721194879089616,3.5739687055476637,0.284495021337122,4.818634423897571,2.5248933143669916,1.3513513513513473,1.3513513513513544,2.0270270270270316,1.6891891891891788,2.364864864864863,0.3378378378378386
1819,Die Grünen,250,19,0.0,0.0,4.362256993835943,0.0,0.0,3.1531531531531507,0.5867709815078399,1.546941678520632,8.588193456614498,1.475817923186355,8.143669985775247,5.8321479374110865,1.0135135135135087,3.0405405405405403,4.391891891891888,5.067567567567565,5.4054054054054035,0.0
1301,FDP,250,19,1.0,0.0,5.381697486960646,1.0,0.0,2.0833333333333357,3.4672830725462234,3.9651493598862118,2.3470839260312957,9.58392603129446,5.903271692745371,7.0234708392603125,6.418918918918919,1.3513513513513544,2.7027027027027017,0.6756756756756843,0.0,1.3513513513513544
902,CDU,250,19,1.0,0.0,3.1827880512091036,1.0,1.0,1.2950450450450433,1.0490753911806578,3.5739687055476566,5.672119487908958,3.307254623044095,0.6756756756756772,4.818634423897578,2.0270270270270316,1.0135135135135087,0.3378378378378386,3.0405405405405332,0.6756756756756772,0.6756756756756701
2886,FDP,250,19,1.0,1.0,3.5235893788525368,1.0,1.0,2.4774774774774784,5.2275960170697005,3.4317211948790884,3.7873399715504945,3.0049786628734054,0.1955903271692776,5.494310099573255,2.364864864864856,3.0405405405405475,3.0405405405405403,2.3648648648648702,2.3648648648648702,1.689189189189186
2724,CDU,250,19,1.0,0.0,3.568041725936466,1.0,0.0,1.8018018018018023,2.9338549075391214,2.951635846372696,0.9068278805120897,2.3826458036984377,5.796586059743959,6.436699857752494,2.7027027027027017,0.3378378378378386,1.3513513513513544,2.364864864864863,3.7162162162162176,0.3378378378378386
2719,CDU,250,19,0.0,1.0,1.2920815552394476,1.0,1.0,2.3648648648648654,2.6315789473684177,0.32005689900426404,0.8001422475106708,1.404694167852064,0.426742532005683,2.1692745376955855,1.0135135135135087,2.0270270270270316,4.054054054054056,2.3648648648648702,4.054054054054056,0.6756756756756701
296,FDP,250,19,0.0,0.0,3.2183499288762456,0.0,0.0,2.195945945945945,0.03556187766713492,5.4765291607396875,3.0049786628733983,5.938833570412527,2.275960170697026,2.578236130867701,4.054054054054042,1.689189189189193,1.0135135135135087,0.0,2.3648648648648702,4.054054054054056
2640,FDP,250,19,1.0,1.0,4.267425320056898,1.0,0.0,1.8581081081081077,5.032005689900423,5.778805120910384,3.59174964438121,0.5334281650071233,5.138691322901842,5.529871977240404,1.0135135135135158,0.3378378378378386,0.675675675675663,4.391891891891902,2.0270270270270245,2.7027027027027017
5076,FDP,250,19,1.0,1.0,4.308914177335229,1.0,1.0,1.5765765765765778,7.485775248933145,2.1337126600284506,1.2446657183499283,5.992176386913229,1.6180654338549019,7.3790896159317185,2.364864864864863,0.6756756756756772,1.689189189189193,2.364864864864856,1.3513513513513615,1.0135135135135158
1871,FDP,250,19,1.0,0.0,3.8169748696064496,1.0,0.0,4.560810810810811,2.6137980085348573,4.498577524893321,1.5647226173541924,3.1116642958748173,5.600995732574681,5.51209103840683,1.689189189189193,3.7162162162162105,5.405405405405411,1.689189189189193,8.445945945945944,6.418918918918919
4493,bunt.saar,250,19,0.0,1.0,5.802513039355145,0.0,1.0,2.477477477477477,2.507112375533424,6.454480796586061,6.365576102418217,1.0490753911806578,8.712660028449498,9.726173541963014,3.0405405405405475,1.0135135135135087,5.743243243243228,2.3648648648648702,2.702702702702709,0.0
1231,DIE LINKE,250,19,1.0,0.0,4.380037932669516,1.0,0.0,2.083333333333331,6.152204836415365,1.6002844950213486,4.765291607396875,3.165007112375541,7.0590327169274545,3.5384068278805074,0.3378378378378386,2.0270270270270245,2.7027027027026946,0.0,4.391891891891888,3.0405405405405403
1525,DIE LINKE,250,19,0.0,1.0,1.3157894736842088,0.0,1.0,2.646396396396399,0.1955903271692847,0.604551920341386,0.7823613086770962,2.7560455192034112,2.329302987197721,1.2268847795163538,5.067567567567565,2.0270270270270316,1.3513513513513615,4.729729729729726,2.0270270270270316,0.6756756756756772
159,bunt.saar,250,19,1.0,1.0,5.242413466097673,1.0,1.0,4.279279279279282,6.13442389758179,2.86273115220483,8.694879089615938,0.37339971550497353,7.645803698435266,5.743243243243242,5.405405405405411,3.378378378378379,0.6756756756756772,5.4054054054054035,5.743243243243256,5.067567567567565
4750,CDU,250,19,1.0,1.0,1.9173779042200074,1.0,1.0,2.3648648648648667,2.43598862019914,0.9068278805120897,0.4800853485063996,4.67638691322901,1.795874822190612,1.2091038406827934,1.689189189189193,0.6756756756756772,2.364864864864863,3.7162162162162247,3.7162162162162105,2.0270270270270316
3141,FDP,250,19,1.0,1.0,4.4363442389758125,1.0,1.0,0.7882882882882877,4.818634423897571,3.520625889046933,2.3826458036984306,6.294452347083926,9.441678520625889,0.16002844950212847,0.3378378378378315,1.689189189189186,1.689189189189193,0.3378378378378386,0.3378378378378386,0.3378378378378386
1633,bunt.saar,250,19,1.0,1.0,3.2628022759601714,1.0,1.0,1.1261261261261286,0.21337126600283796,1.795874822190612,3.058321479374108,1.9381223328591872,6.667852062588906,5.903271692745378,0.3378378378378315,0.6756756756756772,0.3378378378378528,1.3513513513513473,0.3378378378378386,3.7162162162162247
5055,CDU,250,19,1.0,1.0,3.230203888098623,1.0,1.0,4.504504504504504,0.284495021337122,3.520625889046933,5.245376955903275,0.9068278805120897,4.889758179231862,4.534139402560456,3.7162162162162105,1.3513513513513473,6.756756756756758,7.770270270270267,5.405405405405411,2.0270270270270316
2337,bunt.saar,250,19,1.0,1.0,5.218705547652914,1.0,1.0,1.8018018018018,3.0761024182076824,0.8001422475106637,10.13513513513513,1.653627311522051,9.672830725462298,5.974395448079662,0.3378378378378386,3.0405405405405332,3.378378378378372,1.689189189189186,1.3513513513513544,1.0135135135135158
2538,FDP,250,19,1.0,1.0,4.652678994784263,1.0,1.0,3.7725225225225203,4.800853485064017,3.02275960170698,4.107396870554766,3.6450924608819335,9.655049786628737,2.6849217638691414,2.0270270270270245,2.0270270270270316,4.054054054054049,9.121621621621607,2.0270270270270316,3.378378378378379
3194,FDP,250,19,0.0,0.0,4.842342342342345,0.0,1.0,1.5765765765765778,4.640825035561882,3.591749644381224,4.000711237553347,12.215504978662878,3.1472261735419664,1.4580369843527734,1.013513513513523,0.6756756756756772,2.0270270270270174,0.6756756756756772,2.702702702702709,2.364864864864863
592,bunt.saar,250,19,1.0,1.0,4.436344238975817,1.0,1.0,1.2387387387387403,2.773826458036986,0.23115220483641963,3.7339971550497992,6.881223328591744,9.95732574679942,3.0405405405405332,1.3513513513513544,0.3378378378378386,0.6756756756756914,7.105427357601002e-15,1.3513513513513402,3.7162162162162105
1835,FDP,250,19,1.0,0.0,4.228899952584162,1.0,1.0,2.646396396396394,8.07254623044097,2.7027027027026946,2.044807965860592,6.614509246088197,4.711948790896166,1.2268847795163538,5.067567567567565,1.3513513513513473,3.7162162162162105,1.0135135135135087,0.3378378378378386,4.391891891891895
3566,CDU,250,19,1.0,0.0,2.87754860123281,0.0,0.0,7.995495495495496,0.35561877667140607,2.115931721194869,1.191322901849226,9.761735419630156,1.3335704125177799,2.507112375533424,5.743243243243235,4.391891891891902,7.0945945945945965,11.486486486486484,8.78378378378379,10.472972972972968
1192,CDU,250,19,1.0,0.0,3.888098624940729,1.0,1.0,1.0135135135135147,1.0135135135135087,5.45874822190612,1.191322901849226,6.1877667140825,5.8321479374110865,3.6450924608819335,1.013513513513523,1.013513513513523,0.3378378378378386,1.689189189189186,1.3513513513513473,0.6756756756756701
1998,DIE LINKE,250,19,1.0,0.0,3.3872688477951627,1.0,0.0,3.6036036036036023,3.271692745376953,1.7425320056899025,3.5028449502133725,2.293741109530586,4.2496443812233196,5.2631578947368425,6.418918918918919,0.6756756756756772,0.3378378378378386,5.743243243243242,2.364864864864856,6.081081081081081
1858,FDP,250,19,1.0,1.0,7.779160739687054,1.0,1.0,5.292792792792798,1.262446657183503,10.224039829302988,7.1657183499288735,1.6714082503556114,12.482219061166425,13.869132290184922,2.702702702702709,5.405405405405418,3.7162162162162176,6.081081081081088,7.770270270270274,6.081081081081081
533,SPD,250,19,0.0,1.0,3.1412991939307737,0.0,1.0,4.279279279279275,2.631578947368425,2.951635846372696,0.1422475106685539,1.4935988620199154,7.147937411095313,4.480796586059739,4.054054054054049,1.3513513513513473,6.756756756756758,2.7027027027027017,2.7027027027026946,8.108108108108098
3092,CDU,250,19,1.0,1.0,6.620436225699385,1.0,1.0,2.9842342342342363,4.623044096728307,9.957325746799427,5.192034139402573,1.5647226173541924,9.423897581792318,8.961593172119493,5.743243243243242,0.6756756756756772,4.391891891891902,1.689189189189193,3.7162162162162105,1.689189189189193
2267,bunt.saar,250,19,0.0,0.0,2.9694167852062585,0.0,0.0,3.0405405405405403,1.7425320056899025,4.623044096728307,2.9871977240398238,2.2226173541963092,2.916073968705547,3.3250355618776624,0.6756756756756772,5.4054054054054035,3.378378378378393,1.0135135135135087,5.405405405405396,2.364864864864863
1339,CDU,250,19,1.0,0.0,5.707681365576103,1.0,1.0,1.9707207207207205,1.689189189189186,8.410384068278809,6.507823613086771,0.4445234708392647,9.45945945945946,7.734708392603125,3.378378378378379,2.7027027027027017,1.013513513513523,3.378378378378379,1.0135135135135158,0.3378378378378244
778,DIE LINKE,250,19,1.0,1.0,6.9345661450924645,1.0,1.0,2.5337837837837838,9.88620199146515,4.302987197724043,4.374110953058327,3.9118065433855023,15.256045519203411,3.876244665718353,0.6756756756756701,5.067567567567572,3.0405405405405403,2.3648648648648702,4.054054054054049,0.0
3568,CDU,250,19,1.0,0.0,5.129800853485064,1.0,0.0,2.1396396396396398,2.0625889046941595,4.925320056899011,6.081081081081088,1.831436699857747,5.4409672830725455,10.437411095305833,1.3513513513513402,0.6756756756756701,3.378378378378393,0.3378378378378386,0.6756756756756701,6.418918918918926
4817,bunt.saar,250,19,1.0,1.0,3.150189663347561,1.0,0.0,1.1824324324324351,2.4182076813655797,4.996443812233288,2.8627311522048444,2.6315789473684177,5.369843527738276,0.6223328591749606,0.0,3.0405405405405332,2.0270270270270316,0.3378378378378386,1.01351351351353,0.6756756756756772
3697,Die Grünen,250,19,1.0,0.0,4.540066382171649,0.0,1.0,2.083333333333331,0.08890469416784441,3.9118065433855023,7.3790896159317185,0.9779516358463738,7.343527738264598,7.539118065433861,5.4054054054054035,0.6756756756756843,1.0135135135135016,4.054054054054056,1.3513513513513402,0.0
2393,FDP,250,19,1.0,1.0,5.286865813181605,1.0,1.0,3.772522522522523,8.55263157894737,5.298719772403977,5.387624466571843,5.636557610241823,6.063300142247513,0.7823613086771033,1.689189189189186,2.0270270270270245,7.0945945945945965,2.702702702702709,4.729729729729726,4.391891891891895
1198,bunt.saar,250,19,1.0,1.0,4.771218587008058,1.0,0.0,3.0968468468468493,5.03200568990043,4.640825035561882,2.3470839260312957,4.214082503556185,8.588193456614498,3.805120910384062,2.3648648648648702,0.3378378378378457,4.729729729729726,6.418918918918919,2.0270270270270245,2.702702702702709
584,DIE LINKE,250,19,1.0,0.0,3.3220720720720727,1.0,1.0,1.2387387387387403,2.151493598862025,1.689189189189193,1.3513513513513473,1.1379800853485094,9.45945945945946,4.142958748221901,1.0135135135135158,0.3378378378378386,0.3378378378378457,2.7027027027027017,2.0270270270270316,1.0135135135135087
3383,bunt.saar,250,19,0.0,0.0,5.109056424845897,0.0,0.0,2.1396396396396398,2.8271692745377024,2.293741109530579,7.183499288762434,1.724751066856328,11.34423897581793,5.28093883357041,1.0135135135135087,0.6756756756756772,2.0270270270270245,2.7027027027027017,2.3648648648648702,4.054054054054056
3902,CDU,250,19,1.0,0.0,4.418563300142249,1.0,0.0,3.3783783783783803,4.036273115220482,9.103840682788054,5.387624466571836,2.044807965860592,3.3961593172119535,2.5426742532005733,3.0405405405405403,1.3513513513513473,3.378378378378379,3.0405405405405475,5.067567567567572,4.391891891891895
370,DIE LINKE,250,19,1.0,1.0,3.369487908961594,1.0,0.0,1.6891891891891895,1.404694167852064,1.618065433854916,4.463015647226179,1.689189189189186,8.17923186344239,2.86273115220483,3.0405405405405332,1.013513513513523,1.3513513513513544,3.0405405405405403,0.0,1.689189189189186
4053,Die Grünen,250,19,0.0,0.0,4.454125177809391,0.0,0.0,2.9842342342342314,3.1116642958748244,3.271692745376953,10.633001422475111,2.6493598862019923,6.667852062588906,0.3911806543385552,3.7162162162162105,2.0270270270270245,3.7162162162162247,5.067567567567572,1.0135135135135016,2.364864864864856
893,bunt.saar,250,19,1.0,0.0,5.618776671408246,1.0,1.0,1.2387387387387367,0.7290184921763796,1.7247510668563208,10.170697012802272,0.5156472261735487,14.011379800853483,6.561166429587473,0.675675675675663,0.6756756756756772,2.364864864864856,0.3378378378378386,2.702702702702709,0.6756756756756772
1859,FDP,250,19,0.0,1.0,3.3635609293504003,1.0,1.0,1.4076576576576574,0.26671408250354744,4.711948790896159,5.2631578947368425,3.94736842105263,3.271692745376953,2.720483641536269,1.689189189189193,0.3378378378378386,1.3513513513513473,2.7027027027026946,1.3513513513513544,1.0135135135135158
843,Die Grünen,250,19,1.0,0.0,5.165362731152203,1.0,1.0,5.067567567567566,0.3378378378378386,1.973684210526315,3.378378378378372,1.0312944523470762,14.366998577524889,9.903982930298724,5.067567567567565,1.0135135135135087,3.7162162162162105,7.0945945945945965,5.4054054054054035,8.108108108108112
3464,FDP,250,19,1.0,1.0,2.6997392128971094,1.0,1.0,1.5765765765765754,1.9381223328591872,3.769559032716927,1.1913229018492189,0.40896159317210845,3.342816500711244,5.547652916073972,1.3513513513513473,2.7027027027027017,1.0135135135135158,0.675675675675663,3.378378378378379,0.3378378378378457
1817,DIE LINKE,250,19,0.0,1.0,3.5532242769084825,0.0,0.0,2.5900900900900914,3.0049786628733983,4.125177809388333,4.125177809388333,0.9779516358463738,7.307965860597427,1.7780938833570303,0.6756756756756772,1.689189189189193,4.054054054054049,1.0135135135135158,3.0405405405405475,5.067567567567565
2757,DIE LINKE,250,19,0.0,1.0,4.9816263632053115,0.0,1.0,3.4909909909909893,4.036273115220482,1.2802275960170704,5.369843527738269,3.1472261735419664,7.005689900426745,9.050497866287337,6.756756756756751,1.689189189189186,1.0135135135135158,3.378378378378372,2.702702702702709,5.4054054054054035
1062,Die Grünen,250,19,0.0,1.0,2.0951872925557127,0.0,0.0,2.927927927927925,4.783072546230443,1.2980085348506378,3.342816500711244,1.2268847795163538,0.9068278805120897,1.0135135135135087,1.3513513513513544,2.0270270270270245,2.7027027027026946,1.3513513513513473,5.743243243243235,4.391891891891895
4784,Die Grünen,250,19,0.0,0.0,6.916785206258886,0.0,1.0,3.4346846846846866,0.49786628733995997,4.018492176386907,11.16642958748222,0.07112375533427695,13.65576102418207,12.091038406827884,3.378378378378393,3.0405405405405475,3.0405405405405403,6.081081081081081,2.364864864864856,2.7027027027027017
2665,SPD,250,19,1.0,0.0,6.1314604077761965,1.0,1.0,0.9009009009009018,4.943100995732571,6.027738264580378,9.086059743954486,0.9068278805120897,8.108108108108098,7.716927453769557,1.0135135135135087,1.3513513513513402,0.6756756756756772,0.6756756756756772,1.3513513513513686,0.3378378378378386
5158,FDP,250,19,1.0,1.0,3.3872688477951627,1.0,1.0,1.5765765765765778,6.347795163584628,1.3513513513513473,1.3513513513513473,1.9381223328591801,4.676386913229017,4.658605974395456,0.3378378378378386,1.3513513513513544,1.3513513513513544,2.3648648648648702,3.0405405405405403,1.0135135135135087
2006,SPD,250,19,0.0,0.0,6.0721906116643,0.0,0.0,3.1531531531531507,1.0846372688477999,6.756756756756758,4.12517780938834,3.485064011379805,13.833570412517787,7.147937411095306,6.418918918918912,0.3378378378378386,0.3378378378378386,2.7027027027026946,5.4054054054054035,3.7162162162162176
2128,Die Grünen,250,19,1.0,1.0,4.860123281175913,1.0,1.0,1.5765765765765731,3.3605974395448044,1.369132290184929,4.445234708392604,5.796586059743952,9.477240398293027,4.711948790896166,1.0135135135135087,1.6891891891891788,1.3513513513513544,1.689189189189186,2.702702702702709,1.0135135135135016
2998,bunt.saar,250,19,1.0,1.0,6.255926979611193,1.0,1.0,1.745495495495496,4.569701280227605,1.226884779516368,10.686344238975813,3.1472261735419664,12.26884779516358,5.636557610241823,0.3378378378378386,1.3513513513513402,3.378378378378386,2.0270270270270245,1.0135135135135158,2.3648648648648702
4262,FDP,250,19,1.0,1.0,4.928283546704601,1.0,1.0,4.335585585585586,5.636557610241823,3.09388335704125,5.494310099573255,0.7645803698435287,11.077524893314376,3.5028449502133725,2.0270270270270316,3.378378378378379,6.418918918918919,2.364864864864856,5.405405405405411,6.418918918918919
3930,bunt.saar,250,19,0.0,0.0,4.501541014698908,1.0,1.0,2.421171171171173,1.4935988620199083,8.143669985775247,0.0,3.485064011379805,11.237553342816497,2.6493598862019923,1.3513513513513473,1.689189189189193,1.0135135135135158,3.378378378378386,3.378378378378372,3.7162162162162247
4708,bunt.saar,250,19,0.0,0.0,4.045163584637268,0.0,0.0,3.7725225225225194,2.6671408250355597,4.000711237553347,5.352062588904687,1.475817923186355,6.347795163584628,4.42745376955903,3.7162162162162176,2.3648648648648702,4.391891891891881,1.3513513513513473,3.378378378378372,7.432432432432428
502,CDU,250,19,1.0,1.0,3.147226173541963,1.0,1.0,3.9977477477477463,3.165007112375534,4.765291607396875,4.036273115220489,3.94736842105263,1.3513513513513473,1.6180654338549019,1.689189189189193,5.743243243243249,6.418918918918919,2.7027027027026946,1.3513513513513473,6.081081081081074
1138,CDU,250,19,1.0,1.0,1.7306780464675218,1.0,0.0,3.3220720720720713,1.7069701280227676,1.546941678520632,1.4935988620199083,3.6095305832147915,0.5334281650071233,1.4935988620199083,0.3378378378378386,3.0405405405405403,4.729729729729726,2.7027027027027017,5.4054054054054035,3.7162162162162176
2607,DIE LINKE,250,19,0.0,0.0,2.874585111427217,0.0,0.0,2.1396396396396375,0.26671408250354744,7.21906116642959,2.151493598862025,2.7204836415362763,1.618065433854909,3.271692745376953,2.3648648648648702,0.3378378378378315,3.7162162162162105,0.6756756756756843,4.054054054054042,1.689189189189186
4265,Die Grünen,250,19,0.0,0.0,2.2048364153627324,0.0,1.0,3.209459459459462,1.2446657183499354,3.5028449502133725,3.0049786628734054,2.5426742532005733,2.2403982930298625,0.6934566145092447,0.3378378378378457,5.067567567567572,1.6891891891891788,4.054054054054056,5.067567567567565,3.0405405405405546
4122,DIE LINKE,250,19,1.0,0.0,1.8018018018018023,1.0,1.0,3.9977477477477485,2.86273115220483,1.9381223328591872,1.7780938833570303,0.37339971550497353,1.475817923186355,2.3826458036984377,3.378378378378379,2.364864864864856,7.770270270270274,0.6756756756756843,5.067567567567565,4.729729729729733
2481,Die Grünen,250,19,1.0,1.0,5.835111427216689,1.0,0.0,4.335585585585586,3.485064011379805,11.16642958748222,3.1294452347083848,2.916073968705547,8.26813655761024,6.045519203413939,0.0,3.378378378378379,5.743243243243242,3.7162162162162176,6.418918918918919,6.756756756756758
4652,FDP,250,19,1.0,1.0,2.2463252726410636,0.0,0.0,5.40540540540541,3.0405405405405403,4.516358463726888,0.5867709815078399,2.2403982930298625,0.5512091038406766,2.5426742532005733,3.0405405405405475,1.3513513513513473,8.445945945945958,0.3378378378378386,11.486486486486491,7.770270270270274
1538,bunt.saar,250,19,1.0,0.0,5.452821242294923,1.0,1.0,1.5202702702702726,2.933854907539107,4.302987197724043,7.912517780938828,1.2091038406827934,14.295874822190612,2.0625889046941523,1.0135135135135087,0.3378378378378386,0.6756756756756772,3.378378378378386,0.3378378378378386,3.378378378378386
1290,CDU,250,19,1.0,1.0,1.701043148411569,1.0,1.0,2.0833333333333335,0.9601706970128063,2.916073968705547,1.1201991465149348,1.724751066856328,0.6934566145092447,2.7916073968705533,2.364864864864863,1.3513513513513473,1.0135135135135087,4.729729729729733,0.3378378378378386,2.702702702702709
3480,bunt.saar,250,19,1.0,1.0,3.7043622569938344,1.0,1.0,1.8018018018018047,1.8492176386913215,0.4445234708392718,3.4672830725462234,1.973684210526315,10.295163584637258,4.196301564722617,0.3378378378378386,2.364864864864856,1.689189189189193,2.3648648648648702,2.7027027027027017,1.3513513513513686
287,FDP,250,19,0.0,1.0,7.376126126126127,1.0,1.0,3.2094594594594597,1.724751066856328,7.699146514935983,8.677098150782363,10.02844950213371,7.894736842105267,8.232574679943106,2.7027027027027017,3.7162162162162176,3.378378378378386,2.364864864864856,3.0405405405405403,4.054054054054056
3946,FDP,250,19,1.0,1.0,7.494665718349928,1.0,1.0,1.295045045045045,11.095305832147936,5.4409672830725455,3.09388335704125,10.277382645803684,4.658605974395456,10.401849217638695,0.0,1.689189189189193,0.0,2.364864864864856,2.0270270270270316,1.6891891891891895
2476,CDU,250,19,1.0,0.0,2.622688477951639,1.0,0.0,1.6891891891891884,2.329302987197721,4.516358463726888,2.6493598862019923,1.760312944523477,2.560455192034155,1.9203413940255984,1.689189189189186,0.3378378378378386,2.364864864864863,3.378378378378386,2.364864864864856,0.0
1425,FDP,250,19,1.0,1.0,1.7128971076339485,1.0,1.0,2.5337837837837793,0.6756756756756772,1.3869132290184893,0.26671408250356166,3.165007112375534,2.933854907539107,1.8492176386913215,1.689189189189186,2.364864864864863,2.7027027027027017,3.0405405405405332,3.040540540540526,2.3648648648648667
2289,DIE LINKE,250,19,0.0,1.0,3.2835467045993383,1.0,1.0,0.9572072072072094,3.2539118065433854,3.94736842105263,3.9118065433855023,4.302987197724043,1.5291607396870575,2.7560455192034112,0.3378378378378386,1.0135135135135087,1.013513513513523,1.3513513513513473,1.6891891891892001,0.3378378378378386
3292,Die Grünen,250,19,1.0,0.0,6.187766714082507,1.0,0.0,1.2387387387387416,9.370554765291615,4.800853485064017,2.9338549075391214,3.8229018492176436,8.161450924608815,8.036984352773828,1.3513513513513615,1.3513513513513473,1.3513513513513473,2.0270270270270316,1.013513513513523,0.3378378378378386
1201,Die Grünen,250,19,1.0,0.0,6.448553816974875,1.0,1.0,3.5472972972972983,7.005689900426745,0.8179231863442382,6.027738264580378,6.347795163584642,11.895448079658614,6.596728307254629,1.689189189189186,4.7297297297297405,3.378378378378372,4.729729729729733,1.3513513513513544,5.4054054054054035
3931,FDP,250,19,1.0,1.0,5.040896159317211,1.0,1.0,1.6328828828828819,10.54409672830726,1.4580369843527734,2.2403982930298696,3.7517780938833525,5.334281650071123,6.91678520625889,3.378378378378372,1.0135135135135158,0.0,0.6756756756756772,1.689189189189186,3.0405405405405403
3789,Die Grünen,250,19,0.0,0.0,4.383001422475107,0.0,0.0,1.2387387387387345,1.0668563300142253,5.778805120910384,6.507823613086771,0.7290184921763796,7.450213371266003,4.765291607396875,1.0135135135135087,1.3513513513513473,0.3378378378378244,1.6891891891892001,0.6756756756756701,2.364864864864856
1534,bunt.saar,250,19,1.0,1.0,3.793266951161686,1.0,0.0,5.912162162162161,1.7069701280227676,2.0625889046941595,7.521337126600272,0.9246088193456643,6.223328591749635,4.320768136557618,4.391891891891888,1.6891891891891788,9.45945945945946,3.0405405405405403,8.445945945945951,8.445945945945951
4883,bunt.saar,250,19,1.0,0.0,5.09720246562352,1.0,1.0,1.8018018018018012,1.973684210526315,7.2724039829302995,4.018492176386914,1.8669985775249032,12.67780938833571,2.7738264580369787,1.3513513513513473,1.3513513513513473,2.7027027027026946,3.0405405405405475,1.689189189189193,0.6756756756756772
2334,Die Grünen,250,19,1.0,1.0,4.311877667140823,1.0,1.0,3.0968468468468493,1.9559032716927476,5.138691322901849,6.258890469416784,0.7645803698435216,7.539118065433854,4.214082503556185,3.378378378378372,1.689189189189193,4.729729729729726,3.0405405405405475,1.0135135135135158,4.7297297297297405
4599,bunt.saar,250,19,1.0,1.0,3.0612849691797037,1.0,1.0,1.5765765765765778,2.489331436699864,1.9203413940255984,3.1116642958748173,0.37339971550497353,5.654338549075405,4.818634423897564,1.3513513513513544,2.702702702702709,1.689189189189193,1.3513513513513544,2.364864864864856,0.0
1929,bunt.saar,250,19,1.0,1.0,2.596017069701278,1.0,1.0,2.0270270270270316,1.440256045519206,1.5291607396870432,2.6137980085348573,0.2489331436699871,6.703413940256041,3.0405405405405332,2.364864864864863,1.6891891891892072,3.0405405405405475,1.0135135135135087,1.3513513513513544,2.702702702702709
513,bunt.saar,250,19,1.0,0.0,7.639876718824087,1.0,1.0,0.5630630630630638,0.21337126600283796,5.618776671408241,9.139402560455203,0.6756756756756737,18.847795163584635,11.34423897581793,0.3378378378378386,0.6756756756756701,0.6756756756756772,0.33783783783784216,0.6756756756756772,0.6756756756756772
1140,Die Grünen,250,19,1.0,0.0,4.667496443812232,1.0,1.0,2.477477477477476,0.8357041251778057,7.414651493598868,2.3470839260312957,0.49786628733995997,9.441678520625892,7.46799431009957,1.3513513513513473,0.6756756756756772,2.702702702702709,1.689189189189186,6.756756756756751,1.689189189189186
1841,FDP,250,19,1.0,0.0,5.497273589378853,1.0,1.0,5.405405405405408,10.028449502133718,2.115931721194876,1.5647226173541924,11.522048364153626,2.4182076813655797,5.3342816500711265,1.013513513513523,6.756756756756751,6.081081081081081,1.689189189189193,8.78378378378379,8.108108108108109
3987,FDP,250,19,1.0,1.0,2.012209577999054,1.0,1.0,3.7725225225225234,0.9779516358463738,1.8847795163584706,0.053342816500716594,5.28093883357041,3.2894736842105274,0.5867709815078257,3.378378378378379,3.378378378378379,5.4054054054054035,0.3378378378378386,4.729729729729733,5.405405405405407
2731,FDP,250,19,1.0,1.0,2.207799905168327,0.0,0.0,8.727477477477475,5.51209103840683,2.0625889046941666,1.4580369843527734,2.2048364153627347,1.546941678520625,0.46230440967283215,2.0270270270270245,8.445945945945944,11.486486486486491,4.729729729729719,12.162162162162161,13.513513513513509
1007,bunt.saar,250,19,0.0,0.0,5.4113323850166,1.0,0.0,1.3513513513513533,4.747510668563301,1.9025604551920452,8.321479374110943,1.7425320056899025,9.317211948790913,6.436699857752494,1.689189189189186,2.3648648648648702,2.0270270270270316,0.6756756756756772,0.3378378378378528,1.0135135135135016
5065,bunt.saar,250,19,1.0,0.0,6.3151967757230905,1.0,1.0,0.5067567567567567,1.7425320056899025,3.982930298719765,8.730440967283073,6.561166429587473,9.068278805120912,7.805832147937416,0.6756756756756772,0.6756756756756701,0.3378378378378386,0.0,0.6756756756756772,0.6756756756756772
5155,DIE LINKE,250,19,1.0,0.0,3.464319582740636,1.0,0.0,2.1959459459459416,9.050497866287337,1.5647226173541924,2.3470839260312957,1.5291607396870575,2.1337126600284577,4.160739687055475,2.364864864864856,4.054054054054049,3.378378378378379,0.3378378378378386,2.364864864864856,0.6756756756756701
499,Die Grünen,250,19,1.0,1.0,6.454480796586064,1.0,1.0,0.844594594594593,2.6671408250355597,8.214793741109531,2.951635846372696,3.5561877667140855,12.553342816500717,8.78378378378379,1.0135135135135087,1.0135135135135087,2.0270270270270316,0.3378378378378315,0.6756756756756772,0.0
5104,bunt.saar,250,19,0.0,0.0,9.014935988620202,1.0,1.0,1.8581081081081063,2.773826458036986,7.503556187766712,11.664295874822194,7.592460881934571,14.171408250355618,10.384068278805131,1.0135135135135087,0.3378378378378244,3.0405405405405475,2.702702702702709,2.0270270270270174,2.0270270270270316
1223,bunt.saar,250,19,1.0,0.0,4.907539118065433,1.0,1.0,1.8581081081081052,3.769559032716927,7.076813655761022,3.911806543385495,3.058321479374108,11.130867709815071,0.4978662873399742,3.7162162162162176,1.6891891891891788,1.3513513513513402,3.378378378378379,0.6756756756756772,0.3378378378378386
4847,SPD,250,19,0.0,1.0,6.967164532954005,0.0,1.0,2.533783783783786,0.32005689900426404,13.922475106685631,8.392603129445227,1.866998577524896,6.970128022759603,10.330725462304407,2.0270270270270316,2.0270270270270245,2.0270270270270174,1.3513513513513615,4.391891891891902,3.378378378378379
2091,CDU,250,19,1.0,0.0,2.4863679468942634,1.0,1.0,2.421171171171172,0.10668563300143319,2.258179231863444,5.832147937411094,1.6714082503556114,1.6002844950213415,3.449502133712656,2.7027027027026946,0.6756756756756772,2.7027027027027017,4.729729729729733,1.689189189189193,2.0270270270270316
1651,FDP,250,19,0.0,1.0,3.167970602181127,0.0,1.0,1.6328828828828865,2.435988620199147,2.4537695590327075,2.578236130867701,4.249644381223341,4.854196301564727,2.43598862019914,4.054054054054056,0.6756756756756772,0.6756756756756843,1.3513513513513615,1.3513513513513544,1.689189189189186
2342,DIE LINKE,250,19,0.0,1.0,2.26706970128023,0.0,1.0,3.7162162162162176,4.747510668563301,3.9118065433855023,0.9601706970127921,0.08890469416784441,0.5867709815078399,3.307254623044102,9.121621621621614,2.3648648648648702,0.3378378378378457,6.081081081081074,1.013513513513523,3.378378378378379
2585,DIE LINKE,250,19,1.0,0.0,3.8880986249407328,1.0,0.0,2.6463963963963963,2.2048364153627347,3.6095305832147915,2.8271692745377024,2.00924608819345,7.82361308677099,4.854196301564727,3.378378378378379,2.0270270270270316,2.0270270270270245,7.7702702702702595,0.3378378378378457,0.3378378378378386
3909,CDU,250,19,1.0,0.0,4.910502607871031,1.0,0.0,2.1396396396396384,2.6315789473684177,2.275960170697026,4.285206258890469,9.655049786628737,7.361308677098151,3.2539118065433854,2.0270270270270316,0.3378378378378315,3.0405405405405332,3.0405405405405403,3.378378378378379,1.0135135135135158
875,CDU,250,19,0.0,1.0,4.8779042200094835,0.0,1.0,3.3220720720720713,3.271692745376953,2.293741109530586,7.1301564722617385,2.7382645803698438,9.139402560455189,4.694167852062591,2.0270270270270245,1.689189189189193,3.7162162162162176,7.094594594594589,0.6756756756756772,4.729729729729726
5174,FDP,250,19,0.0,0.0,4.1933380749170235,0.0,1.0,8.389639639639642,0.6578947368421026,7.201280227596023,4.409672830725455,2.151493598862025,4.960881934566153,5.778805120910384,10.472972972972968,9.797297297297305,8.783783783783782,3.378378378378372,8.445945945945958,9.459459459459467
3352,Die Grünen,250,19,0.0,0.0,4.098506401137976,0.0,1.0,0.7319819819819765,0.284495021337122,7.556899004267429,2.7027027027026946,2.8449502133712556,7.2724039829302995,3.9295874822190555,1.3513513513513402,2.0270270270270316,0.3378378378378244,0.3378378378378315,0.0,0.3378378378378315
5176,Die Grünen,250,19,0.0,1.0,3.6332385016595516,0.0,1.0,5.686936936936937,0.6934566145092447,0.4978662873399742,4.231863442389752,6.401137980085345,8.392603129445234,1.5825035561877598,4.391891891891895,3.0405405405405475,5.067567567567565,10.810810810810807,7.0945945945945965,3.7162162162162105
219,CDU,250,19,1.0,0.0,4.32076813655761,1.0,0.0,3.7162162162162153,0.6756756756756772,2.86273115220483,1.9381223328591872,12.32219061166429,4.960881934566139,3.165007112375534,4.054054054054049,5.067567567567565,3.378378378378379,1.3513513513513473,1.3513513513513615,7.094594594594589
1277,bunt.saar,250,19,1.0,0.0,3.0464675201517317,0.0,1.0,1.8581081081081041,2.7560455192034112,0.37339971550497353,5.600995732574688,1.760312944523477,5.4409672830725455,2.3470839260312957,0.0,3.0405405405405332,3.0405405405405332,2.0270270270270174,2.0270270270270245,1.0135135135135158
1989,bunt.saar,250,19,1.0,0.0,3.5976766239924145,1.0,1.0,3.096846846846843,2.3115220483641536,4.516358463726888,2.2048364153627347,0.9423897581792389,8.534850640113788,3.0761024182076824,3.7162162162162176,3.7162162162162176,2.7027027027026946,1.3513513513513473,5.4054054054054035,1.6891891891891788
3140,bunt.saar,250,19,1.0,0.0,3.9088430535799006,1.0,1.0,2.59009009009009,6.081081081081081,0.23115220483641963,4.978662873399728,1.0490753911806507,6.365576102418217,4.747510668563308,2.0270270270270316,2.0270270270270316,2.0270270270270174,2.7027027027027017,3.378378378378372,3.378378378378386
4220,SPD,250,19,1.0,0.0,4.015528686581315,1.0,1.0,0.9009009009009041,1.0312944523470833,4.19630156472261,4.960881934566139,5.423186344238985,2.791607396870546,5.6899004267425255,0.0,1.3513513513513544,1.3513513513513615,0.0,1.3513513513513544,1.3513513513513544
1416,CDU,250,19,0.0,0.0,6.605618776671412,1.0,1.0,3.8851351351351355,3.271692745376953,2.222617354196302,6.6678520625889135,9.797297297297305,13.762446657183503,3.911806543385495,3.7162162162162105,2.364864864864863,4.729729729729726,0.6756756756756843,7.770270270270274,4.054054054054056
547,bunt.saar,250,19,0.0,0.0,5.360953058321481,0.0,1.0,1.2950450450450468,0.2844950213371291,2.3826458036984306,8.730440967283073,3.342816500711244,10.330725462304414,7.0945945945945965,3.378378378378379,0.3378378378378386,1.0135135135135158,2.0270270270270316,0.6756756756756772,0.3378378378378386
3378,CDU,250,19,1.0,1.0,2.095187292555721,1.0,1.0,1.8018018018018023,2.560455192034155,2.560455192034155,0.40896159317212266,0.3378378378378386,4.338549075391185,2.3648648648648702,3.378378378378386,0.3378378378378457,1.0135135135135087,3.378378378378372,0.6756756756756701,2.0270270270270316
796,FDP,250,19,0.0,1.0,3.49395448079659,0.0,1.0,5.518018018018019,2.507112375533424,2.560455192034155,7.0590327169274545,4.12517780938834,1.4935988620199154,3.2183499288762505,8.783783783783782,4.391891891891902,6.081081081081081,3.7162162162162105,3.7162162162162176,6.418918918918919
4721,bunt.saar,250,19,1.0,0.0,3.3931958274063576,1.0,1.0,2.7590090090090107,3.09388335704125,3.9118065433855023,3.805120910384062,1.9914651493598896,6.970128022759603,0.5867709815078399,2.3648648648648702,4.054054054054056,2.702702702702709,1.689189189189186,3.7162162162162105,2.0270270270270316
3360,Die Grünen,250,19,1.0,1.0,3.2716927453769578,0.0,0.0,1.5202702702702726,2.5426742532005733,4.640825035561882,2.6849217638691343,0.8179231863442382,4.943100995732571,4.000711237553347,2.0270270270270316,0.3378378378378386,1.013513513513523,2.364864864864856,0.6756756756756772,2.702702702702709
3939,Die Grünen,250,19,1.0,1.0,5.855855855855854,1.0,1.0,1.8018018018018023,0.4800853485063925,4.854196301564727,9.192745376955898,4.676386913229017,8.143669985775254,7.788051209103834,1.689189189189186,3.7162162162162176,1.689189189189193,1.3513513513513473,0.6756756756756772,1.689189189189193
721,FDP,250,19,0.0,1.0,3.4613560929350435,0.0,1.0,4.335585585585586,1.5291607396870575,3.840682788051211,2.293741109530586,11.842105263157897,0.9957325746799484,0.26671408250356166,6.418918918918926,6.081081081081074,2.702702702702709,2.0270270270270316,6.081081081081074,2.7027027027027017
2257,Die Grünen,250,19,1.0,0.0,2.7175201517306795,1.0,0.0,3.3220720720720727,2.0981507823613086,4.943100995732571,0.37339971550498063,2.6671408250355597,3.5739687055476637,2.6493598862019923,1.689189189189186,1.0135135135135087,5.4054054054054035,2.0270270270270245,6.081081081081088,3.7162162162162247
4576,FDP,250,19,0.0,1.0,4.821597913703179,0.0,0.0,2.646396396396399,1.973684210526315,3.058321479374115,2.080369843527741,7.02347083926032,8.623755334281647,6.169985775248932,3.0405405405405332,2.702702702702709,3.378378378378379,1.6891891891892072,1.689189189189186,3.378378378378379
646,bunt.saar,250,19,0.0,0.0,5.84103840682788,1.0,1.0,0.9572072072072034,2.435988620199147,7.325746799431002,4.214082503556185,0.8357041251778057,11.006401137980092,9.228307254623047,1.3513513513513473,1.0135135135135016,0.6756756756756772,1.3513513513513544,1.3513513513513402,0.0
5048,FDP,250,19,1.0,0.0,2.806424845898525,1.0,1.0,3.3220720720720713,1.831436699857747,2.8982930298719793,1.724751066856328,7.307965860597427,1.8492176386913144,1.2268847795163538,4.391891891891895,1.689189189189186,4.729729729729726,3.0405405405405475,3.0405405405405332,3.0405405405405403
2390,FDP,250,19,1.0,1.0,7.257586533902324,1.0,1.0,2.308558558558557,1.1735419630156514,6.490042674253196,9.850640113798008,1.226884779516368,13.940256045519199,10.864153627311524,2.3648648648648702,4.391891891891888,1.0135135135135087,2.7027027027026946,1.3513513513513544,2.0270270270270245
4146,FDP,250,19,0.0,0.0,5.417259364627789,0.0,0.0,10.810810810810812,1.760312944523477,3.0405405405405403,13.246799431009961,6.7745376955903325,1.795874822190612,5.88549075391181,4.054054054054049,11.148648648648646,17.229729729729726,2.3648648648648702,13.513513513513516,16.554054054054056
3825,Die Grünen,250,19,0.0,1.0,4.249644381223329,1.0,0.0,3.3783783783783767,4.285206258890469,2.6671408250355597,6.027738264580378,1.2980085348506378,8.517069701280235,2.7027027027026946,0.3378378378378386,0.0,6.418918918918905,2.0270270270270245,5.067567567567558,6.4189189189189335
670,bunt.saar,250,19,0.0,0.0,6.7923186344238955,0.0,0.0,3.9414414414414396,3.307254623044102,1.0846372688477857,12.980085348506393,0.9246088193456643,13.691322901849226,8.7660028449502,1.689189189189193,0.6756756756756772,6.081081081081081,2.0270270270270245,7.0945945945945965,6.0810810810810665
1405,FDP,250,19,1.0,1.0,5.277975343764816,1.0,1.0,1.1261261261261268,1.2268847795163538,4.409672830725455,4.391891891891895,9.690611664295872,6.721194879089619,5.227596017069704,0.3378378378378386,1.0135135135135158,2.0270270270270245,1.689189189189193,1.0135135135135158,0.6756756756756737
2663,Die Grünen,250,19,0.0,1.0,4.199265054528207,0.0,1.0,0.8445945945945965,1.8847795163584706,5.334281650071112,4.818634423897564,6.54338549075392,3.769559032716927,2.8449502133712485,0.3378378378378386,1.0135135135135016,0.0,1.689189189189193,1.0135135135135158,1.01351351351353
2786,CDU,250,19,1.0,0.0,2.7204836415362728,1.0,1.0,4.5608108108108105,3.200568990042669,1.2802275960170775,2.7382645803698367,3.733997155049792,4.107396870554766,1.2624466571834958,6.081081081081074,3.378378378378379,6.081081081081081,5.067567567567565,6.081081081081081,0.6756756756756843
3634,CDU,250,19,1.0,0.0,2.776789947842577,1.0,0.0,3.0968468468468466,0.1422475106685539,1.5825035561877598,1.511379800853483,6.027738264580371,7.396870554765293,0.0,5.4054054054054035,3.378378378378372,2.3648648648648702,3.7162162162162176,1.3513513513513544,2.364864864864863
236,bunt.saar,250,19,0.0,0.0,2.8597676623992427,1.0,1.0,0.7319819819819801,0.3911806543385552,0.8534850640113802,2.5426742532005733,0.4445234708392647,5.423186344238978,7.503556187766705,0.0,0.3378378378378386,1.0135135135135016,1.0135135135135087,1.3513513513513544,0.6756756756756772
4703,Die Grünen,250,19,1.0,0.0,2.7353010905642443,1.0,1.0,1.0698198198198199,3.1827880512090942,1.3157894736842124,0.21337126600283796,4.107396870554773,6.0099573257467895,1.5825035561877598,0.6756756756756701,1.689189189189193,1.0135135135135016,1.013513513513523,0.0,2.0270270270270316
1479,FDP,250,19,1.0,1.0,6.842697961119015,1.0,0.0,1.970720720720718,14.08250355618776,1.902560455192031,9.032716927453777,6.632290184921764,4.498577524893321,4.907539118065433,0.3378378378378244,0.3378378378378386,1.3513513513513544,4.729729729729726,4.054054054054049,1.0135135135135158
4021,FDP,250,19,1.0,1.0,4.584518729255572,1.0,1.0,3.5472972972972947,7.325746799431009,1.6002844950213415,0.16002844950213202,11.877667140825032,0.9957325746799484,5.547652916073968,2.0270270270270245,3.378378378378372,4.391891891891891,2.0270270270270245,4.729729729729726,4.72972972972973
960,FDP,250,19,1.0,1.0,4.4155998103366505,1.0,1.0,2.477477477477475,6.045519203413939,3.982930298719765,4.907539118065429,7.076813655761022,0.26671408250356166,4.214082503556185,6.418918918918912,1.689189189189186,2.7027027027026946,1.689189189189193,0.0,2.364864864864863
2398,bunt.saar,250,19,1.0,0.0,4.169630156472256,1.0,0.0,1.2950450450450457,1.5825035561877598,0.5512091038406766,7.503556187766705,6.383357041251777,7.699146514935983,1.2980085348506378,0.3378378378378386,1.6891891891891788,1.0135135135135158,1.0135135135135158,0.6756756756756772,3.0405405405405475
3737,bunt.saar,250,19,0.0,0.0,9.18681839734471,1.0,0.0,3.828828828828827,4.534139402560456,0.4800853485063925,14.118065433854902,8.07254623044097,15.024893314366984,12.891180654338555,2.3648648648648702,1.3513513513513402,4.391891891891888,4.391891891891895,5.067567567567565,5.4054054054054035
1607,bunt.saar,250,19,1.0,0.0,3.828828828828828,1.0,1.0,2.53378378378378,0.7112375533428192,1.7247510668563208,3.6095305832147915,0.7645803698435216,10.97083926031295,5.1920341394025655,0.3378378378378457,3.0405405405405475,4.054054054054049,1.689189189189186,4.054054054054035,2.0270270270270174
4222,Die Grünen,250,19,1.0,0.0,4.492650545282124,1.0,1.0,2.759009009009008,4.818634423897571,1.689189189189193,2.6137980085348573,5.014224751066855,8.659317211948796,4.160739687055468,3.7162162162162105,2.3648648648648702,2.3648648648648702,4.729729729729726,0.675675675675663,2.702702702702709
5171,Die Grünen,250,19,0.0,0.0,5.165362731152207,1.0,1.0,1.2387387387387427,0.07112375533427695,1.369132290184929,10.43741109530584,2.6315789473684177,11.34423897581793,5.138691322901849,1.6891891891892001,0.6756756756756843,2.3648648648648702,1.0135135135135087,0.3378378378378386,1.3513513513513544
2320,DIE LINKE,250,19,1.0,1.0,1.102418207681365,0.0,0.0,9.459459459459465,2.0625889046941666,0.26671408250354744,1.4402560455191917,1.191322901849226,1.1201991465149348,0.5334281650071233,1.0135135135135158,4.7297297297297405,14.527027027027032,7.432432432432435,13.851351351351354,15.202702702702709
3551,FDP,250,19,1.0,1.0,3.894025604551917,1.0,1.0,3.603603603603607,2.258179231863444,2.4182076813655797,2.329302987197721,1.8669985775248819,7.930298719772395,6.56116642958748,1.3513513513513544,4.054054054054049,6.756756756756765,0.6756756756756914,5.405405405405411,3.378378378378372
2327,DIE LINKE,250,19,0.0,0.0,4.925320056898999,0.0,0.0,2.0833333333333344,1.8136557610241795,6.845661450924595,3.485064011379805,3.8584637268847715,8.445945945945944,5.1031294452347,3.7162162162162176,3.0405405405405332,1.689189189189193,0.6756756756756843,2.0270270270270316,1.3513513513513473
169,CDU,250,19,1.0,0.0,3.1857515410146995,1.0,0.0,4.6171171171171155,1.689189189189193,6.916785206258886,4.320768136557611,1.546941678520632,2.00924608819345,2.631578947368425,4.054054054054049,3.7162162162162176,8.445945945945944,3.7162162162162176,0.0,7.770270270270267
5110,SPD,250,19,0.0,0.0,4.9994073020388825,1.0,0.0,0.957207207207207,3.200568990042669,4.391891891891895,5.192034139402573,2.435988620199147,8.303698435277383,6.472261735419629,0.0,2.364864864864863,1.0135135135135087,1.0135135135135087,0.0,1.3513513513513615
1634,CDU,250,19,1.0,0.0,5.689900426742535,1.0,0.0,2.5337837837837824,0.3378378378378386,4.267425320056894,11.806543385490762,4.569701280227605,7.0945945945945965,6.063300142247513,0.3378378378378386,3.0405405405405403,5.067567567567565,0.3378378378378386,3.0405405405405403,3.378378378378372
4898,FDP,250,19,0.0,0.0,4.871977240398294,0.0,0.0,2.9842342342342385,0.16002844950213557,5.334281650071119,4.12517780938834,9.868421052631582,8.499288762446653,1.2446657183499354,1.013513513513523,0.6756756756756843,1.3513513513513473,6.081081081081088,3.378378378378379,5.405405405405411
5024,FDP,250,19,1.0,0.0,3.7932669511616837,1.0,0.0,2.477477477477475,8.819345661450917,2.471550497866282,3.0049786628733983,0.6934566145092447,6.330014224751068,1.4402560455191917,3.0405405405405332,1.689189189189186,4.391891891891902,4.054054054054042,0.6756756756756772,1.0135135135135087
3177,bunt.saar,250,19,0.0,0.0,4.0362731152204825,0.0,0.0,4.842342342342344,1.4224751066856385,0.07112375533426984,8.659317211948796,2.5604551920341407,7.3790896159317185,4.125177809388333,4.054054054054049,0.0,6.4189189189189335,4.729729729729733,7.094594594594589,6.756756756756758
2752,CDU,250,19,1.0,1.0,1.8995969653864375,1.0,1.0,1.182432432432428,1.1024182076813673,0.16002844950213557,3.59174964438121,1.618065433854909,3.2539118065433854,1.6714082503556185,1.0135135135135016,0.6756756756756843,0.3378378378378244,1.689189189189186,1.0135135135135158,2.364864864864856
3547,CDU,250,19,1.0,0.0,3.0257230915125675,1.0,0.0,1.85810810810811,0.8534850640113802,0.6934566145092447,2.6849217638691414,7.005689900426745,3.6806543385490826,3.236130867709811,0.3378378378378386,3.378378378378379,0.3378378378378457,3.378378378378372,1.3513513513513615,2.364864864864863
3119,bunt.saar,250,19,1.0,1.0,5.921052631578946,1.0,1.0,3.0968468468468466,2.8982930298719793,4.943100995732571,4.765291607396868,3.2539118065433854,11.486486486486491,8.179231863442382,3.7162162162162176,1.3513513513513544,2.3648648648648702,6.418918918918919,1.689189189189186,3.0405405405405332
2604,FDP,250,19,1.0,1.0,6.827880512091039,1.0,1.0,1.520270270270269,9.388335704125183,3.662873399715501,2.5960170697012863,12.482219061166433,7.11237553342816,5.725462304409675,1.0135135135135158,0.3378378378378386,1.0135135135135087,1.689189189189186,3.3783783783783754,1.6891891891891895
2175,bunt.saar,250,19,1.0,1.0,0.8564485538169725,0.0,1.0,2.702702702702704,1.1024182076813602,0.10668563300143319,2.4893314366998567,0.07112375533427695,0.7467994310099471,0.6223328591749606,4.729729729729726,2.0270270270270316,3.0405405405405332,2.0270270270270316,1.01351351351353,3.378378378378372
3569,bunt.saar,250,19,0.0,1.0,3.25687529634898,0.0,0.0,9.234234234234233,0.6223328591749677,1.2802275960170704,3.8940256045519135,3.058321479374108,3.769559032716927,6.9167852062588935,9.797297297297305,0.3378378378378386,12.162162162162154,9.797297297297291,9.121621621621621,14.189189189189186
2425,Die Grünen,250,19,1.0,1.0,5.138691322901849,1.0,0.0,1.745495495495496,1.511379800853483,2.0270270270270316,7.112375533428171,3.271692745376953,7.930298719772395,8.97937411095306,0.3378378378378386,1.013513513513523,2.702702702702709,3.0405405405405403,2.0270270270270245,1.3513513513513402
5149,CDU,250,19,1.0,0.0,2.5337837837837847,0.0,0.0,3.4346846846846844,4.285206258890469,1.831436699857747,0.5156472261735487,5.2275960170697005,1.2446657183499354,2.0981507823613086,1.689189189189186,5.405405405405411,3.0405405405405332,4.7297297297297405,3.7162162162162033,2.0270270270270316
4153,Die Grünen,250,19,1.0,1.0,2.237434803224275,0.0,1.0,6.8693693693693705,4.19630156472261,3.69843527738265,0.9246088193456643,3.6806543385490755,0.12446657183498644,0.8001422475106637,8.783783783783782,7.432432432432428,6.4189189189189335,1.0135135135135158,9.797297297297291,7.770270270270274
4378,CDU,250,19,0.0,0.0,3.170934091986723,0.0,0.0,1.407657657657656,3.342816500711244,0.284495021337122,0.17780938833571014,5.494310099573248,7.325746799431009,2.400426742532005,0.3378378378378386,1.6891891891891788,3.0405405405405475,0.6756756756756772,1.689189189189186,1.0135135135135087
17,Die Grünen,250,19,1.0,1.0,3.965149359886199,0.0,0.0,3.434684684684688,2.8982930298719793,2.738264580369851,4.231863442389752,1.0846372688477928,9.281650071123742,3.556187766714075,3.0405405405405475,0.675675675675663,4.054054054054063,1.0135135135135158,3.7162162162162247,8.108108108108112
4443,CDU,250,19,1.0,0.0,4.024419155998102,1.0,1.0,1.295045045045048,5.95661450924608,6.294452347083919,3.3250355618776624,4.587482219061172,3.0405405405405403,0.9423897581792389,2.0270270270270245,0.6756756756756843,1.3513513513513473,3.0405405405405475,0.3378378378378457,0.3378378378378386
4514,FDP,250,19,1.0,1.0,8.351114272166905,0.0,1.0,5.18018018018018,1.1201991465149348,16.145092460881934,10.206258890469414,3.6806543385490826,12.091038406827884,6.863442389758184,8.783783783783775,3.378378378378372,4.054054054054056,5.4054054054054035,6.756756756756765,2.702702702702709
3143,Die Grünen,250,19,1.0,0.0,5.784732100521574,0.0,1.0,0.9572072072072094,0.9246088193456643,0.7467994310099471,8.943812233285925,7.663584637268848,9.17496443812233,7.254623044096732,0.3378378378378386,1.01351351351353,1.0135135135135158,0.3378378378378386,1.0135135135135158,2.0270270270270174
879,FDP,250,19,0.0,1.0,4.439307728781415,1.0,1.0,1.5202702702702713,2.7560455192034112,3.09388335704125,6.205547652916081,8.801564722617364,2.258179231863444,3.52062588904694,2.364864864864856,0.6756756756756701,2.0270270270270316,1.01351351351353,0.6756756756756772,2.364864864864863
3669,SPD,250,19,1.0,1.0,4.984589853010907,1.0,0.0,0.8445945945945953,2.8271692745377024,6.063300142247513,3.556187766714082,13.22901849217638,2.6849217638691343,1.546941678520632,1.689189189189186,2.0270270270270316,0.3378378378378244,0.3378378378378457,0.6756756756756843,0.0
4508,FDP,250,19,1.0,0.0,4.741583688952108,0.0,0.0,4.4481981981982,7.183499288762434,0.8357041251778057,6.027738264580371,8.997155049786635,2.86273115220483,2.5426742532005733,1.689189189189186,3.378378378378379,4.054054054054049,6.756756756756772,3.378378378378379,7.432432432432435
3450,SPD,250,19,0.0,0.0,4.421526789947844,0.0,1.0,1.9144144144144164,1.3335704125177799,6.685633001422481,3.9651493598862118,0.5867709815078399,6.650071123755325,7.307965860597427,4.054054054054049,3.0405405405405403,0.6756756756756772,0.6756756756756843,1.3513513513513473,1.6891891891892001
2676,SPD,250,19,0.0,0.0,7.808795637743013,1.0,0.0,6.250000000000001,2.6849217638691414,1.369132290184929,13.15789473684211,3.9118065433855023,11.806543385490748,13.922475106685646,5.4054054054054035,0.6756756756756843,5.4054054054054035,7.0945945945945965,9.459459459459453,9.459459459459467
2301,FDP,250,19,1.0,1.0,2.972380275011853,1.0,0.0,3.3220720720720736,0.6578947368421026,5.565433854907525,0.5334281650071233,4.089615931721191,5.03200568990043,1.9559032716927476,2.3648648648648702,0.6756756756756843,6.081081081081074,0.3378378378378386,5.743243243243249,4.729729729729726
3964,Die Grünen,250,19,0.0,0.0,5.710644855381698,0.0,1.0,2.0270270270270268,4.285206258890469,3.7517780938833525,6.614509246088204,1.2268847795163538,13.762446657183503,4.623044096728307,0.0,0.675675675675663,0.0,1.689189189189193,3.378378378378386,6.418918918918919
426,FDP,250,19,1.0,0.0,3.090919867235653,1.0,1.0,1.9144144144144128,2.6315789473684177,4.623044096728307,3.022759601706966,2.7027027027026946,5.4054054054054035,0.16002844950212847,2.7027027027026946,1.0135135135135087,2.7027027027027017,2.702702702702709,0.6756756756756772,1.689189189189186
39,Die Grünen,250,19,0.0,1.0,3.962185870080605,1.0,0.0,1.0698198198198223,4.320768136557611,3.449502133712656,3.591749644381224,3.413940256045521,6.063300142247506,2.9338549075391143,0.6756756756756772,0.6756756756756772,1.3513513513513544,1.689189189189193,1.689189189189193,0.3378378378378386
2913,FDP,250,19,1.0,0.0,4.181484115694645,1.0,0.0,1.632882882882883,4.640825035561882,6.347795163584642,3.5739687055476566,0.284495021337122,9.975106685633008,0.26671408250356166,1.689189189189186,1.689189189189186,0.3378378378378457,3.0405405405405332,2.702702702702709,0.3378378378378386
3667,bunt.saar,250,19,0.0,1.0,3.45542911332385,1.0,0.0,2.0270270270270294,4.534139402560456,7.076813655761022,0.0,4.623044096728307,2.8271692745377024,1.6714082503556114,0.6756756756756843,3.378378378378393,2.3648648648648702,0.3378378378378315,3.0405405405405332,2.364864864864863
5157,FDP,250,19,1.0,0.0,4.729729729729726,1.0,1.0,2.4211711711711756,6.241109530583209,0.7645803698435216,6.294452347083919,0.40896159317210845,7.82361308677099,6.845661450924609,2.364864864864856,0.6756756756756772,2.0270270270270245,1.3513513513513686,3.378378378378393,4.729729729729733
539,Die Grünen,250,19,1.0,0.0,4.394855381697485,0.0,0.0,1.3513513513513484,1.831436699857747,6.169985775248925,3.769559032716927,1.4580369843527734,8.997155049786635,4.142958748221901,2.0270270270270245,0.6756756756756772,2.0270270270270316,1.3513513513513473,0.3378378378378244,1.689189189189186
1872,CDU,250,19,1.0,0.0,3.452465623518254,1.0,0.0,5.686936936936935,3.236130867709818,0.2489331436699871,0.8890469416785152,6.276671408250351,7.681365576102422,2.3826458036984306,3.7162162162162105,11.148648648648646,8.108108108108105,0.6756756756756772,2.364864864864863,8.108108108108112
1343,CDU,250,19,0.0,1.0,3.6273115220483683,0.0,1.0,4.335585585585586,1.369132290184929,7.005689900426752,1.2802275960170775,8.232574679943106,1.1735419630156443,2.7027027027027017,2.3648648648648702,5.743243243243249,1.689189189189186,4.729729729729733,6.081081081081081,5.405405405405396
3986,CDU,250,19,0.0,0.0,4.596372688477952,0.0,0.0,4.054054054054053,3.94736842105263,3.94736842105263,3.6450924608819335,5.5476529160739645,7.165718349928888,3.3250355618776624,3.7162162162162176,0.3378378378378386,6.756756756756751,6.081081081081088,1.3513513513513473,6.081081081081074
1203,FDP,250,19,1.0,1.0,4.0925794215267866,1.0,1.0,0.5067567567567556,1.973684210526315,2.1337126600284506,2.1337126600284506,6.134423897581783,5.885490753911803,6.294452347083919,0.6756756756756772,0.3378378378378386,0.3378378378378386,1.3513513513513402,0.3378378378378386,0.0
3335,Die Grünen,250,19,1.0,0.0,2.6760312944523457,1.0,1.0,3.772522522522523,2.435988620199147,1.3513513513513473,0.9957325746799341,3.7162162162162176,6.0099573257467895,1.5469416785206391,2.7027027027026946,2.0270270270270245,4.391891891891902,6.081081081081081,3.0405405405405475,4.391891891891888
3418,CDU,250,19,1.0,0.0,1.4935988620199154,1.0,0.0,3.772522522522523,0.6223328591749677,1.4935988620199083,2.507112375533424,0.6756756756756772,1.9381223328591872,1.724751066856328,1.3513513513513473,1.689189189189186,6.081081081081088,0.0,9.121621621621621,4.391891891891895
3423,Die Grünen,250,19,0.0,0.0,4.027382645803694,1.0,0.0,3.9977477477477485,5.992176386913222,1.4046941678520568,5.7254623044096675,1.689189189189186,6.987908961593163,2.3648648648648702,1.689189189189186,0.3378378378378386,5.067567567567565,6.081081081081081,6.4189189189189335,4.391891891891888
4452,CDU,250,19,0.0,0.0,3.1235182550971956,0.0,0.0,2.5900900900900865,3.449502133712656,1.0312944523470762,5.4054054054054035,2.8449502133712485,3.59174964438121,2.4182076813655797,0.6756756756756772,4.391891891891881,1.3513513513513544,6.0810810810810665,2.7027027027026946,0.3378378378378457
913,Die Grünen,250,19,1.0,1.0,5.568397344713131,1.0,1.0,3.490990990990985,4.463015647226179,3.9295874822190555,7.3079658605974345,0.07112375533427695,9.76173541963015,7.876955903271693,2.7027027027027017,0.6756756756756772,6.418918918918905,2.364864864864863,4.3918918918918735,4.391891891891888
4633,FDP,250,19,1.0,0.0,3.0464675201517246,1.0,1.0,1.5765765765765778,2.2403982930298625,3.1294452347083777,2.3648648648648702,1.6714082503556114,4.445234708392597,4.42745376955903,1.3513513513513615,0.0,2.364864864864856,0.3378378378378315,0.6756756756756843,4.729729729729733
4201,CDU,250,19,1.0,0.0,6.86936936936937,1.0,1.0,1.9144144144144104,1.2091038406827863,7.556899004267429,2.7560455192034112,13.495732574679948,7.805832147937409,8.392603129445234,3.0405405405405332,2.0270270270270245,2.7027027027026946,1.3513513513513473,1.3513513513513473,1.0135135135135158
3517,bunt.saar,250,19,1.0,0.0,3.745851114272169,1.0,1.0,2.53378378378378,2.5426742532005733,2.7560455192034112,5.4409672830725455,4.107396870554766,5.743243243243242,1.8847795163584777,1.3513513513513473,0.0,1.0135135135135158,1.689189189189186,5.067567567567565,6.0810810810810665
3488,SPD,250,19,0.0,0.0,7.971787577050733,0.0,0.0,2.421171171171172,3.6450924608819335,6.561166429587473,11.504267425320059,4.42745376955903,10.241820768136563,11.450924608819342,2.7027027027027017,1.3513513513513544,2.7027027027027017,3.0405405405405475,1.3513513513513544,3.378378378378372
3681,FDP,250,19,1.0,0.0,2.305595068752966,0.0,1.0,4.054054054054053,3.307254623044102,2.7916073968705533,0.7467994310099613,2.916073968705547,3.627311522048366,0.4445234708392647,4.7297297297297405,4.391891891891881,4.729729729729726,0.6756756756756772,4.729729729729726,5.067567567567565
2049,bunt.saar,250,19,1.0,1.0,4.208155523944992,1.0,0.0,2.4774774774774784,1.333570412517787,9.281650071123742,2.8449502133712485,0.2489331436699871,11.21977240398293,0.32005689900425693,0.3378378378378386,1.3513513513513473,3.378378378378386,0.6756756756756772,3.378378378378379,5.743243243243242
2466,bunt.saar,250,19,1.0,0.0,4.8186344238975805,0.0,1.0,6.19369369369369,0.10668563300142608,4.018492176386907,6.3122332859175,2.720483641536269,9.76173541963015,5.992176386913229,3.378378378378379,4.054054054054042,7.432432432432435,6.418918918918919,7.432432432432428,8.445945945945937
3827,bunt.saar,250,19,1.0,1.0,5.571360834518729,1.0,1.0,1.1261261261261275,0.2489331436699871,6.294452347083926,8.55263157894737,0.3022759601706895,10.72190611664297,7.3079658605974345,0.0,0.0,0.3378378378378386,1.0135135135135087,2.3648648648648702,3.0405405405405475
4794,DIE LINKE,250,19,1.0,1.0,3.176861071597917,1.0,0.0,3.0968468468468444,7.04125177809388,0.3911806543385552,5.654338549075405,1.4580369843527734,3.8940256045519206,0.6223328591749677,1.689189189189193,5.743243243243228,2.3648648648648702,1.0135135135135087,2.702702702702709,5.067567567567558
4096,FDP,250,19,1.0,1.0,5.97735893788525,1.0,1.0,0.9572072072072105,6.13442389758179,4.605263157894733,4.623044096728307,10.010668563300136,4.196301564722617,6.294452347083919,1.0135135135135158,1.0135135135135158,0.6756756756756772,1.0135135135135158,1.689189189189193,0.3378378378378457
3435,FDP,250,19,1.0,1.0,4.38003793266951,1.0,1.0,0.0,7.04125177809388,3.058321479374108,1.529160739687054,6.436699857752494,3.378378378378379,4.836415362731149,0.0,0.0,0.0,0.0,0.0,0.0
3954,CDU,250,19,1.0,0.0,3.7814129919393102,1.0,1.0,1.8018018018018023,5.600995732574688,3.44950213371267,0.7112375533428192,2.489331436699864,9.477240398293027,0.9601706970127921,3.0405405405405332,1.3513513513513615,0.675675675675663,2.702702702702709,2.0270270270270245,1.013513513513523
3351,bunt.saar,250,19,1.0,0.0,8.19701280227596,1.0,1.0,1.5765765765765767,2.293741109530586,6.721194879089616,11.21977240398293,6.827880512091035,14.704836415362742,7.4146514935988534,0.3378378378378386,1.3513513513513402,3.378378378378386,1.0135135135135087,2.0270270270270316,1.3513513513513544
1452,SPD,250,19,0.0,0.0,8.321479374110952,0.0,1.0,1.9144144144144128,7.04125177809388,6.13442389758179,12.802275960170704,3.1116642958748173,11.450924608819342,9.388335704125176,3.0405405405405332,0.6756756756756772,0.3378378378378386,2.0270270270270245,5.067567567567565,0.3378378378378386
5080,CDU,250,19,1.0,0.0,5.30464675201517,0.0,0.0,2.3648648648648654,3.8940256045519206,3.271692745376953,11.557610241820761,6.1877667140825,6.454480796586054,0.46230440967283215,1.3513513513513544,1.3513513513513544,6.756756756756751,3.0405405405405475,0.6756756756756701,1.0135135135135158
203,DIE LINKE,250,19,1.0,1.0,3.102773826458037,1.0,1.0,2.3648648648648654,5.707681365576107,4.907539118065436,3.1472261735419664,0.23115220483641252,4.409672830725462,0.21337126600283796,1.3513513513513473,2.0270270270270245,2.702702702702709,1.3513513513513473,4.054054054054056,2.702702702702709
4182,CDU,250,19,1.0,1.0,5.580251303935516,0.0,1.0,8.27702702702703,2.880512091038412,4.623044096728307,7.681365576102422,3.1472261735419664,4.214082503556185,10.935277382645808,3.378378378378379,6.418918918918919,11.486486486486488,6.081081081081081,8.445945945945951,13.85135135135135
4982,FDP,250,19,1.0,0.0,4.824561403508777,0.0,1.0,1.4639639639639686,2.3470839260312957,7.841394025604551,8.054765291607403,2.0270270270270316,5.849928876244675,2.8271692745377024,0.3378378378378457,1.0135135135135087,3.378378378378393,1.3513513513513544,1.3513513513513615,1.3513513513513473
5014,CDU,250,19,0.0,1.0,2.4389521100047404,0.0,1.0,1.6891891891891906,2.7738264580369787,1.4935988620199083,2.1337126600284577,0.1422475106685539,6.063300142247513,2.0270270270270316,0.6756756756756772,1.689189189189186,2.702702702702709,1.0135135135135158,2.364864864864863,1.689189189189193
28,bunt.saar,250,19,0.0,1.0,2.604907539118068,1.0,1.0,4.673423423423423,0.9423897581792389,1.6714082503556114,7.3079658605974345,0.053342816500716594,1.689189189189193,3.9651493598862118,1.689189189189193,4.729729729729733,6.756756756756758,1.3513513513513544,6.418918918918905,7.0945945945945965
2483,FDP,250,19,1.0,0.0,5.147581792318637,1.0,0.0,3.0968468468468457,8.97937411095306,7.948079658605984,3.662873399715501,0.9246088193456643,8.036984352773828,1.333570412517787,2.7027027027026946,1.689189189189186,5.067567567567572,1.689189189189193,3.378378378378379,4.054054054054049
3704,FDP,250,19,0.0,1.0,5.079421526789947,1.0,1.0,1.2950450450450444,6.881223328591759,5.45874822190612,2.507112375533424,7.6635846372688405,7.539118065433847,0.4267425320056901,0.3378378378378386,3.0405405405405403,1.689189189189193,0.3378378378378386,1.0135135135135087,1.3513513513513473
3799,CDU,250,19,1.0,0.0,3.4613560929350413,1.0,1.0,1.520270270270269,1.6714082503556114,3.5384068278805074,6.54338549075392,0.3022759601707037,6.881223328591759,1.831436699857747,1.0135135135135087,0.0,1.0135135135135087,4.729729729729733,0.0,2.364864864864863
2338,bunt.saar,250,19,1.0,1.0,2.136676149834043,1.0,1.0,0.9572072072072059,0.08890469416784441,4.000711237553347,3.6450924608819264,0.12446657183499354,4.231863442389766,0.7290184921763796,1.689189189189193,0.3378378378378386,0.6756756756756701,1.3513513513513473,1.3513513513513473,0.3378378378378386
2171,CDU,250,19,1.0,0.0,2.435988620199146,1.0,0.0,2.0833333333333335,0.017780938833574567,1.4580369843527734,1.1201991465149348,7.734708392603125,2.8982930298719793,1.3869132290184893,1.3513513513513544,3.0405405405405403,1.689189189189193,0.0,3.378378378378372,3.0405405405405403
2691,FDP,250,19,1.0,1.0,3.8851351351351355,1.0,1.0,2.4774774774774784,2.3115220483641536,2.773826458036986,4.640825035561875,1.4580369843527734,11.735419630156478,0.3911806543385481,1.689189189189186,0.6756756756756772,4.729729729729726,0.3378378378378386,5.405405405405411,2.0270270270270316
2709,bunt.saar,250,19,1.0,0.0,7.850284495021342,1.0,1.0,0.8445945945946001,7.82361308677099,5.903271692745371,7.343527738264598,4.569701280227605,13.406827880512097,8.054765291607396,0.3378378378378457,0.6756756756756701,2.0270270270270316,0.6756756756756843,1.01351351351353,0.3378378378378386
2192,FDP,250,19,1.0,1.0,4.068871503082028,1.0,1.0,2.1396396396396375,3.5384068278805074,4.765291607396875,3.69843527738265,3.3250355618776624,6.578947368421048,2.507112375533424,0.6756756756756701,1.689189189189186,1.689189189189186,2.0270270270270245,3.0405405405405403,3.7162162162162176
1778,SPD,250,19,0.0,0.0,3.194642010431488,1.0,1.0,1.6328828828828819,0.16002844950213557,4.249644381223341,3.165007112375541,2.86273115220483,5.938833570412527,2.7916073968705533,2.0270270270270316,2.3648648648648702,2.364864864864856,1.689189189189186,0.0,1.3513513513513473
3662,Die Grünen,250,19,0.0,0.0,4.700094831673777,0.0,1.0,1.91441441441442,7.0945945945945965,0.7112375533428192,6.667852062588906,7.076813655761015,3.6095305832147915,3.0405405405405332,4.391891891891902,2.0270270270270316,0.0,1.3513513513513473,2.702702702702709,1.01351351351353
3915,FDP,250,19,1.0,1.0,3.692508297771455,1.0,1.0,1.4639639639639626,2.6137980085348573,5.565433854907539,1.2268847795163538,3.09388335704125,3.0405405405405403,6.61450924608819,2.702702702702709,1.689189189189186,0.0,3.0405405405405332,1.0135135135135087,0.3378378378378386
2207,SPD,250,19,0.0,1.0,4.637861545756284,0.0,1.0,1.238738738738738,0.8357041251778057,6.294452347083926,3.1472261735419664,4.658605974395449,7.770270270270274,5.1209103840682815,0.6756756756756701,1.0135135135135158,2.0270270270270316,2.702702702702709,0.0,1.0135135135135016
972,CDU,250,19,1.0,1.0,1.49656235182551,1.0,1.0,4.335585585585586,0.7112375533428192,4.356330014224753,1.6358463726884764,0.6934566145092447,0.6401137980085352,0.9423897581792318,0.3378378378378386,4.729729729729733,7.0945945945945965,2.364864864864856,5.743243243243242,5.743243243243249
1345,CDU,250,19,1.0,1.0,2.4093172119487867,1.0,1.0,1.9707207207207251,0.1422475106685539,5.4409672830725455,1.9203413940255984,2.400426742531998,2.631578947368425,1.9203413940255984,1.3513513513513544,0.3378378378378457,4.054054054054063,0.6756756756756772,3.0405405405405403,2.3648648648648702
787,FDP,250,19,1.0,1.0,2.5160028449502136,1.0,1.0,2.027027027027026,0.9779516358463738,0.07112375533427695,4.30298719772405,1.4046941678520568,2.6493598862019923,5.689900426742533,3.378378378378372,2.364864864864863,2.0270270270270387,1.6891891891891788,0.6756756756756701,2.0270270270270316
1125,CDU,250,19,1.0,1.0,3.1887150308202976,1.0,1.0,2.8716216216216233,3.6806543385490826,6.845661450924609,3.236130867709818,0.8179231863442382,2.6137980085348573,1.9381223328591801,4.7297297297297405,2.364864864864863,2.7027027027026946,4.7297297297297405,1.3513513513513544,1.3513513513513473
3829,FDP,250,19,1.0,1.0,9.04457088667615,1.0,1.0,4.842342342342341,5.974395448079662,7.503556187766712,9.26386913229019,4.889758179231862,15.22048364153627,11.4153627311522,4.729729729729726,3.0405405405405332,4.391891891891895,3.378378378378372,7.770270270270274,5.743243243243242
3521,FDP,250,19,1.0,1.0,6.756756756756758,1.0,0.0,1.2950450450450468,6.383357041251777,6.436699857752494,6.401137980085352,6.009957325746804,5.689900426742533,9.619487908961588,0.0,0.6756756756756843,0.0,1.0135135135135087,2.3648648648648702,3.7162162162162176
3243,CDU,250,19,1.0,1.0,3.953295400663824,1.0,1.0,1.520270270270269,1.7425320056898954,3.413940256045514,2.6849217638691414,8.97937411095306,6.54338549075392,0.3556187766714132,1.0135135135135158,2.3648648648648702,1.0135135135135087,1.3513513513513402,1.0135135135135087,2.3648648648648702
1454,FDP,250,19,1.0,1.0,4.0925794215267866,1.0,1.0,2.1396396396396398,5.387624466571836,1.653627311522051,3.59174964438121,3.7517780938833525,2.7027027027027017,7.46799431009957,4.729729729729733,1.0135135135135158,2.7027027027026946,1.0135135135135158,0.3378378378378386,3.0405405405405403
2685,FDP,250,19,0.0,1.0,3.3694879089615903,1.0,0.0,2.027027027027023,1.0668563300142253,4.071834992887624,2.9871977240398238,7.912517780938828,3.4317211948790884,0.7467994310099542,2.364864864864863,0.0,1.0135135135135087,3.0405405405405332,3.0405405405405332,2.7027027027027017
2215,CDU,250,19,1.0,1.0,3.2894736842105226,1.0,1.0,1.9144144144144117,0.3378378378378386,1.9559032716927405,5.1031294452347,0.40896159317212266,6.169985775248925,5.7610241820768096,1.0135135135135158,0.0,2.0270270270270174,3.378378378378379,2.364864864864863,2.7027027027026946
3734,bunt.saar,250,19,0.0,0.0,3.6243480322427692,0.0,0.0,5.067567567567566,2.400426742532005,1.5291607396870575,5.014224751066848,0.2489331436699942,4.569701280227605,7.983641536273105,4.391891891891895,2.0270270270270245,7.432432432432428,4.729729729729733,3.378378378378379,8.445945945945937
1225,FDP,250,19,0.0,1.0,5.420222854433374,1.0,1.0,1.7454954954955006,1.1557610241820626,10.170697012802265,1.2268847795163538,7.841394025604551,6.916785206258886,5.209815078236126,4.391891891891902,1.3513513513513615,0.3378378378378386,1.013513513513523,2.0270270270270316,1.3513513513513473
4689,CDU,250,19,1.0,1.0,3.327999051683262,1.0,1.0,2.590090090090088,0.7290184921763796,1.9559032716927476,3.1116642958748173,10.11735419630157,3.271692745376953,0.7823613086771033,4.054054054054042,3.7162162162162176,3.0405405405405403,3.0405405405405403,0.3378378378378386,1.3513513513513473
4318,Die Grünen,250,19,1.0,0.0,6.949383594120437,0.0,0.0,5.067567567567575,1.8847795163584706,8.570412517780944,5.618776671408241,6.418918918918912,9.83285917496444,9.370554765291615,3.378378378378379,6.756756756756765,8.108108108108105,3.378378378378393,0.6756756756756843,8.10810810810812
2910,bunt.saar,250,19,1.0,0.0,3.8377192982456165,1.0,1.0,2.759009009009007,0.7112375533428192,1.760312944523477,6.258890469416784,0.23115220483641252,9.743954480796589,4.320768136557618,4.391891891891895,1.3513513513513402,2.0270270270270316,1.3513513513513544,3.0405405405405332,4.391891891891888
2023,CDU,250,19,1.0,1.0,5.387624466571836,1.0,1.0,5.743243243243242,3.982930298719772,4.463015647226179,7.3790896159317185,1.4224751066856385,5.7610241820768096,9.317211948790899,7.770270270270267,3.0405405405405403,7.432432432432435,5.067567567567565,3.378378378378372,7.770270270270274
2753,FDP,250,19,1.0,1.0,2.195945945945946,1.0,1.0,2.421171171171173,0.26671408250354744,4.623044096728307,0.4267425320056901,3.485064011379805,2.151493598862025,2.222617354196302,1.689189189189193,3.378378378378379,3.7162162162162176,2.3648648648648702,0.6756756756756772,2.7027027027027017
3330,Die Grünen,250,19,1.0,1.0,5.114983404457085,1.0,1.0,2.2522522522522515,1.1557610241820626,0.8890469416785152,5.8677098150782285,7.628022759601713,6.436699857752494,8.712660028449498,2.0270270270270174,3.0405405405405403,0.3378378378378386,5.4054054054054035,2.0270270270270316,0.6756756756756772
2184,Die Grünen,250,19,0.0,1.0,2.7649359886201963,0.0,1.0,1.6328828828828843,0.08890469416784441,5.600995732574688,4.498577524893307,3.3605974395448044,2.5248933143669916,0.5156472261735416,1.0135135135135158,0.6756756756756701,1.689189189189193,0.3378378378378457,3.0405405405405475,3.0405405405405332
4632,SPD,250,19,0.0,0.0,5.479492650545281,1.0,0.0,3.0968468468468493,0.1422475106685539,8.641536273115221,2.2226173541963092,8.766002844950208,8.943812233285918,4.160739687055475,5.405405405405411,0.3378378378378386,1.3513513513513544,7.432432432432428,1.3513513513513615,2.7027027027027017
227,FDP,250,19,0.0,0.0,3.467283072546232,0.0,1.0,4.391891891891894,1.1379800853485094,2.489331436699864,4.089615931721191,11.575391180654336,0.7112375533428192,0.8001422475106708,6.418918918918919,4.054054054054056,6.081081081081081,3.378378378378379,3.378378378378379,3.0405405405405475
1506,FDP,250,19,1.0,1.0,4.107396870554765,1.0,1.0,0.6193693693693708,5.974395448079662,3.7162162162162176,3.182788051209105,0.12446657183498644,4.978662873399713,6.667852062588906,1.013513513513523,0.3378378378378386,0.3378378378378386,0.0,1.3513513513513473,0.6756756756756772
2728,bunt.saar,250,19,0.0,1.0,2.907183499288761,0.0,0.0,2.2522522522522492,0.08890469416784441,0.6756756756756772,4.285206258890469,0.5512091038406766,6.881223328591759,4.960881934566139,5.743243243243242,1.0135135135135158,0.6756756756756701,4.054054054054049,1.0135135135135087,1.0135135135135087
4117,CDU,250,19,1.0,1.0,4.673423423423421,1.0,0.0,2.4774774774774735,2.3115220483641536,9.70839260312944,6.169985775248925,3.7162162162162176,0.35561877667140607,5.778805120910384,4.054054054054049,0.3378378378378244,2.364864864864863,5.067567567567565,1.689189189189186,1.3513513513513544
167,FDP,250,19,1.0,1.0,1.7603129445234735,1.0,0.0,2.1396396396396384,0.017780938833574567,4.071834992887624,0.5156472261735487,1.6002844950213415,4.071834992887624,0.2844950213371291,2.702702702702709,1.689189189189186,2.364864864864863,3.0405405405405332,2.0270270270270316,1.0135135135135087
2693,bunt.saar,250,19,1.0,0.0,2.7204836415362728,1.0,1.0,1.9707207207207216,0.7467994310099613,0.5156472261735416,4.925320056899011,1.831436699857754,7.183499288762434,1.1201991465149348,1.689189189189193,0.6756756756756772,3.378378378378372,2.364864864864863,2.3648648648648702,1.3513513513513544
3076,Die Grünen,250,19,1.0,1.0,3.262802275960174,1.0,1.0,0.6756756756756784,0.10668563300142608,4.249644381223341,0.8712660028449477,6.61450924608819,4.658605974395449,3.0761024182076895,1.0135135135135158,0.6756756756756772,0.3378378378378244,0.0,1.013513513513523,1.01351351351353
3559,CDU,250,19,1.0,1.0,2.4834044570886724,1.0,1.0,1.4076576576576585,0.5512091038406766,1.475817923186355,1.7069701280227676,5.51209103840683,4.054054054054056,1.6002844950213486,0.6756756756756914,1.3513513513513473,0.0,4.391891891891888,2.0270270270270245,0.0
1094,Die Grünen,250,19,0.0,0.0,5.40244191559981,0.0,1.0,0.9572072072072118,5.174253200568991,3.449502133712656,9.655049786628751,0.5334281650071091,11.5398293029872,2.0625889046941523,0.6756756756756772,0.6756756756756772,1.6891891891892072,0.0,0.3378378378378386,2.3648648648648702
4706,Die Grünen,250,19,1.0,0.0,5.701754385964912,0.0,0.0,7.1509009009009015,3.3961593172119535,8.890469416785209,4.338549075391185,1.1024182076813602,10.224039829302974,6.258890469416791,5.743243243243249,6.756756756756751,6.081081081081088,7.770270270270267,7.0945945945945965,9.45945945945946
5013,bunt.saar,250,19,0.0,1.0,6.211474632527267,0.0,1.0,3.9414414414414396,1.3157894736842124,4.587482219061172,4.054054054054063,8.25035561877668,12.980085348506393,6.081081081081081,3.378378378378379,0.6756756756756772,2.702702702702709,2.0270270270270174,9.459459459459453,5.4054054054054035
2448,Die Grünen,250,19,1.0,0.0,4.036273115220488,1.0,0.0,4.054054054054052,0.10668563300142608,2.489331436699864,1.2446657183499354,12.482219061166433,5.618776671408241,2.275960170697026,3.7162162162162176,6.418918918918919,0.0,8.108108108108105,4.054054054054049,2.0270270270270174
4949,DIE LINKE,250,19,1.0,1.0,5.67804646752015,1.0,0.0,1.970720720720718,7.859174964438118,3.840682788051197,6.810099573257467,3.6095305832147915,10.312944523470847,1.6358463726884764,0.0,2.364864864864856,3.0405405405405403,1.0135135135135087,2.364864864864863,3.0405405405405403
554,SPD,250,19,1.0,1.0,5.435040303461356,1.0,0.0,0.8445945945945953,1.5291607396870575,5.4765291607396875,9.903982930298717,1.1201991465149348,5.832147937411094,8.748221906116648,0.0,0.6756756756756772,0.0,2.0270270270270316,0.6756756756756772,1.689189189189186
4176,bunt.saar,250,19,1.0,0.0,2.453769559032718,1.0,0.0,5.574324324324327,5.565433854907539,0.053342816500716594,0.8001422475106708,6.863442389758184,1.1024182076813602,0.3378378378378386,3.378378378378386,5.4054054054054035,7.0945945945945965,6.756756756756758,6.418918918918919,4.391891891891902
4533,Die Grünen,250,19,0.0,1.0,3.342816500711239,1.0,1.0,3.5472972972972983,4.498577524893314,2.880512091038412,1.3869132290184822,5.45874822190612,3.44950213371267,2.3826458036984377,1.3513513513513615,2.7027027027027017,5.067567567567565,3.7162162162162176,5.4054054054054035,3.0405405405405403
4776,bunt.saar,250,19,0.0,0.0,2.290777619724988,1.0,0.0,3.490990990990994,1.973684210526315,1.2980085348506378,0.9779516358463738,0.053342816500716594,6.454480796586061,2.9871977240398238,2.3648648648648702,4.7297297297297405,3.378378378378372,3.378378378378372,3.7162162162162176,3.378378378378393
3015,CDU,250,19,1.0,1.0,2.8568041725936517,1.0,0.0,3.434684684684683,3.9118065433855023,0.32005689900426404,3.5739687055476637,5.423186344238985,2.5960170697012828,1.3157894736842124,2.364864864864863,0.0,4.729729729729726,5.067567567567565,5.743243243243249,2.7027027027026946
727,SPD,250,19,1.0,1.0,3.766595542911334,0.0,1.0,1.182432432432434,0.35561877667140607,4.054054054054063,6.294452347083933,0.8357041251778057,5.049786628733997,6.009957325746797,1.689189189189186,0.3378378378378386,2.3648648648648702,0.3378378378378386,0.0,2.3648648648648702
424,bunt.saar,250,19,1.0,0.0,3.135372214319579,1.0,1.0,3.5472972972972983,4.409672830725462,3.982930298719765,1.795874822190612,0.7823613086770962,7.361308677098144,0.4800853485063925,1.3513513513513473,0.0,5.743243243243242,3.0405405405405403,4.7297297297297405,6.418918918918919
4090,FDP,250,19,0.0,1.0,3.0286865813181607,1.0,1.0,1.6891891891891895,0.3378378378378386,3.5739687055476637,1.9914651493598896,2.9871977240398238,4.871977240398294,4.409672830725455,1.689189189189193,1.3513513513513544,1.3513513513513544,1.689189189189186,1.0135135135135158,3.0405405405405332
3225,FDP,250,19,1.0,1.0,3.123518255097198,1.0,1.0,5.011261261261261,6.561166429587473,2.187055476529153,1.689189189189186,5.992176386913229,1.7780938833570374,0.5334281650071091,0.3378378378378386,5.405405405405411,5.743243243243242,0.3378378378378386,9.797297297297291,8.445945945945944
4447,CDU,250,19,0.0,1.0,6.383357041251775,0.0,0.0,5.518018018018016,6.845661450924595,3.7873399715504945,1.724751066856328,11.682076813655755,11.895448079658607,2.3648648648648702,2.0270270270270245,6.081081081081088,6.418918918918912,5.743243243243235,5.4054054054054035,7.432432432432435
1137,CDU,250,19,1.0,0.0,8.795637743006166,1.0,0.0,2.92792792792793,0.35561877667140607,5.1920341394025655,6.116642958748223,16.002844950213372,16.002844950213372,9.10384068278806,0.0,2.7027027027027017,3.0405405405405403,1.689189189189193,6.756756756756758,3.378378378378386
394,bunt.saar,250,19,0.0,1.0,3.0672119487908986,0.0,0.0,1.9144144144144069,2.8982930298719793,2.400426742531998,5.654338549075405,0.26671408250356166,0.7645803698435287,6.418918918918919,2.7027027027026946,1.6891891891891788,1.3513513513513402,0.6756756756756772,4.3918918918918735,0.6756756756756772
800,FDP,250,19,1.0,1.0,2.5811996206733028,1.0,1.0,2.477477477477476,0.8179231863442382,3.1827880512090942,2.2403982930298696,4.996443812233288,0.8001422475106708,3.449502133712656,4.391891891891881,3.0405405405405403,2.3648648648648702,3.0405405405405332,1.3513513513513544,0.6756756756756772
2455,bunt.saar,250,19,1.0,0.0,4.166666666666669,1.0,1.0,2.1959459459459523,1.3335704125177799,1.760312944523477,2.2759601706970187,0.9246088193456643,12.002133712660033,6.703413940256041,0.6756756756756701,1.3513513513513686,2.702702702702709,0.0,3.7162162162162247,4.7297297297297405
2813,bunt.saar,250,19,1.0,1.0,3.2835467045993347,1.0,1.0,1.1824324324324327,4.765291607396875,1.7780938833570303,5.761024182076817,1.262446657183503,3.6095305832147915,2.5248933143669916,0.6756756756756843,0.3378378378378386,3.378378378378386,0.3378378378378386,1.3513513513513473,1.0135135135135016
836,bunt.saar,250,19,0.0,1.0,4.279279279279283,0.0,0.0,3.265765765765766,4.249644381223341,4.996443812233295,0.8357041251778057,4.783072546230443,8.445945945945944,2.3648648648648702,3.7162162162162176,7.770270270270274,3.0405405405405475,3.378378378378379,1.0135135135135158,0.675675675675663
1053,Die Grünen,250,19,0.0,0.0,4.409672830725465,0.0,1.0,1.9144144144144153,1.2091038406827934,4.836415362731152,5.938833570412527,0.7467994310099613,5.565433854907539,8.161450924608815,1.0135135135135087,0.6756756756756772,1.0135135135135158,3.378378378378379,3.378378378378379,2.0270270270270316
4139,CDU,250,19,1.0,1.0,6.258890469416785,0.0,1.0,4.0540540540540535,2.3648648648648702,5.4054054054054035,8.232574679943106,0.9779516358463738,13.22901849217638,7.3435277382645765,0.3378378378378386,3.378378378378372,6.418918918918919,4.7297297297297405,7.094594594594589,2.364864864864863
4249,bunt.saar,250,19,1.0,0.0,1.552868658131814,1.0,0.0,1.238738738738738,1.795874822190612,3.94736842105263,0.1422475106685539,0.35561877667140607,2.6137980085348573,0.46230440967282505,0.3378378378378386,1.0135135135135087,1.0135135135135016,0.3378378378378386,3.0405405405405475,1.689189189189193
5159,DIE LINKE,250,19,0.0,1.0,4.608226647700328,0.0,1.0,3.6036036036036045,1.4402560455191917,7.04125177809388,8.499288762446653,0.7823613086770962,6.009957325746804,3.876244665718346,7.0945945945945965,1.3513513513513473,4.054054054054063,2.3648648648648702,2.364864864864863,4.391891891891888
710,SPD,250,19,1.0,1.0,6.401137980085347,1.0,1.0,2.195945945945946,6.881223328591759,5.743243243243242,5.334281650071112,4.018492176386907,7.396870554765293,9.03271692745377,1.3513513513513473,0.3378378378378386,3.378378378378372,3.0405405405405475,2.3648648648648702,2.7027027027027017
3837,bunt.saar,250,19,1.0,0.0,2.154457088667616,1.0,1.0,7.432432432432434,2.0981507823613086,3.627311522048373,0.2844950213371291,2.044807965860592,3.307254623044102,1.5647226173541924,5.405405405405411,8.445945945945944,9.797297297297305,0.0,9.459459459459453,11.486486486486491
1199,Die Grünen,250,19,0.0,0.0,5.749170222854436,0.0,0.0,3.603603603603601,3.271692745376953,11.148648648648653,5.636557610241823,2.8271692745377024,7.556899004267429,4.054054054054056,2.7027027027026946,3.378378378378379,5.743243243243249,2.7027027027026946,6.418918918918919,0.6756756756756701
4193,Die Grünen,250,19,0.0,0.0,6.107752489331438,1.0,0.0,1.0135135135135098,5.067567567567565,4.694167852062584,9.032716927453777,2.6137980085348573,9.263869132290182,5.974395448079662,0.3378378378378386,0.6756756756756772,1.3513513513513402,2.7027027027027017,0.0,1.0135135135135016
228,CDU,250,19,1.0,0.0,2.6108345187292534,1.0,1.0,0.9572072072072059,1.3869132290184822,0.21337126600283796,1.262446657183503,9.210526315789465,3.2183499288762576,0.37339971550497353,2.3648648648648702,0.6756756756756701,1.013513513513523,0.3378378378378386,0.3378378378378244,1.0135135135135087
4080,FDP,250,19,1.0,1.0,1.2624466571835018,1.0,1.0,1.407657657657656,0.6401137980085352,2.329302987197721,1.475817923186355,1.689189189189193,0.46230440967283215,0.9779516358463738,2.0270270270270245,4.054054054054056,0.0,1.3513513513513402,0.3378378378378386,0.6756756756756772
3893,Die Grünen,250,19,1.0,0.0,5.387624466571833,1.0,0.0,3.209459459459461,6.13442389758179,4.42745376955903,2.9871977240398238,2.4537695590327075,8.570412517780944,7.752489331436706,2.364864864864863,2.364864864864863,5.743243243243249,1.3513513513513473,3.7162162162162247,3.7162162162162176
3332,FDP,250,19,1.0,0.0,3.41986723565671,1.0,1.0,1.0698198198198188,3.9651493598862118,7.0945945945945965,0.3556187766714132,5.672119487908951,1.653627311522051,1.7780938833570374,0.3378378378378315,0.6756756756756701,1.3513513513513402,1.3513513513513686,1.689189189189186,1.0135135135135158
174,bunt.saar,250,19,1.0,1.0,2.489331436699853,1.0,1.0,1.1261261261261286,0.7823613086770962,0.7290184921763796,3.182788051209087,0.40896159317211556,6.525604551920338,3.307254623044102,0.3378378378378386,2.3648648648648702,2.702702702702709,0.3378378378378386,0.6756756756756772,0.3378378378378386
5211,Die Grünen,250,19,0.0,0.0,2.5752726410621114,0.0,1.0,2.646396396396399,0.7290184921763796,3.9295874822190555,5.032005689900423,0.8001422475106708,3.6450924608819264,1.3157894736842124,0.6756756756756843,3.0405405405405475,1.689189189189193,1.0135135135135087,3.7162162162162176,5.743243243243242
2130,FDP,250,19,1.0,1.0,5.221669037458514,1.0,1.0,6.644144144144143,1.2802275960170775,5.298719772403977,6.472261735419632,1.7069701280227676,5.689900426742533,10.881934566145098,7.432432432432435,7.094594594594589,8.783783783783786,1.0135135135135016,5.4054054054054035,10.135135135135144
1265,FDP,250,19,0.0,0.0,3.4524656235182563,0.0,0.0,1.689189189189192,0.6756756756756772,4.605263157894733,4.285206258890469,5.707681365576114,3.1472261735419664,2.293741109530579,2.364864864864856,2.0270270270270316,1.0135135135135158,1.3513513513513686,3.0405405405405403,0.3378378378378386
3486,CDU,250,19,1.0,0.0,7.100521574205789,1.0,0.0,6.644144144144145,1.9559032716927476,6.596728307254629,14.88264580369843,0.2489331436699942,9.77951635846373,9.139402560455203,3.0405405405405332,6.756756756756765,8.445945945945944,5.405405405405411,8.445945945945944,7.770270270270274
1073,bunt.saar,250,19,1.0,1.0,7.2101706970128,1.0,1.0,2.1959459459459425,10.597439544807962,5.387624466571836,5.743243243243242,5.95661450924608,13.371266002844948,2.2048364153627347,3.0405405405405332,3.0405405405405475,0.0,1.0135135135135087,3.378378378378372,2.7027027027026946
1262,FDP,250,19,1.0,1.0,3.6036036036036045,1.0,1.0,4.391891891891894,3.840682788051211,5.245376955903275,1.4935988620199154,4.943100995732571,4.854196301564727,1.2446657183499283,4.391891891891895,1.689189189189193,7.432432432432435,4.054054054054063,2.0270270270270245,6.756756756756751
2584,FDP,250,19,0.0,1.0,4.9845898530109,0.0,1.0,4.335585585585586,5.95661450924608,5.298719772403977,1.8492176386913144,8.926031294452343,0.07112375533427695,7.805832147937409,1.3513513513513473,7.432432432432435,3.7162162162162176,1.689189189189193,4.054054054054049,7.770270270270274
4225,bunt.saar,250,19,1.0,1.0,3.8347558084400197,1.0,1.0,3.153153153153157,6.899004267425319,0.2489331436700013,2.951635846372696,4.107396870554766,7.361308677098144,1.4402560455191917,2.364864864864863,1.01351351351353,3.378378378378372,5.4054054054054035,2.3648648648648702,4.391891891891902
4728,CDU,250,19,1.0,1.0,2.4685870080606933,1.0,0.0,2.139639639639641,0.3022759601707037,6.916785206258886,1.0490753911806578,0.10668563300142608,4.018492176386907,2.4182076813655797,2.0270270270270245,1.0135135135135158,0.0,5.4054054054054035,0.3378378378378457,4.054054054054056
4983,FDP,250,19,1.0,0.0,6.258890469416786,1.0,1.0,4.56081081081081,4.889758179231862,8.677098150782363,3.8762446657183496,6.863442389758184,6.827880512091035,6.418918918918919,2.7027027027026946,5.743243243243249,6.418918918918919,2.364864864864863,6.418918918918916,3.7162162162162176
241,CDU,250,19,1.0,1.0,3.019796111901376,1.0,1.0,2.533783783783786,3.0049786628734054,2.080369843527741,0.4445234708392647,6.507823613086771,2.00924608819345,4.071834992887624,0.6756756756756772,2.7027027027027017,3.378378378378379,0.3378378378378457,3.378378378378379,4.729729729729733
2237,Die Grünen,250,19,1.0,1.0,7.319819819819821,1.0,1.0,0.8445945945945942,7.823613086770983,6.721194879089616,6.401137980085345,2.5960170697012828,14.86486486486487,5.51209103840683,1.689189189189186,0.0,0.0,1.689189189189186,0.6756756756756772,1.0135135135135158
799,FDP,250,19,0.0,0.0,3.242057847321002,0.0,0.0,5.574324324324326,0.6934566145092447,2.8449502133712556,3.733997155049792,10.50853485064011,0.2844950213371291,1.3869132290184822,2.0270270270270245,2.364864864864863,6.756756756756765,7.0945945945945965,7.432432432432435,7.770270270270274
4311,SPD,250,19,0.0,0.0,10.21218587008061,1.0,1.0,2.59009009009009,4.107396870554773,9.63726884779517,12.731152204836413,5.174253200568991,14.153627311522051,15.469416785206263,1.3513513513513615,2.7027027027026946,1.0135135135135087,1.689189189189186,4.054054054054056,4.729729729729733
2914,FDP,250,19,1.0,1.0,4.940137505926981,1.0,1.0,0.39414414414414506,4.249644381223341,4.765291607396868,5.120910384068278,3.911806543385495,5.014224751066855,6.578947368421051,0.0,0.3378378378378386,0.33783783783784216,1.0135135135135158,0.0,0.6756756756756737
2418,SPD,250,19,1.0,0.0,1.6269559032716927,1.0,0.0,3.2657657657657615,0.08890469416784441,1.653627311522051,4.285206258890469,1.653627311522051,1.3335704125177799,0.7467994310099613,1.3513513513513473,2.364864864864856,1.689189189189193,5.4054054054054035,2.7027027027026946,6.081081081081074
2558,bunt.saar,250,19,1.0,1.0,6.122569938359409,0.0,1.0,2.1396396396396398,4.320768136557604,3.662873399715508,11.148648648648646,4.125177809388333,9.530583214793737,3.94736842105263,5.067567567567565,0.0,1.0135135135135158,4.729729729729726,0.6756756756756772,1.3513513513513544
156,bunt.saar,250,19,1.0,1.0,4.634898055950688,1.0,1.0,1.407657657657655,1.973684210526315,3.662873399715508,3.982930298719779,4.214082503556185,10.188477951635846,3.7873399715504945,1.689189189189186,1.3513513513513402,1.3513513513513402,1.0135135135135158,1.689189189189193,1.3513513513513544
2988,SPD,250,19,1.0,0.0,4.744547178757705,0.0,0.0,1.0698198198198188,0.604551920341386,7.69914651493599,7.82361308677099,2.86273115220483,2.6493598862019923,6.827880512091042,2.0270270270270316,0.6756756756756701,0.0,1.3513513513513473,2.0270270270270245,0.3378378378378386
2370,FDP,250,19,0.0,1.0,4.954954954954954,0.0,1.0,2.927927927927931,2.5960170697012828,4.267425320056894,3.165007112375534,9.086059743954486,7.876955903271693,2.7382645803698367,4.729729729729733,4.054054054054056,1.0135135135135158,4.054054054054063,2.0270270270270245,1.689189189189193
1514,FDP,250,19,0.0,0.0,3.505808440018967,1.0,1.0,2.702702702702703,5.174253200568991,3.769559032716927,3.733997155049792,5.014224751066848,0.8001422475106708,2.5426742532005733,2.0270270270270316,1.3513513513513544,4.729729729729733,0.0,5.067567567567565,3.0405405405405332
1587,Die Grünen,250,19,1.0,0.0,3.342816500711239,1.0,0.0,2.1396396396396447,1.0846372688477999,3.022759601706973,2.578236130867708,4.996443812233295,3.9295874822190555,4.445234708392604,1.3513513513513473,6.756756756756772,0.3378378378378386,1.3513513513513615,2.702702702702709,0.3378378378378386
908,CDU,250,19,1.0,1.0,3.2628022759601727,1.0,0.0,2.421171171171173,0.9246088193456643,2.8982930298719793,5.814366998577526,4.978662873399713,4.854196301564727,0.10668563300142608,2.0270270270270316,0.0,3.378378378378379,1.689189189189193,3.0405405405405475,4.391891891891888
3203,FDP,250,19,0.0,1.0,2.922000948316738,0.0,1.0,2.421171171171172,3.2894736842105345,0.6223328591749677,4.391891891891895,6.987908961593163,0.1955903271692776,2.044807965860592,4.054054054054063,1.3513513513513473,3.0405405405405475,0.675675675675663,3.378378378378386,2.0270270270270245
1048,Die Grünen,250,19,0.0,0.0,6.522641062114748,0.0,0.0,1.407657657657661,4.302987197724036,9.655049786628751,7.610241820768138,0.23115220483641252,14.011379800853483,3.3250355618776695,0.6756756756756772,0.0,2.702702702702709,0.0,4.7297297297297405,0.3378378378378386
2762,FDP,250,19,1.0,1.0,1.7840208629682326,1.0,1.0,2.6463963963963977,2.293741109530579,0.5156472261735487,0.17780938833571014,3.1116642958748173,2.009246088193457,2.5960170697012828,1.3513513513513473,4.391891891891895,4.054054054054056,0.0,2.0270270270270316,4.054054054054056
1318,bunt.saar,250,19,1.0,0.0,3.686581318160266,1.0,0.0,2.6463963963963963,3.3961593172119535,2.0625889046941595,5.476529160739673,1.9559032716927476,8.001422475106693,1.226884779516368,4.729729729729733,1.689189189189193,0.3378378378378386,4.729729729729726,0.3378378378378386,4.054054054054049
2805,DIE LINKE,250,19,1.0,0.0,4.234826932195361,0.0,0.0,2.5900900900900887,7.3968705547653,5.26315789473685,2.2048364153627347,6.7389758179231976,2.2048364153627347,1.6002844950213486,0.6756756756756701,0.6756756756756772,4.729729729729726,0.6756756756756701,3.7162162162162176,5.067567567567572
3633,SPD,250,19,0.0,1.0,7.174608819345658,1.0,1.0,2.7027027027027053,5.921052631578952,2.86273115220483,8.51706970128022,7.788051209103841,9.51280227596017,8.445945945945937,4.391891891891895,3.7162162162162176,0.6756756756756772,4.729729729729733,1.0135135135135158,1.689189189189193
1110,Die Grünen,250,19,0.0,0.0,3.5384068278805123,1.0,1.0,3.265765765765765,1.5825035561877598,3.2539118065433854,3.9295874822190626,0.5689900426742511,11.664295874822194,0.23115220483641963,5.067567567567565,2.364864864864856,3.378378378378386,3.7162162162162176,3.7162162162162105,1.3513513513513544
4941,bunt.saar,250,19,1.0,0.0,2.4093172119487902,0.0,0.0,2.9842342342342376,3.3605974395448044,4.658605974395449,0.3022759601707037,0.32005689900426404,2.720483641536269,3.09388335704125,1.013513513513523,0.6756756756756843,7.770270270270281,0.3378378378378386,4.729729729729726,3.378378378378372
478,FDP,250,19,1.0,0.0,4.418563300142246,1.0,1.0,1.3513513513513498,5.298719772403977,3.8229018492176365,5.832147937411094,4.996443812233288,0.5689900426742511,5.992176386913229,0.0,1.689189189189193,1.0135135135135158,1.3513513513513402,1.689189189189186,2.364864864864863
4223,bunt.saar,250,19,1.0,0.0,7.628022759601706,1.0,0.0,1.4639639639639626,3.1472261735419664,6.845661450924595,8.125889046941687,0.21337126600283796,19.807965860597427,7.62802275960172,0.0,2.0270270270270316,2.0270270270270316,1.0135135135135087,3.7162162162162033,0.0
666,CDU,250,19,1.0,0.0,3.4732100521574196,1.0,0.0,4.560810810810808,4.267425320056901,3.7517780938833525,5.298719772403977,1.191322901849226,0.26671408250354744,6.063300142247513,3.0405405405405332,4.391891891891888,4.729729729729726,8.108108108108098,1.3513513513513615,5.743243243243242
889,DIE LINKE,250,19,1.0,1.0,2.344120436225696,1.0,1.0,2.92792792792793,3.7162162162162176,0.7467994310099471,0.32005689900426404,2.7027027027027017,2.5426742532005733,4.0362731152204745,1.0135135135135087,2.3648648648648702,4.391891891891902,4.391891891891888,3.378378378378379,2.0270270270270316
987,FDP,250,19,0.0,0.0,4.966808914177339,1.0,1.0,1.7454954954954995,0.6223328591749677,4.000711237553347,4.871977240398294,5.0497866287340045,7.663584637268848,7.592460881934571,3.0405405405405546,1.0135135135135158,0.6756756756756772,2.0270270270270174,2.0270270270270316,1.6891891891892001
3719,CDU,250,19,1.0,0.0,7.992532005689903,1.0,0.0,2.9842342342342314,3.6095305832147915,3.876244665718353,12.766714082503555,2.880512091038412,14.366998577524896,10.455192034139415,0.6756756756756701,0.675675675675663,5.743243243243235,1.3513513513513544,6.081081081081074,3.378378378378393
865,CDU,250,19,1.0,0.0,3.5887861545756223,1.0,0.0,4.279279279279276,5.156472261735402,5.4409672830725455,1.7780938833570303,0.46230440967283215,3.0761024182076824,5.618776671408241,4.3918918918918735,1.689189189189193,4.054054054054056,8.783783783783782,2.0270270270270245,4.729729729729726
4935,FDP,250,19,1.0,1.0,4.987553342816503,1.0,1.0,1.1261261261261264,8.303698435277383,5.26315789473685,1.5291607396870575,7.82361308677099,3.805120910384069,3.200568990042669,1.3513513513513402,0.3378378378378386,0.3378378378378386,3.7162162162162247,0.6756756756756772,0.3378378378378386
373,FDP,250,19,1.0,1.0,2.6523233760075855,1.0,1.0,2.3648648648648654,3.7873399715504945,0.6756756756756772,6.063300142247513,2.3470839260312886,1.546941678520625,1.4935988620199154,0.6756756756756843,4.054054054054056,2.7027027027027017,3.0405405405405332,2.7027027027027017,1.0135135135135158
3386,bunt.saar,250,19,1.0,1.0,2.8182788051209093,1.0,0.0,3.15315315315315,3.342816500711244,0.5156472261735416,3.36059743954479,1.2446657183499283,8.392603129445234,0.053342816500716594,2.0270270270270316,1.3513513513513402,4.729729729729726,2.364864864864863,4.729729729729726,3.7162162162162105
1599,SPD,250,19,0.0,1.0,7.0560692271218555,0.0,1.0,2.1396396396396398,3.4672830725462234,7.325746799431002,6.667852062588906,4.036273115220482,11.628733997155052,9.210526315789465,0.3378378378378386,3.7162162162162105,2.7027027027026946,2.0270270270270316,3.7162162162162247,0.3378378378378386
1914,bunt.saar,250,19,1.0,0.0,3.055357989568517,1.0,0.0,3.0968468468468466,4.036273115220482,5.51209103840683,0.9779516358463738,2.951635846372689,2.7204836415362763,2.1337126600284506,4.391891891891888,2.0270270270270316,2.3648648648648702,3.7162162162162176,4.391891891891895,1.6891891891891788
626,CDU,250,19,1.0,0.0,5.938833570412516,1.0,0.0,3.153153153153152,4.925320056899011,7.183499288762434,8.143669985775247,0.8534850640113874,8.694879089615931,5.8321479374110865,2.0270270270270316,2.0270270270270245,5.067567567567565,4.054054054054056,1.0135135135135087,4.729729729729726
4778,SPD,250,19,1.0,1.0,3.043504030346135,1.0,1.0,1.0698198198198234,2.916073968705547,4.960881934566139,3.627311522048373,2.578236130867701,0.17780938833570303,4.000711237553347,0.6756756756756772,0.6756756756756843,0.3378378378378386,2.702702702702709,2.0270270270270316,0.0
5214,FDP,250,19,1.0,1.0,3.05832147937411,1.0,1.0,5.123873873873875,2.9871977240398238,8.481507823613086,2.4182076813655797,2.507112375533424,1.3691322901849219,0.5867709815078257,3.378378378378386,8.783783783783782,0.3378378378378457,5.4054054054054035,6.081081081081077,6.756756756756754
74,Die Grünen,250,19,0.0,0.0,3.0405405405405417,0.0,1.0,3.2094594594594654,5.387624466571836,0.6223328591749677,4.8364153627311595,1.2802275960170704,5.352062588904687,0.7645803698435287,5.067567567567565,2.702702702702716,0.3378378378378528,4.054054054054049,3.7162162162162247,3.378378378378386
3444,CDU,250,19,1.0,1.0,2.255215742057851,1.0,1.0,1.3513513513513544,0.5867709815078399,2.86273115220483,1.9914651493598896,3.0049786628734054,3.3961593172119535,1.689189189189186,1.6891891891892072,0.6756756756756772,2.7027027027027017,1.689189189189193,0.3378378378378386,1.0135135135135087
5177,FDP,250,19,1.0,0.0,7.553935514461831,1.0,1.0,1.0135135135135112,9.868421052631582,5.28093883357041,7.076813655761022,2.809388335704128,11.059743954480801,9.228307254623047,2.7027027027026946,0.3378378378378386,1.689189189189186,0.3378378378378386,0.0,1.0135135135135087
3337,SPD,250,19,0.0,1.0,5.565433854907543,0.0,1.0,1.463963963963966,1.2446657183499283,9.423897581792318,3.982930298719779,1.6002844950213415,7.290184921763881,9.850640113798008,0.0,1.3513513513513473,2.702702702702709,0.3378378378378386,2.0270270270270316,2.3648648648648702
487,Die Grünen,250,19,1.0,1.0,5.005334281650068,1.0,1.0,3.0405405405405403,2.115931721194869,5.725462304409675,1.5291607396870432,6.205547652916081,5.903271692745371,8.55263157894737,1.0135135135135087,3.7162162162162176,4.729729729729726,1.0135135135135158,6.081081081081081,1.689189189189193
870,bunt.saar,250,19,0.0,0.0,5.615813181602657,1.0,1.0,1.2950450450450468,1.5647226173541924,3.2894736842105345,3.1472261735419664,1.4935988620199154,13.30014224751067,10.899715504978658,0.3378378378378386,1.3513513513513473,1.689189189189193,0.3378378378378386,2.3648648648648702,1.689189189189193
3743,FDP,250,19,0.0,1.0,4.560810810810813,1.0,1.0,1.2950450450450457,6.792318634423893,1.9381223328591872,3.6806543385490826,6.596728307254629,7.983641536273112,0.37339971550497353,1.0135135135135158,1.689189189189193,2.364864864864856,0.6756756756756701,0.6756756756756843,1.3513513513513544
1207,FDP,250,19,1.0,1.0,2.0892603129445235,1.0,1.0,1.407657657657655,4.658605974395449,3.4317211948790884,0.01778093883356746,2.418207681365587,1.6180654338549019,0.3911806543385481,2.7027027027026946,0.6756756756756772,0.0,4.054054054054035,0.6756756756756843,0.3378378378378386
2511,CDU,250,19,1.0,0.0,2.699739212897106,1.0,1.0,2.8716216216216246,0.0,5.298719772403977,4.925320056899004,2.115931721194869,0.6756756756756772,3.1827880512091085,4.729729729729726,0.6756756756756843,4.054054054054056,5.743243243243249,0.0,2.0270270270270316
1287,FDP,250,19,1.0,0.0,5.761024182076813,0.0,0.0,1.914414414414414,5.796586059743959,4.694167852062591,7.574679943100996,5.156472261735409,8.339260312944525,3.0049786628733983,3.0405405405405403,1.0135135135135158,2.0270270270270245,0.0,4.391891891891895,1.0135135135135087
2168,bunt.saar,250,19,1.0,0.0,6.821953532479849,0.0,1.0,2.477477477477477,4.605263157894733,3.7162162162162105,9.121621621621628,4.854196301564727,9.139402560455203,9.495021337126595,5.067567567567565,1.0135135135135158,1.689189189189193,3.378378378378379,0.6756756756756772,3.0405405405405332
4540,bunt.saar,250,19,1.0,0.0,5.399478425794211,1.0,1.0,2.646396396396405,3.5739687055476566,3.09388335704125,5.672119487908958,0.9601706970127921,12.055476529160728,7.04125177809388,3.7162162162162176,2.0270270270270316,2.3648648648648702,2.0270270270270387,1.3513513513513686,4.391891891891902
3529,Die Grünen,250,19,0.0,1.0,1.621028923660501,1.0,1.0,1.407657657657661,3.413940256045514,0.6401137980085352,3.1472261735419664,0.6045519203413932,1.1379800853485023,0.7823613086770962,0.0,1.0135135135135158,2.0270270270270316,1.689189189189193,1.3513513513513544,2.3648648648648702
569,CDU,250,19,1.0,0.0,6.1077524893314346,1.0,0.0,3.8288288288288306,4.19630156472261,8.819345661450924,9.103840682788054,2.916073968705547,6.116642958748223,5.494310099573248,4.729729729729733,2.364864864864863,4.054054054054049,7.432432432432435,1.013513513513523,3.378378378378379
5168,bunt.saar,250,19,1.0,0.0,5.289829302987198,1.0,1.0,5.405405405405408,7.503556187766712,1.8847795163584777,7.2724039829302995,4.089615931721191,8.85490753911806,2.1337126600284506,2.7027027027027017,5.405405405405418,6.081081081081081,3.7162162162162176,6.418918918918919,8.108108108108112
3627,Die Grünen,250,19,0.0,0.0,8.090327169274536,1.0,1.0,0.6193693693693696,3.9295874822190555,8.285917496443822,11.61095305832147,4.054054054054049,15.362731152204837,5.2987197724039845,0.0,0.3378378378378386,0.0,1.3513513513513473,1.0135135135135158,1.0135135135135158
705,SPD,250,19,1.0,0.0,4.7386201991465144,1.0,0.0,3.265765765765771,2.0625889046941666,7.788051209103841,3.9295874822190555,5.796586059743959,2.7738264580369787,6.081081081081088,6.418918918918926,2.7027027027027017,1.689189189189193,3.378378378378379,2.0270270270270316,3.378378378378393
4685,bunt.saar,250,19,1.0,0.0,2.483404457088669,1.0,0.0,7.094594594594593,5.672119487908958,1.3157894736842124,1.8136557610241866,3.2894736842105274,0.0,2.809388335704128,11.148648648648646,5.743243243243242,6.418918918918919,12.5,4.729729729729726,2.0270270270270245
5038,CDU,250,19,1.0,0.0,3.013869132290188,1.0,0.0,2.646396396396394,2.6493598862019923,2.5960170697012828,0.23115220483641252,6.205547652916081,4.694167852062591,1.7069701280227676,0.6756756756756701,7.0945945945945965,3.378378378378379,0.0,2.364864864864863,2.364864864864856
3996,CDU,250,19,1.0,1.0,3.2924371740161233,1.0,1.0,2.646396396396392,2.0803698435277482,1.9203413940255984,2.471550497866289,6.970128022759603,3.7162162162162176,2.5960170697012828,1.6891891891891788,1.689189189189186,3.378378378378379,1.0135135135135016,4.054054054054049,4.054054054054056
170,Die Grünen,250,19,0.0,0.0,6.220365101944048,0.0,0.0,7.657657657657663,1.7780938833570303,2.3115220483641536,8.997155049786635,1.3869132290184822,12.535561877667135,10.312944523470854,4.054054054054056,2.702702702702709,12.500000000000007,4.7297297297297405,8.783783783783782,13.175675675675684
5165,SPD,250,19,1.0,1.0,2.50118539592224,1.0,0.0,3.3783783783783767,0.9601706970128063,2.151493598862025,0.9423897581792318,1.8136557610241795,6.383357041251784,2.7560455192034112,0.6756756756756772,4.054054054054056,4.054054054054049,0.0,5.743243243243242,5.743243243243235
4424,Die Grünen,250,19,0.0,1.0,3.357633949739212,0.0,0.0,5.067567567567573,0.49786628733995997,3.1116642958748244,4.071834992887624,2.7027027027026946,6.685633001422481,3.0761024182076895,3.378378378378393,1.689189189189193,7.770270270270267,2.0270270270270316,9.459459459459467,6.081081081081088
4331,CDU,250,19,1.0,1.0,2.0803698435277362,1.0,0.0,2.027027027027028,3.0405405405405332,3.200568990042669,0.017780938833574567,0.4800853485063925,4.142958748221901,1.6002844950213486,1.689189189189186,1.3513513513513473,1.689189189189193,3.7162162162162176,2.3648648648648702,1.3513513513513544
4634,FDP,250,19,1.0,0.0,3.5858226647700326,1.0,1.0,1.914414414414414,3.840682788051211,2.2403982930298696,5.47652916073968,1.369132290184929,4.42745376955903,4.160739687055475,5.4054054054054035,0.0,0.3378378378378386,3.0405405405405332,1.3513513513513544,1.3513513513513544
4676,FDP,250,19,0.0,0.0,4.501541014698906,0.0,0.0,2.927927927927931,7.450213371266003,2.86273115220483,2.2403982930298625,9.512802275960176,4.818634423897571,0.12446657183499354,2.364864864864863,7.0945945945945965,1.689189189189193,3.0405405405405475,0.6756756756756772,2.702702702702709
2823,bunt.saar,250,19,1.0,0.0,4.966808914177334,1.0,1.0,0.957207207207207,2.489331436699864,4.374110953058306,6.77453769559034,4.285206258890469,6.009957325746797,5.8677098150782285,0.3378378378378386,0.0,2.3648648648648702,0.0,1.0135135135135016,2.0270270270270316
143,FDP,250,19,0.0,0.0,6.229255571360834,0.0,0.0,12.950450450450452,7.788051209103841,5.085348506401132,7.574679943100996,5.5476529160739645,4.374110953058327,7.005689900426745,7.432432432432435,8.445945945945944,15.878378378378379,7.0945945945945965,18.581081081081088,20.270270270270274
272,FDP,250,19,1.0,1.0,4.468942626837365,1.0,1.0,0.8445945945945917,6.596728307254629,7.0234708392603125,1.1024182076813673,2.3826458036984377,4.231863442389763,5.476529160739684,0.6756756756756701,0.6756756756756772,1.689189189189186,1.0135135135135016,0.0,1.0135135135135158
2473,CDU,250,19,1.0,1.0,3.45542911332385,1.0,1.0,1.4076576576576585,0.6934566145092447,0.8179231863442382,0.6756756756756772,9.192745376955905,7.254623044096725,2.0981507823613086,2.702702702702716,1.689189189189186,3.7162162162162176,0.0,0.3378378378378315,0.0
340,SPD,250,19,0.0,1.0,5.891417733523002,0.0,0.0,4.054054054054059,3.591749644381231,12.357752489331439,5.849928876244675,4.498577524893314,3.6806543385490826,5.369843527738269,0.6756756756756843,6.081081081081088,5.405405405405411,2.702702702702709,4.054054054054056,5.4054054054054035
3622,DIE LINKE,250,19,0.0,0.0,3.6984352773826443,1.0,0.0,3.772522522522524,4.694167852062591,2.2403982930298625,1.7780938833570303,6.152204836415365,5.1209103840682815,2.2048364153627347,3.7162162162162176,3.378378378378379,2.3648648648648702,3.7162162162162176,2.0270270270270245,7.432432432432435
2980,bunt.saar,250,19,0.0,0.0,8.022166903745848,1.0,1.0,1.85810810810811,4.054054054054056,4.17852062588905,13.620199146514935,5.565433854907539,10.295163584637258,10.419630156472252,1.689189189189186,2.0270270270270316,2.3648648648648702,1.3513513513513473,1.3513513513513544,2.3648648648648702
1623,CDU,250,19,1.0,0.0,6.006993835941201,1.0,0.0,2.7027027027027017,3.200568990042669,8.07254623044097,8.392603129445227,0.4800853485063925,11.415362731152207,4.480796586059739,2.3648648648648702,0.3378378378378457,4.054054054054042,0.6756756756756701,7.0945945945945965,1.689189189189186
3792,CDU,250,19,1.0,0.0,6.765647226173538,1.0,0.0,3.7162162162162162,4.498577524893307,5.494310099573248,4.17852062588905,6.845661450924595,11.557610241820775,8.019203413940254,5.067567567567565,1.3513513513513473,3.7162162162162176,2.0270270270270316,7.770270270270281,2.364864864864856
4969,Die Grünen,250,19,0.0,1.0,4.083688952110005,0.0,1.0,5.799549549549549,5.2275960170697005,2.3648648648648702,4.391891891891902,2.2403982930298696,7.876955903271693,2.400426742531991,8.445945945945958,1.0135135135135016,7.0945945945945965,9.121621621621621,4.054054054054049,5.067567567567565
4039,FDP,250,19,1.0,1.0,3.064248458985299,1.0,1.0,1.463963963963965,1.2446657183499354,1.1557610241820626,1.4580369843527734,2.720483641536269,11.130867709815078,0.6756756756756772,1.689189189189186,0.0,3.7162162162162176,2.3648648648648702,0.0,1.0135135135135158
811,CDU,250,19,1.0,1.0,3.040540540540538,0.0,0.0,4.617117117117118,1.9559032716927405,0.5512091038406766,2.187055476529153,6.632290184921764,4.996443812233295,1.9203413940255984,3.378378378378379,6.756756756756758,2.702702702702709,3.0405405405405475,6.418918918918912,5.4054054054054035
2494,Die Grünen,250,19,0.0,1.0,4.5045045045045,0.0,1.0,2.1959459459459425,2.293741109530586,8.01920341394026,4.818634423897564,3.200568990042669,6.845661450924595,1.8492176386913286,0.6756756756756772,0.3378378378378244,2.7027027027026946,2.364864864864863,2.3648648648648702,4.729729729729726
176,SPD,250,19,1.0,1.0,7.503556187766713,1.0,0.0,3.3220720720720727,5.4054054054054035,10.384068278805124,7.574679943100989,5.4409672830725455,8.285917496443822,7.930298719772395,2.364864864864863,5.067567567567565,0.6756756756756772,6.081081081081081,0.0,5.743243243243249
3269,Die Grünen,250,19,1.0,0.0,5.103129445234707,0.0,0.0,4.335585585585586,5.867709815078236,1.4935988620199083,1.6358463726884764,15.487197724039824,3.2539118065433854,2.880512091038412,2.364864864864863,5.067567567567565,4.391891891891902,4.391891891891888,5.743243243243249,4.054054054054049
795,bunt.saar,250,19,1.0,1.0,7.485775248933147,1.0,1.0,2.083333333333338,3.342816500711244,7.681365576102436,11.006401137980092,2.0981507823613086,13.264580369843529,7.521337126600272,0.0,0.6756756756756914,2.702702702702709,1.689189189189193,3.7162162162162247,3.7162162162162105
984,bunt.saar,250,19,0.0,0.0,4.5904457088667625,0.0,1.0,3.6036036036036045,1.1379800853485094,4.160739687055475,6.169985775248925,6.810099573257467,4.285206258890469,4.978662873399728,0.6756756756756772,3.7162162162162176,5.405405405405411,0.6756756756756772,7.0945945945945965,4.054054054054049
4195,bunt.saar,250,19,1.0,1.0,4.77121858700806,1.0,1.0,1.0135135135135087,1.404694167852064,5.334281650071112,4.285206258890469,2.080369843527734,9.868421052631575,5.654338549075405,1.3513513513513473,0.675675675675663,1.3513513513513544,1.0135135135135087,1.3513513513513544,0.3378378378378244
461,FDP,250,19,0.0,1.0,6.667852062588903,1.0,1.0,1.2387387387387363,3.3961593172119535,6.1877667140825,2.7738264580369787,8.55263157894737,9.192745376955898,9.903982930298717,1.0135135135135087,0.3378378378378244,1.3513513513513509,3.378378378378379,1.3513513513513544,0.0
2878,CDU,250,19,1.0,1.0,3.5146989094357495,1.0,0.0,1.9707207207207205,1.3157894736842124,7.69914651493599,2.5960170697012828,1.9203413940255984,5.156472261735409,2.400426742532005,2.7027027027026946,0.6756756756756701,1.689189189189193,3.378378378378379,2.702702702702709,0.6756756756756772
4998,FDP,250,19,1.0,1.0,4.4956140350877165,1.0,1.0,2.02702702702703,5.7610241820768096,2.1337126600284506,6.045519203413946,5.494310099573248,1.3869132290184893,6.152204836415358,3.0405405405405475,0.6756756756756772,2.0270270270270316,2.3648648648648702,2.0270270270270245,2.027027027027028
3765,bunt.saar,250,19,1.0,1.0,7.494665718349931,1.0,1.0,0.9009009009009029,4.587482219061165,4.9075391180654435,9.76173541963015,7.272403982930296,11.433143669985782,7.005689900426745,0.0,1.3513513513513473,0.0,2.0270270270270245,1.01351351351353,1.0135135135135158
4306,bunt.saar,250,19,1.0,1.0,2.4448790896159323,1.0,1.0,3.885135135135137,0.9423897581792318,6.436699857752494,0.3378378378378386,0.8712660028449477,5.5832147937411065,0.4978662873399742,3.0405405405405332,1.689189189189193,6.081081081081081,2.702702702702709,2.702702702702709,7.0945945945945965
299,SPD,250,19,1.0,0.0,6.451517306780464,1.0,0.0,4.335585585585587,0.426742532005683,9.263869132290182,11.16642958748222,4.889758179231862,6.027738264580378,6.934566145092461,0.6756756756756772,3.378378378378379,6.081081081081081,5.743243243243249,5.067567567567572,5.067567567567565
4169,CDU,250,19,1.0,0.0,4.2081555239449955,0.0,1.0,4.617117117117117,3.982930298719765,2.4537695590327147,7.503556187766712,4.054054054054049,0.3911806543385481,6.863442389758184,7.7702702702702595,1.689189189189193,2.0270270270270316,12.499999999999993,1.0135135135135158,2.702702702702709
1565,FDP,250,19,1.0,1.0,4.142958748221904,1.0,1.0,3.096846846846848,5.1031294452347,0.5867709815078257,3.8584637268847786,4.018492176386907,11.024182076813652,0.26671408250356166,5.743243243243249,1.0135135135135158,1.3513513513513544,8.108108108108098,1.3513513513513544,1.0135135135135158
3002,Die Grünen,250,19,0.0,1.0,3.1027738264580385,0.0,1.0,5.1801801801801775,4.463015647226179,4.214082503556185,3.591749644381224,3.9651493598862118,1.6714082503556114,0.7112375533428192,6.756756756756758,6.081081081081081,1.0135135135135087,3.0405405405405475,6.081081081081074,8.108108108108098
964,FDP,250,19,1.0,1.0,5.778805120910383,0.0,1.0,2.815315315315312,2.6671408250355597,2.5960170697012828,10.810810810810814,0.9246088193456643,7.734708392603125,9.939544807965852,4.054054054054042,3.378378378378379,0.0,5.405405405405411,2.7027027027026946,1.3513513513513473
4724,bunt.saar,250,19,0.0,1.0,5.322427690848747,0.0,0.0,1.0135135135135147,0.8534850640113874,2.418207681365587,8.659317211948796,2.6671408250355597,8.943812233285918,8.392603129445234,0.6756756756756701,0.3378378378378386,0.6756756756756914,0.3378378378378386,1.3513513513513402,2.702702702702709
1721,bunt.saar,250,19,1.0,1.0,5.470602181128496,1.0,1.0,1.689189189189192,1.618065433854909,6.276671408250358,9.477240398293027,5.1209103840682815,4.107396870554766,6.223328591749635,1.689189189189186,1.013513513513523,1.0135135135135158,5.405405405405411,0.6756756756756772,0.3378378378378386
407,FDP,250,19,1.0,0.0,2.5337837837837847,1.0,0.0,3.7162162162162176,4.12517780938834,0.32005689900427114,2.6493598862019923,2.400426742531998,3.342816500711244,2.364864864864863,1.0135135135135158,2.364864864864863,3.378378378378379,2.0270270270270316,7.432432432432435,6.081081081081081
83,FDP,250,19,1.0,0.0,2.216690374585108,0.0,0.0,3.3783783783783803,1.689189189189186,0.9068278805120897,1.4402560455191917,0.7467994310099471,4.409672830725462,4.107396870554773,0.6756756756756772,0.3378378378378457,5.743243243243242,3.0405405405405332,3.7162162162162176,6.756756756756765
2212,bunt.saar,250,19,1.0,0.0,6.650071123755338,1.0,1.0,2.7027027027027053,1.5291607396870575,0.4445234708392718,12.215504978662878,7.432432432432435,13.83357041251778,4.445234708392604,4.054054054054056,3.378378378378372,3.0405405405405475,3.378378378378386,0.6756756756756772,1.689189189189193
3686,FDP,250,19,1.0,0.0,3.8910621147463225,1.0,1.0,1.6328828828828807,6.632290184921764,0.10668563300141898,7.112375533428157,2.5248933143669916,1.7425320056899025,5.2275960170697005,1.013513513513523,3.0405405405405332,1.0135135135135087,1.0135135135135016,2.0270270270270245,1.689189189189193
3510,Die Grünen,250,19,0.0,0.0,5.159435751541014,1.0,1.0,0.6193693693693673,6.294452347083926,2.6849217638691343,5.761024182076817,1.546941678520632,9.281650071123742,5.387624466571829,1.0135135135135087,0.675675675675663,0.0,0.0,1.0135135135135158,1.0135135135135158
1883,Die Grünen,250,19,1.0,1.0,4.480796586059745,1.0,0.0,2.2522522522522515,3.627311522048373,4.480796586059739,4.0362731152204745,1.546941678520632,7.201280227596023,5.992176386913229,2.702702702702709,4.054054054054049,2.0270270270270245,1.3513513513513473,1.013513513513523,2.364864864864856
4290,FDP,250,19,1.0,0.0,4.928283546704601,1.0,1.0,3.2094594594594597,9.174964438122338,5.93883357041252,1.3513513513513473,6.7745376955903325,0.8179231863442382,5.51209103840683,0.6756756756756701,2.0270270270270245,4.729729729729733,1.689189189189193,6.081081081081081,4.054054054054056
429,FDP,250,19,1.0,1.0,2.3204125177809396,1.0,1.0,0.675675675675676,3.7517780938833525,0.4445234708392647,2.4537695590327147,0.8890469416785294,1.76031294452347,4.623044096728307,1.3513513513513544,0.6756756756756701,0.6756756756756772,1.0135135135135158,0.3378378378378386,0.0
668,bunt.saar,250,19,1.0,1.0,4.587482219061168,1.0,1.0,2.08333333333333,4.409672830725462,4.80085348506401,2.6493598862019923,5.583214793741114,4.889758179231862,5.1920341394025655,1.689189189189186,1.0135135135135158,3.7162162162162247,1.0135135135135087,4.729729729729719,0.3378378378378244
921,CDU,250,19,1.0,1.0,4.590445708866761,0.0,0.0,11.542792792792794,1.973684210526315,5.88549075391181,6.401137980085352,3.805120910384062,5.7610241820768096,3.7162162162162176,2.3648648648648702,9.121621621621621,16.216216216216218,8.108108108108112,14.189189189189186,19.25675675675675
2259,DIE LINKE,250,19,0.0,1.0,3.9355144618302518,1.0,0.0,6.813063063063062,1.4224751066856385,3.09388335704125,1.3869132290184893,4.747510668563301,8.214793741109531,4.747510668563301,3.7162162162162176,8.108108108108098,10.472972972972975,2.0270270270270245,10.472972972972975,6.081081081081081
1077,FDP,250,19,0.0,1.0,3.7073257467994316,0.0,1.0,2.7590090090090094,3.1116642958748244,0.5156472261735487,2.7382645803698438,2.6315789473684177,11.290896159317214,1.9559032716927405,0.0,4.729729729729726,2.702702702702709,2.7027027027026946,3.0405405405405475,3.378378378378379
358,Die Grünen,250,19,0.0,0.0,7.059032716927457,1.0,1.0,1.2950450450450468,2.080369843527741,5.45874822190612,10.864153627311524,3.7162162162162176,8.854907539118074,11.379800853485065,1.0135135135135087,2.3648648648648702,1.0135135135135158,1.013513513513523,0.3378378378378315,2.0270270270270316
3811,bunt.saar,250,19,1.0,1.0,3.5295163584637272,1.0,1.0,1.8018018018018047,3.2183499288762576,0.7645803698435287,2.1692745376955855,2.8271692745377024,9.281650071123742,2.916073968705547,1.3513513513513615,1.6891891891891788,2.3648648648648702,1.0135135135135158,2.702702702702709,1.689189189189193
3361,CDU,250,19,1.0,0.0,4.575628259838787,1.0,1.0,10.979729729729732,0.4800853485063925,1.4935988620199154,7.361308677098158,0.9779516358463738,7.965860597439544,9.174964438122338,7.432432432432435,9.797297297297298,12.5,10.135135135135144,15.54054054054054,10.472972972972975
2095,bunt.saar,250,19,1.0,0.0,3.212422949265052,1.0,1.0,2.1396396396396384,1.9559032716927405,0.12446657183498644,4.67638691322901,4.071834992887624,6.561166429587473,1.8847795163584777,0.6756756756756772,0.3378378378378244,3.0405405405405475,0.6756756756756701,4.054054054054049,4.054054054054063
1990,CDU,250,19,1.0,0.0,5.331318160265529,1.0,0.0,3.040540540540539,4.996443812233288,4.42745376955903,3.4317211948790884,5.921052631578952,9.83285917496444,3.378378378378379,1.3513513513513402,1.0135135135135158,3.7162162162162176,2.7027027027026946,7.0945945945945965,2.3648648648648702
3468,Die Grünen,250,19,1.0,1.0,3.597676623992412,1.0,1.0,4.110360360360354,0.21337126600283796,3.9295874822190555,3.8762446657183602,1.689189189189186,8.748221906116648,3.1294452347083848,4.391891891891888,2.0270270270270245,6.418918918918905,3.0405405405405332,4.391891891891888,4.391891891891888
2767,SPD,250,19,1.0,0.0,3.9473684210526336,1.0,0.0,2.25225225225226,0.16002844950213557,0.5867709815078399,8.303698435277383,1.3869132290184822,4.17852062588905,9.068278805120912,1.689189189189193,1.3513513513513686,1.01351351351353,2.0270270270270174,5.743243243243256,1.689189189189193
5095,FDP,250,19,1.0,1.0,3.4554291133238486,1.0,1.0,3.3220720720720713,1.9559032716927476,1.618065433854909,5.778805120910384,3.182788051209087,7.02347083926032,1.1735419630156443,2.0270270270270174,1.3513513513513615,4.729729729729733,7.432432432432421,2.702702702702709,1.689189189189186
4686,CDU,250,19,1.0,0.0,6.424845898530109,1.0,0.0,2.7027027027026995,0.5867709815078399,7.325746799431009,3.1827880512090942,11.397581792318633,8.410384068278809,7.645803698435273,4.054054054054042,0.3378378378378386,4.391891891891888,2.364864864864863,0.3378378378378386,4.729729729729726
3545,CDU,250,19,1.0,1.0,3.253911806543384,1.0,0.0,2.308558558558557,1.3869132290184822,5.743243243243242,1.8847795163584706,0.03556187766713492,7.130156472261731,3.342816500711244,0.6756756756756772,0.6756756756756701,3.7162162162162176,2.7027027027026946,4.054054054054049,2.0270270270270316
712,Die Grünen,250,19,1.0,1.0,5.381697486960644,1.0,1.0,1.6891891891891906,2.3826458036984306,2.738264580369851,3.1116642958748173,4.871977240398294,9.619487908961588,9.566145092460886,0.6756756756756772,0.0,1.689189189189193,0.0,2.3648648648648702,5.4054054054054035
1763,bunt.saar,250,19,0.0,0.0,6.537458511142719,1.0,1.0,0.675675675675676,4.160739687055475,4.089615931721191,2.791607396870546,0.2844950213371291,17.834281650071112,10.06401137980086,0.6756756756756701,0.6756756756756772,0.3378378378378386,0.6756756756756772,0.3378378378378386,1.3513513513513544
2651,bunt.saar,250,19,1.0,1.0,2.7767899478425804,1.0,1.0,2.1396396396396384,3.3961593172119535,0.9246088193456643,2.6671408250355597,3.0405405405405403,5.51209103840683,1.1201991465149348,2.0270270270270316,5.067567567567565,1.689189189189186,1.0135135135135158,2.0270270270270316,1.0135135135135016
586,FDP,250,19,1.0,0.0,3.141299193930776,0.0,0.0,4.222972972972973,5.867709815078236,6.685633001422481,0.7112375533428192,2.5960170697012828,2.9694167852062634,0.017780938833574567,0.0,3.378378378378379,5.743243243243242,1.689189189189193,8.108108108108105,6.418918918918919
970,CDU,250,19,1.0,0.0,3.9592223802750155,1.0,1.0,3.997747747747747,3.485064011379805,1.973684210526315,1.653627311522051,8.712660028449513,5.369843527738269,2.5604551920341407,5.067567567567565,4.054054054054056,4.054054054054056,1.0135135135135087,3.378378378378379,6.418918918918919
4544,CDU,250,19,1.0,1.0,3.0049786628733997,0.0,1.0,1.1261261261261264,2.6849217638691343,3.271692745376953,4.302987197724036,3.876244665718353,1.4580369843527734,2.435988620199147,3.7162162162162176,0.3378378378378315,0.3378378378378386,1.6891891891892001,0.0,0.6756756756756701
4158,DIE LINKE,250,19,1.0,0.0,5.07053105737316,0.0,1.0,1.689189189189192,9.03271692745377,3.5384068278805074,4.623044096728307,4.445234708392597,5.067567567567565,3.7162162162162176,0.0,2.7027027027027017,1.0135135135135158,1.013513513513523,2.3648648648648702,3.0405405405405403
1934,FDP,250,19,1.0,1.0,4.673423423423421,1.0,1.0,2.6463963963963963,7.645803698435266,4.054054054054049,6.899004267425319,2.2048364153627347,7.04125177809388,0.1955903271692776,2.0270270270270245,1.0135135135135158,5.405405405405407,0.3378378378378386,4.054054054054049,3.040540540540544
1331,SPD,250,19,0.0,1.0,7.382053105737314,0.0,0.0,10.754504504504505,3.165007112375541,0.4800853485063925,12.926742532005676,6.152204836415365,13.140113798008535,8.428165007112376,4.391891891891895,5.405405405405411,15.202702702702702,7.0945945945945965,20.270270270270267,12.162162162162168
3492,SPD,250,19,0.0,0.0,5.283902323376008,0.0,1.0,0.7882882882882853,0.40896159317212266,0.23115220483641963,11.113086770981518,1.2980085348506378,10.810810810810807,7.841394025604544,2.0270270270270245,0.3378378378378386,0.675675675675663,1.0135135135135087,0.3378378378378386,0.3378378378378386
4393,CDU,250,19,1.0,0.0,3.6243480322427692,1.0,0.0,2.2522522522522537,4.391891891891902,0.37339971550497353,3.733997155049785,6.525604551920338,0.7112375533428192,6.009957325746797,1.6891891891892072,4.729729729729726,3.7162162162162176,0.0,1.0135135135135087,2.364864864864863
2247,CDU,250,19,0.0,1.0,2.430061640587958,0.0,0.0,4.842342342342342,3.627311522048373,1.2091038406827934,2.809388335704128,1.2802275960170704,5.28093883357041,0.37339971550497353,4.054054054054056,6.081081081081088,7.0945945945945965,2.3648648648648702,4.729729729729726,4.729729729729719
550,Die Grünen,250,19,1.0,0.0,4.848269321953531,0.0,1.0,0.6756756756756749,0.07112375533427695,3.1472261735419664,6.169985775248932,1.9914651493598896,11.895448079658607,5.814366998577512,0.3378378378378386,0.6756756756756772,0.3378378378378386,0.3378378378378386,0.675675675675663,1.689189189189193
4964,FDP,250,19,1.0,0.0,7.31981981981982,1.0,0.0,3.2094594594594583,2.471550497866282,10.56187766714082,8.232574679943106,1.2091038406827863,12.891180654338555,8.55263157894737,4.054054054054056,1.3513513513513473,2.0270270270270245,3.378378378378372,3.378378378378386,5.067567567567565
598,CDU,250,19,1.0,1.0,1.253556187766712,1.0,1.0,1.9144144144144128,1.3869132290184822,2.080369843527741,0.9601706970127921,0.46230440967283215,2.009246088193457,0.6223328591749677,2.364864864864856,0.6756756756756772,0.6756756756756843,5.067567567567565,1.0135135135135087,1.689189189189186
4688,bunt.saar,250,19,1.0,0.0,6.433736367946897,1.0,1.0,0.4504504504504479,3.165007112375541,7.912517780938828,5.334281650071119,2.7916073968705533,13.033428165007123,6.365576102418217,0.3378378378378315,0.3378378378378386,0.6756756756756772,0.3378378378378386,0.3378378378378386,0.675675675675663
1505,CDU,250,19,0.0,1.0,3.7873399715504994,1.0,1.0,2.59009009009009,5.938833570412527,0.9957325746799484,3.378378378378379,10.50853485064011,1.5647226173541924,0.3378378378378386,2.364864864864863,5.743243243243249,2.364864864864863,2.364864864864863,0.3378378378378457,2.364864864864856
4455,Die Grünen,250,19,0.0,0.0,4.498577524893318,0.0,0.0,1.6891891891891848,0.07112375533427695,11.78876244665718,2.275960170697026,1.475817923186355,6.863442389758184,4.516358463726888,3.0405405405405332,2.7027027027026946,0.6756756756756701,2.0270270270270174,1.0135135135135087,0.6756756756756843
3714,bunt.saar,250,19,1.0,1.0,2.400426742532003,1.0,1.0,3.040540540540539,2.987197724039838,0.7467994310099471,3.4139402560455068,1.404694167852064,2.044807965860599,3.805120910384062,3.378378378378372,2.0270270270270316,2.0270270270270316,3.7162162162162176,3.0405405405405332,4.054054054054049
1502,FDP,250,19,1.0,1.0,4.59637268847795,1.0,1.0,1.9707207207207216,6.1877667140825,5.707681365576107,3.236130867709811,5.95661450924608,3.3961593172119535,3.09388335704125,3.378378378378379,3.378378378378372,1.0135135135135158,0.0,1.3513513513513615,2.7027027027027017
1236,DIE LINKE,250,19,1.0,1.0,2.7353010905642505,0.0,1.0,1.9707207207207194,4.320768136557611,0.23115220483641963,0.12446657183498644,2.0270270270270316,9.032716927453777,0.6756756756756772,1.0135135135135087,2.364864864864856,4.391891891891888,0.0,1.0135135135135158,3.0405405405405475
3921,FDP,250,19,1.0,1.0,6.537458511142721,1.0,1.0,1.6328828828828883,3.840682788051211,5.085348506401132,5.689900426742533,11.290896159317214,4.534139402560456,8.783783783783782,1.3513513513513615,1.689189189189193,0.6756756756756772,0.3378378378378528,3.7162162162162176,2.027027027027028
2031,FDP,250,19,1.0,1.0,2.4863679468942643,1.0,0.0,1.9707207207207194,0.5867709815078399,1.76031294452347,3.982930298719772,4.729729729729726,0.23115220483641252,3.627311522048366,1.689189189189186,1.689189189189186,3.0405405405405332,1.0135135135135158,2.7027027027027017,1.689189189189193
3889,bunt.saar,250,19,0.0,0.0,4.163703176861076,1.0,0.0,3.885135135135132,3.058321479374115,6.472261735419629,2.809388335704128,0.3378378378378386,8.054765291607403,4.249644381223341,0.6756756756756772,1.689189189189186,6.418918918918919,0.3378378378378386,7.432432432432421,6.756756756756751
1921,FDP,250,19,1.0,1.0,3.8169748696064487,1.0,1.0,3.4909909909909884,6.223328591749642,0.35561877667140607,2.489331436699864,2.631578947368425,3.058321479374108,8.143669985775247,1.0135135135135087,5.4054054054054035,3.0405405405405403,3.7162162162162105,3.378378378378379,4.391891891891888
196,Die Grünen,250,19,1.0,0.0,5.097202465623522,1.0,1.0,4.729729729729731,0.46230440967283215,7.21906116642959,2.3826458036984377,1.0846372688477928,11.94879089615933,7.485775248933152,3.0405405405405403,2.364864864864863,7.7702702702702595,2.7027027027027017,5.743243243243249,6.756756756756772
2710,FDP,250,19,0.0,0.0,5.091275486012329,1.0,0.0,2.7590090090090107,6.507823613086771,0.12446657183499354,5.298719772403977,7.23684210526315,6.881223328591759,4.498577524893321,1.689189189189186,1.3513513513513473,3.378378378378379,1.689189189189193,6.756756756756765,1.689189189189193
2990,FDP,250,19,1.0,0.0,5.443930772878144,0.0,0.0,1.689189189189187,4.996443812233295,5.45874822190612,7.432432432432435,1.262446657183503,8.445945945945944,5.067567567567565,1.689189189189186,0.3378378378378386,3.0405405405405332,0.0,2.0270270270270245,3.0405405405405403
1489,CDU,250,19,1.0,0.0,5.156472261735416,1.0,0.0,4.673423423423421,9.815078236130873,2.7560455192034112,6.845661450924595,0.4800853485063925,1.9559032716927405,9.086059743954486,6.0810810810810665,3.0405405405405475,5.067567567567565,5.743243243243242,2.7027027027027017,5.4054054054054035
2236,FDP,250,19,0.0,1.0,5.005334281650074,1.0,1.0,3.603603603603601,3.022759601706973,5.45874822190612,8.819345661450924,3.7339971550497992,8.80156472261735,0.1955903271692776,0.3378378378378386,0.6756756756756701,6.081081081081088,0.3378378378378244,8.783783783783782,5.4054054054054035
2149,bunt.saar,250,19,0.0,0.0,4.421526789947838,0.0,1.0,1.3513513513513484,3.3605974395447973,6.436699857752494,5.156472261735409,0.21337126600283796,5.4765291607396875,5.885490753911803,3.0405405405405332,1.0135135135135087,0.6756756756756772,2.0270270270270174,1.0135135135135158,0.3378378378378386
726,Die Grünen,250,19,1.0,1.0,7.50059269796112,1.0,1.0,1.0135135135135147,1.9914651493598896,4.925320056899011,9.370554765291615,3.4317211948790884,15.078236130867701,10.206258890469414,0.3378378378378386,1.0135135135135087,1.0135135135135158,0.6756756756756772,2.0270270270270316,1.0135135135135158
1202,bunt.saar,250,19,1.0,0.0,7.45910384068279,1.0,0.0,2.7590090090090094,5.494310099573255,7.805832147937416,6.685633001422488,0.6045519203413932,16.073968705547657,8.09032716927453,3.0405405405405403,0.3378378378378386,3.7162162162162247,2.0270270270270174,3.7162162162162105,3.7162162162162247
1788,SPD,250,19,0.0,0.0,7.331673779042201,1.0,0.0,2.4211711711711743,4.356330014224753,2.8982930298719793,7.752489331436699,0.7645803698435216,16.678520625889057,11.539829302987194,2.364864864864863,1.013513513513523,2.0270270270270316,2.7027027027027017,3.378378378378386,3.0405405405405403
798,CDU,250,19,1.0,1.0,3.876244665718346,1.0,1.0,1.4076576576576574,3.2539118065433854,5.885490753911803,1.724751066856328,3.8584637268847715,5.352062588904694,3.1827880512090942,1.689189189189186,1.3513513513513473,3.0405405405405475,1.3513513513513473,1.0135135135135158,0.0
2477,FDP,250,19,1.0,1.0,6.128496917970601,1.0,1.0,1.1261261261261268,10.099573257467995,1.8492176386913144,3.591749644381217,2.809388335704128,5.3342816500711265,13.086770981507826,0.3378378378378386,1.3513513513513473,1.3513513513513544,0.6756756756756772,2.0270270270270316,1.0135135135135123
1286,DIE LINKE,250,19,1.0,0.0,5.784732100521573,0.0,1.0,2.871621621621621,10.988620199146517,2.631578947368425,2.293741109530579,7.46799431009957,9.477240398293027,1.8492176386913215,3.7162162162162176,2.0270270270270316,3.378378378378372,1.689189189189186,2.3648648648648702,4.054054054054049
5097,Die Grünen,250,19,1.0,0.0,6.15516832622096,1.0,0.0,4.5045045045045,2.3648648648648702,2.435988620199147,1.5469416785206391,7.841394025604544,15.469416785206263,7.2724039829302995,4.054054054054042,5.4054054054054035,4.729729729729726,5.405405405405411,3.0405405405405332,4.391891891891888
4659,FDP,250,19,1.0,1.0,5.817330488383118,1.0,1.0,1.6328828828828847,8.926031294452343,9.068278805120912,4.551920341394023,1.6714082503556114,2.1692745376955926,8.517069701280228,2.7027027027027017,2.0270270270270316,2.7027027027027017,0.3378378378378386,1.3513513513513544,0.6756756756756808
4919,CDU,250,19,1.0,0.0,4.436344238975818,1.0,1.0,3.6599099099099113,2.471550497866289,6.490042674253203,2.8271692745377024,4.267425320056894,8.036984352773828,2.5248933143669916,1.0135135135135158,3.378378378378379,4.7297297297297405,1.3513513513513473,6.418918918918919,5.067567567567565
3368,bunt.saar,250,19,1.0,1.0,1.846254148885727,0.0,0.0,1.8581081081081088,1.5647226173541924,2.9694167852062563,0.37339971550498063,1.1735419630156443,3.9118065433855023,1.0846372688477857,3.0405405405405403,0.6756756756756772,0.3378378378378457,2.702702702702709,1.3513513513513473,3.0405405405405332
2840,Die Grünen,250,19,1.0,0.0,4.830488383119963,1.0,1.0,1.9144144144144164,2.2048364153627347,3.7873399715504945,4.338549075391185,2.560455192034155,5.867709815078236,10.224039829302974,0.6756756756756772,2.0270270270270316,2.0270270270270316,2.0270270270270316,3.0405405405405403,1.689189189189186
2978,bunt.saar,250,19,1.0,1.0,4.142958748221908,1.0,1.0,3.1531531531531507,1.3513513513513473,0.0,4.587482219061172,7.503556187766712,7.290184921763881,4.125177809388333,2.0270270270270316,1.3513513513513473,6.756756756756758,1.3513513513513473,4.054054054054049,3.378378378378372
2789,bunt.saar,250,19,1.0,0.0,3.1264817449027937,1.0,1.0,7.1509009009009,2.7560455192034112,1.3157894736842124,2.187055476529153,4.142958748221908,4.996443812233288,3.36059743954479,4.391891891891888,6.418918918918919,7.432432432432435,5.743243243243249,10.472972972972968,8.445945945945937
329,Die Grünen,250,19,0.0,1.0,6.481152204836413,0.0,0.0,2.7590090090090116,3.769559032716927,6.685633001422481,6.525604551920338,4.729729729729726,11.308677098150774,5.867709815078236,0.3378378378378457,1.689189189189186,2.3648648648648702,4.054054054054049,3.7162162162162176,4.391891891891902
2217,FDP,250,19,0.0,0.0,5.3461356092935075,1.0,1.0,1.7454954954954947,0.1955903271692847,7.3968705547653,4.67638691322901,7.21906116642959,5.725462304409675,6.863442389758184,2.3648648648648702,0.3378378378378244,2.702702702702709,1.0135135135135087,1.013513513513523,3.0405405405405332
1953,FDP,250,19,1.0,1.0,4.320768136557613,1.0,1.0,2.1396396396396375,3.2183499288762576,7.04125177809388,0.9957325746799484,2.9338549075391143,7.290184921763874,4.445234708392604,2.7027027027026946,4.729729729729726,0.0,1.0135135135135158,0.3378378378378315,4.054054054054056
4247,FDP,250,19,1.0,1.0,1.2802275960170693,1.0,1.0,1.7454954954954947,0.03556187766713492,3.236130867709818,1.76031294452347,0.017780938833574567,0.4445234708392647,2.187055476529153,3.0405405405405403,1.0135135135135087,0.6756756756756701,4.729729729729726,0.6756756756756772,0.3378378378378457
3772,CDU,250,19,0.0,0.0,4.602299668089143,0.0,0.0,1.8018018018018023,3.0049786628734054,7.574679943100989,2.951635846372696,5.174253200568991,7.894736842105267,1.0135135135135087,2.7027027027027017,2.3648648648648702,1.3513513513513473,1.0135135135135158,2.3648648648648702,1.0135135135135087
3752,bunt.saar,250,19,1.0,1.0,1.3098624940730221,1.0,1.0,5.912162162162164,4.338549075391185,0.03556187766713492,0.16002844950213557,0.4445234708392647,2.578236130867708,0.3022759601707037,3.378378378378386,0.3378378378378457,10.810810810810807,6.081081081081074,7.0945945945945965,7.770270270270274
3557,Die Grünen,250,19,0.0,0.0,5.808440018966336,0.0,0.0,2.1959459459459474,1.262446657183503,10.11735419630157,6.970128022759603,3.1116642958748244,9.192745376955905,4.19630156472261,2.3648648648648702,0.3378378378378386,2.702702702702709,2.7027027027027017,3.378378378378379,1.689189189189186
4640,Die Grünen,250,19,0.0,0.0,7.512446657183497,1.0,0.0,3.7162162162162105,3.0049786628733983,2.951635846372696,12.393314366998567,5.45874822190612,9.672830725462298,11.593172119487903,2.7027027027026946,1.0135135135135087,6.0810810810810665,4.391891891891895,3.0405405405405332,5.067567567567565
1458,FDP,250,19,1.0,1.0,4.7652916073968745,1.0,1.0,4.786036036036035,1.8847795163584706,9.174964438122338,3.5028449502133725,3.2894736842105345,6.027738264580371,4.711948790896159,3.7162162162162176,4.054054054054056,5.4054054054054035,4.729729729729726,5.743243243243242,5.067567567567565
127,FDP,250,19,0.0,0.0,2.598980559506874,1.0,1.0,1.6891891891891895,0.3378378378378386,0.8179231863442382,1.6714082503556185,5.618776671408241,2.578236130867701,4.569701280227605,2.0270270270270316,1.689189189189186,1.3513513513513473,1.689189189189186,2.364864864864863,1.013513513513523
173,bunt.saar,250,19,0.0,0.0,5.1742532005689945,1.0,1.0,2.5337837837837847,2.987197724039838,2.3115220483641536,1.2802275960170704,4.80085348506401,14.580369843527748,5.0853485064011466,4.054054054054063,3.7162162162162247,3.378378378378372,0.3378378378378386,2.7027027027026946,1.0135135135135158
1667,FDP,250,19,0.0,0.0,5.977358937885255,0.0,1.0,2.1396396396396384,1.653627311522051,6.56116642958748,1.7780938833570303,7.948079658605984,7.82361308677099,10.099573257467995,3.378378378378372,0.6756756756756772,2.7027027027026946,1.3513513513513544,3.7162162162162176,1.0135135135135158
4725,bunt.saar,250,19,1.0,0.0,4.29706021811285,1.0,1.0,1.85810810810811,3.1827880512090942,3.52062588904694,7.467994310099577,3.2539118065433854,6.418918918918919,1.9381223328591801,1.0135135135135087,3.378378378378386,1.0135135135135158,1.689189189189186,3.0405405405405475,1.0135135135135158
5196,SPD,250,19,1.0,1.0,6.955310573731626,1.0,1.0,1.4639639639639637,2.5426742532005733,4.267425320056894,13.549075391180658,3.022759601706966,10.704125177809388,7.645803698435273,1.0135135135135158,0.3378378378378386,2.3648648648648702,0.3378378378378315,3.378378378378386,1.3513513513513402
3390,FDP,250,19,1.0,0.0,2.059625414888577,1.0,0.0,3.7162162162162176,5.814366998577526,2.1337126600284577,0.9601706970128063,0.8712660028449477,2.3826458036984377,0.1955903271692847,0.3378378378378386,2.7027027027026946,8.445945945945951,2.0270270270270316,4.391891891891895,4.391891891891895
1751,bunt.saar,250,19,1.0,1.0,5.144618302513039,1.0,0.0,2.6463963963963955,5.565433854907539,6.116642958748223,3.5028449502133725,4.42745376955903,6.13442389758179,5.1209103840682815,3.378378378378386,4.391891891891888,2.364864864864863,2.7027027027027017,0.0,3.0405405405405332
3668,CDU,250,19,1.0,0.0,1.5054528212422926,1.0,0.0,6.86936936936937,0.35561877667140607,1.511379800853483,1.3157894736842124,0.9068278805120897,3.449502133712656,1.4935988620199083,2.7027027027027017,7.432432432432435,7.432432432432435,3.0405405405405403,9.45945945945946,11.148648648648646
3683,DIE LINKE,250,19,1.0,0.0,2.8805120910384034,0.0,1.0,4.279279279279276,0.4800853485063925,2.6671408250355597,4.729729729729726,3.5028449502133725,1.3869132290184822,4.516358463726888,2.364864864864863,1.0135135135135087,6.756756756756765,2.0270270270270174,9.121621621621614,4.391891891891888
3786,bunt.saar,250,19,0.0,0.0,5.900308202939782,0.0,1.0,2.195945945945945,8.339260312944525,3.6806543385490826,2.8449502133712556,11.059743954480801,6.810099573257467,2.6671408250355597,2.0270270270270174,4.391891891891902,0.3378378378378386,3.7162162162162176,0.3378378378378386,2.364864864864856
5079,bunt.saar,250,19,1.0,0.0,5.959577999051683,1.0,1.0,1.632882882882883,2.2403982930298625,2.809388335704128,7.610241820768138,3.6450924608819406,15.433854907539114,4.018492176386914,0.3378378378378244,2.7027027027026946,0.3378378378378386,0.3378378378378457,4.391891891891888,1.6891891891892072
519,CDU,250,19,1.0,0.0,3.8703176861071618,1.0,0.0,1.8018018018018058,1.3157894736842124,5.192034139402573,3.485064011379805,7.46799431009957,4.054054054054056,1.7069701280227534,3.378378378378372,4.391891891891902,1.013513513513523,1.013513513513523,0.3378378378378386,0.6756756756756772
40,bunt.saar,250,19,0.0,0.0,4.119250829777145,0.0,1.0,2.1959459459459474,5.707681365576107,2.8982930298719793,3.200568990042669,4.267425320056894,2.6493598862019923,5.992176386913229,3.0405405405405475,3.0405405405405475,3.0405405405405403,1.0135135135135158,3.0405405405405332,0.0
3340,Die Grünen,250,19,0.0,0.0,5.476529160739694,1.0,0.0,2.4774774774774713,3.733997155049792,3.7162162162162105,6.365576102418217,4.463015647226179,7.290184921763881,7.290184921763881,0.6756756756756701,0.6756756756756772,3.7162162162161962,1.0135135135135087,5.4054054054054035,3.378378378378372
2730,FDP,250,19,1.0,1.0,4.771218587008064,1.0,1.0,2.364864864864868,5.0853485064011394,3.485064011379805,6.934566145092472,4.605263157894733,7.2368421052631575,1.2802275960170775,2.0270270270270316,0.3378378378378386,4.7297297297297405,1.0135135135135087,2.7027027027027017,3.378378378378386
994,Die Grünen,250,19,1.0,0.0,5.174253200568992,1.0,0.0,3.6036036036036045,0.07112375533427695,4.978662873399728,4.249644381223334,1.582503556187767,13.975817923186348,6.1877667140825,5.067567567567579,0.0,2.7027027027026946,4.729729729729733,5.067567567567572,4.054054054054049
1729,Die Grünen,250,19,0.0,1.0,2.4952584163110543,1.0,1.0,2.5900900900900914,2.489331436699864,1.6002844950213486,1.3513513513513473,2.7382645803698438,1.475817923186355,5.316500711237566,1.3513513513513544,0.3378378378378386,3.7162162162162176,1.3513513513513473,5.067567567567565,3.7162162162162247
4289,SPD,250,19,0.0,0.0,6.338904694167854,0.0,0.0,2.3648648648648716,1.8847795163584706,7.432432432432435,11.36201991465149,4.445234708392597,9.797297297297305,3.1116642958748244,0.3378378378378386,1.013513513513523,4.054054054054063,2.702702702702709,3.0405405405405475,3.0405405405405475
2195,Die Grünen,250,19,1.0,0.0,6.327050734945479,1.0,1.0,3.4909909909909884,2.3826458036984377,1.4580369843527734,7.343527738264598,3.44950213371267,13.086770981507833,10.241820768136563,0.3378378378378457,4.391891891891895,4.729729729729726,3.7162162162162176,5.743243243243228,2.0270270270270174
3087,CDU,250,19,1.0,0.0,3.4524656235182563,0.0,0.0,7.038288288288292,5.565433854907546,3.8229018492176436,3.058321479374115,5.583214793741114,2.471550497866282,0.21337126600283796,0.6756756756756843,9.797297297297305,8.108108108108105,9.121621621621621,5.743243243243249,8.783783783783782
781,Die Grünen,250,19,0.0,1.0,3.82290184921764,0.0,1.0,2.4774774774774806,0.46230440967283215,2.738264580369851,4.765291607396868,1.4224751066856243,4.854196301564727,8.694879089615938,1.3513513513513473,0.6756756756756914,1.3513513513513544,3.0405405405405332,4.729729729729733,3.7162162162162247
2637,CDU,250,19,0.0,0.0,4.691204362256992,1.0,1.0,0.8445945945945953,6.241109530583209,7.5924608819345565,1.902560455192038,11.397581792318633,0.9246088193456643,0.08890469416785152,0.0,1.0135135135135087,0.6756756756756843,2.7027027027027017,0.0,0.6756756756756772
1049,CDU,250,19,1.0,0.0,4.258534850640115,1.0,0.0,2.252252252252253,3.9651493598862118,1.2091038406827934,4.391891891891895,8.819345661450917,4.960881934566139,2.2048364153627347,4.7297297297297405,1.3513513513513615,0.6756756756756772,2.364864864864856,1.689189189189186,2.7027027027026946
4733,CDU,250,19,0.0,0.0,6.578947368421052,1.0,0.0,1.9707207207207194,6.827880512091042,9.192745376955898,1.0668563300142253,12.339971550497864,7.663584637268848,2.3826458036984377,1.0135135135135087,3.0405405405405475,0.6756756756756772,2.0270270270270174,4.054054054054056,1.0135135135135087
2778,bunt.saar,250,19,0.0,0.0,4.507467994310101,0.0,0.0,2.7590090090090094,3.4317211948790884,6.721194879089616,2.8982930298719793,4.214082503556185,4.17852062588905,5.600995732574688,3.7162162162162176,0.3378378378378386,2.0270270270270245,6.081081081081081,0.3378378378378386,4.054054054054056
4570,Die Grünen,250,19,1.0,0.0,3.378378378378373,0.0,0.0,3.040540540540544,2.187055476529153,7.307965860597427,1.6002844950213415,0.21337126600283796,7.859174964438118,1.1024182076813602,3.0405405405405475,1.3513513513513615,4.054054054054063,4.391891891891895,3.378378378378379,2.0270270270270174
317,FDP,250,19,1.0,1.0,5.941797060218113,1.0,1.0,1.2950450450450421,4.587482219061172,4.605263157894733,6.169985775248932,2.560455192034155,8.19701280227595,9.530583214793737,2.3648648648648702,0.3378378378378386,0.3378378378378386,1.0135135135135016,2.0270270270270174,1.689189189189186
834,FDP,250,19,1.0,1.0,4.009601706970124,0.0,0.0,4.729729729729733,4.694167852062591,2.435988620199147,2.115931721194869,2.5248933143669916,6.98790896159317,5.298719772403977,0.6756756756756772,6.081081081081088,6.081081081081088,1.689189189189186,8.445945945945951,5.405405405405411
1497,FDP,250,19,1.0,1.0,7.811759127548605,1.0,1.0,2.5337837837837824,6.507823613086771,10.135135135135137,5.689900426742533,1.8847795163584777,8.25035561877668,14.402560455192031,2.364864864864856,3.0405405405405403,2.0270270270270316,1.6891891891891788,2.3648648648648702,3.7162162162162176
4591,FDP,250,19,0.0,0.0,4.960881934566145,0.0,0.0,1.8018018018018023,2.0270270270270316,7.539118065433847,5.4409672830725455,5.014224751066848,8.090327169274545,1.653627311522051,2.0270270270270316,3.0405405405405546,1.0135135135135158,0.675675675675663,1.689189189189193,2.364864864864856
315,Die Grünen,250,19,0.0,0.0,5.304646752015173,0.0,1.0,1.4639639639639686,5.689900426742533,3.2539118065433854,6.436699857752494,0.426742532005683,10.597439544807962,5.423186344238978,0.0,0.6756756756756701,0.6756756756756772,2.702702702702709,1.3513513513513686,3.378378378378386
2971,DIE LINKE,250,19,1.0,0.0,2.7975343764817424,1.0,0.0,7.545045045045047,1.0312944523470833,1.404694167852064,4.356330014224753,6.294452347083919,0.16002844950212847,3.5384068278805074,5.067567567567572,1.0135135135135087,10.472972972972975,2.702702702702709,14.527027027027025,11.486486486486491
4151,Die Grünen,250,19,1.0,1.0,5.085348506401139,1.0,1.0,1.4639639639639672,0.8712660028449548,9.210526315789465,3.2539118065433854,1.0312944523470762,10.046230440967292,6.098862019914655,0.3378378378378386,2.3648648648648702,3.378378378378386,0.3378378378378386,0.0,2.3648648648648702
3572,CDU,250,19,1.0,0.0,2.5545282124229494,1.0,1.0,0.9009009009009006,1.1201991465149348,0.3556187766714132,3.6450924608819406,5.672119487908951,1.333570412517787,3.200568990042669,0.675675675675663,0.675675675675663,0.3378378378378457,1.3513513513513686,1.0135135135135087,1.3513513513513544
4335,CDU,250,19,1.0,1.0,4.042200094831677,1.0,0.0,3.9977477477477508,5.938833570412527,5.93883357041252,0.17780938833571014,5.2275960170697005,5.93883357041252,1.0312944523470833,1.689189189189186,5.405405405405411,2.364864864864863,4.7297297297297405,3.7162162162162176,6.081081081081088
4449,bunt.saar,250,19,0.0,1.0,4.2555713608345185,1.0,1.0,1.351351351351352,3.3250355618776624,1.0490753911806507,3.8229018492176436,3.1116642958748173,9.637268847795163,4.587482219061172,0.3378378378378386,3.0405405405405332,1.689189189189193,0.6756756756756772,1.0135135135135158,1.3513513513513544
3138,CDU,250,19,1.0,1.0,3.5413703176861056,1.0,1.0,2.3085585585585577,3.7873399715504945,4.089615931721191,5.45874822190612,4.374110953058313,0.6401137980085352,2.8982930298719793,3.7162162162162247,3.378378378378379,0.6756756756756701,2.0270270270270174,1.689189189189193,2.364864864864863
3660,FDP,250,19,1.0,1.0,5.950687529634901,1.0,1.0,1.9144144144144224,7.254623044096725,5.796586059743959,2.7560455192034112,3.7339971550497992,13.15789473684211,3.0049786628733983,1.3513513513513544,2.0270270270270316,1.3513513513513615,1.6891891891892072,2.3648648648648702,2.702702702702709
3908,FDP,250,19,1.0,1.0,7.284257942152681,0.0,1.0,4.560810810810808,5.7610241820768096,3.9651493598862118,12.713371266002838,5.600995732574688,6.54338549075392,9.121621621621621,6.756756756756751,11.148648648648646,2.0270270270270316,0.3378378378378386,4.054054054054042,3.0405405405405403
1874,Die Grünen,250,19,1.0,1.0,5.3135372214319565,0.0,1.0,0.6756756756756737,1.3157894736842124,5.28093883357041,3.182788051209087,1.546941678520625,10.170697012802272,10.384068278805131,0.0,0.6756756756756701,1.3513513513513402,1.0135135135135158,0.3378378378378386,0.6756756756756772
5058,FDP,250,19,0.0,0.0,2.415244191559984,1.0,0.0,2.590090090090088,5.423186344238985,0.8890469416785152,0.10668563300141898,1.8847795163584777,2.8982930298719793,3.2894736842105274,0.6756756756756772,1.689189189189186,3.0405405405405332,2.364864864864856,4.729729729729733,3.0405405405405403
4761,FDP,250,19,1.0,1.0,5.6187766714082485,1.0,1.0,1.1261261261261264,8.499288762446653,2.4182076813655797,6.650071123755325,1.9559032716927405,9.26386913229019,4.925320056899004,0.0,3.0405405405405403,0.6756756756756843,0.3378378378378386,1.3513513513513473,1.3513513513513473
319,bunt.saar,250,19,1.0,0.0,6.104788999525834,1.0,1.0,2.0833333333333344,5.8321479374110865,3.698435277382636,8.534850640113788,0.8357041251778057,13.566856330014218,4.160739687055468,3.7162162162162176,1.3513513513513686,1.0135135135135158,5.4054054054054035,0.675675675675663,0.3378378378378386
1615,FDP,250,19,1.0,1.0,4.119250829777144,1.0,1.0,2.477477477477476,2.1692745376955855,2.5426742532005733,7.770270270270267,7.076813655761022,2.1337126600284506,3.022759601706966,5.743243243243249,0.3378378378378386,6.081081081081081,2.364864864864856,0.0,0.3378378378378315
1524,Die Grünen,250,19,1.0,0.0,7.441322901849216,1.0,0.0,1.8581081081081088,0.9068278805120897,1.4224751066856385,8.677098150782356,7.46799431009957,17.2475106685633,8.926031294452343,1.3513513513513544,0.0,2.0270270270270316,3.7162162162162176,3.0405405405405332,1.0135135135135158
1722,bunt.saar,250,19,0.0,1.0,4.777145566619251,1.0,1.0,2.027027027027021,1.5825035561877598,0.9601706970128063,5.707681365576114,2.7382645803698367,8.837126600284499,8.837126600284492,0.3378378378378244,4.054054054054056,0.675675675675663,1.0135135135135087,2.0270270270270245,4.054054054054049
4012,Die Grünen,250,19,0.0,0.0,7.749525841631105,0.0,0.0,6.86936936936937,1.0312944523470833,15.416073968705547,4.302987197724043,1.4935988620199083,15.131578947368425,9.121621621621621,2.0270270270270245,10.135135135135137,5.743243243243235,8.445945945945951,7.432432432432435,7.432432432432435
3402,bunt.saar,250,19,1.0,0.0,6.338904694167851,1.0,1.0,1.5765765765765813,1.546941678520632,2.6671408250355597,9.263869132290182,2.044807965860592,16.767425320056894,5.743243243243242,0.3378378378378386,0.3378378378378457,1.689189189189193,1.013513513513523,4.054054054054056,2.0270270270270316
1759,SPD,250,19,1.0,0.0,4.8364153627311515,1.0,1.0,1.5202702702702726,4.089615931721191,6.241109530583209,8.819345661450917,1.8136557610241795,2.418207681365587,5.636557610241823,1.3513513513513544,1.3513513513513473,1.013513513513523,1.3513513513513473,2.0270270270270316,2.0270270270270316
645,SPD,250,19,1.0,1.0,4.8927216690374555,1.0,0.0,4.673423423423427,2.5248933143669916,3.2894736842105274,5.7610241820768096,8.517069701280235,1.9559032716927405,7.307965860597427,1.0135135135135158,8.783783783783782,3.7162162162162176,7.770270270270274,2.702702702702709,4.054054054054063
4376,SPD,250,19,0.0,0.0,4.3533665244191555,0.0,1.0,0.8445945945945965,0.6401137980085352,13.975817923186355,1.191322901849226,3.4672830725462234,1.3513513513513473,5.494310099573248,1.689189189189193,0.3378378378378457,0.6756756756756701,1.3513513513513473,0.6756756756756843,0.3378378378378386
2485,CDU,250,19,1.0,0.0,5.986249407302037,1.0,0.0,3.378378378378379,5.28093883357041,5.707681365576107,6.916785206258886,0.9601706970128063,10.633001422475104,6.418918918918912,0.6756756756756772,1.6891891891892001,7.0945945945945965,5.4054054054054035,2.0270270270270245,3.378378378378372
587,FDP,250,19,1.0,1.0,2.092223802750119,1.0,1.0,3.716216216216216,3.5384068278805074,1.902560455192031,0.8534850640113838,0.3911806543385552,2.009246088193457,3.8584637268847786,0.0,4.391891891891895,1.3513513513513473,7.432432432432435,1.689189189189186,7.432432432432432
1090,CDU,250,19,0.0,1.0,4.8541963015647225,0.0,0.0,3.265765765765766,8.872688477951627,3.769559032716927,2.1337126600284577,0.3022759601707037,11.646514935988613,2.400426742532005,0.0,2.364864864864863,3.378378378378393,4.729729729729719,5.743243243243242,3.378378378378379
3295,SPD,250,19,0.0,0.0,4.2200094831673765,1.0,0.0,2.421171171171172,1.1024182076813602,1.0490753911806578,6.241109530583209,1.795874822190612,8.730440967283073,6.401137980085345,2.364864864864863,3.378378378378379,1.0135135135135087,0.6756756756756701,4.054054054054063,3.0405405405405475
4592,Die Grünen,250,19,1.0,0.0,3.953295400663818,1.0,0.0,1.9707207207207216,6.934566145092461,4.87197724039828,3.8584637268847786,3.7873399715504945,3.982930298719765,0.2844950213371291,3.0405405405405403,1.689189189189193,2.0270270270270316,1.689189189189186,0.3378378378378457,3.0405405405405332
757,bunt.saar,250,19,1.0,0.0,3.568041725936464,0.0,1.0,2.4211711711711685,3.1472261735419664,3.876244665718353,2.6671408250355597,5.316500711237559,2.7560455192034112,3.6450924608819335,2.364864864864863,1.689189189189186,3.0405405405405403,1.689189189189186,3.378378378378379,2.364864864864856
3192,bunt.saar,250,19,1.0,0.0,4.291133238501659,1.0,1.0,0.7882882882882889,1.369132290184929,3.378378378378372,4.587482219061172,5.4054054054054035,7.539118065433854,3.4672830725462234,1.3513513513513544,0.3378378378378386,0.3378378378378386,0.6756756756756701,0.3378378378378386,1.689189189189193
4813,CDU,250,19,1.0,1.0,2.4685870080606946,1.0,1.0,2.252252252252253,0.017780938833574567,1.3157894736842124,5.1564722617354235,6.258890469416791,1.2624466571834958,0.8001422475106708,1.3513513513513544,0.3378378378378386,4.729729729729733,0.6756756756756701,2.7027027027027017,3.7162162162162176
612,CDU,250,19,1.0,0.0,4.323731626363205,1.0,0.0,3.378378378378384,3.2539118065433925,4.711948790896166,4.729729729729726,5.138691322901856,2.115931721194869,5.992176386913222,2.702702702702716,3.7162162162162176,2.0270270270270316,7.0945945945945965,3.7162162162162176,1.013513513513523
2756,FDP,250,19,1.0,1.0,3.4672830725462354,1.0,1.0,3.0968468468468497,4.9075391180654435,3.4317211948790884,0.01778093883356746,5.174253200568998,3.6450924608819477,3.627311522048366,0.3378378378378386,2.7027027027027017,3.7162162162162176,2.3648648648648702,4.054054054054063,5.405405405405407
2671,FDP,250,19,1.0,0.0,5.242413466097674,1.0,1.0,2.984234234234235,7.930298719772395,4.587482219061165,5.88549075391181,3.413940256045514,9.352773826458034,0.2844950213371291,0.3378378378378386,2.0270270270270245,2.7027027027027017,3.0405405405405475,5.4054054054054035,4.391891891891895
3948,CDU,250,19,1.0,1.0,5.1416548127074435,1.0,1.0,2.815315315315312,1.3869132290184822,6.454480796586061,5.600995732574681,6.436699857752494,4.409672830725462,6.56116642958748,3.0405405405405332,1.0135135135135158,3.378378378378379,1.0135135135135087,5.067567567567565,3.378378378378372
3611,FDP,250,19,0.0,1.0,2.184091986723567,0.0,0.0,5.123873873873877,1.831436699857747,0.2844950213371291,2.1692745376955855,5.2275960170697005,1.7069701280227676,1.8847795163584706,0.3378378378378386,3.7162162162162176,5.743243243243242,5.405405405405411,6.756756756756772,8.783783783783782
2371,FDP,250,19,1.0,0.0,2.338193456614506,0.0,1.0,1.914414414414414,3.94736842105263,2.7204836415362763,0.03556187766713492,5.334281650071112,0.37339971550497353,1.618065433854909,0.3378378378378386,1.689189189189186,2.0270270270270245,3.7162162162162033,2.702702702702709,1.013513513513523
2695,bunt.saar,250,19,0.0,1.0,2.729374110953066,0.0,1.0,2.702702702702703,3.02275960170698,3.0049786628734054,5.369843527738283,3.911806543385495,0.16002844950213557,0.9068278805120968,2.0270270270270245,2.0270270270270174,5.743243243243256,0.0,3.378378378378386,3.0405405405405332
3258,SPD,250,19,0.0,0.0,4.222972972972969,1.0,1.0,0.844594594594593,5.138691322901856,1.689189189189186,9.83285917496444,0.1422475106685539,5.672119487908951,2.86273115220483,0.3378378378378315,2.0270270270270245,0.6756756756756843,0.6756756756756772,0.675675675675663,0.6756756756756772
3447,FDP,250,19,1.0,0.0,4.119250829777147,1.0,1.0,4.729729729729731,2.773826458036986,3.3250355618776624,1.3157894736842124,7.610241820768145,6.792318634423893,2.8982930298719793,3.378378378378379,6.081081081081081,6.081081081081081,0.3378378378378457,5.067567567567572,7.432432432432428
1716,CDU,250,19,1.0,0.0,3.176861071597918,1.0,1.0,0.8445945945945977,1.7069701280227676,6.454480796586061,1.2446657183499354,4.889758179231862,3.342816500711244,1.4224751066856385,0.3378378378378244,2.0270270270270316,0.6756756756756843,0.3378378378378386,0.3378378378378457,1.3513513513513615
1041,CDU,250,19,1.0,0.0,3.642128971076339,0.0,0.0,5.01126126126126,3.4317211948790884,3.520625889046933,0.8712660028449548,8.890469416785209,3.6095305832147915,1.5291607396870575,3.378378378378372,1.3513513513513473,7.432432432432428,7.0945945945945965,2.702702702702709,8.108108108108105
3482,FDP,250,19,1.0,0.0,3.0316500711237566,1.0,1.0,2.027027027027026,0.16002844950213557,1.1201991465149348,2.916073968705547,3.7873399715504945,4.231863442389766,5.974395448079662,4.054054054054042,2.7027027027027017,0.6756756756756701,1.0135135135135158,1.3513513513513544,2.3648648648648702
231,SPD,250,19,0.0,0.0,6.7952821242294945,0.0,0.0,2.8716216216216175,2.560455192034155,3.520625889046933,8.766002844950215,6.418918918918912,11.468705547652924,8.036984352773828,0.675675675675663,6.756756756756751,1.0135135135135087,6.756756756756751,1.3513513513513544,0.6756756756756772
595,bunt.saar,250,19,1.0,0.0,2.4182076813655784,1.0,0.0,2.1959459459459496,2.6493598862019923,3.9295874822190555,0.053342816500716594,2.4182076813655797,3.8940256045519206,1.5647226173542066,1.3513513513513544,1.3513513513513544,3.7162162162162247,0.3378378378378315,2.702702702702709,3.7162162162162247
2329,bunt.saar,250,19,1.0,0.0,2.7501185395922234,0.0,0.0,14.132882882882887,0.5867709815078257,2.7738264580369787,1.1557610241820697,0.3911806543385481,8.339260312944532,3.2539118065433854,11.486486486486484,4.391891891891902,15.202702702702709,15.202702702702702,18.581081081081088,19.932432432432435
2064,bunt.saar,250,19,0.0,0.0,4.880867709815075,1.0,0.0,2.083333333333332,0.6756756756756772,0.40896159317210845,7.219061166429583,0.4267425320056901,11.984352773826451,8.570412517780937,0.3378378378378315,0.6756756756756772,4.729729729729726,1.0135135135135158,1.689189189189193,4.054054054054049
1079,Die Grünen,250,19,1.0,1.0,6.916785206258886,1.0,1.0,2.0833333333333344,0.5512091038406766,10.224039829302974,1.5825035561877598,4.676386913229017,12.393314366998567,12.073257467994324,2.3648648648648702,0.6756756756756701,6.081081081081081,0.3378378378378386,1.01351351351353,2.0270270270270174
1278,CDU,250,19,1.0,1.0,5.200924608819347,1.0,1.0,2.2522522522522492,1.2802275960170704,8.588193456614505,7.450213371266003,2.151493598862025,9.050497866287337,2.6849217638691414,3.378378378378379,4.391891891891895,2.0270270270270174,0.3378378378378457,0.3378378378378244,3.0405405405405332
4212,CDU,250,19,1.0,0.0,4.166666666666664,0.0,1.0,3.6036036036036045,9.174964438122338,1.9203413940255984,1.8492176386913144,7.788051209103841,2.222617354196302,2.044807965860592,2.702702702702709,2.0270270270270316,5.743243243243235,0.6756756756756772,4.054054054054056,6.418918918918919
4796,Die Grünen,250,19,0.0,0.0,3.9799668089141798,1.0,1.0,2.1396396396396398,3.9118065433855023,1.8492176386913215,7.005689900426745,1.546941678520632,5.903271692745371,3.662873399715508,1.689189189189193,5.743243243243235,0.3378378378378386,2.3648648648648702,2.0270270270270245,0.6756756756756772
543,FDP,250,19,1.0,0.0,3.378378378378379,0.0,1.0,2.984234234234235,5.174253200568991,0.8534850640113874,0.49786628733995997,0.40896159317212266,10.50853485064011,2.8271692745377024,1.3513513513513473,4.391891891891888,3.378378378378393,2.0270270270270316,5.4054054054054035,1.3513513513513473
1161,CDU,250,19,0.0,1.0,2.323376007586537,0.0,0.0,2.2522522522522563,3.698435277382636,3.058321479374115,0.7112375533428192,1.973684210526315,3.02275960170698,1.475817923186355,1.689189189189186,0.3378378378378386,3.378378378378379,4.054054054054063,1.013513513513523,3.0405405405405475
4583,FDP,250,19,0.0,1.0,3.428757705073496,1.0,1.0,1.3513513513513555,0.07112375533426984,4.658605974395456,1.8669985775249032,11.308677098150774,1.8669985775249032,0.8001422475106708,1.6891891891892072,1.3513513513513544,0.6756756756756843,1.3513513513513544,1.3513513513513473,1.689189189189186
1743,FDP,250,19,1.0,1.0,4.231863442389758,1.0,1.0,2.3648648648648667,5.867709815078236,1.4935988620199083,0.9068278805120897,3.4317211948790884,10.810810810810814,2.880512091038412,1.0135135135135087,2.0270270270270316,3.0405405405405403,2.702702702702709,2.0270270270270316,3.378378378378379
3365,bunt.saar,250,19,1.0,0.0,2.376718824087245,1.0,1.0,1.9144144144144164,4.694167852062591,0.1955903271692847,4.125177809388333,1.7069701280227534,2.8449502133712485,0.6934566145092589,0.0,2.702702702702709,3.378378378378372,1.3513513513513544,3.378378378378386,0.6756756756756772
887,CDU,250,19,1.0,1.0,1.6269559032716951,1.0,1.0,4.786036036036035,1.6358463726884764,1.475817923186355,0.9246088193456643,4.463015647226179,0.07112375533427695,1.1913229018492189,0.3378378378378386,4.729729729729726,5.743243243243242,1.689189189189186,8.445945945945944,7.770270270270274
4901,bunt.saar,250,19,0.0,0.0,3.9799668089141753,0.0,1.0,1.0135135135135112,1.0312944523470833,0.21337126600283796,6.756756756756758,5.938833570412527,4.463015647226172,5.476529160739673,0.3378378378378457,0.675675675675663,2.3648648648648702,1.0135135135135087,1.3513513513513402,0.3378378378378386
2200,bunt.saar,250,19,1.0,0.0,3.8969890943575165,1.0,1.0,0.957207207207207,6.525604551920338,0.7645803698435287,2.987197724039831,0.1955903271692776,11.397581792318633,1.51137980085349,0.0,2.364864864864856,0.0,2.0270270270270316,0.0,1.3513513513513544
2349,CDU,250,19,1.0,1.0,2.839023233760076,1.0,1.0,1.9707207207207194,0.9068278805120968,3.1827880512090942,6.436699857752487,3.6806543385490826,1.9914651493598896,0.8357041251778057,0.675675675675663,3.378378378378379,2.364864864864863,2.0270270270270316,1.689189189189186,1.689189189189193
309,DIE LINKE,250,19,1.0,0.0,3.707325746799435,1.0,0.0,1.407657657657656,4.089615931721191,4.409672830725469,4.925320056899011,2.5426742532005733,2.9338549075391214,3.342816500711244,1.3513513513513544,0.3378378378378386,1.0135135135135158,1.689189189189186,3.378378378378379,0.675675675675663
3305,FDP,250,19,1.0,1.0,3.9177335229966794,1.0,0.0,1.2950450450450408,7.21906116642959,2.8982930298719793,3.058321479374108,4.42745376955903,0.6045519203413932,5.298719772403977,0.6756756756756701,0.3378378378378315,2.7027027027027017,0.6756756756756772,2.0270270270270174,1.3513513513513473
4502,Die Grünen,250,19,0.0,1.0,2.406353722143193,1.0,1.0,3.4909909909909906,0.1955903271692847,1.3869132290184822,5.156472261735402,0.6045519203413932,6.650071123755325,0.4445234708392718,3.378378378378379,0.675675675675663,5.067567567567565,6.418918918918926,3.7162162162162033,1.6891891891892072
1773,SPD,250,19,0.0,0.0,3.8703176861071604,0.0,1.0,1.689189189189187,3.0761024182076824,0.9068278805120897,3.0761024182076895,3.7517780938833525,7.699146514935983,4.711948790896166,2.0270270270270245,3.378378378378379,2.0270270270270174,1.3513513513513473,1.0135135135135016,0.3378378378378528
3197,bunt.saar,250,19,1.0,0.0,3.8169748696064474,1.0,1.0,0.5067567567567591,4.320768136557611,4.089615931721191,3.8229018492176436,0.5689900426742511,8.090327169274538,2.00924608819345,0.3378378378378457,0.3378378378378386,1.0135135135135158,1.0135135135135158,0.0,0.3378378378378386
3042,FDP,250,19,0.0,1.0,3.5443338074917015,1.0,1.0,2.083333333333332,3.662873399715508,2.631578947368425,4.42745376955903,5.352062588904687,3.520625889046933,1.6714082503556256,0.6756756756756843,0.0,4.054054054054056,0.0,4.729729729729726,3.040540540540526
3221,bunt.saar,250,19,1.0,0.0,4.599336178283546,1.0,1.0,1.4639639639639626,1.9559032716927405,5.921052631578952,2.0981507823613015,3.69843527738265,11.024182076813652,2.8982930298719793,1.689189189189193,0.0,0.6756756756756772,1.689189189189193,4.054054054054049,0.675675675675663
2252,FDP,250,19,0.0,1.0,4.777145566619249,1.0,1.0,4.786036036036035,0.8890469416785152,4.196301564722617,5.0853485064011394,3.5384068278805074,9.88620199146515,5.067567567567565,0.0,1.0135135135135087,7.432432432432428,3.378378378378379,7.432432432432435,9.45945945945946
1709,bunt.saar,250,19,0.0,0.0,3.3220720720720713,0.0,0.0,3.7162162162162176,7.912517780938828,0.5156472261735487,1.9559032716927476,2.5960170697012828,4.445234708392597,2.507112375533424,11.486486486486491,1.3513513513513473,5.743243243243242,3.378378378378379,0.3378378378378457,0.0
2859,CDU,250,19,1.0,1.0,1.5973210052157423,1.0,1.0,3.0405405405405426,1.7247510668563208,1.1379800853485094,2.258179231863444,1.369132290184929,2.044807965860592,1.0490753911806578,0.0,4.054054054054056,5.743243243243242,0.6756756756756843,4.391891891891902,3.378378378378372
4050,FDP,250,19,1.0,0.0,7.091631104788995,1.0,1.0,2.0270270270270245,8.108108108108105,6.3122332859175,5.95661450924608,2.7027027027026946,9.281650071123742,10.188477951635846,0.0,2.0270270270270245,0.3378378378378386,5.405405405405389,3.0405405405405475,1.3513513513513473
581,CDU,250,19,0.0,1.0,4.131104788999527,0.0,1.0,2.7027027027027053,3.982930298719765,1.6358463726884764,3.6450924608819477,0.6578947368421026,7.94807965860598,6.91678520625889,3.378378378378379,2.0270270270270245,2.0270270270270387,1.0135135135135087,2.702702702702709,5.067567567567572
3411,bunt.saar,250,19,1.0,0.0,4.634898055950686,1.0,0.0,2.702702702702704,5.618776671408241,2.8982930298719793,4.729729729729726,2.489331436699864,9.637268847795163,2.43598862019914,2.3648648648648702,3.0405405405405475,3.0405405405405332,0.3378378378378386,6.081081081081081,1.3513513513513544
488,FDP,250,19,0.0,0.0,4.160739687055479,0.0,1.0,1.6328828828828843,1.475817923186355,1.8492176386913215,2.3470839260312886,9.797297297297305,3.0761024182076824,6.418918918918919,3.0405405405405475,0.0,2.0270270270270245,1.6891891891892001,1.0135135135135087,2.0270270270270245
1519,FDP,250,19,1.0,1.0,2.8064248458985284,0.0,1.0,10.810810810810807,1.404694167852064,2.43598862019914,2.9694167852062634,4.0362731152204745,2.364864864864863,3.627311522048366,8.108108108108112,13.17567567567567,11.148648648648646,5.067567567567558,11.148648648648646,16.216216216216218
4435,bunt.saar,250,19,1.0,1.0,2.0388809862494006,1.0,0.0,2.0270270270270245,3.1294452347083777,1.3513513513513473,1.5291607396870432,4.19630156472261,1.9381223328591872,0.0889046941678373,1.3513513513513473,1.013513513513523,2.0270270270270316,0.6756756756756701,4.391891891891881,2.7027027027026946
3741,bunt.saar,250,19,1.0,0.0,3.624348032242768,1.0,1.0,2.3648648648648654,0.2844950213371291,0.7290184921763796,3.8229018492176436,4.943100995732571,6.401137980085345,5.565433854907539,0.6756756756756843,2.702702702702709,3.7162162162162105,2.7027027027027017,2.7027027027026946,1.689189189189193
3796,DIE LINKE,250,19,1.0,0.0,2.868658131816028,1.0,0.0,1.0135135135135123,3.840682788051211,3.7517780938833454,5.867709815078236,0.1955903271692847,2.880512091038412,0.6756756756756772,0.3378378378378386,0.3378378378378386,0.0,1.0135135135135087,2.364864864864863,2.0270270270270245
4763,FDP,250,19,0.0,1.0,5.698790896159313,0.0,0.0,3.9414414414414445,1.5825035561877598,5.95661450924608,3.0405405405405403,7.841394025604551,9.868421052631575,5.903271692745371,0.6756756756756843,6.081081081081088,3.7162162162162176,5.067567567567565,3.0405405405405403,5.067567567567572
4475,bunt.saar,250,19,1.0,1.0,5.085348506401135,0.0,1.0,2.027027027027026,4.338549075391185,1.9203413940255984,5.743243243243242,4.729729729729726,7.859174964438111,5.921052631578945,0.6756756756756701,4.054054054054063,2.364864864864856,2.364864864864856,0.6756756756756772,2.0270270270270316
2686,SPD,250,19,1.0,0.0,3.034613560929349,1.0,1.0,1.0135135135135112,4.854196301564727,4.320768136557611,5.334281650071112,1.5291607396870575,1.4758179231863409,0.6934566145092447,1.0135135135135087,1.0135135135135158,0.3378378378378244,1.689189189189193,0.3378378378378386,1.689189189189186
1279,bunt.saar,250,19,0.0,1.0,3.814011379800855,0.0,1.0,2.871621621621621,0.7823613086771033,5.565433854907539,1.795874822190612,0.3911806543385481,7.254623044096732,7.0945945945945965,6.418918918918919,1.0135135135135087,1.6891891891891788,3.378378378378379,0.6756756756756772,4.054054054054063
3314,DIE LINKE,250,19,1.0,0.0,7.7524893314367,1.0,1.0,2.2522522522522563,7.361308677098151,5.049786628733997,11.450924608819342,4.889758179231862,11.326458036984356,6.436699857752494,1.0135135135135087,1.6891891891892072,0.0,2.702702702702709,4.729729729729726,3.378378378378386
4032,Die Grünen,250,19,0.0,0.0,6.472261735419628,0.0,1.0,2.984234234234235,6.3122332859175,0.3022759601707037,17.46088193456614,0.604551920341386,6.1877667140825,7.965860597439537,0.3378378378378386,4.054054054054056,1.3513513513513473,1.689189189189186,7.432432432432435,3.0405405405405475
4377,bunt.saar,250,19,0.0,0.0,6.069227121858705,0.0,0.0,1.745495495495497,2.080369843527741,3.022759601706973,9.032716927453777,1.618065433854909,11.94879089615933,8.712660028449498,0.6756756756756701,1.3513513513513402,3.0405405405405475,1.013513513513523,1.689189189189193,2.702702702702709
4912,SPD,250,19,0.0,0.0,8.010312944523468,0.0,0.0,5.292792792792789,4.480796586059739,5.174253200568991,13.869132290184929,2.3115220483641536,14.242532005689895,7.983641536273105,1.3513513513513473,1.0135135135135158,8.445945945945944,3.7162162162162176,9.121621621621614,8.108108108108098
4670,SPD,250,19,0.0,0.0,5.565433854907542,0.0,0.0,2.759009009009008,3.0761024182076824,12.32219061166429,3.7162162162162176,2.1337126600284577,6.827880512091042,5.316500711237559,4.054054054054049,3.0405405405405475,2.0270270270270245,5.067567567567565,1.3513513513513544,1.0135135135135087
786,DIE LINKE,250,19,1.0,0.0,3.6925082977714587,1.0,0.0,3.659909909909905,0.1955903271692847,4.374110953058313,3.2894736842105345,0.8357041251778057,7.539118065433861,5.921052631578952,3.0405405405405332,2.0270270270270174,2.7027027027026946,5.067567567567565,3.7162162162162176,5.4054054054054035
1353,FDP,250,19,1.0,1.0,2.850877192982457,1.0,1.0,1.7454954954954947,1.973684210526315,3.413940256045521,1.4580369843527734,3.6095305832147915,4.658605974395449,1.9914651493598896,4.391891891891902,0.0,3.378378378378372,0.6756756756756772,0.3378378378378315,1.689189189189186
1711,FDP,250,19,0.0,1.0,4.460052157420578,1.0,1.0,2.8716216216216233,5.227596017069708,3.7517780938833525,4.374110953058327,8.054765291607396,2.916073968705547,2.43598862019914,2.702702702702716,5.067567567567565,3.7162162162162176,0.0,1.689189189189193,4.054054054054049
4232,FDP,250,19,1.0,1.0,2.299668089141773,0.0,0.0,3.322072072072075,3.022759601706973,3.342816500711244,0.12446657183499354,2.3826458036984306,3.662873399715501,1.2624466571834958,1.3513513513513615,5.743243243243242,2.3648648648648702,3.378378378378372,1.3513513513513544,5.743243243243249
41,Die Grünen,250,19,1.0,1.0,5.846965386439069,0.0,1.0,5.630630630630627,5.743243243243242,0.35561877667140607,5.814366998577512,2.631578947368425,13.495732574679948,7.04125177809388,2.0270270270270316,1.689189189189186,9.459459459459445,5.4054054054054035,6.756756756756751,8.445945945945944
1114,bunt.saar,250,19,1.0,0.0,4.99348032242769,1.0,1.0,2.1959459459459487,0.07112375533427695,4.463015647226172,8.872688477951627,0.6934566145092376,10.152916073968704,5.707681365576121,1.3513513513513615,1.0135135135135158,4.054054054054063,0.3378378378378315,4.391891891891888,2.0270270270270316
1574,Die Grünen,250,19,1.0,0.0,6.332977714556659,0.0,1.0,0.7882882882882889,3.1827880512090942,6.863442389758184,7.467994310099577,1.3869132290184893,11.646514935988613,7.4502133712659955,1.0135135135135158,0.0,1.0135135135135158,0.6756756756756701,0.0,2.0270270270270316
1247,FDP,250,19,1.0,1.0,2.6908487434803257,1.0,1.0,1.9144144144144128,1.0312944523470904,1.7069701280227676,1.1024182076813673,0.5156472261735416,8.01920341394026,3.769559032716927,1.6891891891891788,2.3648648648648702,0.6756756756756772,1.3513513513513402,3.7162162162162176,1.689189189189193
4522,SPD,250,19,1.0,0.0,8.831199620673308,1.0,1.0,1.463963963963966,2.6849217638691414,5.0853485064011394,16.411806543385495,2.293741109530579,12.357752489331446,14.153627311522051,3.0405405405405332,1.3513513513513544,0.6756756756756843,1.689189189189193,1.689189189189193,0.3378378378378386
3379,FDP,250,19,0.0,0.0,5.713608345187289,0.0,0.0,1.2950450450450468,4.2140825035561775,6.756756756756758,2.471550497866282,6.205547652916081,9.334992887624459,5.298719772403977,3.7162162162162176,1.0135135135135158,0.6756756756756843,0.6756756756756772,0.3378378378378386,1.3513513513513473
1530,Die Grünen,250,19,0.0,0.0,5.0320056899004255,0.0,1.0,1.407657657657656,1.6358463726884764,1.831436699857747,8.677098150782356,1.475817923186348,13.495732574679941,3.0761024182076824,0.6756756756756701,1.3513513513513544,1.3513513513513544,2.0270270270270245,0.6756756756756772,2.364864864864856
1257,CDU,250,19,1.0,1.0,2.922000948316741,1.0,1.0,2.421171171171172,2.5426742532005733,0.10668563300142608,1.76031294452347,1.7069701280227676,5.3698435277382615,6.045519203413946,2.702702702702709,0.6756756756756701,2.0270270270270316,3.378378378378372,2.7027027027027017,3.0405405405405475
2922,FDP,250,19,0.0,0.0,5.126837363679474,0.0,1.0,1.4639639639639601,4.9075391180654435,8.090327169274545,1.2980085348506378,7.894736842105267,7.948079658605984,0.6223328591749677,1.0135135135135087,2.3648648648648702,2.0270270270270174,1.3513513513513473,1.0135135135135087,1.0135135135135087
354,CDU,250,19,1.0,0.0,3.6302750118539606,1.0,1.0,1.9144144144144069,4.925320056899011,1.902560455192038,1.8136557610241795,8.55263157894737,2.044807965860592,2.5426742532005733,4.391891891891888,0.675675675675663,0.3378378378378244,1.689189189189186,1.3513513513513473,3.0405405405405332
2110,CDU,250,19,1.0,0.0,6.282598387861544,1.0,0.0,1.7454954954954924,4.623044096728307,4.694167852062591,8.997155049786628,2.2403982930298625,9.423897581792318,7.716927453769557,1.689189189189186,2.364864864864863,1.0135135135135087,0.3378378378378386,3.7162162162162105,1.3513513513513473
3425,FDP,250,19,1.0,1.0,7.663584637268847,1.0,1.0,0.9009009009009024,3.271692745376953,6.756756756756758,6.703413940256048,8.712660028449498,9.815078236130859,10.721906116642963,2.0270270270270245,0.0,1.3513513513513544,1.3513513513513544,0.3378378378378457,0.33783783783783505
1113,bunt.saar,250,19,1.0,0.0,2.859767662399238,1.0,1.0,1.6891891891891906,1.2624466571834958,1.226884779516368,5.245376955903268,1.1735419630156443,4.818634423897564,3.4317211948790884,0.3378378378378315,1.689189189189193,1.3513513513513544,3.7162162162162176,2.3648648648648702,0.6756756756756772
687,bunt.saar,250,19,1.0,1.0,3.2272403982930284,1.0,1.0,1.7454954954954982,1.1379800853485094,2.044807965860592,2.400426742531998,1.369132290184929,8.60597439544808,3.805120910384062,3.378378378378379,2.3648648648648702,0.6756756756756914,2.7027027027026946,0.3378378378378386,1.0135135135135158
334,CDU,250,19,1.0,0.0,2.779753437648175,1.0,0.0,3.32207207207207,2.293741109530586,3.3605974395448044,0.1422475106685539,6.596728307254629,4.12517780938834,0.16002844950213557,3.378378378378372,5.743243243243249,0.3378378378378386,7.770270270270267,1.3513513513513473,1.3513513513513473
4481,bunt.saar,250,19,0.0,1.0,3.4821005215742056,1.0,1.0,3.4346846846846817,3.7873399715504945,1.6002844950213415,6.632290184921764,3.2894736842105345,2.5248933143669916,3.058321479374108,3.0405405405405332,1.6891891891891788,3.0405405405405332,0.0,7.094594594594589,5.743243243243256
107,SPD,250,19,1.0,1.0,6.878259838786157,1.0,1.0,3.9414414414414423,1.4935988620199083,5.156472261735409,10.312944523470854,6.330014224751068,5.956614509246094,12.019914651493607,3.378378378378372,2.3648648648648702,5.067567567567579,1.0135135135135087,4.729729729729726,7.0945945945945965
1322,SPD,250,19,1.0,1.0,3.5206258890469413,1.0,1.0,2.533783783783786,8.943812233285918,5.4765291607396875,5.014224751066848,0.37339971550497353,0.5334281650071233,0.7823613086770962,0.0,1.6891891891892001,4.054054054054063,1.3513513513513544,4.391891891891888,3.7162162162162105
936,CDU,250,19,1.0,0.0,5.026078710289236,1.0,0.0,4.954954954954952,1.9381223328591872,7.556899004267429,4.2496443812233196,1.7780938833570303,10.633001422475104,4.000711237553347,4.729729729729719,0.3378378378378386,2.7027027027026946,6.418918918918912,9.121621621621621,6.418918918918926
3965,bunt.saar,250,19,0.0,0.0,4.960881934566146,0.0,0.0,2.25225225225225,2.2403982930298625,3.733997155049792,5.2275960170697005,5.529871977240397,8.12588904694168,4.9075391180654435,0.3378378378378244,2.0270270270270245,0.3378378378378386,6.756756756756751,3.0405405405405403,1.013513513513523
5145,bunt.saar,250,19,1.0,0.0,4.258534850640113,1.0,0.0,1.1824324324324316,3.058321479374108,2.151493598862018,5.938833570412527,4.17852062588905,7.4502133712659955,2.7738264580369787,1.3513513513513544,1.3513513513513544,0.6756756756756772,1.3513513513513473,2.0270270270270174,0.3378378378378386
2080,bunt.saar,250,19,1.0,1.0,6.451517306780466,1.0,1.0,2.252252252252253,6.330014224751068,8.463726884779518,2.6493598862019923,2.5960170697012828,11.397581792318633,7.2724039829302995,0.6756756756756701,4.054054054054056,3.0405405405405332,0.0,2.702702702702709,3.0405405405405475
2509,bunt.saar,250,19,1.0,1.0,3.5176623992413503,0.0,0.0,3.1531531531531534,1.0668563300142253,4.587482219061172,3.9651493598862118,2.275960170697026,5.885490753911803,3.3250355618776624,5.4054054054054035,0.6756756756756772,1.3513513513513544,6.756756756756765,1.689189189189186,3.0405405405405332
4285,bunt.saar,250,19,1.0,1.0,2.003319108582262,1.0,1.0,3.603603603603606,0.426742532005683,0.8712660028449548,0.6401137980085352,8.659317211948782,0.03556187766713492,1.3869132290184822,0.6756756756756772,7.094594594594589,4.7297297297297405,0.6756756756756701,5.743243243243249,2.702702702702709
1307,bunt.saar,250,19,1.0,0.0,6.578947368421048,1.0,1.0,1.745495495495497,0.23115220483641252,2.720483641536269,11.806543385490748,8.80156472261735,8.19701280227595,7.716927453769557,1.3513513513513544,1.3513513513513402,3.7162162162162247,1.689189189189193,1.689189189189193,0.6756756756756772
1670,DIE LINKE,250,19,1.0,1.0,1.4076576576576596,1.0,0.0,2.871621621621626,1.2446657183499354,1.369132290184929,2.2403982930298625,0.8357041251778057,2.1692745376955855,0.5867709815078399,8.10810810810812,2.702702702702709,0.0,4.054054054054056,2.3648648648648702,0.0
2323,FDP,250,19,0.0,1.0,5.535798956851589,1.0,1.0,3.4346846846846844,5.956614509246087,4.9075391180654435,5.387624466571836,2.6671408250355597,6.36557610241821,7.930298719772395,6.418918918918912,2.3648648648648702,2.7027027027026946,4.391891891891895,2.702702702702709,2.0270270270270245
3319,bunt.saar,250,19,1.0,0.0,4.208155523944996,1.0,0.0,1.9144144144144164,1.831436699857747,3.271692745376953,5.067567567567565,0.9423897581792318,8.943812233285918,5.1920341394025655,1.689189189189193,4.391891891891888,0.3378378378378386,1.689189189189193,0.0,3.378378378378386
3724,DIE LINKE,250,19,0.0,1.0,6.081081081081082,0.0,1.0,5.461711711711711,3.0761024182076824,7.130156472261731,3.129445234708392,0.10668563300142608,16.67852062588905,6.36557610241821,2.364864864864863,7.0945945945945965,4.391891891891888,7.0945945945945965,6.081081081081081,5.743243243243242
1828,FDP,250,19,1.0,0.0,5.203888098624943,1.0,1.0,3.8288288288288315,3.5739687055476637,9.70839260312944,0.6578947368421098,6.970128022759603,9.655049786628737,0.6578947368421026,0.6756756756756843,5.067567567567565,2.7027027027027017,1.689189189189193,8.108108108108112,4.729729729729733
5166,bunt.saar,250,19,0.0,1.0,2.361901375059272,0.0,1.0,3.547297297297302,1.475817923186355,3.698435277382636,2.880512091038412,0.6756756756756772,1.8847795163584777,3.556187766714075,2.702702702702709,1.3513513513513686,4.729729729729726,3.0405405405405403,5.743243243243242,3.7162162162162247
1593,CDU,250,19,1.0,1.0,1.798838311996209,1.0,1.0,2.1396396396396398,4.089615931721191,0.16002844950213557,0.0,1.9381223328591872,2.6137980085348502,1.9914651493598896,0.6756756756756772,2.3648648648648702,0.3378378378378386,7.094594594594589,2.0270270270270245,0.3378378378378386
3072,Die Grünen,250,19,1.0,1.0,8.069582740635374,1.0,1.0,2.2522522522522572,9.121621621621621,3.7162162162162105,10.06401137980086,5.689900426742533,11.21977240398293,8.605974395448087,2.0270270270270245,0.6756756756756914,3.7162162162162247,2.7027027027027017,3.7162162162162247,0.6756756756756772
3398,Die Grünen,250,19,1.0,0.0,5.375770507349453,1.0,0.0,3.716216216216214,1.1379800853485094,3.9295874822190555,3.698435277382636,4.018492176386914,12.837837837837839,6.632290184921764,4.054054054054056,0.6756756756756701,1.3513513513513402,8.445945945945944,4.391891891891895,3.378378378378379
4073,SPD,250,19,0.0,0.0,8.62375533428165,0.0,0.0,4.110360360360361,11.984352773826451,6.685633001422481,2.2048364153627347,13.371266002844948,14.722617354196302,2.773826458036986,2.0270270270270316,2.3648648648648702,5.4054054054054035,0.0,9.45945945945946,5.4054054054054035
2447,bunt.saar,250,19,1.0,0.0,4.199265054528209,1.0,1.0,3.153153153153152,2.187055476529153,0.21337126600283796,3.7873399715504945,2.951635846372689,11.16642958748222,4.889758179231862,2.0270270270270316,0.0,5.067567567567565,1.689189189189186,4.054054054054049,6.081081081081081
1088,Die Grünen,250,19,0.0,0.0,7.479848269321952,0.0,1.0,1.9144144144144128,1.5291607396870575,3.6095305832147915,12.091038406827884,4.925320056899011,12.304409672830715,10.419630156472252,2.0270270270270174,1.0135135135135158,2.0270270270270316,3.378378378378379,3.0405405405405332,0.0
3810,DIE LINKE,250,19,1.0,1.0,1.7543859649122808,0.0,1.0,2.364864864864869,0.9246088193456643,2.3826458036984306,0.3911806543385552,1.1379800853485094,5.4765291607396875,0.21337126600283796,3.378378378378379,2.0270270270270245,1.3513513513513615,4.729729729729733,1.0135135135135158,1.6891891891892001
5209,bunt.saar,250,19,1.0,0.0,1.300972024656236,1.0,1.0,3.3783783783783803,0.6756756756756772,0.3022759601707037,0.16002844950213557,1.724751066856328,4.018492176386907,0.9246088193456643,5.405405405405411,3.378378378378379,1.3513513513513544,5.743243243243235,2.3648648648648702,2.0270270270270316
1002,Die Grünen,250,19,0.0,0.0,6.02773826458037,0.0,0.0,0.7319819819819848,5.814366998577526,1.9381223328591872,6.632290184921764,4.67638691322901,10.54409672830726,6.561166429587473,0.0,0.3378378378378386,1.689189189189193,1.013513513513523,0.0,1.3513513513513544
3229,FDP,250,19,0.0,1.0,4.314841156946418,1.0,1.0,4.391891891891892,3.94736842105263,3.94736842105263,3.236130867709811,8.32147937411095,2.4537695590327147,3.982930298719772,4.391891891891895,3.7162162162162176,4.391891891891895,4.729729729729726,5.4054054054054035,3.7162162162162176
1160,FDP,250,19,1.0,1.0,2.904220009483167,1.0,1.0,2.2522522522522537,8.588193456614498,1.1557610241820768,2.951635846372689,1.7069701280227676,0.6578947368421098,2.364864864864863,0.6756756756756843,1.689189189189186,1.3513513513513544,4.054054054054049,3.378378378378379,2.3648648648648702
1476,FDP,250,19,1.0,0.0,4.43338074917022,1.0,1.0,2.477477477477476,14.384779516358464,0.8890469416785152,1.7780938833570374,4.623044096728307,1.902560455192031,3.022759601706966,3.0405405405405332,2.0270270270270245,2.364864864864863,2.702702702702709,3.0405405405405403,1.689189189189186
1909,Die Grünen,250,19,1.0,1.0,3.707325746799434,1.0,0.0,3.490990990990993,1.7069701280227676,4.42745376955903,2.9694167852062634,0.9779516358463738,11.27311522048364,0.8890469416785294,2.0270270270270316,0.3378378378378386,4.391891891891888,4.391891891891895,4.391891891891902,5.4054054054054035
1471,CDU,250,19,1.0,1.0,3.597676623992413,1.0,1.0,3.1531531531531507,1.5291607396870432,3.9118065433855023,2.5604551920341407,1.3335704125177799,6.276671408250351,5.974395448079662,1.3513513513513402,3.7162162162162176,1.0135135135135158,5.067567567567565,2.7027027027026946,5.067567567567572
3853,CDU,250,19,1.0,0.0,2.8775486012328115,1.0,0.0,1.5202702702702713,2.3826458036984306,4.17852062588905,0.10668563300142608,4.285206258890469,4.445234708392597,1.866998577524896,1.689189189189186,0.3378378378378386,1.689189189189186,2.3648648648648702,2.3648648648648702,0.6756756756756772
3814,bunt.saar,250,19,1.0,1.0,2.9664532954006617,1.0,0.0,2.6463963963963955,5.95661450924608,1.618065433854916,1.4580369843527734,1.1913229018492189,6.241109530583209,1.3335704125177728,2.0270270270270245,1.689189189189186,4.054054054054063,0.3378378378378386,3.7162162162162105,4.054054054054049
1833,Die Grünen,250,19,0.0,0.0,3.170934091986721,1.0,0.0,3.434684684684689,5.778805120910384,4.551920341394016,1.3513513513513473,3.1116642958748244,1.2268847795163538,3.0049786628733983,0.3378378378378386,1.013513513513523,5.743243243243249,2.0270270270270245,5.743243243243249,5.743243243243249
1023,FDP,250,19,1.0,1.0,5.648411569464197,1.0,1.0,1.5765765765765767,11.308677098150774,5.334281650071119,0.035561877667138475,6.472261735419622,6.152204836415358,4.587482219061169,0.6756756756756772,2.364864864864863,1.6891891891891966,0.675675675675663,1.0135135135135158,3.040540540540544
4857,bunt.saar,250,19,1.0,1.0,2.8242057847321056,1.0,1.0,1.9144144144144175,2.6493598862019923,0.1955903271692847,5.26315789473685,0.9246088193456643,7.005689900426745,0.9068278805120968,2.702702702702709,1.0135135135135016,1.0135135135135158,4.391891891891895,1.3513513513513544,1.01351351351353
4909,FDP,250,19,1.0,0.0,4.122214319582745,1.0,1.0,2.3648648648648645,5.138691322901856,6.916785206258886,1.333570412517787,0.7112375533428192,0.9957325746799484,9.63726884779517,3.7162162162162176,3.0405405405405332,0.3378378378378386,5.4054054054054035,1.0135135135135158,0.6756756756756772
444,FDP,250,19,1.0,0.0,2.7797534376481727,1.0,0.0,2.9842342342342363,1.2980085348506378,2.3115220483641536,1.2980085348506378,4.80085348506401,0.142247510668561,6.827880512091035,0.0,7.432432432432435,1.3513513513513544,6.756756756756758,2.0270270270270316,0.3378378378378386
766,bunt.saar,250,19,1.0,0.0,3.793266951161693,1.0,0.0,1.9144144144144153,0.1955903271692847,1.8847795163584777,4.409672830725462,3.022759601706966,9.975106685633016,3.271692745376953,2.0270270270270245,2.702702702702709,3.378378378378372,0.6756756756756772,1.689189189189193,1.0135135135135158
3806,FDP,250,19,1.0,1.0,1.9233048838312012,1.0,1.0,1.8018018018018012,1.2268847795163538,1.0668563300142253,0.5156472261735452,3.627311522048373,4.569701280227601,0.5334281650071091,3.0405405405405332,2.7027027027027017,1.0135135135135087,2.0270270270270316,2.0270270270270316,0.0
3974,CDU,250,19,1.0,0.0,6.910858226647701,1.0,1.0,3.6036036036036045,1.9381223328591872,4.676386913229017,9.690611664295872,10.099573257467995,5.7254623044096675,9.334992887624466,2.364864864864863,4.729729729729733,4.054054054054056,1.3513513513513473,3.378378378378379,5.743243243243249
205,CDU,250,19,1.0,1.0,4.211119013750594,0.0,1.0,0.6756756756756784,3.2539118065433925,0.26671408250354744,3.805120910384069,7.2724039829302995,3.1827880512091085,7.485775248933145,0.6756756756756843,0.3378378378378386,0.3378378378378386,2.0270270270270245,0.3378378378378457,0.3378378378378386
1627,FDP,250,19,1.0,0.0,4.880867709815081,1.0,1.0,3.8288288288288275,2.6849217638691414,0.40896159317211556,6.009957325746804,0.1955903271692847,8.285917496443815,11.699857752489326,2.364864864864863,1.3513513513513544,5.067567567567565,3.378378378378372,5.4054054054054035,5.405405405405407
2458,FDP,250,19,1.0,0.0,3.185751541014698,1.0,1.0,1.4076576576576574,10.650782361308679,1.333570412517787,0.4978662873399671,0.8001422475106637,3.022759601706966,2.809388335704128,3.7162162162162176,0.0,1.3513513513513473,1.3513513513513544,1.3513513513513473,0.6756756756756772
4772,bunt.saar,250,19,1.0,0.0,6.839734471313419,1.0,1.0,1.8581081081081123,7.539118065433847,6.027738264580378,6.169985775248932,3.2539118065433854,12.784495021337122,5.26315789473685,1.6891891891892001,0.3378378378378386,1.689189189189193,0.6756756756756843,5.743243243243242,1.0135135135135158
2528,FDP,250,19,0.0,1.0,5.0705310573731595,0.0,1.0,5.067567567567566,0.4267425320056759,3.3605974395448044,7.0945945945945965,6.098862019914655,6.827880512091035,6.61450924608819,2.0270270270270174,5.405405405405411,4.729729729729726,8.108108108108105,6.418918918918919,3.7162162162162176
2243,FDP,250,19,1.0,0.0,5.346135609293505,1.0,0.0,0.957207207207207,10.49075391180655,5.583214793741114,1.689189189189186,6.3122332859175,5.903271692745371,2.0981507823613086,0.6756756756756843,0.6756756756756772,2.0270270270270245,0.675675675675663,1.3513513513513544,0.3378378378378386
2614,bunt.saar,250,19,1.0,0.0,3.9029160739687043,1.0,1.0,3.3220720720720736,3.911806543385495,3.6095305832147915,2.0625889046941523,1.6358463726884764,11.095305832147943,1.1024182076813673,1.3513513513513544,4.391891891891888,3.378378378378386,2.7027027027027017,4.054054054054049,4.054054054054063
1517,FDP,250,19,0.0,1.0,4.640825035561881,0.0,1.0,1.9707207207207216,2.9694167852062563,5.2275960170697005,3.0761024182076824,5.938833570412527,7.290184921763874,3.342816500711244,2.7027027027026946,3.378378378378379,1.6891891891892001,0.0,2.364864864864863,1.689189189189193
3342,FDP,250,19,0.0,1.0,3.45542911332385,0.0,1.0,2.7590090090090107,2.7738264580369787,0.46230440967283215,3.876244665718346,9.708392603129454,2.8982930298719793,1.0135135135135087,0.6756756756756772,3.0405405405405403,0.6756756756756701,3.7162162162162247,4.391891891891895,4.054054054054056
613,SPD,250,19,0.0,0.0,4.741583688952114,0.0,0.0,4.11036036036036,2.880512091038412,1.8847795163584706,6.116642958748223,3.342816500711244,8.428165007112376,5.796586059743959,1.0135135135135087,2.7027027027027017,0.6756756756756772,4.054054054054056,9.121621621621621,7.0945945945945965
907,FDP,250,19,1.0,0.0,6.057373162636321,1.0,1.0,3.265765765765766,10.526315789473685,2.489331436699864,8.17923186344239,6.756756756756758,0.2489331436699871,8.143669985775247,4.054054054054056,4.054054054054056,4.391891891891895,2.0270270270270245,2.364864864864863,2.7027027027027017
5037,FDP,250,19,0.0,0.0,3.3635609293504025,0.0,0.0,6.362612612612608,3.485064011379805,2.578236130867701,0.8712660028449548,10.73968705547653,2.115931721194869,0.3911806543385552,2.7027027027026946,8.108108108108098,7.0945945945945965,4.729729729729726,7.770270270270274,7.7702702702702595
2345,DIE LINKE,250,19,1.0,1.0,3.6095305832147937,1.0,1.0,1.689189189189193,6.294452347083919,5.316500711237566,5.689900426742533,0.3378378378378386,3.7873399715504945,0.23115220483641252,2.702702702702709,0.3378378378378386,0.3378378378378386,3.378378378378379,1.3513513513513615,2.0270270270270316
3280,Die Grünen,250,19,0.0,0.0,4.691204362256991,0.0,0.0,3.3783783783783803,1.831436699857747,8.232574679943106,4.534139402560456,0.8890469416785152,10.13513513513513,2.5248933143669916,4.391891891891895,0.3378378378378386,3.378378378378372,3.378378378378379,3.7162162162162176,5.067567567567579
1012,FDP,250,19,0.0,1.0,7.948079658605977,0.0,1.0,5.743243243243246,5.014224751066855,7.076813655761022,10.881934566145098,2.916073968705547,10.135135135135137,11.664295874822201,8.108108108108105,4.054054054054056,7.094594594594604,6.756756756756751,4.054054054054056,4.391891891891902
896,bunt.saar,250,19,0.0,1.0,7.533191085822666,1.0,1.0,0.0,2.0981507823613086,6.650071123755325,9.032716927453777,3.165007112375534,11.87766714082504,12.375533428165014,0.0,0.0,0.0,0.0,0.0,0.0
3389,Die Grünen,250,19,0.0,0.0,4.172593646277858,0.0,0.0,3.6036036036036037,0.9068278805120897,4.480796586059739,3.0405405405405332,5.529871977240404,7.201280227596023,3.8762446657183602,4.054054054054056,5.743243243243235,3.378378378378372,2.7027027027027017,2.3648648648648702,3.378378378378386
1291,bunt.saar,250,19,1.0,0.0,5.402441915599812,1.0,1.0,2.8716216216216224,1.6358463726884764,3.3961593172119606,6.152204836415365,1.582503556187767,15.291607396870546,4.356330014224753,3.7162162162162105,0.3378378378378386,3.378378378378372,4.729729729729733,0.6756756756756772,4.391891891891902
3161,FDP,250,19,0.0,0.0,3.2716927453769564,0.0,1.0,2.53378378378378,0.10668563300143319,4.071834992887624,4.871977240398294,6.098862019914655,3.0405405405405403,1.4402560455191917,1.6891891891891788,0.3378378378378386,2.7027027027027017,2.364864864864856,3.378378378378379,4.729729729729726
4423,DIE LINKE,250,19,1.0,1.0,1.7840208629682326,1.0,0.0,2.5337837837837824,0.2489331436699942,1.689189189189193,1.475817923186355,0.426742532005683,2.4537695590327075,4.409672830725462,2.0270270270270316,0.3378378378378386,4.391891891891881,0.3378378378378386,4.729729729729726,3.378378378378379
983,SPD,250,19,0.0,0.0,2.5486012328117575,0.0,0.0,4.786036036036035,0.6578947368421026,0.7823613086770962,5.352062588904687,4.694167852062591,3.7517780938833525,0.053342816500716594,0.3378378378378386,1.689189189189186,7.770270270270267,3.7162162162162176,8.445945945945944,6.756756756756758
3081,Die Grünen,250,19,1.0,1.0,7.257586533902324,1.0,1.0,1.1824324324324316,4.889758179231862,5.849928876244675,8.32147937411095,2.1692745376955926,12.802275960170697,9.51280227596017,0.0,2.0270270270270174,0.3378378378378386,1.689189189189186,0.0,3.0405405405405475
2849,FDP,250,19,0.0,1.0,2.9605263157894712,1.0,1.0,1.8581081081081017,0.3378378378378386,4.018492176386907,0.7112375533428192,3.307254623044095,4.551920341394016,4.836415362731152,2.7027027027026946,0.3378378378378244,0.6756756756756701,4.729729729729726,0.6756756756756701,2.0270270270270245
614,FDP,250,19,1.0,1.0,3.6391654812707444,0.0,1.0,4.504504504504504,6.116642958748223,0.2489331436699942,3.0405405405405403,4.889758179231862,6.525604551920338,1.0135135135135087,2.7027027027026946,5.743243243243242,4.054054054054056,1.0135135135135087,7.432432432432435,6.081081081081088
3145,Die Grünen,250,19,1.0,0.0,3.5828591749644354,1.0,0.0,2.9842342342342376,5.689900426742533,0.7290184921763796,1.866998577524896,2.7382645803698438,9.086059743954479,1.3869132290184822,1.689189189189186,4.391891891891902,4.729729729729726,3.378378378378379,2.0270270270270316,1.6891891891892001
823,bunt.saar,250,19,1.0,0.0,6.596728307254622,1.0,1.0,1.0698198198198199,2.2048364153627347,3.378378378378372,13.4601706970128,5.049786628733997,10.188477951635846,5.2987197724039845,0.6756756756756772,0.0,4.054054054054049,0.3378378378378386,0.6756756756756772,0.6756756756756772
2249,CDU,250,19,1.0,0.0,4.338549075391181,1.0,1.0,1.1824324324324305,3.342816500711244,4.978662873399713,1.1379800853485094,9.530583214793744,6.169985775248925,0.8712660028449477,1.0135135135135016,2.0270270270270316,0.6756756756756772,0.6756756756756701,1.689189189189186,1.0135135135135158
3738,Die Grünen,250,19,1.0,0.0,7.429468942626837,1.0,1.0,1.0135135135135123,1.7780938833570303,7.0590327169274545,7.770270270270274,2.8449502133712556,12.606685633001433,12.517780938833575,0.3378378378378386,1.3513513513513544,1.0135135135135158,1.3513513513513544,1.6891891891891788,0.3378378378378315
3819,bunt.saar,250,19,1.0,1.0,3.8969890943575165,1.0,1.0,1.1824324324324305,4.142958748221908,2.8271692745376953,5.636557610241823,0.6756756756756772,5.5832147937411065,4.516358463726888,1.0135135135135158,0.675675675675663,2.0270270270270174,0.3378378378378386,2.702702702702709,0.3378378378378386
4622,SPD,250,19,1.0,0.0,3.9325509720246536,1.0,1.0,0.5630630630630584,0.5689900426742511,2.0270270270270316,8.108108108108098,0.9779516358463738,5.814366998577512,6.098862019914655,0.0,1.3513513513513402,0.3378378378378244,1.3513513513513473,0.0,0.3378378378378386
339,bunt.saar,250,19,1.0,1.0,4.074798482693217,0.0,1.0,1.1261261261261264,2.400426742532005,0.6934566145092447,4.42745376955903,0.5689900426742511,10.561877667140813,5.796586059743959,1.3513513513513473,1.689189189189186,0.3378378378378386,0.6756756756756772,0.3378378378378386,2.3648648648648702
3191,FDP,250,19,1.0,1.0,5.69286391654813,1.0,1.0,1.2387387387387345,3.9118065433855023,5.494310099573255,1.7069701280227534,3.7339971550497992,6.970128022759596,12.339971550497872,0.6756756756756701,0.6756756756756772,0.3378378378378315,1.6891891891891788,2.364864864864863,1.689189189189186
2863,Die Grünen,250,19,1.0,1.0,4.359293504030346,1.0,0.0,2.0833333333333357,2.489331436699864,2.044807965860592,5.4409672830725455,1.546941678520632,8.908250355618776,5.7254623044096675,1.689189189189193,0.3378378378378244,3.0405405405405475,1.689189189189186,3.0405405405405546,2.702702702702709
4419,FDP,250,19,1.0,0.0,6.306306306306308,0.0,1.0,2.364864864864868,6.330014224751068,7.965860597439537,5.28093883357041,5.707681365576114,7.983641536273112,4.569701280227605,0.6756756756756772,3.0405405405405332,3.378378378378379,1.3513513513513686,2.7027027027027017,3.0405405405405475
2127,Die Grünen,250,19,1.0,0.0,5.390587956377437,1.0,1.0,2.0270270270270316,1.2091038406827934,5.245376955903275,6.365576102418217,4.285206258890469,7.894736842105267,7.343527738264598,2.702702702702709,0.3378378378378315,3.0405405405405546,1.689189189189193,0.6756756756756772,3.7162162162162247
391,Die Grünen,250,19,1.0,1.0,4.184447605500235,1.0,1.0,0.900900900900897,8.392603129445227,0.46230440967282505,2.5426742532005733,6.276671408250351,6.987908961593163,0.4445234708392718,0.3378378378378244,1.0135135135135016,1.689189189189193,1.3513513513513615,0.3378378378378386,0.675675675675663
2680,CDU,250,19,1.0,1.0,1.763276434329067,1.0,1.0,2.533783783783781,1.973684210526315,2.5426742532005733,0.4800853485063996,0.1955903271692847,0.10668563300141898,5.28093883357041,3.7162162162162105,2.364864864864863,1.689189189189193,2.7027027027026946,3.378378378378372,1.3513513513513544
2206,FDP,250,19,0.0,0.0,4.643788525367477,0.0,1.0,4.954954954954957,3.2539118065433925,7.770270270270274,3.0405405405405403,4.978662873399728,4.463015647226179,4.356330014224753,3.7162162162162176,5.067567567567579,5.4054054054054035,1.0135135135135158,6.418918918918919,8.108108108108105
81,bunt.saar,250,19,0.0,0.0,6.629326695116171,1.0,1.0,2.9279279279279273,4.409672830725462,0.6223328591749677,7.752489331436699,1.6002844950213415,14.935988620199147,10.455192034139408,0.6756756756756772,3.378378378378379,3.7162162162162105,3.378378378378379,2.702702702702709,3.7162162162162105
1447,Die Grünen,250,19,1.0,0.0,7.2694404931247005,1.0,1.0,1.689189189189187,4.089615931721191,7.5924608819345565,6.027738264580378,2.9694167852062563,14.118065433854902,8.819345661450917,0.0,0.0,3.7162162162162247,1.3513513513513473,4.391891891891888,0.675675675675663
5073,CDU,250,19,1.0,0.0,1.529160739687055,1.0,1.0,1.2950450450450444,1.9203413940255984,1.6358463726884764,0.40896159317212266,4.587482219061172,0.21337126600283796,0.40896159317212266,3.0405405405405332,1.0135135135135158,1.0135135135135158,0.3378378378378386,0.3378378378378315,2.0270270270270316
2003,SPD,250,19,0.0,1.0,5.592105263157895,0.0,1.0,3.547297297297297,0.0,2.7560455192034112,12.357752489331446,0.07112375533427695,7.912517780938828,10.455192034139408,3.378378378378379,0.3378378378378386,4.729729729729726,1.3513513513513544,5.743243243243242,5.743243243243242
1699,DIE LINKE,250,19,1.0,1.0,3.852536747273586,0.0,0.0,8.051801801801801,5.618776671408241,3.2539118065433925,8.872688477951627,1.7780938833570303,0.9957325746799413,2.5960170697012828,5.743243243243249,2.7027027027026946,12.5,8.445945945945944,9.797297297297298,9.121621621621621
2308,bunt.saar,250,19,1.0,0.0,4.065908013276438,1.0,1.0,1.407657657657662,1.9381223328591801,2.0270270270270316,9.139402560455203,1.2268847795163538,7.0945945945945965,2.9694167852062634,1.689189189189186,2.0270270270270316,1.3513513513513686,0.6756756756756772,2.0270270270270316,0.6756756756756772
973,Die Grünen,250,19,0.0,0.0,4.468942626837365,0.0,1.0,1.4076576576576585,2.187055476529153,2.6493598862019923,4.854196301564727,4.569701280227605,10.046230440967292,2.507112375533424,0.6756756756756701,1.689189189189193,2.0270270270270316,1.0135135135135087,2.0270270270270316,1.0135135135135158
67,FDP,250,19,1.0,1.0,1.8403271692745342,1.0,1.0,1.6328828828828819,1.6358463726884764,2.6315789473684177,1.8847795163584635,0.4800853485063925,3.1116642958748173,1.2980085348506378,2.0270270270270316,0.0,0.6756756756756772,2.7027027027026946,2.0270270270270245,2.364864864864863
5084,FDP,250,19,1.0,1.0,4.593409198672357,1.0,1.0,1.126126126126124,6.810099573257467,3.1294452347083777,4.338549075391185,2.275960170697026,5.369843527738269,5.636557610241816,0.3378378378378386,1.3513513513513615,0.6756756756756701,2.0270270270270174,2.364864864864856,0.0
1235,FDP,250,19,1.0,1.0,4.892721669037456,1.0,1.0,4.448198198198196,5.0853485064011394,9.886201991465143,1.9203413940255984,2.6671408250355597,4.623044096728307,5.174253200568991,6.081081081081081,4.391891891891895,1.0135135135135087,4.729729729729719,6.756756756756758,3.7162162162162176
2622,FDP,250,19,1.0,1.0,3.6065670934091947,1.0,1.0,1.1824324324324327,2.1692745376955855,2.7382645803698367,3.9295874822190555,2.791607396870546,3.5561877667140855,6.454480796586058,1.689189189189186,0.6756756756756843,0.6756756756756772,1.3513513513513544,2.0270270270270245,0.6756756756756701
1602,FDP,250,19,1.0,1.0,1.5943575154101453,1.0,1.0,3.9977477477477485,1.0135135135135087,2.6671408250355597,0.142247510668561,1.51137980085349,3.1116642958748173,1.1201991465149348,2.0270270270270245,2.0270270270270245,5.743243243243249,5.067567567567565,4.391891891891895,4.729729729729733
851,bunt.saar,250,19,1.0,0.0,5.366880037932668,1.0,1.0,1.5202702702702737,0.08890469416784441,4.889758179231862,7.948079658605984,1.0490753911806507,12.891180654338555,5.334281650071112,2.364864864864863,1.689189189189186,1.013513513513523,0.6756756756756772,1.3513513513513615,2.0270270270270316
3692,SPD,250,19,0.0,0.0,3.1827880512091062,0.0,1.0,2.139639639639641,1.724751066856328,6.472261735419629,1.0490753911806578,0.46230440967283215,4.925320056899011,4.463015647226179,2.7027027027027017,0.3378378378378386,4.7297297297297405,1.3513513513513473,2.3648648648648702,1.3513513513513473
2837,DIE LINKE,250,19,0.0,0.0,3.3072546230441,0.0,1.0,4.954954954954956,3.5028449502133725,1.5647226173541924,0.4267425320056901,1.8847795163584706,6.54338549075392,5.921052631578952,7.0945945945945965,1.0135135135135087,6.756756756756758,3.7162162162162176,7.0945945945945965,4.054054054054056
1888,bunt.saar,250,19,0.0,0.0,4.507467994310104,1.0,1.0,2.252252252252253,1.4224751066856385,0.7645803698435287,4.107396870554766,5.03200568990043,9.77951635846373,5.938833570412527,1.0135135135135158,0.675675675675663,3.7162162162162105,2.3648648648648702,2.702702702702709,3.0405405405405475
4272,FDP,250,19,0.0,1.0,6.279634898055952,1.0,1.0,2.8153153153153183,0.8712660028449548,6.098862019914655,3.2539118065433854,5.565433854907539,8.143669985775247,13.744665718349928,3.378378378378386,1.689189189189193,2.0270270270270316,3.0405405405405403,1.3513513513513544,5.4054054054054035
4438,FDP,250,19,0.0,0.0,3.402086296823139,1.0,1.0,1.9144144144144128,6.454480796586061,0.16002844950213557,0.7823613086771033,7.254623044096725,2.293741109530586,3.4672830725462234,1.689189189189186,2.364864864864856,3.7162162162162176,3.0405405405405475,0.0,0.6756756756756701
934,Die Grünen,250,19,1.0,1.0,7.3613086770981475,1.0,1.0,2.421171171171166,2.2403982930298625,5.51209103840683,10.241820768136563,1.724751066856328,11.397581792318633,13.05120910384067,2.0270270270270245,0.6756756756756701,5.4054054054054035,1.0135135135135087,3.0405405405405332,2.364864864864856
3580,FDP,250,19,1.0,1.0,2.1455666192508303,1.0,1.0,1.2387387387387416,0.9423897581792318,1.9203413940255984,0.2844950213371291,2.6493598862019923,3.5739687055476566,3.5028449502133725,0.6756756756756772,0.6756756756756843,1.3513513513513544,1.0135135135135158,2.0270270270270245,1.689189189189193
1420,FDP,250,19,1.0,0.0,4.184447605500235,1.0,1.0,0.9572072072072046,3.6450924608819264,2.5248933143669987,1.1913229018492189,8.07254623044097,3.5384068278805074,6.13442389758179,0.0,1.3513513513513473,0.6756756756756701,2.0270270270270316,1.0135135135135087,0.6756756756756701
4921,FDP,250,19,0.0,1.0,3.9592223802750106,1.0,1.0,3.3783783783783776,0.23115220483641252,7.112375533428171,2.8449502133712627,4.267425320056894,3.8940256045519206,5.4054054054054035,2.0270270270270316,3.7162162162162176,4.729729729729726,1.3513513513513473,4.729729729729726,3.7162162162162176
37,bunt.saar,250,19,0.0,1.0,7.6576576576576585,1.0,1.0,0.4504504504504479,0.8890469416785152,1.7425320056898954,9.743954480796589,8.90825035561879,14.171408250355618,10.490753911806543,0.6756756756756772,0.6756756756756772,0.3378378378378386,0.3378378378378244,0.3378378378378315,0.3378378378378386
2935,bunt.saar,250,19,1.0,0.0,5.541725936462779,1.0,1.0,2.252252252252253,0.6578947368421098,2.400426742531998,7.788051209103834,7.681365576102429,6.756756756756758,7.965860597439544,1.3513513513513473,2.702702702702709,2.0270270270270316,3.378378378378379,0.3378378378378386,3.7162162162162105
2305,CDU,250,19,1.0,1.0,5.683973447131343,0.0,1.0,4.898648648648645,5.6187766714082485,5.067567567567565,6.863442389758184,1.2802275960170704,8.55263157894737,6.721194879089616,3.7162162162162033,4.729729729729726,3.378378378378379,6.081081081081074,6.756756756756758,4.729729729729726
4457,CDU,250,19,1.0,0.0,3.3428165007112356,1.0,1.0,4.7860360360360374,2.400426742532005,1.5647226173541924,1.2980085348506378,7.130156472261731,2.471550497866282,5.1920341394025655,4.391891891891895,5.067567567567565,7.432432432432435,1.0135135135135158,6.418918918918926,4.391891891891888
3506,SPD,250,19,1.0,0.0,2.7856804172593654,1.0,0.0,1.2387387387387416,3.662873399715508,0.6223328591749677,4.640825035561882,1.3513513513513473,2.7738264580369787,3.662873399715508,1.689189189189193,2.364864864864863,1.013513513513523,0.3378378378378386,1.0135135135135158,1.0135135135135158
2848,FDP,250,19,0.0,0.0,3.277619724988149,1.0,0.0,3.7162162162162153,1.9381223328591872,4.320768136557611,0.23115220483641252,5.938833570412527,5.903271692745371,1.333570412517787,1.013513513513523,2.0270270270270245,4.729729729729726,2.364864864864856,7.770270270270267,4.391891891891895
2392,FDP,250,19,0.0,1.0,3.37245139876719,0.0,0.0,6.193693693693695,4.747510668563301,0.8179231863442382,0.9779516358463738,3.1472261735419664,7.859174964438125,2.6849217638691343,3.0405405405405403,7.0945945945945965,8.445945945945944,0.3378378378378386,7.432432432432435,10.810810810810814
1724,FDP,250,19,1.0,1.0,1.9825746799431023,1.0,1.0,1.689189189189192,0.6401137980085352,0.2489331436699871,2.3470839260312957,6.8100995732574745,0.5512091038406837,1.2980085348506378,2.0270270270270245,1.3513513513513544,1.3513513513513544,1.3513513513513544,2.702702702702709,1.3513513513513544
4179,bunt.saar,250,19,0.0,0.0,4.101469890943576,0.0,1.0,2.9279279279279273,1.6002844950213486,1.4935988620199083,6.347795163584628,3.09388335704125,4.000711237553347,8.07254623044097,2.3648648648648702,3.0405405405405475,1.3513513513513402,4.729729729729726,1.689189189189193,4.391891891891888
1100,bunt.saar,250,19,0.0,0.0,7.121266002844952,0.0,0.0,11.261261261261263,1.2802275960170704,8.001422475106693,5.049786628733997,2.2403982930298696,16.749644381223334,9.40611664295875,6.756756756756758,6.756756756756758,12.5,9.797297297297298,15.202702702702702,16.554054054054063
2318,SPD,250,19,1.0,0.0,3.236130867709813,1.0,0.0,2.252252252252253,5.28093883357041,0.8001422475106708,3.1294452347083777,3.840682788051211,3.9118065433855023,2.4537695590327075,1.3513513513513544,1.0135135135135087,4.391891891891902,3.0405405405405403,1.0135135135135087,2.7027027027027017
4476,FDP,250,19,0.0,1.0,2.2522522522522515,0.0,0.0,2.8153153153153183,2.880512091038412,3.022759601706973,3.7517780938833525,3.2539118065433854,0.12446657183499354,0.4800853485063925,0.0,4.054054054054063,3.7162162162162176,1.3513513513513473,3.7162162162162176,4.054054054054063
1391,bunt.saar,250,19,1.0,0.0,4.7564011379800855,1.0,1.0,3.209459459459462,1.4580369843527734,4.889758179231862,3.911806543385495,0.5689900426742511,11.717638691322904,5.992176386913229,3.7162162162162176,1.0135135135135087,3.7162162162162247,6.081081081081081,1.689189189189193,3.0405405405405475
555,DIE LINKE,250,19,0.0,0.0,2.3500474158368867,0.0,0.0,3.0405405405405403,5.049786628733997,3.200568990042669,0.8179231863442382,1.8492176386913215,2.0270270270270316,1.1557610241820626,7.094594594594589,2.0270270270270245,0.6756756756756701,6.081081081081088,1.0135135135135087,1.3513513513513615
3167,SPD,250,19,0.0,0.0,5.2868658131816,1.0,0.0,2.3648648648648667,9.868421052631582,3.520625889046933,2.6671408250355597,10.348506401137975,2.115931721194869,3.200568990042683,3.7162162162162176,1.013513513513523,2.7027027027026946,4.729729729729733,0.3378378378378386,1.689189189189193
1532,FDP,250,19,1.0,0.0,4.771218587008062,1.0,0.0,4.898648648648649,4.12517780938834,0.9423897581792389,8.517069701280228,1.3335704125177799,8.534850640113795,5.174253200568991,0.3378378378378386,1.689189189189193,10.135135135135137,1.0135135135135158,8.108108108108105,8.108108108108105
2657,bunt.saar,250,19,0.0,1.0,7.399834044570889,0.0,1.0,3.1531531531531543,0.6756756756756772,4.765291607396868,10.330725462304414,4.729729729729733,15.149359886201992,8.748221906116648,3.7162162162162176,0.3378378378378386,3.378378378378372,5.067567567567572,4.054054054054056,2.3648648648648702
742,CDU,250,19,1.0,1.0,2.1248221906116633,0.0,1.0,2.139639639639641,0.16002844950213557,1.4935988620199083,1.1201991465149348,0.3911806543385552,5.103129445234707,4.480796586059739,1.3513513513513544,2.0270270270270316,2.0270270270270316,4.729729729729726,0.6756756756756772,2.0270270270270245
6,Die Grünen,250,19,1.0,0.0,8.899359886201992,0.0,1.0,1.8581081081081112,5.192034139402573,3.022759601706973,11.628733997155052,9.210526315789465,16.10953058321479,8.232574679943099,1.3513513513513615,0.3378378378378386,4.391891891891902,2.0270270270270316,2.364864864864856,0.6756756756756772
63,FDP,250,19,0.0,1.0,6.584874348032241,1.0,1.0,0.0,7.04125177809388,0.2844950213371291,7.823613086770983,13.762446657183496,0.7112375533428192,9.886201991465146,0.0,0.0,0.0,0.0,0.0,0.0
225,DIE LINKE,250,19,1.0,1.0,4.16073968705548,1.0,0.0,3.4909909909909906,2.435988620199147,1.4580369843527734,4.231863442389766,1.1379800853485094,12.67780938833571,3.022759601706973,4.054054054054056,1.0135135135135016,2.0270270270270316,3.378378378378379,5.405405405405411,5.067567567567565
4060,FDP,250,19,1.0,0.0,5.029042200094832,1.0,0.0,2.2522522522522515,2.6849217638691414,10.206258890469414,1.404694167852064,1.9914651493598896,9.619487908961588,4.267425320056894,8.445945945945937,1.689189189189186,1.689189189189193,0.3378378378378386,1.0135135135135158,0.3378378378378386
1790,FDP,250,19,0.0,0.0,5.026078710289237,1.0,1.0,3.1531531531531507,4.302987197724043,0.8534850640113874,8.80156472261735,7.396870554765293,3.200568990042669,5.600995732574681,4.391891891891881,3.7162162162162176,4.391891891891895,2.0270270270270174,1.0135135135135158,3.378378378378379
1214,FDP,250,19,1.0,1.0,4.222972972972972,1.0,1.0,2.252252252252253,1.6358463726884764,0.26671408250354744,3.876244665718353,0.3378378378378386,9.45945945945946,9.761735419630156,0.3378378378378386,1.013513513513523,2.3648648648648702,2.364864864864856,2.364864864864863,5.067567567567565
2508,SPD,250,19,0.0,0.0,6.893077287814131,0.0,1.0,1.6328828828828843,7.734708392603125,3.44950213371267,7.02347083926032,1.440256045519206,11.36201991465149,10.348506401137975,2.7027027027026946,3.378378378378372,0.6756756756756914,0.0,1.689189189189193,1.3513513513513544
822,bunt.saar,250,19,1.0,1.0,3.9118065433854845,1.0,1.0,0.6756756756756737,2.4537695590327075,8.321479374110943,2.8449502133712485,2.009246088193457,7.467994310099577,0.37339971550497353,0.6756756756756701,0.3378378378378386,1.0135135135135016,0.3378378378378386,1.3513513513513544,0.3378378378378386
2230,CDU,250,19,0.0,0.0,2.5723091512565155,0.0,0.0,3.5472972972972934,5.618776671408241,2.9871977240398238,3.9295874822190626,0.604551920341386,2.187055476529153,0.10668563300142608,2.7027027027026946,0.0,4.729729729729726,1.0135135135135087,7.770270270270267,5.067567567567565
2760,bunt.saar,250,19,1.0,0.0,3.013869132290187,1.0,0.0,0.957207207207207,0.8179231863442382,0.5512091038406766,4.943100995732578,0.7112375533428192,9.370554765291615,1.689189189189193,1.013513513513523,2.0270270270270174,0.3378378378378386,0.6756756756756843,1.6891891891891788,0.0
4765,SPD,250,19,1.0,1.0,2.7856804172593628,0.0,1.0,4.3918918918918886,2.5248933143669916,4.160739687055475,2.4537695590327075,6.436699857752487,0.5689900426742582,0.5689900426742582,1.0135135135135087,2.702702702702709,4.391891891891888,6.081081081081081,5.067567567567565,7.094594594594582
773,FDP,250,19,1.0,1.0,5.011261261261262,1.0,1.0,5.743243243243245,3.0405405405405403,3.058321479374115,10.56187766714082,2.4182076813655797,3.09388335704125,7.894736842105267,1.0135135135135158,4.391891891891895,9.797297297297298,7.0945945945945965,0.3378378378378386,11.824324324324323
103,FDP,250,19,0.0,1.0,3.067211948790895,1.0,1.0,1.1824324324324351,0.4800853485063925,4.160739687055475,4.640825035561875,4.534139402560456,4.036273115220489,0.5512091038406837,2.0270270270270316,3.7162162162162105,0.6756756756756843,0.6756756756756843,0.0,0.0
2317,FDP,250,19,1.0,0.0,5.689900426742533,1.0,1.0,2.759009009009007,6.685633001422481,1.0668563300142253,5.1920341394025655,4.480796586059739,5.547652916073972,11.166429587482217,3.0405405405405403,2.7027027027027017,3.378378378378379,0.3378378378378244,3.378378378378379,3.7162162162162176
2771,bunt.saar,250,19,1.0,0.0,5.654338549075395,1.0,1.0,1.2387387387387356,0.40896159317212266,3.9651493598862118,6.667852062588906,1.4935988620199154,14.366998577524889,7.023470839260327,1.3513513513513544,0.3378378378378386,0.3378378378378386,2.364864864864863,2.364864864864856,0.675675675675663
4929,CDU,250,19,1.0,1.0,1.114272166903748,1.0,1.0,2.92792792792793,0.3378378378378386,3.271692745376953,1.5291607396870575,0.3911806543385552,0.6401137980085352,0.5156472261735487,4.054054054054049,1.3513513513513544,2.364864864864863,4.054054054054063,5.067567567567565,0.6756756756756843
3218,bunt.saar,250,19,0.0,0.0,2.435988620199147,1.0,0.0,1.6328828828828807,0.8712660028449548,2.5960170697012828,0.5156472261735416,1.8492176386913144,6.952347083926043,1.831436699857747,1.3513513513513473,3.378378378378379,0.0,1.689189189189186,0.3378378378378386,3.0405405405405332
2354,FDP,250,19,1.0,1.0,5.0468231389284055,1.0,0.0,1.0135135135135112,6.258890469416791,1.1913229018492189,4.374110953058327,6.365576102418217,5.085348506401132,7.005689900426745,0.3378378378378386,2.364864864864863,0.0,2.0270270270270174,0.0,1.3513513513513473
20,Die Grünen,250,19,1.0,0.0,2.9160739687055455,1.0,0.0,2.3085585585585555,2.1692745376955855,7.325746799431002,0.1955903271692847,1.7069701280227534,3.662873399715508,2.43598862019914,3.378378378378379,1.3513513513513402,0.3378378378378386,3.378378378378372,3.378378378378372,2.0270270270270316
3945,bunt.saar,250,19,0.0,1.0,4.507467994310102,1.0,1.0,2.2522522522522537,4.000711237553347,4.409672830725462,3.8584637268847786,6.6678520625889135,1.5469416785206391,6.561166429587473,2.0270270270270245,1.0135135135135016,1.3513513513513544,5.067567567567565,0.6756756756756914,3.378378378378386
3880,DIE LINKE,250,19,0.0,0.0,3.642128971076344,0.0,0.0,2.5900900900900936,2.7382645803698438,5.849928876244675,1.5291607396870575,7.02347083926032,3.2183499288762576,1.4935988620199083,5.743243243243249,1.013513513513523,3.378378378378386,0.6756756756756701,1.689189189189186,3.0405405405405475
824,CDU,250,19,1.0,1.0,5.891417733522991,1.0,0.0,2.8716216216216197,7.307965860597427,3.805120910384062,1.5291607396870575,5.618776671408241,11.682076813655755,5.4054054054054035,4.729729729729726,1.689189189189186,1.3513513513513544,4.729729729729726,3.378378378378372,1.3513513513513544
2467,CDU,250,19,0.0,0.0,4.40967283072546,0.0,1.0,1.8018018018018012,7.876955903271693,1.2446657183499354,1.3513513513513473,10.68634423897582,1.7780938833570303,3.520625889046933,3.378378378378379,0.3378378378378244,1.3513513513513473,0.6756756756756843,1.689189189189193,3.378378378378379
3128,CDU,250,19,1.0,0.0,2.6849217638691343,1.0,1.0,1.6891891891891906,0.6756756756756772,0.16002844950213557,2.293741109530579,2.7204836415362763,5.138691322901856,5.1209103840682815,0.6756756756756701,3.0405405405405475,0.3378378378378386,3.378378378378379,2.0270270270270316,0.6756756756756772
5161,FDP,250,19,0.0,0.0,6.039592223802747,1.0,1.0,7.207207207207204,6.54338549075392,0.3556187766714132,10.633001422475097,4.87197724039828,8.392603129445234,5.440967283072538,8.783783783783782,7.094594594594582,9.459459459459453,1.3513513513513615,8.108108108108105,8.445945945945937
505,FDP,250,19,1.0,1.0,6.7952821242294945,0.0,1.0,3.0405405405405403,0.3022759601707037,10.08179231863442,9.63726884779517,1.3335704125177799,11.184210526315788,8.232574679943106,0.3378378378378315,0.6756756756756772,4.391891891891888,0.0,7.0945945945945965,5.743243243243249
4027,bunt.saar,250,19,1.0,1.0,2.7590090090090107,1.0,1.0,1.4076576576576574,1.9381223328591801,1.1913229018492189,4.054054054054063,1.5647226173541924,5.938833570412527,1.8669985775248819,1.0135135135135158,0.6756756756756772,1.3513513513513402,2.364864864864863,0.6756756756756772,2.3648648648648702
4842,bunt.saar,250,19,1.0,0.0,4.898648648648645,1.0,1.0,1.0135135135135147,2.7204836415362763,2.115931721194869,4.907539118065429,0.5512091038406837,13.371266002844948,5.72546230440966,2.0270270270270316,0.3378378378378386,2.0270270270270316,1.3513513513513473,0.0,0.3378378378378386
4578,Die Grünen,250,19,1.0,1.0,1.638809862494071,1.0,0.0,3.322072072072076,1.831436699857747,3.0049786628734054,0.40896159317210845,0.9068278805120897,2.9694167852062563,0.7112375533428192,2.3648648648648702,2.0270270270270316,5.743243243243256,0.3378378378378457,4.729729729729726,4.729729729729726
1080,bunt.saar,250,19,1.0,1.0,6.854551920341396,1.0,1.0,0.33783783783783505,6.205547652916081,4.996443812233288,9.637268847795156,1.333570412517787,11.806543385490748,7.147937411095313,0.0,0.0,0.0,1.0135135135135087,0.0,1.0135135135135016
4976,Die Grünen,250,19,1.0,1.0,5.103129445234708,1.0,0.0,2.1396396396396433,3.1116642958748244,3.591749644381224,5.672119487908951,0.9068278805120897,6.614509246088197,10.721906116642963,0.6756756756756701,1.689189189189186,3.0405405405405475,0.3378378378378457,3.0405405405405546,4.054054054054056
411,bunt.saar,250,19,1.0,1.0,3.8525367472735907,1.0,1.0,1.0135135135135112,0.6223328591749677,2.8271692745376953,3.022759601706966,4.640825035561875,5.2275960170697005,6.77453769559034,1.689189189189186,0.3378378378378386,0.3378378378378244,2.364864864864863,0.6756756756756772,0.6756756756756772
4019,FDP,250,19,1.0,1.0,4.2792792792792795,1.0,1.0,2.3648648648648654,6.721194879089616,4.925320056899004,1.0490753911806507,0.10668563300143319,7.983641536273112,4.889758179231862,3.0405405405405403,2.3648648648648702,2.3648648648648702,0.675675675675663,0.6756756756756772,5.067567567567572
2030,DIE LINKE,250,19,0.0,0.0,5.532835467045996,1.0,0.0,1.576576576576579,0.35561877667140607,5.369843527738276,6.507823613086771,4.37411095305832,10.046230440967285,6.54338549075392,1.3513513513513473,3.0405405405405546,0.0,2.0270270270270316,1.3513513513513473,1.689189189189193
481,bunt.saar,250,19,0.0,0.0,4.341512565196776,0.0,1.0,3.32207207207207,2.258179231863444,1.8136557610241795,3.733997155049792,0.1422475106685539,11.273115220483646,6.827880512091042,4.391891891891881,2.702702702702709,7.770270270270267,1.0135135135135087,3.378378378378379,0.6756756756756772
3756,DIE LINKE,250,19,0.0,0.0,2.3470839260312935,1.0,0.0,2.4211711711711694,2.3826458036984377,5.334281650071112,0.3378378378378386,4.658605974395456,0.35561877667140607,1.0135135135135087,2.7027027027027017,2.364864864864856,2.3648648648648702,2.364864864864863,1.689189189189186,3.0405405405405403
1165,DIE LINKE,250,19,1.0,1.0,3.4761735419630084,1.0,0.0,3.9414414414414396,0.4800853485063925,1.5825035561877598,4.960881934566139,4.87197724039828,8.677098150782356,0.284495021337122,4.729729729729733,0.675675675675663,3.378378378378379,8.108108108108098,3.0405405405405403,3.7162162162162247
4221,Die Grünen,250,19,0.0,1.0,7.678402086296821,0.0,1.0,1.2387387387387356,5.921052631578952,6.596728307254629,10.277382645803684,3.1827880512091085,10.810810810810807,9.28165007112375,0.3378378378378386,1.689189189189193,1.3513513513513402,0.3378378378378315,1.0135135135135016,2.702702702702709
517,FDP,250,19,1.0,1.0,1.6002844950213369,1.0,1.0,2.083333333333332,0.6934566145092447,0.03556187766713492,2.2403982930298696,0.053342816500716594,1.582503556187767,4.996443812233288,1.689189189189186,0.3378378378378315,1.3513513513513544,5.4054054054054035,2.7027027027027017,1.0135135135135158
864,CDU,250,19,1.0,0.0,2.773826458036981,1.0,1.0,1.1261261261261228,1.5647226173541924,2.8982930298719793,2.00924608819345,7.450213371266003,2.507112375533424,0.21337126600283796,2.7027027027027017,2.0270270270270245,0.6756756756756701,0.3378378378378315,0.0,1.0135135135135087
4316,FDP,250,19,1.0,1.0,3.763632053105734,1.0,1.0,2.1959459459459474,1.8136557610241795,3.52062588904694,0.23115220483641252,6.0099573257467895,2.8805120910384083,8.125889046941673,1.689189189189193,3.7162162162162176,2.027027027027028,2.0270270270270316,2.0270270270270245,1.6891891891891895
1288,SPD,250,19,0.0,0.0,6.9938359412043605,1.0,1.0,1.8018018018018012,2.0981507823613086,1.0312944523470833,10.95305832147936,1.9914651493598896,13.65576102418207,12.233285917496453,2.0270270270270316,1.3513513513513544,2.0270270270270174,2.0270270270270245,2.364864864864856,1.013513513513523
1822,bunt.saar,250,19,1.0,0.0,6.475225225225223,1.0,1.0,1.4639639639639626,2.258179231863444,0.9246088193456643,10.544096728307252,4.214082503556185,15.078236130867701,5.832147937411094,0.6756756756756701,1.689189189189193,2.7027027027026946,0.3378378378378315,2.702702702702709,0.6756756756756772
4416,bunt.saar,250,19,1.0,1.0,6.6500711237553345,1.0,0.0,1.4639639639639601,6.009957325746804,4.729729729729726,10.02844950213371,3.413940256045521,10.9352773826458,4.783072546230443,1.3513513513513473,0.675675675675663,0.3378378378378386,1.0135135135135087,2.0270270270270316,3.378378378378372
3944,bunt.saar,250,19,1.0,0.0,6.3418681839734505,1.0,0.0,2.0833333333333344,0.32005689900427114,2.115931721194869,9.903982930298724,5.992176386913236,14.011379800853483,5.707681365576121,0.0,1.0135135135135016,1.3513513513513544,3.0405405405405403,3.7162162162162247,3.378378378378386
3504,FDP,250,19,1.0,0.0,5.029042200094835,1.0,0.0,5.292792792792791,3.2894736842105345,2.880512091038412,8.01920341394026,3.485064011379805,5.547652916073972,6.952347083926028,3.7162162162162105,5.067567567567565,8.445945945945951,3.0405405405405332,7.0945945945945965,4.391891891891888
1898,FDP,250,19,1.0,1.0,4.723802750118542,1.0,1.0,2.195945945945945,8.766002844950215,2.2048364153627347,1.2446657183499283,1.4758179231863409,9.921763869132299,4.729729729729733,2.0270270270270174,0.6756756756756772,2.0270270270270316,2.364864864864856,4.391891891891895,1.689189189189193
3198,FDP,250,19,1.0,1.0,3.9177335229966843,1.0,0.0,3.8851351351351333,5.600995732574688,2.9694167852062634,3.307254623044102,6.970128022759603,0.6223328591749677,4.036273115220482,1.0135135135135087,2.3648648648648702,5.743243243243242,3.378378378378372,4.729729729729726,6.081081081081081
4286,CDU,250,19,0.0,0.0,6.113679468942624,0.0,0.0,3.65990990990991,3.1827880512090942,2.115931721194869,8.748221906116648,9.03271692745377,4.498577524893314,9.103840682788046,2.0270270270270316,2.3648648648648702,5.4054054054054035,2.0270270270270245,5.067567567567565,5.067567567567565
3420,FDP,250,19,1.0,0.0,2.913110478899956,1.0,0.0,2.4211711711711756,4.391891891891895,0.2489331436699942,3.7162162162162176,4.338549075391185,4.765291607396875,0.01778093883356746,0.0,3.7162162162162176,4.054054054054056,2.3648648648648702,3.378378378378393,1.0135135135135158
4002,SPD,250,19,0.0,0.0,6.3566856330014225,0.0,0.0,1.9144144144144164,1.404694167852064,6.7745376955903325,9.77951635846373,2.916073968705547,13.424608819345664,3.840682788051197,0.6756756756756843,1.689189189189193,3.378378378378386,1.0135135135135087,4.391891891891888,0.3378378378378386
3616,CDU,250,19,1.0,1.0,3.4139402560455117,1.0,1.0,1.9144144144144175,0.4267425320056759,3.09388335704125,1.689189189189186,8.588193456614498,3.7517780938833525,2.933854907539107,2.702702702702709,1.689189189189193,1.3513513513513544,0.0,5.067567567567565,0.6756756756756843
2201,bunt.saar,250,19,1.0,0.0,3.8851351351351355,1.0,0.0,3.7162162162162176,3.378378378378379,3.378378378378372,0.3911806543385552,10.36628733997155,0.8001422475106637,4.996443812233295,5.743243243243249,3.0405405405405475,4.391891891891888,3.378378378378379,4.729729729729726,1.0135135135135158
5208,bunt.saar,250,19,0.0,1.0,6.7389758179231825,0.0,1.0,2.421171171171167,0.6756756756756772,1.5291607396870432,7.183499288762434,4.729729729729733,17.123044096728307,9.192745376955898,1.689189189189193,2.7027027027026946,1.6891891891891788,2.7027027027027017,1.689189189189186,4.054054054054049
5077,FDP,250,19,1.0,1.0,6.987908961593173,1.0,1.0,2.871621621621623,5.4409672830725455,6.899004267425319,10.597439544807969,5.51209103840683,4.765291607396868,8.712660028449505,1.689189189189193,2.7027027027027017,4.72972972972973,1.689189189189193,4.72972972972973,1.6891891891891895
4553,bunt.saar,250,19,1.0,0.0,5.897344713134188,1.0,0.0,2.533783783783786,7.770270270270274,3.7517780938833525,8.463726884779518,2.080369843527741,8.32147937411095,4.996443812233288,1.3513513513513615,3.378378378378379,1.689189189189186,3.0405405405405403,0.3378378378378386,5.405405405405411
3089,CDU,250,19,1.0,1.0,4.406709340919868,1.0,1.0,1.2950450450450433,5.707681365576114,3.236130867709818,4.338549075391178,6.667852062588906,0.6934566145092376,5.796586059743952,0.3378378378378386,2.7027027027026946,0.6756756756756772,0.6756756756756772,1.0135135135135087,2.364864864864863
2708,CDU,250,19,1.0,1.0,3.867354196301566,1.0,1.0,1.0135135135135123,0.8534850640113802,5.743243243243242,5.014224751066855,1.618065433854909,3.378378378378379,6.596728307254629,1.0135135135135158,0.0,0.0,3.7162162162162033,0.3378378378378386,1.0135135135135158
647,bunt.saar,250,19,1.0,0.0,7.666548127074446,1.0,1.0,3.5472972972972983,2.9694167852062634,2.0270270270270316,14.100284495021342,5.5476529160739645,13.744665718349935,7.610241820768138,3.0405405405405403,1.6891891891891788,5.743243243243242,3.378378378378379,3.7162162162162247,3.7162162162162247
3445,CDU,250,19,1.0,0.0,4.000711237553342,1.0,1.0,1.2950450450450444,7.645803698435266,6.330014224751068,2.4537695590327075,5.4765291607396875,1.475817923186355,0.6223328591749677,0.3378378378378386,0.6756756756756772,0.6756756756756772,2.0270270270270245,2.0270270270270174,2.0270270270270316
212,bunt.saar,250,19,1.0,0.0,7.998458985301092,1.0,1.0,1.1824324324324327,5.45874822190612,1.0312944523470904,8.392603129445234,7.930298719772395,15.842816500711244,9.334992887624466,0.0,1.3513513513513402,1.3513513513513544,1.689189189189193,2.3648648648648702,0.3378378378378386
2101,FDP,250,19,1.0,0.0,3.71917970602181,1.0,1.0,4.335585585585586,7.5213371266002795,1.582503556187767,2.115931721194876,3.7517780938833525,5.743243243243242,1.6002844950213415,1.689189189189193,4.729729729729733,7.432432432432435,0.6756756756756772,3.7162162162162105,7.770270270270267
1590,bunt.saar,250,19,0.0,0.0,5.763987671882412,1.0,1.0,1.6891891891891906,5.921052631578952,3.6806543385490826,3.8762446657183602,2.5604551920341407,8.997155049786635,9.548364153627304,2.0270270270270316,1.3513513513513402,1.6891891891892072,1.689189189189193,2.0270270270270174,1.3513513513513544
915,bunt.saar,250,19,0.0,1.0,2.593053579895687,1.0,1.0,5.4054054054054035,3.5739687055476637,4.60526315789474,0.017780938833574567,4.445234708392597,2.86273115220483,0.053342816500716594,4.054054054054056,5.067567567567565,5.4054054054054035,5.067567567567565,7.432432432432428,5.4054054054054035
1496,CDU,250,19,1.0,1.0,6.4307728781412985,1.0,1.0,3.3783783783783803,2.6493598862019923,3.4317211948790884,10.881934566145084,0.8001422475106708,13.744665718349928,7.076813655761029,2.3648648648648702,0.6756756756756772,5.4054054054054035,7.0945945945945965,3.7162162162162176,1.0135135135135158
723,bunt.saar,250,19,1.0,0.0,3.422830725462307,1.0,0.0,1.689189189189187,6.525604551920338,2.0803698435277482,3.8762446657183602,2.809388335704128,4.17852062588905,1.0668563300142182,2.0270270270270245,2.3648648648648702,1.6891891891891788,2.702702702702709,1.3513513513513402,0.0
4984,CDU,250,19,1.0,1.0,1.7958748221906145,1.0,0.0,3.490990990990992,0.6223328591749677,2.7382645803698438,4.107396870554773,0.8712660028449548,0.8179231863442382,1.618065433854909,3.0405405405405403,2.364864864864856,4.054054054054056,1.3513513513513544,3.7162162162162176,6.418918918918926
4124,FDP,250,19,1.0,0.0,3.5265528686581304,1.0,0.0,3.547297297297297,0.7467994310099613,2.4182076813655797,3.805120910384069,9.939544807965845,3.485064011379805,0.7645803698435216,5.743243243243242,2.0270270270270245,3.378378378378379,2.3648648648648702,0.3378378378378386,7.432432432432428
2759,CDU,250,19,1.0,1.0,5.583214793741107,1.0,1.0,5.011261261261258,1.2091038406827863,0.3911806543385552,9.210526315789473,4.960881934566139,11.966571834992884,5.7610241820768096,1.6891891891891788,3.0405405405405475,5.743243243243242,2.7027027027027017,9.797297297297291,7.094594594594589
75,bunt.saar,250,19,1.0,0.0,4.071834992887624,1.0,1.0,1.4639639639639626,1.0135135135135087,1.831436699857747,6.578947368421055,0.7467994310099542,6.863442389758177,7.3968705547653,1.689189189189186,0.3378378378378386,2.7027027027026946,0.6756756756756701,2.702702702702709,0.6756756756756772
3470,Die Grünen,250,19,1.0,0.0,8.285917496443814,0.0,1.0,1.7454954954954995,4.623044096728307,1.262446657183503,9.921763869132292,7.325746799431009,15.362731152204837,11.21977240398293,0.3378378378378386,2.3648648648648702,2.702702702702709,0.6756756756756772,2.702702702702709,1.689189189189193
771,bunt.saar,250,19,0.0,1.0,6.075154101469889,1.0,1.0,1.9707207207207205,2.5426742532005733,1.831436699857747,5.743243243243242,2.8271692745377024,12.571123755334277,10.935277382645793,3.7162162162162176,0.3378378378378386,0.3378378378378386,0.6756756756756772,1.3513513513513473,5.4054054054054035
927,FDP,250,19,1.0,1.0,6.190730203888097,1.0,1.0,1.9144144144144104,6.294452347083926,4.711948790896166,5.51209103840683,6.792318634423886,11.326458036984352,2.507112375533424,2.7027027027027017,0.6756756756756772,0.3378378378378386,4.054054054054035,1.689189189189186,2.0270270270270245
1740,FDP,250,19,1.0,1.0,1.6595542911332402,1.0,0.0,5.180180180180181,4.054054054054056,1.0668563300142253,0.6045519203413932,1.1024182076813602,1.4580369843527734,1.6714082503556327,3.378378378378379,5.743243243243242,7.432432432432428,8.783783783783797,3.0405405405405475,2.7027027027026946
3715,Die Grünen,250,19,0.0,0.0,3.3991228070175494,1.0,0.0,1.6328828828828819,1.8847795163584706,2.2048364153627347,4.569701280227605,1.0668563300142253,6.436699857752494,4.231863442389766,0.3378378378378386,2.702702702702709,1.689189189189186,1.689189189189186,3.378378378378372,0.0
1021,SPD,250,19,0.0,0.0,5.245376955903271,1.0,1.0,0.7319819819819777,5.4765291607396875,4.854196301564727,5.7254623044096675,1.4580369843527734,6.721194879089616,7.23684210526315,1.0135135135135087,1.0135135135135087,0.675675675675663,1.0135135135135087,0.3378378378378386,0.3378378378378386
2631,Die Grünen,250,19,1.0,1.0,2.2848506401137954,0.0,1.0,3.6036036036036023,2.7027027027027017,0.5512091038406766,2.8271692745376953,0.16002844950212847,4.338549075391185,3.1294452347083848,2.0270270270270245,4.391891891891895,1.0135135135135016,0.6756756756756772,7.432432432432435,6.081081081081081
4719,SPD,250,19,1.0,0.0,6.365576102418205,0.0,1.0,2.252252252252248,1.9914651493598896,4.089615931721191,10.686344238975813,5.352062588904694,7.219061166429583,8.85490753911806,2.0270270270270174,0.6756756756756772,1.0135135135135158,5.067567567567565,2.7027027027026946,2.0270270270270174
182,CDU,250,19,0.0,1.0,4.181484115694643,0.0,1.0,9.234234234234238,2.293741109530579,0.9423897581792318,5.369843527738269,1.9914651493598896,11.184210526315788,3.307254623044102,2.3648648648648702,9.797297297297305,12.162162162162161,7.770270270270274,12.5,10.810810810810814
717,bunt.saar,250,19,0.0,0.0,4.240753911806542,0.0,0.0,2.6463963963963955,0.5512091038406766,1.3513513513513473,5.476529160739673,1.9914651493598896,9.921763869132299,6.152204836415365,2.7027027027027017,1.689189189189186,2.7027027027026946,3.378378378378372,1.689189189189193,3.7162162162162247
4660,CDU,250,19,1.0,0.0,3.982930298719771,1.0,0.0,5.011261261261257,0.37339971550498063,0.6756756756756772,9.70839260312944,10.13513513513513,1.3157894736842124,1.689189189189186,3.0405405405405403,7.0945945945945965,7.432432432432428,6.756756756756751,1.3513513513513473,4.391891891891881
2732,bunt.saar,250,19,1.0,1.0,6.125533428165007,1.0,1.0,1.7454954954954982,11.69985775248933,9.050497866287337,2.2403982930298696,1.6002844950213415,12.002133712660033,0.16002844950213557,1.3513513513513544,2.702702702702709,0.6756756756756772,1.689189189189186,3.0405405405405475,1.0135135135135158
1641,Die Grünen,250,19,1.0,1.0,5.820293978188713,1.0,1.0,1.2950450450450433,0.8001422475106708,7.6635846372688405,5.423186344238978,1.191322901849226,12.535561877667135,7.307965860597427,2.7027027027027017,2.364864864864863,0.0,1.3513513513513615,1.0135135135135087,0.3378378378378244
3619,bunt.saar,250,19,0.0,0.0,3.908843053579897,0.0,1.0,2.533783783783779,2.7382645803698438,1.8136557610241795,1.369132290184929,3.6450924608819335,8.890469416785209,4.996443812233288,3.378378378378379,2.702702702702709,3.378378378378372,2.7027027027026946,2.7027027027026946,0.3378378378378244
4751,FDP,250,19,0.0,1.0,4.563774300616406,1.0,1.0,2.9279279279279287,4.480796586059739,3.485064011379805,4.943100995732571,5.867709815078236,7.361308677098158,1.2446657183499283,1.0135135135135087,2.3648648648648702,3.0405405405405403,2.3648648648648702,4.729729729729733,4.054054054054049
2515,FDP,250,19,0.0,0.0,5.085348506401137,0.0,0.0,3.209459459459463,1.1024182076813602,2.044807965860592,9.03271692745377,4.889758179231862,9.210526315789473,4.231863442389766,4.054054054054049,7.094594594594611,2.0270270270270245,1.3513513513513544,2.0270270270270316,2.702702702702709
2189,SPD,250,19,1.0,1.0,9.2549786628734,1.0,1.0,5.912162162162162,1.973684210526315,15.416073968705547,11.041963015647227,4.000711237553347,10.828591749644382,12.26884779516358,7.0945945945945965,3.0405405405405403,5.4054054054054035,6.418918918918926,6.418918918918919,7.094594594594589
520,Die Grünen,250,19,1.0,1.0,2.815315315315312,0.0,1.0,1.85810810810811,0.5689900426742511,7.0945945945945965,0.07112375533426984,2.3826458036984377,5.8321479374110865,0.9423897581792318,4.054054054054056,0.6756756756756843,2.0270270270270174,2.364864864864863,1.689189189189193,0.3378378378378457
3451,Die Grünen,250,19,1.0,1.0,5.51209103840683,1.0,1.0,1.6891891891891906,7.539118065433847,3.44950213371267,0.7467994310099471,8.712660028449505,10.312944523470854,2.3115220483641536,2.702702702702709,2.364864864864856,0.3378378378378386,1.0135135135135158,0.6756756756756914,3.0405405405405332
4851,Die Grünen,250,19,1.0,0.0,4.065908013276431,1.0,1.0,6.4752252252252225,1.3513513513513473,4.551920341394016,1.795874822190612,0.7290184921763796,10.615220483641536,5.352062588904694,4.729729729729726,4.729729729729726,10.13513513513513,2.7027027027026946,7.770270270270274,8.783783783783782
4025,bunt.saar,250,19,1.0,1.0,5.838074917022287,1.0,1.0,2.8716216216216175,6.899004267425319,3.7339971550497992,6.827880512091042,1.6358463726884764,11.575391180654336,4.356330014224753,0.6756756756756772,0.675675675675663,5.067567567567565,0.3378378378378386,4.054054054054056,6.418918918918905
4442,FDP,250,19,1.0,1.0,4.605263157894739,1.0,1.0,2.477477477477476,8.428165007112383,1.333570412517787,1.76031294452347,9.388335704125176,4.018492176386914,2.7027027027027017,0.6756756756756701,3.0405405405405403,1.0135135135135087,1.3513513513513544,5.067567567567565,3.7162162162162176
4226,Die Grünen,250,19,1.0,0.0,4.889758179231862,1.0,1.0,1.2387387387387416,0.03556187766713492,4.320768136557611,5.067567567567565,3.0405405405405403,11.290896159317214,5.5832147937411065,1.3513513513513473,0.0,2.0270270270270316,2.7027027027027017,0.6756756756756914,0.6756756756756772
2133,bunt.saar,250,19,1.0,1.0,2.0388809862494064,1.0,0.0,3.9977477477477485,0.17780938833571014,4.17852062588905,1.1379800853485094,2.187055476529153,2.578236130867701,1.973684210526315,0.0,4.391891891891895,6.081081081081081,1.0135135135135158,8.108108108108098,4.391891891891902
2086,FDP,250,19,1.0,1.0,6.27370791844476,1.0,0.0,2.9842342342342363,3.1827880512090942,5.245376955903275,8.943812233285918,1.2980085348506378,11.753200568990046,7.21906116642959,0.6756756756756772,6.756756756756765,0.0,2.702702702702709,5.743243243243242,2.0270270270270245
728,FDP,250,19,1.0,1.0,3.09388335704125,1.0,1.0,1.6891891891891884,2.00924608819345,4.658605974395449,2.8982930298719793,3.52062588904694,1.0312944523470762,4.445234708392604,0.6756756756756843,2.0270270270270316,1.3513513513513473,2.7027027027026946,1.3513513513513473,2.0270270270270245
2070,CDU,250,19,1.0,1.0,1.407657657657656,0.0,1.0,2.083333333333337,0.4267425320056759,2.187055476529153,1.4580369843527734,0.5867709815078399,1.7425320056899025,2.044807965860592,0.6756756756756914,1.0135135135135158,1.689189189189186,5.743243243243242,2.0270270270270316,1.3513513513513544
3455,DIE LINKE,250,19,1.0,1.0,1.4402560455191988,1.0,1.0,1.689189189189193,0.9779516358463738,0.07112375533426984,0.17780938833570303,0.142247510668561,5.743243243243242,1.5291607396870432,3.7162162162162176,0.3378378378378386,1.689189189189193,2.7027027027027017,0.3378378378378386,1.3513513513513686
4296,FDP,250,19,1.0,0.0,3.4435751541014703,1.0,1.0,2.8716216216216246,1.404694167852064,4.516358463726888,3.52062588904694,5.423186344238978,4.374110953058327,1.4224751066856243,4.054054054054056,2.364864864864863,3.378378378378379,3.0405405405405475,2.3648648648648702,2.0270270270270316
2194,CDU,250,19,1.0,1.0,1.3483878615457563,1.0,1.0,2.364864864864863,0.9779516358463738,2.258179231863444,1.1735419630156443,0.4445234708392647,1.0490753911806578,2.187055476529153,2.702702702702709,0.3378378378378386,0.3378378378378386,5.743243243243242,4.054054054054042,1.0135135135135087
2155,Die Grünen,250,19,0.0,0.0,3.5917496443812227,0.0,1.0,1.351351351351352,1.475817923186355,0.2844950213371291,8.534850640113788,1.8847795163584706,6.525604551920338,2.8449502133712556,1.013513513513523,1.0135135135135087,0.3378378378378386,1.0135135135135087,2.3648648648648702,2.364864864864863
1820,FDP,250,19,0.0,0.0,2.09518729255572,0.0,0.0,1.689189189189192,1.3335704125177799,4.107396870554773,0.2489331436699942,3.342816500711244,2.275960170697026,1.262446657183503,0.6756756756756772,2.7027027027026946,1.3513513513513544,4.054054054054063,1.3513513513513615,0.0
5004,FDP,250,19,0.0,0.0,4.362256993835939,0.0,0.0,9.234234234234238,4.996443812233288,4.978662873399713,3.44950213371267,12.571123755334277,0.08890469416784441,0.08890469416784441,5.743243243243249,5.067567567567572,12.837837837837846,9.797297297297291,10.472972972972975,11.486486486486491
748,Die Grünen,250,19,0.0,1.0,3.9592223802750155,1.0,1.0,2.8716216216216175,6.596728307254629,1.3157894736842124,4.320768136557618,0.08890469416785152,7.770270270270274,3.662873399715508,2.0270270270270245,2.7027027027026946,4.391891891891888,1.0135135135135158,4.054054054054049,3.0405405405405332
1190,SPD,250,19,0.0,0.0,5.150545282124228,1.0,0.0,2.4774774774774784,5.725462304409675,0.23115220483641252,1.6358463726884764,9.086059743954486,9.334992887624459,4.889758179231862,0.6756756756756772,5.405405405405411,3.378378378378372,2.702702702702709,1.0135135135135158,1.689189189189186
5067,FDP,250,19,0.0,0.0,3.1472261735419615,0.0,0.0,3.4346846846846852,2.5248933143669916,4.605263157894733,3.3961593172119535,7.361308677098151,0.6578947368421026,0.3378378378378386,7.770270270270267,5.743243243243242,2.0270270270270245,2.702702702702709,2.0270270270270316,0.3378378378378386
3800,CDU,250,19,1.0,1.0,4.234826932195358,1.0,1.0,1.5202702702702702,0.3022759601707037,3.9118065433855023,4.498577524893314,1.8847795163584706,8.748221906116648,6.063300142247513,3.7162162162162033,0.6756756756756843,1.0135135135135158,3.378378378378379,0.3378378378378386,0.0
4264,bunt.saar,250,19,1.0,1.0,4.89272166903746,1.0,1.0,2.6463963963963977,5.192034139402573,5.583214793741114,3.1116642958748173,4.551920341394016,7.04125177809388,3.8762446657183602,4.7297297297297405,0.6756756756756772,0.3378378378378386,6.418918918918919,0.6756756756756772,3.0405405405405332
1204,CDU,250,19,0.0,1.0,5.811403508771932,0.0,0.0,4.617117117117117,10.13513513513513,5.583214793741114,4.17852062588905,3.6806543385490826,6.667852062588906,4.623044096728307,0.6756756756756701,3.0405405405405403,1.0135135135135158,6.081081081081081,8.108108108108112,8.783783783783782
4336,FDP,250,19,1.0,0.0,8.268136557610243,1.0,0.0,4.5608108108108105,8.12588904694168,10.224039829302981,12.286628733997162,0.6934566145092447,11.468705547652924,6.810099573257467,1.689189189189186,1.0135135135135087,6.756756756756758,3.0405405405405403,9.121621621621628,5.743243243243242
4465,FDP,250,19,1.0,1.0,6.32112375533428,1.0,1.0,1.1824324324324291,7.841394025604551,1.7069701280227534,2.880512091038412,5.618776671408241,16.4651493598862,3.413940256045521,0.675675675675663,1.3513513513513473,1.0135135135135087,0.3378378378378386,2.0270270270270245,1.689189189189193
2210,DIE LINKE,250,19,0.0,0.0,5.660265528686581,1.0,1.0,1.632882882882883,0.07112375533427695,8.60597439544808,7.805832147937409,0.8712660028449548,10.099573257467995,6.507823613086771,0.675675675675663,2.0270270270270316,1.0135135135135158,2.7027027027027017,3.0405405405405403,0.3378378378378457
2854,bunt.saar,250,19,0.0,0.0,4.969772403982932,1.0,0.0,3.4346846846846852,7.716927453769557,0.4445234708392647,8.463726884779518,4.338549075391178,1.4224751066856385,7.432432432432435,4.729729729729733,4.391891891891895,0.3378378378378386,3.7162162162162105,5.4054054054054035,2.0270270270270316
3641,bunt.saar,250,19,1.0,0.0,4.1459222380275,1.0,0.0,1.5765765765765754,2.080369843527741,1.4935988620199083,7.645803698435266,0.1422475106685539,10.11735419630157,3.3961593172119606,2.702702702702709,3.378378378378372,0.3378378378378386,0.6756756756756843,0.6756756756756701,1.6891891891891788
2434,FDP,250,19,0.0,0.0,6.001066856330016,1.0,0.0,1.407657657657661,5.8321479374110865,4.19630156472261,8.179231863442396,6.54338549075392,7.201280227596023,4.054054054054056,0.0,1.0135135135135158,2.0270270270270316,0.3378378378378386,4.7297297297297405,0.3378378378378386
523,bunt.saar,250,19,1.0,0.0,4.344476055002371,1.0,1.0,2.927927927927924,2.329302987197721,4.089615931721191,5.45874822190612,2.471550497866289,9.032716927453777,2.684921763869127,2.7027027027026946,0.3378378378378386,3.7162162162162105,3.378378378378379,2.7027027027026946,4.729729729729726
5107,DIE LINKE,250,19,0.0,1.0,3.5858226647700326,0.0,0.0,1.8018018018018012,0.7112375533428192,6.934566145092461,3.4672830725462234,2.489331436699864,7.361308677098151,0.5512091038406766,2.3648648648648702,1.689189189189186,1.0135135135135158,3.0405405405405332,2.0270270270270316,0.6756756756756701
1060,FDP,250,19,1.0,0.0,4.812707444286392,1.0,1.0,2.9842342342342363,0.6934566145092447,1.8847795163584635,9.068278805120912,4.60526315789474,6.152204836415358,6.472261735419636,3.0405405405405546,2.0270270270270316,2.364864864864863,3.378378378378372,5.4054054054054035,1.689189189189193
2929,FDP,250,19,1.0,1.0,3.6124940730203874,1.0,1.0,3.3783783783783767,5.529871977240397,1.4580369843527734,5.95661450924608,3.271692745376953,0.4978662873399671,4.960881934566153,7.7702702702702595,1.0135135135135158,5.405405405405396,4.391891891891888,1.0135135135135158,0.6756756756756843
1543,Die Grünen,250,19,0.0,0.0,5.6632290184921805,0.0,1.0,2.3085585585585604,1.4224751066856385,0.6223328591749677,10.259601706970138,0.35561877667140607,12.126600284495026,9.192745376955905,2.0270270270270316,1.3513513513513473,2.702702702702709,0.6756756756756701,4.391891891891902,2.7027027027027017
556,FDP,250,19,1.0,1.0,6.7656472261735425,1.0,1.0,2.8716216216216197,3.1472261735419664,9.548364153627311,6.13442389758179,2.6137980085348573,13.051209103840684,6.098862019914648,4.729729729729726,2.0270270270270245,2.364864864864863,3.0405405405405332,2.702702702702709,2.364864864864863
4363,bunt.saar,250,19,0.0,0.0,5.882527264106212,0.0,0.0,7.263513513513512,1.3869132290184822,6.952347083926043,7.645803698435266,1.866998577524896,11.735419630156471,5.707681365576114,2.364864864864856,4.729729729729733,10.810810810810807,5.4054054054054035,9.45945945945946,10.810810810810814
4832,FDP,250,19,1.0,1.0,3.3902323376007595,1.0,1.0,4.222972972972975,6.863442389758184,0.7112375533428192,5.689900426742533,1.3513513513513473,1.2802275960170704,4.445234708392604,3.0405405405405332,5.743243243243249,4.054054054054056,3.378378378378379,4.7297297297297405,4.391891891891888
290,CDU,250,19,1.0,0.0,2.9634898055950707,0.0,1.0,1.6891891891891895,2.275960170697026,5.5476529160739645,2.507112375533424,2.773826458036986,1.795874822190612,2.880512091038412,0.6756756756756701,2.0270270270270245,2.0270270270270316,0.6756756756756772,2.7027027027027017,2.0270270270270316
3543,bunt.saar,250,19,0.0,1.0,2.859767662399238,0.0,0.0,5.405405405405403,6.1877667140825,0.9779516358463738,3.485064011379805,2.7916073968705533,2.8449502133712485,0.8712660028449477,9.121621621621621,3.7162162162162247,4.054054054054063,8.783783783783775,3.7162162162161962,3.0405405405405332
3820,bunt.saar,250,19,1.0,1.0,5.503200568990043,1.0,0.0,1.3513513513513484,0.5334281650071233,6.632290184921764,8.712660028449498,2.009246088193457,10.02844950213371,5.103129445234707,1.689189189189186,1.3513513513513402,2.0270270270270174,0.0,2.702702702702709,0.3378378378378386
903,CDU,250,19,1.0,1.0,8.010312944523472,1.0,1.0,5.96846846846847,0.6756756756756772,9.014935988620195,6.845661450924609,11.397581792318633,14.527027027027032,5.600995732574681,0.0,5.4054054054054035,5.4054054054054035,1.3513513513513544,13.175675675675684,10.472972972972975
1234,bunt.saar,250,19,1.0,0.0,3.532479848269316,1.0,0.0,2.083333333333331,2.86273115220483,5.476529160739673,1.4758179231863409,3.271692745376953,6.134423897581783,1.973684210526315,3.0405405405405403,2.7027027027026946,3.7162162162162247,0.6756756756756701,1.6891891891891788,0.6756756756756772
2796,Die Grünen,250,19,0.0,0.0,5.458748221906114,0.0,0.0,4.5608108108108105,2.7027027027026946,5.28093883357041,8.428165007112376,2.00924608819345,8.214793741109531,6.116642958748223,5.067567567567565,1.3513513513513544,7.432432432432435,8.108108108108105,0.3378378378378386,5.067567567567565
3891,Die Grünen,250,19,0.0,1.0,2.847913703176861,0.0,1.0,1.7454954954954982,2.0625889046941666,0.7467994310099613,2.2403982930298625,3.0049786628733983,4.516358463726888,4.516358463726888,3.0405405405405403,2.0270270270270316,1.013513513513523,2.3648648648648702,1.3513513513513473,0.6756756756756772
4630,SPD,250,19,1.0,0.0,1.7158605974395489,1.0,0.0,2.308558558558559,1.1379800853485094,2.9338549075391214,4.302987197724043,0.7112375533428192,0.5334281650071233,0.6756756756756772,2.364864864864863,3.378378378378393,1.689189189189186,1.689189189189186,1.0135135135135158,3.7162162162162105
3663,CDU,250,19,0.0,1.0,7.153864390706496,0.0,1.0,1.7454954954954947,3.9651493598862118,10.11735419630157,9.086059743954486,0.37339971550497353,9.672830725462298,9.70839260312944,0.6756756756756772,2.364864864864863,3.0405405405405475,2.7027027027026946,0.0,1.689189189189186
2010,FDP,250,19,1.0,0.0,6.045519203413943,1.0,1.0,5.067567567567566,4.996443812233295,2.2048364153627347,5.4054054054054035,11.468705547652924,5.51209103840683,6.685633001422474,4.054054054054042,6.081081081081081,8.108108108108105,0.3378378378378457,4.391891891891895,7.432432432432428
4181,bunt.saar,250,19,0.0,1.0,4.72083926031294,1.0,1.0,1.0135135135135158,1.8847795163584635,5.0853485064011394,2.1692745376955855,4.214082503556185,9.495021337126595,5.476529160739673,0.3378378378378386,0.6756756756756772,0.675675675675663,1.0135135135135158,2.702702702702709,0.6756756756756914
2539,FDP,250,19,1.0,0.0,5.51801801801802,1.0,1.0,0.8445945945945977,9.726173541963021,2.5426742532005733,6.330014224751068,3.3250355618776624,1.6180654338549019,9.566145092460893,0.3378378378378386,0.6756756756756772,2.0270270270270245,0.3378378378378386,0.6756756756756843,1.013513513513523
4366,FDP,250,19,1.0,1.0,2.2137268847795144,1.0,1.0,4.842342342342344,8.26813655761024,1.0846372688477928,0.5156472261735452,0.4267425320056759,2.1692745376955926,0.8179231863442382,5.067567567567572,5.4054054054054035,1.6891891891891895,3.7162162162162247,4.729729729729726,8.445945945945947
3350,Die Grünen,250,19,1.0,1.0,5.026078710289237,1.0,1.0,0.844594594594593,1.8492176386913215,5.903271692745371,6.436699857752494,2.293741109530579,6.952347083926043,6.721194879089616,1.0135135135135158,1.689189189189186,1.0135135135135158,0.3378378378378386,1.0135135135135016,0.0
3037,bunt.saar,250,19,0.0,1.0,5.443930772878143,1.0,1.0,1.9144144144144128,4.302987197724036,6.081081081081081,6.7745376955903325,1.0846372688477928,8.392603129445234,6.027738264580378,2.0270270270270245,2.0270270270270174,3.0405405405405332,1.0135135135135158,2.0270270270270174,1.3513513513513686
2643,SPD,250,19,0.0,0.0,5.162399241346612,0.0,0.0,4.504504504504506,8.001422475106686,5.4765291607396875,3.591749644381224,1.4935988620199083,12.233285917496453,0.17780938833571014,3.0405405405405475,1.3513513513513544,5.405405405405411,5.743243243243249,0.3378378378378244,11.148648648648646
3838,CDU,250,19,1.0,1.0,3.5058084400189684,1.0,1.0,2.9842342342342363,6.330014224751075,3.662873399715501,4.854196301564727,1.7069701280227676,2.631578947368425,1.8492176386913144,5.405405405405411,1.689189189189193,1.3513513513513544,7.094594594594589,1.0135135135135158,1.3513513513513544
157,bunt.saar,250,19,0.0,0.0,4.563774300616409,0.0,1.0,1.745495495495497,0.8534850640113874,1.653627311522051,5.26315789473685,2.3115220483641536,10.02844950213371,7.2724039829302995,0.3378378378378386,3.378378378378372,0.6756756756756772,1.3513513513513544,1.0135135135135158,3.7162162162162247
2712,DIE LINKE,250,19,0.0,1.0,2.157420578473211,0.0,1.0,2.421171171171173,2.115931721194869,0.9423897581792318,2.1337126600284577,0.35561877667140607,2.0270270270270316,5.369843527738269,0.3378378378378386,3.0405405405405403,1.689189189189186,1.013513513513523,6.081081081081095,2.364864864864856
1069,FDP,250,19,0.0,1.0,2.4330251303935477,0.0,0.0,3.8288288288288292,0.6756756756756772,3.4672830725462234,0.9423897581792318,8.321479374110943,0.6934566145092447,0.4978662873399671,0.3378378378378386,0.0,4.054054054054056,6.081081081081081,6.756756756756758,5.743243243243242
4322,SPD,250,19,0.0,0.0,6.368539592223798,1.0,0.0,3.4346846846846817,0.053342816500716594,4.480796586059739,7.645803698435266,2.080369843527741,11.966571834992877,11.984352773826451,3.0405405405405403,0.6756756756756772,4.729729729729719,3.378378378378379,3.0405405405405332,5.743243243243242
5016,FDP,250,19,0.0,1.0,4.830488383119964,1.0,0.0,1.6328828828828794,3.876244665718353,2.5960170697012828,4.231863442389766,11.610953058321478,2.6671408250355597,4.000711237553347,0.3378378378378244,0.0,1.0135135135135087,3.7162162162162105,2.0270270270270316,2.7027027027027017
862,SPD,250,19,0.0,0.0,6.2470365101944045,0.0,0.0,5.5743243243243255,0.10668563300142608,7.930298719772395,5.707681365576107,1.0668563300142253,14.011379800853483,8.659317211948789,9.459459459459453,1.689189189189186,2.702702702702709,8.108108108108112,4.391891891891895,7.0945945945945965
1555,bunt.saar,250,19,1.0,1.0,3.2687292555713605,1.0,1.0,3.772522522522524,2.293741109530586,3.165007112375534,0.8357041251778128,1.7780938833570374,9.192745376955905,2.3470839260312886,2.0270270270270245,1.689189189189193,4.729729729729726,2.364864864864863,5.067567567567579,6.756756756756758
1912,CDU,250,19,0.0,1.0,3.538406827880513,0.0,1.0,2.308558558558564,2.7560455192034112,5.316500711237559,5.583214793741114,0.053342816500716594,7.23684210526315,0.2844950213371291,3.7162162162162176,1.013513513513523,2.3648648648648702,0.6756756756756843,4.391891891891902,1.689189189189186
2497,FDP,250,19,0.0,0.0,4.554883831199619,0.0,0.0,1.7454954954954935,1.9203413940255984,2.3470839260312886,4.356330014224753,4.249644381223341,13.30014224751067,1.1557610241820626,0.6756756756756843,2.7027027027026946,2.0270270270270316,0.0,3.0405405405405332,2.0270270270270174
2855,FDP,250,19,0.0,1.0,2.6523233760075855,1.0,1.0,1.745495495495497,1.760312944523477,1.511379800853483,3.022759601706966,4.42745376955903,4.907539118065429,0.2844950213371291,1.3513513513513686,2.3648648648648702,0.6756756756756772,1.6891891891891788,3.378378378378372,1.0135135135135158
2952,bunt.saar,250,19,1.0,1.0,3.316145092460881,1.0,1.0,0.9572072072072059,5.298719772403977,1.795874822190612,5.1920341394025655,5.138691322901842,2.115931721194869,0.3556187766714203,0.3378378378378386,2.364864864864856,1.0135135135135158,1.3513513513513473,0.0,0.6756756756756772
5051,FDP,250,19,0.0,1.0,1.4580369843527723,0.0,1.0,5.461711711711715,3.5384068278805216,1.2980085348506378,1.0312944523470762,2.0981507823613015,0.5512091038406837,0.23115220483641252,0.3378378378378386,8.108108108108112,7.432432432432435,1.689189189189193,8.108108108108112,7.0945945945945965
4831,Die Grünen,250,19,1.0,1.0,5.627667140825035,0.0,0.0,4.89864864864865,0.12446657183499354,1.0135135135135087,7.82361308677099,2.044807965860592,15.433854907539121,7.325746799431002,3.7162162162162176,0.3378378378378315,9.459459459459467,4.7297297297297405,5.067567567567579,6.0810810810810665
1975,Die Grünen,250,19,1.0,0.0,6.356685633001425,1.0,1.0,1.6328828828828819,1.0312944523470833,5.369843527738276,8.62375533428164,3.9651493598862118,10.099573257468002,9.050497866287337,1.0135135135135087,1.3513513513513686,0.0,2.0270270270270245,3.7162162162162105,1.6891891891891788
4205,Die Grünen,250,19,0.0,0.0,7.097558084400194,0.0,0.0,2.308558558558559,6.863442389758184,1.546941678520632,11.557610241820775,3.911806543385495,10.437411095305833,8.26813655761024,1.3513513513513473,0.3378378378378386,6.081081081081088,1.3513513513513544,1.689189189189186,3.0405405405405403
2424,bunt.saar,250,19,1.0,0.0,4.119250829777145,0.0,0.0,11.148648648648653,0.6401137980085352,1.4224751066856385,1.1024182076813673,0.9068278805120897,13.780227596017063,6.863442389758177,6.081081081081081,4.054054054054063,11.14864864864866,10.135135135135137,17.229729729729733,18.243243243243242
2966,FDP,250,19,1.0,0.0,5.24834044570887,1.0,0.0,1.7454954954954995,7.82361308677099,4.480796586059739,5.849928876244675,0.6756756756756772,5.689900426742533,6.970128022759603,1.3513513513513615,2.0270270270270316,0.3378378378378457,1.0135135135135158,4.054054054054056,1.689189189189186
3813,CDU,250,19,0.0,1.0,3.5206258890469457,0.0,0.0,3.1531531531531543,4.249644381223341,3.6806543385490826,2.435988620199147,2.5960170697012828,7.983641536273112,0.17780938833571014,1.3513513513513615,5.4054054054054035,3.7162162162162176,0.3378378378378386,2.0270270270270245,6.081081081081081
3886,Die Grünen,250,19,1.0,1.0,5.772878141299194,1.0,1.0,1.4639639639639614,0.49786628733995997,11.184210526315788,6.6322901849217715,2.6137980085348573,4.17852062588905,9.530583214793737,0.3378378378378244,0.6756756756756772,2.3648648648648702,0.3378378378378315,1.689189189189193,3.378378378378372
762,SPD,250,19,0.0,0.0,6.006993835941199,1.0,1.0,0.9572072072072059,4.018492176386907,5.494310099573248,8.321479374110943,0.6401137980085352,8.677098150782356,8.890469416785209,0.3378378378378457,0.6756756756756772,2.0270270270270174,0.3378378378378386,0.3378378378378244,2.0270270270270316
2804,CDU,250,19,1.0,0.0,1.855144618302513,0.0,0.0,3.772522522522523,1.0490753911806578,0.03556187766713492,1.369132290184929,3.7873399715504945,1.6358463726884764,3.2539118065433854,2.3648648648648702,4.054054054054056,1.689189189189186,7.094594594594589,4.054054054054056,3.378378378378379
764,bunt.saar,250,19,0.0,0.0,4.3533665244191555,1.0,1.0,3.997747747747747,3.805120910384062,0.32005689900426404,6.934566145092461,5.067567567567565,4.623044096728307,5.369843527738276,2.7027027027027017,1.689189189189193,5.067567567567572,5.067567567567565,4.729729729729726,4.729729729729726
3290,bunt.saar,250,19,0.0,0.0,5.396514935988619,0.0,0.0,1.0698198198198223,1.9203413940255984,7.859174964438118,3.4672830725462234,2.5960170697012828,13.602418207681367,2.9338549075391214,0.0,0.3378378378378386,0.6756756756756772,1.013513513513523,3.7162162162162176,0.6756756756756772
1164,bunt.saar,250,19,1.0,0.0,7.059032716927452,1.0,1.0,1.8581081081081028,1.7780938833570374,2.2403982930298696,11.87766714082504,9.139402560455189,11.201991465149362,6.116642958748216,3.0405405405405332,0.3378378378378244,3.0405405405405475,2.0270270270270316,2.0270270270270174,0.675675675675663
1249,FDP,250,19,1.0,1.0,7.367235656709337,1.0,1.0,2.9279279279279264,0.08890469416784441,12.766714082503555,9.530583214793737,0.4267425320056759,13.477951635846374,7.912517780938835,2.7027027027027017,1.689189189189186,2.702702702702709,3.378378378378372,2.0270270270270245,5.067567567567565
1653,FDP,250,19,1.0,1.0,6.122569938359407,1.0,1.0,1.85810810810811,4.0362731152204745,9.068278805120912,6.721194879089616,5.814366998577512,5.28093883357041,5.814366998577523,3.378378378378372,2.0270270270270316,2.7027027027027017,1.01351351351353,2.0270270270270245,0.0
2946,SPD,250,19,1.0,0.0,3.710289236605026,1.0,1.0,1.9707207207207194,2.080369843527741,0.9957325746799413,3.52062588904694,2.987197724039838,3.5739687055476566,9.10384068278804,1.0135135135135158,2.7027027027026946,2.0270270270270174,1.3513513513513615,1.3513513513513544,3.378378378378372
854,bunt.saar,250,19,1.0,0.0,2.24336178283547,1.0,0.0,9.403153153153154,0.2844950213371291,0.16002844950213557,2.3648648648648702,2.6137980085348502,7.805832147937416,0.23115220483641963,6.756756756756751,3.7162162162162105,10.472972972972968,11.486486486486484,11.14864864864866,12.837837837837853
3320,SPD,250,19,0.0,0.0,7.153864390706495,1.0,0.0,2.1396396396396398,5.014224751066855,6.792318634423893,7.04125177809388,2.916073968705547,16.39402560455192,4.765291607396875,3.0405405405405475,2.0270270270270174,0.6756756756756701,1.3513513513513544,4.054054054054056,1.689189189189193
1741,bunt.saar,250,19,1.0,0.0,2.5871266002844884,1.0,0.0,2.252252252252255,1.1557610241820626,3.1827880512090942,3.8940256045519206,0.49786628733995997,5.1209103840682815,1.6714082503556114,3.0405405405405475,1.3513513513513615,2.7027027027026946,2.0270270270270316,1.3513513513513544,3.0405405405405403
1796,Die Grünen,250,19,1.0,0.0,3.3991228070175397,0.0,0.0,1.745495495495496,1.6714082503556114,3.627311522048373,0.4267425320056759,5.1031294452347,5.28093883357041,4.285206258890469,3.378378378378379,0.0,1.6891891891891788,1.013513513513523,0.6756756756756772,3.7162162162162176
1660,DIE LINKE,250,19,0.0,1.0,1.7395685158843044,1.0,1.0,3.4909909909909955,1.2091038406827934,3.2183499288762576,3.1294452347083777,1.1024182076813602,1.3869132290184822,0.3911806543385552,1.3513513513513615,4.729729729729726,3.378378378378393,0.6756756756756772,6.418918918918926,4.391891891891888
1456,FDP,250,19,1.0,0.0,4.145922238027499,1.0,1.0,0.9009009009009029,9.246088193456615,4.516358463726888,0.03556187766713492,4.694167852062584,1.973684210526315,4.409672830725455,0.6756756756756843,0.3378378378378386,0.0,2.0270270270270316,0.6756756756756772,1.689189189189186
1769,DIE LINKE,250,19,1.0,0.0,6.578947368421054,0.0,0.0,1.1261261261261215,3.5739687055476637,3.271692745376953,9.157183499288756,5.867709815078236,11.16642958748222,6.436699857752494,2.0270270270270245,0.6756756756756701,1.0135135135135087,0.675675675675663,2.364864864864863,0.0
1400,FDP,250,19,1.0,1.0,4.907539118065429,1.0,1.0,1.5202702702702713,1.9203413940255984,7.859174964438118,6.98790896159317,5.352062588904687,0.37339971550497353,6.952347083926028,2.702702702702709,0.3378378378378386,0.0,1.3513513513513544,3.0405405405405332,1.689189189189193
230,SPD,250,19,0.0,0.0,8.748221906116642,0.0,0.0,3.7162162162162162,3.0405405405405403,4.480796586059739,13.22901849217638,5.174253200568991,17.638691322901856,8.926031294452343,0.6756756756756701,3.378378378378372,5.743243243243235,0.6756756756756843,10.135135135135144,1.689189189189193
362,FDP,250,19,0.0,0.0,4.1577761972498815,1.0,1.0,4.391891891891894,8.374822190611667,2.2759601706970045,0.26671408250356166,1.9914651493598896,6.490042674253196,5.547652916073972,8.783783783783775,1.6891891891892001,2.3648648648648702,4.729729729729726,3.378378378378379,5.405405405405411
4001,Die Grünen,250,19,1.0,0.0,3.831792318634425,1.0,1.0,1.7454954954954935,0.604551920341386,7.21906116642959,1.7069701280227676,3.44950213371267,5.4054054054054035,4.605263157894733,0.675675675675663,0.6756756756756701,1.689189189189193,2.0270270270270316,4.729729729729726,0.6756756756756772
4309,CDU,250,19,1.0,1.0,1.8699620673304882,1.0,0.0,3.99774774774775,3.022759601706973,4.87197724039828,0.23115220483641252,1.6358463726884764,0.1955903271692847,1.262446657183503,1.013513513513523,2.0270270270270316,5.067567567567565,2.7027027027027017,6.081081081081088,7.094594594594589
2333,DIE LINKE,250,19,1.0,1.0,4.694167852062588,0.0,1.0,1.2950450450450457,6.294452347083919,3.342816500711244,5.245376955903275,5.4765291607396875,4.623044096728307,3.1827880512090942,1.0135135135135087,0.6756756756756843,1.0135135135135158,2.0270270270270245,1.0135135135135158,2.0270270270270245
4035,Die Grünen,250,19,1.0,1.0,4.193338074917019,0.0,1.0,3.096846846846843,1.866998577524896,10.224039829302974,1.795874822190612,5.1564722617354235,4.729729729729726,1.3869132290184822,2.702702702702709,4.054054054054049,3.0405405405405475,5.405405405405396,0.675675675675663,2.7027027027026946
3691,bunt.saar,250,19,1.0,0.0,7.962897107633953,1.0,1.0,0.8445945945945953,4.107396870554766,5.796586059743959,8.908250355618776,6.187766714082507,14.775960170697019,8.001422475106693,2.0270270270270245,0.3378378378378244,0.3378378378378386,1.3513513513513544,0.3378378378378386,0.6756756756756914
2668,CDU,250,19,1.0,1.0,2.904220009483167,1.0,1.0,3.8851351351351346,0.8001422475106708,7.307965860597427,0.16002844950213557,3.6095305832147915,3.058321479374115,2.489331436699864,5.067567567567565,1.013513513513523,1.689189189189186,6.756756756756751,3.378378378378379,5.4054054054054035
1327,FDP,250,19,0.0,1.0,3.9384779516358477,1.0,1.0,2.6463963963963955,0.1955903271692847,5.1209103840682815,0.142247510668561,10.54409672830726,5.778805120910384,1.8492176386913144,3.0405405405405332,3.0405405405405403,3.0405405405405403,2.0270270270270174,3.0405405405405475,1.689189189189193
1550,FDP,250,19,1.0,1.0,3.3783783783783767,0.0,1.0,7.4887387387387365,1.2980085348506378,8.908250355618776,3.52062588904694,0.40896159317210845,4.036273115220489,2.0981507823613086,1.0135135135135158,5.4054054054054035,11.824324324324323,3.378378378378372,9.797297297297298,13.513513513513509
2068,CDU,250,19,1.0,0.0,6.733048838311994,0.0,1.0,1.9707207207207194,2.329302987197721,2.578236130867701,10.73968705547653,3.6095305832147915,14.171408250355618,6.970128022759603,1.689189189189186,1.0135135135135087,2.7027027027027017,2.702702702702709,3.0405405405405403,0.6756756756756701
1213,CDU,250,19,1.0,0.0,3.8999525841631084,1.0,1.0,0.731981981981979,2.044807965860592,6.916785206258886,2.7382645803698367,6.970128022759603,0.6223328591749677,4.107396870554766,0.675675675675663,1.0135135135135087,1.0135135135135087,0.3378378378378386,1.3513513513513544,0.0
1714,Die Grünen,250,19,1.0,1.0,4.1755571360834525,1.0,1.0,1.576576576576579,1.8492176386913215,7.201280227596023,0.6934566145092589,3.200568990042669,7.699146514935983,4.409672830725462,1.689189189189186,0.6756756756756843,1.0135135135135158,3.0405405405405403,1.0135135135135158,2.0270270270270316
1910,SPD,250,19,1.0,0.0,4.771218587008061,1.0,1.0,4.617117117117115,8.019203413940254,4.569701280227605,3.94736842105263,10.295163584637265,0.9957325746799413,0.8001422475106708,5.067567567567565,3.378378378378379,3.7162162162162105,6.081081081081081,4.391891891891888,5.067567567567565
2838,FDP,250,19,0.0,1.0,2.8894025604551934,0.0,1.0,1.0698198198198234,1.0312944523470904,8.143669985775247,2.5426742532005733,5.369843527738276,0.03556187766713492,0.21337126600283796,0.3378378378378457,0.3378378378378386,0.3378378378378386,3.0405405405405546,1.3513513513513473,1.0135135135135158
2748,bunt.saar,250,19,1.0,1.0,4.054054054054052,1.0,0.0,2.139639639639642,5.138691322901842,3.0761024182076824,1.9559032716927476,3.8940256045519206,8.392603129445234,1.8669985775248819,2.7027027027027017,1.3513513513513686,2.0270270270270316,1.3513513513513473,3.378378378378386,2.0270270270270174
1734,bunt.saar,250,19,1.0,1.0,2.4982219061166417,1.0,1.0,1.5765765765765778,1.4935988620199083,3.982930298719765,3.9651493598862118,2.0625889046941666,3.3250355618776624,0.16002844950213557,3.0405405405405475,1.013513513513523,1.3513513513513544,0.0,1.689189189189186,2.364864864864856
3321,FDP,250,19,1.0,0.0,3.7547415836889493,1.0,0.0,0.5630630630630667,7.325746799431002,3.3605974395448044,0.9779516358463738,4.089615931721191,2.7204836415362763,4.054054054054049,1.01351351351353,0.6756756756756843,0.3378378378378386,0.3378378378378386,0.0,1.0135135135135087
3146,Die Grünen,250,19,1.0,0.0,7.556899004267425,1.0,1.0,1.6891891891891835,6.703413940256041,4.534139402560456,9.014935988620195,4.67638691322901,9.58392603129446,10.828591749644389,2.0270270270270316,0.3378378378378244,0.3378378378378386,4.391891891891881,2.0270270270270174,1.0135135135135087
5148,FDP,250,19,1.0,0.0,4.018492176386911,1.0,0.0,2.083333333333331,5.903271692745371,2.400426742532005,4.836415362731152,9.77951635846373,0.4978662873399671,0.6934566145092376,0.0,5.067567567567565,4.054054054054049,1.689189189189193,1.3513513513513473,0.3378378378378315
974,Die Grünen,250,19,0.0,1.0,3.3042911332385003,0.0,0.0,5.2927927927927945,1.3335704125177799,0.6578947368421026,2.3470839260312957,7.663584637268848,5.209815078236119,2.6137980085348573,3.378378378378372,1.0135135135135087,5.743243243243242,6.756756756756758,6.4189189189189335,8.445945945945951
2690,FDP,250,19,0.0,0.0,3.573968705547653,0.0,0.0,5.123873873873872,0.3022759601707037,3.4672830725462234,2.6671408250355597,11.27311522048364,0.5334281650071233,3.200568990042669,0.6756756756756701,4.729729729729726,5.743243243243242,7.770270270270267,4.729729729729733,7.094594594594589
2831,bunt.saar,250,19,1.0,0.0,0.9275723091512601,1.0,0.0,2.815315315315317,0.8534850640113874,1.3157894736842124,1.0490753911806578,1.902560455192031,0.3378378378378386,0.10668563300143319,0.3378378378378386,2.3648648648648702,5.067567567567565,0.3378378378378386,5.4054054054054035,3.378378378378386
4472,Die Grünen,250,19,0.0,1.0,2.388572783309629,0.0,1.0,2.2522522522522515,0.12446657183499354,2.6493598862019923,2.2226173541963092,0.7467994310099613,7.343527738264584,1.2446657183499354,3.378378378378379,1.689189189189193,0.6756756756756701,3.378378378378379,2.364864864864856,2.0270270270270316
4213,CDU,250,19,1.0,1.0,4.474869606448553,1.0,0.0,3.09684684684685,1.8136557610241795,4.320768136557611,4.018492176386907,8.37482219061166,4.747510668563301,3.5739687055476566,3.7162162162162247,4.391891891891902,1.013513513513523,6.081081081081081,0.0,3.378378378378372
593,SPD,250,19,1.0,1.0,4.042200094831675,1.0,0.0,4.222972972972972,1.2980085348506378,3.733997155049792,3.8940256045519135,5.1209103840682815,8.410384068278816,1.795874822190612,0.0,4.391891891891888,5.067567567567565,1.0135135135135087,9.121621621621628,5.743243243243242
3005,bunt.saar,250,19,0.0,1.0,3.9355144618302553,1.0,1.0,3.7162162162162162,5.529871977240404,4.374110953058313,1.7069701280227747,2.0270270270270316,5.565433854907539,4.409672830725469,2.0270270270270245,0.3378378378378386,4.054054054054063,4.729729729729726,4.729729729729726,6.418918918918919
3052,Die Grünen,250,19,1.0,0.0,6.267780938833567,1.0,1.0,0.6756756756756784,1.866998577524896,7.183499288762434,8.392603129445234,0.2844950213371291,10.277382645803684,9.60170697012802,0.6756756756756701,0.0,0.6756756756756772,0.6756756756756843,0.6756756756756772,1.3513513513513615
2154,CDU,250,19,0.0,1.0,2.0299905168326213,0.0,1.0,2.702702702702704,6.258890469416791,1.1024182076813602,0.10668563300141898,2.9694167852062563,0.017780938833574567,1.724751066856328,0.3378378378378386,2.364864864864863,3.378378378378386,1.689189189189193,4.729729729729726,3.7162162162162176
4769,bunt.saar,250,19,1.0,0.0,4.94013750592698,1.0,1.0,0.9572072072072059,4.534139402560456,5.387624466571829,5.1920341394025655,1.8136557610241866,9.726173541963014,2.987197724039831,0.3378378378378457,2.0270270270270316,0.3378378378378244,0.3378378378378386,0.3378378378378386,2.364864864864856
180,bunt.saar,250,19,0.0,0.0,6.570056899004268,1.0,0.0,0.6756756756756772,3.200568990042669,3.4317211948790884,6.241109530583216,0.8890469416785152,17.300853485064017,8.3570412517781,0.3378378378378386,2.3648648648648702,0.3378378378378386,0.0,0.6756756756756772,0.3378378378378386
725,CDU,250,19,1.0,1.0,10.366287339971555,1.0,1.0,3.9414414414414423,1.9381223328591872,6.009957325746804,12.891180654338555,5.28093883357041,22.048364153627315,14.029160739687054,0.6756756756756701,1.3513513513513473,7.094594594594604,0.3378378378378386,8.78378378378379,5.4054054054054035
2021,SPD,250,19,1.0,1.0,3.10870080606923,1.0,1.0,2.984234234234234,4.587482219061172,1.0490753911806578,4.80085348506401,0.9068278805120897,1.8492176386913286,5.45874822190612,7.770270270270267,1.0135135135135016,1.689189189189193,4.054054054054056,1.0135135135135158,2.3648648648648702
