person_id,true_best_party,n_train,n_items_asked_50,obs_top1,obs_top3,obs_mae_mean,pred_top1,pred_top3,pred_mae_mean,obs_mae_CDU,obs_mae_DIE LINKE,obs_mae_Die Grünen,obs_mae_FDP,obs_mae_SPD,obs_mae_bunt.saar,pred_mae_CDU,pred_mae_DIE LINKE,pred_mae_Die Grünen,pred_mae_FDP,pred_mae_SPD,pred_mae_bunt.saar
118,CDU,900,19,1.0,0.0,4.41263632053106,1.0,0.0,1.9144144144144153,4.391891891891902,1.2802275960170704,1.5647226173541924,11.504267425320059,1.0668563300142253,6.6678520625889135,1.0135135135135016,4.7297297297297405,0.3378378378378457,1.0135135135135087,0.3378378378378386,4.054054054054056
1588,FDP,900,19,0.0,1.0,5.461711711711708,1.0,1.0,1.970720720720723,2.471550497866282,3.5384068278805074,4.018492176386914,9.886201991465143,5.7610241820768096,7.0945945945945965,3.7162162162162176,1.689189189189193,2.0270270270270245,1.0135135135135158,2.0270270270270316,1.3513513513513544
919,SPD,900,19,1.0,0.0,3.6332385016595503,1.0,1.0,1.4639639639639614,7.361308677098151,3.5384068278805074,4.551920341394016,2.435988620199147,1.3335704125177799,2.578236130867701,3.378378378378379,1.3513513513513544,0.675675675675663,0.6756756756756701,1.3513513513513544,1.3513513513513473
2723,CDU,900,19,1.0,1.0,2.90422000948317,1.0,0.0,2.92792792792793,3.307254623044102,2.7560455192034112,3.02275960170698,1.0668563300142253,2.3826458036984377,4.889758179231862,4.391891891891888,2.702702702702709,0.6756756756756843,6.081081081081081,0.3378378378378386,3.378378378378379
2630,CDU,900,19,1.0,1.0,3.7725225225225216,1.0,1.0,4.110360360360361,2.0270270270270316,4.534139402560456,2.2403982930298625,1.8492176386913215,5.867709815078236,6.116642958748223,4.729729729729726,0.6756756756756772,5.067567567567572,6.418918918918926,3.378378378378372,4.391891891891895
1106,FDP,900,19,1.0,0.0,3.3961593172119464,1.0,1.0,1.4639639639639626,3.0049786628734054,8.428165007112376,1.0846372688477928,0.1422475106685539,4.2496443812233196,3.4672830725462305,0.0,2.0270270270270245,1.0135135135135158,0.3378378378378386,2.7027027027026946,2.7027027027027017
4764,FDP,900,19,1.0,0.0,4.0510905642484625,1.0,1.0,2.0270270270270245,6.881223328591759,5.618776671408241,2.151493598862025,2.471550497866289,3.342816500711244,3.840682788051218,1.013513513513523,3.378378378378372,3.0405405405405403,1.6891891891891788,2.7027027027027017,0.3378378378378315
3782,DIE LINKE,900,19,1.0,1.0,2.0181365576102386,0.0,0.0,5.6306306306306295,5.156472261735409,1.0312944523470833,0.2844950213371291,1.9203413940255984,0.2489331436699871,3.4672830725462234,10.472972972972975,3.0405405405405332,2.364864864864863,12.162162162162161,4.729729729729726,1.0135135135135158
2758,Die Grünen,900,19,0.0,0.0,6.424845898530108,1.0,1.0,1.2387387387387403,2.86273115220483,6.632290184921764,9.726173541963014,0.32005689900426404,10.9352773826458,8.07254623044097,3.7162162162162176,0.0,0.6756756756756772,2.3648648648648702,0.0,0.6756756756756772
1618,Die Grünen,900,19,1.0,0.0,5.523944997629208,0.0,0.0,1.5202702702702677,0.2844950213371291,8.55263157894737,2.6671408250355597,9.939544807965852,6.258890469416791,5.4409672830725455,2.364864864864863,2.7027027027026946,1.0135135135135087,0.0,2.0270270270270245,1.0135135135135158
4886,SPD,900,19,1.0,1.0,4.3978188715030795,1.0,1.0,1.2950450450450433,6.792318634423893,8.232574679943106,2.0981507823613015,4.107396870554773,2.115931721194869,3.0405405405405332,2.0270270270270174,0.6756756756756772,0.675675675675663,2.702702702702709,0.0,1.689189189189193
3260,Die Grünen,900,19,0.0,0.0,4.16963015647226,1.0,1.0,1.8581081081081077,3.520625889046933,1.0490753911806578,3.982930298719765,4.445234708392597,7.432432432432435,4.587482219061172,0.6756756756756772,2.0270270270270316,1.689189189189186,2.364864864864856,3.7162162162162176,0.6756756756756772
3339,CDU,900,19,0.0,0.0,2.776789947842584,0.0,0.0,2.1396396396396384,6.276671408250358,1.3335704125177799,0.2489331436699942,0.9246088193456643,3.2894736842105345,4.587482219061172,1.689189189189186,2.0270270270270245,4.054054054054049,1.689189189189186,2.0270270270270316,1.3513513513513544
2972,DIE LINKE,900,19,1.0,0.0,6.415955429113324,1.0,0.0,2.252252252252255,7.147937411095306,6.294452347083926,7.21906116642959,1.2268847795163538,10.099573257467995,6.507823613086771,2.0270270270270316,2.7027027027027017,3.378378378378379,0.3378378378378386,0.3378378378378386,4.7297297297297405
989,FDP,900,19,1.0,1.0,4.993480322427689,1.0,1.0,2.590090090090093,4.818634423897571,6.61450924608819,3.058321479374108,2.809388335704128,5.1920341394025655,7.467994310099574,0.6756756756756772,0.6756756756756843,4.391891891891895,4.054054054054063,2.364864864864863,3.3783783783783754
2141,SPD,900,19,0.0,0.0,4.548956851588438,0.0,1.0,1.5765765765765778,4.12517780938834,1.9381223328591872,2.275960170697026,2.880512091038412,7.610241820768145,8.463726884779518,4.391891891891895,1.689189189189186,0.6756756756756701,0.3378378378378457,1.3513513513513544,1.0135135135135158
2948,SPD,900,19,1.0,1.0,3.5265528686581313,0.0,1.0,3.9414414414414423,3.1294452347083777,1.1735419630156443,0.9423897581792318,10.419630156472266,1.8847795163584777,3.6095305832147915,1.3513513513513615,8.108108108108098,4.054054054054049,1.0135135135135158,2.3648648648648702,6.756756756756758
2322,Die Grünen,900,19,1.0,0.0,4.418563300142246,1.0,1.0,1.7454954954954935,4.765291607396875,3.4672830725462234,4.285206258890469,0.8712660028449548,7.23684210526315,5.885490753911803,3.0405405405405332,2.0270270270270245,1.689189189189193,2.0270270270270174,0.0,1.689189189189193
2073,CDU,900,19,1.0,0.0,1.6595542911332426,1.0,0.0,2.759009009009007,1.9914651493598896,3.876244665718353,1.2091038406827934,1.9914651493598896,0.1955903271692847,0.6934566145092447,1.0135135135135158,1.3513513513513473,2.0270270270270245,1.689189189189186,6.418918918918912,4.054054054054056
1802,Die Grünen,900,19,1.0,1.0,6.7686107159791336,1.0,1.0,1.3513513513513544,2.7027027027026946,7.752489331436706,8.410384068278809,2.43598862019914,12.660028449502128,6.650071123755325,1.6891891891892001,0.3378378378378386,0.3378378378378386,2.7027027027027017,1.6891891891891788,1.3513513513513686
2079,Die Grünen,900,19,1.0,0.0,5.648411569464199,1.0,0.0,1.7454954954954935,3.4672830725462234,4.978662873399728,5.209815078236119,2.86273115220483,11.290896159317214,6.081081081081081,0.6756756756756772,1.0135135135135016,3.0405405405405332,0.6756756756756772,3.0405405405405546,2.0270270270270174
166,FDP,900,19,1.0,1.0,3.8347558084400184,1.0,1.0,3.99774774774775,3.8229018492176436,2.6671408250355597,1.1735419630156443,6.436699857752494,2.4537695590327147,6.454480796586054,3.0405405405405403,3.0405405405405475,5.067567567567565,2.0270270270270316,3.378378378378379,7.432432432432435
703,DIE LINKE,900,19,1.0,0.0,3.9592223802750106,1.0,1.0,0.7882882882882889,2.578236130867701,0.6045519203413932,0.9068278805120897,5.174253200568991,10.864153627311524,3.627311522048366,1.3513513513513544,1.3513513513513544,0.3378378378378386,0.0,0.6756756756756772,1.0135135135135087
3381,Die Grünen,900,19,1.0,0.0,7.482811759127549,1.0,1.0,3.9414414414414396,4.107396870554773,8.872688477951627,8.179231863442382,4.054054054054049,12.28662873399717,7.396870554765293,3.7162162162162176,2.364864864864856,4.729729729729726,5.067567567567558,5.405405405405411,2.3648648648648702
3041,SPD,900,19,1.0,0.0,5.577287814129917,1.0,0.0,4.054054054054052,9.672830725462298,4.711948790896166,2.880512091038412,13.940256045519199,2.115931721194869,0.142247510668561,1.0135135135135087,0.6756756756756701,6.418918918918919,4.054054054054049,5.743243243243249,6.418918918918912
1336,bunt.saar,900,19,1.0,1.0,2.916073968705547,1.0,0.0,2.1396396396396433,1.5825035561877598,1.831436699857747,4.783072546230443,4.463015647226179,1.369132290184929,3.4672830725462234,2.702702702702709,2.702702702702709,0.3378378378378457,2.0270270270270245,1.3513513513513473,3.7162162162162247
4555,bunt.saar,900,19,1.0,0.0,7.441322901849216,1.0,1.0,0.844594594594593,1.2268847795163538,1.2980085348506378,10.579658605974402,0.2844950213371291,19.630156472261724,11.628733997155052,0.0,0.3378378378378386,1.3513513513513544,1.689189189189186,1.3513513513513402,0.3378378378378386
4307,FDP,900,19,0.0,1.0,6.940493124703651,1.0,1.0,1.2387387387387367,4.996443812233288,6.13442389758179,6.7389758179231904,10.064011379800853,4.320768136557611,9.388335704125176,0.6756756756756772,3.378378378378372,0.3378378378378386,1.0135135135135016,0.3378378378378457,1.689189189189186
378,CDU,900,19,1.0,0.0,4.065908013276438,1.0,1.0,3.3220720720720713,0.1422475106685539,3.02275960170698,1.546941678520632,10.188477951635846,4.9075391180654435,4.587482219061172,0.0,5.4054054054054035,3.0405405405405403,2.7027027027027017,3.0405405405405475,5.743243243243235
1251,CDU,900,19,1.0,0.0,2.759009009009007,1.0,0.0,1.9144144144144164,2.258179231863444,3.5028449502133725,1.2446657183499354,1.1557610241820626,4.534139402560456,3.8584637268847715,3.378378378378379,1.6891891891892001,0.0,2.702702702702709,2.7027027027026946,1.0135135135135158
4206,FDP,900,19,1.0,0.0,3.719179706021812,1.0,0.0,2.4211711711711694,5.298719772403977,4.391891891891895,1.7425320056899025,4.996443812233288,2.880512091038412,3.0049786628733983,0.6756756756756701,1.0135135135135087,3.378378378378379,1.3513513513513615,3.378378378378372,4.729729729729726
259,SPD,900,19,0.0,1.0,4.984589853010905,0.0,0.0,4.110360360360359,9.192745376955898,0.9957325746799484,6.578947368421048,4.036273115220489,0.8534850640113802,8.250355618776666,4.729729729729726,0.6756756756756701,3.378378378378379,7.094594594594589,4.391891891891902,4.391891891891888
2802,Die Grünen,900,19,0.0,0.0,6.190730203888101,1.0,0.0,1.7454954954954995,2.3470839260312886,10.06401137980086,5.0497866287340045,1.5647226173541924,12.606685633001433,5.51209103840683,0.0,1.013513513513523,2.7027027027026946,3.0405405405405475,0.6756756756756914,3.0405405405405403
142,FDP,900,19,1.0,1.0,4.791963015647226,1.0,1.0,1.9707207207207205,11.130867709815078,0.37339971550497353,4.427453769559037,3.1116642958748173,5.921052631578952,3.7873399715504945,1.689189189189186,2.7027027027027017,2.0270270270270316,0.3378378378378386,3.378378378378379,1.689189189189186
2557,bunt.saar,900,19,1.0,0.0,6.38928402086297,1.0,1.0,0.957207207207207,3.3250355618776624,3.236130867709818,10.757467994310105,0.7467994310099542,12.67780938833571,7.592460881934571,0.0,0.0,2.0270270270270174,0.6756756756756772,2.0270270270270316,1.0135135135135158
2131,bunt.saar,900,19,1.0,1.0,5.040896159317214,0.0,0.0,2.083333333333331,4.12517780938834,5.352062588904687,5.0853485064011394,4.925320056899011,5.636557610241823,5.1209103840682815,1.0135135135135158,3.0405405405405332,4.054054054054063,0.3378378378378386,3.0405405405405332,1.0135135135135016
3182,FDP,900,19,0.0,1.0,5.977358937885254,1.0,1.0,1.6891891891891895,1.5825035561877598,4.249644381223341,2.258179231863444,13.549075391180658,7.645803698435273,6.578947368421048,1.013513513513523,2.3648648648648702,2.0270270270270316,0.3378378378378244,1.0135135135135087,3.378378378378379
2908,DIE LINKE,900,19,1.0,1.0,6.110715979137034,1.0,0.0,2.195945945945944,7.716927453769557,3.876244665718353,4.054054054054056,8.481507823613093,9.03271692745377,3.5028449502133725,0.6756756756756701,2.0270270270270174,3.378378378378379,3.7162162162162176,0.6756756756756701,2.702702702702709
4585,bunt.saar,900,19,1.0,1.0,5.355026078710288,1.0,0.0,1.6891891891891895,4.445234708392597,7.770270270270274,6.543385490753906,2.151493598862025,7.752489331436699,3.4672830725462234,2.364864864864856,2.3648648648648702,0.3378378378378386,3.0405405405405403,2.0270270270270316,0.0
806,bunt.saar,900,19,0.0,0.0,5.4202228544333835,0.0,1.0,1.6891891891891895,1.973684210526315,4.285206258890469,4.249644381223334,5.1920341394025655,10.91749644381224,5.903271692745378,1.0135135135135087,0.3378378378378386,3.0405405405405475,0.6756756756756772,3.0405405405405332,2.0270270270270316
268,Die Grünen,900,19,1.0,0.0,5.91808914177335,1.0,0.0,1.8018018018017952,2.880512091038412,3.0761024182076895,6.650071123755325,3.698435277382643,13.65576102418207,5.547652916073957,2.0270270270270245,1.0135135135135016,3.0405405405405332,1.3513513513513544,2.364864864864856,1.0135135135135016
4914,FDP,900,19,0.0,1.0,3.968112849691798,1.0,1.0,3.2094594594594583,0.5867709815078399,1.1024182076813602,4.302987197724036,10.188477951635846,2.7204836415362763,4.907539118065429,3.378378378378372,3.0405405405405475,3.378378378378372,2.0270270270270316,2.0270270270270316,5.405405405405396
2092,CDU,900,19,1.0,1.0,4.1459222380275,0.0,1.0,1.407657657657655,8.872688477951627,3.556187766714089,1.6180654338549019,7.5213371266002795,2.4537695590327147,0.8534850640113874,0.3378378378378386,1.3513513513513544,1.3513513513513402,3.0405405405405332,0.0,2.364864864864863
3327,CDU,900,19,1.0,1.0,4.554883831199617,1.0,1.0,1.576576576576579,2.0981507823613015,7.450213371266003,3.1294452347083777,3.236130867709818,4.889758179231862,6.525604551920338,0.0,0.6756756756756701,0.6756756756756843,1.689189189189193,2.3648648648648702,4.054054054054056
525,Die Grünen,900,19,1.0,0.0,3.7606685633001398,1.0,1.0,1.6891891891891906,0.26671408250354744,1.0490753911806578,5.4054054054054035,6.845661450924595,4.000711237553347,4.996443812233288,0.3378378378378386,2.0270270270270316,1.0135135135135016,3.7162162162162176,2.0270270270270316,1.013513513513523
1272,CDU,900,19,0.0,0.0,3.9770033191085816,1.0,1.0,1.8018018018018036,8.481507823613093,1.8136557610241795,0.3556187766714132,10.366287339971542,0.07112375533427695,2.773826458036986,2.702702702702709,0.3378378378378457,1.3513513513513402,0.3378378378378457,3.378378378378372,2.702702702702709
839,FDP,900,19,1.0,1.0,3.2479848269322034,1.0,1.0,1.2950450450450433,5.0497866287340045,4.925320056899011,2.8271692745377024,1.7069701280227747,3.840682788051218,1.1379800853485094,1.0135135135135016,1.689189189189193,2.0270270270270316,0.3378378378378386,2.0270270270270174,0.6756756756756772
1920,SPD,900,19,0.0,1.0,5.381697486960647,0.0,1.0,2.984234234234235,5.4765291607396875,3.627311522048373,3.662873399715508,5.654338549075398,4.658605974395449,9.210526315789465,1.0135135135135158,0.3378378378378386,4.391891891891888,1.3513513513513473,4.054054054054063,6.756756756756758
2440,bunt.saar,900,19,1.0,0.0,5.144618302513038,1.0,1.0,1.0135135135135134,1.973684210526315,4.463015647226172,5.494310099573255,7.770270270270267,8.125889046941687,3.0405405405405332,1.689189189189186,0.6756756756756772,0.6756756756756772,2.0270270270270245,0.6756756756756772,0.3378378378378386
3090,Die Grünen,900,19,1.0,0.0,3.1057373162636304,1.0,0.0,4.898648648648646,2.187055476529153,6.650071123755325,1.795874822190612,3.6095305832147915,2.3115220483641536,2.0803698435277482,4.729729729729726,0.3378378378378386,10.472972972972968,0.6756756756756772,8.78378378378379,4.3918918918918735
741,FDP,900,19,1.0,0.0,3.843646277856801,1.0,1.0,2.477477477477477,7.5924608819345565,7.147937411095306,1.689189189189186,2.7738264580369787,1.8847795163584635,1.973684210526315,0.3378378378378315,2.7027027027027017,3.7162162162162176,2.0270270270270316,3.378378378378379,2.7027027027027017
1133,Die Grünen,900,19,1.0,0.0,4.110360360360357,1.0,1.0,2.0270270270270268,4.87197724039828,1.6002844950213486,4.089615931721191,3.4672830725462234,7.254623044096725,3.378378378378372,2.0270270270270245,2.364864864864863,2.3648648648648702,0.6756756756756772,2.7027027027026946,2.0270270270270316
1219,FDP,900,19,1.0,1.0,2.1248221906116633,1.0,1.0,4.27927927927928,1.404694167852064,2.7916073968705533,2.86273115220483,3.022759601706973,2.5960170697012828,0.07112375533427695,5.4054054054054035,3.0405405405405403,2.3648648648648702,8.108108108108112,2.7027027027027017,4.054054054054053
5100,CDU,900,19,1.0,0.0,3.4850640113798015,1.0,0.0,2.927927927927931,3.6450924608819264,2.400426742532005,1.1201991465149348,7.485775248933145,6.009957325746804,0.2489331436699942,1.013513513513523,3.0405405405405403,4.7297297297297405,3.378378378378372,3.378378378378379,2.0270270270270316
3807,DIE LINKE,900,19,0.0,1.0,5.168326220957798,0.0,1.0,4.391891891891891,5.52987197724039,8.641536273115221,4.12517780938834,1.2802275960170704,6.703413940256041,4.729729729729726,5.4054054054054035,7.094594594594589,3.7162162162162176,3.378378378378379,3.0405405405405403,3.7162162162162176
4621,CDU,900,19,1.0,1.0,4.608226647700332,0.0,1.0,1.8018018018018047,2.0803698435277482,2.293741109530579,8.463726884779511,8.641536273115221,3.09388335704125,3.0761024182076824,2.0270270270270316,0.6756756756756772,3.378378378378379,0.6756756756756772,3.378378378378386,0.6756756756756772
3315,Die Grünen,900,19,0.0,0.0,7.826576576576571,0.0,0.0,3.490990990990987,1.0135135135135087,9.939544807965845,9.050497866287337,4.783072546230443,12.926742532005676,9.246088193456615,3.378378378378379,3.378378378378372,4.391891891891888,4.391891891891888,4.054054054054049,1.3513513513513473
3185,Die Grünen,900,19,1.0,0.0,7.165718349928874,0.0,0.0,1.745495495495497,11.308677098150774,5.974395448079662,1.511379800853483,7.965860597439537,10.988620199146517,5.245376955903275,2.0270270270270316,1.3513513513513473,1.3513513513513473,4.054054054054063,0.3378378378378386,1.3513513513513544
4461,bunt.saar,900,19,1.0,1.0,3.689544807965858,1.0,1.0,0.5630630630630655,0.32005689900426404,3.4317211948790884,6.045519203413946,3.59174964438121,2.9694167852062634,5.778805120910377,1.0135135135135158,1.3513513513513544,0.3378378378378386,0.3378378378378457,0.0,0.3378378378378386
4848,SPD,900,19,1.0,1.0,4.451161688003797,1.0,1.0,1.8018018018018012,4.249644381223341,8.054765291607403,3.6095305832147915,0.1422475106685539,3.5384068278805216,7.112375533428171,1.3513513513513473,0.3378378378378244,1.3513513513513473,2.3648648648648702,4.391891891891902,1.0135135135135158
2344,bunt.saar,900,19,0.0,0.0,6.137387387387385,1.0,1.0,2.364864864864868,4.480796586059739,5.334281650071112,2.3648648648648702,3.52062588904694,12.71337126600283,8.410384068278816,2.0270270270270316,0.3378378378378386,1.3513513513513544,2.3648648648648702,4.391891891891888,3.7162162162162247
4593,bunt.saar,900,19,0.0,0.0,6.715267899478422,1.0,1.0,2.027027027027026,1.333570412517787,2.5248933143669916,10.899715504978658,8.143669985775247,9.548364153627304,7.841394025604544,4.729729729729726,2.0270270270270174,0.6756756756756843,1.3513513513513544,0.3378378378378386,3.0405405405405332
1052,SPD,900,19,1.0,0.0,7.020507349454719,1.0,1.0,3.603603603603608,0.7823613086770962,3.0049786628734054,12.428876244665723,3.3250355618776624,13.53129445234709,9.050497866287337,3.0405405405405403,0.6756756756756772,6.081081081081095,1.689189189189193,6.418918918918919,3.7162162162162247
44,FDP,900,19,1.0,1.0,4.015528686581317,1.0,0.0,2.9279279279279287,6.561166429587473,0.2489331436699871,1.902560455192031,7.005689900426745,2.115931721194876,6.258890469416791,0.6756756756756772,0.3378378378378386,4.391891891891895,1.3513513513513402,5.743243243243249,5.067567567567572
1276,bunt.saar,900,19,1.0,0.0,5.752133712660027,1.0,1.0,1.1824324324324333,0.1955903271692776,1.7780938833570303,4.018492176386914,1.7780938833570374,16.96301564722618,9.779516358463724,1.0135135135135158,1.3513513513513544,1.3513513513513686,0.6756756756756808,1.3513513513513402,1.3513513513513402
2600,bunt.saar,900,19,1.0,1.0,8.336296823138932,1.0,1.0,0.9009009009009018,2.4182076813655797,8.748221906116648,11.717638691322904,0.6401137980085352,16.78520625889047,9.708392603129454,0.3378378378378386,2.702702702702709,1.0135135135135158,0.3378378378378386,1.0135135135135087,0.0
3862,SPD,900,19,0.0,0.0,4.326695116168801,0.0,1.0,2.5900900900900936,4.516358463726888,6.561166429587473,1.689189189189193,0.8357041251778057,7.948079658605984,4.409672830725462,0.6756756756756843,1.689189189189193,3.0405405405405403,2.7027027027027017,4.391891891891902,3.0405405405405403
1732,SPD,900,19,1.0,0.0,2.012209577999053,0.0,0.0,4.222972972972978,1.1379800853485094,2.951635846372689,3.6450924608819335,0.35561877667140607,2.5426742532005733,1.440256045519206,4.054054054054063,6.418918918918926,2.3648648648648702,7.770270270270274,0.3378378378378386,4.391891891891895
3897,Die Grünen,900,19,0.0,0.0,7.2961119013750535,0.0,1.0,2.2522522522522515,3.2539118065433854,0.26671408250354744,10.277382645803684,5.7610241820768096,14.935988620199147,9.28165007112375,1.013513513513523,1.689189189189193,4.391891891891888,1.0135135135135158,3.0405405405405332,2.364864864864856
926,bunt.saar,900,19,1.0,0.0,5.7936225699383606,1.0,1.0,1.0135135135135123,1.0668563300142253,3.6806543385490826,7.82361308677099,3.8229018492176365,11.717638691322904,6.650071123755325,0.6756756756756772,1.013513513513523,0.3378378378378386,3.0405405405405332,0.3378378378378386,0.675675675675663
3490,FDP,900,19,1.0,1.0,3.9355144618302496,1.0,1.0,2.7027027027027017,5.174253200568991,3.8940256045519206,2.2403982930298696,6.987908961593163,2.951635846372689,2.364864864864863,2.7027027027027017,2.3648648648648702,3.0405405405405403,3.0405405405405332,1.0135135135135158,4.054054054054049
3581,CDU,900,19,1.0,0.0,3.1531531531531534,1.0,0.0,1.5202702702702713,2.5960170697012828,0.26671408250354744,0.3911806543385552,5.8321479374110865,5.245376955903275,4.587482219061172,1.3513513513513473,2.702702702702709,2.702702702702709,0.3378378378378386,1.3513513513513544,0.6756756756756701
4554,CDU,900,19,1.0,0.0,3.5384068278805145,1.0,1.0,1.3513513513513509,0.9423897581792318,4.391891891891895,2.631578947368425,4.640825035561882,5.93883357041252,2.6849217638691343,2.0270270270270174,0.0,1.0135135135135158,2.364864864864863,2.364864864864863,0.3378378378378457
3105,CDU,900,19,0.0,0.0,5.86474632527264,1.0,0.0,3.3783783783783776,6.13442389758179,3.69843527738265,9.050497866287337,2.115931721194869,10.08179231863442,4.107396870554773,4.391891891891895,2.364864864864863,3.0405405405405332,4.729729729729726,3.0405405405405403,2.702702702702709
2293,FDP,900,19,1.0,1.0,6.193693693693693,1.0,1.0,1.5765765765765767,10.73968705547653,2.6137980085348502,5.512091038406826,4.747510668563301,10.899715504978662,2.6493598862019923,1.0135135135135087,0.6756756756756772,1.3513513513513544,0.3378378378378386,3.378378378378372,2.702702702702709
13,SPD,900,19,1.0,0.0,3.775486012328116,0.0,0.0,3.4909909909909884,1.4402560455191917,1.6002844950213486,6.418918918918912,2.7382645803698438,3.662873399715508,6.792318634423893,4.054054054054049,3.7162162162162176,2.7027027027026946,4.054054054054049,5.405405405405411,1.0135135135135087
4893,CDU,900,19,1.0,1.0,0.7882882882882901,1.0,1.0,3.0968468468468493,0.9779516358463738,1.6358463726884764,0.1955903271692847,0.40896159317212266,1.3513513513513473,0.16002844950213557,1.3513513513513473,1.3513513513513473,4.391891891891895,2.364864864864863,5.743243243243249,3.378378378378393
2577,FDP,900,19,1.0,1.0,4.726766239924136,1.0,1.0,4.222972972972972,5.067567567567565,1.9914651493598896,3.5384068278805074,8.694879089615938,5.51209103840683,3.556187766714089,5.067567567567565,5.743243243243242,1.0135135135135087,0.0,6.756756756756758,6.756756756756758
3244,bunt.saar,900,19,1.0,0.0,6.436699857752487,1.0,0.0,1.6891891891891895,6.899004267425319,4.480796586059739,8.623755334281647,1.5291607396870575,12.731152204836413,4.356330014224746,1.0135135135135158,1.689189189189186,0.3378378378378386,3.7162162162162105,0.6756756756756772,2.702702702702709
2474,CDU,900,19,0.0,0.0,4.869013750592701,1.0,1.0,1.7454954954954947,3.0049786628734054,4.054054054054056,5.778805120910384,1.2802275960170775,6.7745376955903325,8.32147937411095,0.3378378378378457,2.364864864864856,2.364864864864863,2.0270270270270245,2.3648648648648702,1.0135135135135087
284,Die Grünen,900,19,1.0,0.0,7.971787577050736,1.0,1.0,1.126126126126124,0.8357041251778057,9.743954480796589,7.82361308677099,4.463015647226172,13.673541963015644,11.290896159317214,0.0,0.0,3.0405405405405332,1.0135135135135158,0.3378378378378386,2.364864864864856
4586,DIE LINKE,900,19,1.0,0.0,6.113679468942629,0.0,0.0,2.984234234234234,6.13442389758179,4.925320056899011,5.1031294452347,2.951635846372689,12.144381223328601,5.423186344238985,0.3378378378378386,4.054054054054056,2.0270270270270174,1.689189189189186,7.0945945945945965,2.702702702702709
2350,FDP,900,19,0.0,1.0,5.180180180180179,1.0,1.0,2.5900900900900865,1.795874822190612,1.2802275960170775,3.0405405405405403,11.308677098150774,10.206258890469414,3.449502133712656,3.378378378378372,1.689189189189186,3.0405405405405403,0.675675675675663,3.378378378378379,3.378378378378379
630,Die Grünen,900,19,1.0,1.0,7.0293978188715025,1.0,1.0,0.7319819819819825,4.142958748221908,1.7425320056898954,7.3790896159317185,1.1913229018492189,17.496443812233295,10.224039829302981,0.6756756756756701,0.6756756756756914,1.3513513513513402,1.0135135135135158,0.3378378378378386,0.3378378378378386
4868,bunt.saar,900,19,1.0,0.0,6.4781887150308215,1.0,1.0,1.2950450450450444,6.61450924608819,2.1692745376955855,10.490753911806543,1.1024182076813673,12.411095305832163,6.081081081081081,2.7027027027026946,2.0270270270270316,0.6756756756756772,1.689189189189186,0.3378378378378386,0.3378378378378386
3285,FDP,900,19,1.0,1.0,3.704362256993834,1.0,1.0,1.576576576576578,8.036984352773828,0.3911806543385481,0.0711237553342805,12.304409672830715,0.5689900426742547,0.8534850640113767,0.0,1.3513513513513544,2.7027027027027053,0.0,2.7027027027027053,2.7027027027027035
1521,SPD,900,19,1.0,1.0,4.4067093409198685,1.0,1.0,1.3513513513513569,6.045519203413939,5.174253200568991,3.7339971550497992,2.9694167852062634,8.179231863442382,0.3378378378378386,2.3648648648648702,1.689189189189193,1.01351351351353,0.3378378378378386,2.3648648648648702,0.3378378378378386
4601,CDU,900,19,1.0,0.0,8.202939781887153,1.0,0.0,3.828828828828828,4.569701280227605,7.485775248933145,10.437411095305833,1.8492176386913215,16.731863442389766,8.143669985775247,1.3513513513513473,2.0270270270270245,4.054054054054056,4.729729729729726,5.067567567567572,5.743243243243242
1147,CDU,900,19,0.0,0.0,2.90422000948317,0.0,0.0,3.32207207207207,0.3378378378378386,3.698435277382643,2.2226173541963092,4.587482219061172,5.672119487908965,0.9068278805120897,3.378378378378379,4.391891891891888,3.378378378378379,2.364864864864863,3.378378378378372,3.0405405405405403
5070,Die Grünen,900,19,0.0,0.0,4.110360360360354,1.0,0.0,1.8018018018018,2.3115220483641536,1.3335704125177799,5.6899004267425255,0.426742532005683,5.618776671408241,9.281650071123742,1.689189189189186,2.364864864864856,1.3513513513513544,1.3513513513513473,3.378378378378393,0.675675675675663
2399,FDP,900,19,1.0,0.0,4.279279279279282,1.0,0.0,2.4211711711711703,8.677098150782356,3.342816500711244,1.3157894736842124,6.614509246088197,4.587482219061165,1.1379800853485165,3.378378378378379,2.3648648648648702,2.7027027027027017,1.3513513513513473,3.7162162162162176,1.0135135135135052
563,FDP,900,19,1.0,0.0,3.754741583688952,1.0,1.0,1.407657657657656,3.6450924608819264,8.641536273115221,1.2802275960170775,2.3648648648648702,3.236130867709811,3.3605974395448044,0.3378378378378315,3.0405405405405332,0.0,0.0,1.689189189189193,3.378378378378379
805,SPD,900,19,0.0,0.0,5.83214793741109,1.0,1.0,2.1959459459459416,2.435988620199147,6.632290184921764,5.672119487908951,7.0590327169274545,7.983641536273105,5.209815078236119,3.378378378378379,3.0405405405405403,1.3513513513513402,3.7162162162162105,1.3513513513513402,0.3378378378378386
98,CDU,900,19,1.0,1.0,4.30891417733523,1.0,0.0,1.3513513513513533,1.7247510668563208,3.4317211948790884,4.854196301564727,4.142958748221901,9.086059743954486,2.6137980085348573,0.0,2.0270270270270316,0.6756756756756772,2.3648648648648702,0.6756756756756772,2.364864864864863
1243,CDU,900,19,1.0,0.0,4.134068278805123,1.0,1.0,3.772522522522523,1.7069701280227676,6.756756756756758,3.6450924608819335,0.32005689900426404,7.02347083926032,5.352062588904694,3.7162162162162105,1.3513513513513473,3.0405405405405403,4.391891891891902,5.067567567567572,5.067567567567565
3709,bunt.saar,900,19,1.0,0.0,5.814366998577525,1.0,0.0,0.9009009009009006,4.889758179231862,3.236130867709818,2.951635846372696,8.694879089615931,10.08179231863442,5.032005689900423,1.0135135135135087,1.689189189189193,0.6756756756756772,1.3513513513513473,0.0,0.6756756756756772
1299,FDP,900,19,1.0,1.0,3.0672119487908973,1.0,1.0,2.702702702702704,0.053342816500716594,5.529871977240397,3.94736842105263,5.778805120910384,3.02275960170698,0.07112375533427695,4.391891891891902,4.729729729729726,0.3378378378378386,2.0270270270270316,2.0270270270270245,2.7027027027027017
413,bunt.saar,900,19,0.0,1.0,5.055713608345184,0.0,1.0,2.8153153153153156,0.37339971550497353,4.498577524893314,5.921052631578945,5.352062588904694,7.930298719772395,6.258890469416784,1.3513513513513473,4.391891891891895,3.7162162162162105,0.6756756756756772,6.081081081081088,0.6756756756756772
1803,bunt.saar,900,19,1.0,1.0,6.996799431009961,0.0,1.0,1.407657657657655,4.17852062588905,1.9559032716927405,9.530583214793737,4.3029871977240575,11.77098150782362,10.241820768136563,0.3378378378378386,4.054054054054049,1.0135135135135158,1.0135135135135087,1.0135135135135016,1.0135135135135158
1569,FDP,900,19,1.0,1.0,5.891417733522995,1.0,1.0,1.0698198198198228,2.8449502133712556,7.21906116642959,5.547652916073968,4.729729729729726,8.997155049786628,6.009957325746804,0.3378378378378386,0.0,0.33783783783784216,2.3648648648648702,2.702702702702709,0.6756756756756772
89,DIE LINKE,900,19,1.0,0.0,3.3161450924608835,1.0,1.0,1.8581081081081088,0.2489331436699942,1.0312944523470904,4.87197724039828,4.036273115220482,7.21906116642959,2.489331436699864,1.3513513513513544,1.0135135135135016,4.054054054054063,0.0,0.3378378378378386,4.391891891891895
1341,Die Grünen,900,19,1.0,0.0,7.696183025130389,0.0,1.0,1.689189189189186,0.7645803698435216,6.934566145092461,10.828591749644382,1.3513513513513473,17.194167852062584,9.10384068278804,0.6756756756756772,2.0270270270270174,2.0270270270270174,2.3648648648648702,1.0135135135135016,2.0270270270270316
1737,CDU,900,19,1.0,1.0,2.726410621147464,1.0,1.0,3.547297297297297,3.7339971550497992,2.2048364153627347,4.943100995732571,3.022759601706973,0.01778093883356746,2.43598862019914,0.6756756756756914,4.729729729729726,5.4054054054054035,0.3378378378378244,5.067567567567572,5.067567567567565
809,FDP,900,19,1.0,1.0,4.907539118065433,1.0,1.0,1.2387387387387427,6.13442389758179,1.404694167852064,5.2631578947368425,10.95305832147936,0.7290184921763867,4.960881934566153,2.702702702702709,2.364864864864863,1.3513513513513473,0.3378378378378528,0.3378378378378386,0.3378378378378457
2358,bunt.saar,900,19,1.0,0.0,2.9338549075391165,1.0,1.0,1.689189189189193,1.9559032716927476,0.5512091038406766,6.703413940256041,2.115931721194876,1.3513513513513473,4.925320056899011,2.0270270270270245,0.3378378378378386,2.0270270270270316,2.0270270270270316,2.702702702702716,1.0135135135135158
1083,CDU,900,19,1.0,1.0,2.3263394973921243,1.0,0.0,1.9144144144144153,1.3869132290184822,4.142958748221901,0.5689900426742511,3.5384068278805074,3.200568990042669,1.1201991465149348,1.0135135135135158,1.689189189189186,3.378378378378379,0.3378378378378386,1.689189189189193,3.378378378378379
3276,SPD,900,19,1.0,1.0,4.637861545756281,1.0,1.0,1.4639639639639672,1.7069701280227534,2.00924608819345,8.55263157894737,4.125177809388333,5.280938833570417,6.152204836415365,3.0405405405405403,3.0405405405405546,1.0135135135135158,1.689189189189193,0.0,0.0
1078,CDU,900,19,1.0,1.0,5.094238975817924,1.0,1.0,2.7590090090090036,5.689900426742533,10.312944523470847,0.8179231863442382,4.480796586059739,4.925320056899004,4.338549075391185,6.756756756756751,0.6756756756756701,2.0270270270270174,2.364864864864856,3.7162162162162176,1.0135135135135087
2575,DIE LINKE,900,19,0.0,0.0,7.216097676623992,0.0,0.0,3.096846846846848,1.2091038406827934,6.578947368421048,7.805832147937409,3.200568990042669,16.838549075391185,7.663584637268848,4.054054054054056,2.0270270270270316,3.378378378378379,4.391891891891888,1.689189189189193,3.0405405405405403
3493,SPD,900,19,1.0,0.0,2.8182788051209045,1.0,0.0,2.195945945945946,3.1827880512090942,3.982930298719765,5.672119487908951,2.880512091038412,1.1557610241820697,0.03556187766713492,0.6756756756756701,1.689189189189186,2.3648648648648702,0.3378378378378457,1.6891891891891788,6.418918918918926
321,DIE LINKE,900,19,1.0,0.0,2.7916073968705555,0.0,1.0,1.5202702702702666,3.200568990042669,2.6315789473684177,2.951635846372696,1.1379800853485094,4.9075391180654435,1.9203413940255984,1.0135135135135087,1.0135135135135087,3.0405405405405332,0.0,2.0270270270270174,2.0270270270270316
4618,Die Grünen,900,19,0.0,0.0,6.247036510194405,1.0,1.0,3.209459459459463,2.2226173541963092,4.658605974395449,6.330014224751068,7.539118065433861,9.423897581792318,7.307965860597427,2.364864864864863,1.3513513513513544,4.054054054054063,3.7162162162162176,5.067567567567572,2.702702702702709
3612,bunt.saar,900,19,0.0,0.0,6.1433143669985775,1.0,1.0,1.126126126126124,7.1657183499288735,4.089615931721191,12.411095305832163,2.7382645803698367,2.2403982930298696,8.214793741109531,1.689189189189193,0.3378378378378386,1.0135135135135016,1.689189189189193,1.0135135135135016,1.0135135135135158
3956,bunt.saar,900,19,0.0,1.0,2.8805120910384048,0.0,1.0,1.745495495495496,2.6493598862019923,6.116642958748223,1.7247510668563137,0.142247510668561,2.258179231863437,4.391891891891902,0.3378378378378386,2.3648648648648702,2.702702702702709,2.0270270270270245,1.689189189189193,1.3513513513513402
4009,bunt.saar,900,19,1.0,1.0,4.003674727358938,0.0,0.0,2.2522522522522537,1.4402560455191917,2.0981507823613015,4.889758179231862,1.3513513513513473,9.655049786628751,4.587482219061172,1.0135135135135087,2.3648648648648702,3.378378378378386,2.0270270270270316,3.378378378378372,1.3513513513513544
2576,bunt.saar,900,19,1.0,1.0,2.0981507823613086,1.0,0.0,2.759009009009007,5.209815078236126,2.0625889046941595,0.4978662873399742,0.5867709815078257,3.982930298719765,0.2489331436700013,1.0135135135135158,1.3513513513513402,4.391891891891888,1.0135135135135158,4.391891891891895,4.391891891891888
3933,CDU,900,19,0.0,0.0,5.408368895211001,0.0,0.0,3.209459459459461,4.267425320056894,2.809388335704128,7.3790896159317185,0.9246088193456643,8.748221906116648,8.32147937411095,0.3378378378378386,0.6756756756756772,6.081081081081081,3.378378378378379,4.391891891891895,4.391891891891895
1005,bunt.saar,900,19,1.0,1.0,3.8466097676624016,1.0,1.0,2.2522522522522537,0.23115220483641252,1.8492176386913286,7.485775248933152,4.729729729729733,5.7254623044096675,3.058321479374115,2.3648648648648702,2.0270270270270316,2.702702702702709,4.391891891891895,0.3378378378378386,1.6891891891891788
743,CDU,900,19,1.0,1.0,4.602299668089144,1.0,1.0,3.547297297297296,0.16002844950213557,4.783072546230443,2.187055476529153,5.654338549075405,8.641536273115221,6.187766714082507,0.3378378378378386,5.405405405405411,0.6756756756756701,1.3513513513513402,4.391891891891895,9.121621621621621
693,FDP,900,19,1.0,0.0,3.653982930298716,1.0,0.0,3.265765765765766,2.4537695590327075,7.859174964438125,2.7916073968705533,2.4537695590327075,3.8584637268847786,2.507112375533424,3.7162162162162176,1.0135135135135087,6.756756756756758,1.0135135135135158,3.378378378378379,3.7162162162162176
1924,CDU,900,19,0.0,0.0,4.833451872925557,1.0,1.0,1.0698198198198188,9.103840682788054,5.796586059743959,0.3378378378378386,6.418918918918912,5.778805120910384,1.5647226173541924,0.0,0.3378378378378386,2.364864864864856,1.0135135135135087,1.3513513513513544,1.3513513513513544
512,FDP,900,19,0.0,0.0,2.625651967757225,0.0,0.0,1.4639639639639626,4.142958748221901,3.8584637268847715,2.5248933143669916,0.7290184921763796,3.1116642958748244,1.3869132290184822,0.6756756756756701,1.689189189189193,1.689189189189186,1.6891891891892001,0.6756756756756701,2.364864864864856
3297,bunt.saar,900,19,1.0,1.0,3.5117354196301562,1.0,1.0,0.7882882882882866,1.8847795163584706,5.209815078236119,2.400426742531998,2.080369843527734,7.2724039829302995,2.2226173541963163,0.3378378378378386,0.3378378378378386,1.0135135135135158,1.3513513513513473,0.3378378378378386,1.3513513513513402
460,FDP,900,19,0.0,0.0,5.381697486960643,0.0,0.0,2.421171171171172,2.578236130867708,7.076813655761022,4.783072546230443,2.400426742531998,9.850640113798008,5.600995732574681,4.054054054054049,0.3378378378378457,2.7027027027027017,2.0270270270270316,5.067567567567565,0.3378378378378386
2699,SPD,900,19,1.0,0.0,2.267069701280229,0.0,1.0,3.7162162162162176,0.6223328591749677,0.9957325746799413,2.3115220483641536,1.475817923186355,5.796586059743959,2.400426742531998,3.0405405405405332,5.067567567567565,6.081081081081081,2.3648648648648702,2.702702702702709,3.0405405405405475
4860,FDP,900,19,1.0,0.0,2.676031294452349,1.0,1.0,3.153153153153157,2.809388335704128,2.293741109530586,0.053342816500716594,2.880512091038412,4.605263157894733,3.413940256045521,3.0405405405405475,2.702702702702709,3.378378378378379,2.7027027027027017,3.7162162162162176,3.378378378378386
4462,FDP,900,19,1.0,1.0,3.0701754385964883,1.0,1.0,3.8288288288288292,4.818634423897571,8.55263157894737,1.5291607396870575,1.4758179231863409,0.8712660028449477,1.1735419630156443,3.7162162162162176,3.7162162162162176,4.391891891891891,4.729729729729726,3.378378378378379,3.040540540540544
2368,FDP,900,19,1.0,0.0,7.927335229966808,1.0,0.0,2.0270270270270245,2.809388335704128,9.583926031294453,6.61450924608819,3.307254623044095,17.17638691322901,8.07254623044097,4.054054054054056,0.0,0.6756756756756701,0.6756756756756701,5.067567567567558,1.689189189189193
2983,DIE LINKE,900,19,1.0,1.0,2.9397818871503105,1.0,1.0,2.2522522522522563,0.5867709815078399,3.7873399715504945,2.809388335704128,3.3605974395448044,4.960881934566139,2.1337126600284577,4.054054054054063,1.3513513513513544,2.364864864864863,3.378378378378393,0.6756756756756701,1.689189189189193
982,Die Grünen,900,19,1.0,0.0,5.515054528212424,1.0,0.0,4.6171171171171155,1.6002844950213486,0.6578947368421026,10.490753911806543,3.2894736842105345,9.619487908961581,7.432432432432435,6.418918918918919,3.0405405405405332,6.756756756756744,6.081081081081088,1.689189189189186,3.7162162162162247
1259,bunt.saar,900,19,1.0,1.0,4.329658605974397,1.0,1.0,0.7319819819819777,2.9694167852062634,4.356330014224746,8.890469416785209,0.4800853485063996,5.45874822190612,3.8229018492176436,1.0135135135135087,0.6756756756756772,0.3378378378378386,0.6756756756756772,1.0135135135135016,0.675675675675663
2065,FDP,900,19,1.0,1.0,3.2687292555713605,1.0,1.0,4.448198198198199,5.7610241820768096,1.3157894736842124,0.6756756756756772,3.8229018492176436,3.1116642958748173,4.925320056899004,1.3513513513513615,4.391891891891895,3.7162162162162176,5.743243243243235,6.081081081081081,5.4054054054054035
3604,Die Grünen,900,19,1.0,1.0,3.8466097676624003,1.0,1.0,3.1531531531531543,0.5689900426742511,8.517069701280235,0.6756756756756772,0.21337126600283796,12.464438122332858,0.6401137980085423,1.0135135135135158,1.3513513513513473,6.756756756756758,1.3513513513513544,1.689189189189193,6.756756756756758
5182,Die Grünen,900,19,1.0,1.0,3.1887150308202954,1.0,1.0,2.027027027027026,0.5512091038406766,4.534139402560456,2.3293029871977353,3.733997155049792,1.4224751066856385,6.561166429587473,0.0,2.7027027027026946,0.3378378378378386,4.054054054054056,4.729729729729726,0.3378378378378386
1388,CDU,900,19,1.0,1.0,3.7043622569938406,1.0,0.0,2.646396396396394,2.9338549075391214,4.054054054054056,4.516358463726888,3.2183499288762576,4.711948790896166,2.7916073968705533,4.054054054054042,2.0270270270270316,3.378378378378379,2.7027027027026946,1.0135135135135087,2.702702702702709
4937,Die Grünen,900,19,0.0,0.0,4.845305832147937,0.0,1.0,1.9707207207207205,0.7467994310099613,1.0668563300142182,8.55263157894737,2.044807965860592,13.709103840682786,2.951635846372696,1.3513513513513473,0.6756756756756772,1.3513513513513544,4.729729729729733,0.0,3.7162162162162105
2353,CDU,900,19,1.0,0.0,4.021455666192505,1.0,0.0,2.5900900900900914,7.841394025604551,0.6401137980085352,6.61450924608819,3.1116642958748244,4.960881934566139,0.9601706970127921,0.675675675675663,7.432432432432428,1.0135135135135087,2.0270270270270316,1.3513513513513615,3.0405405405405546
1282,bunt.saar,900,19,1.0,1.0,2.6878852536747266,1.0,1.0,3.2657657657657673,1.2446657183499354,0.6756756756756772,5.28093883357041,1.3513513513513473,6.490042674253203,1.0846372688477857,4.391891891891902,2.3648648648648702,2.7027027027026946,1.689189189189186,4.729729729729726,3.7162162162162247
4876,SPD,900,19,1.0,0.0,3.636201991465146,1.0,0.0,1.8581081081081088,3.1827880512090942,5.4054054054054035,7.396870554765293,2.258179231863444,2.1692745376955855,1.4046941678520568,0.6756756756756701,2.702702702702709,0.0,0.6756756756756772,3.0405405405405332,4.054054054054063
355,Die Grünen,900,19,1.0,0.0,10.013632053105733,1.0,1.0,1.520270270270269,4.871977240398294,12.908961593172116,10.793029871977232,7.930298719772395,13.620199146514935,9.95732574679942,2.364864864864863,0.3378378378378457,1.3513513513513402,4.391891891891888,0.3378378378378386,0.3378378378378386
300,FDP,900,19,0.0,1.0,5.171289710763394,0.0,1.0,0.7882882882882889,5.2275960170697005,4.409672830725462,1.1379800853485094,7.930298719772395,11.948790896159323,0.37339971550497353,1.3513513513513473,0.6756756756756701,0.3378378378378457,1.689189189189186,0.3378378378378386,0.3378378378378457
1312,FDP,900,19,1.0,0.0,5.183143669985776,1.0,1.0,1.576576576576575,5.174253200568991,2.7560455192034183,6.667852062588906,6.738975817923183,0.9779516358463738,8.783783783783782,1.0135135135135087,2.7027027027027017,1.3513513513513544,2.364864864864856,1.3513513513513544,0.6756756756756737
4992,FDP,900,19,1.0,0.0,4.780109056424846,1.0,0.0,2.027027027027033,5.529871977240397,0.5156472261735487,4.480796586059739,1.262446657183503,13.193456614509238,3.69843527738265,2.0270270270270316,4.391891891891902,1.3513513513513615,3.7162162162162247,0.0,0.6756756756756772
4454,CDU,900,19,0.0,0.0,4.495614035087722,0.0,0.0,2.7590090090090094,2.275960170697026,4.37411095305832,7.147937411095306,3.5028449502133725,3.1472261735419664,6.525604551920338,1.3513513513513473,5.743243243243249,2.0270270270270316,4.054054054054049,3.0405405405405332,0.3378378378378457
2544,CDU,900,19,0.0,0.0,3.0790659080132747,0.0,1.0,1.9144144144144128,4.142958748221901,1.4224751066856385,7.1657183499288735,3.1472261735419664,0.35561877667140607,2.2403982930298625,2.7027027027026946,2.7027027027027017,0.3378378378378386,4.054054054054056,0.6756756756756772,1.0135135135135087
704,FDP,900,19,0.0,1.0,2.2344713134186804,1.0,1.0,2.5900900900900923,4.285206258890469,0.49786628733995997,1.973684210526315,3.413940256045514,3.2183499288762505,0.017780938833574567,5.4054054054054035,0.6756756756756843,3.0405405405405403,2.3648648648648702,0.0,4.054054054054056
2123,CDU,900,19,1.0,1.0,2.000355618776672,0.0,1.0,3.3220720720720713,2.3115220483641536,3.2894736842105274,2.8982930298719793,0.7823613086770962,2.6849217638691414,0.03556187766713492,2.0270270270270316,3.378378378378379,1.3513513513513473,8.78378378378379,2.7027027027026946,1.689189189189186
1578,bunt.saar,900,19,0.0,0.0,8.134779516358462,1.0,0.0,1.2950450450450515,4.534139402560456,0.4267425320056759,11.34423897581793,6.507823613086771,14.918207681365587,11.077524893314354,3.0405405405405475,0.3378378378378528,1.0135135135135158,1.013513513513523,1.01351351351353,1.3513513513513402
2164,CDU,900,19,0.0,0.0,3.3902323376007586,0.0,1.0,0.6193693693693684,4.409672830725462,3.1827880512091085,2.7916073968705533,3.413940256045514,2.5604551920341407,3.982930298719772,0.3378378378378386,0.6756756756756701,1.0135135135135158,1.3513513513513544,0.0,0.3378378378378315
4017,FDP,900,19,1.0,1.0,6.537458511142721,1.0,1.0,2.0833333333333344,8.677098150782356,2.578236130867701,5.316500711237559,11.27311522048364,2.6849217638691414,8.694879089615931,2.0270270270270316,1.3513513513513473,2.0270270270270174,0.6756756756756914,5.405405405405411,1.0135135135135087
1173,SPD,900,19,1.0,0.0,3.9740398293029906,1.0,0.0,1.7454954954954947,7.02347083926032,2.258179231863444,2.916073968705547,6.490042674253203,0.5689900426742582,4.587482219061172,0.3378378378378315,1.689189189189186,3.378378378378379,2.364864864864863,2.3648648648648702,0.3378378378378386
2416,FDP,900,19,1.0,1.0,2.8034613560929387,1.0,1.0,1.8018018018017987,2.2226173541963092,1.2091038406827934,1.902560455192031,1.7069701280227676,4.534139402560456,5.245376955903275,3.0405405405405403,2.0270270270270174,1.0135135135135158,0.675675675675663,2.0270270270270316,2.0270270270270245
682,bunt.saar,900,19,1.0,0.0,6.223328591749644,1.0,0.0,1.8018018018018012,3.5028449502133725,9.726173541963014,9.032716927453777,0.5689900426742511,10.36628733997155,4.142958748221901,1.3513513513513473,3.7162162162162247,1.3513513513513402,0.6756756756756843,3.0405405405405475,0.675675675675663
1250,bunt.saar,900,19,1.0,1.0,5.672119487908959,1.0,1.0,1.2950450450450444,0.8001422475106708,8.001422475106693,5.334281650071119,7.574679943100996,6.792318634423886,5.52987197724039,1.689189189189186,1.0135135135135016,1.0135135135135158,1.3513513513513544,1.6891891891892072,1.0135135135135016
2811,SPD,900,19,1.0,0.0,5.692863916548127,1.0,0.0,3.1531531531531534,1.0668563300142253,0.7112375533428192,10.881934566145091,8.677098150782356,7.4502133712659955,5.369843527738276,4.729729729729733,6.081081081081095,1.3513513513513473,4.391891891891888,2.0270270270270174,0.3378378378378386
5062,bunt.saar,900,19,0.0,0.0,5.239449976292082,1.0,1.0,1.5202702702702702,1.7780938833570374,2.0625889046941595,3.982930298719779,3.94736842105263,11.664295874822194,8.001422475106693,2.7027027027027017,3.378378378378386,0.6756756756756772,0.3378378378378386,1.3513513513513544,0.675675675675663
4064,CDU,900,19,1.0,1.0,4.181484115694637,1.0,1.0,2.646396396396394,1.6358463726884764,11.682076813655755,1.1557610241820626,2.916073968705547,0.4800853485063925,7.21906116642959,2.7027027027026946,1.0135135135135087,3.0405405405405475,1.689189189189186,3.378378378378372,4.054054054054056
2104,bunt.saar,900,19,1.0,0.0,2.6049075391180643,1.0,0.0,2.9842342342342327,1.404694167852064,0.9957325746799413,1.3335704125177799,1.1735419630156443,7.912517780938828,2.809388335704128,2.364864864864863,5.743243243243242,5.4054054054054035,3.378378378378379,0.3378378378378315,0.6756756756756772
3526,FDP,900,19,1.0,1.0,1.3098624940730197,1.0,0.0,1.4639639639639614,1.0668563300142182,2.5960170697012828,0.21337126600283796,0.5689900426742582,1.973684210526315,1.440256045519206,1.3513513513513402,2.7027027027026946,0.0,3.0405405405405475,1.689189189189186,0.0
752,FDP,900,19,0.0,0.0,7.136083451872923,0.0,1.0,2.0833333333333344,5.4765291607396875,7.0945945945945965,3.1294452347083777,11.095305832147936,7.716927453769557,8.303698435277383,4.729729729729733,0.6756756756756843,2.0270270270270174,1.0135135135135158,0.6756756756756772,3.378378378378379
4587,FDP,900,19,0.0,0.0,7.364272166903748,0.0,0.0,3.772522522522525,9.192745376955905,8.55263157894737,0.9957325746799413,14.49146514935989,5.921052631578952,5.03200568990043,1.3513513513513544,2.3648648648648702,3.7162162162162176,4.391891891891895,4.729729729729726,6.081081081081088
1217,bunt.saar,900,19,0.0,1.0,8.214793741109533,0.0,1.0,2.083333333333332,5.1920341394025655,0.8890469416785294,5.26315789473685,5.494310099573255,19.167852062588906,13.282361308677096,2.364864864864863,1.0135135135135158,0.3378378378378386,0.3378378378378315,3.378378378378379,5.067567567567565
455,bunt.saar,900,19,0.0,0.0,5.553579895685158,0.0,1.0,1.7454954954954947,1.2446657183499354,0.017780938833574567,8.570412517780937,0.8179231863442382,11.397581792318633,11.273115220483632,2.702702702702709,1.3513513513513544,0.6756756756756772,0.6756756756756772,1.3513513513513402,3.7162162162162105
3536,FDP,900,19,0.0,1.0,2.951635846372689,1.0,0.0,3.1531531531531534,5.298719772403977,0.017780938833574567,2.5960170697012828,3.1116642958748244,4.42745376955903,2.258179231863444,4.054054054054056,5.743243243243235,2.0270270270270245,3.378378378378379,1.3513513513513544,2.3648648648648702
1621,Die Grünen,900,19,1.0,0.0,2.45080606922712,1.0,1.0,4.504504504504504,2.435988620199147,5.156472261735409,2.4893314366998567,0.6578947368421098,0.9068278805120897,3.058321479374108,0.0,7.770270270270267,5.4054054054054035,2.364864864864863,7.770270270270267,3.7162162162162247
3966,Die Grünen,900,19,1.0,0.0,5.657302038880984,1.0,1.0,1.6891891891891884,2.6671408250355597,2.9871977240398238,6.614509246088204,1.4580369843527734,13.65576102418207,6.561166429587473,2.0270270270270245,1.689189189189186,1.6891891891891788,1.3513513513513544,0.6756756756756772,2.702702702702709
1513,CDU,900,19,1.0,0.0,3.1087008060692276,1.0,0.0,4.11036036036036,2.6137980085348573,4.42745376955903,0.7112375533428192,5.778805120910384,4.623044096728307,0.4978662873399671,4.391891891891888,0.6756756756756772,3.7162162162162176,5.743243243243242,6.418918918918919,3.7162162162162176
2812,FDP,900,19,1.0,0.0,3.0197961119013734,1.0,1.0,1.7454954954954935,8.036984352773821,0.9068278805120897,5.4054054054054035,2.809388335704128,0.08890469416785152,0.8712660028449477,3.0405405405405332,2.7027027027027017,1.0135135135135087,0.6756756756756772,1.3513513513513544,1.689189189189186
5185,Die Grünen,900,19,1.0,1.0,3.482100521574209,0.0,1.0,7.4324324324324325,0.3378378378378386,4.19630156472261,2.0270270270270316,2.275960170697026,8.143669985775247,3.9118065433855023,6.418918918918919,7.770270270270274,3.7162162162162247,5.4054054054054035,12.162162162162154,9.121621621621621
133,SPD,900,19,1.0,0.0,9.773589378852538,1.0,1.0,1.5202702702702677,5.974395448079662,9.174964438122338,14.189189189189193,3.236130867709811,13.584637268847793,12.482219061166433,1.0135135135135087,1.3513513513513473,0.6756756756756772,3.0405405405405332,1.0135135135135158,2.0270270270270245
777,FDP,900,19,0.0,0.0,3.627311522048364,0.0,1.0,1.5202702702702702,0.32005689900426404,2.7027027027026946,3.5028449502133725,6.294452347083926,7.69914651493599,1.2446657183499354,0.6756756756756772,3.7162162162162033,0.3378378378378386,3.7162162162162247,0.6756756756756772,0.0
1181,FDP,900,19,1.0,1.0,3.7932669511616885,0.0,0.0,3.885135135135132,3.307254623044095,4.854196301564727,1.9381223328591872,4.018492176386907,7.5213371266002795,1.1201991465149348,1.3513513513513544,1.689189189189193,3.7162162162162176,5.405405405405389,4.391891891891881,6.756756756756758
3975,Die Grünen,900,19,1.0,1.0,4.783072546230439,1.0,1.0,2.7590090090090094,5.778805120910384,4.960881934566139,0.9957325746799413,12.179943100995729,4.320768136557611,0.46230440967283215,1.689189189189186,5.743243243243249,1.0135135135135158,0.3378378378378386,3.0405405405405403,4.729729729729726
715,FDP,900,19,1.0,0.0,6.573020388809861,0.0,0.0,2.702702702702704,4.729729729729726,6.899004267425319,6.756756756756758,6.863442389758184,13.762446657183496,0.426742532005683,5.743243243243242,1.0135135135135158,3.7162162162162176,0.6756756756756843,4.729729729729726,0.3378378378378386
402,Die Grünen,900,19,1.0,1.0,3.4702465623518264,1.0,1.0,1.407657657657655,0.32005689900427114,5.0497866287340045,3.805120910384062,3.200568990042669,2.3470839260312886,6.098862019914662,1.0135135135135087,1.0135135135135016,1.0135135135135016,1.0135135135135158,2.3648648648648702,2.0270270270270316
3050,CDU,900,19,1.0,0.0,4.2318634423897565,1.0,1.0,1.8581081081081052,3.3605974395447973,0.053342816500716594,3.3605974395448044,6.507823613086771,10.988620199146517,1.1201991465149348,3.0405405405405332,3.0405405405405403,1.3513513513513473,0.3378378378378457,3.0405405405405332,0.3378378378378315
4320,Die Grünen,900,19,0.0,0.0,3.8732811759127572,1.0,1.0,3.2094594594594597,2.7916073968705533,0.2489331436699942,6.3122332859175,1.6358463726884764,6.276671408250358,5.974395448079662,1.013513513513523,2.364864864864863,4.729729729729726,1.689189189189186,5.743243243243249,3.7162162162162105
4507,Die Grünen,900,19,1.0,1.0,5.328354670459933,1.0,1.0,2.027027027027028,3.2539118065433854,0.9246088193456643,6.454480796586054,1.2091038406827934,12.766714082503547,7.361308677098151,2.702702702702709,3.378378378378379,2.702702702702709,1.0135135135135158,0.675675675675663,1.689189189189193
530,bunt.saar,900,19,0.0,1.0,5.06460407776197,0.0,1.0,1.9707207207207194,6.507823613086771,5.921052631578952,2.9338549075391143,4.551920341394016,4.498577524893307,5.974395448079662,2.702702702702709,0.0,4.054054054054049,1.689189189189186,2.702702702702709,0.675675675675663
1597,bunt.saar,900,19,1.0,1.0,2.7471550497866333,1.0,1.0,1.1261261261261275,1.2802275960170775,4.17852062588905,2.1337126600284506,2.293741109530586,3.982930298719779,2.6137980085348573,1.689189189189193,1.0135135135135158,0.3378378378378386,2.0270270270270245,0.6756756756756772,1.0135135135135158
857,Die Grünen,900,19,1.0,1.0,6.463371266002845,1.0,1.0,4.560810810810811,0.21337126600283796,10.188477951635846,6.241109530583216,0.6578947368421098,10.064011379800853,11.415362731152207,4.729729729729726,2.7027027027027017,5.4054054054054035,2.7027027027026946,4.391891891891902,7.432432432432442
1723,Die Grünen,900,19,0.0,0.0,6.6856330014224765,1.0,0.0,1.0135135135135147,3.485064011379805,5.209815078236119,6.330014224751068,3.1116642958748244,10.49075391180655,11.486486486486491,1.689189189189186,1.3513513513513544,0.6756756756756772,0.0,0.6756756756756843,1.689189189189186
1885,Die Grünen,900,19,0.0,0.0,4.5578473210052195,1.0,1.0,2.927927927927925,3.4317211948790884,7.628022759601713,2.258179231863444,3.413940256045514,9.139402560455203,1.475817923186355,3.7162162162162176,1.689189189189186,2.7027027027026946,3.0405405405405403,1.689189189189186,4.729729729729726
1172,SPD,900,19,1.0,1.0,2.8953295400663834,1.0,1.0,3.547297297297296,6.810099573257467,0.4445234708392647,2.3826458036984306,4.907539118065429,1.226884779516368,1.6002844950213415,2.0270270270270245,2.0270270270270245,5.4054054054054035,0.3378378378378244,5.405405405405418,6.081081081081081
3417,FDP,900,19,0.0,1.0,4.717875770507348,1.0,1.0,1.2387387387387403,4.587482219061172,4.480796586059739,0.4267425320056901,8.588193456614498,7.0590327169274545,3.165007112375534,0.6756756756756701,3.0405405405405475,0.6756756756756772,1.013513513513523,0.3378378378378386,1.689189189189186
3639,bunt.saar,900,19,1.0,0.0,7.595424371740161,1.0,1.0,0.957207207207207,2.880512091038412,4.391891891891902,11.237553342816497,1.76031294452347,17.97652916073968,7.325746799431002,0.3378378378378386,0.0,3.0405405405405475,0.3378378378378386,2.0270270270270174,0.0
4611,FDP,900,19,0.0,1.0,4.279279279279282,1.0,0.0,1.7454954954954924,5.5476529160739645,3.3961593172119535,2.489331436699864,5.26315789473685,7.02347083926032,1.9559032716927405,2.364864864864863,3.378378378378379,0.3378378378378386,1.0135135135135087,1.3513513513513473,2.0270270270270174
2599,Die Grünen,900,19,1.0,1.0,5.292792792792796,1.0,1.0,2.1396396396396375,6.436699857752494,3.09388335704125,2.0270270270270316,3.378378378378379,14.26031294452347,2.560455192034155,0.6756756756756843,3.0405405405405332,3.378378378378372,2.0270270270270245,1.689189189189193,2.0270270270270174
4878,FDP,900,19,1.0,1.0,3.58878615457563,1.0,1.0,2.871621621621619,5.529871977240397,7.201280227596019,2.6493598862019923,3.0761024182076895,0.9068278805120897,2.1692745376955926,5.743243243243242,2.364864864864863,3.378378378378379,3.0405405405405332,1.0135135135135087,1.689189189189186
791,CDU,900,19,0.0,0.0,3.653982930298721,1.0,1.0,1.9144144144144117,3.342816500711244,5.743243243243242,3.09388335704125,1.689189189189193,5.743243243243242,2.3115220483641536,1.3513513513513402,2.364864864864863,0.6756756756756772,1.6891891891891788,1.689189189189193,3.7162162162162176
4045,bunt.saar,900,19,1.0,1.0,5.215742057847321,1.0,1.0,1.5202702702702748,2.7916073968705533,10.988620199146517,2.9338549075391143,0.7645803698435216,9.797297297297305,4.018492176386914,2.702702702702709,3.0405405405405332,0.6756756756756772,0.6756756756756843,1.6891891891892072,0.3378378378378386
2449,CDU,900,19,1.0,1.0,2.219653864390709,1.0,1.0,3.4909909909909884,2.2403982930298625,0.1955903271692847,0.0,0.5156472261735487,8.60597439544808,1.760312944523477,3.378378378378379,4.391891891891888,5.743243243243242,3.0405405405405332,1.689189189189186,2.7027027027027017
2526,Die Grünen,900,19,0.0,0.0,5.518018018018019,0.0,0.0,4.391891891891892,2.2226173541963092,7.130156472261731,5.867709815078236,0.9246088193456643,6.827880512091042,10.13513513513513,3.7162162162162176,0.6756756756756701,5.743243243243242,4.054054054054063,3.7162162162162176,8.445945945945944
978,bunt.saar,900,19,1.0,0.0,2.2166903745851108,1.0,1.0,1.8018018018017987,2.187055476529153,1.0490753911806507,2.418207681365587,0.9246088193456643,5.885490753911796,0.8357041251778128,0.0,1.0135135135135016,3.378378378378372,0.6756756756756772,2.3648648648648702,3.378378378378372
2089,CDU,900,19,1.0,0.0,4.854196301564724,1.0,1.0,3.0405405405405417,0.3022759601707037,2.151493598862025,1.6358463726884764,13.744665718349935,8.588193456614505,2.7027027027027017,2.364864864864856,4.729729729729733,3.378378378378379,1.6891891891892001,0.6756756756756843,5.405405405405396
1704,FDP,900,19,0.0,1.0,6.531531531531534,1.0,1.0,2.421171171171172,2.916073968705547,11.237553342816497,3.982930298719772,5.26315789473685,9.708392603129454,6.081081081081081,1.0135135135135087,2.702702702702709,0.0,6.418918918918919,1.3513513513513544,3.0405405405405403
3063,FDP,900,19,0.0,1.0,5.2927927927927945,0.0,1.0,2.8716216216216197,1.9559032716927476,3.627311522048373,4.516358463726888,8.303698435277383,4.160739687055475,9.192745376955898,3.0405405405405332,4.391891891891895,3.0405405405405403,0.0,2.0270270270270245,4.729729729729726
349,FDP,900,19,1.0,1.0,2.951635846372689,1.0,1.0,2.533783783783786,1.2091038406827934,1.4580369843527734,1.4935988620199083,8.712660028449505,0.3911806543385481,4.445234708392604,5.067567567567565,1.3513513513513544,0.6756756756756843,6.081081081081081,1.0135135135135158,1.0135135135135158
1292,DIE LINKE,900,19,1.0,0.0,2.3648648648648645,1.0,0.0,3.3220720720720736,1.475817923186355,0.7467994310099613,5.209815078236119,4.445234708392597,1.6358463726884764,0.6756756756756772,3.378378378378372,2.0270270270270316,5.067567567567565,0.6756756756756843,4.054054054054056,4.729729729729733
4480,CDU,900,19,1.0,1.0,3.41986723565671,1.0,0.0,1.576576576576579,1.5647226173542066,6.916785206258886,3.591749644381224,2.3826458036984306,2.9694167852062634,3.09388335704125,3.7162162162162247,1.0135135135135158,2.0270270270270245,2.3648648648648702,0.3378378378378386,0.0
1451,Die Grünen,900,19,1.0,1.0,3.4435751541014703,1.0,0.0,3.65990990990991,3.0761024182076824,4.960881934566139,1.226884779516368,2.364864864864863,4.534139402560456,4.498577524893314,1.0135135135135087,2.364864864864856,6.081081081081095,2.7027027027027017,5.067567567567565,4.729729729729733
3574,CDU,900,19,1.0,1.0,2.4922949265054526,1.0,1.0,2.6463963963964012,2.044807965860592,0.017780938833574567,2.0625889046941666,5.4409672830725455,1.973684210526315,3.413940256045521,1.3513513513513686,3.7162162162162176,1.0135135135135158,4.054054054054056,2.364864864864863,3.378378378378386
3678,CDU,900,19,0.0,0.0,2.3559743954480807,1.0,1.0,2.2522522522522515,4.516358463726888,0.8179231863442382,0.32005689900427114,3.44950213371267,3.9295874822190555,1.1024182076813602,3.0405405405405403,2.0270270270270174,1.0135135135135158,3.7162162162162176,0.6756756756756701,3.0405405405405475
3091,SPD,900,19,0.0,0.0,4.068871503082033,1.0,1.0,2.421171171171172,6.13442389758179,2.6671408250355597,1.191322901849226,2.1337126600284577,8.570412517780944,3.7162162162162176,1.6891891891892001,5.405405405405411,1.689189189189186,3.0405405405405332,0.6756756756756772,2.0270270270270245
2451,Die Grünen,900,19,1.0,1.0,4.427453769559033,1.0,0.0,2.477477477477477,3.556187766714082,2.5960170697012828,5.6899004267425255,0.5689900426742511,8.517069701280235,5.636557610241823,1.689189189189193,0.6756756756756701,4.054054054054049,4.729729729729726,0.6756756756756843,3.0405405405405403
467,bunt.saar,900,19,0.0,1.0,5.3757705073494515,0.0,1.0,2.533783783783781,2.9694167852062634,9.086059743954486,4.960881934566139,4.356330014224753,4.87197724039828,6.0099573257467895,3.378378378378372,0.6756756756756701,3.378378378378379,4.729729729729733,0.6756756756756701,2.364864864864863
4955,bunt.saar,900,19,1.0,0.0,5.746206733048837,1.0,0.0,1.4639639639639614,0.5689900426742511,3.378378378378372,8.428165007112376,1.973684210526315,14.295874822190612,5.832147937411094,1.3513513513513473,1.689189189189193,1.689189189189193,0.6756756756756772,1.6891891891891788,1.6891891891891788
4381,FDP,900,19,0.0,0.0,2.2285443338074926,1.0,1.0,1.0135135135135134,2.4182076813655797,3.413940256045521,0.40896159317211556,3.9651493598862118,2.7382645803698367,0.4267425320056901,2.702702702702709,1.0135135135135158,0.6756756756756772,0.3378378378378315,0.6756756756756701,0.6756756756756772
3883,Die Grünen,900,19,0.0,1.0,5.562470365101941,1.0,1.0,2.8153153153153183,0.5512091038406766,2.2226173541963163,8.51706970128022,4.943100995732571,11.91322901849216,5.2275960170697005,3.378378378378379,1.3513513513513686,3.0405405405405475,4.054054054054056,1.689189189189186,3.378378378378372
1669,bunt.saar,900,19,0.0,1.0,3.399122807017543,0.0,1.0,2.871621621621619,1.475817923186355,0.6756756756756772,2.329302987197721,3.4672830725462234,6.7745376955903325,5.672119487908951,3.378378378378372,2.3648648648648702,1.689189189189186,3.0405405405405403,4.391891891891888,2.364864864864856
2315,DIE LINKE,900,19,0.0,0.0,4.374110953058321,1.0,0.0,2.2522522522522572,6.205547652916081,4.80085348506401,0.7645803698435287,5.2631578947368425,6.899004267425312,2.3115220483641536,1.3513513513513544,3.7162162162162247,0.3378378378378528,2.3648648648648702,2.0270270270270316,3.7162162162162105
1397,Die Grünen,900,19,1.0,0.0,5.150545282124227,1.0,0.0,3.378378378378379,2.5426742532005733,6.436699857752494,3.0405405405405332,6.241109530583209,5.45874822190612,7.183499288762434,0.3378378378378386,2.364864864864863,2.0270270270270316,7.0945945945945965,6.418918918918912,2.0270270270270316
3658,bunt.saar,900,19,0.0,0.0,3.1650071123755326,0.0,0.0,1.1824324324324376,0.6401137980085352,1.0312944523470904,2.720483641536269,2.2226173541963092,5.334281650071112,7.04125177809388,0.3378378378378386,2.702702702702709,0.6756756756756914,1.3513513513513544,0.6756756756756772,1.3513513513513544
4646,FDP,900,19,0.0,1.0,5.295756282598396,1.0,1.0,1.8581081081081123,7.82361308677099,4.249644381223341,0.8534850640113874,11.290896159317214,6.54338549075392,1.013513513513523,1.3513513513513615,3.378378378378386,1.0135135135135158,3.0405405405405546,1.0135135135135158,1.3513513513513402
4292,Die Grünen,900,19,1.0,0.0,2.640469416785205,1.0,1.0,2.8716216216216224,0.1422475106685539,0.053342816500716594,3.307254623044102,0.7823613086771033,9.690611664295872,1.8669985775248819,1.0135135135135087,3.0405405405405403,4.391891891891888,2.0270270270270245,1.689189189189193,5.067567567567579
1601,FDP,900,19,0.0,0.0,4.418563300142245,0.0,0.0,2.984234234234235,0.8357041251778057,2.0981507823613086,9.370554765291615,3.982930298719765,7.3790896159317185,2.8449502133712556,6.418918918918919,5.4054054054054035,1.013513513513523,1.3513513513513473,1.689189189189193,2.0270270270270245
5138,bunt.saar,900,19,0.0,0.0,7.272403982930297,0.0,1.0,3.4346846846846817,7.343527738264584,5.814366998577512,11.184210526315788,1.2980085348506378,13.549075391180658,4.445234708392604,0.0,4.054054054054035,4.729729729729726,5.4054054054054035,3.7162162162162176,2.702702702702709
3558,FDP,900,19,0.0,1.0,7.939189189189189,0.0,1.0,4.448198198198196,2.3115220483641536,10.330725462304407,5.174253200568991,7.307965860597427,16.500711237553347,6.009957325746804,4.054054054054049,4.391891891891888,5.4054054054054035,0.675675675675663,6.756756756756765,5.405405405405411
3787,FDP,900,19,1.0,1.0,6.1433143669985775,1.0,1.0,3.4346846846846866,5.334281650071112,8.07254623044097,4.925320056899004,1.4580369843527734,12.837837837837839,4.231863442389766,1.0135135135135158,5.743243243243249,4.729729729729726,2.0270270270270316,3.0405405405405403,4.054054054054056
1256,FDP,900,19,1.0,1.0,4.578591749644386,1.0,1.0,2.8716216216216233,5.654338549075405,3.5028449502133725,4.445234708392604,4.054054054054063,2.5960170697012828,7.21906116642959,0.0,3.7162162162162176,3.7162162162162176,0.3378378378378386,3.0405405405405475,6.418918918918919
202,DIE LINKE,900,19,0.0,0.0,6.193693693693693,1.0,0.0,1.4076576576576632,4.19630156472261,6.596728307254629,8.499288762446653,0.07112375533427695,8.570412517780944,9.228307254623047,1.3513513513513544,1.0135135135135158,1.013513513513523,1.013513513513523,1.0135135135135158,3.0405405405405475
3036,bunt.saar,900,19,0.0,0.0,4.913466097676623,1.0,1.0,0.7319819819819801,0.9957325746799484,4.409672830725462,4.285206258890469,3.058321479374108,9.068278805120912,7.6635846372688405,0.6756756756756701,0.3378378378378386,0.3378378378378386,1.0135135135135158,0.6756756756756772,1.3513513513513402
3026,FDP,900,19,1.0,1.0,6.3507586533902325,1.0,1.0,5.405405405405406,3.7873399715504945,11.859886201991465,7.734708392603132,2.7560455192034112,0.8712660028449513,11.095305832147936,3.0405405405405475,6.756756756756765,6.081081081081081,3.7162162162162105,5.743243243243246,7.094594594594589
3590,CDU,900,19,0.0,0.0,5.918089141773351,0.0,1.0,1.9707207207207216,8.179231863442396,4.729729729729726,3.0761024182076824,2.2403982930298625,8.303698435277383,8.97937411095306,0.6756756756756772,0.6756756756756701,2.702702702702709,1.689189189189193,0.6756756756756772,5.4054054054054035
1936,Die Grünen,900,19,1.0,0.0,6.220365101944046,1.0,0.0,1.8581081081081088,1.1557610241820626,6.507823613086771,6.578947368421048,3.0761024182076824,9.477240398293027,10.526315789473685,3.7162162162162176,1.3513513513513473,0.6756756756756772,1.689189189189193,1.013513513513523,2.7027027027026946
2224,CDU,900,19,1.0,1.0,5.621740161213847,1.0,0.0,2.5900900900900887,4.587482219061172,6.721194879089616,1.1735419630156443,10.152916073968711,7.716927453769557,3.378378378378379,1.0135135135135087,1.0135135135135087,3.7162162162162176,3.378378378378379,3.0405405405405403,3.378378378378379
2372,FDP,900,19,0.0,1.0,3.9295874822190604,1.0,1.0,1.4639639639639614,1.9381223328591872,0.3378378378378386,2.809388335704128,10.277382645803684,2.4537695590327147,5.7610241820768096,1.3513513513513473,2.0270270270270245,0.0,2.364864864864856,2.7027027027027017,0.3378378378378386
368,bunt.saar,900,19,1.0,0.0,8.315552394499763,1.0,1.0,2.984234234234235,3.52062588904694,2.2048364153627347,14.22475106685632,7.396870554765293,12.553342816500717,9.992887624466576,2.3648648648648702,2.0270270270270316,3.378378378378372,2.7027027027027017,4.054054054054063,3.378378378378372
3693,FDP,900,19,1.0,0.0,7.802868658131815,1.0,0.0,4.110360360360358,9.068278805120912,8.517069701280228,6.845661450924609,5.032005689900423,13.477951635846374,3.876244665718346,1.689189189189186,2.7027027027027017,5.4054054054054035,1.6891891891891788,5.743243243243242,7.432432432432435
3628,FDP,900,19,1.0,1.0,2.6286154575628218,1.0,1.0,1.85810810810811,9.60170697012802,0.5334281650071091,0.5334281650071091,1.5291607396870432,1.6180654338549019,1.9559032716927476,0.3378378378378386,2.364864864864863,2.3648648648648702,1.3513513513513686,3.040540540540526,1.689189189189193
4790,bunt.saar,900,19,0.0,0.0,8.774893314366997,1.0,0.0,1.7454954954954924,8.872688477951634,3.7517780938833525,7.788051209103834,1.4580369843527734,16.945234708392604,13.83357041251778,1.0135135135135087,1.3513513513513544,0.675675675675663,1.689189189189186,4.054054054054049,1.689189189189193
2871,SPD,900,19,0.0,0.0,7.977714556661925,1.0,1.0,3.3783783783783754,1.0312944523470833,11.895448079658607,5.689900426742533,3.805120910384062,16.838549075391185,8.60597439544808,5.743243243243249,0.675675675675663,4.391891891891888,3.378378378378379,5.067567567567565,1.0135135135135087
4798,bunt.saar,900,19,0.0,1.0,5.0201517306780445,1.0,1.0,1.7454954954954947,0.9068278805120897,0.7467994310099471,6.347795163584628,6.116642958748223,10.810810810810814,5.1920341394025655,3.0405405405405403,1.3513513513513544,1.3513513513513544,3.7162162162162176,0.6756756756756772,0.3378378378378244
4835,SPD,900,19,0.0,0.0,3.867354196301566,1.0,1.0,1.0698198198198188,8.854907539118074,6.7389758179231976,0.07112375533427695,1.1557610241820626,5.921052631578952,0.46230440967283215,1.013513513513523,0.6756756756756701,0.675675675675663,2.364864864864856,0.6756756756756772,1.013513513513523
4215,CDU,900,19,1.0,0.0,4.119250829777147,1.0,1.0,1.6328828828828865,0.284495021337122,8.001422475106686,4.587482219061172,2.560455192034155,4.551920341394016,4.729729729729726,2.702702702702709,1.0135135135135087,0.6756756756756772,2.3648648648648702,0.6756756756756843,2.3648648648648702
2698,FDP,900,19,1.0,1.0,3.301327643432907,1.0,0.0,2.027027027027026,1.8492176386913215,1.4224751066856243,3.9651493598862046,3.7339971550497992,6.61450924608819,2.222617354196302,3.7162162162162176,0.3378378378378315,1.0135135135135158,1.3513513513513402,3.378378378378386,2.364864864864863
121,DIE LINKE,900,19,1.0,0.0,3.781412991939309,1.0,0.0,5.912162162162165,1.0668563300142253,1.6002844950213486,9.566145092460879,1.7425320056899025,3.271692745376953,5.4409672830725455,12.5,2.0270270270270316,5.4054054054054035,9.797297297297305,0.0,5.743243243243249
4340,bunt.saar,900,19,1.0,1.0,4.137031768610714,1.0,0.0,1.0135135135135134,2.6493598862019923,1.4758179231863409,7.183499288762434,3.413940256045521,6.081081081081081,4.018492176386914,1.689189189189193,0.3378378378378386,0.3378378378378386,1.0135135135135158,1.3513513513513544,1.3513513513513402
494,FDP,900,19,0.0,0.0,4.23482693219535,0.0,0.0,1.7454954954954924,1.3513513513513473,7.965860597439537,1.3869132290184822,6.365576102418217,6.98790896159317,1.3513513513513473,3.7162162162162176,1.689189189189186,1.3513513513513473,0.3378378378378244,3.0405405405405403,0.3378378378378386
2339,FDP,900,19,1.0,0.0,2.3263394973921265,1.0,0.0,4.222972972972971,1.9559032716927405,2.3826458036984306,1.6180654338549019,0.8712660028449477,1.0668563300142253,6.063300142247513,4.7297297297297405,3.7162162162162176,4.729729729729719,0.3378378378378244,6.081081081081081,5.743243243243242
1104,FDP,900,19,1.0,1.0,4.26149834044571,1.0,0.0,3.4346846846846866,3.556187766714082,7.02347083926032,5.796586059743952,1.9559032716927476,4.907539118065426,2.3293029871977353,0.6756756756756701,0.0,6.418918918918919,5.067567567567565,3.7162162162162247,4.7297297297297405
1338,Die Grünen,900,19,0.0,0.0,7.032361308677097,1.0,1.0,1.1824324324324362,4.729729729729726,1.9025604551920452,11.148648648648646,2.5426742532005733,12.446657183499283,9.42389758179231,2.0270270270270316,1.6891891891892072,0.6756756756756772,0.6756756756756843,1.6891891891891788,0.3378378378378386
3525,CDU,900,19,1.0,1.0,4.273352299668087,1.0,0.0,2.8153153153153134,2.6671408250355597,1.3869132290184893,7.574679943100989,2.951635846372696,4.320768136557604,6.738975817923183,2.364864864864863,2.0270270270270245,1.689189189189186,4.054054054054049,4.054054054054056,2.7027027027027017
2627,Die Grünen,900,19,1.0,1.0,5.360953058321481,1.0,1.0,0.9009009009009065,1.546941678520632,3.3961593172119606,6.454480796586061,4.818634423897571,10.91749644381224,5.032005689900423,0.6756756756756772,1.01351351351353,1.3513513513513544,1.3513513513513473,0.3378378378378386,0.6756756756756914
360,FDP,900,19,0.0,1.0,3.2094594594594583,1.0,1.0,3.209459459459459,4.19630156472261,2.0981507823613086,1.3157894736842124,11.21977240398293,0.32005689900427114,0.10668563300141898,1.689189189189186,2.7027027027027017,5.4054054054054035,0.0,4.054054054054056,5.405405405405407
3006,CDU,900,19,1.0,1.0,3.9562588904694223,0.0,1.0,1.8018018018018036,2.951635846372696,2.435988620199147,6.863442389758184,4.569701280227605,5.316500711237559,1.6002844950213415,0.3378378378378386,0.3378378378378386,1.3513513513513544,3.0405405405405403,3.7162162162162176,2.0270270270270316
4499,Die Grünen,900,19,1.0,1.0,7.130156472261734,1.0,1.0,5.686936936936941,1.2802275960170704,5.565433854907539,8.961593172119478,4.676386913229017,12.091038406827884,10.206258890469414,5.743243243243249,1.689189189189186,7.0945945945945965,5.743243243243242,5.743243243243256,8.108108108108112
5111,Die Grünen,900,19,0.0,0.0,3.9947842579421504,1.0,1.0,1.5202702702702713,0.9957325746799413,3.7517780938833525,7.396870554765293,1.9559032716927476,7.23684210526315,2.6315789473684177,1.0135135135135158,1.689189189189193,0.3378378378378386,2.364864864864863,1.3513513513513473,2.3648648648648702
4052,FDP,900,19,1.0,0.0,3.5976766239924154,0.0,0.0,2.139639639639642,6.685633001422481,6.596728307254629,2.6137980085348573,2.43598862019914,3.0049786628733983,0.2489331436699871,1.3513513513513686,1.0135135135135158,2.702702702702709,2.7027027027026946,3.378378378378372,1.689189189189193
1649,bunt.saar,900,19,1.0,0.0,5.518018018018022,1.0,1.0,1.1261261261261275,4.231863442389766,5.4054054054054035,5.369843527738283,0.5867709815078257,13.015647226173549,4.498577524893307,1.3513513513513544,0.3378378378378386,1.6891891891891788,2.0270270270270245,0.6756756756756772,0.6756756756756914
3764,Die Grünen,900,19,1.0,0.0,5.138691322901852,1.0,1.0,1.1261261261261275,1.3513513513513473,0.9957325746799413,6.294452347083933,1.1024182076813673,13.264580369843529,7.82361308677099,0.0,1.689189189189193,2.3648648648648702,0.3378378378378457,1.689189189189193,0.675675675675663
1806,bunt.saar,900,19,1.0,1.0,5.097202465623518,1.0,0.0,0.5067567567567579,0.16002844950212847,4.480796586059739,7.62802275960172,4.996443812233288,5.796586059743959,7.521337126600272,0.6756756756756772,1.0135135135135158,0.3378378378378386,0.3378378378378386,0.6756756756756772,0.0
3934,FDP,900,19,1.0,1.0,4.931247036510192,1.0,1.0,8.558558558558557,1.6714082503556185,3.165007112375534,8.463726884779511,3.520625889046933,4.054054054054049,8.712660028449505,7.770270270270274,8.783783783783775,9.45945945945946,3.7162162162162176,11.148648648648646,10.472972972972975
2877,Die Grünen,900,19,0.0,0.0,4.3859649122806985,1.0,1.0,1.8581081081081088,3.9651493598862046,1.5825035561877598,6.134423897581783,1.1913229018492189,8.961593172119485,4.480796586059739,0.3378378378378386,1.0135135135135016,3.378378378378386,0.6756756756756843,2.3648648648648702,3.378378378378372
4394,SPD,900,19,1.0,1.0,3.8821716453295423,1.0,1.0,1.0135135135135158,5.1209103840682815,4.960881934566139,5.921052631578952,1.8847795163584706,0.23115220483641963,5.174253200568991,0.0,0.6756756756756843,2.3648648648648702,2.364864864864863,0.6756756756756772,0.0
1646,bunt.saar,900,19,1.0,1.0,6.786391654812707,1.0,1.0,2.308558558558559,0.12446657183499354,7.965860597439544,10.295163584637258,2.1692745376955926,13.442389758179239,6.721194879089616,3.0405405405405475,1.689189189189186,1.3513513513513402,5.743243243243249,1.3513513513513544,0.6756756756756772
90,CDU,900,19,1.0,0.0,2.3974632527264084,1.0,0.0,3.547297297297296,3.3605974395447973,0.17780938833571014,4.480796586059739,3.8940256045519206,0.6401137980085352,1.831436699857747,2.364864864864856,4.729729729729733,4.729729729729733,1.3513513513513473,4.391891891891888,3.7162162162162176
2595,FDP,900,19,0.0,1.0,4.67045993361783,0.0,1.0,4.110360360360359,2.275960170697026,2.4182076813655797,9.63726884779517,1.7247510668563208,4.409672830725455,7.556899004267429,4.054054054054056,3.378378378378372,5.067567567567565,0.3378378378378386,4.729729729729726,7.0945945945945965
3978,FDP,900,19,0.0,1.0,3.173897581792319,1.0,0.0,2.3085585585585577,3.058321479374108,5.298719772403977,0.1955903271692776,4.391891891891902,2.5248933143669916,3.5739687055476566,2.364864864864863,5.4054054054054035,0.3378378378378386,0.3378378378378386,2.0270270270270245,3.378378378378379
627,Die Grünen,900,19,1.0,0.0,3.7280701754385945,1.0,1.0,1.295045045045048,5.689900426742533,0.3378378378378386,5.1920341394025655,0.01778093883356746,7.6635846372688405,3.4672830725462234,1.3513513513513473,2.0270270270270316,1.3513513513513686,1.689189189189186,0.6756756756756772,0.6756756756756772
446,bunt.saar,900,19,1.0,1.0,3.8051209103840655,1.0,1.0,1.745495495495496,8.961593172119493,0.4800853485063925,2.115931721194869,4.854196301564727,3.09388335704125,3.3250355618776624,0.3378378378378457,5.067567567567572,1.3513513513513544,0.3378378378378386,0.6756756756756701,2.7027027027026946
2714,SPD,900,19,0.0,0.0,3.6213845424371747,1.0,0.0,1.745495495495497,7.361308677098151,6.152204836415365,0.5512091038406766,0.9601706970128063,4.623044096728307,2.080369843527741,2.0270270270270316,0.6756756756756772,0.0,3.7162162162162176,1.689189189189186,2.3648648648648702
1932,CDU,900,19,1.0,0.0,3.1057373162636304,1.0,1.0,2.871621621621621,0.9957325746799484,3.236130867709811,6.045519203413946,0.9601706970127921,6.13442389758179,1.2624466571834958,4.729729729729726,3.378378378378379,1.0135135135135087,5.405405405405418,1.3513513513513473,1.3513513513513473
3983,FDP,900,19,1.0,1.0,3.007942152678998,1.0,1.0,2.4774774774774806,5.245376955903275,1.2446657183499354,4.231863442389766,0.9957325746799413,5.51209103840683,0.8179231863442382,3.0405405405405475,1.013513513513523,1.3513513513513544,6.081081081081081,2.7027027027027017,0.6756756756756772
2254,bunt.saar,900,19,1.0,0.0,4.317804646752012,1.0,1.0,1.0698198198198163,2.2759601706970045,3.1294452347083848,5.512091038406837,6.169985775248932,7.432432432432435,1.3869132290184751,0.3378378378378244,1.689189189189193,0.6756756756756772,2.7027027027027017,0.675675675675663,0.3378378378378386
4643,Die Grünen,900,19,1.0,0.0,7.251659554291131,1.0,1.0,1.6328828828828794,5.334281650071119,1.3335704125177799,7.076813655761015,3.805120910384069,16.038406827880515,9.921763869132292,0.3378378378378244,2.0270270270270174,2.364864864864856,0.3378378378378386,2.3648648648648702,2.3648648648648702
4641,FDP,900,19,0.0,1.0,3.5146989094357495,0.0,1.0,5.518018018018016,0.3022759601707037,1.7780938833570303,5.565433854907539,5.672119487908951,2.5960170697012828,5.174253200568991,2.364864864864856,5.743243243243242,8.445945945945951,3.378378378378372,6.418918918918926,6.756756756756751
3501,Die Grünen,900,19,0.0,0.0,7.257586533902319,0.0,1.0,2.7027027027027004,4.480796586059739,1.5825035561877598,10.864153627311524,9.619487908961588,10.739687055476516,6.258890469416784,3.0405405405405475,1.3513513513513402,3.7162162162162105,3.0405405405405403,2.364864864864856,2.702702702702709
335,CDU,900,19,1.0,0.0,2.9101469890943577,1.0,0.0,3.0405405405405426,0.6045519203413932,1.7780938833570303,0.4445234708392647,7.0590327169274545,7.325746799431009,0.2489331436699942,0.3378378378378386,4.7297297297297405,3.0405405405405403,0.0,2.364864864864863,7.770270270270274
2314,SPD,900,19,0.0,1.0,2.2255808440018967,0.0,0.0,3.8288288288288306,5.4409672830725455,0.12446657183498644,2.7560455192034112,1.7069701280227676,1.5469416785206391,1.7780938833570303,4.054054054054063,0.3378378378378386,5.4054054054054035,3.0405405405405475,2.7027027027026946,7.432432432432435
2926,DIE LINKE,900,19,1.0,0.0,2.877548601232816,1.0,0.0,2.364864864864863,1.191322901849226,0.9779516358463738,5.885490753911803,2.7560455192034183,2.2226173541963092,4.231863442389766,1.689189189189186,2.7027027027026946,2.3648648648648702,7.432432432432428,0.0,0.0
4623,FDP,900,19,0.0,1.0,3.0612849691797046,1.0,1.0,4.617117117117118,1.973684210526315,2.8449502133712556,1.7780938833570303,0.3022759601707037,6.7745376955903325,4.694167852062591,5.743243243243242,1.689189189189193,4.729729729729726,6.081081081081088,5.067567567567565,4.391891891891895
1749,bunt.saar,900,19,1.0,0.0,3.908843053579892,1.0,0.0,2.0270270270270268,4.018492176386907,0.0889046941678373,3.485064011379805,0.9601706970127921,13.30014224751067,1.6002844950213415,0.3378378378378244,1.01351351351353,3.378378378378372,1.3513513513513402,2.702702702702709,3.378378378378386
441,bunt.saar,900,19,1.0,0.0,5.639521100047414,0.0,1.0,0.9572072072072105,3.769559032716927,4.551920341394016,5.95661450924608,2.3115220483641536,8.908250355618776,8.339260312944532,1.0135135135135158,0.3378378378378457,1.3513513513513473,1.0135135135135087,0.3378378378378386,1.6891891891892072
1986,DIE LINKE,900,19,0.0,1.0,4.9638454243717405,0.0,1.0,4.842342342342344,3.058321479374115,4.925320056899011,3.0049786628733983,5.8321479374110865,12.21550497866287,0.7467994310099613,6.081081081081088,3.378378378378379,4.729729729729726,5.067567567567572,6.418918918918919,3.378378378378379
901,bunt.saar,900,19,1.0,0.0,5.150545282124228,1.0,0.0,1.0698198198198223,8.001422475106686,4.0362731152204745,8.7660028449502,1.404694167852064,5.0497866287340045,3.6450924608819406,1.3513513513513615,0.6756756756756772,0.675675675675663,1.3513513513513473,1.6891891891892072,0.6756756756756772
5010,SPD,900,19,1.0,1.0,4.8245614035087785,1.0,1.0,2.027027027027034,3.982930298719772,0.3022759601707037,9.317211948790913,2.258179231863444,5.4054054054054035,7.681365576102436,0.3378378378378386,3.378378378378393,1.689189189189193,2.364864864864863,2.702702702702709,1.6891891891892072
2226,FDP,900,19,0.0,1.0,6.436699857752489,1.0,1.0,2.139639639639641,3.6450924608819264,5.689900426742533,6.205547652916081,8.623755334281647,2.5248933143669987,11.931009957325749,0.0,2.0270270270270316,2.364864864864863,2.3648648648648702,3.7162162162162176,2.364864864864863
3970,DIE LINKE,900,19,1.0,0.0,3.0494310099573254,0.0,1.0,1.2950450450450444,0.9957325746799413,1.1379800853485023,4.356330014224746,2.7916073968705533,6.276671408250358,2.738264580369851,1.0135135135135087,2.0270270270270316,2.0270270270270316,0.6756756756756701,2.0270270270270245,0.0
2493,Die Grünen,900,19,0.0,0.0,4.848269321953531,1.0,1.0,1.6328828828828879,1.6358463726884764,0.8890469416785294,8.214793741109531,2.3826458036984306,9.42389758179231,6.543385490753906,2.3648648648648702,3.7162162162162247,0.6756756756756772,1.0135135135135087,1.3513513513513686,0.6756756756756772
2379,Die Grünen,900,19,1.0,1.0,5.651375059269799,1.0,1.0,1.069819819819821,5.778805120910384,3.6450924608819264,1.795874822190612,6.347795163584642,12.00213371266004,4.338549075391185,0.0,1.3513513513513615,0.6756756756756772,2.3648648648648702,2.0270270270270174,0.0
397,bunt.saar,900,19,1.0,1.0,3.9088430535798935,1.0,1.0,1.0698198198198174,1.76031294452347,9.637268847795163,2.7738264580369787,4.409672830725455,0.03556187766713492,4.8364153627311595,0.3378378378378457,0.6756756756756772,1.3513513513513544,1.3513513513513473,1.3513513513513402,1.3513513513513402
1283,FDP,900,19,0.0,0.0,2.296704599336177,1.0,1.0,1.6328828828828819,0.6578947368421026,4.036273115220489,0.17780938833571014,7.645803698435266,0.6578947368421026,0.6045519203413932,0.0,0.3378378378378386,2.364864864864863,0.0,3.378378378378379,3.7162162162162105
5179,FDP,900,19,1.0,1.0,2.000355618776671,1.0,1.0,3.322072072072069,1.7069701280227676,3.5384068278805074,0.46230440967283215,2.187055476529153,1.9914651493598896,2.115931721194876,5.4054054054054035,1.3513513513513544,3.0405405405405332,3.378378378378372,1.689189189189186,5.067567567567565
2602,Die Grünen,900,19,0.0,1.0,3.327999051683262,1.0,0.0,2.759009009009013,4.783072546230443,0.03556187766713492,4.925320056899011,1.1024182076813602,4.854196301564727,4.267425320056894,0.3378378378378457,1.689189189189186,4.391891891891902,1.6891891891892001,4.729729729729733,3.7162162162162105
5090,Die Grünen,900,19,1.0,1.0,3.283546704599331,1.0,1.0,3.4346846846846844,2.4537695590327075,4.943100995732571,3.6095305832147915,4.267425320056894,1.831436699857747,2.5960170697012757,3.7162162162162105,2.0270270270270316,4.054054054054049,3.378378378378379,4.054054054054049,3.378378378378386
4520,FDP,900,19,0.0,0.0,4.231863442389758,0.0,0.0,5.3490990990991,7.3790896159317185,5.049786628733997,3.8229018492176436,3.8940256045519206,2.7204836415362763,2.5248933143669916,1.0135135135135087,6.418918918918926,8.445945945945951,2.7027027027026946,6.418918918918926,7.0945945945945965
131,SPD,900,19,0.0,0.0,7.023470839260312,1.0,0.0,3.3220720720720727,7.183499288762441,2.471550497866282,5.4765291607396875,14.758179231863444,9.495021337126602,2.7560455192034112,3.378378378378379,2.0270270270270316,3.7162162162162176,3.378378378378379,3.0405405405405332,4.391891891891895
4118,Die Grünen,900,19,0.0,0.0,9.367591275486014,1.0,0.0,5.292792792792796,2.1337126600284577,6.916785206258886,11.717638691322904,6.223328591749642,16.2339971550498,12.980085348506393,4.391891891891902,3.7162162162162176,5.067567567567579,5.4054054054054035,6.081081081081088,7.094594594594589
2277,SPD,900,19,1.0,1.0,4.305950687529637,1.0,0.0,1.8581081081081063,6.205547652916081,7.3968705547653,2.507112375533424,4.605263157894733,2.293741109530579,2.8271692745377024,0.6756756756756772,2.364864864864856,0.0,4.391891891891895,1.0135135135135158,2.7027027027026946
4467,FDP,900,19,1.0,1.0,3.1590801327643434,1.0,1.0,3.828828828828828,0.6045519203413932,6.721194879089616,1.76031294452347,1.618065433854909,6.152204836415365,2.0981507823613086,6.418918918918905,2.7027027027027017,5.4054054054054035,0.0,2.702702702702709,5.743243243243249
2443,bunt.saar,900,19,1.0,1.0,5.870673304883829,1.0,1.0,1.1261261261261286,2.7027027027026946,5.814366998577512,8.392603129445234,5.192034139402573,9.210526315789465,3.911806543385495,1.013513513513523,2.7027027027026946,0.6756756756756772,1.6891891891892001,0.3378378378378386,0.3378378378378386
297,SPD,900,19,1.0,0.0,4.211119013750589,1.0,0.0,2.646396396396393,5.1031294452347,1.7069701280227676,2.6671408250355597,5.636557610241816,4.089615931721184,6.063300142247506,0.6756756756756701,5.4054054054054035,1.689189189189186,3.0405405405405332,3.0405405405405332,2.0270270270270316
1917,bunt.saar,900,19,1.0,0.0,3.8169748696064487,1.0,1.0,2.0270270270270294,1.831436699857747,2.3115220483641536,4.000711237553347,2.151493598862025,9.228307254623047,3.378378378378372,0.0,1.3513513513513544,3.7162162162162105,3.0405405405405475,1.3513513513513544,2.702702702702709
842,DIE LINKE,900,19,0.0,0.0,8.445945945945946,1.0,0.0,3.434684684684683,1.795874822190612,5.014224751066848,13.495732574679948,7.005689900426752,16.376244665718353,6.987908961593163,2.364864864864863,2.0270270270270245,5.4054054054054035,3.378378378378379,3.0405405405405475,4.391891891891881
737,CDU,900,19,0.0,1.0,4.714912280701756,0.0,0.0,3.6599099099099113,7.876955903271693,3.8229018492176436,1.866998577524896,4.587482219061172,5.067567567567565,5.067567567567565,3.0405405405405403,0.0,5.4054054054054035,5.405405405405411,5.4054054054054035,2.702702702702709
2524,Die Grünen,900,19,0.0,0.0,4.3652204836415365,1.0,1.0,1.520270270270269,3.4672830725462234,2.0270270270270316,6.525604551920338,2.258179231863444,9.086059743954486,2.8271692745376953,1.689189189189193,0.675675675675663,0.675675675675663,2.0270270270270316,1.689189189189193,2.3648648648648702
3881,CDU,900,19,1.0,0.0,4.406709340919864,1.0,1.0,4.110360360360363,2.8449502133712556,3.0761024182076824,6.934566145092461,4.054054054054056,8.108108108108105,1.4224751066856243,0.3378378378378386,7.432432432432435,3.378378378378386,2.7027027027027017,4.391891891891895,6.418918918918919
5044,SPD,900,19,0.0,0.0,4.7919630156472275,0.0,0.0,3.265765765765766,5.8321479374110865,0.8179231863442382,5.2275960170697005,0.1955903271692847,10.241820768136563,6.436699857752494,2.3648648648648702,2.364864864864856,4.054054054054056,4.391891891891895,2.7027027027027017,3.7162162162162176
776,CDU,900,19,0.0,1.0,4.027382645803697,1.0,1.0,1.0135135135135123,4.765291607396868,0.7290184921763796,5.334281650071119,2.2226173541963163,7.645803698435273,3.4672830725462234,0.6756756756756772,2.0270270270270174,0.3378378378378244,1.3513513513513686,0.6756756756756701,1.0135135135135158
4961,bunt.saar,900,19,1.0,0.0,5.239449976292086,1.0,1.0,0.6193693693693673,1.7069701280227676,1.795874822190612,6.525604551920338,7.948079658605984,11.379800853485065,2.0803698435277482,0.3378378378378386,0.3378378378378386,0.6756756756756772,0.3378378378378315,0.3378378378378386,1.6891891891891788
164,bunt.saar,900,19,1.0,1.0,1.9677572309151306,1.0,1.0,3.997747747747747,1.475817923186355,0.03556187766713492,3.591749644381224,2.5426742532005733,0.1955903271692847,3.9651493598862118,3.7162162162162176,4.054054054054056,2.0270270270270316,5.743243243243242,4.054054054054049,4.391891891891888
2608,bunt.saar,900,19,0.0,0.0,6.691559981033667,1.0,0.0,3.490990990990987,2.8271692745377024,4.267425320056901,9.726173541963014,0.32005689900427114,12.87339971550498,10.13513513513513,2.0270270270270245,2.7027027027026946,4.729729729729726,2.702702702702709,2.7027027027027017,6.0810810810810665
4668,SPD,900,19,0.0,0.0,4.305950687529635,0.0,1.0,1.5765765765765767,3.342816500711244,9.83285917496444,2.044807965860592,1.9914651493598896,5.7254623044096675,2.8982930298719793,1.013513513513523,2.0270270270270316,0.675675675675663,1.3513513513513544,3.7162162162162176,0.6756756756756701
5220,bunt.saar,900,19,0.0,0.0,6.258890469416783,0.0,0.0,1.2950450450450444,4.463015647226179,2.916073968705547,10.224039829302974,1.1024182076813602,10.561877667140813,8.285917496443822,0.3378378378378386,3.0405405405405332,1.0135135135135087,1.3513513513513544,1.0135135135135087,1.013513513513523
4612,FDP,900,19,1.0,0.0,3.236130867709811,1.0,0.0,5.123873873873877,1.7780938833570303,7.005689900426745,5.26315789473685,0.604551920341386,3.59174964438121,1.1735419630156443,4.391891891891895,0.6756756756756772,7.770270270270274,0.6756756756756843,9.121621621621628,8.108108108108105
1943,FDP,900,19,1.0,1.0,6.288525367472734,0.0,1.0,0.9572072072072082,1.9203413940255984,7.805832147937409,8.463726884779518,0.32005689900426404,10.864153627311524,8.357041251778092,2.702702702702709,0.3378378378378386,0.3378378378378386,1.0135135135135158,0.6756756756756772,0.6756756756756701
674,Die Grünen,900,19,1.0,0.0,4.276315789473685,1.0,0.0,1.0698198198198199,0.2489331436699942,4.160739687055475,2.00924608819345,7.076813655761022,6.596728307254629,5.565433854907539,2.364864864864863,0.0,1.0135135135135087,0.6756756756756701,1.0135135135135158,1.3513513513513615
4671,CDU,900,19,0.0,1.0,3.6599099099099064,1.0,1.0,3.7725225225225203,5.565433854907539,2.044807965860592,0.49786628733995997,5.95661450924608,7.3790896159317185,0.5156472261735487,0.6756756756756701,4.391891891891902,6.081081081081074,1.3513513513513473,5.067567567567565,5.067567567567565
4056,bunt.saar,900,19,1.0,1.0,3.766595542911331,1.0,1.0,1.0135135135135123,0.3556187766714132,1.760312944523477,5.796586059743959,1.902560455192031,8.62375533428164,4.160739687055468,0.3378378378378244,0.0,1.0135135135135158,1.689189189189186,1.0135135135135158,2.0270270270270316
4965,FDP,900,19,1.0,0.0,2.9042200094831636,1.0,1.0,1.9144144144144117,1.3513513513513473,2.951635846372689,5.085348506401132,3.1294452347083848,2.471550497866289,2.43598862019914,4.391891891891895,0.3378378378378386,1.0135135135135087,2.0270270270270174,3.0405405405405403,0.6756756756756701
5019,bunt.saar,900,19,1.0,1.0,3.2361308677098166,1.0,1.0,1.745495495495496,1.7069701280227676,0.9068278805120968,4.498577524893307,4.391891891891895,5.298719772403977,2.6137980085348573,1.689189189189186,1.689189189189193,0.0,3.7162162162162176,2.0270270270270245,1.3513513513513544
1791,FDP,900,19,1.0,1.0,5.162399241346615,1.0,1.0,0.9572072072072034,2.489331436699864,9.992887624466583,2.631578947368425,1.1735419630156514,0.7112375533428192,13.975817923186348,1.3513513513513473,1.0135135135135158,0.3378378378378386,1.0135135135135016,0.3378378378378315,1.689189189189186
4420,CDU,900,19,1.0,1.0,4.267425320056895,1.0,1.0,1.745495495495497,0.7645803698435287,2.115931721194869,7.3790896159317185,0.32005689900426404,5.067567567567565,9.957325746799427,0.3378378378378386,3.0405405405405403,1.0135135135135087,2.0270270270270316,2.0270270270270316,2.0270270270270316
4256,bunt.saar,900,19,0.0,0.0,6.86936936936937,0.0,0.0,3.2094594594594597,0.5156472261735487,9.672830725462298,8.659317211948789,6.578947368421048,10.650782361308679,5.138691322901856,4.729729729729726,1.013513513513523,3.7162162162162176,5.4054054054054035,3.378378378378379,1.0135135135135087
4482,CDU,900,19,1.0,0.0,3.0049786628733997,1.0,1.0,1.463963963963966,3.165007112375534,3.520625889046933,0.5334281650071233,1.3335704125177799,3.7873399715504945,5.689900426742533,2.0270270270270316,0.6756756756756772,0.0,2.7027027027026946,1.3513513513513615,2.0270270270270316
3941,bunt.saar,900,19,1.0,0.0,6.703413940256045,1.0,1.0,1.1824324324324327,4.036273115220489,1.262446657183503,12.32219061166429,0.16002844950212847,12.642247510668554,9.797297297297305,0.3378378378378386,2.3648648648648702,1.689189189189193,0.3378378378378386,1.689189189189193,0.675675675675663
1412,bunt.saar,900,19,1.0,0.0,1.9618302513039343,1.0,1.0,2.252252252252253,0.10668563300142608,1.0135135135135087,4.605263157894733,3.0049786628733983,1.6002844950213486,1.4402560455191917,2.3648648648648702,3.7162162162162176,1.3513513513513473,1.3513513513513544,3.0405405405405332,1.689189189189193
2178,FDP,900,19,0.0,0.0,3.40504978662873,0.0,0.0,2.1396396396396433,0.40896159317210845,6.027738264580371,4.285206258890469,4.0362731152204745,0.23115220483641252,5.4409672830725455,2.702702702702709,2.0270270270270316,1.3513513513513473,1.01351351351353,3.0405405405405403,2.7027027027027017
244,DIE LINKE,900,19,1.0,0.0,5.310573731626363,1.0,0.0,5.349099099099102,5.689900426742533,6.365576102418217,9.423897581792318,1.831436699857747,5.2275960170697005,3.3250355618776624,2.3648648648648702,4.391891891891902,7.432432432432428,5.743243243243249,7.0945945945945965,5.067567567567565
3751,DIE LINKE,900,19,0.0,0.0,1.1972498814604091,1.0,1.0,1.8018018018018,1.6358463726884764,2.9694167852062563,0.16002844950213557,1.511379800853483,0.3911806543385552,0.5156472261735487,0.3378378378378386,1.3513513513513544,1.689189189189186,3.378378378378379,3.0405405405405332,1.0135135135135087
4956,DIE LINKE,900,19,0.0,1.0,4.726766239924133,1.0,0.0,1.6328828828828794,4.12517780938834,4.694167852062584,5.529871977240397,3.0405405405405403,5.814366998577526,5.156472261735409,2.364864864864863,1.6891891891891788,1.689189189189186,2.7027027027027017,0.6756756756756772,0.6756756756756701
991,bunt.saar,900,19,1.0,1.0,1.8640350877193004,1.0,0.0,7.601351351351352,0.12446657183499354,2.3826458036984306,4.285206258890469,0.9423897581792389,2.5426742532005733,0.9068278805120968,6.418918918918912,2.3648648648648702,8.445945945945951,8.108108108108112,9.797297297297298,10.472972972972968
2423,FDP,900,19,0.0,1.0,2.462660028449507,1.0,1.0,0.957207207207207,2.275960170697026,2.6671408250355597,1.8136557610241866,2.0803698435277482,4.107396870554766,1.831436699857754,0.0,2.0270270270270316,1.3513513513513544,2.0270270270270174,0.0,0.3378378378378386
4881,FDP,900,19,0.0,0.0,5.029042200094833,1.0,0.0,1.8581081081081052,1.8847795163584777,8.19701280227595,2.471550497866289,5.369843527738276,9.868421052631575,2.3826458036984306,2.3648648648648702,0.675675675675663,1.0135135135135158,3.0405405405405332,4.054054054054049,0.0
4838,bunt.saar,900,19,1.0,1.0,4.551920341394024,1.0,1.0,1.0698198198198188,4.249644381223341,2.7560455192034112,7.539118065433854,3.769559032716927,5.5832147937411065,3.4139402560455068,1.013513513513523,0.3378378378378386,3.7162162162162105,0.0,1.0135135135135158,0.3378378378378244
4727,DIE LINKE,900,19,1.0,0.0,6.2322190611664325,0.0,0.0,4.4481981981982,8.214793741109531,4.534139402560456,13.317923186344245,1.0490753911806578,7.556899004267429,2.7204836415362763,4.391891891891895,0.0,9.459459459459467,9.121621621621621,0.6756756756756772,3.0405405405405403
2764,DIE LINKE,900,19,0.0,1.0,2.270033191085821,0.0,0.0,5.405405405405403,1.262446657183503,0.6578947368421026,5.636557610241816,3.4672830725462234,1.4580369843527734,1.1379800853485094,0.675675675675663,1.0135135135135087,10.472972972972975,1.689189189189193,10.810810810810807,7.770270270270267
1756,FDP,900,19,1.0,1.0,3.9473684210526323,1.0,0.0,2.1396396396396384,3.2183499288762576,9.014935988620195,3.449502133712656,0.8534850640113802,4.107396870554766,3.0405405405405403,5.405405405405389,0.3378378378378386,0.0,4.054054054054063,2.7027027027027017,0.3378378378378386
265,Die Grünen,900,19,1.0,0.0,4.092579421526793,0.0,1.0,3.8851351351351333,6.098862019914655,4.463015647226179,4.42745376955903,5.849928876244668,2.6849217638691343,1.0312944523470904,3.378378378378379,3.0405405405405332,2.7027027027026946,1.0135135135135158,5.743243243243242,7.432432432432435
2442,FDP,900,19,1.0,1.0,4.305950687529637,1.0,1.0,2.477477477477476,4.356330014224753,4.338549075391178,0.46230440967283215,9.228307254623047,0.2489331436699871,7.201280227596023,2.7027027027027017,3.7162162162162105,3.7162162162162176,2.364864864864856,0.3378378378378386,2.0270270270270316
2160,FDP,900,19,1.0,1.0,4.723802750118542,1.0,1.0,1.5765765765765802,7.290184921763881,1.689189189189186,4.231863442389766,6.703413940256041,0.9068278805120897,7.521337126600287,1.013513513513523,2.0270270270270245,1.3513513513513544,2.0270270270270316,1.689189189189193,1.3513513513513544
2867,bunt.saar,900,19,0.0,0.0,5.9684684684684655,1.0,1.0,1.8581081081081112,3.0049786628733983,2.00924608819345,6.916785206258886,7.912517780938828,8.55263157894737,7.4146514935988606,1.689189189189186,1.013513513513523,1.3513513513513544,5.067567567567572,0.6756756756756772,1.3513513513513544
32,DIE LINKE,900,19,0.0,0.0,6.312233285917496,1.0,0.0,3.6036036036036037,3.520625889046933,4.694167852062584,9.530583214793744,7.663584637268848,11.433143669985775,1.0312944523470904,2.0270270270270316,2.0270270270270245,7.0945945945945965,2.0270270270270245,5.743243243243242,2.7027027027027017
4038,bunt.saar,900,19,1.0,1.0,3.5117354196301585,1.0,0.0,2.7027027027027017,1.5647226173541924,6.383357041251777,0.017780938833581672,4.285206258890469,6.685633001422481,2.1337126600284506,1.3513513513513544,0.3378378378378386,4.054054054054049,1.0135135135135158,4.729729729729726,4.729729729729726
4997,CDU,900,19,0.0,0.0,4.910502607871034,1.0,0.0,2.252252252252255,6.241109530583209,1.795874822190612,2.2048364153627347,2.2226173541963092,13.086770981507833,3.9118065433855023,0.3378378378378386,3.378378378378379,0.3378378378378386,2.364864864864863,4.7297297297297405,2.3648648648648702
2462,CDU,900,19,1.0,0.0,4.211119013750591,1.0,0.0,1.970720720720724,2.0625889046941595,7.556899004267429,3.9651493598862118,5.95661450924608,3.9295874822190555,1.795874822190612,0.0,0.6756756756756772,3.0405405405405475,0.6756756756756843,4.391891891891895,3.0405405405405403
73,FDP,900,19,1.0,1.0,3.9740398293029835,1.0,1.0,0.5067567567567531,4.67638691322901,0.7645803698435216,3.556187766714089,6.472261735419622,3.7517780938833525,4.623044096728307,0.0,1.3513513513513473,0.3378378378378386,0.675675675675663,0.6756756756756701,0.0
1099,CDU,900,19,1.0,1.0,3.1976055002370827,0.0,1.0,2.759009009009013,1.262446657183503,2.560455192034155,0.6578947368421026,9.157183499288756,4.694167852062591,0.8534850640113874,1.013513513513523,1.013513513513523,4.729729729729733,4.391891891891902,2.364864864864863,3.0405405405405332
3471,FDP,900,19,0.0,1.0,4.359293504030347,1.0,0.0,2.3085585585585577,1.4758179231863409,6.703413940256048,5.0497866287340045,6.792318634423886,1.475817923186348,4.658605974395456,0.0,0.0,6.418918918918926,0.675675675675663,2.364864864864863,4.391891891891895
251,Die Grünen,900,19,1.0,0.0,3.360597439544808,1.0,1.0,1.2950450450450444,2.86273115220483,2.720483641536269,2.1692745376955855,0.5867709815078399,5.7254623044096675,6.098862019914655,0.3378378378378386,3.0405405405405332,0.0,1.3513513513513615,1.0135135135135016,2.0270270270270316
2430,bunt.saar,900,19,1.0,1.0,2.8182788051209116,1.0,1.0,2.4774774774774797,2.2403982930298625,5.849928876244675,0.6934566145092447,2.2226173541963092,4.67638691322901,1.226884779516368,1.3513513513513473,1.689189189189186,5.067567567567572,0.3378378378378386,1.3513513513513686,5.067567567567565
4783,Die Grünen,900,19,1.0,0.0,7.628022759601706,1.0,1.0,5.799549549549547,1.0135135135135087,1.4046941678520568,7.716927453769557,8.019203413940268,16.091749644381217,11.522048364153626,4.054054054054056,1.6891891891891788,7.0945945945945965,5.743243243243242,9.121621621621614,7.0945945945945965
4606,bunt.saar,900,19,1.0,0.0,7.509483167377901,1.0,1.0,2.08333333333333,4.267425320056894,3.1472261735419664,12.57112375533427,8.17923186344239,8.51706970128022,8.374822190611667,0.3378378378378386,2.7027027027026946,5.067567567567565,0.3378378378378457,2.364864864864856,1.6891891891891788
1839,DIE LINKE,900,19,0.0,1.0,1.7929113323850185,0.0,1.0,2.6463963963963963,0.9068278805120897,2.916073968705547,2.329302987197721,2.4182076813655797,1.333570412517787,0.8534850640113874,3.7162162162162176,1.3513513513513473,1.3513513513513615,5.743243243243242,3.0405405405405403,0.6756756756756701
1051,SPD,900,19,1.0,0.0,2.7678994784257944,1.0,1.0,1.689189189189192,0.053342816500716594,1.0668563300142253,5.1209103840682815,5.014224751066855,0.0889046941678373,5.26315789473685,2.702702702702709,2.0270270270270316,0.6756756756756772,4.054054054054056,0.3378378378378386,0.3378378378378386
4074,bunt.saar,900,19,0.0,1.0,4.424490279753436,1.0,1.0,1.8581081081081112,1.0135135135135087,1.51137980085349,7.805832147937416,2.400426742532005,7.307965860597427,6.507823613086771,2.3648648648648702,0.0,2.702702702702709,2.0270270270270316,1.689189189189186,2.3648648648648702
2138,bunt.saar,900,19,1.0,1.0,4.04516358463727,1.0,1.0,2.984234234234235,1.2446657183499354,2.293741109530579,6.578947368421048,2.7204836415362763,9.014935988620195,2.418207681365587,4.054054054054063,3.7162162162162105,2.3648648648648702,0.3378378378378386,4.054054054054056,3.378378378378372
365,bunt.saar,900,19,1.0,1.0,2.536747273589383,1.0,1.0,1.745495495495491,2.489331436699864,2.0270270270270316,2.6849217638691343,2.6493598862019923,2.489331436699864,2.880512091038412,0.6756756756756772,1.0135135135135016,2.7027027027026946,0.6756756756756701,5.4054054054054035,0.0
5053,DIE LINKE,900,19,1.0,0.0,6.436699857752494,1.0,0.0,2.759009009009008,1.1735419630156443,4.978662873399728,7.112375533428171,0.5334281650071233,16.02062588904694,8.801564722617357,4.729729729729726,1.3513513513513544,1.689189189189186,3.378378378378379,3.0405405405405403,2.364864864864863
3834,FDP,900,19,1.0,1.0,2.192982456140348,1.0,1.0,2.4774774774774784,4.87197724039828,4.214082503556185,0.12446657183499354,1.0135135135135087,2.6671408250355597,0.26671408250356166,4.054054054054063,0.3378378378378315,4.729729729729733,2.0270270270270245,1.3513513513513473,2.3648648648648702
2505,FDP,900,19,0.0,1.0,3.1383357041251756,1.0,1.0,3.6036036036036023,2.044807965860592,2.4182076813655797,1.546941678520625,6.1877667140825,6.525604551920338,0.10668563300141898,2.7027027027026946,3.378378378378386,3.7162162162162176,3.0405405405405475,3.378378378378372,5.405405405405396
4463,Die Grünen,900,19,0.0,0.0,9.358700806069232,1.0,1.0,2.871621621621621,3.058321479374115,7.610241820768145,12.357752489331446,7.503556187766712,16.62517780938834,8.997155049786635,2.0270270270270245,2.0270270270270316,2.3648648648648702,4.054054054054042,4.391891891891888,2.3648648648648702
3932,Die Grünen,900,19,1.0,1.0,4.836415362731153,1.0,1.0,1.3513513513513473,1.8136557610241795,6.934566145092461,3.627311522048373,5.014224751066855,7.432432432432435,4.196301564722617,1.3513513513513473,0.3378378378378315,1.689189189189193,0.3378378378378386,0.675675675675663,3.7162162162162105
3408,FDP,900,19,0.0,0.0,6.009957325746797,1.0,1.0,2.7590090090090107,6.561166429587473,3.1827880512091085,6.13442389758179,12.535561877667135,0.3378378378378386,7.3079658605974345,0.3378378378378315,3.7162162162162176,4.054054054054056,1.013513513513523,4.054054054054056,3.378378378378379
1134,SPD,900,19,0.0,0.0,5.378733997155048,1.0,1.0,1.6328828828828865,5.049786628733997,2.5248933143669916,7.894736842105267,0.9601706970127921,5.298719772403977,10.54409672830726,3.378378378378386,2.702702702702709,0.3378378378378386,0.3378378378378457,2.364864864864863,0.6756756756756772
2747,bunt.saar,900,19,1.0,1.0,5.165362731152206,1.0,1.0,3.772522522522524,2.489331436699864,5.4054054054054035,8.232574679943099,1.724751066856328,9.370554765291615,3.769559032716927,4.054054054054056,2.0270270270270316,5.067567567567565,3.378378378378379,2.702702702702709,5.4054054054054035
136,FDP,900,19,0.0,1.0,4.3504030346135645,1.0,1.0,2.3648648648648702,5.974395448079662,1.1201991465149348,3.342816500711244,10.312944523470854,1.7425320056899025,3.6095305832147915,0.0,3.0405405405405403,4.054054054054063,1.01351351351353,4.391891891891895,1.689189189189193
2636,bunt.saar,900,19,1.0,1.0,3.289473684210524,1.0,1.0,2.0833333333333344,4.267425320056894,2.3826458036984306,4.196301564722617,4.089615931721191,4.463015647226172,0.3378378378378386,1.689189189189193,1.01351351351353,3.0405405405405332,1.0135135135135087,0.6756756756756772,5.067567567567565
678,CDU,900,19,0.0,1.0,4.5904457088667625,0.0,1.0,3.547297297297296,8.890469416785209,2.880512091038412,0.2489331436699942,8.392603129445227,5.174253200568991,1.9559032716927405,2.702702702702709,1.0135135135135087,5.067567567567565,2.0270270270270174,3.378378378378379,7.0945945945945965
5039,DIE LINKE,900,19,1.0,0.0,5.701754385964911,1.0,0.0,0.9572072072072094,7.788051209103841,0.5689900426742582,6.863442389758184,2.809388335704128,12.99786628733996,3.1827880512090942,0.6756756756756701,1.01351351351353,2.3648648648648702,1.3513513513513473,0.0,0.3378378378378386
4408,Die Grünen,900,19,0.0,0.0,3.9266239924134667,0.0,0.0,1.3513513513513533,1.0490753911806578,1.369132290184929,6.614509246088197,2.3470839260312957,7.912517780938828,4.267425320056894,0.0,4.391891891891902,1.3513513513513473,0.0,1.3513513513513544,1.0135135135135158
2124,FDP,900,19,0.0,0.0,9.269796111901375,1.0,1.0,2.6463963963963955,9.139402560455189,13.40682788051209,7.432432432432435,8.143669985775247,1.4224751066856243,16.073968705547664,4.054054054054049,5.743243243243242,0.3378378378378386,1.3513513513513544,0.6756756756756701,3.7162162162162176
1612,Die Grünen,900,19,0.0,0.0,3.766595542911331,1.0,0.0,1.5202702702702713,1.9203413940255984,4.2140825035561775,3.6450924608819264,4.996443812233295,4.925320056899011,2.8982930298719793,0.3378378378378386,1.3513513513513615,2.364864864864863,1.3513513513513473,1.3513513513513473,2.3648648648648702
797,DIE LINKE,900,19,1.0,1.0,4.883831199620674,1.0,1.0,2.1396396396396384,5.174253200568991,1.9381223328591872,7.0945945945945965,4.142958748221901,5.067567567567565,5.885490753911803,1.0135135135135087,2.7027027027026946,4.391891891891902,1.0135135135135087,2.0270270270270245,1.689189189189193
558,FDP,900,19,1.0,1.0,2.3115220483641514,1.0,1.0,2.0270270270270245,0.604551920341386,1.9914651493598896,3.1827880512091085,3.4672830725462234,3.7873399715504945,0.8357041251778057,1.3513513513513544,0.6756756756756772,3.378378378378372,1.3513513513513402,1.689189189189186,3.7162162162162176
565,SPD,900,19,1.0,0.0,4.323731626363204,1.0,0.0,2.6463963963963955,6.881223328591759,5.494310099573248,2.7027027027026946,5.067567567567565,3.485064011379805,2.3115220483641536,1.3513513513513615,1.689189189189186,3.7162162162162033,1.689189189189186,2.3648648648648702,5.067567567567565
1344,CDU,900,19,1.0,1.0,3.274656235182553,0.0,1.0,1.7454954954954947,0.26671408250355455,7.752489331436706,2.258179231863444,0.6756756756756772,6.863442389758184,1.831436699857754,0.3378378378378244,3.0405405405405403,1.0135135135135158,3.7162162162162247,2.364864864864863,0.0
2772,Die Grünen,900,19,0.0,0.0,3.532479848269322,0.0,0.0,1.5765765765765718,6.703413940256041,0.6223328591749677,4.67638691322901,3.556187766714089,1.6358463726884764,4.000711237553347,1.0135135135135158,2.364864864864863,1.0135135135135016,1.0135135135135158,3.0405405405405332,1.0135135135135016
4488,SPD,900,19,1.0,0.0,5.900308202939783,0.0,0.0,4.054054054054055,2.507112375533424,6.241109530583209,9.58392603129446,1.9914651493598896,8.410384068278809,6.667852062588906,3.378378378378379,0.3378378378378386,5.067567567567572,5.067567567567572,7.770270270270274,2.7027027027026946
4385,FDP,900,19,0.0,1.0,5.168326220957802,1.0,1.0,2.0833333333333326,2.151493598862025,5.654338549075398,2.987197724039838,4.480796586059739,8.463726884779511,7.2724039829302995,0.3378378378378457,1.3513513513513544,4.054054054054042,2.364864864864856,0.0,4.391891891891898
4529,FDP,900,19,0.0,1.0,3.0849928876244674,1.0,1.0,1.0135135135135158,0.5689900426742582,4.12517780938834,0.17780938833571014,7.4502133712659955,4.089615931721191,2.0981507823613086,0.6756756756756914,1.3513513513513544,0.3378378378378386,2.0270270270270174,0.6756756756756772,1.0135135135135158
5035,CDU,900,19,1.0,0.0,5.8736367946894275,1.0,0.0,2.1396396396396447,5.903271692745371,2.9871977240398238,7.005689900426745,5.4054054054054035,5.192034139402573,8.748221906116648,2.702702702702709,3.0405405405405475,0.6756756756756772,2.0270270270270316,1.3513513513513615,3.0405405405405403
4280,FDP,900,19,1.0,0.0,6.632290184921765,0.0,0.0,3.3783783783783847,0.0,9.672830725462298,10.401849217638699,1.618065433854916,9.690611664295872,8.410384068278809,4.391891891891902,1.0135135135135087,5.067567567567579,3.378378378378393,0.6756756756756772,5.743243243243249
4160,CDU,900,19,1.0,0.0,4.4778330962541455,1.0,0.0,1.5765765765765731,0.07112375533426984,3.591749644381224,7.503556187766712,2.809388335704128,8.392603129445227,4.498577524893314,1.689189189189186,0.6756756756756701,2.7027027027026946,2.7027027027027017,0.6756756756756701,1.0135135135135158
4692,CDU,900,19,1.0,0.0,4.626007586533903,1.0,1.0,1.4639639639639637,5.583214793741114,5.156472261735409,1.8847795163584706,11.504267425320059,3.307254623044102,0.32005689900426404,0.3378378378378386,2.7027027027027017,1.0135135135135158,0.3378378378378386,4.054054054054049,0.3378378378378386
2018,bunt.saar,900,19,0.0,0.0,3.689544807965857,1.0,0.0,1.9707207207207194,3.5028449502133725,1.689189189189186,6.970128022759603,4.729729729729726,1.4402560455191917,3.805120910384062,0.6756756756756701,7.094594594594589,0.0,3.378378378378379,0.3378378378378386,0.3378378378378386
4548,bunt.saar,900,19,0.0,0.0,4.7919630156472275,0.0,0.0,3.7162162162162153,2.809388335704128,5.298719772403977,5.903271692745371,0.10668563300142608,8.712660028449513,5.921052631578952,6.756756756756758,1.3513513513513473,4.054054054054049,4.729729729729726,0.3378378378378457,5.067567567567565
4302,CDU,900,19,1.0,0.0,2.830132764343292,1.0,0.0,3.2657657657657637,0.6578947368421026,0.3022759601707037,6.703413940256041,4.071834992887624,5.138691322901856,0.10668563300142608,3.7162162162162105,5.4054054054054035,1.0135135135135158,3.7162162162162176,1.689189189189186,4.054054054054049
878,bunt.saar,900,19,1.0,0.0,6.658961593172116,1.0,1.0,1.0135135135135087,3.6450924608819406,3.022759601706973,9.334992887624466,3.3961593172119393,14.740398293029862,5.814366998577512,1.013513513513523,1.3513513513513402,0.3378378378378386,2.364864864864863,0.3378378378378244,0.675675675675663
2380,SPD,900,19,1.0,0.0,4.38300142247511,0.0,1.0,2.927927927927931,0.26671408250354744,2.8627311522048444,9.832859174964433,5.298719772403977,3.7339971550498063,4.30298719772405,2.702702702702709,3.378378378378386,3.7162162162162247,3.7162162162162176,0.0,4.054054054054049
283,bunt.saar,900,19,1.0,1.0,8.754148885727831,1.0,1.0,4.842342342342342,3.449502133712656,6.738975817923183,13.744665718349935,4.854196301564727,13.513513513513509,10.224039829302981,4.054054054054056,2.702702702702709,5.743243243243242,5.743243243243242,4.054054054054049,6.756756756756758
1357,FDP,900,19,0.0,1.0,10.372214319582742,1.0,1.0,1.1842378929335002e-15,12.233285917496445,8.854907539118052,10.455192034139408,18.70554765291608,3.3072546230440985,8.677098150782363,0.0,7.105427357601002e-15,0.0,0.0,0.0,0.0
4097,SPD,900,19,0.0,1.0,6.104788999525841,1.0,1.0,1.3513513513513484,8.339260312944525,6.1877667140825,4.818634423897571,3.6806543385490826,10.864153627311524,2.7382645803698438,2.364864864864863,0.6756756756756701,0.6756756756756772,1.689189189189186,0.3378378378378386,2.364864864864856
3156,FDP,900,19,1.0,0.0,4.291133238501658,1.0,0.0,5.799549549549551,0.5689900426742511,3.165007112375534,11.84210526315789,2.916073968705547,3.876244665718346,3.378378378378379,9.121621621621621,3.378378378378386,8.783783783783782,3.7162162162162176,1.0135135135135158,8.783783783783782
3308,Die Grünen,900,19,1.0,0.0,2.747155049786631,1.0,1.0,1.295045045045048,2.080369843527741,0.0,2.7738264580369787,2.560455192034155,4.658605974395449,4.409672830725462,1.689189189189186,0.0,2.3648648648648702,0.3378378378378457,2.3648648648648702,1.0135135135135158
2521,CDU,900,19,1.0,0.0,3.538406827880511,1.0,0.0,3.8288288288288257,3.236130867709818,2.3826458036984306,1.1024182076813602,3.2894736842105345,6.792318634423893,4.42745376955903,1.6891891891891788,9.121621621621628,7.432432432432428,1.0135135135135087,0.3378378378378315,3.378378378378379
2048,FDP,900,19,1.0,1.0,2.435988620199145,1.0,1.0,1.2387387387387403,4.320768136557611,2.6137980085348502,2.7916073968705533,2.720483641536269,0.16002844950212847,2.009246088193457,1.0135135135135016,1.3513513513513544,2.3648648648648702,0.6756756756756914,0.0,2.0270270270270245
3223,bunt.saar,900,19,1.0,0.0,2.9990516832622056,1.0,0.0,2.195945945945939,1.511379800853483,3.8940256045519135,5.494310099573255,5.618776671408256,0.1422475106685539,1.3335704125177728,1.0135135135135087,3.378378378378372,2.0270270270270174,1.0135135135135087,2.7027027027026946,3.0405405405405332
1474,Die Grünen,900,19,1.0,0.0,4.783072546230443,1.0,1.0,2.8716216216216175,2.3648648648648702,4.534139402560456,5.95661450924608,3.8940256045519206,8.712660028449513,3.236130867709818,5.743243243243235,0.3378378378378457,2.364864864864856,7.094594594594589,0.6756756756756701,1.0135135135135087
1659,CDU,900,19,1.0,1.0,4.412636320531054,1.0,0.0,0.6193693693693696,0.9423897581792318,10.295163584637265,4.356330014224753,1.866998577524896,4.19630156472261,4.818634423897571,0.6756756756756772,0.0,1.0135135135135158,0.3378378378378386,1.689189189189186,0.0
1242,FDP,900,19,1.0,1.0,3.6362019914651476,1.0,1.0,2.477477477477477,0.7823613086770962,4.018492176386907,2.7382645803698367,3.058321479374108,8.036984352773828,3.1827880512091085,5.4054054054054035,2.0270270270270174,1.689189189189193,1.0135135135135158,4.391891891891888,0.3378378378378457
1556,CDU,900,19,1.0,0.0,4.258534850640117,1.0,1.0,2.2522522522522537,6.3122332859175,0.5156472261735487,1.6358463726884764,8.481507823613093,7.983641536273112,0.6223328591749677,0.3378378378378386,4.054054054054056,3.7162162162162176,3.0405405405405332,0.6756756756756843,1.689189189189193
2797,bunt.saar,900,19,0.0,0.0,4.9875533428165,0.0,1.0,1.4639639639639626,0.2844950213371291,5.352062588904687,5.26315789473685,1.0490753911806507,9.050497866287337,8.926031294452343,1.0135135135135087,2.364864864864863,0.0,1.3513513513513544,2.0270270270270174,2.0270270270270316
4273,bunt.saar,900,19,1.0,1.0,3.4672830725462283,1.0,0.0,1.7454954954954935,2.9694167852062634,5.156472261735402,6.258890469416784,1.6002844950213415,1.7425320056898954,3.0761024182076824,1.3513513513513473,2.7027027027026946,0.3378378378378386,1.3513513513513544,4.729729729729726,0.0
2040,Die Grünen,900,19,0.0,1.0,4.068871503082026,0.0,1.0,1.8018018018018023,1.3869132290184822,1.2268847795163538,11.130867709815071,0.01778093883356746,5.1920341394025655,5.45874822190612,1.3513513513513615,3.378378378378379,1.6891891891891788,2.364864864864863,0.6756756756756772,1.3513513513513544
256,bunt.saar,900,19,1.0,1.0,6.821953532479847,1.0,1.0,3.3220720720720727,1.0668563300142253,8.214793741109531,9.10384068278804,5.618776671408256,5.7254623044096675,11.201991465149362,3.7162162162162176,1.0135135135135087,3.378378378378386,5.405405405405418,3.378378378378372,3.0405405405405332
2125,CDU,900,19,0.0,1.0,2.0329540066382172,1.0,1.0,3.8851351351351355,0.6756756756756772,0.5156472261735487,1.6002844950213415,1.6714082503556114,5.636557610241816,2.0981507823613086,5.067567567567579,3.378378378378379,4.391891891891881,3.0405405405405403,1.3513513513513544,6.081081081081081
4022,FDP,900,19,0.0,1.0,4.880867709815077,1.0,1.0,3.490990990990992,1.3335704125177799,6.685633001422481,4.320768136557611,3.7162162162162105,7.005689900426745,6.223328591749635,4.7297297297297405,3.7162162162162176,4.054054054054049,1.3513513513513544,3.378378378378379,3.7162162162162105
2955,FDP,900,19,0.0,1.0,6.747866287339971,1.0,1.0,0.844594594594596,4.142958748221901,1.831436699857754,4.17852062588905,16.802987197724036,6.063300142247513,7.46799431009957,0.3378378378378386,0.6756756756756701,1.0135135135135158,1.3513513513513615,1.0135135135135158,0.6756756756756737
2105,bunt.saar,900,19,1.0,1.0,4.522285443338078,1.0,0.0,1.5765765765765707,0.37339971550497353,3.7517780938833525,7.432432432432435,2.631578947368425,7.343527738264598,5.600995732574688,2.364864864864863,1.0135135135135016,1.0135135135135016,1.689189189189186,2.364864864864856,1.0135135135135158
2330,FDP,900,19,0.0,1.0,5.034969179706018,1.0,1.0,1.7454954954954924,2.275960170697026,4.2140825035561775,0.40896159317211556,11.931009957325742,5.903271692745371,5.47652916073968,0.3378378378378315,3.378378378378372,0.6756756756756772,2.0270270270270245,2.364864864864863,1.689189189189186
1482,SPD,900,19,1.0,0.0,7.865101944049314,1.0,0.0,1.1824324324324327,5.4765291607396875,7.147937411095306,8.428165007112383,8.463726884779518,8.926031294452343,8.748221906116648,1.0135135135135158,1.0135135135135158,1.0135135135135087,3.378378378378379,0.3378378378378386,0.3378378378378386
1443,Die Grünen,900,19,1.0,0.0,1.4876718824087252,1.0,1.0,3.9977477477477543,1.653627311522051,0.9779516358463738,1.0668563300142182,0.1955903271692847,4.302987197724043,0.7290184921763796,2.0270270270270316,2.702702702702709,6.081081081081095,2.0270270270270245,5.067567567567572,6.081081081081095
1039,Die Grünen,900,19,0.0,0.0,4.122214319582736,0.0,1.0,2.3085585585585613,1.4935988620199083,2.916073968705547,6.792318634423886,3.3961593172119393,8.961593172119485,1.1735419630156514,0.0,4.054054054054056,0.6756756756756914,1.3513513513513473,3.378378378378386,4.391891891891888
3421,bunt.saar,900,19,1.0,1.0,3.710289236605025,1.0,1.0,1.238738738738738,1.0490753911806578,3.1116642958748173,6.276671408250365,3.5028449502133725,6.205547652916067,2.115931721194869,0.3378378378378386,1.689189189189193,2.0270270270270174,2.0270270270270245,1.0135135135135158,0.3378378378378386
2167,Die Grünen,900,19,0.0,0.0,5.529871977240398,0.0,0.0,3.0968468468468457,1.1735419630156443,4.480796586059739,9.530583214793744,2.0270270270270316,6.1877667140825,9.77951635846373,3.7162162162162176,0.0,5.067567567567565,5.743243243243242,2.0270270270270245,2.0270270270270245
3393,FDP,900,19,0.0,0.0,4.3770744428639174,0.0,0.0,3.434684684684688,8.961593172119485,5.51209103840683,0.16002844950213557,1.369132290184929,6.063300142247513,4.19630156472261,6.756756756756751,0.3378378378378457,6.081081081081088,0.6756756756756843,4.054054054054056,2.7027027027027017
4619,FDP,900,19,1.0,0.0,7.186462778568042,1.0,0.0,1.689189189189186,3.271692745376953,11.539829302987194,5.796586059743959,1.1201991465149348,11.842105263157897,9.548364153627311,0.3378378378378315,1.3513513513513473,1.0135135135135158,1.0135135135135016,5.743243243243242,0.6756756756756772
2659,bunt.saar,900,19,1.0,1.0,5.70471787577051,1.0,1.0,0.9009009009008982,4.783072546230443,4.534139402560456,5.369843527738283,3.662873399715501,9.10384068278804,6.77453769559034,1.0135135135135087,0.0,1.0135135135135016,2.364864864864863,0.0,1.0135135135135158
3890,FDP,900,19,1.0,1.0,4.383001422475107,1.0,1.0,1.689189189189187,6.472261735419629,0.9601706970127921,0.4445234708392647,5.423186344238978,10.36628733997155,2.631578947368425,0.3378378378378386,1.3513513513513402,3.378378378378379,0.3378378378378386,3.378378378378379,1.3513513513513473
4991,bunt.saar,900,19,1.0,1.0,6.558202939781887,1.0,1.0,2.252252252252255,4.142958748221908,0.40896159317210845,10.846372688477949,5.51209103840683,10.02844950213371,8.410384068278816,2.7027027027027017,0.0,1.0135135135135158,3.0405405405405403,2.702702702702709,4.054054054054063
4549,FDP,900,19,1.0,1.0,2.038880986249403,1.0,1.0,2.08333333333333,0.49786628733995997,2.115931721194876,0.7290184921763867,7.307965860597427,0.8712660028449477,0.7112375533428192,3.7162162162162176,1.689189189189186,1.689189189189186,0.675675675675663,3.378378378378372,1.3513513513513544
398,FDP,900,19,1.0,0.0,1.9647937411095302,1.0,1.0,3.04054054054054,2.187055476529153,3.129445234708392,0.142247510668561,0.37339971550498063,3.840682788051218,2.115931721194876,1.0135135135135158,2.7027027027027017,2.7027027027027053,4.729729729729726,3.378378378378372,3.7162162162162176
2245,bunt.saar,900,19,1.0,1.0,1.5854670459933615,1.0,0.0,4.5045045045045065,1.8492176386913215,2.3470839260312957,2.329302987197721,1.1024182076813602,1.3157894736842124,0.5689900426742582,1.689189189189186,0.6756756756756772,8.10810810810812,3.7162162162162176,4.729729729729726,8.108108108108112
4033,FDP,900,19,0.0,0.0,4.800853485064011,0.0,0.0,6.813063063063061,5.921052631578952,0.9246088193456643,1.689189189189186,11.255334281650065,6.685633001422481,2.329302987197721,4.391891891891895,2.7027027027026946,8.108108108108105,10.472972972972968,7.0945945945945965,8.108108108108105
4682,DIE LINKE,900,19,0.0,0.0,1.7514224751066862,1.0,0.0,4.222972972972975,1.1379800853485094,2.916073968705547,0.17780938833571014,2.5960170697012828,2.507112375533424,1.1735419630156443,4.391891891891895,3.0405405405405332,5.405405405405411,6.756756756756758,3.0405405405405403,2.702702702702709
4582,CDU,900,19,1.0,0.0,3.1650071123755303,1.0,0.0,2.8153153153153134,0.6045519203413932,4.800853485064017,2.578236130867701,3.1294452347083777,1.7425320056899025,6.13442389758179,3.0405405405405332,1.3513513513513473,5.4054054054054035,2.0270270270270316,0.0,5.067567567567565
181,Die Grünen,900,19,1.0,0.0,7.402797534376479,1.0,1.0,0.9572072072072082,0.9601706970127921,6.561166429587473,4.480796586059739,3.307254623044102,20.021337126600272,9.086059743954493,1.0135135135135087,1.0135135135135158,1.0135135135135158,2.702702702702709,0.0,0.0
965,bunt.saar,900,19,0.0,0.0,5.384660976766241,0.0,0.0,2.0833333333333357,4.889758179231862,4.925320056899011,5.583214793741114,2.0625889046941666,7.539118065433861,7.307965860597427,0.3378378378378457,0.3378378378378386,2.0270270270270316,2.3648648648648702,3.0405405405405475,4.391891891891881
1902,FDP,900,19,1.0,1.0,3.6332385016595565,1.0,0.0,2.8716216216216233,1.2446657183499354,3.5384068278805074,3.1472261735419664,2.880512091038412,8.712660028449513,2.2759601706970045,5.743243243243228,3.378378378378379,4.391891891891902,1.01351351351353,1.013513513513523,1.6891891891891788
1795,bunt.saar,900,19,1.0,1.0,5.09423897581793,0.0,1.0,1.4639639639639614,3.2894736842105345,4.9075391180654435,4.978662873399728,2.560455192034155,8.481507823613093,6.347795163584628,0.0,0.6756756756756701,1.689189189189193,0.675675675675663,2.0270270270270316,3.7162162162162105
4129,FDP,900,19,0.0,1.0,6.910858226647701,1.0,1.0,3.6036036036036,5.689900426742533,4.676386913229017,6.7389758179231904,10.152916073968711,2.6493598862019923,11.557610241820761,4.391891891891888,3.0405405405405403,4.054054054054049,3.0405405405405332,3.7162162162162176,3.378378378378372
3209,bunt.saar,900,19,1.0,0.0,7.639876718824084,1.0,1.0,0.675675675675676,1.973684210526315,4.480796586059739,9.246088193456615,7.716927453769557,16.02062588904694,6.401137980085338,1.0135135135135087,1.0135135135135158,0.0,1.0135135135135158,1.0135135135135158,0.0
1526,bunt.saar,900,19,1.0,0.0,4.762328117591277,1.0,1.0,1.1261261261261275,1.3691322901849219,2.809388335704128,6.578947368421055,3.840682788051218,11.717638691322904,2.258179231863437,0.0,0.6756756756756772,1.689189189189193,1.689189189189186,1.0135135135135158,1.689189189189193
3472,FDP,900,19,1.0,1.0,2.9753437648174454,1.0,1.0,1.6328828828828843,3.271692745376953,4.2140825035561775,3.236130867709811,2.4537695590327075,2.4182076813655797,2.258179231863444,1.3513513513513544,1.689189189189186,1.689189189189186,2.0270270270270316,2.7027027027027017,0.3378378378378457
1712,FDP,900,19,1.0,0.0,4.246680891417735,1.0,0.0,1.9144144144144117,7.5213371266002795,1.475817923186355,2.400426742532005,2.9338549075391214,10.08179231863442,1.0668563300142253,0.3378378378378386,3.0405405405405332,0.3378378378378386,1.3513513513513473,4.054054054054049,2.364864864864863
1554,bunt.saar,900,19,1.0,1.0,4.371147463252725,1.0,1.0,1.9144144144144153,5.921052631578952,1.7247510668563208,5.547652916073957,0.7823613086771033,3.52062588904694,8.730440967283073,4.054054054054056,1.3513513513513686,1.3513513513513402,1.0135135135135158,1.0135135135135158,2.7027027027026946
1047,CDU,900,19,1.0,1.0,3.953295400663823,1.0,1.0,2.2522522522522537,3.769559032716927,0.7112375533428192,1.440256045519206,10.526315789473685,5.174253200568991,2.0981507823613086,3.0405405405405475,1.3513513513513473,2.364864864864863,1.689189189189193,3.7162162162162176,1.3513513513513544
3484,FDP,900,19,0.0,1.0,1.9766477003319132,1.0,1.0,1.0698198198198199,0.8357041251778128,3.02275960170698,1.0490753911806507,5.138691322901849,1.2980085348506378,0.5156472261735487,1.0135135135135158,0.6756756756756701,1.0135135135135158,0.0,2.364864864864863,1.3513513513513544
4196,CDU,900,19,1.0,1.0,4.827524893314365,0.0,1.0,4.842342342342342,6.561166429587473,1.831436699857747,2.6493598862019923,7.46799431009957,10.135135135135137,0.32005689900427114,1.689189189189193,4.729729729729726,5.405405405405411,3.378378378378379,8.108108108108105,5.743243243243242
1460,SPD,900,19,1.0,0.0,2.9694167852062634,1.0,1.0,1.970720720720724,3.591749644381224,2.7560455192034112,3.627311522048373,1.2446657183499354,0.053342816500716594,6.54338549075392,1.0135135135135087,3.7162162162162176,1.0135135135135158,1.3513513513513615,2.0270270270270316,2.702702702702709
5054,FDP,900,19,0.0,0.0,2.598980559506874,0.0,0.0,6.306306306306305,1.0846372688477999,5.049786628733997,0.9423897581792318,1.3513513513513473,4.320768136557611,2.8449502133712556,1.3513513513513473,9.45945945945946,5.405405405405396,3.0405405405405475,8.445945945945944,10.135135135135137
3010,SPD,900,19,0.0,0.0,7.959933617828354,0.0,1.0,3.0968468468468444,5.707681365576107,3.1827880512090942,15.611664295874824,4.107396870554766,14.366998577524889,4.783072546230443,4.391891891891888,2.702702702702709,4.054054054054049,0.3378378378378386,5.4054054054054035,1.6891891891891788
3608,FDP,900,19,0.0,1.0,4.602299668089139,0.0,1.0,3.4909909909909955,3.0405405405405332,4.320768136557611,3.8584637268847715,11.041963015647227,2.9694167852062634,2.3826458036984306,1.01351351351353,2.3648648648648702,3.7162162162162176,5.4054054054054035,3.0405405405405403,5.405405405405411
5034,DIE LINKE,900,19,0.0,0.0,5.405405405405403,0.0,0.0,3.4909909909909884,4.623044096728307,9.957325746799427,1.2446657183499283,1.3513513513513473,13.193456614509238,2.0625889046941666,6.081081081081081,1.0135135135135087,3.378378378378379,5.4054054054054035,3.7162162162162105,1.3513513513513473
347,FDP,900,19,1.0,1.0,3.9206970128022767,1.0,1.0,2.308558558558559,4.747510668563301,2.293741109530586,3.485064011379805,3.8229018492176436,7.112375533428157,2.0625889046941666,2.3648648648648702,2.0270270270270245,4.391891891891895,1.3513513513513544,3.0405405405405332,0.6756756756756772
4266,Die Grünen,900,19,0.0,0.0,6.344831673779044,0.0,0.0,2.252252252252253,1.0312944523470833,3.9295874822190555,6.970128022759603,2.773826458036986,13.442389758179239,9.921763869132299,3.0405405405405332,0.3378378378378315,2.0270270270270316,2.3648648648648702,2.3648648648648702,3.378378378378379
2471,bunt.saar,900,19,1.0,1.0,2.6137980085348502,1.0,1.0,1.1824324324324327,0.40896159317212266,1.262446657183503,2.6493598862019923,1.724751066856328,6.1877667140825,3.449502133712656,1.0135135135135087,2.3648648648648702,0.3378378378378386,2.364864864864863,0.3378378378378386,0.6756756756756772
462,FDP,900,19,1.0,1.0,4.261498340445706,1.0,1.0,1.7454954954954947,5.494310099573248,6.934566145092461,4.605263157894733,1.9559032716927476,4.551920341394016,2.0270270270270316,2.3648648648648702,0.6756756756756772,1.0135135135135087,3.0405405405405332,3.378378378378379,0.0
4631,bunt.saar,900,19,1.0,1.0,3.94736842105263,1.0,1.0,1.1824324324324351,4.605263157894733,3.022759601706973,7.592460881934571,1.902560455192031,4.8364153627311595,1.7247510668563137,0.3378378378378386,1.0135135135135016,2.0270270270270316,2.0270270270270316,0.6756756756756772,1.01351351351353
4519,FDP,900,19,1.0,1.0,5.011261261261262,1.0,1.0,8.051801801801805,0.7467994310099613,11.913229018492167,5.654338549075398,2.9694167852062634,1.475817923186355,7.307965860597427,8.108108108108112,7.432432432432428,8.78378378378379,8.108108108108112,4.7297297297297405,11.148648648648646
3160,FDP,900,19,1.0,1.0,6.445590327169274,1.0,0.0,4.954954954954954,3.2539118065433854,6.596728307254629,13.140113798008535,1.831436699857747,6.810099573257467,7.04125177809388,8.108108108108112,5.067567567567572,7.432432432432428,5.067567567567565,0.0,4.054054054054049
1636,bunt.saar,900,19,1.0,1.0,4.110360360360357,1.0,1.0,0.7319819819819801,0.9246088193456643,6.614509246088197,6.347795163584635,3.6095305832147915,0.32005689900425693,6.845661450924595,0.6756756756756772,0.6756756756756843,1.3513513513513402,0.0,0.3378378378378386,1.3513513513513402
3613,Die Grünen,900,19,0.0,0.0,5.360953058321477,0.0,0.0,2.3648648648648645,0.9068278805120897,2.115931721194869,6.276671408250358,5.156472261735409,8.197012802275957,9.512802275960176,3.0405405405405403,3.7162162162162176,2.0270270270270174,1.3513513513513473,0.6756756756756772,3.378378378378386
3021,FDP,900,19,0.0,1.0,2.5841631104789013,0.0,1.0,2.4211711711711703,0.2489331436700013,6.205547652916081,0.142247510668561,7.983641536273105,0.40896159317211556,0.5156472261735452,1.3513513513513402,5.405405405405411,1.689189189189186,2.0270270270270245,1.689189189189193,2.3648648648648667
4015,CDU,900,19,1.0,1.0,3.894025604551922,0.0,1.0,2.759009009009007,5.0497866287340045,4.302987197724036,0.17780938833571014,6.3122332859175,6.756756756756758,0.7645803698435216,2.0270270270270316,2.3648648648648702,4.729729729729726,1.0135135135135016,3.0405405405405403,3.378378378378372
1963,bunt.saar,900,19,1.0,1.0,2.702702702702696,1.0,0.0,2.5900900900900936,0.21337126600283796,5.032005689900423,0.17780938833570303,1.76031294452347,5.334281650071112,3.698435277382629,0.6756756756756701,0.6756756756756914,5.067567567567565,2.364864864864863,5.743243243243242,1.01351351351353
2377,SPD,900,19,0.0,0.0,5.055713608345189,1.0,1.0,1.2387387387387392,6.13442389758179,8.090327169274545,2.8982930298719793,0.17780938833571014,9.228307254623047,3.805120910384062,2.364864864864863,1.013513513513523,0.6756756756756701,1.0135135135135158,2.0270270270270245,0.3378378378378386
4709,CDU,900,19,1.0,0.0,5.829184447605505,0.0,1.0,1.2387387387387367,3.9651493598862118,5.849928876244675,3.165007112375541,7.414651493598868,9.370554765291615,5.209815078236119,2.364864864864863,0.3378378378378244,2.0270270270270316,1.689189189189193,0.3378378378378244,0.6756756756756843
3503,Die Grünen,900,19,1.0,0.0,3.8910621147463273,1.0,0.0,7.6013513513513535,1.2980085348506378,1.4224751066856385,8.712660028449513,8.32147937411095,0.3378378378378386,3.2539118065433854,6.418918918918919,4.054054054054049,11.82432432432433,0.6756756756756772,12.837837837837839,9.797297297297305
4008,SPD,900,19,0.0,1.0,5.547652916073971,0.0,1.0,4.898648648648652,4.87197724039828,7.539118065433861,5.992176386913229,6.258890469416791,7.112375533428171,1.51137980085349,5.4054054054054035,1.3513513513513473,4.391891891891902,7.432432432432435,2.0270270270270316,8.78378378378379
524,FDP,900,19,0.0,1.0,5.464675201517308,1.0,1.0,4.8986486486486465,2.0625889046941666,8.623755334281654,0.8001422475106708,8.641536273115221,0.10668563300141898,12.553342816500717,6.081081081081074,5.405405405405396,4.391891891891888,2.0270270270270316,3.7162162162162176,7.770270270270274
4091,bunt.saar,900,19,0.0,0.0,5.541725936462783,1.0,0.0,3.603603603603607,2.435988620199147,1.369132290184929,8.854907539118074,3.2894736842105345,9.619487908961581,7.681365576102436,4.054054054054056,1.689189189189193,1.3513513513513615,5.4054054054054035,5.4054054054054035,3.7162162162162247
400,Die Grünen,900,19,0.0,0.0,3.1650071123755317,0.0,1.0,1.689189189189187,1.5825035561877598,0.8357041251778057,6.276671408250358,0.46230440967283215,0.6756756756756772,9.157183499288756,0.3378378378378244,2.364864864864863,2.0270270270270245,0.0,4.729729729729726,0.6756756756756843
2280,FDP,900,19,1.0,0.0,3.3546704599336175,0.0,1.0,1.6328828828828807,4.658605974395449,3.2539118065433854,0.40896159317211556,5.032005689900423,5.672119487908965,1.1024182076813673,1.3513513513513402,3.0405405405405332,3.0405405405405403,0.3378378378378386,0.6756756756756772,1.3513513513513544
4127,CDU,900,19,0.0,0.0,4.033309625414886,1.0,0.0,3.209459459459461,5.8321479374110865,2.507112375533424,0.9068278805120897,5.067567567567565,9.246088193456615,0.6401137980085352,2.0270270270270316,2.364864864864856,4.729729729729733,2.702702702702709,3.0405405405405475,4.391891891891888
4695,Die Grünen,900,19,0.0,0.0,4.3474395448079655,0.0,0.0,3.3783783783783803,0.6578947368421098,0.3022759601707037,10.099573257468002,2.578236130867701,8.321479374110943,4.125177809388333,7.432432432432435,1.3513513513513615,6.081081081081095,3.0405405405405332,2.0270270270270174,0.3378378378378386
4510,FDP,900,19,1.0,1.0,6.487079184447606,1.0,1.0,1.6328828828828807,6.472261735419629,6.169985775248932,6.347795163584642,7.930298719772395,2.9694167852062634,9.032716927453777,0.6756756756756701,2.0270270270270245,1.689189189189186,1.013513513513523,3.7162162162162105,0.6756756756756701
15,CDU,900,19,1.0,1.0,5.509127548601229,1.0,0.0,3.322072072072068,2.951635846372696,3.662873399715501,11.219772403982923,10.472972972972968,0.4800853485063925,4.267425320056894,2.364864864864856,1.0135135135135087,7.432432432432428,0.0,5.4054054054054035,3.7162162162162105
1642,bunt.saar,900,19,1.0,1.0,2.38560929350403,1.0,1.0,2.7027027027027053,1.5291607396870575,2.951635846372696,3.022759601706973,2.0625889046941666,4.605263157894733,0.1422475106685539,3.0405405405405475,1.689189189189193,2.702702702702709,4.054054054054056,2.7027027027026946,2.0270270270270316
2673,Die Grünen,900,19,1.0,1.0,4.430417259364625,1.0,1.0,1.914414414414414,4.836415362731152,5.636557610241823,2.115931721194869,6.970128022759603,6.596728307254629,0.4267425320056759,2.7027027027026946,1.3513513513513402,0.6756756756756772,3.0405405405405475,1.689189189189193,2.0270270270270316
1255,bunt.saar,900,19,1.0,0.0,4.285206258890468,1.0,1.0,1.9144144144144188,3.8229018492176365,2.0625889046941523,4.320768136557618,1.546941678520625,9.886201991465143,4.071834992887631,1.0135135135135087,0.6756756756756914,2.702702702702709,2.7027027027027017,1.689189189189193,2.702702702702709
2672,bunt.saar,900,19,0.0,0.0,6.5967283072546214,0.0,0.0,3.040540540540544,3.1472261735419664,1.7780938833570303,9.103840682788054,4.551920341394016,13.104551920341393,7.894736842105267,0.6756756756756843,5.067567567567565,5.743243243243249,1.3513513513513473,3.7162162162162247,1.689189189189193
3791,bunt.saar,900,19,1.0,0.0,6.501896633475579,1.0,0.0,2.4211711711711743,4.19630156472261,8.232574679943106,9.210526315789465,5.778805120910384,9.246088193456615,2.3470839260312957,2.0270270270270316,2.3648648648648702,5.067567567567565,1.3513513513513544,3.378378378378379,0.3378378378378457
2844,bunt.saar,900,19,1.0,1.0,3.7428876244665723,1.0,1.0,1.4076576576576525,3.3605974395448044,3.1472261735419664,1.9025604551920452,5.103129445234707,6.241109530583216,2.7027027027026946,1.3513513513513473,1.0135135135135016,1.0135135135135016,0.3378378378378386,2.7027027027026946,2.0270270270270316
2228,bunt.saar,900,19,1.0,0.0,4.380037932669512,1.0,1.0,1.5202702702702677,5.796586059743952,0.46230440967282505,6.365576102418217,0.6934566145092376,8.78378378378379,4.17852062588905,0.0,2.0270270270270316,2.0270270270270174,2.364864864864863,0.6756756756756772,2.0270270270270174
722,bunt.saar,900,19,0.0,0.0,5.494310099573255,1.0,1.0,1.5765765765765742,3.698435277382643,0.10668563300143319,8.588193456614505,1.582503556187767,8.37482219061166,10.615220483641522,0.6756756756756772,1.0135135135135016,3.378378378378386,2.0270270270270245,0.3378378378378386,2.0270270270270174
597,bunt.saar,900,19,1.0,0.0,3.1472261735419615,1.0,1.0,2.984234234234234,5.778805120910384,4.60526315789474,1.5291607396870432,3.378378378378379,2.916073968705547,0.6756756756756772,2.0270270270270316,5.743243243243242,3.378378378378372,2.0270270270270316,4.391891891891888,0.3378378378378386
3500,CDU,900,19,1.0,0.0,8.036984352773827,1.0,0.0,2.083333333333332,5.28093883357041,9.210526315789465,10.348506401137975,3.2183499288762576,12.144381223328601,8.019203413940254,2.0270270270270245,2.7027027027026946,1.3513513513513473,0.6756756756756843,5.4054054054054035,0.3378378378378386
1076,FDP,900,19,1.0,1.0,4.237790422000946,1.0,1.0,1.6328828828828843,1.4580369843527734,1.3513513513513473,6.596728307254629,5.209815078236119,4.854196301564727,5.95661450924608,0.6756756756756772,2.3648648648648702,2.0270270270270245,0.3378378378378386,2.364864864864863,2.0270270270270316
332,SPD,900,19,1.0,0.0,5.40244191559981,1.0,0.0,2.4211711711711743,4.836415362731152,3.5028449502133725,6.223328591749642,1.1201991465149348,6.294452347083926,10.437411095305833,3.378378378378379,0.0,3.378378378378386,3.378378378378379,0.3378378378378457,4.054054054054056
3553,SPD,900,19,1.0,1.0,4.848269321953538,1.0,1.0,1.463963963963965,1.2446657183499354,2.6671408250355597,8.55263157894737,2.3293029871977353,7.023470839260327,7.2724039829302995,0.675675675675663,0.3378378378378457,2.0270270270270316,2.0270270270270387,1.0135135135135016,2.702702702702709
3655,FDP,900,19,1.0,1.0,5.8499288762446655,1.0,1.0,2.083333333333339,0.3911806543385552,0.6756756756756772,11.024182076813652,4.160739687055468,11.34423897581793,7.503556187766712,2.702702702702709,1.689189189189193,3.7162162162162176,1.3513513513513686,1.3513513513513544,1.6891891891891895
4165,FDP,900,19,1.0,1.0,3.3339260312944554,1.0,1.0,2.7027027027027017,3.5028449502133725,0.9423897581792389,3.449502133712656,3.485064011379805,6.276671408250365,2.3470839260312957,7.0945945945945965,0.3378378378378457,2.364864864864863,1.689189189189193,1.3513513513513402,3.378378378378372
2428,FDP,900,19,1.0,1.0,3.9206970128022753,1.0,1.0,2.6463963963963963,1.1024182076813602,5.174253200568991,2.880512091038412,5.2275960170697005,3.769559032716927,5.3698435277382615,4.054054054054049,4.054054054054056,3.0405405405405403,1.689189189189186,1.0135135135135158,2.0270270270270316
3869,SPD,900,19,0.0,0.0,6.41299193930773,1.0,0.0,1.4076576576576585,6.045519203413939,4.391891891891895,3.7873399715504945,9.317211948790899,12.126600284495026,2.809388335704128,2.0270270270270316,0.3378378378378315,0.0,0.6756756756756772,2.3648648648648702,3.0405405405405403
353,bunt.saar,900,19,1.0,1.0,4.261498340445709,1.0,1.0,7.6576576576576585,9.423897581792318,0.7112375533428192,2.1337126600284506,8.712660028449513,1.6714082503556114,2.916073968705547,9.121621621621621,5.067567567567565,6.756756756756758,13.175675675675684,4.729729729729726,7.0945945945945965
5046,Die Grünen,900,19,1.0,0.0,4.5963726884779526,1.0,0.0,4.448198198198196,2.080369843527741,2.3648648648648702,5.938833570412527,2.364864864864863,11.308677098150774,3.52062588904694,2.364864864864856,3.378378378378379,6.756756756756758,5.743243243243242,5.743243243243235,2.702702702702709
4561,FDP,900,19,1.0,1.0,3.6539829302987186,1.0,1.0,4.504504504504506,0.26671408250354744,0.5334281650071091,6.61450924608819,0.8357041251778128,6.312233285917493,7.361308677098158,4.054054054054063,1.3513513513513544,7.432432432432428,2.364864864864856,4.729729729729733,7.0945945945945965
2918,Die Grünen,900,19,1.0,0.0,6.024774774774773,1.0,1.0,1.4076576576576538,1.8136557610241795,1.0490753911806578,11.87766714082504,1.4224751066856243,11.486486486486484,8.499288762446653,0.3378378378378244,1.0135135135135016,2.0270270270270316,2.0270270270270316,2.0270270270270174,1.0135135135135158
916,FDP,900,19,1.0,0.0,4.620080606922714,1.0,1.0,1.0135135135135158,3.6806543385490826,7.876955903271693,0.8890469416785152,4.711948790896166,8.054765291607403,2.507112375533424,1.689189189189193,1.0135135135135158,0.6756756756756772,0.675675675675663,1.3513513513513615,0.6756756756756843
1568,bunt.saar,900,19,1.0,0.0,8.37778568041726,1.0,1.0,1.6328828828828783,1.2802275960170704,4.658605974395449,13.406827880512097,4.338549075391178,17.940967283072546,8.641536273115221,1.689189189189193,0.675675675675663,2.3648648648648702,0.3378378378378315,2.364864864864856,2.364864864864856
68,bunt.saar,900,19,1.0,1.0,6.629326695116166,1.0,1.0,1.8581081081081077,3.200568990042669,3.0405405405405332,6.8100995732574745,0.37339971550497353,17.81650071123756,8.534850640113788,1.0135135135135158,0.3378378378378386,3.7162162162162105,2.702702702702709,0.675675675675663,2.702702702702709
2906,Die Grünen,900,19,0.0,0.0,7.7880512091038385,0.0,0.0,4.166666666666665,4.302987197724036,2.400426742532005,12.820056899004271,8.07254623044097,16.002844950213372,3.1294452347083777,5.4054054054054035,6.418918918918912,3.0405405405405403,3.378378378378379,3.0405405405405403,3.7162162162162176
1237,DIE LINKE,900,19,0.0,0.0,2.569345661450926,0.0,1.0,3.6036036036036045,0.8357041251778057,3.2894736842105345,0.604551920341386,4.356330014224753,3.840682788051211,2.489331436699864,1.0135135135135158,0.6756756756756772,6.081081081081095,0.6756756756756701,7.094594594594589,6.081081081081081
698,DIE LINKE,900,19,0.0,0.0,3.766595542911331,0.0,0.0,2.6463963963963955,3.09388335704125,6.792318634423893,3.7517780938833525,3.09388335704125,3.5028449502133725,2.3648648648648702,8.108108108108098,0.0,0.6756756756756701,5.4054054054054035,1.6891891891892001,0.0
4978,FDP,900,19,0.0,0.0,5.283902323376007,1.0,0.0,1.5765765765765754,9.03271692745377,1.3157894736842124,0.7290184921763796,10.11735419630157,8.232574679943106,2.2759601706970045,1.689189189189193,4.054054054054056,0.675675675675663,0.3378378378378457,2.3648648648648702,0.3378378378378244
1348,FDP,900,19,0.0,1.0,2.270033191085826,1.0,1.0,2.702702702702703,2.2403982930298696,0.9423897581792389,0.6045519203413932,5.512091038406837,2.275960170697026,2.044807965860592,4.729729729729726,3.0405405405405332,1.689189189189193,2.0270270270270316,2.702702702702709,2.0270270270270245
1379,bunt.saar,900,19,1.0,0.0,5.9536510194404935,1.0,1.0,1.1824324324324327,4.463015647226179,2.9694167852062563,9.726173541963014,7.592460881934571,5.4054054054054035,5.565433854907539,2.7027027027027017,1.0135135135135087,0.6756756756756772,2.0270270270270316,0.3378378378378386,0.3378378378378386
1182,bunt.saar,900,19,1.0,1.0,4.145922238027502,1.0,1.0,1.85810810810811,6.347795163584642,5.369843527738269,0.6578947368421026,6.578947368421048,3.8940256045519206,2.0270270270270316,4.391891891891888,3.378378378378379,1.0135135135135087,0.6756756756756772,1.013513513513523,0.6756756756756843
4425,CDU,900,19,1.0,0.0,3.6184210526315788,1.0,1.0,1.5765765765765802,2.329302987197721,2.773826458036986,0.5156472261735487,3.5384068278805074,9.210526315789465,3.342816500711244,1.3513513513513615,2.3648648648648702,2.0270270270270316,1.689189189189193,1.689189189189186,0.3378378378378386
4042,bunt.saar,900,19,1.0,0.0,9.047534376481739,1.0,0.0,4.222972972972975,5.8321479374110865,1.7425320056898954,11.824324324324323,13.264580369843515,12.055476529160728,9.566145092460886,3.7162162162162176,0.0,4.391891891891888,6.418918918918919,5.4054054054054035,5.405405405405418
3188,FDP,900,19,1.0,1.0,4.0273826458037005,1.0,1.0,3.2657657657657633,5.4409672830725455,1.6714082503556256,1.653627311522051,3.769559032716927,0.01778093883356746,11.610953058321485,2.7027027027027017,4.391891891891881,4.054054054054056,2.0270270270270316,3.378378378378372,3.040540540540537
4417,FDP,900,19,1.0,1.0,4.3118776671408225,1.0,1.0,1.745495495495497,0.604551920341386,7.574679943100989,4.160739687055475,7.752489331436699,0.2844950213371291,5.494310099573255,2.702702702702709,2.3648648648648702,2.364864864864863,1.3513513513513544,1.3513513513513544,0.3378378378378315
175,FDP,900,19,1.0,0.0,6.410028449502136,0.0,0.0,4.27927927927928,1.9381223328591872,5.1031294452347,9.086059743954486,5.529871977240397,11.326458036984356,5.4765291607396875,5.405405405405411,2.702702702702709,4.729729729729726,4.729729729729726,3.7162162162162176,4.391891891891895
4655,FDP,900,19,1.0,0.0,5.586178283546702,1.0,0.0,3.265765765765766,7.734708392603125,3.520625889046933,6.632290184921764,1.4580369843527734,6.13442389758179,8.036984352773828,1.689189189189193,6.418918918918912,1.3513513513513544,4.054054054054056,2.364864864864863,3.7162162162162176
4189,SPD,900,19,1.0,0.0,3.8199383594120433,1.0,0.0,8.840090090090095,3.3250355618776624,4.943100995732571,3.307254623044095,3.52062588904694,4.836415362731152,2.987197724039838,4.391891891891895,11.486486486486491,11.82432432432433,2.3648648648648702,11.148648648648653,11.824324324324337
2219,Die Grünen,900,19,1.0,0.0,5.7876955903271705,1.0,1.0,1.3513513513513484,2.9338549075391214,0.7112375533428192,9.17496443812233,3.413940256045521,10.348506401137975,8.143669985775254,1.689189189189186,1.0135135135135016,0.0,2.3648648648648702,2.0270270270270316,1.0135135135135016
3344,FDP,900,19,1.0,1.0,2.018136557610242,1.0,1.0,3.2657657657657673,1.724751066856328,4.12517780938834,1.2624466571834958,0.9957325746799413,1.0490753911806578,2.951635846372689,2.0270270270270316,0.3378378378378457,3.378378378378372,5.743243243243242,4.054054054054056,4.054054054054056
2364,Die Grünen,900,19,0.0,1.0,3.1857515410146937,0.0,1.0,1.6328828828828807,1.1735419630156443,2.258179231863437,5.103129445234707,2.187055476529153,7.23684210526315,1.1557610241820697,1.689189189189186,3.7162162162162105,0.3378378378378386,0.6756756756756772,1.689189189189193,1.6891891891891788
4651,Die Grünen,900,19,1.0,1.0,6.445590327169271,1.0,1.0,1.1824324324324316,1.2980085348506378,2.9338549075391214,8.32147937411095,6.881223328591744,8.641536273115221,10.597439544807955,1.3513513513513544,1.0135135135135087,1.3513513513513544,1.6891891891891788,1.3513513513513544,0.3378378378378386
3514,FDP,900,19,1.0,1.0,4.67045993361783,1.0,1.0,1.6328828828828794,5.583214793741114,6.596728307254629,1.013513513513523,9.17496443812233,1.0490753911806507,4.605263157894733,1.689189189189186,0.3378378378378386,2.364864864864856,1.3513513513513402,0.6756756756756772,3.378378378378379
3324,bunt.saar,900,19,1.0,0.0,6.6115457562826,1.0,1.0,1.1824324324324351,3.9651493598862118,4.943100995732571,9.77951635846373,1.2446657183499283,11.69985775248933,8.036984352773828,0.3378378378378386,0.0,2.0270270270270316,0.0,2.0270270270270316,2.702702702702709
1042,bunt.saar,900,19,1.0,1.0,3.4643195827406372,1.0,1.0,0.6193693693693731,1.013513513513523,3.6450924608819264,4.658605974395456,2.222617354196302,6.1877667140825,3.058321479374115,0.3378378378378457,1.689189189189186,0.3378378378378386,0.3378378378378386,0.3378378378378386,0.6756756756756914
1185,bunt.saar,900,19,0.0,1.0,5.701754385964914,1.0,1.0,1.8018018018018012,3.09388335704125,8.534850640113788,1.9025604551920452,3.413940256045521,11.682076813655769,5.5832147937411065,1.689189189189186,0.3378378378378386,3.7162162162162105,2.0270270270270245,0.6756756756756772,2.3648648648648702
4281,SPD,900,19,1.0,0.0,9.112731152204836,0.0,0.0,6.813063063063062,9.77951635846373,9.40611664295875,10.810810810810814,0.8890469416785152,14.366998577524889,9.423897581792318,3.378378378378379,3.378378378378379,8.783783783783782,4.391891891891888,14.527027027027025,6.418918918918919
5137,FDP,900,19,0.0,1.0,3.532479848269323,0.0,1.0,0.5067567567567567,2.258179231863444,4.498577524893314,2.6671408250355597,5.565433854907539,5.618776671408241,0.5867709815078399,1.3513513513513473,0.6756756756756701,0.0,1.013513513513523,0.0,0.0
3830,bunt.saar,900,19,0.0,1.0,3.8080844001896614,0.0,1.0,2.4774774774774833,4.000711237553347,1.6002844950213415,4.480796586059739,1.7069701280227676,6.241109530583209,4.818634423897564,0.3378378378378386,2.702702702702709,2.364864864864856,3.0405405405405475,4.7297297297297405,1.6891891891892072
5089,bunt.saar,900,19,1.0,0.0,5.9536510194404935,1.0,1.0,1.4076576576576596,5.5476529160739645,4.107396870554766,6.578947368421055,3.129445234708392,11.69985775248933,4.658605974395456,1.689189189189193,1.3513513513513544,0.6756756756756772,4.054054054054056,0.3378378378378386,0.3378378378378386
1054,bunt.saar,900,19,1.0,0.0,4.30298719772404,1.0,1.0,3.2094594594594597,1.7425320056899025,2.400426742531998,4.338549075391185,2.151493598862025,11.77098150782362,3.4139402560455068,2.0270270270270245,2.0270270270270174,2.3648648648648702,4.054054054054056,4.391891891891902,4.391891891891888
4663,FDP,900,19,0.0,1.0,2.441915599810335,1.0,1.0,0.675675675675676,1.7247510668563208,3.058321479374115,2.4537695590327147,5.387624466571829,0.8534850640113874,1.1735419630156443,0.3378378378378386,0.3378378378378386,0.6756756756756772,0.3378378378378386,0.3378378378378315,2.0270270270270316
4966,bunt.saar,900,19,1.0,0.0,4.91050260787103,1.0,1.0,1.5202702702702677,5.28093883357041,6.881223328591759,2.86273115220483,4.054054054054056,9.761735419630156,0.6223328591749677,2.0270270270270245,1.689189189189186,0.6756756756756772,0.6756756756756701,1.689189189189186,2.364864864864863
2161,bunt.saar,900,19,1.0,1.0,4.999407302038886,1.0,1.0,1.970720720720723,5.88549075391181,4.356330014224746,4.30298719772405,2.3293029871977353,7.0945945945945965,6.027738264580378,0.6756756756756843,2.0270270270270316,3.0405405405405475,0.6756756756756843,3.378378378378372,2.0270270270270174
3560,FDP,900,19,0.0,1.0,2.0033191085822692,0.0,1.0,3.2094594594594597,0.9779516358463738,0.8001422475106708,2.951635846372696,4.338549075391185,2.293741109530579,0.6578947368421098,2.364864864864856,5.405405405405411,3.7162162162162176,1.689189189189193,3.0405405405405403,3.0405405405405403
1206,FDP,900,19,1.0,1.0,3.3694879089615903,1.0,1.0,2.2522522522522515,2.8449502133712556,0.5867709815078399,2.3826458036984306,5.4409672830725455,4.551920341394016,4.409672830725455,4.054054054054056,3.7162162162162176,2.364864864864863,1.3513513513513402,0.3378378378378457,1.689189189189186
4511,bunt.saar,900,19,1.0,0.0,4.990516832622098,0.0,1.0,1.7454954954954947,8.819345661450917,0.2489331436699942,5.0497866287340045,4.463015647226179,11.006401137980085,0.35561877667140607,2.364864864864856,3.7162162162162176,0.6756756756756772,1.3513513513513544,2.364864864864863,0.0
270,bunt.saar,900,19,0.0,0.0,7.5302275960170695,0.0,0.0,6.475225225225227,0.7112375533428192,5.529871977240397,10.953058321479375,3.200568990042669,15.611664295874817,9.174964438122338,4.391891891891902,1.3513513513513473,7.770270270270267,5.067567567567572,9.45945945945946,10.810810810810814
1037,bunt.saar,900,19,1.0,1.0,3.6036036036036023,1.0,1.0,3.0968468468468515,7.432432432432435,2.1692745376955855,4.409672830725462,1.0312944523470833,4.374110953058313,2.2048364153627347,2.702702702702709,4.391891891891902,2.3648648648648702,2.702702702702709,3.0405405405405332,3.378378378378386
3872,CDU,900,19,1.0,0.0,1.496562351825504,1.0,1.0,5.123873873873877,1.0135135135135087,4.018492176386907,0.6934566145092376,0.426742532005683,1.9203413940255984,0.9068278805120897,0.0,5.405405405405411,8.445945945945944,1.013513513513523,8.10810810810812,7.770270270270267
1174,Die Grünen,900,19,0.0,0.0,6.03366524419156,1.0,0.0,1.970720720720718,1.902560455192038,4.569701280227605,8.321479374110943,1.0668563300142253,13.851351351351347,6.490042674253203,1.3513513513513473,0.3378378378378386,2.364864864864863,3.7162162162162176,3.0405405405405332,1.0135135135135087
585,bunt.saar,900,19,1.0,0.0,9.180891417733529,1.0,1.0,5.461711711711712,4.036273115220489,9.246088193456615,12.411095305832163,4.569701280227605,15.327169274537702,9.495021337126595,1.689189189189186,3.0405405405405332,8.445945945945951,5.405405405405411,8.108108108108112,6.081081081081081
3100,bunt.saar,900,19,0.0,0.0,4.5222854433380775,0.0,0.0,2.7027027027027017,3.876244665718353,3.165007112375541,1.653627311522051,2.0270270270270316,7.805832147937409,8.60597439544808,1.3513513513513615,2.7027027027026946,5.067567567567565,2.7027027027026946,4.054054054054056,0.3378378378378386
4439,FDP,900,19,1.0,0.0,6.232219061166429,1.0,0.0,3.997747747747747,8.748221906116648,9.352773826458034,0.6934566145092447,3.662873399715508,11.877667140825032,3.058321479374108,0.6756756756756772,1.0135135135135087,5.067567567567565,3.0405405405405403,6.418918918918926,7.770270270270267
655,DIE LINKE,900,19,0.0,1.0,1.5202702702702677,0.0,1.0,3.2657657657657686,0.1422475106685539,1.2091038406827934,0.01778093883356746,3.09388335704125,3.982930298719765,0.6756756756756772,4.391891891891895,1.3513513513513615,1.3513513513513544,4.729729729729726,3.7162162162162176,4.054054054054056
1688,Die Grünen,900,19,0.0,0.0,8.134779516358462,0.0,0.0,3.6036036036036045,0.2844950213371291,7.3790896159317185,12.837837837837839,3.413940256045514,11.16642958748222,13.726884779516354,7.432432432432435,3.0405405405405403,4.054054054054056,1.3513513513513473,1.689189189189193,4.054054054054056
4745,FDP,900,19,1.0,1.0,2.5841631104788974,1.0,1.0,1.1824324324324376,0.0889046941678373,1.4935988620199083,2.293741109530586,3.8584637268847786,7.290184921763874,0.4800853485063996,2.702702702702709,0.0,0.3378378378378386,0.6756756756756914,0.3378378378378457,3.0405405405405403
4102,bunt.saar,900,19,1.0,0.0,7.512446657183497,1.0,1.0,2.1396396396396375,4.960881934566139,7.965860597439544,5.778805120910384,0.5512091038406837,15.931721194879088,9.886201991465143,2.364864864864856,3.0405405405405332,0.0,1.0135135135135087,4.391891891891895,2.0270270270270316
2740,CDU,900,19,0.0,0.0,2.3026315789473712,0.0,1.0,1.5202702702702666,4.302987197724043,4.463015647226179,1.1735419630156443,1.618065433854909,2.1337126600284577,0.12446657183499354,1.3513513513513615,2.364864864864863,0.3378378378378386,3.7162162162162033,0.3378378378378244,1.0135135135135087
3942,FDP,900,19,0.0,1.0,2.6493598862019923,0.0,0.0,3.6036036036036045,1.511379800853483,4.37411095305832,0.5156472261735487,3.591749644381224,4.338549075391185,1.5647226173541924,4.054054054054056,6.081081081081088,4.729729729729726,1.689189189189186,3.7162162162162176,1.3513513513513544
4910,Die Grünen,900,19,0.0,0.0,7.130156472261735,1.0,0.0,1.7454954954954947,5.280938833570417,2.5426742532005733,6.703413940256041,4.729729729729726,10.188477951635846,13.335704125177806,2.702702702702709,4.054054054054056,0.3378378378378244,0.3378378378378386,0.3378378378378386,2.7027027027027017
2182,FDP,900,19,1.0,1.0,5.177216690374582,1.0,1.0,6.813063063063059,0.37339971550497353,2.5248933143669916,12.0199146514936,0.32005689900426404,4.960881934566139,10.864153627311524,7.0945945945945965,2.364864864864856,10.810810810810807,5.4054054054054035,5.067567567567558,10.135135135135137
1065,bunt.saar,900,19,1.0,0.0,3.1235182550972027,1.0,0.0,1.8581081081081028,0.3911806543385552,1.4758179231863409,9.370554765291615,0.40896159317211556,7.02347083926032,0.07112375533426984,2.7027027027026946,0.3378378378378386,1.3513513513513544,4.391891891891888,0.675675675675663,1.6891891891891788
571,CDU,900,19,1.0,0.0,3.274656235182551,0.0,0.0,2.0833333333333357,4.640825035561882,0.12446657183499354,2.8449502133712556,2.7560455192034112,3.4317211948790884,5.849928876244675,2.7027027027026946,4.729729729729726,0.6756756756756772,1.3513513513513615,1.3513513513513544,1.6891891891892001
2422,bunt.saar,900,19,1.0,1.0,2.5811996206733063,1.0,1.0,1.238738738738738,2.3470839260312957,5.014224751066848,0.8890469416785294,0.7467994310099542,6.383357041251777,0.10668563300143319,0.6756756756756843,0.3378378378378386,2.7027027027026946,1.3513513513513544,0.0,2.364864864864856
4547,SPD,900,19,0.0,1.0,5.429113323850164,1.0,1.0,2.0833333333333335,2.115931721194869,4.391891891891895,7.46799431009957,6.383357041251777,5.5476529160739645,6.667852062588906,4.391891891891895,2.364864864864863,0.0,2.702702702702709,2.7027027027026946,0.3378378378378386
3358,SPD,900,19,0.0,0.0,3.5798956851588386,0.0,0.0,2.0833333333333357,1.5825035561877598,0.46230440967282505,9.352773826458034,1.5647226173541924,6.116642958748223,2.400426742531998,3.7162162162162176,0.6756756756756772,0.3378378378378386,2.364864864864863,0.0,5.405405405405418
3576,FDP,900,19,0.0,0.0,2.9101469890943554,1.0,0.0,1.5202702702702737,1.8136557610241795,3.1294452347083777,1.8492176386913215,6.454480796586061,3.769559032716927,0.4445234708392647,1.689189189189193,1.013513513513523,0.6756756756756772,5.067567567567565,0.3378378378378457,0.3378378378378386
4710,bunt.saar,900,19,1.0,0.0,5.829184447605502,1.0,0.0,2.2522522522522563,5.03200568990043,0.7467994310099471,10.384068278805131,0.142247510668561,9.726173541963014,8.943812233285925,1.0135135135135087,1.01351351351353,1.689189189189193,3.0405405405405475,2.7027027027026946,4.054054054054063
3496,CDU,900,19,1.0,1.0,2.50711237553343,0.0,1.0,3.2094594594594583,3.058321479374108,3.2894736842105345,1.973684210526315,3.627311522048373,3.0761024182076824,0.01778093883356746,0.0,3.7162162162162176,4.054054054054049,4.391891891891888,4.391891891891895,2.7027027027027017
3153,CDU,900,19,0.0,1.0,5.277975343764818,1.0,1.0,1.745495495495496,0.3911806543385552,6.169985775248925,7.46799431009957,4.267425320056901,6.027738264580371,7.343527738264584,2.0270270270270316,1.3513513513513544,2.3648648648648702,3.0405405405405332,0.6756756756756701,1.0135135135135158
71,bunt.saar,900,19,1.0,0.0,2.8508771929824555,1.0,1.0,2.0833333333333344,0.37339971550497353,1.4046941678520568,0.9423897581792318,5.1564722617354235,7.3790896159317185,1.8492176386913286,1.0135135135135087,1.3513513513513544,2.3648648648648702,0.0,4.391891891891902,3.378378378378372
2684,bunt.saar,900,19,1.0,0.0,6.442626837363679,1.0,0.0,2.195945945945946,2.329302987197721,4.018492176386907,7.716927453769557,3.0761024182076824,10.9352773826458,10.579658605974402,2.0270270270270316,2.0270270270270316,2.0270270270270316,1.0135135135135158,1.0135135135135016,5.067567567567565
31,FDP,900,19,1.0,1.0,6.47226173541963,1.0,1.0,0.9009009009009018,6.578947368421048,7.3079658605974345,4.658605974395456,9.352773826458034,2.916073968705547,8.01920341394026,1.3513513513513473,0.3378378378378386,0.6756756756756843,0.3378378378378386,2.364864864864863,0.3378378378378386
2986,CDU,900,19,1.0,0.0,4.682313892840209,1.0,0.0,3.4909909909909884,6.738975817923183,5.138691322901856,1.2091038406827934,5.95661450924608,5.4054054054054035,3.6450924608819335,4.054054054054049,1.689189189189186,6.418918918918912,3.0405405405405332,2.0270270270270316,3.7162162162162176
4257,FDP,900,19,1.0,1.0,3.274656235182553,1.0,1.0,2.702702702702704,3.627311522048373,6.54338549075392,2.115931721194876,3.2183499288762505,1.9559032716927476,2.187055476529153,3.0405405405405332,3.378378378378386,3.378378378378379,0.6756756756756772,2.7027027027027017,3.0405405405405475
1844,FDP,900,19,0.0,1.0,5.1712897107633955,1.0,1.0,1.5202702702702702,7.290184921763881,0.3911806543385552,1.9914651493598896,9.939544807965845,8.659317211948782,2.7560455192034183,1.689189189189193,2.364864864864856,1.689189189189186,0.6756756756756772,1.0135135135135158,1.689189189189193
1736,bunt.saar,900,19,1.0,1.0,4.145922238027505,1.0,1.0,1.1261261261261286,0.3556187766714132,2.2226173541963163,5.1209103840682815,5.600995732574681,6.365576102418217,5.209815078236119,7.105427357601002e-15,1.01351351351353,2.0270270270270316,2.7027027027027017,0.0,1.0135135135135016
3694,SPD,900,19,0.0,0.0,6.979018492176389,0.0,1.0,1.9144144144144128,6.116642958748223,7.734708392603125,9.886201991465143,5.423186344238985,8.001422475106693,4.711948790896166,2.702702702702709,3.378378378378393,0.3378378378378315,1.689189189189186,0.675675675675663,2.7027027027026946
1629,DIE LINKE,900,19,1.0,1.0,2.3411569464201065,1.0,0.0,1.85810810810811,2.3470839260312957,4.231863442389766,1.8136557610241795,1.760312944523477,2.7204836415362763,1.1735419630156443,5.405405405405411,0.6756756756756772,1.3513513513513473,1.689189189189193,1.3513513513513473,0.6756756756756843
4797,bunt.saar,900,19,0.0,0.0,5.037932669511615,0.0,1.0,1.3513513513513498,1.0846372688477999,3.9295874822190555,7.699146514935983,3.413940256045514,4.409672830725462,9.690611664295872,0.0,0.6756756756756772,1.0135135135135158,4.391891891891888,0.6756756756756772,1.3513513513513402
343,Die Grünen,900,19,0.0,0.0,3.8732811759127537,0.0,0.0,1.6891891891891906,4.071834992887624,0.8357041251778057,2.8271692745377024,7.734708392603125,3.805120910384062,3.9651493598862046,5.067567567567579,2.7027027027027017,0.0,1.3513513513513473,0.3378378378378386,0.6756756756756772
4110,CDU,900,19,1.0,0.0,2.0833333333333335,1.0,1.0,2.4211711711711708,0.17780938833571014,0.9423897581792318,0.5689900426742511,0.35561877667140607,8.392603129445234,2.0625889046941666,0.6756756756756701,3.0405405405405403,2.364864864864863,2.0270270270270316,3.0405405405405403,3.378378378378379
395,CDU,900,19,1.0,0.0,1.392840208629682,1.0,0.0,3.2094594594594597,0.12446657183498644,1.9559032716927476,1.3335704125177799,3.6806543385490826,0.6045519203413932,0.6578947368421026,1.3513513513513544,5.743243243243242,4.054054054054056,0.3378378378378386,5.067567567567572,2.7027027027026946
2165,DIE LINKE,900,19,1.0,1.0,1.9114509246088183,0.0,1.0,2.7590090090090116,2.4182076813655797,0.7645803698435287,0.9246088193456643,0.16002844950213557,5.156472261735409,2.044807965860592,3.0405405405405403,2.0270270270270316,5.067567567567565,1.0135135135135087,4.054054054054056,1.3513513513513686
475,SPD,900,19,0.0,1.0,4.626007586533898,0.0,1.0,2.6463963963964,0.26671408250354744,2.4537695590327075,14.43812233285918,0.284495021337122,4.765291607396868,5.5476529160739645,2.3648648648648702,2.0270270270270316,5.405405405405411,0.3378378378378457,4.391891891891888,1.3513513513513544
746,FDP,900,19,1.0,1.0,3.4702465623518286,1.0,1.0,3.6599099099099135,5.707681365576107,1.902560455192038,8.214793741109531,2.275960170697026,2.0270270270270316,0.6934566145092376,4.391891891891895,2.3648648648648702,6.081081081081081,3.0405405405405546,6.081081081081081,0.0
1121,bunt.saar,900,19,1.0,0.0,5.3135372214319565,1.0,1.0,1.9144144144144164,1.191322901849226,3.627311522048373,8.37482219061166,4.089615931721191,12.926742532005676,1.6714082503556114,2.0270270270270316,1.0135135135135158,4.391891891891888,0.3378378378378386,0.3378378378378386,3.378378378378386
5183,Die Grünen,900,19,1.0,0.0,3.902916073968703,1.0,1.0,3.434684684684689,3.6095305832147915,0.03556187766713492,4.160739687055468,3.8584637268847786,7.02347083926032,4.729729729729726,5.4054054054054035,0.6756756756756843,4.7297297297297405,0.0,4.729729729729726,5.067567567567579
2176,FDP,900,19,1.0,0.0,5.328354670459935,1.0,1.0,2.3648648648648667,0.8357041251778057,6.685633001422481,3.69843527738265,1.2091038406827934,15.344950213371263,4.196301564722617,4.054054054054056,0.3378378378378386,1.689189189189193,6.418918918918926,1.0135135135135087,0.6756756756756772
1166,CDU,900,19,1.0,0.0,2.7086296823138967,1.0,0.0,3.2657657657657637,2.880512091038412,4.498577524893314,1.724751066856328,0.4445234708392647,5.423186344238985,1.2802275960170775,3.7162162162162176,1.689189189189186,1.689189189189186,6.418918918918919,1.689189189189186,4.391891891891888
4333,CDU,900,19,0.0,1.0,1.3483878615457574,0.0,0.0,2.0270270270270268,1.3335704125177799,0.0,0.2844950213371291,1.0668563300142253,2.0981507823613086,3.307254623044102,0.3378378378378386,0.3378378378378386,2.0270270270270245,3.378378378378372,3.0405405405405403,3.0405405405405475
3291,Die Grünen,900,19,1.0,1.0,7.159791370317687,1.0,1.0,2.2522522522522515,0.8001422475106708,8.854907539118074,7.645803698435273,0.10668563300141898,15.362731152204837,10.188477951635846,1.689189189189193,1.0135135135135087,4.054054054054049,0.0,3.7162162162162247,3.0405405405405332
2173,CDU,900,19,0.0,1.0,1.3602418207681346,0.0,0.0,4.89864864864865,1.6358463726884764,0.9246088193456643,2.187055476529153,1.9559032716927405,1.4224751066856385,0.03556187766713492,0.3378378378378386,4.391891891891902,8.445945945945944,3.378378378378379,8.445945945945958,4.391891891891881
211,DIE LINKE,900,19,0.0,1.0,1.7869843527738236,1.0,1.0,3.4346846846846866,1.1379800853485094,2.578236130867701,0.5512091038406766,1.4580369843527734,3.5028449502133725,1.4935988620199083,3.378378378378379,1.689189189189193,3.7162162162162176,2.364864864864863,6.756756756756765,2.7027027027027017
1132,bunt.saar,900,19,1.0,1.0,6.140350877192983,1.0,1.0,1.0135135135135147,1.8136557610241866,3.165007112375534,10.25960170697013,1.0490753911806507,11.059743954480808,9.495021337126587,1.3513513513513473,0.6756756756756772,1.0135135135135158,1.0135135135135158,1.3513513513513544,0.6756756756756772
1000,Die Grünen,900,19,1.0,0.0,6.332977714556662,1.0,1.0,1.0135135135135134,4.071834992887624,0.23115220483641252,8.392603129445234,4.783072546230443,10.91749644381224,9.60170697012802,0.6756756756756772,0.3378378378378386,0.6756756756756772,1.0135135135135158,0.3378378378378244,3.0405405405405475
269,SPD,900,19,0.0,0.0,6.614509246088194,0.0,0.0,1.689189189189193,11.379800853485065,6.169985775248925,0.8179231863442382,5.138691322901856,9.797297297297305,6.383357041251777,1.013513513513523,0.3378378378378457,0.6756756756756843,0.6756756756756701,3.7162162162162176,3.7162162162162176
2985,Die Grünen,900,19,1.0,0.0,8.840090090090087,1.0,1.0,4.166666666666664,4.17852062588905,6.561166429587473,9.014935988620195,5.3698435277382615,16.429587482219056,11.486486486486484,3.0405405405405403,2.7027027027027017,6.756756756756758,3.0405405405405332,5.743243243243242,3.7162162162162105
2717,FDP,900,19,0.0,1.0,3.5561877667140784,1.0,1.0,4.110360360360363,1.3513513513513473,0.32005689900426404,4.854196301564727,7.307965860597427,2.2759601706970045,5.2275960170697005,5.067567567567558,2.7027027027027017,4.054054054054056,2.702702702702709,5.743243243243256,4.391891891891895
5083,CDU,900,19,0.0,1.0,3.197605500237079,1.0,1.0,2.3648648648648645,7.165718349928888,0.6934566145092447,0.5689900426742511,1.2268847795163538,6.169985775248932,3.3605974395448044,4.391891891891888,3.0405405405405475,1.3513513513513473,1.0135135135135087,1.3513513513513544,3.0405405405405403
2475,CDU,900,19,0.0,1.0,3.21538643907065,0.0,0.0,1.5765765765765767,2.329302987197721,3.627311522048373,0.6756756756756772,4.87197724039828,4.836415362731152,2.951635846372696,0.0,0.6756756756756772,2.0270270270270174,3.7162162162162176,2.0270270270270316,1.0135135135135158
3552,SPD,900,19,0.0,0.0,5.307610241820772,0.0,0.0,1.9144144144144104,8.481507823613093,6.098862019914655,1.262446657183503,4.729729729729726,8.854907539118074,2.4182076813655797,0.675675675675663,0.0,0.675675675675663,4.391891891891895,4.729729729729733,1.0135135135135087
3863,FDP,900,19,1.0,0.0,7.96289710763395,1.0,0.0,11.655405405405405,3.2539118065433854,9.28165007112375,9.63726884779517,2.773826458036986,13.60241820768136,9.228307254623047,10.472972972972975,10.472972972972975,15.54054054054054,5.743243243243242,13.513513513513516,14.189189189189186
1681,CDU,900,19,0.0,0.0,2.151493598862023,1.0,1.0,2.6463963963963906,1.4224751066856385,4.267425320056894,1.653627311522051,1.226884779516368,0.7112375533428192,3.627311522048366,1.3513513513513402,1.689189189189186,4.729729729729733,1.0135135135135016,6.418918918918912,0.6756756756756701
2633,Die Grünen,900,19,1.0,1.0,6.309269796111903,1.0,1.0,1.1824324324324327,4.516358463726888,9.77951635846373,1.7069701280227676,4.605263157894733,4.249644381223341,12.99786628733996,0.3378378378378386,0.6756756756756772,2.364864864864856,0.3378378378378386,3.0405405405405403,0.3378378378378457
5210,Die Grünen,900,19,0.0,0.0,5.980322427690848,0.0,1.0,2.08333333333333,4.107396870554773,5.6899004267425255,7.2012802275960155,3.058321479374108,11.628733997155052,4.196301564722617,2.3648648648648702,2.0270270270270174,1.0135135135135158,2.0270270270270245,1.0135135135135016,4.054054054054049
2800,FDP,900,19,1.0,1.0,3.671763869132286,1.0,1.0,1.5765765765765813,7.912517780938828,5.156472261735409,0.2844950213371291,0.7467994310099471,6.61450924608819,1.3157894736842124,1.0135135135135158,1.689189189189186,2.0270270270270316,0.6756756756756914,2.0270270270270316,2.0270270270270316
4795,bunt.saar,900,19,1.0,1.0,3.736960644855383,1.0,1.0,3.6036036036036037,5.992176386913222,1.5469416785206391,3.7162162162162105,2.3115220483641536,5.565433854907539,3.2894736842105345,1.3513513513513473,2.702702702702709,4.729729729729726,3.7162162162162176,4.729729729729719,4.391891891891902
387,FDP,900,19,1.0,0.0,2.821242294926506,1.0,1.0,0.3941441441441486,1.618065433854916,0.6045519203413932,1.5291607396870575,3.8229018492176436,6.418918918918919,2.933854907539107,1.013513513513523,0.3378378378378457,0.0,0.3378378378378386,0.0,0.6756756756756843
1814,FDP,900,19,1.0,1.0,5.180180180180181,1.0,1.0,1.689189189189186,1.475817923186355,5.2275960170697005,5.476529160739684,9.726173541963014,4.943100995732571,4.231863442389759,1.0135135135135087,2.0270270270270245,2.027027027027028,1.0135135135135016,2.0270270270270245,2.027027027027028
2567,Die Grünen,900,19,0.0,0.0,6.004030346135611,1.0,0.0,5.067567567567569,1.0490753911806578,3.307254623044095,10.099573257468002,1.511379800853483,12.962304409672832,7.0945945945945965,3.0405405405405475,2.0270270270270245,7.0945945945945965,4.054054054054056,8.108108108108105,6.081081081081088
2634,bunt.saar,900,19,0.0,1.0,3.230203888098629,0.0,1.0,2.5337837837837838,5.209815078236119,2.3648648648648702,1.9559032716927476,2.8271692745377024,3.627311522048373,3.3961593172119606,0.675675675675663,1.3513513513513615,1.3513513513513544,1.3513513513513473,5.4054054054054035,5.067567567567572
3875,FDP,900,19,1.0,1.0,5.832147937411096,1.0,0.0,3.828828828828828,3.876244665718353,7.556899004267429,4.036273115220489,3.022759601706973,7.21906116642959,9.281650071123742,5.067567567567565,1.3513513513513473,3.0405405405405403,6.4189189189189335,2.0270270270270245,5.067567567567558
2139,FDP,900,19,1.0,0.0,4.065908013276433,1.0,1.0,2.533783783783783,1.4580369843527734,1.6002844950213415,6.472261735419632,3.4139402560455068,6.899004267425319,4.551920341394023,4.054054054054056,1.0135135135135087,0.6756756756756772,3.0405405405405332,2.3648648648648702,4.054054054054053
2117,DIE LINKE,900,19,1.0,1.0,8.06661925082978,0.0,1.0,2.083333333333331,5.352062588904694,5.974395448079662,7.290184921763881,2.9694167852062634,14.598150782361301,12.215504978662878,1.689189189189186,3.0405405405405403,1.0135135135135016,3.0405405405405403,0.6756756756756772,3.0405405405405403
3406,FDP,900,19,1.0,1.0,3.4376481744902834,1.0,1.0,0.9009009009009041,5.600995732574688,3.840682788051218,0.8890469416785152,3.307254623044102,1.1024182076813673,5.88549075391181,1.689189189189193,0.3378378378378457,0.3378378378378386,0.6756756756756772,1.3513513513513544,1.0135135135135158
25,bunt.saar,900,19,1.0,1.0,6.884186818397345,1.0,1.0,2.7027027027027053,1.2802275960170704,7.254623044096725,9.441678520625892,5.138691322901842,9.726173541963014,8.463726884779526,3.378378378378379,0.3378378378378386,4.054054054054063,4.054054054054049,2.0270270270270316,2.3648648648648702
5139,Die Grünen,900,19,1.0,1.0,6.152204836415364,1.0,1.0,1.8581081081081088,1.2446657183499283,5.494310099573248,10.668563300142253,0.12446657183500065,9.77951635846373,9.60170697012802,1.689189189189186,1.013513513513523,4.054054054054049,0.6756756756756701,1.689189189189193,2.0270270270270316
2662,bunt.saar,900,19,1.0,1.0,5.861782835467047,1.0,1.0,2.4774774774774784,1.76031294452347,1.4758179231863409,5.5832147937411065,8.25035561877668,11.290896159317214,6.8100995732574745,3.378378378378379,0.6756756756756772,2.0270270270270316,3.0405405405405546,1.3513513513513402,4.391891891891888
5221,FDP,900,19,1.0,0.0,3.3961593172119486,1.0,1.0,3.8288288288288315,0.017780938833574567,2.951635846372689,4.80085348506401,2.8627311522048444,5.47652916073968,4.267425320056894,1.3513513513513544,3.7162162162162176,6.081081081081088,2.702702702702709,2.364864864864863,6.756756756756758
85,Die Grünen,900,19,1.0,0.0,3.8555002370791827,1.0,0.0,1.520270270270269,0.49786628733995997,2.00924608819345,3.2539118065433854,0.6756756756756772,10.91749644381224,5.778805120910384,2.364864864864856,1.3513513513513473,2.364864864864856,0.6756756756756772,1.013513513513523,1.3513513513513544
1837,CDU,900,19,1.0,1.0,4.4363442389758205,0.0,1.0,0.8445945945945965,5.654338549075405,1.3869132290184822,0.7112375533428192,9.58392603129446,8.161450924608822,1.1201991465149348,0.3378378378378386,1.3513513513513615,0.6756756756756843,1.3513513513513402,0.3378378378378386,1.0135135135135158
3354,CDU,900,19,1.0,0.0,2.7264106211474632,0.0,0.0,3.3783783783783767,0.5512091038406766,3.982930298719772,1.511379800853483,0.35561877667140607,4.107396870554773,5.849928876244668,1.6891891891891788,2.0270270270270245,3.0405405405405332,5.067567567567572,5.405405405405411,3.0405405405405403
1296,Die Grünen,900,19,1.0,1.0,2.3263394973921265,0.0,1.0,2.8716216216216224,2.00924608819345,4.0362731152204745,1.618065433854909,4.765291607396868,0.5334281650071233,0.9957325746799341,2.0270270270270245,1.3513513513513544,4.054054054054049,0.0,4.7297297297297405,5.067567567567565
396,FDP,900,19,1.0,1.0,0.915718349928877,1.0,1.0,2.92792792792793,0.3911806543385552,0.49786628733995997,0.26671408250354744,3.591749644381231,0.3022759601707037,0.4445234708392647,4.054054054054063,0.0,2.364864864864856,5.067567567567572,4.054054054054056,2.0270270270270316
793,CDU,900,19,0.0,1.0,3.4909909909909893,1.0,0.0,2.2522522522522492,1.973684210526315,7.005689900426745,3.413940256045514,0.6934566145092447,4.871977240398294,2.9871977240398238,2.7027027027026946,0.6756756756756772,0.0,2.7027027027026946,7.432432432432428,0.0
2934,FDP,900,19,1.0,1.0,2.222617354196302,1.0,1.0,3.0405405405405426,1.511379800853483,0.5156472261735487,1.582503556187767,8.01920341394026,1.1735419630156443,0.5334281650071091,4.391891891891888,2.702702702702709,2.0270270270270245,2.0270270270270316,4.054054054054056,3.0405405405405475
2059,FDP,900,19,1.0,1.0,2.8597676623992427,1.0,1.0,1.351351351351352,2.275960170697026,3.6450924608819406,2.1337126600284506,4.356330014224746,2.364864864864863,2.3826458036984306,1.3513513513513473,1.013513513513523,1.689189189189186,2.702702702702709,1.3513513513513473,0.0
490,bunt.saar,900,19,1.0,1.0,2.6760312944523457,1.0,1.0,1.2950450450450468,2.009246088193457,1.0668563300142182,7.539118065433854,1.1379800853485094,1.1913229018492189,3.1116642958748173,2.0270270270270316,1.3513513513513686,1.3513513513513544,2.0270270270270245,0.3378378378378244,0.6756756756756772
4374,Die Grünen,900,19,0.0,0.0,6.958274063537224,0.0,0.0,1.745495495495497,4.249644381223341,2.9338549075391214,7.876955903271693,5.51209103840683,11.824324324324323,9.352773826458034,1.689189189189186,1.3513513513513615,1.3513513513513544,2.0270270270270316,2.364864864864863,1.689189189189186
3589,FDP,900,19,1.0,1.0,2.821242294926506,1.0,1.0,1.914414414414414,5.654338549075405,5.4054054054054035,0.7112375533428192,2.0625889046941595,1.689189189189186,1.404694167852064,0.675675675675663,1.0135135135135087,2.3648648648648702,2.0270270270270316,2.702702702702709,2.7027027027027017
3797,Die Grünen,900,19,1.0,1.0,5.132764343290659,1.0,1.0,3.5472972972972947,5.636557610241816,7.628022759601713,5.654338549075405,2.7382645803698438,5.618776671408241,3.520625889046933,1.0135135135135087,2.0270270270270245,3.378378378378372,4.054054054054056,4.054054054054056,6.756756756756751
4496,FDP,900,19,1.0,0.0,5.719535324798485,1.0,0.0,2.1959459459459487,1.3335704125177799,4.071834992887624,8.712660028449513,0.5156472261735416,14.704836415362735,4.978662873399713,3.378378378378372,1.3513513513513615,3.378378378378393,0.0,3.7162162162162176,1.3513513513513473
4543,DIE LINKE,900,19,0.0,0.0,4.584518729255573,0.0,0.0,3.716216216216219,2.880512091038412,8.285917496443822,3.485064011379805,4.054054054054056,5.209815078236119,3.591749644381224,1.689189189189193,4.7297297297297405,3.378378378378379,3.378378378378379,4.729729729729726,4.391891891891895
2468,SPD,900,19,0.0,0.0,3.5769321953532525,0.0,1.0,2.3648648648648667,3.02275960170698,3.94736842105263,5.138691322901856,0.17780938833571014,4.943100995732571,4.231863442389766,5.067567567567565,0.6756756756756772,3.0405405405405475,1.0135135135135158,4.391891891891895,0.0
1472,CDU,900,19,1.0,0.0,5.79362256993836,1.0,0.0,3.9414414414414423,1.6002844950213486,7.539118065433847,4.445234708392597,3.769559032716927,5.778805120910384,11.628733997155052,4.729729729729719,4.054054054054063,4.054054054054042,2.0270270270270316,2.3648648648648702,6.418918918918926
4879,CDU,900,19,0.0,1.0,3.9444049312470377,1.0,0.0,0.9572072072072105,5.938833570412527,3.840682788051211,0.426742532005683,4.569701280227605,8.108108108108105,0.7823613086770962,0.6756756756756701,1.3513513513513615,1.013513513513523,0.0,1.689189189189193,1.0135135135135158
3884,CDU,900,19,1.0,0.0,4.848269321953533,1.0,1.0,1.295045045045048,6.294452347083926,4.409672830725462,0.9779516358463738,7.46799431009957,5.921052631578952,4.018492176386914,0.6756756756756843,0.0,1.689189189189193,2.0270270270270316,0.3378378378378386,3.0405405405405403
2625,bunt.saar,900,19,1.0,1.0,5.322427690848742,1.0,1.0,2.083333333333337,0.08890469416785152,2.00924608819345,6.347795163584635,7.770270270270267,10.91749644381224,4.80085348506401,0.0,2.702702702702716,2.702702702702709,1.689189189189193,2.702702702702709,2.7027027027026946
4819,FDP,900,19,0.0,1.0,4.225936462778567,0.0,1.0,4.786036036036038,0.37339971550497353,2.86273115220483,4.391891891891895,8.570412517780944,1.795874822190612,7.361308677098151,4.054054054054056,6.081081081081088,5.743243243243242,1.3513513513513544,5.067567567567572,6.418918918918919
2269,bunt.saar,900,19,0.0,0.0,5.369843527738261,0.0,0.0,4.222972972972972,3.627311522048373,8.143669985775247,1.0490753911806578,3.1294452347083777,9.281650071123742,6.987908961593163,0.6756756756756701,3.378378378378372,3.7162162162162176,3.378378378378393,6.756756756756751,7.432432432432428
4329,DIE LINKE,900,19,1.0,0.0,4.957918444760549,1.0,0.0,1.9144144144144164,9.086059743954486,3.2894736842105345,5.156472261735409,0.5689900426742511,7.183499288762434,4.463015647226179,0.6756756756756772,1.0135135135135087,2.0270270270270316,1.689189189189193,4.054054054054056,2.0270270270270316
3968,FDP,900,19,0.0,1.0,4.949027975343765,1.0,1.0,3.153153153153154,5.743243243243242,2.3470839260312886,0.8534850640113838,11.486486486486491,6.365576102418206,2.8982930298719793,0.6756756756756701,2.702702702702709,3.7162162162162176,5.067567567567572,4.72972972972973,2.0270270270270245
3095,CDU,900,19,1.0,1.0,2.521929824561404,1.0,1.0,1.576576576576579,5.0853485064011394,1.2091038406827934,1.76031294452347,4.960881934566139,0.053342816500716594,2.0625889046941666,1.6891891891891788,0.3378378378378386,2.0270270270270316,1.013513513513523,2.3648648648648702,2.0270270270270316
4203,FDP,900,19,0.0,0.0,3.3931958274063576,1.0,1.0,2.0833333333333357,0.5867709815078399,0.46230440967283215,4.925320056899004,6.258890469416791,7.663584637268848,0.46230440967283215,0.0,0.6756756756756701,1.0135135135135158,3.7162162162162247,4.729729729729733,2.3648648648648702
1761,bunt.saar,900,19,0.0,0.0,3.7043622569938406,0.0,0.0,5.405405405405404,7.69914651493599,3.3961593172119535,5.689900426742533,3.2183499288762576,1.689189189189186,0.5334281650071233,6.418918918918912,5.067567567567565,2.0270270270270245,9.121621621621628,6.418918918918919,3.378378378378379
906,CDU,900,19,1.0,1.0,2.8390232337600785,1.0,0.0,3.1531531531531485,3.662873399715508,2.9871977240398238,2.2759601706970045,2.275960170697026,2.6849217638691414,3.1472261735419664,1.6891891891891788,0.3378378378378315,6.081081081081074,4.391891891891881,2.0270270270270316,4.391891891891895
3233,bunt.saar,900,19,1.0,0.0,3.8021574205784723,1.0,1.0,2.027027027027026,3.1294452347083777,0.35561877667140607,4.765291607396868,0.5689900426742511,7.02347083926032,6.97012802275961,0.3378378378378244,4.391891891891881,1.0135135135135158,2.0270270270270316,0.0,4.391891891891902
1329,SPD,900,19,0.0,0.0,6.051446183025129,1.0,0.0,2.815315315315317,2.7916073968705533,9.477240398293027,8.161450924608815,1.831436699857747,6.276671408250358,7.770270270270274,6.756756756756765,1.689189189189186,2.7027027027026946,2.702702702702709,0.3378378378378386,2.702702702702709
4238,bunt.saar,900,19,1.0,0.0,3.656946420104313,1.0,1.0,2.195945945945946,1.618065433854909,1.3157894736842124,2.4893314366998567,2.364864864864863,9.95732574679942,4.196301564722617,2.0270270270270316,1.689189189189193,4.391891891891888,0.3378378378378386,2.3648648648648702,2.364864864864856
4532,CDU,900,19,1.0,1.0,6.122569938359412,1.0,0.0,1.6891891891891906,3.662873399715508,8.748221906116648,4.534139402560456,5.565433854907539,10.419630156472259,3.805120910384062,1.3513513513513544,2.0270270270270316,0.0,3.7162162162162176,2.0270270270270316,1.0135135135135087
5028,CDU,900,19,0.0,0.0,3.728070175438598,0.0,0.0,5.349099099099097,4.160739687055475,3.0761024182076824,5.156472261735409,4.12517780938834,3.911806543385495,1.9381223328591872,2.364864864864863,5.743243243243242,9.459459459459453,0.3378378378378386,6.756756756756751,7.432432432432435
3629,CDU,900,19,0.0,1.0,5.275011853959222,0.0,1.0,2.1959459459459474,8.997155049786628,0.01778093883356746,3.271692745376953,6.027738264580371,4.071834992887624,9.26386913229019,1.3513513513513473,1.3513513513513544,0.3378378378378386,6.756756756756758,0.3378378378378386,3.0405405405405475
3812,CDU,900,19,1.0,0.0,4.744547178757705,1.0,0.0,5.574324324324329,2.2403982930298625,2.151493598862025,3.6095305832147915,8.161450924608815,6.685633001422481,5.618776671408256,2.3648648648648702,3.0405405405405475,9.459459459459467,4.729729729729726,3.378378378378379,10.472972972972983
1326,DIE LINKE,900,19,1.0,0.0,2.2522522522522492,1.0,1.0,3.2094594594594583,1.4935988620199083,4.285206258890469,1.0135135135135087,4.445234708392597,2.2048364153627347,0.07112375533427695,3.378378378378372,5.4054054054054035,3.378378378378386,1.689189189189193,4.391891891891888,1.0135135135135087
5059,DIE LINKE,900,19,0.0,1.0,6.140350877192983,0.0,0.0,4.898648648648648,7.112375533428171,8.517069701280235,8.872688477951634,1.1024182076813602,6.703413940256041,4.534139402560456,2.364864864864856,3.378378378378379,4.729729729729726,6.756756756756765,6.081081081081074,6.081081081081088
2169,CDU,900,19,1.0,1.0,2.1129682313892837,1.0,0.0,4.166666666666667,6.152204836415365,3.0049786628733983,0.9779516358463738,0.5512091038406766,1.760312944523477,0.23115220483641252,4.391891891891888,5.067567567567572,2.0270270270270245,8.445945945945944,1.689189189189193,3.378378378378379
4136,FDP,900,19,1.0,0.0,4.24964438122333,1.0,0.0,1.8018018018018,5.849928876244675,4.089615931721191,0.5512091038406837,4.249644381223334,5.832147937411094,4.925320056899004,3.0405405405405332,0.0,1.689189189189186,1.0135135135135158,3.378378378378379,1.689189189189186
3507,CDU,900,19,1.0,0.0,4.445234708392603,0.0,0.0,6.813063063063065,5.51209103840683,4.160739687055475,1.6358463726884764,14.029160739687057,0.08890469416784441,1.2446657183499354,0.3378378378378386,8.78378378378379,8.108108108108105,8.108108108108105,8.108108108108112,7.432432432432435
233,CDU,900,19,0.0,1.0,3.6065670934092027,0.0,1.0,1.1824324324324327,4.658605974395449,0.6223328591749677,5.138691322901856,1.4580369843527734,7.485775248933145,2.275960170697026,1.3513513513513544,0.0,0.6756756756756772,3.378378378378379,1.689189189189186,0.0
1355,CDU,900,19,1.0,1.0,3.090919867235661,1.0,1.0,0.7319819819819825,3.9651493598862118,1.262446657183503,0.5156472261735487,4.925320056899011,4.463015647226179,3.413940256045514,1.0135135135135158,0.6756756756756843,0.3378378378378386,1.0135135135135087,1.3513513513513473,0.0
2554,CDU,900,19,1.0,0.0,2.5634186818397366,1.0,0.0,3.153153153153152,3.7517780938833525,4.694167852062591,1.475817923186355,1.511379800853483,2.151493598862025,1.795874822190612,0.675675675675663,3.378378378378379,1.689189189189186,4.054054054054056,5.743243243243249,3.378378378378379
4833,Die Grünen,900,19,1.0,1.0,4.13999525841631,1.0,1.0,2.421171171171172,1.0846372688477999,4.000711237553347,6.596728307254622,1.8492176386913144,6.134423897581783,5.174253200568998,0.6756756756756772,1.013513513513523,2.7027027027026946,2.0270270270270245,3.7162162162162247,4.391891891891888
2501,Die Grünen,900,19,1.0,1.0,3.677690848743483,1.0,1.0,2.3648648648648645,1.1557610241820626,1.760312944523477,0.8001422475106637,6.027738264580371,7.343527738264598,4.978662873399728,4.054054054054056,4.054054054054049,1.0135135135135016,1.0135135135135158,2.0270270270270316,2.0270270270270316
4894,bunt.saar,900,19,1.0,1.0,4.101469890943573,1.0,1.0,2.4774774774774806,5.352062588904694,0.26671408250354744,7.503556187766712,4.374110953058327,2.9694167852062563,4.142958748221901,2.702702702702709,5.743243243243242,1.3513513513513615,3.0405405405405403,1.689189189189193,0.3378378378378386
845,CDU,900,19,1.0,1.0,2.3974632527264093,1.0,0.0,2.5337837837837824,3.982930298719765,3.5028449502133725,0.10668563300142608,1.2446657183499354,3.769559032716927,1.7780938833570303,2.0270270270270245,1.0135135135135158,3.0405405405405403,2.0270270270270174,3.7162162162162176,3.378378378378379
77,DIE LINKE,900,19,1.0,1.0,3.016832622095785,1.0,1.0,1.8581081081081112,3.6806543385490826,0.4978662873399742,6.027738264580378,4.80085348506401,2.6493598862019923,0.4445234708392718,2.364864864864856,1.0135135135135158,3.7162162162162247,1.689189189189186,1.3513513513513544,1.01351351351353
223,FDP,900,19,0.0,0.0,4.534139402560453,1.0,1.0,1.745495495495496,2.2403982930298625,4.623044096728307,1.1024182076813673,11.024182076813652,6.667852062588906,1.546941678520625,2.0270270270270316,0.3378378378378315,1.3513513513513544,1.0135135135135158,2.7027027027027017,3.0405405405405403
3687,CDU,900,19,1.0,0.0,1.7010431484115702,1.0,0.0,3.0968468468468466,0.40896159317210845,3.44950213371267,0.17780938833571014,0.5867709815078399,4.818634423897571,0.7645803698435216,2.3648648648648702,3.0405405405405332,2.7027027027027017,3.0405405405405332,5.405405405405411,2.0270270270270316
869,FDP,900,19,0.0,1.0,4.700094831673778,1.0,1.0,3.4346846846846852,0.426742532005683,4.142958748221901,5.600995732574681,4.569701280227605,8.392603129445234,5.067567567567565,3.378378378378379,3.378378378378379,4.391891891891888,5.405405405405411,2.3648648648648702,1.689189189189186
4859,FDP,900,19,0.0,1.0,3.6688003793266986,0.0,0.0,1.1261261261261264,0.9601706970128063,9.050497866287344,0.6578947368421098,4.320768136557611,4.569701280227605,2.4537695590327147,3.378378378378379,0.6756756756756772,2.0270270270270316,0.0,0.3378378378378315,0.3378378378378386
1757,FDP,900,19,1.0,1.0,2.1218587008060674,1.0,1.0,1.407657657657656,1.4046941678520568,4.107396870554773,2.044807965860592,0.1422475106685539,4.658605974395456,0.37339971550497353,2.0270270270270245,2.364864864864856,0.0,1.0135135135135016,1.013513513513523,2.0270270270270316
2028,Die Grünen,900,19,0.0,1.0,5.627667140825037,1.0,1.0,0.844594594594593,0.053342816500716594,9.121621621621621,7.681365576102436,3.378378378378379,5.334281650071119,8.19701280227595,0.675675675675663,2.7027027027027017,0.3378378378378386,0.3378378378378386,0.6756756756756772,0.3378378378378386
4691,Die Grünen,900,19,0.0,0.0,6.5285680417259355,0.0,1.0,1.0698198198198199,4.338549075391185,4.409672830725462,9.17496443812233,1.653627311522051,13.709103840682786,5.885490753911796,1.013513513513523,0.6756756756756772,0.0,2.7027027027027017,1.0135135135135016,1.0135135135135158
3224,Die Grünen,900,19,1.0,0.0,1.5291607396870528,0.0,0.0,4.222972972972972,0.4800853485063925,5.0853485064011394,0.37339971550497353,1.1735419630156443,0.9423897581792318,1.1201991465149348,2.0270270270270245,0.6756756756756701,5.405405405405396,4.054054054054056,5.743243243243249,7.432432432432435
2903,Die Grünen,900,19,1.0,0.0,3.031650071123759,1.0,1.0,1.5202702702702713,3.2183499288762576,0.3378378378378386,3.7339971550497992,0.8534850640113874,4.356330014224746,5.6899004267425255,2.0270270270270316,3.378378378378372,1.0135135135135016,0.3378378378378386,2.0270270270270316,0.3378378378378528
4712,FDP,900,19,0.0,0.0,4.676386913229016,0.0,0.0,4.448198198198194,3.2894736842105345,6.383357041251777,6.294452347083919,7.983641536273105,0.03556187766713492,4.071834992887624,2.7027027027026946,0.0,7.432432432432428,3.7162162162162105,6.418918918918912,6.418918918918919
5130,FDP,900,19,1.0,1.0,9.112731152204839,1.0,1.0,0.22522522522522456,6.152204836415365,8.090327169274538,8.392603129445234,9.637268847795163,9.63726884779517,12.766714082503562,0.3378378378378386,0.3378378378378315,0.3378378378378386,0.3378378378378386,0.0,0.0
3901,FDP,900,19,1.0,0.0,4.261498340445711,1.0,1.0,1.2950450450450397,6.276671408250358,3.129445234708392,8.410384068278809,2.471550497866289,0.053342816500716594,5.2275960170697005,2.7027027027027017,0.0,0.6756756756756701,2.0270270270270174,2.0270270270270174,0.3378378378378315
501,FDP,900,19,1.0,0.0,4.981626363205314,1.0,1.0,1.1824324324324362,9.103840682788054,0.9246088193456643,5.93883357041252,3.7339971550497992,9.63726884779517,0.5512091038406766,1.0135135135135158,1.689189189189193,1.0135135135135158,1.01351351351353,1.689189189189186,0.6756756756756772
1020,CDU,900,19,1.0,0.0,8.265173067804648,1.0,0.0,3.547297297297297,4.19630156472261,5.725462304409675,8.694879089615931,5.174253200568991,17.158605974395456,8.641536273115221,4.054054054054049,1.0135135135135087,6.081081081081081,2.3648648648648702,3.7162162162162176,4.054054054054056
1643,Die Grünen,900,19,0.0,0.0,7.829540066382173,0.0,0.0,2.871621621621621,6.169985775248925,1.0312944523470833,13.086770981507833,2.7204836415362763,12.67780938833571,11.290896159317214,2.7027027027027017,2.0270270270270316,0.675675675675663,4.054054054054056,5.067567567567565,2.702702702702709
3043,bunt.saar,900,19,1.0,1.0,5.446894262683735,0.0,1.0,2.027027027027028,1.4580369843527734,1.9203413940255984,8.01920341394026,7.21906116642959,6.0099573257467895,8.054765291607396,2.702702702702709,1.689189189189193,0.3378378378378386,5.405405405405411,0.3378378378378386,1.6891891891891788
3950,CDU,900,19,0.0,0.0,5.550616405879563,0.0,1.0,2.871621621621621,5.494310099573248,6.276671408250351,5.921052631578952,0.7645803698435216,10.277382645803698,4.569701280227605,4.054054054054056,0.6756756756756701,3.0405405405405403,5.067567567567565,1.0135135135135087,3.378378378378386
3742,FDP,900,19,1.0,1.0,4.125177809388334,1.0,1.0,0.9009009009009006,8.197012802275957,0.7823613086770962,3.485064011379805,1.3157894736842124,9.121621621621621,1.8492176386913144,0.3378378378378386,0.6756756756756772,0.6756756756756701,2.0270270270270316,0.0,1.689189189189186
217,CDU,900,19,1.0,0.0,2.7501185395922234,1.0,1.0,1.689189189189187,2.258179231863444,2.507112375533424,0.8712660028449548,4.516358463726888,4.42745376955903,1.9203413940255984,2.7027027027026946,1.689189189189186,1.3513513513513544,2.3648648648648702,1.3513513513513544,0.675675675675663
482,bunt.saar,900,19,1.0,0.0,5.295756282598387,1.0,1.0,1.3513513513513473,4.409672830725462,4.42745376955903,8.801564722617364,4.3029871977240575,8.108108108108098,1.7247510668563137,0.6756756756756701,1.6891891891891788,2.702702702702709,0.6756756756756843,1.6891891891891788,0.675675675675663
4810,CDU,900,19,1.0,0.0,3.129445234708394,1.0,0.0,1.0698198198198174,2.791607396870546,2.1337126600284577,3.02275960170698,2.044807965860592,6.436699857752494,2.3470839260312957,1.6891891891891788,1.0135135135135087,0.0,1.0135135135135158,1.3513513513513544,1.3513513513513473
4740,CDU,900,19,0.0,0.0,6.125533428165011,1.0,1.0,2.5337837837837847,1.2802275960170775,9.192745376955905,11.006401137980085,3.9651493598862118,7.859174964438118,3.44950213371267,1.3513513513513473,3.7162162162162176,4.729729729729733,1.3513513513513544,4.054054054054056,0.0
4927,bunt.saar,900,19,0.0,1.0,8.025130393551448,0.0,0.0,4.166666666666664,7.46799431009957,5.885490753911803,8.12588904694168,7.112375533428171,11.664295874822194,7.894736842105267,2.0270270270270316,1.3513513513513473,6.756756756756751,2.364864864864856,5.067567567567565,7.432432432432435
4375,FDP,900,19,0.0,1.0,3.9710763394973956,1.0,1.0,1.8018018018017987,1.404694167852064,4.587482219061172,2.5248933143669987,7.112375533428171,6.258890469416787,1.9381223328591801,5.067567567567565,1.0135135135135087,0.6756756756756701,3.0405405405405403,0.6756756756756772,0.3378378378378315
1153,FDP,900,19,0.0,0.0,5.27204836415363,0.0,0.0,2.364864864864863,11.59317211948791,3.556187766714082,1.760312944523477,0.8001422475106708,10.312944523470847,3.6095305832147915,2.364864864864863,5.067567567567565,1.689189189189193,1.689189189189193,2.0270270270270174,1.3513513513513473
3169,bunt.saar,900,19,1.0,0.0,6.306306306306308,1.0,1.0,1.5765765765765778,1.6002844950213415,4.80085348506401,8.534850640113788,5.618776671408256,10.170697012802272,7.112375533428178,0.6756756756756772,4.054054054054063,0.6756756756756772,3.378378378378372,0.0,0.6756756756756772
5180,CDU,900,19,1.0,0.0,5.008297771455666,1.0,1.0,1.6328828828828807,3.7339971550497992,8.232574679943106,2.187055476529153,8.161450924608815,5.885490753911803,1.8492176386913215,2.3648648648648702,2.0270270270270245,0.3378378378378315,3.0405405405405332,1.689189189189193,0.3378378378378315
1464,FDP,900,19,0.0,0.0,4.237790422000949,1.0,1.0,2.1959459459459496,5.529871977240397,0.5334281650071233,0.35561877667140607,5.867709815078236,7.912517780938835,5.2275960170697005,1.3513513513513615,4.054054054054056,2.0270270270270316,1.689189189189193,0.3378378378378386,3.7162162162162176
3911,CDU,900,19,1.0,0.0,4.110360360360363,1.0,1.0,1.689189189189186,1.689189189189186,6.827880512091042,1.6002844950213486,5.369843527738269,6.383357041251777,2.7916073968705533,2.7027027027026946,0.0,1.689189189189186,1.0135135135135087,2.0270270270270316,2.7027027027026946
5027,CDU,900,19,1.0,1.0,4.412636320531058,1.0,0.0,1.2950450450450433,3.2183499288762576,2.2048364153627347,2.86273115220483,6.294452347083919,6.454480796586061,5.4409672830725455,0.3378378378378244,0.3378378378378386,0.3378378378378386,2.3648648648648702,2.364864864864856,2.0270270270270316
1151,FDP,900,19,1.0,1.0,5.826220957799907,1.0,1.0,2.477477477477476,1.0312944523470833,0.8534850640113838,11.699857752489326,5.832147937411094,9.566145092460893,5.974395448079658,2.364864864864863,3.0405405405405332,3.3783783783783754,0.0,3.378378378378386,2.702702702702698
2151,SPD,900,19,0.0,0.0,5.150545282124231,0.0,0.0,1.7454954954954935,1.5825035561877598,6.3122332859175,7.610241820768145,1.8136557610241795,9.334992887624459,4.249644381223341,0.3378378378378386,3.378378378378379,0.6756756756756843,1.0135135135135087,2.7027027027026946,2.364864864864856
3867,bunt.saar,900,19,1.0,0.0,5.11498340445709,1.0,1.0,1.0135135135135087,4.374110953058327,6.276671408250358,6.3122332859175,1.2446657183499283,8.623755334281647,3.8584637268847786,1.3513513513513473,0.6756756756756843,2.364864864864856,0.0,0.3378378378378244,1.3513513513513402
2019,Die Grünen,900,19,0.0,0.0,8.677098150782362,0.0,0.0,6.41891891891892,4.42745376955903,9.388335704125183,10.91749644381224,0.6578947368421026,11.877667140825032,14.793741109530586,5.4054054054054035,4.054054054054063,8.108108108108112,3.7162162162162176,7.432432432432435,9.797297297297291
3284,CDU,900,19,1.0,0.0,3.547297297297296,1.0,0.0,1.520270270270269,1.0668563300142182,1.1735419630156443,3.8584637268847715,4.516358463726888,4.516358463726888,6.152204836415365,2.0270270270270245,4.391891891891895,1.3513513513513473,0.3378378378378386,1.0135135135135087,0.0
749,Die Grünen,900,19,1.0,1.0,8.238501659554286,1.0,1.0,0.5630630630630655,4.551920341394016,9.157183499288756,10.56187766714082,2.187055476529153,11.148648648648646,11.824324324324323,1.0135135135135158,0.0,0.0,0.3378378378378457,1.0135135135135158,1.0135135135135158
4112,Die Grünen,900,19,1.0,1.0,4.73565670934092,1.0,1.0,1.2950450450450444,4.267425320056894,2.329302987197721,1.8492176386913286,2.1692745376955926,12.215504978662878,5.5832147937411065,0.6756756756756772,1.689189189189186,0.3378378378378244,0.0,2.702702702702709,2.3648648648648702
2253,CDU,900,19,0.0,0.0,4.394855381697487,1.0,1.0,0.4504504504504479,4.320768136557611,6.098862019914655,0.6756756756756772,3.840682788051211,9.192745376955905,2.2403982930298625,0.0,0.3378378378378386,1.0135135135135158,0.3378378378378386,0.6756756756756701,0.3378378378378244
4677,CDU,900,19,0.0,0.0,4.537102892366049,0.0,1.0,5.574324324324323,5.921052631578952,3.0049786628733983,1.0135135135135087,0.604551920341386,15.23826458036984,1.440256045519206,1.3513513513513473,2.364864864864863,7.770270270270267,6.081081081081095,10.13513513513513,5.743243243243235
4291,bunt.saar,900,19,1.0,0.0,4.202228544333807,1.0,0.0,8.67117117117117,3.0405405405405403,2.7204836415362763,3.2894736842105345,2.115931721194876,7.645803698435273,6.401137980085345,10.472972972972975,7.770270270270274,6.756756756756758,8.108108108108098,11.486486486486484,7.432432432432435
2246,Die Grünen,900,19,0.0,0.0,8.685988620199145,1.0,0.0,3.153153153153152,4.658605974395456,4.818634423897571,13.068990042674258,1.7069701280227534,14.63371266002845,13.22901849217638,2.3648648648648702,1.3513513513513544,5.067567567567565,3.0405405405405403,4.054054054054049,3.0405405405405332
4088,CDU,900,19,0.0,1.0,4.58451872925557,1.0,1.0,1.632882882882883,2.418207681365587,3.6450924608819264,5.245376955903268,8.161450924608815,5.8321479374110865,2.2048364153627347,0.3378378378378386,3.378378378378379,0.0,2.0270270270270245,1.689189189189186,2.3648648648648702
680,bunt.saar,900,19,0.0,1.0,2.619724988146038,1.0,1.0,1.2387387387387427,4.19630156472261,1.7780938833570303,3.2894736842105345,1.9381223328591872,2.0625889046941595,2.4537695590327075,0.6756756756756772,1.3513513513513544,2.0270270270270316,1.013513513513523,2.0270270270270316,0.3378378378378386
1907,Die Grünen,900,19,0.0,1.0,5.624703651019445,1.0,1.0,0.7319819819819825,2.951635846372689,7.62802275960172,8.943812233285925,0.23115220483641252,10.02844950213371,3.9651493598862118,1.689189189189186,0.3378378378378386,0.6756756756756772,0.6756756756756772,0.6756756756756772,0.3378378378378386
2268,FDP,900,19,1.0,1.0,5.772878141299191,1.0,1.0,1.5765765765765754,6.223328591749642,2.6315789473684177,6.490042674253196,6.934566145092461,5.103129445234707,7.254623044096725,2.364864864864856,0.6756756756756772,0.6756756756756772,4.054054054054056,1.3513513513513473,0.3378378378378386
1611,SPD,900,19,0.0,1.0,3.5295163584637224,0.0,1.0,1.63288288288289,2.3648648648648702,3.1827880512090942,1.2980085348506378,2.8449502133712556,7.2724039829302995,4.2140825035561775,3.0405405405405475,1.3513513513513615,2.702702702702709,1.0135135135135158,0.3378378378378457,1.3513513513513615
3502,CDU,900,19,1.0,0.0,4.320768136557611,1.0,1.0,1.0135135135135123,0.5689900426742582,6.009957325746804,4.19630156472261,2.507112375533424,7.841394025604551,4.800853485064017,1.3513513513513544,2.364864864864863,1.0135135135135087,1.3513513513513473,0.0,0.0
750,FDP,900,19,1.0,1.0,2.6967757230915113,1.0,1.0,3.603603603603607,4.551920341394016,3.413940256045514,1.404694167852064,1.9559032716927476,2.1692745376955855,2.6849217638691414,0.6756756756756843,4.391891891891895,6.418918918918926,0.6756756756756772,4.054054054054056,5.4054054054054035
2677,FDP,900,19,1.0,0.0,4.101469890943572,1.0,1.0,4.560810810810808,3.1294452347083777,4.267425320056894,3.769559032716934,5.5476529160739645,5.618776671408256,2.275960170697008,3.0405405405405475,3.7162162162162105,4.729729729729723,7.094594594594589,3.378378378378372,5.405405405405407
4902,CDU,900,19,0.0,1.0,3.4287577050734974,0.0,1.0,2.1959459459459487,8.001422475106693,4.534139402560456,4.37411095305832,1.5469416785206391,1.973684210526315,0.142247510668561,0.3378378378378528,3.0405405405405403,2.364864864864863,3.7162162162162247,1.3513513513513473,2.364864864864863
206,SPD,900,19,0.0,1.0,7.224988146040776,1.0,0.0,2.2522522522522537,7.432432432432435,12.21550497866287,4.480796586059739,1.2268847795163538,11.27311522048364,6.721194879089616,2.0270270270270245,2.364864864864863,1.3513513513513615,0.6756756756756843,5.743243243243242,1.3513513513513473
1549,FDP,900,19,0.0,0.0,4.507467994310095,1.0,1.0,3.2094594594594597,2.9871977240398238,3.200568990042669,0.8890469416785152,7.361308677098144,4.463015647226172,8.143669985775247,2.0270270270270245,2.0270270270270245,5.743243243243242,2.3648648648648702,4.054054054054056,3.0405405405405403
440,bunt.saar,900,19,1.0,0.0,6.495969653864389,1.0,1.0,1.1824324324324316,0.5689900426742511,2.0981507823613015,9.743954480796589,6.187766714082507,13.193456614509252,7.183499288762434,1.3513513513513473,0.3378378378378386,1.689189189189193,0.6756756756756772,1.3513513513513544,1.6891891891891788
1390,bunt.saar,900,19,1.0,0.0,5.580251303935508,1.0,0.0,1.8018018018018036,0.9957325746799413,3.698435277382636,7.183499288762434,0.17780938833571014,15.682788051209087,5.743243243243242,1.0135135135135158,3.0405405405405475,1.689189189189193,1.689189189189193,2.364864864864856,1.0135135135135158
2647,CDU,900,19,1.0,1.0,1.7662399241346627,1.0,1.0,4.222972972972973,0.8001422475106708,0.32005689900426404,0.5867709815078257,2.3293029871977353,2.044807965860592,4.516358463726888,5.067567567567565,5.067567567567565,1.3513513513513544,10.135135135135144,3.7162162162162105,0.0
3152,FDP,900,19,0.0,0.0,3.9858937885253716,0.0,1.0,1.3513513513513498,1.9381223328591872,4.071834992887624,1.0668563300142253,8.214793741109531,8.570412517780944,0.053342816500716594,1.0135135135135087,1.689189189189186,1.689189189189193,0.6756756756756701,1.689189189189193,1.3513513513513473
1948,bunt.saar,900,19,1.0,0.0,4.753437648174491,1.0,1.0,2.3085585585585626,3.378378378378379,0.2489331436700013,4.907539118065429,1.831436699857754,12.482219061166425,5.672119487908958,2.0270270270270316,2.702702702702709,2.702702702702709,4.729729729729733,1.0135135135135158,0.6756756756756772
3234,bunt.saar,900,19,1.0,0.0,1.9144144144144188,1.0,1.0,1.8018018018017976,2.5426742532005733,4.231863442389766,0.32005689900426404,1.653627311522051,2.560455192034155,0.17780938833570303,0.0,2.0270270270270245,3.7162162162162105,0.0,2.7027027027026946,2.364864864864856
2535,CDU,900,19,1.0,0.0,3.0464675201517273,1.0,0.0,5.743243243243241,3.09388335704125,0.32005689900426404,4.302987197724036,1.1557610241820626,7.681365576102422,1.724751066856328,6.081081081081074,6.081081081081074,2.702702702702709,6.418918918918912,6.418918918918919,6.756756756756758
2103,CDU,900,19,1.0,0.0,6.670815552394501,0.0,0.0,1.8018018018018023,2.8982930298719793,7.147937411095306,10.721906116642963,3.1472261735419664,12.695590327169278,3.413940256045514,0.0,1.0135135135135158,3.7162162162162176,3.378378378378372,2.702702702702709,0.0
2273,bunt.saar,900,19,1.0,1.0,2.3944997629208125,1.0,1.0,2.646396396396394,4.445234708392597,4.054054054054063,1.7425320056898954,0.37339971550497353,1.973684210526315,1.7780938833570303,0.0,1.3513513513513402,3.7162162162162247,1.689189189189186,4.729729729729726,4.391891891891888
4339,bunt.saar,900,19,1.0,1.0,5.037932669511616,1.0,1.0,0.9009009009008994,1.2091038406827934,5.067567567567565,6.009957325746797,3.271692745376953,7.912517780938828,6.756756756756758,0.6756756756756701,0.3378378378378386,1.3513513513513402,0.3378378378378386,1.3513513513513544,1.3513513513513544
2540,FDP,900,19,1.0,1.0,4.581555239449973,1.0,1.0,2.139639639639642,1.6714082503556114,5.298719772403977,6.507823613086771,2.0625889046941595,3.4672830725462305,8.481507823613086,0.6756756756756843,1.689189189189193,4.391891891891895,0.3378378378378386,0.6756756756756772,5.067567567567565
2556,bunt.saar,900,19,0.0,0.0,3.7013987671882376,0.0,1.0,1.3513513513513569,2.258179231863444,0.32005689900426404,3.698435277382636,4.267425320056894,8.60597439544808,3.058321479374108,0.6756756756756843,0.6756756756756701,1.3513513513513686,5.067567567567565,0.0,0.3378378378378528
3212,FDP,900,19,1.0,1.0,3.8999525841631084,1.0,1.0,3.828828828828829,1.1735419630156443,3.413940256045521,10.615220483641536,2.578236130867701,0.4978662873399706,5.120910384068278,3.0405405405405403,3.7162162162162176,5.743243243243242,1.3513513513513544,3.0405405405405403,6.081081081081077
123,CDU,900,19,0.0,0.0,2.6612138454243683,1.0,1.0,2.027027027027028,0.4800853485063925,2.0625889046941666,3.805120910384062,3.0405405405405403,4.623044096728307,1.9559032716927405,3.0405405405405403,3.378378378378379,0.6756756756756843,2.0270270270270245,0.6756756756756772,2.364864864864863
4407,SPD,900,19,0.0,0.0,4.67045993361783,0.0,0.0,1.1261261261261228,2.8982930298719793,1.9914651493598896,8.232574679943106,2.293741109530579,8.60597439544808,4.000711237553347,0.0,0.6756756756756772,0.6756756756756701,2.0270270270270316,0.675675675675663,2.7027027027026946
4523,bunt.saar,900,19,1.0,0.0,5.085348506401136,1.0,0.0,2.0270270270270303,3.0761024182076824,3.7517780938833525,7.2724039829302995,2.951635846372689,10.686344238975813,2.7738264580369787,4.054054054054056,2.702702702702709,1.689189189189193,1.689189189189193,0.0,2.0270270270270316
10,bunt.saar,900,19,1.0,1.0,4.107396870554763,1.0,1.0,2.08333333333333,0.9601706970127921,3.4139402560455068,7.965860597439544,4.374110953058327,4.445234708392604,3.485064011379805,4.054054054054063,3.0405405405405332,0.3378378378378244,2.7027027027027017,2.0270270270270174,0.3378378378378386
3759,Die Grünen,900,19,0.0,0.0,7.299075391180655,1.0,0.0,3.434684684684681,1.191322901849226,2.8271692745377024,12.624466571834994,2.3115220483641536,12.26884779516358,12.571123755334277,4.391891891891895,4.391891891891888,3.0405405405405332,3.378378378378379,2.0270270270270174,3.378378378378372
977,bunt.saar,900,19,1.0,1.0,3.9473684210526314,1.0,1.0,0.9009009009008982,4.711948790896166,2.044807965860592,4.943100995732578,4.338549075391178,6.881223328591744,0.7645803698435287,2.0270270270270245,1.0135135135135158,0.0,0.3378378378378315,0.6756756756756772,1.3513513513513402
4084,CDU,900,19,1.0,1.0,3.2302038880986252,0.0,1.0,1.3513513513513509,3.4317211948790884,3.271692745376953,0.10668563300141898,8.641536273115221,2.8271692745377024,1.1024182076813673,1.3513513513513402,0.6756756756756701,1.0135135135135158,2.702702702702709,1.0135135135135158,1.3513513513513544
1089,FDP,900,19,1.0,0.0,4.602299668089138,1.0,1.0,1.407657657657656,12.126600284495026,1.831436699857747,3.058321479374108,6.347795163584628,1.511379800853483,2.7382645803698367,1.0135135135135087,1.0135135135135087,1.3513513513513544,0.0,5.067567567567565,0.0
2229,SPD,900,19,1.0,0.0,3.814011379800854,1.0,0.0,4.110360360360359,4.765291607396875,0.9068278805120897,8.161450924608815,0.1955903271692847,2.5248933143669916,6.330014224751068,5.743243243243235,1.3513513513513544,5.4054054054054035,5.067567567567565,5.067567567567565,2.0270270270270316
3905,SPD,900,19,1.0,0.0,6.5878378378378395,1.0,1.0,2.25225225225225,7.716927453769557,4.711948790896166,7.076813655761022,5.192034139402573,5.903271692745378,8.926031294452343,3.7162162162162105,2.7027027027027017,3.378378378378386,1.3513513513513473,0.6756756756756772,1.6891891891891788
262,Die Grünen,900,19,1.0,0.0,8.253319108582263,1.0,0.0,3.096846846846848,8.890469416785209,8.677098150782356,1.1379800853485023,4.960881934566139,17.656472261735416,8.197012802275957,2.7027027027027017,0.6756756756756701,2.702702702702709,3.0405405405405475,4.729729729729726,4.729729729729733
3469,Die Grünen,900,19,0.0,0.0,3.34577999051683,1.0,0.0,2.5337837837837847,7.0945945945945965,1.1557610241820626,1.866998577524896,0.12446657183499354,8.997155049786628,0.8357041251778057,0.6756756756756772,2.3648648648648702,4.729729729729733,0.0,4.729729729729726,2.7027027027027017
1294,FDP,900,19,0.0,0.0,4.812707444286395,0.0,1.0,1.9707207207207205,2.560455192034155,6.934566145092461,1.973684210526315,2.8982930298719793,11.735419630156478,2.7738264580369787,2.0270270270270174,2.3648648648648702,1.689189189189186,0.6756756756756843,1.3513513513513473,3.7162162162162176
2381,FDP,900,19,1.0,0.0,3.099810336652439,1.0,0.0,3.0405405405405403,4.605263157894733,6.13442389758179,1.1913229018492189,2.7027027027026946,2.8449502133712627,1.1201991465149348,1.689189189189193,3.0405405405405403,2.0270270270270316,4.729729729729726,2.0270270270270245,4.729729729729726
2896,FDP,900,19,1.0,1.0,2.6315789473684243,1.0,1.0,2.083333333333334,1.6002844950213486,5.316500711237559,2.6849217638691414,3.805120910384062,1.1913229018492189,1.1913229018492153,0.0,1.0135135135135158,5.067567567567572,2.0270270270270316,2.364864864864863,2.027027027027021
1028,FDP,900,19,1.0,0.0,3.642128971076341,1.0,0.0,1.2387387387387416,1.653627311522051,5.1031294452347,0.17780938833571014,1.9025604551920452,8.748221906116648,4.267425320056894,2.0270270270270316,0.6756756756756843,0.0,3.0405405405405475,1.3513513513513473,0.3378378378378386
4804,bunt.saar,900,19,1.0,1.0,6.24407302038881,1.0,1.0,2.759009009009007,5.47652916073968,0.1422475106685539,9.459459459459467,0.1955903271692776,14.49146514935989,7.69914651493599,3.378378378378379,1.3513513513513402,2.3648648648648702,3.7162162162162176,2.0270270270270245,3.7162162162162105
1887,FDP,900,19,0.0,0.0,5.029042200094831,0.0,0.0,3.65990990990991,0.017780938833574567,1.0312944523470833,5.298719772403977,9.619487908961581,10.650782361308679,3.556187766714089,1.689189189189193,5.067567567567572,3.378378378378379,6.418918918918912,0.0,5.4054054054054035
2061,CDU,900,19,1.0,1.0,5.233522996680892,0.0,1.0,1.8581081081081041,3.698435277382636,5.26315789473685,3.5028449502133725,5.814366998577526,7.859174964438118,5.26315789473685,2.7027027027026946,1.3513513513513473,0.6756756756756701,0.0,3.7162162162162176,2.7027027027026946
1463,CDU,900,19,1.0,1.0,2.880512091038407,1.0,0.0,2.3648648648648667,4.480796586059739,2.1337126600284577,4.480796586059739,4.960881934566139,0.1955903271692847,1.0312944523470833,2.702702702702709,0.0,2.364864864864863,2.364864864864863,4.7297297297297405,2.0270270270270245
2404,FDP,900,19,1.0,1.0,4.9697724039829305,1.0,1.0,2.5337837837837824,7.841394025604551,2.0981507823613086,5.1920341394025655,4.285206258890469,8.428165007112376,1.973684210526315,1.0135135135135087,1.0135135135135158,3.0405405405405403,1.3513513513513544,4.729729729729726,4.054054054054049
4089,DIE LINKE,900,19,1.0,0.0,6.353722143195825,0.0,0.0,4.279279279279275,1.9559032716927405,1.7247510668563208,10.206258890469421,1.9381223328591872,13.424608819345657,8.872688477951627,3.378378378378372,2.364864864864856,6.418918918918926,2.364864864864856,5.067567567567565,6.081081081081074
2750,CDU,900,19,1.0,1.0,3.728070175438596,1.0,0.0,3.8288288288288315,1.5647226173541924,5.334281650071119,7.574679943100996,1.546941678520632,1.724751066856328,4.623044096728307,3.7162162162162176,4.054054054054063,1.689189189189193,5.4054054054054035,3.0405405405405475,5.067567567567565
4473,FDP,900,19,0.0,1.0,8.108108108108109,1.0,1.0,3.1531531531531507,1.369132290184929,8.926031294452336,6.507823613086771,11.94879089615933,8.926031294452343,10.970839260312943,0.3378378378378386,3.378378378378372,4.729729729729733,0.675675675675663,4.391891891891888,5.405405405405411
1785,Die Grünen,900,19,1.0,0.0,5.301683262209579,1.0,0.0,4.279279279279275,3.8940256045519206,9.139402560455203,4.0362731152204745,1.3691322901849219,7.82361308677099,5.5476529160739645,1.689189189189193,0.3378378378378244,7.432432432432435,1.3513513513513473,7.432432432432421,7.432432432432428
2563,bunt.saar,900,19,1.0,1.0,4.394855381697487,1.0,1.0,0.9572072072072046,4.089615931721191,3.0405405405405332,3.4317211948790884,0.8001422475106708,10.455192034139415,4.551920341394023,1.689189189189193,0.3378378378378386,0.3378378378378386,0.3378378378378386,0.3378378378378244,2.7027027027026946
1380,SPD,900,19,0.0,0.0,8.697842579421527,0.0,0.0,2.0833333333333357,10.046230440967285,7.21906116642959,6.970128022759603,5.014224751066855,18.616642958748223,4.320768136557611,1.0135135135135158,1.689189189189186,0.6756756756756772,0.3378378378378457,8.445945945945944,0.3378378378378457
923,Die Grünen,900,19,0.0,0.0,4.294096728307252,0.0,1.0,1.689189189189192,5.618776671408241,4.125177809388333,6.223328591749635,0.7823613086771033,6.792318634423886,2.2226173541963163,1.3513513513513473,1.689189189189193,1.689189189189193,0.0,0.6756756756756914,4.729729729729726
372,CDU,900,19,1.0,1.0,2.2937411095305813,1.0,1.0,3.885135135135137,2.9338549075391214,5.4409672830725455,0.6756756756756772,2.4537695590327075,1.2446657183499283,1.0135135135135087,4.729729729729733,1.3513513513513473,3.0405405405405403,5.743243243243249,5.743243243243242,2.702702702702709
5125,bunt.saar,900,19,1.0,0.0,4.30891417733523,1.0,0.0,1.6891891891891906,1.9203413940255984,2.560455192034155,7.841394025604551,4.516358463726888,6.241109530583209,2.7738264580369787,1.689189189189193,3.0405405405405332,0.3378378378378457,2.0270270270270316,1.689189189189186,1.3513513513513544
4255,DIE LINKE,900,19,1.0,1.0,3.802157420578475,0.0,1.0,4.27927927927928,2.080369843527741,0.17780938833571014,3.52062588904694,1.795874822190612,11.326458036984352,3.911806543385495,4.054054054054049,3.0405405405405475,6.418918918918919,5.067567567567572,0.3378378378378386,6.756756756756758
7,Die Grünen,900,19,0.0,1.0,5.855855855855856,0.0,0.0,4.448198198198198,2.400426742532005,3.7162162162162176,10.188477951635846,2.86273115220483,9.299431009957331,6.667852062588906,5.743243243243242,0.6756756756756772,8.445945945945944,4.391891891891895,1.3513513513513473,6.081081081081081
3374,Die Grünen,900,19,0.0,1.0,3.9562588904694196,0.0,1.0,1.0135135135135147,0.3911806543385552,7.290184921763881,7.2012802275960155,1.3157894736842124,0.6934566145092589,6.845661450924595,2.0270270270270245,1.013513513513523,0.3378378378378386,1.0135135135135087,1.689189189189193,0.0
1429,FDP,900,19,1.0,0.0,3.0731389284020856,1.0,1.0,2.364864864864863,2.8449502133712556,5.93883357041252,1.4580369843527734,3.307254623044095,1.7425320056899025,3.1472261735419664,2.364864864864863,2.364864864864863,3.7162162162162176,2.7027027027026946,0.6756756756756772,2.364864864864863
3442,FDP,900,19,1.0,1.0,4.113323850165955,1.0,1.0,3.3220720720720736,1.4935988620199083,1.5647226173541924,5.583214793741114,1.9203413940255984,9.921763869132299,4.196301564722617,4.729729729729733,1.3513513513513544,4.391891891891895,5.067567567567565,2.3648648648648702,2.0270270270270245
1851,SPD,900,19,0.0,0.0,4.803816974869611,0.0,0.0,3.1531531531531543,11.113086770981518,1.7780938833570303,3.9651493598862118,5.369843527738269,5.316500711237566,1.2802275960170704,4.054054054054063,6.081081081081074,5.4054054054054035,1.3513513513513615,0.3378378378378386,1.689189189189186
4130,bunt.saar,900,19,0.0,1.0,3.8169748696064487,0.0,1.0,1.3513513513513498,0.32005689900426404,0.7112375533428192,4.623044096728307,3.733997155049785,7.219061166429583,6.294452347083933,2.364864864864856,3.378378378378372,1.0135135135135158,0.3378378378378386,0.0,1.0135135135135158
3449,SPD,900,19,1.0,1.0,4.314841156946426,0.0,1.0,2.308558558558552,2.151493598862025,5.796586059743959,4.463015647226172,1.9381223328591872,3.200568990042683,8.339260312944532,0.6756756756756701,0.6756756756756701,5.067567567567565,2.7027027027026946,2.7027027027026946,2.0270270270270174
1184,FDP,900,19,0.0,1.0,5.92401612138454,0.0,0.0,3.2094594594594583,2.5426742532005733,5.93883357041252,3.1827880512090942,10.95305832147936,7.0590327169274545,5.867709815078236,5.743243243243249,1.3513513513513544,5.743243243243249,1.3513513513513402,1.689189189189186,3.378378378378372
899,Die Grünen,900,19,1.0,0.0,6.247036510194399,1.0,0.0,2.5337837837837873,5.8321479374110865,4.978662873399728,5.672119487908951,2.7027027027026946,14.08250355618776,4.2140825035561775,1.689189189189186,1.3513513513513544,3.378378378378386,1.013513513513523,2.3648648648648702,5.4054054054054035
1398,DIE LINKE,900,19,1.0,0.0,4.9845898530109,1.0,0.0,1.9707207207207251,4.2140825035561775,3.7517780938833525,4.694167852062584,2.435988620199147,6.899004267425312,7.912517780938828,0.6756756756756843,2.3648648648648702,2.364864864864863,2.3648648648648702,1.0135135135135158,3.0405405405405475
60,CDU,900,19,1.0,0.0,2.7619724988146075,1.0,1.0,1.8018018018018023,2.809388335704128,4.036273115220489,4.231863442389766,0.5867709815078399,4.551920341394016,0.35561877667140607,2.7027027027027017,2.364864864864863,0.0,5.067567567567579,0.0,0.6756756756756701
4192,CDU,900,19,1.0,0.0,3.3368895211000456,1.0,0.0,1.5202702702702713,2.9338549075391214,0.16002844950213557,1.1557610241820626,8.445945945945944,6.756756756756758,0.5689900426742511,0.6756756756756701,2.702702702702709,1.0135135135135087,1.3513513513513615,2.364864864864863,1.0135135135135158
158,bunt.saar,900,19,1.0,1.0,3.1501896633475575,0.0,1.0,2.9842342342342305,2.1692745376955855,2.7382645803698438,2.9871977240398238,2.7204836415362763,4.943100995732571,3.342816500711244,1.0135135135135087,4.054054054054049,4.391891891891895,1.3513513513513473,4.391891891891888,2.7027027027026946
4903,CDU,900,19,1.0,1.0,5.461711711711712,0.0,1.0,5.3490990990990985,0.32005689900426404,9.03271692745377,5.796586059743952,5.600995732574688,8.55263157894737,3.4672830725462305,0.3378378378378386,6.081081081081081,5.743243243243235,5.743243243243242,8.445945945945951,5.743243243243242
5192,FDP,900,19,1.0,0.0,4.065908013276435,1.0,0.0,4.8986486486486465,2.809388335704128,13.229018492176387,3.769559032716927,1.0846372688477999,0.4800853485063996,3.022759601706973,6.756756756756751,1.689189189189186,6.418918918918919,9.121621621621621,1.0135135135135087,4.391891891891895
3142,CDU,900,19,1.0,0.0,4.362256993835943,1.0,0.0,2.421171171171173,0.6045519203413932,7.3790896159317185,0.5867709815078399,6.721194879089616,1.4580369843527734,9.423897581792318,3.0405405405405332,0.6756756756756843,3.0405405405405475,3.378378378378379,4.054054054054056,0.3378378378378386
4040,FDP,900,19,0.0,0.0,4.172593646277856,0.0,0.0,3.0405405405405417,3.1294452347083777,0.1955903271692847,1.2091038406827934,9.068278805120912,9.868421052631575,1.5647226173541924,3.7162162162162176,3.7162162162162176,3.0405405405405403,2.0270270270270316,3.0405405405405403,2.7027027027027017
4809,bunt.saar,900,19,1.0,0.0,6.7419393077287815,0.0,0.0,4.6171171171171155,1.333570412517787,8.570412517780944,6.987908961593163,8.250355618776666,9.921763869132299,5.387624466571829,8.445945945945944,3.0405405405405475,5.743243243243228,2.3648648648648702,2.3648648648648702,5.743243243243235
1577,DIE LINKE,900,19,0.0,1.0,2.6878852536747275,0.0,0.0,2.927927927927931,3.556187766714082,3.9651493598862118,4.302987197724043,1.511379800853483,0.7823613086770962,2.00924608819345,1.3513513513513615,1.689189189189186,5.067567567567572,0.0,6.418918918918926,3.0405405405405403
2414,bunt.saar,900,19,1.0,1.0,5.678046467520152,1.0,1.0,1.0135135135135112,1.0668563300142253,4.338549075391185,7.3790896159317185,5.849928876244665,7.965860597439544,7.46799431009957,0.6756756756756772,1.3513513513513402,0.6756756756756772,0.0,1.6891891891891788,1.689189189189193
835,SPD,900,19,1.0,0.0,5.180180180180181,1.0,0.0,2.139639639639641,2.0981507823613086,5.583214793741114,11.735419630156471,2.3115220483641536,2.400426742531998,6.952347083926043,5.067567567567565,2.7027027027027017,0.0,4.391891891891895,0.0,0.6756756756756843
4756,bunt.saar,900,19,0.0,1.0,4.2051920341394,1.0,0.0,1.1261261261261275,4.320768136557611,2.115931721194869,5.387624466571829,2.258179231863444,4.231863442389752,6.9167852062588935,2.0270270270270316,0.0,1.3513513513513544,1.689189189189186,0.6756756756756772,1.0135135135135158
5147,FDP,900,19,1.0,1.0,4.1192508297771475,1.0,0.0,2.92792792792793,4.587482219061172,7.788051209103841,2.9694167852062634,0.9957325746799413,4.391891891891895,3.982930298719772,0.3378378378378386,7.0945945945945965,0.6756756756756772,3.7162162162162247,1.3513513513513544,4.391891891891888
377,FDP,900,19,0.0,1.0,4.362256993835942,1.0,1.0,2.92792792792793,4.694167852062584,0.017780938833574567,5.814366998577526,5.707681365576114,3.449502133712656,6.490042674253196,1.0135135135135016,1.3513513513513544,5.743243243243249,1.01351351351353,6.418918918918919,2.0270270270270245
5222,Die Grünen,900,19,1.0,0.0,4.6674964438122375,1.0,0.0,1.6891891891891895,0.053342816500716594,7.716927453769557,1.7069701280227676,0.17780938833571014,9.495021337126602,8.854907539118074,3.378378378378379,0.0,1.3513513513513402,2.7027027027027017,0.3378378378378457,2.3648648648648702
2963,Die Grünen,900,19,1.0,0.0,7.150900900900898,1.0,1.0,2.364864864864863,2.809388335704128,3.2539118065433854,10.793029871977232,2.115931721194869,13.282361308677096,10.650782361308679,2.7027027027027017,0.3378378378378386,3.0405405405405332,0.6756756756756843,4.729729729729726,2.7027027027026946
1394,CDU,900,19,1.0,0.0,3.5028449502133676,1.0,0.0,2.5900900900900887,0.4267425320056759,9.121621621621621,1.5291607396870575,1.5647226173541924,1.4580369843527734,6.916785206258886,0.3378378378378386,2.0270270270270245,1.0135135135135158,2.364864864864863,6.418918918918912,3.378378378378379
641,Die Grünen,900,19,0.0,0.0,7.097558084400194,0.0,1.0,2.4774774774774784,0.7112375533428192,1.8847795163584777,13.264580369843529,0.8357041251778057,18.012091038406837,7.876955903271693,1.3513513513513473,0.0,5.067567567567579,3.378378378378379,5.067567567567565,0.0
1840,FDP,900,19,1.0,1.0,5.357989568515884,1.0,1.0,2.195945945945946,5.583214793741114,3.556187766714082,4.711948790896152,8.339260312944532,4.587482219061165,5.3698435277382615,0.3378378378378386,3.7162162162162176,4.391891891891888,1.01351351351353,1.689189189189186,2.0270270270270174
1402,FDP,900,19,0.0,1.0,4.975699383594123,0.0,1.0,1.6328828828828843,6.152204836415365,4.711948790896166,4.534139402560456,10.775248933143672,3.627311522048366,0.053342816500716594,2.3648648648648702,0.3378378378378386,2.7027027027027017,1.0135135135135158,1.0135135135135087,2.3648648648648702
4241,FDP,900,19,0.0,1.0,2.5515647226173583,1.0,1.0,3.772522522522525,0.8712660028449548,1.546941678520632,1.404694167852064,7.539118065433861,0.5156472261735487,3.4317211948790884,4.391891891891895,2.702702702702709,4.391891891891895,3.378378378378379,1.3513513513513544,6.418918918918919
4125,FDP,900,19,1.0,1.0,4.504504504504509,1.0,1.0,2.702702702702703,6.863442389758184,0.3556187766714132,0.7823613086771033,3.342816500711244,10.419630156472266,5.2631578947368425,0.0,1.3513513513513402,2.0270270270270316,5.067567567567565,6.756756756756765,1.0135135135135158
1155,CDU,900,19,1.0,0.0,5.77584163110479,1.0,1.0,0.28153153153153215,1.3157894736842124,3.1116642958748244,9.086059743954486,7.201280227596023,8.445945945945944,5.494310099573255,0.3378378378378386,0.6756756756756772,0.3378378378378386,0.3378378378378386,0.0,0.0
3922,FDP,900,19,1.0,1.0,9.548364153627311,1.0,1.0,5.349099099099102,3.8229018492176436,7.485775248933145,6.418918918918919,3.1116642958748173,21.603840682788057,14.847083926031292,2.0270270270270316,2.7027027027027017,7.432432432432435,1.689189189189193,8.78378378378379,9.459459459459456
4674,FDP,900,19,1.0,1.0,4.208155523944996,1.0,1.0,1.7454954954954924,5.298719772403977,0.3911806543385552,6.258890469416787,1.5825035561877598,10.36628733997155,1.3513513513513473,2.364864864864856,0.0,2.3648648648648702,0.675675675675663,3.378378378378379,1.689189189189186
905,bunt.saar,900,19,1.0,1.0,6.457444286391656,1.0,1.0,2.083333333333332,2.3115220483641536,6.756756756756758,5.832147937411094,1.440256045519206,14.135846372688476,8.268136557610248,1.3513513513513544,1.689189189189193,1.0135135135135016,3.7162162162162176,2.702702702702709,2.0270270270270174
4498,FDP,900,19,0.0,1.0,4.786036036036037,1.0,0.0,0.9009009009009041,5.885490753911803,0.5867709815078257,2.5248933143669987,9.60170697012802,4.658605974395449,5.45874822190612,0.3378378378378386,2.0270270270270245,0.6756756756756843,1.3513513513513615,1.0135135135135158,0.0
3094,bunt.saar,900,19,1.0,0.0,4.228899952584158,1.0,1.0,1.6891891891891906,1.831436699857747,1.0135135135135087,10.97083926031295,2.187055476529153,6.347795163584628,3.022759601706966,2.0270270270270316,2.0270270270270245,0.3378378378378244,4.054054054054056,0.6756756756756914,1.0135135135135158
2621,SPD,900,19,0.0,0.0,7.059032716927451,1.0,1.0,1.5765765765765742,7.183499288762434,3.7873399715504945,8.517069701280235,5.636557610241816,9.939544807965845,7.290184921763881,1.3513513513513473,2.0270270270270316,1.3513513513513473,1.689189189189186,1.0135135135135016,2.0270270270270316
4963,bunt.saar,900,19,0.0,1.0,3.2539118065433854,1.0,1.0,1.1261261261261193,5.494310099573248,1.4224751066856385,2.418207681365587,0.6934566145092447,4.356330014224746,5.138691322901849,1.0135135135135087,1.6891891891891788,1.6891891891891788,1.0135135135135087,0.6756756756756772,0.675675675675663
3985,bunt.saar,900,19,1.0,1.0,4.581555239449977,1.0,1.0,0.900900900900897,5.174253200568991,6.756756756756758,2.0270270270270316,0.37339971550497353,8.605974395448087,4.551920341394023,0.0,1.6891891891891788,0.675675675675663,1.3513513513513473,1.3513513513513544,0.3378378378378386
1227,DIE LINKE,900,19,1.0,0.0,1.935158843053583,1.0,0.0,3.4346846846846852,0.17780938833571014,0.017780938833574567,0.40896159317212266,1.0490753911806578,6.810099573257467,3.1472261735419664,2.0270270270270245,1.3513513513513544,5.067567567567565,0.6756756756756701,5.743243243243249,5.743243243243249
4058,FDP,900,19,1.0,1.0,6.53745851114272,1.0,1.0,1.970720720720723,8.143669985775247,3.1116642958748173,7.21906116642959,5.743243243243242,7.04125177809388,7.965860597439544,0.0,1.689189189189193,3.7162162162162176,0.6756756756756772,1.0135135135135158,4.729729729729733
1805,CDU,900,19,1.0,0.0,4.228899952584165,1.0,1.0,2.3648648648648654,1.546941678520632,4.480796586059739,2.5426742532005733,3.840682788051211,10.579658605974402,2.3826458036984306,3.7162162162162176,1.0135135135135158,2.0270270270270245,3.7162162162162176,3.378378378378379,0.3378378378378386
1765,SPD,900,19,1.0,0.0,1.6891891891891895,1.0,0.0,3.2657657657657673,1.0846372688477999,4.160739687055475,0.017780938833574567,1.5825035561877598,0.35561877667140607,2.9338549075391214,4.391891891891895,3.0405405405405475,4.391891891891888,2.7027027027026946,3.378378378378393,1.689189189189186
4762,CDU,900,19,1.0,1.0,3.159080132764346,0.0,1.0,1.2950450450450421,0.17780938833570303,0.3911806543385552,1.1557610241820768,7.290184921763881,4.996443812233288,4.943100995732571,1.3513513513513402,0.0,0.3378378378378386,4.054054054054049,0.0,2.0270270270270245
684,Die Grünen,900,19,0.0,1.0,3.87328117591275,1.0,1.0,1.689189189189193,0.32005689900426404,5.6899004267425255,7.3079658605974345,2.080369843527734,1.9203413940255984,5.921052631578945,2.3648648648648702,1.0135135135135158,1.0135135135135158,1.689189189189193,2.0270270270270316,2.0270270270270316
3960,bunt.saar,900,19,0.0,1.0,5.221669037458515,0.0,1.0,2.5900900900900923,2.2226173541963092,4.765291607396868,9.957325746799427,0.7290184921763867,5.316500711237566,8.339260312944532,0.6756756756756772,1.3513513513513544,3.0405405405405332,2.364864864864863,3.378378378378386,4.7297297297297405
266,CDU,900,19,1.0,1.0,5.503200568990042,1.0,1.0,2.027027027027026,1.1201991465149348,6.810099573257467,8.07254623044097,0.3378378378378386,7.325746799431009,9.352773826458034,0.3378378378378386,0.0,3.378378378378379,3.0405405405405332,1.3513513513513473,4.054054054054056
618,Die Grünen,900,19,1.0,1.0,7.130156472261734,1.0,1.0,1.6328828828828819,0.32005689900427114,7.788051209103841,6.703413940256041,6.063300142247506,12.660028449502128,9.246088193456615,0.3378378378378386,0.0,3.7162162162162105,1.3513513513513544,2.702702702702709,1.6891891891891788
2562,CDU,900,19,1.0,0.0,6.095898530109056,1.0,0.0,4.222972972972973,0.35561877667140607,0.32005689900426404,6.152204836415365,8.766002844950215,14.473684210526315,6.507823613086771,2.7027027027027017,1.3513513513513473,5.067567567567565,0.0,10.810810810810814,5.405405405405411
146,FDP,900,19,0.0,0.0,3.9888572783309613,1.0,1.0,2.1959459459459487,1.3335704125177799,4.036273115220489,1.689189189189186,5.298719772403977,6.774537695590325,4.80085348506401,1.689189189189186,1.0135135135135158,2.702702702702709,1.013513513513523,4.054054054054056,2.7027027027027017
3804,SPD,900,19,1.0,1.0,4.128141299193935,1.0,1.0,1.9707207207207251,1.6002844950213486,4.658605974395449,7.2724039829302995,2.4182076813655797,3.1116642958748173,5.707681365576114,0.3378378378378457,0.6756756756756843,2.7027027027026946,2.364864864864863,2.3648648648648702,3.378378378378393
4749,bunt.saar,900,19,1.0,0.0,4.643788525367473,0.0,0.0,1.970720720720717,7.894736842105267,2.293741109530579,2.275960170697026,4.142958748221901,7.556899004267429,3.698435277382636,1.689189189189186,0.6756756756756701,0.3378378378378386,1.3513513513513473,3.7162162162162176,4.054054054054042
4959,CDU,900,19,0.0,0.0,7.3020388809862515,0.0,1.0,1.5765765765765778,9.174964438122338,10.56187766714082,3.3961593172119535,9.103840682788054,10.953058321479375,0.6223328591749677,0.3378378378378386,0.6756756756756701,3.0405405405405475,2.0270270270270316,0.0,3.378378378378379
4230,Die Grünen,900,19,0.0,0.0,5.046823138928399,1.0,1.0,1.4639639639639708,1.5647226173541924,2.6137980085348573,6.0099573257467895,4.67638691322901,10.11735419630157,5.298719772403977,1.3513513513513544,2.0270270270270245,1.01351351351353,1.3513513513513615,2.0270270270270316,1.013513513513523
4388,SPD,900,19,0.0,0.0,4.569701280227595,1.0,0.0,2.0270270270270303,2.809388335704128,1.1557610241820626,8.872688477951627,4.409672830725462,6.258890469416791,3.9118065433855023,4.391891891891895,0.6756756756756843,3.378378378378379,1.689189189189186,1.0135135135135158,1.013513513513523
2581,CDU,900,19,1.0,1.0,5.061640587956376,1.0,1.0,0.9572072072072105,0.284495021337122,4.551920341394016,4.160739687055475,6.383357041251777,10.010668563300136,4.978662873399728,0.6756756756756772,0.3378378378378457,2.364864864864863,0.3378378378378386,1.3513513513513544,0.6756756756756843
4770,CDU,900,19,0.0,0.0,4.350403034613563,1.0,1.0,2.9279279279279273,4.9075391180654435,1.4580369843527734,5.672119487908958,7.147937411095306,2.5604551920341407,4.356330014224753,0.6756756756756701,2.364864864864863,6.081081081081081,0.3378378378378386,3.0405405405405403,5.067567567567572
3870,DIE LINKE,900,19,1.0,1.0,4.806780464675202,0.0,1.0,1.9144144144144128,2.489331436699864,3.5028449502133583,5.938833570412527,3.307254623044095,10.170697012802279,3.4317211948790884,1.0135135135135087,4.729729729729726,1.689189189189193,3.378378378378372,0.3378378378378386,0.3378378378378386
3919,bunt.saar,900,19,0.0,1.0,1.8966334755808454,1.0,1.0,1.5765765765765742,1.2446657183499283,3.3605974395447973,0.7823613086770962,1.3513513513513473,3.3961593172119677,1.2446657183499354,0.6756756756756772,1.3513513513513686,2.364864864864856,1.0135135135135087,1.6891891891891788,2.364864864864856
1371,FDP,900,19,1.0,0.0,2.945708866761501,1.0,1.0,2.2522522522522537,3.3961593172119606,3.129445234708392,5.93883357041252,1.2091038406827863,3.52062588904694,0.4800853485064067,1.01351351351353,1.3513513513513473,3.378378378378379,1.0135135135135016,2.364864864864863,4.391891891891902
2401,bunt.saar,900,19,0.0,0.0,2.3085585585585626,0.0,0.0,1.8581081081081063,0.9957325746799413,2.9338549075391214,0.5867709815078399,1.191322901849226,7.147937411095306,0.9957325746799413,3.7162162162162105,0.6756756756756772,2.364864864864856,2.702702702702709,0.3378378378378386,1.3513513513513473
701,bunt.saar,900,19,1.0,0.0,5.639521100047417,1.0,0.0,1.6891891891891906,0.46230440967283215,9.83285917496444,5.992176386913229,3.627311522048366,9.815078236130866,4.107396870554766,5.743243243243249,2.0270270270270316,0.0,1.3513513513513473,0.0,1.0135135135135158
3098,CDU,900,19,1.0,1.0,4.5963726884779526,1.0,0.0,2.8153153153153148,1.5825035561877598,3.7162162162162176,6.205547652916081,0.6223328591749677,7.076813655761022,8.374822190611667,1.0135135135135016,6.081081081081088,2.0270270270270245,1.689189189189193,3.7162162162162176,2.364864864864863
1360,bunt.saar,900,19,1.0,1.0,2.924964438122332,1.0,1.0,1.8018018018018036,0.1422475106685539,2.951635846372696,4.960881934566139,0.5689900426742511,4.249644381223341,4.67638691322901,2.364864864864863,2.0270270270270316,1.013513513513523,1.0135135135135158,2.364864864864856,2.0270270270270316
4535,FDP,900,19,1.0,0.0,2.670104314841158,1.0,1.0,0.9009009009009006,4.249644381223341,1.191322901849226,0.7823613086770962,3.022759601706973,4.19630156472261,2.578236130867701,2.364864864864856,0.0,0.3378378378378386,0.0,1.0135135135135158,1.689189189189193
4853,CDU,900,19,0.0,0.0,7.429468942626837,1.0,0.0,1.689189189189192,2.8982930298719793,10.668563300142246,6.436699857752494,0.21337126600283796,14.402560455192038,9.957325746799427,1.013513513513523,1.689189189189193,2.364864864864863,2.0270270270270245,1.3513513513513615,1.689189189189186
1640,DIE LINKE,900,19,1.0,1.0,2.184091986723562,0.0,1.0,1.8018018018018023,0.8001422475106708,1.8669985775248819,4.089615931721191,1.1913229018492189,4.018492176386907,1.1379800853485023,0.6756756756756843,1.3513513513513402,1.689189189189193,2.0270270270270316,2.3648648648648702,2.7027027027026946
4559,bunt.saar,900,19,1.0,1.0,3.5739687055476566,1.0,1.0,2.1959459459459496,3.556187766714089,3.058321479374108,5.761024182076824,1.2802275960170775,6.1877667140825,1.6002844950213415,2.3648648648648702,1.689189189189193,0.6756756756756772,3.378378378378379,2.0270270270270316,3.0405405405405475
2894,FDP,900,19,1.0,0.0,2.6849217638691307,0.0,1.0,2.9842342342342305,3.058321479374108,4.267425320056894,2.8271692745377024,2.7560455192034112,1.0312944523470762,2.1692745376955926,1.6891891891891788,2.0270270270270245,4.391891891891895,3.0405405405405332,1.3513513513513473,5.4054054054054035
1605,FDP,900,19,1.0,1.0,6.341868183973445,1.0,1.0,2.9279279279279273,7.343527738264598,2.0981507823613086,4.551920341394016,8.7660028449502,7.645803698435273,7.645803698435273,3.7162162162162247,4.054054054054049,2.0270270270270316,0.3378378378378244,3.0405405405405403,4.391891891891895
863,FDP,900,19,1.0,0.0,3.7488146040777637,1.0,1.0,3.5472972972972996,2.2048364153627347,6.667852062588906,2.9871977240398238,1.5469416785206391,6.276671408250351,2.809388335704128,2.3648648648648702,2.0270270270270245,3.7162162162162176,2.3648648648648702,3.378378378378386,7.432432432432428
4253,Die Grünen,900,19,0.0,0.0,3.618421052631581,1.0,1.0,2.308558558558557,2.293741109530579,1.2091038406827863,7.930298719772409,2.1337126600284506,4.516358463726888,3.627311522048373,3.378378378378379,2.364864864864856,1.689189189189193,4.391891891891895,1.3513513513513402,0.6756756756756772
2279,FDP,900,19,0.0,1.0,4.457088667614986,1.0,1.0,4.954954954954952,0.5867709815078399,0.2489331436699871,7.894736842105267,6.934566145092461,3.698435277382643,7.3790896159317185,2.364864864864856,4.729729729729726,7.432432432432435,0.6756756756756701,7.432432432432435,7.094594594594589
3766,FDP,900,19,0.0,1.0,5.473565670934096,0.0,1.0,1.9707207207207194,0.32005689900426404,0.053342816500716594,9.850640113798008,1.0312944523470904,14.3669985775249,7.21906116642959,3.0405405405405332,2.3648648648648702,1.0135135135135158,0.6756756756756772,3.0405405405405332,1.689189189189186
3528,DIE LINKE,900,19,1.0,1.0,4.305950687529635,0.0,0.0,3.0968468468468466,3.4317211948790884,3.0405405405405332,1.369132290184929,4.836415362731152,12.07325746799431,1.0846372688477999,1.3513513513513544,0.675675675675663,6.756756756756758,0.3378378378378386,2.3648648648648702,7.0945945945945965
4537,FDP,900,19,1.0,1.0,3.559151256519673,1.0,1.0,1.745495495495497,4.551920341394016,2.4537695590327075,2.3648648648648702,4.658605974395449,6.223328591749635,1.1024182076813602,4.054054054054063,1.0135135135135158,0.3378378378378386,1.0135135135135016,1.6891891891892001,2.364864864864863
4319,SPD,900,19,0.0,0.0,3.606567093409199,1.0,0.0,2.6463963963963977,2.115931721194869,2.275960170697026,5.636557610241823,5.885490753911803,0.07112375533426984,5.654338549075405,1.0135135135135087,5.067567567567572,2.3648648648648702,2.3648648648648702,3.7162162162162247,1.3513513513513402
1913,FDP,900,19,0.0,1.0,7.2694404931247085,0.0,0.0,3.32207207207207,0.5156472261735487,2.2048364153627347,2.6849217638691414,5.245376955903275,21.674964438122338,11.290896159317214,3.378378378378372,3.378378378378379,7.094594594594589,3.0405405405405403,1.3513513513513544,1.689189189189186
5218,Die Grünen,900,19,0.0,0.0,4.2318634423897565,0.0,0.0,1.7454954954954995,0.7290184921763796,1.5825035561877598,6.792318634423886,3.485064011379805,9.975106685633016,2.8271692745376953,3.378378378378393,3.0405405405405332,2.0270270270270174,1.013513513513523,1.01351351351353,0.0
1535,FDP,900,19,1.0,1.0,3.784376481744903,1.0,1.0,3.0405405405405475,4.445234708392597,4.516358463726888,0.6223328591749677,4.818634423897571,7.592460881934574,0.7112375533428192,3.378378378378393,1.0135135135135158,3.378378378378379,6.081081081081088,1.6891891891892001,2.702702702702709
2969,bunt.saar,900,19,1.0,1.0,5.168326220957796,1.0,1.0,1.576576576576579,6.152204836415358,5.6899004267425255,5.52987197724039,3.0761024182076824,7.6635846372688405,2.8982930298719793,1.0135135135135158,1.689189189189193,1.3513513513513544,3.7162162162162176,1.689189189189193,0.0
1302,CDU,900,19,1.0,0.0,4.142958748221905,1.0,1.0,3.209459459459463,1.0846372688477857,3.058321479374115,3.7162162162162176,14.811522048364154,0.9423897581792318,1.2446657183499283,0.6756756756756914,2.3648648648648702,4.729729729729726,3.7162162162162176,1.689189189189193,6.081081081081081
779,DIE LINKE,900,19,1.0,0.0,2.9634898055950694,1.0,1.0,1.689189189189192,0.7823613086770962,3.6806543385490826,1.191322901849226,0.426742532005683,10.56187766714082,1.1379800853485094,3.378378378378379,1.3513513513513615,1.689189189189186,0.6756756756756772,0.6756756756756843,2.364864864864863
476,Die Grünen,900,19,1.0,0.0,3.766595542911329,1.0,0.0,1.0698198198198188,0.017780938833574567,0.6578947368421026,2.7027027027026946,4.818634423897571,9.45945945945946,4.943100995732571,1.689189189189186,1.0135135135135087,0.6756756756756772,1.689189189189193,1.0135135135135087,0.3378378378378386
4584,SPD,900,19,1.0,0.0,6.024774774774774,1.0,1.0,3.434684684684683,0.21337126600283796,2.8271692745377024,13.620199146514935,4.889758179231862,5.992176386913229,8.60597439544808,3.7162162162162105,5.4054054054054035,2.3648648648648702,4.729729729729726,4.054054054054049,0.3378378378378386
2502,SPD,900,19,1.0,0.0,7.548008534850639,0.0,0.0,5.461711711711708,3.1827880512090942,10.08179231863442,8.623755334281647,1.8847795163584706,11.006401137980092,10.50853485064011,3.378378378378379,2.364864864864863,6.081081081081074,7.432432432432435,8.445945945945937,5.067567567567565
4972,CDU,900,19,1.0,0.0,4.531175912754864,1.0,1.0,1.2387387387387416,0.46230440967282505,4.463015647226179,2.987197724039838,9.530583214793744,5.51209103840683,4.231863442389766,1.3513513513513544,3.378378378378379,1.3513513513513615,0.3378378378378386,0.6756756756756701,0.3378378378378457
2025,CDU,900,19,1.0,0.0,4.3000237079184425,1.0,1.0,1.6328828828828854,6.223328591749642,1.7780938833570303,1.4580369843527734,3.769559032716927,9.45945945945946,3.1116642958748244,1.0135135135135087,2.702702702702709,2.0270270270270316,2.7027027027027017,0.3378378378378457,1.0135135135135158
3778,DIE LINKE,900,19,0.0,1.0,1.57954006638217,0.0,1.0,2.5337837837837838,0.3378378378378386,3.627311522048373,1.1735419630156443,0.08890469416784441,2.0625889046941666,2.187055476529153,3.378378378378372,1.0135135135135158,3.0405405405405332,2.3648648648648702,4.391891891891895,1.0135135135135158
1691,DIE LINKE,900,19,0.0,1.0,4.184447605500235,0.0,0.0,3.8851351351351333,8.908250355618776,3.840682788051197,6.383357041251777,1.973684210526315,3.8229018492176436,0.17780938833570303,1.689189189189186,1.3513513513513402,5.743243243243242,2.0270270270270316,5.743243243243242,6.756756756756758
1560,FDP,900,19,0.0,0.0,3.7814129919393102,0.0,0.0,2.6463963963963977,5.583214793741114,0.9068278805120897,0.8001422475106708,5.26315789473685,7.716927453769557,2.4182076813655797,0.3378378378378386,3.0405405405405403,4.391891891891895,1.689189189189186,4.054054054054063,2.364864864864863
1453,DIE LINKE,900,19,0.0,1.0,4.258534850640114,0.0,0.0,2.7027027027027066,4.854196301564727,6.987908961593163,3.556187766714082,2.6137980085348573,6.916785206258886,0.6223328591749677,3.0405405405405475,1.3513513513513402,4.7297297297297405,4.391891891891895,0.0,2.702702702702716
417,SPD,900,19,1.0,0.0,4.3178046467520135,0.0,0.0,5.518018018018015,5.1031294452347,6.276671408250358,4.978662873399728,1.5647226173541924,3.378378378378372,4.605263157894733,7.094594594594589,4.391891891891888,4.391891891891888,7.432432432432428,5.4054054054054035,4.391891891891895
4658,FDP,900,19,1.0,1.0,5.192034139402558,1.0,1.0,1.9707207207207251,9.60170697012802,4.80085348506401,5.423186344238971,3.1294452347083848,0.3378378378378386,7.859174964438125,1.013513513513523,0.0,2.0270270270270316,3.0405405405405475,0.3378378378378386,5.405405405405411
2248,FDP,900,19,1.0,1.0,3.5058084400189657,1.0,1.0,2.7590090090090116,5.2275960170697005,3.591749644381224,1.724751066856328,2.7027027027026946,4.658605974395456,3.129445234708392,0.0,2.0270270270270316,3.7162162162162176,4.054054054054063,1.3513513513513544,5.4054054054054035
3214,DIE LINKE,900,19,1.0,0.0,3.75770507349455,1.0,0.0,2.815315315315319,0.40896159317212266,0.053342816500716594,0.23115220483641252,6.436699857752494,12.00213371266004,3.413940256045514,5.743243243243242,3.0405405405405403,4.054054054054056,0.6756756756756843,0.6756756756756843,2.702702702702709
1962,FDP,900,19,1.0,0.0,6.5552394499762885,1.0,0.0,3.941441441441439,5.298719772403977,3.805120910384069,2.7382645803698367,11.806543385490748,11.130867709815078,4.55192034139402,0.3378378378378386,0.6756756756756772,4.054054054054049,6.081081081081081,7.770270270270267,4.729729729729723
2035,bunt.saar,900,19,1.0,0.0,2.8656946420104332,0.0,1.0,3.322072072072069,4.800853485064017,2.4182076813655797,2.6315789473684177,3.0761024182076824,1.8847795163584706,2.3826458036984306,1.0135135135135087,7.094594594594589,3.7162162162162105,1.3513513513513544,6.418918918918912,0.3378378378378386
4875,bunt.saar,900,19,1.0,1.0,1.8995969653864389,1.0,1.0,1.0135135135135123,3.4317211948790884,3.413940256045514,2.0270270270270316,0.26671408250356166,1.4580369843527734,0.8001422475106637,1.689189189189186,0.3378378378378244,1.3513513513513544,1.3513513513513544,0.6756756756756772,0.6756756756756772
4231,CDU,900,19,0.0,0.0,4.866050260787103,0.0,1.0,2.1396396396396375,8.410384068278809,3.4672830725462234,3.378378378378379,1.795874822190612,10.579658605974402,1.5647226173541924,1.689189189189186,2.0270270270270245,1.0135135135135087,4.729729729729726,1.689189189189193,1.689189189189186
1731,FDP,900,19,0.0,0.0,3.7814129919393102,0.0,0.0,2.7590090090090116,1.4224751066856385,1.475817923186355,1.724751066856328,6.507823613086771,9.139402560455189,2.4182076813655797,4.391891891891888,3.7162162162162176,3.0405405405405475,0.6756756756756843,3.0405405405405403,1.689189189189193
1289,FDP,900,19,1.0,1.0,3.212422949265053,1.0,1.0,2.646396396396394,6.3122332859175,0.8179231863442382,1.6714082503556185,1.8669985775248819,8.143669985775247,0.46230440967283215,1.0135135135135016,2.3648648648648702,2.3648648648648702,2.0270270270270174,2.364864864864863,5.743243243243242
492,Die Grünen,900,19,0.0,0.0,5.011261261261269,1.0,1.0,1.2950450450450433,2.275960170697026,3.2894736842105345,9.975106685633016,3.9651493598862118,5.600995732574688,4.960881934566139,0.3378378378378315,1.0135135135135087,1.3513513513513686,1.0135135135135087,2.364864864864856,1.689189189189186
132,Die Grünen,900,19,1.0,1.0,3.971076339497395,0.0,0.0,1.9707207207207216,1.653627311522051,3.165007112375534,2.631578947368425,5.707681365576107,7.770270270270274,2.8982930298719793,1.0135135135135087,2.702702702702709,3.0405405405405332,1.0135135135135158,2.0270270270270316,2.0270270270270316
996,bunt.saar,900,19,1.0,1.0,8.469653864390706,1.0,1.0,0.5067567567567531,0.3378378378378386,10.54409672830726,7.005689900426745,5.796586059743952,19.02560455192034,8.108108108108098,0.3378378378378386,0.3378378378378315,0.6756756756756772,0.6756756756756701,0.675675675675663,0.3378378378378386
1561,FDP,900,19,1.0,0.0,1.656590801327642,0.0,0.0,5.405405405405406,0.17780938833571014,0.0,0.35561877667140607,3.413940256045514,3.662873399715501,2.329302987197721,7.770270270270267,6.418918918918912,5.067567567567579,5.067567567567565,4.054054054054056,4.054054054054056
2704,Die Grünen,900,19,0.0,0.0,3.322072072072075,1.0,1.0,2.2522522522522515,5.138691322901856,3.2539118065433854,4.267425320056894,0.2489331436699942,3.876244665718353,3.1472261735419664,0.6756756756756772,1.0135135135135087,2.702702702702709,2.7027027027027017,2.7027027027026946,3.7162162162162176
1411,bunt.saar,900,19,1.0,0.0,7.548008534850641,1.0,0.0,7.150900900900903,7.2724039829302995,0.4800853485063925,14.775960170697019,3.307254623044095,11.095305832147943,8.3570412517781,3.7162162162162176,2.0270270270270316,10.135135135135137,7.094594594594589,7.770270270270281,12.162162162162161
4113,Die Grünen,900,19,0.0,1.0,2.7619724988146004,1.0,1.0,3.2657657657657624,1.7780938833570303,2.0803698435277482,6.169985775248932,3.271692745376953,2.4537695590327075,0.8179231863442311,2.0270270270270245,0.675675675675663,3.7162162162162105,1.0135135135135158,5.743243243243242,6.418918918918919
1744,CDU,900,19,1.0,0.0,8.377785680417256,1.0,1.0,3.6599099099099113,7.503556187766712,4.2496443812233196,11.148648648648653,12.357752489331439,9.70839260312944,5.298719772403977,1.0135135135135087,1.3513513513513615,5.743243243243249,2.3648648648648702,5.743243243243235,5.743243243243242
1675,Die Grünen,900,19,0.0,1.0,5.180180180180183,0.0,1.0,4.110360360360363,7.147937411095306,2.275960170697026,1.3513513513513473,8.748221906116648,7.965860597439537,3.591749644381231,4.729729729729726,2.364864864864856,1.013513513513523,7.0945945945945965,4.054054054054063,5.405405405405411
4210,SPD,900,19,0.0,1.0,6.427809388335707,1.0,0.0,3.5472972972972996,5.4765291607396875,4.089615931721191,9.228307254623047,1.689189189189186,7.343527738264598,10.73968705547653,4.054054054054056,0.6756756756756772,5.743243243243242,3.378378378378379,1.3513513513513686,6.081081081081074
5041,bunt.saar,900,19,0.0,0.0,8.016239924134664,0.0,0.0,3.772522522522524,4.249644381223341,8.890469416785209,8.766002844950215,1.8492176386913215,11.824324324324323,12.517780938833575,2.7027027027027017,1.689189189189193,3.378378378378379,6.081081081081088,2.7027027027027017,6.081081081081081
2488,FDP,900,19,0.0,1.0,5.941797060218113,1.0,1.0,2.195945945945946,10.08179231863442,3.1472261735419664,3.5739687055476566,8.641536273115221,5.4054054054054035,4.80085348506401,2.0270270270270245,1.0135135135135087,5.743243243243249,1.3513513513513544,1.3513513513513544,1.689189189189186
4568,FDP,900,19,1.0,1.0,6.006993835941209,1.0,1.0,1.0698198198198188,5.600995732574688,2.4182076813655797,4.463015647226172,7.343527738264598,13.726884779516354,2.489331436699864,1.0135135135135158,0.0,0.0,0.675675675675663,3.378378378378379,1.3513513513513544
640,bunt.saar,900,19,0.0,0.0,5.725462304409674,0.0,0.0,2.4211711711711708,2.0981507823613086,2.507112375533424,5.583214793741114,3.1472261735419664,11.468705547652924,9.548364153627304,4.391891891891888,1.3513513513513473,0.6756756756756701,4.054054054054056,1.3513513513513544,2.702702702702709
3097,SPD,900,19,1.0,1.0,4.246680891417731,1.0,0.0,3.547297297297297,3.200568990042669,7.450213371266003,4.800853485064017,1.3869132290184822,5.476529160739673,3.165007112375541,2.0270270270270245,2.702702702702709,5.743243243243242,2.0270270270270316,4.391891891891888,4.391891891891888
1931,bunt.saar,900,19,0.0,0.0,3.4909909909909884,1.0,0.0,2.5337837837837847,1.5647226173541924,5.28093883357041,3.200568990042669,3.698435277382643,3.520625889046933,3.6806543385490826,0.6756756756756772,0.3378378378378386,5.743243243243249,2.0270270270270245,4.729729729729726,1.689189189189193
1832,bunt.saar,900,19,1.0,1.0,4.059981033665246,1.0,1.0,1.5765765765765778,4.089615931721191,4.640825035561882,6.454480796586061,2.6493598862019923,1.226884779516368,5.2987197724039845,1.0135135135135087,1.689189189189186,2.3648648648648702,0.6756756756756772,1.3513513513513544,2.3648648648648702
2062,CDU,900,19,1.0,1.0,3.674727358937884,1.0,1.0,1.5765765765765718,5.014224751066848,4.17852062588905,0.32005689900427114,4.338549075391185,7.2368421052631575,0.9601706970127921,0.675675675675663,2.7027027027026946,1.689189189189193,0.0,3.0405405405405403,1.3513513513513402
2100,DIE LINKE,900,19,1.0,0.0,6.226292081555239,1.0,0.0,1.4076576576576596,9.121621621621621,5.974395448079662,5.1209103840682815,9.815078236130866,5.4765291607396875,1.8492176386913144,0.6756756756756772,3.378378378378379,0.0,0.3378378378378457,1.3513513513513544,2.7027027027027017
671,SPD,900,19,0.0,1.0,2.518966334755813,0.0,0.0,2.7590090090090094,2.809388335704128,3.982930298719772,0.5334281650071233,0.3022759601707037,4.800853485064017,2.6849217638691343,3.378378378378372,1.689189189189193,1.0135135135135158,5.743243243243249,1.689189189189186,3.0405405405405403
3195,bunt.saar,900,19,1.0,0.0,3.301327643432907,1.0,0.0,1.7454954954954935,4.480796586059739,3.5739687055476566,1.5469416785206391,0.7645803698435216,7.965860597439544,1.4758179231863409,0.3378378378378315,0.3378378378378386,1.3513513513513544,3.0405405405405403,4.391891891891881,1.0135135135135158
909,FDP,900,19,1.0,0.0,4.377074442863915,1.0,1.0,2.8153153153153148,7.539118065433861,0.9246088193456643,6.152204836415358,3.8940256045519135,5.832147937411094,1.9203413940255984,0.6756756756756701,1.689189189189186,2.3648648648648702,5.4054054054054035,3.378378378378379,3.378378378378379
5056,FDP,900,19,1.0,0.0,5.663229018492178,1.0,1.0,4.898648648648648,10.721906116642963,3.5739687055476566,5.654338549075398,5.032005689900423,4.925320056899004,4.071834992887624,0.6756756756756772,3.7162162162162176,8.108108108108105,3.7162162162162105,7.0945945945945965,6.081081081081081
3779,bunt.saar,900,19,1.0,0.0,3.5710052157420527,1.0,1.0,2.9842342342342327,5.352062588904694,5.032005689900423,4.67638691322901,1.1557610241820626,2.6849217638691343,2.5248933143669916,1.0135135135135158,3.378378378378372,5.743243243243235,0.6756756756756701,5.405405405405411,1.689189189189193
4802,CDU,900,19,0.0,1.0,2.9457088667614975,1.0,0.0,2.364864864864862,3.022759601706973,5.618776671408241,2.8271692745377024,0.32005689900426404,4.107396870554773,1.7780938833570303,0.3378378378378244,4.054054054054049,1.689189189189186,0.6756756756756772,2.7027027027026946,4.7297297297297405
3727,Die Grünen,900,19,1.0,0.0,5.844001896633476,1.0,1.0,2.0270270270270268,0.37339971550497353,6.258890469416791,7.0945945945945965,3.378378378378379,9.975106685633016,7.983641536273105,3.0405405405405403,0.0,2.0270270270270316,4.054054054054056,2.0270270270270316,1.0135135135135016
5021,bunt.saar,900,19,0.0,1.0,3.4109767662399215,1.0,1.0,4.50450450450451,4.285206258890469,2.6315789473684177,3.698435277382636,4.871977240398294,0.4978662873399742,4.480796586059739,5.067567567567572,4.391891891891902,6.081081081081095,1.689189189189186,3.378378378378386,6.418918918918919
2362,CDU,900,19,0.0,1.0,4.602299668089141,0.0,1.0,2.5900900900900914,2.720483641536269,0.32005689900426404,7.734708392603125,2.916073968705547,9.228307254623047,4.694167852062591,1.3513513513513402,2.702702702702709,1.3513513513513615,1.689189189189193,4.054054054054049,4.391891891891895
531,FDP,900,19,1.0,1.0,3.5028449502133725,1.0,1.0,3.6036036036036028,3.413940256045514,1.9559032716927476,4.871977240398294,5.512091038406837,2.5604551920341407,2.7027027027027017,4.391891891891895,5.067567567567565,4.391891891891891,0.3378378378378386,2.364864864864863,5.067567567567565
201,bunt.saar,900,19,0.0,1.0,5.891417733522995,0.0,1.0,1.0698198198198174,0.6223328591749677,0.9957325746799413,8.819345661450917,6.294452347083919,8.78378378378379,9.832859174964433,0.3378378378378386,2.364864864864856,0.3378378378378244,0.3378378378378386,0.6756756756756914,2.364864864864856
999,Die Grünen,900,19,1.0,0.0,10.932313892840206,1.0,0.0,4.2229729729729755,9.992887624466569,12.802275960170704,7.23684210526315,2.507112375533424,24.946657183499283,8.108108108108105,3.378378378378379,2.702702702702709,4.391891891891902,4.054054054054056,6.081081081081074,4.729729729729733
4891,SPD,900,19,0.0,0.0,5.758060692271218,0.0,0.0,2.083333333333337,6.721194879089616,2.9871977240398238,7.503556187766712,5.7610241820768096,10.579658605974402,0.9957325746799413,1.3513513513513473,0.6756756756756843,4.7297297297297405,0.3378378378378457,0.3378378378378386,5.067567567567565
1015,bunt.saar,900,19,1.0,0.0,5.571360834518728,1.0,1.0,1.5765765765765754,1.760312944523477,3.413940256045514,7.361308677098144,5.885490753911803,9.174964438122338,5.832147937411094,2.364864864864863,0.3378378378378386,0.675675675675663,2.702702702702709,0.6756756756756701,2.702702702702709
2412,FDP,900,19,0.0,1.0,5.50023707918445,1.0,1.0,1.8018018018017965,8.908250355618776,4.996443812233281,1.7958748221906191,10.91749644381224,2.009246088193457,4.374110953058327,3.7162162162162033,0.6756756756756772,1.0135135135135052,0.675675675675663,1.3513513513513544,3.3783783783783754
3130,FDP,900,19,1.0,0.0,5.192034139402558,1.0,1.0,1.5765765765765802,5.209815078236119,4.640825035561875,0.6045519203413932,2.0270270270270316,12.766714082503562,5.903271692745371,2.3648648648648702,0.3378378378378386,2.0270270270270316,2.0270270270270316,1.3513513513513544,1.3513513513513544
2147,bunt.saar,900,19,1.0,0.0,6.691559981033666,1.0,1.0,1.2950450450450468,0.8890469416785152,4.960881934566139,8.801564722617364,3.982930298719772,15.949502133712663,5.565433854907539,0.0,0.3378378378378315,1.3513513513513686,0.3378378378378386,4.391891891891888,1.3513513513513544
3204,CDU,900,19,1.0,1.0,2.993124703651018,1.0,1.0,2.984234234234234,4.160739687055468,3.840682788051211,1.2268847795163538,0.9601706970128063,4.445234708392604,3.3250355618776624,2.7027027027026946,3.378378378378379,3.378378378378379,4.391891891891895,3.7162162162162176,0.3378378378378386
2389,Die Grünen,900,19,0.0,1.0,3.559151256519679,0.0,0.0,3.4346846846846795,1.866998577524896,6.614509246088197,6.347795163584628,2.2226173541963092,3.058321479374108,1.2446657183499354,3.378378378378379,4.054054054054042,4.391891891891888,4.054054054054056,4.391891891891888,0.3378378378378244
111,SPD,900,19,1.0,0.0,2.7086296823138944,0.0,0.0,3.2094594594594583,2.7382645803698438,2.329302987197721,7.450213371266003,0.3378378378378386,1.262446657183503,2.1337126600284577,3.378378378378379,3.0405405405405403,3.7162162162162105,4.391891891891895,2.3648648648648702,2.364864864864856
2400,Die Grünen,900,19,1.0,0.0,4.148885727833097,1.0,0.0,1.463963963963965,4.285206258890469,5.885490753911803,2.400426742531998,0.9246088193456643,6.881223328591759,4.516358463726888,0.3378378378378386,1.689189189189193,2.364864864864863,1.3513513513513473,2.0270270270270316,1.0135135135135158
2292,bunt.saar,900,19,0.0,0.0,3.4998814604077757,0.0,0.0,2.0270270270270294,1.1735419630156443,1.973684210526315,9.441678520625892,1.546941678520632,4.480796586059739,2.3826458036984306,3.378378378378372,4.391891891891902,0.3378378378378386,0.3378378378378386,2.364864864864856,1.3513513513513686
2707,SPD,900,19,1.0,0.0,5.100165955429112,1.0,0.0,2.4211711711711708,0.32005689900426404,3.271692745376953,8.036984352773821,3.3605974395448044,4.391891891891902,11.21977240398293,0.3378378378378386,0.0,3.378378378378372,0.0,7.432432432432435,3.378378378378379
549,CDU,900,19,1.0,0.0,4.006638217164533,1.0,0.0,1.9144144144144153,2.329302987197721,8.214793741109531,0.37339971550497353,0.1955903271692847,5.352062588904694,7.574679943100996,2.0270270270270245,0.6756756756756772,1.689189189189193,5.743243243243242,0.0,1.3513513513513544
5081,CDU,900,19,1.0,0.0,4.00367472735894,1.0,1.0,3.828828828828834,1.2446657183499354,4.783072546230443,3.94736842105263,6.934566145092461,0.5689900426742511,6.54338549075392,3.0405405405405475,5.405405405405411,4.054054054054056,1.3513513513513615,5.743243243243249,3.378378378378379
1966,FDP,900,19,1.0,0.0,5.230559506875298,1.0,1.0,3.265765765765771,5.067567567567565,3.5384068278805074,3.0761024182076824,2.187055476529153,15.184921763869141,2.3293029871977353,1.013513513513523,5.405405405405411,2.0270270270270174,1.6891891891892001,3.0405405405405475,6.418918918918926
1263,bunt.saar,900,19,1.0,1.0,3.6865813181602625,0.0,1.0,2.0270270270270268,2.1692745376955855,0.6045519203413932,2.4893314366998567,0.37339971550497353,9.210526315789465,7.2724039829302995,3.0405405405405403,1.3513513513513402,0.6756756756756772,0.6756756756756843,0.0,6.418918918918919
5116,CDU,900,19,1.0,1.0,5.79362256993836,1.0,1.0,1.7454954954954947,2.187055476529153,7.485775248933145,11.379800853485065,0.3911806543385552,5.28093883357041,8.036984352773828,0.675675675675663,2.0270270270270245,2.3648648648648702,3.0405405405405475,0.6756756756756772,1.689189189189186
3598,SPD,900,19,1.0,0.0,3.2746562351825474,1.0,0.0,4.504504504504504,5.636557610241816,3.5384068278805074,6.54338549075392,0.03556187766713492,0.03556187766713492,3.8584637268847715,0.0,3.0405405405405403,6.756756756756751,3.7162162162162176,7.432432432432442,6.081081081081074
3654,bunt.saar,900,19,1.0,0.0,6.330014224751063,1.0,1.0,1.5765765765765767,4.889758179231862,2.4893314366998567,10.277382645803684,3.413940256045521,12.446657183499283,4.463015647226172,0.6756756756756701,0.6756756756756772,3.378378378378372,2.3648648648648702,2.0270270270270316,0.3378378378378386
4704,bunt.saar,900,19,1.0,0.0,5.921052631578948,1.0,1.0,1.0135135135135134,4.587482219061165,2.0981507823613015,8.570412517780937,0.7645803698435216,14.384779516358478,5.1209103840682815,0.6756756756756701,0.6756756756756772,0.3378378378378386,1.689189189189186,1.3513513513513544,1.3513513513513544
920,CDU,900,19,0.0,1.0,3.896989094357521,0.0,1.0,1.1824324324324305,7.005689900426745,5.316500711237566,3.342816500711244,0.053342816500716594,7.2724039829302995,0.3911806543385552,0.3378378378378386,2.3648648648648702,0.3378378378378386,2.7027027027026946,0.6756756756756701,0.6756756756756701
2791,FDP,900,19,1.0,0.0,6.608582266477004,0.0,1.0,2.0833333333333286,3.733997155049792,8.783783783783782,8.428165007112383,2.3826458036984306,6.330014224751068,9.992887624466569,4.054054054054049,1.689189189189186,1.0135135135135087,3.378378378378372,1.3513513513513402,1.0135135135135158
3066,Die Grünen,900,19,0.0,0.0,3.2628022759601705,0.0,0.0,4.2229729729729755,4.783072546230443,1.404694167852064,0.2844950213371291,4.818634423897578,4.747510668563301,3.5384068278805074,7.770270270270267,3.7162162162162176,0.3378378378378457,6.756756756756765,4.391891891891895,2.364864864864863
3023,FDP,900,19,1.0,1.0,4.451161688003793,1.0,1.0,1.5202702702702713,6.418918918918912,2.364864864864863,2.7916073968705533,6.827880512091042,5.0497866287340045,3.2539118065433854,3.378378378378393,2.364864864864863,0.0,1.3513513513513402,0.6756756756756772,1.3513513513513544
2085,bunt.saar,900,19,1.0,0.0,3.8406827880512076,1.0,0.0,1.5202702702702726,0.35561877667140607,2.329302987197721,6.330014224751068,0.26671408250354744,5.28093883357041,8.481507823613093,0.0,2.0270270270270245,1.3513513513513686,0.0,2.7027027027026946,3.0405405405405475
3540,SPD,900,19,1.0,1.0,6.2174016121384525,1.0,1.0,2.1396396396396398,0.1422475106685539,5.654338549075405,11.16642958748222,7.663584637268848,5.6899004267425255,6.987908961593163,5.743243243243249,0.3378378378378244,3.0405405405405403,0.0,0.6756756756756914,3.0405405405405332
673,CDU,900,19,1.0,1.0,2.4715504978662843,0.0,0.0,3.5472972972972983,1.3869132290184822,0.6756756756756772,1.1024182076813602,1.0135135135135087,9.63726884779517,1.0135135135135087,0.3378378378378386,3.0405405405405403,4.729729729729733,3.7162162162162176,6.418918918918919,3.0405405405405403
3349,CDU,900,19,1.0,0.0,7.9391891891891895,1.0,0.0,4.222972972972972,0.5689900426742511,8.303698435277383,6.009957325746804,4.12517780938834,18.95448079658606,9.672830725462298,4.729729729729726,1.0135135135135158,3.0405405405405403,3.7162162162162105,7.432432432432435,5.4054054054054035
2561,CDU,900,19,0.0,0.0,2.8034613560929373,0.0,0.0,3.997747747747745,1.9381223328591872,0.5867709815078399,4.17852062588905,1.8136557610241795,3.200568990042669,5.1031294452347,0.3378378378378386,3.7162162162162033,5.743243243243242,4.054054054054056,5.067567567567565,5.067567567567565
4360,bunt.saar,900,19,1.0,0.0,4.1429587482219015,1.0,0.0,2.9842342342342314,3.1294452347083777,0.07112375533427695,5.974395448079662,4.089615931721191,10.437411095305833,1.1557610241820697,2.364864864864856,2.364864864864856,2.0270270270270316,2.364864864864863,4.054054054054056,4.729729729729726
3069,CDU,900,19,1.0,1.0,2.3619013750592686,1.0,1.0,2.8153153153153156,0.6223328591749677,2.773826458036986,0.7290184921763796,1.4402560455191917,6.3122332859175,2.293741109530586,3.7162162162162176,2.7027027027027017,1.3513513513513473,6.756756756756758,1.3513513513513615,1.0135135135135087
1766,FDP,900,19,0.0,1.0,5.197961119013755,1.0,1.0,1.463963963963965,5.316500711237566,7.0945945945945965,1.795874822190612,9.60170697012802,6.863442389758184,0.5156472261735487,2.3648648648648702,0.0,1.689189189189193,1.689189189189193,0.6756756756756701,2.364864864864863
2874,SPD,900,19,1.0,1.0,4.243717401612138,1.0,0.0,1.069819819819821,2.507112375533424,2.738264580369851,11.895448079658614,0.7112375533428192,3.840682788051197,3.769559032716927,0.3378378378378315,2.702702702702716,0.3378378378378386,0.3378378378378457,1.6891891891891788,1.0135135135135158
2522,bunt.saar,900,19,1.0,0.0,3.5443338074917015,1.0,1.0,1.5202702702702784,0.7467994310099613,2.738264580369851,3.9295874822190626,0.3911806543385481,8.108108108108098,5.352062588904687,0.6756756756756843,0.6756756756756914,2.702702702702709,1.689189189189186,2.702702702702709,0.6756756756756914
3278,CDU,900,19,1.0,0.0,3.9355144618302518,1.0,0.0,1.745495495495496,4.623044096728307,1.2091038406827934,1.1557610241820626,7.414651493598868,7.450213371266003,1.760312944523477,1.3513513513513544,1.689189189189186,3.0405405405405475,0.3378378378378386,0.6756756756756701,3.378378378378379
1369,DIE LINKE,900,19,0.0,0.0,5.97735893788525,0.0,0.0,3.096846846846842,1.1024182076813602,5.992176386913229,9.192745376955905,1.0312944523470833,14.687055476529153,3.8584637268847715,5.067567567567565,3.7162162162162033,4.054054054054049,1.0135135135135087,4.391891891891888,0.3378378378378386
4287,Die Grünen,900,19,1.0,1.0,3.6776908487434787,1.0,1.0,1.0135135135135147,3.7873399715504945,3.627311522048373,1.8669985775248819,0.604551920341386,6.721194879089616,5.45874822190612,1.689189189189186,1.689189189189193,2.0270270270270316,0.0,0.3378378378378386,0.3378378378378386
639,FDP,900,19,0.0,0.0,7.192389758179229,0.0,0.0,2.3085585585585555,0.3378378378378386,11.84210526315789,6.578947368421048,2.6493598862019923,13.086770981507826,8.659317211948782,2.364864864864856,1.3513513513513473,3.0405405405405403,0.3378378378378315,2.0270270270270245,4.729729729729733
104,CDU,900,19,1.0,0.0,3.114627785680414,1.0,0.0,1.6328828828828843,2.2048364153627347,0.6934566145092447,3.520625889046933,5.209815078236119,1.2802275960170704,5.778805120910384,1.689189189189193,4.7297297297297405,0.3378378378378386,1.3513513513513473,0.3378378378378386,1.3513513513513473
3524,bunt.saar,900,19,1.0,0.0,3.535443338074914,1.0,1.0,1.1261261261261264,0.1422475106685539,2.293741109530579,5.849928876244675,1.6180654338549019,7.361308677098144,3.94736842105263,0.3378378378378386,3.0405405405405332,1.3513513513513686,0.675675675675663,1.0135135135135158,0.3378378378378386
4760,bunt.saar,900,19,1.0,1.0,3.5532242769084887,1.0,0.0,1.970720720720717,1.2624466571834958,0.5156472261735416,5.832147937411094,3.769559032716927,8.001422475106693,1.9381223328591801,1.3513513513513544,0.3378378378378386,1.6891891891891788,1.0135135135135087,2.7027027027026946,4.729729729729726
4413,Die Grünen,900,19,1.0,0.0,4.703058321479378,1.0,1.0,0.8445945945945953,0.1955903271692847,1.369132290184929,5.796586059743959,4.587482219061165,10.91749644381224,5.352062588904687,2.702702702702709,0.0,1.3513513513513544,0.6756756756756701,0.0,0.3378378378378386
3696,FDP,900,19,0.0,0.0,3.259838786154576,0.0,1.0,1.745495495495496,0.37339971550498063,0.2489331436699942,0.7645803698435216,6.632290184921764,7.130156472261731,4.409672830725462,2.702702702702709,3.7162162162162176,0.3378378378378386,0.3378378378378386,1.3513513513513473,2.0270270270270245
4931,CDU,900,19,1.0,0.0,1.5380512091038423,1.0,0.0,3.7725225225225216,0.3378378378378386,2.6137980085348573,3.5028449502133725,2.2403982930298625,0.017780938833574567,0.5156472261735487,2.0270270270270316,0.3378378378378315,7.0945945945945965,0.0,8.108108108108105,5.067567567567565
1328,FDP,900,19,0.0,0.0,7.690256045519202,1.0,0.0,4.335585585585587,14.242532005689903,5.867709815078236,1.5647226173541924,9.495021337126602,10.02844950213371,4.943100995732571,1.3513513513513473,6.418918918918926,3.7162162162162176,3.7162162162162176,5.067567567567572,5.743243243243242
3070,bunt.saar,900,19,1.0,0.0,5.814366998577523,1.0,0.0,3.2657657657657615,5.583214793741114,0.26671408250355455,12.624466571834994,5.849928876244668,5.4054054054054035,5.156472261735402,6.081081081081074,1.3513513513513402,3.7162162162162176,7.0945945945945965,0.6756756756756772,0.675675675675663
1596,FDP,900,19,0.0,1.0,4.36818397344713,1.0,1.0,2.646396396396393,1.0668563300142182,10.686344238975813,1.8847795163584635,3.7517780938833525,1.760312944523477,7.0590327169274545,1.0135135135135016,3.7162162162162176,4.391891891891888,2.7027027027026946,1.689189189189193,2.364864864864863
4149,CDU,900,19,1.0,1.0,6.721194879089615,0.0,1.0,4.729729729729731,1.9559032716927405,8.481507823613093,7.005689900426745,3.2539118065433854,10.010668563300136,9.619487908961588,1.0135135135135158,4.7297297297297405,6.081081081081081,3.0405405405405403,5.067567567567565,8.445945945945944
1965,FDP,900,19,0.0,0.0,2.8627311522048373,0.0,0.0,3.040540540540538,3.0405405405405403,1.5291607396870575,0.32005689900427114,7.005689900426745,3.3250355618776624,1.9559032716927476,4.729729729729733,7.094594594594589,1.3513513513513473,3.0405405405405332,0.0,2.0270270270270245
2834,Die Grünen,900,19,1.0,1.0,2.09815078236131,1.0,1.0,6.362612612612614,2.1692745376955926,1.1735419630156443,1.8492176386913286,1.7425320056899025,3.022759601706973,2.6315789473684177,4.054054054054049,6.081081081081081,9.121621621621628,1.3513513513513473,10.135135135135144,7.432432432432435
2063,CDU,900,19,1.0,0.0,3.5087719298245617,1.0,1.0,1.2950450450450457,1.2091038406827863,8.179231863442396,0.8001422475106708,1.3869132290184822,4.783072546230443,4.694167852062591,1.6891891891891788,2.3648648648648702,0.0,2.3648648648648702,0.3378378378378457,1.0135135135135087
3605,FDP,900,19,1.0,0.0,4.4511616880037925,1.0,1.0,2.364864864864861,7.5213371266002795,0.4978662873399671,5.423186344238971,8.339260312944532,2.9871977240398238,1.9381223328591801,2.7027027027026946,1.0135135135135158,1.0135135135135158,2.0270270270270174,4.729729729729726,2.7027027027026946
4437,DIE LINKE,900,19,0.0,0.0,3.0049786628733983,1.0,0.0,3.65990990990991,1.2268847795163538,3.591749644381224,3.8940256045519206,6.472261735419629,2.080369843527741,0.7645803698435216,4.729729729729726,2.7027027027027017,1.3513513513513544,2.7027027027027017,4.729729729729726,5.743243243243249
2265,DIE LINKE,900,19,1.0,0.0,5.849928876244665,1.0,0.0,2.4774774774774806,0.7112375533428192,0.7823613086770962,13.53129445234709,1.2268847795163538,10.526315789473685,8.321479374110943,1.689189189189193,1.0135135135135158,3.7162162162162247,3.378378378378379,2.3648648648648702,2.7027027027027017
43,CDU,900,19,0.0,0.0,3.490990990990994,1.0,0.0,2.0833333333333286,4.534139402560456,1.7425320056899025,0.5867709815078399,8.445945945945944,4.12517780938834,1.511379800853483,2.0270270270270174,3.7162162162162176,2.0270270270270174,1.689189189189186,1.3513513513513473,1.689189189189186
4116,CDU,900,19,0.0,0.0,3.787339971550498,1.0,0.0,3.3220720720720727,5.8321479374110865,7.325746799431009,1.2091038406827934,4.658605974395456,1.2446657183499354,2.4537695590327075,2.0270270270270316,1.3513513513513473,4.729729729729726,2.7027027027026946,7.094594594594611,2.0270270270270245
3534,FDP,900,19,1.0,1.0,4.042200094831675,1.0,1.0,7.31981981981982,1.9203413940255984,7.556899004267429,2.1692745376955926,4.587482219061172,1.3157894736842124,6.703413940256048,9.45945945945946,7.432432432432428,7.770270270270274,1.0135135135135158,6.756756756756758,11.486486486486488
868,bunt.saar,900,19,1.0,0.0,7.414651493598867,1.0,1.0,2.927927927927931,2.258179231863444,6.436699857752494,10.455192034139408,4.463015647226172,12.606685633001433,8.268136557610248,4.729729729729726,2.0270270270270245,3.0405405405405475,3.0405405405405475,1.689189189189193,3.0405405405405475
14,FDP,900,19,1.0,1.0,8.576339497392128,1.0,1.0,0.5630630630630625,7.04125177809388,9.530583214793737,9.210526315789473,8.60597439544808,7.752489331436703,9.317211948790895,0.3378378378378386,0.6756756756756772,0.6756756756756737,0.3378378378378386,0.6756756756756737,0.6756756756756737
3168,CDU,900,19,1.0,0.0,2.308558558558559,1.0,1.0,3.5472972972972947,0.37339971550498063,2.0981507823613086,0.053342816500716594,2.578236130867701,3.44950213371267,5.298719772403977,1.0135135135135016,3.378378378378379,6.081081081081074,0.3378378378378386,5.743243243243235,4.7297297297297405
4864,FDP,900,19,1.0,0.0,6.581910858226647,1.0,0.0,4.560810810810814,4.498577524893314,9.957325746799427,5.45874822190612,2.0625889046941595,7.965860597439551,9.548364153627311,5.4054054054054035,5.743243243243249,2.7027027027027017,6.4189189189189335,3.0405405405405403,4.054054054054056
1221,CDU,900,19,1.0,0.0,3.2568752963489787,1.0,0.0,2.5337837837837838,4.302987197724043,1.9203413940255984,0.8534850640113874,5.1031294452347,6.650071123755325,0.7112375533428192,0.3378378378378315,1.013513513513523,4.054054054054056,1.689189189189193,3.7162162162162176,4.391891891891881
3913,bunt.saar,900,19,0.0,1.0,2.9931247036510213,0.0,1.0,1.2387387387387392,6.401137980085352,2.6137980085348573,2.275960170697026,1.7780938833570303,2.5248933143669916,2.3648648648648702,0.0,3.378378378378386,0.3378378378378315,0.6756756756756701,2.3648648648648702,0.6756756756756772
2776,FDP,900,19,1.0,1.0,5.349099099099103,1.0,1.0,3.2094594594594548,5.0497866287340045,5.316500711237559,9.797297297297298,7.82361308677099,2.6849217638691414,1.4224751066856243,4.054054054054049,2.364864864864863,3.0405405405405403,4.054054054054042,3.0405405405405332,2.7027027027027017
2530,SPD,900,19,0.0,1.0,9.293504030346137,0.0,1.0,4.3355855855855845,6.56116642958748,8.161450924608815,15.273826458036986,3.698435277382643,17.016358463726895,5.0497866287340045,2.364864864864863,0.3378378378378244,5.4054054054054035,5.067567567567572,10.810810810810814,2.0270270270270316
1868,bunt.saar,900,19,1.0,0.0,6.54634898055951,1.0,0.0,1.5202702702702677,2.5960170697012828,6.027738264580378,5.26315789473685,6.632290184921764,13.709103840682786,5.049786628733997,3.0405405405405475,0.675675675675663,0.6756756756756772,0.6756756756756701,3.7162162162162105,0.3378378378378386
3732,SPD,900,19,0.0,0.0,5.3224276908487385,1.0,1.0,3.32207207207207,2.0981507823613086,0.1422475106685539,8.25035561877666,1.9559032716927476,9.281650071123742,10.206258890469421,6.756756756756765,6.756756756756751,2.0270270270270245,1.0135135135135087,1.0135135135135158,2.364864864864856
1606,SPD,900,19,1.0,0.0,2.702702702702703,1.0,0.0,2.8153153153153205,0.9068278805120897,3.236130867709818,3.556187766714082,0.8179231863442382,4.80085348506401,2.8982930298719793,1.689189189189193,2.3648648648648702,3.378378378378379,1.013513513513523,4.7297297297297405,3.7162162162162176
4029,DIE LINKE,900,19,0.0,0.0,2.5248933143669965,0.0,1.0,1.5202702702702655,0.6223328591749677,7.23684210526315,0.4445234708392647,3.556187766714082,2.4537695590327075,0.8357041251778057,1.3513513513513473,2.3648648648648702,2.0270270270270174,0.3378378378378244,0.6756756756756701,2.364864864864863
4858,Die Grünen,900,19,0.0,0.0,5.399478425794215,0.0,1.0,3.4346846846846844,0.9779516358463738,9.157183499288756,6.276671408250358,3.236130867709818,5.885490753911803,6.863442389758184,2.702702702702709,3.0405405405405332,4.054054054054049,5.4054054054054035,2.3648648648648702,3.0405405405405403
4738,Die Grünen,900,19,0.0,0.0,6.816026552868659,0.0,0.0,7.9954954954955,2.631578947368425,2.418207681365587,11.859886201991465,4.000711237553347,12.464438122332858,7.521337126600272,6.081081081081088,4.054054054054063,10.472972972972983,8.445945945945944,11.486486486486484,7.432432432432435
4197,bunt.saar,900,19,1.0,0.0,5.467638691322898,1.0,1.0,1.4639639639639601,1.6002844950213415,3.5028449502133583,8.19701280227595,7.4502133712659955,7.219061166429583,4.8364153627311595,1.3513513513513473,0.3378378378378244,1.0135135135135158,1.689189189189186,2.0270270270270174,2.3648648648648702
3326,FDP,900,19,1.0,1.0,4.391891891891891,1.0,1.0,1.0135135135135134,5.209815078236119,1.6002844950213486,2.2759601706970045,9.068278805120912,3.6806543385490755,4.516358463726888,1.013513513513523,1.3513513513513544,1.0135135135135087,0.6756756756756772,1.3513513513513473,0.6756756756756701
5199,bunt.saar,900,19,1.0,1.0,4.972735893788524,1.0,1.0,1.6891891891891906,7.645803698435273,8.090327169274538,3.2894736842105345,4.071834992887624,4.907539118065429,1.831436699857747,2.0270270270270316,2.3648648648648702,0.3378378378378386,3.0405405405405475,1.6891891891891788,0.6756756756756772
3857,FDP,900,19,0.0,0.0,6.158131816026551,0.0,1.0,2.477477477477476,8.054765291607403,4.409672830725462,0.08890469416784441,15.629445234708385,6.063300142247513,2.7027027027027017,1.689189189189186,2.0270270270270316,1.0135135135135087,3.7162162162162176,2.364864864864863,4.054054054054049
5029,FDP,900,19,1.0,1.0,4.706021811284973,1.0,1.0,1.5202702702702748,4.516358463726888,1.9914651493598896,4.569701280227605,9.655049786628751,3.7517780938833525,3.7517780938833525,2.3648648648648702,1.3513513513513544,0.0,1.01351351351353,2.0270270270270316,2.364864864864863
4717,FDP,900,19,0.0,1.0,2.0922238027501217,1.0,1.0,3.2094594594594583,0.3022759601707037,0.5867709815078257,2.631578947368425,1.653627311522051,3.0049786628733983,4.374110953058327,2.0270270270270174,3.0405405405405403,3.0405405405405403,4.391891891891888,2.702702702702709,4.054054054054056
2094,SPD,900,19,0.0,1.0,4.857159791370317,0.0,1.0,0.6193693693693731,0.3378378378378386,5.743243243243242,6.418918918918912,1.369132290184929,3.307254623044095,11.966571834992884,0.0,1.0135135135135158,1.3513513513513615,0.3378378378378457,1.0135135135135158,0.0
3610,Die Grünen,900,19,0.0,1.0,7.290184921763868,0.0,1.0,3.4346846846846852,2.578236130867701,7.663584637268848,4.249644381223341,6.525604551920338,15.256045519203411,7.46799431009957,3.7162162162162247,1.0135135135135087,4.391891891891895,1.3513513513513544,5.067567567567565,5.067567567567565
4150,Die Grünen,900,19,1.0,1.0,2.8301327643432876,1.0,1.0,2.364864864864868,0.49786628733995997,7.343527738264598,1.9203413940255984,3.200568990042669,1.4935988620199083,2.5248933143669916,0.0,2.3648648648648702,3.0405405405405475,1.0135135135135158,4.054054054054049,3.7162162162162247
5205,FDP,900,19,1.0,1.0,4.578591749644379,1.0,1.0,1.6891891891891906,4.960881934566139,3.8229018492176436,4.320768136557604,3.7873399715504945,9.83285917496444,0.7467994310099542,1.689189189189186,1.3513513513513615,4.054054054054056,1.0135135135135158,1.3513513513513473,0.6756756756756772
4620,FDP,900,19,1.0,0.0,3.8999525841631146,1.0,0.0,2.5337837837837847,4.925320056899011,3.8229018492176436,0.5512091038406766,5.761024182076817,8.090327169274545,0.2489331436699942,1.689189189189193,1.3513513513513473,3.7162162162162176,4.729729729729726,2.3648648648648702,1.3513513513513544
883,bunt.saar,900,19,1.0,0.0,3.8199383594120397,1.0,0.0,1.5202702702702666,3.9295874822190555,3.307254623044095,1.5825035561877598,0.1422475106685539,9.868421052631582,4.089615931721191,0.0,2.0270270270270174,4.054054054054063,1.0135135135135087,1.0135135135135087,1.0135135135135016
295,FDP,900,19,0.0,1.0,3.621384542437177,1.0,1.0,0.675675675675676,1.3157894736842124,5.2631578947368425,0.46230440967283215,6.3122332859175,4.142958748221908,4.231863442389766,0.6756756756756772,0.3378378378378386,1.3513513513513473,0.0,1.3513513513513544,0.3378378378378386
1959,bunt.saar,900,19,1.0,0.0,3.3843053579895694,1.0,1.0,3.3783783783783825,0.01778093883356746,2.5426742532005733,4.587482219061172,1.582503556187767,5.512091038406837,6.063300142247499,3.0405405405405475,2.3648648648648702,1.689189189189193,6.081081081081088,1.689189189189193,5.4054054054054035
3675,FDP,900,19,1.0,0.0,3.9621858700806065,1.0,1.0,3.265765765765766,3.591749644381224,0.053342816500716594,7.4146514935988606,4.694167852062584,4.694167852062591,3.3250355618776624,3.0405405405405403,3.0405405405405403,3.378378378378379,3.0405405405405475,2.7027027027027017,4.391891891891888
3237,Die Grünen,900,19,0.0,0.0,4.949027975343771,0.0,1.0,1.2387387387387367,0.5867709815078399,3.662873399715508,6.97012802275961,1.1557610241820768,11.682076813655769,5.636557610241823,0.3378378378378457,1.6891891891891788,1.3513513513513544,1.689189189189186,0.6756756756756772,1.6891891891891788
1115,Die Grünen,900,19,0.0,1.0,4.445234708392604,1.0,0.0,1.407657657657661,4.160739687055475,4.231863442389766,6.258890469416791,4.978662873399713,3.805120910384062,3.236130867709818,0.6756756756756772,0.3378378378378457,0.3378378378378386,1.689189189189193,4.729729729729726,0.6756756756756843
4951,FDP,900,19,1.0,1.0,5.832147937411093,1.0,1.0,1.5765765765765767,9.157183499288756,1.4935988620199083,7.0590327169274545,2.9871977240398238,9.388335704125183,4.907539118065429,0.6756756756756843,0.3378378378378457,3.378378378378372,2.0270270270270245,1.0135135135135158,2.0270270270270174
5123,bunt.saar,900,19,1.0,0.0,3.636201991465151,1.0,0.0,2.7590090090090116,5.1031294452347,2.275960170697026,1.9914651493598896,1.1379800853485094,7.556899004267429,3.7517780938833525,3.7162162162162176,0.6756756756756772,1.0135135135135158,4.054054054054063,3.0405405405405403,4.054054054054056
3910,FDP,900,19,1.0,1.0,9.702465623518252,1.0,1.0,5.743243243243245,2.6315789473684177,6.081081081081088,12.393314366998581,3.1472261735419664,20.039118065433843,13.922475106685624,0.6756756756756772,5.067567567567579,9.121621621621628,0.3378378378378386,10.8108108108108,8.445945945945944
234,SPD,900,19,0.0,0.0,5.275011853959222,1.0,1.0,2.3085585585585555,10.455192034139415,3.378378378378379,1.1024182076813602,8.392603129445227,6.223328591749642,2.0981507823613086,1.0135135135135087,5.4054054054054035,3.378378378378386,0.3378378378378244,0.3378378378378315,3.378378378378379
3710,bunt.saar,900,19,1.0,1.0,3.719179706021811,1.0,0.0,2.7590090090090094,1.5647226173541924,1.866998577524896,5.298719772403977,2.489331436699864,3.3250355618776624,7.770270270270274,4.054054054054056,4.391891891891895,2.7027027027026946,2.7027027027027017,0.3378378378378386,2.3648648648648702
541,Die Grünen,900,19,1.0,0.0,3.461356092935039,1.0,1.0,2.927927927927931,2.5426742532005733,1.9559032716927405,2.8982930298719793,2.9694167852062563,6.934566145092461,3.4672830725462234,2.702702702702709,2.702702702702709,2.3648648648648702,3.0405405405405332,3.378378378378393,3.378378378378372
789,SPD,900,19,0.0,0.0,3.0820293978188738,0.0,0.0,10.191441441441443,2.6671408250355597,1.8847795163584706,4.054054054054056,4.125177809388333,0.9601706970128063,4.800853485064017,4.391891891891888,3.378378378378379,16.216216216216218,7.770270270270274,10.135135135135137,19.256756756756758
3861,bunt.saar,900,19,1.0,0.0,7.7406353722143235,1.0,1.0,3.096846846846848,4.445234708392597,4.9075391180654435,13.620199146514935,4.37411095305832,12.28662873399717,6.8100995732574745,4.729729729729726,0.3378378378378315,4.391891891891888,4.054054054054056,3.0405405405405546,2.0270270270270316
664,Die Grünen,900,19,0.0,0.0,5.944760550023709,1.0,1.0,1.5202702702702713,3.4672830725462234,3.3961593172119606,10.43741109530584,2.2403982930298696,11.077524893314354,5.0497866287340045,0.6756756756756772,0.6756756756756914,2.702702702702709,1.0135135135135158,2.7027027027026946,1.3513513513513402
4258,Die Grünen,900,19,1.0,0.0,5.6335941204362205,1.0,1.0,2.5337837837837847,4.2140825035561775,5.5476529160739645,5.52987197724039,2.8982930298719793,9.050497866287337,6.561166429587473,0.0,1.689189189189193,5.067567567567565,5.4054054054054035,2.702702702702709,0.3378378378378386
4723,FDP,900,19,1.0,0.0,3.3487434803224225,1.0,1.0,3.4346846846846852,3.3250355618776624,4.302987197724036,1.1735419630156443,4.374110953058306,4.463015647226172,2.4537695590327147,3.0405405405405546,2.7027027027026946,2.364864864864863,4.729729729729726,4.054054054054056,3.7162162162162176
306,bunt.saar,900,19,1.0,0.0,3.1412991939307737,1.0,1.0,4.4481981981982,1.4224751066856385,3.378378378378379,1.760312944523477,11.273115220483646,0.9246088193456643,0.0889046941678373,4.391891891891888,5.4054054054054035,6.756756756756758,5.743243243243242,0.6756756756756843,3.7162162162162247
128,bunt.saar,900,19,1.0,0.0,5.0408961593172075,1.0,0.0,1.069819819819821,6.454480796586061,0.9957325746799413,8.961593172119485,0.49786628733995997,8.25035561877666,5.0853485064011394,0.0,1.689189189189193,1.0135135135135016,1.689189189189193,1.013513513513523,1.0135135135135158
3207,bunt.saar,900,19,1.0,0.0,5.879563774300615,1.0,1.0,2.139639639639642,0.7290184921763796,4.67638691322901,9.850640113798008,1.440256045519206,13.63798008534851,4.943100995732578,1.6891891891892001,1.3513513513513473,4.391891891891888,1.689189189189193,2.0270270270270316,1.689189189189193
3367,FDP,900,19,0.0,1.0,2.9220009483167373,1.0,0.0,3.3783783783783776,1.795874822190612,2.044807965860592,4.000711237553347,5.2275960170697005,2.0625889046941666,2.400426742532005,4.391891891891895,5.405405405405411,1.3513513513513473,1.689189189189186,2.0270270270270245,5.4054054054054035
1725,Die Grünen,900,19,0.0,0.0,6.143314366998575,0.0,1.0,3.8288288288288306,1.4224751066856385,1.7780938833570303,14.366998577524896,2.5248933143669916,12.9800853485064,3.7873399715504945,2.7027027027027017,5.4054054054054035,1.689189189189186,3.378378378378379,4.054054054054063,5.743243243243249
1384,CDU,900,19,1.0,0.0,5.541725936462783,1.0,0.0,3.7725225225225203,5.227596017069708,1.0846372688477999,5.529871977240397,3.2183499288762576,9.903982930298717,8.285917496443822,3.378378378378379,2.3648648648648702,4.054054054054042,3.378378378378372,6.418918918918912,3.0405405405405475
5017,FDP,900,19,1.0,1.0,4.525248933143668,0.0,1.0,0.9009009009009018,4.445234708392604,6.241109530583209,4.960881934566139,5.494310099573255,4.480796586059739,1.5291607396870575,0.3378378378378386,0.3378378378378386,0.3378378378378315,2.0270270270270316,0.3378378378378386,2.0270270270270316
4647,FDP,900,19,1.0,1.0,2.092223802750117,1.0,1.0,0.9572072072072094,1.9914651493598896,0.7467994310099542,0.9068278805120897,2.115931721194869,4.80085348506401,1.9914651493598896,1.689189189189193,1.689189189189193,0.3378378378378386,1.0135135135135158,1.0135135135135158,0.0
985,Die Grünen,900,19,0.0,1.0,3.0079421526789942,1.0,1.0,10.529279279279281,1.2091038406827934,1.1379800853485023,5.4054054054054035,1.9203413940255984,5.600995732574688,2.7738264580369787,10.135135135135137,4.729729729729733,12.162162162162161,13.851351351351347,10.135135135135144,12.162162162162161
1619,CDU,900,19,1.0,1.0,3.3635609293504025,1.0,1.0,3.603603603603607,1.653627311522051,0.07112375533427695,3.2894736842105274,6.863442389758184,6.578947368421048,1.724751066856328,0.3378378378378386,3.378378378378393,3.7162162162162176,1.689189189189193,7.0945945945945965,5.4054054054054035
193,bunt.saar,900,19,0.0,0.0,5.968468468468469,1.0,1.0,1.1824324324324351,1.7780938833570303,3.1294452347083848,10.526315789473685,2.3293029871977353,12.428876244665723,5.618776671408256,0.3378378378378386,1.3513513513513544,1.3513513513513544,2.0270270270270174,1.3513513513513686,0.6756756756756772
4746,FDP,900,19,0.0,0.0,4.237790422000948,0.0,0.0,4.222972972972972,6.294452347083926,0.03556187766713492,0.46230440967283215,4.374110953058313,13.08677098150784,1.1735419630156443,5.405405405405396,6.418918918918912,1.013513513513523,0.3378378378378386,7.432432432432435,4.729729729729726
4552,SPD,900,19,0.0,1.0,4.830488383119955,0.0,1.0,1.2950450450450492,2.2403982930298625,9.548364153627311,3.1294452347083777,4.17852062588905,5.209815078236119,4.67638691322901,2.702702702702709,0.6756756756756701,1.013513513513523,1.013513513513523,1.0135135135135087,1.3513513513513615
2406,bunt.saar,900,19,0.0,0.0,4.566737790422002,0.0,1.0,2.364864864864863,1.4224751066856385,0.7112375533428192,6.845661450924595,0.8534850640113874,11.36201991465149,6.205547652916081,3.0405405405405403,3.0405405405405403,2.702702702702709,0.6756756756756701,3.378378378378372,1.3513513513513473
3624,FDP,900,19,1.0,0.0,6.024774774774776,1.0,1.0,1.745495495495497,5.156472261735409,4.943100995732571,7.770270270270274,2.6137980085348573,14.295874822190612,1.369132290184929,2.702702702702709,2.0270270270270316,2.3648648648648702,0.6756756756756772,1.3513513513513473,1.3513513513513473
2722,FDP,900,19,0.0,1.0,3.1324087245139887,0.0,0.0,2.5900900900900887,1.9203413940255984,7.02347083926032,0.12446657183499354,3.5739687055476637,4.302987197724036,1.8492176386913215,2.0270270270270316,1.3513513513513473,3.7162162162162176,1.0135135135135087,4.729729729729733,2.7027027027026946
3533,bunt.saar,900,19,1.0,1.0,3.517662399241349,1.0,1.0,6.362612612612616,3.6095305832147915,2.738264580369851,2.880512091038412,3.8584637268847786,7.005689900426745,1.0135135135135158,6.418918918918926,3.7162162162162247,4.7297297297297405,10.472972972972968,5.743243243243242,7.0945945945945965
3630,bunt.saar,900,19,1.0,1.0,6.365576102418207,1.0,1.0,1.0698198198198234,4.374110953058327,7.02347083926032,9.10384068278804,1.1735419630156443,10.13513513513513,6.383357041251784,1.013513513513523,0.6756756756756914,1.3513513513513686,0.0,2.7027027027026946,0.675675675675663
282,FDP,900,19,1.0,1.0,4.18444760550024,1.0,1.0,1.970720720720718,4.658605974395456,3.9651493598862046,4.854196301564723,6.258890469416791,4.018492176386914,1.3513513513513509,2.7027027027026946,3.0405405405405403,1.689189189189186,3.0405405405405332,0.33783783783784216,1.0135135135135123
2644,CDU,900,19,1.0,1.0,3.547297297297297,1.0,1.0,2.646396396396393,1.8136557610241795,7.254623044096725,6.472261735419636,1.0312944523470833,4.498577524893321,0.21337126600283796,7.432432432432421,1.0135135135135087,1.3513513513513473,5.405405405405411,0.6756756756756701,0.0
4321,CDU,900,19,1.0,0.0,4.602299668089145,1.0,0.0,1.1824324324324351,4.640825035561882,8.090327169274545,0.16002844950213557,8.481507823613093,2.489331436699864,3.7517780938833525,0.3378378378378457,1.689189189189193,0.6756756756756843,1.0135135135135087,1.0135135135135087,2.3648648648648702
1916,bunt.saar,900,19,0.0,0.0,6.996799431009964,0.0,0.0,4.054054054054055,4.765291607396875,7.112375533428171,6.756756756756758,2.8271692745377024,13.975817923186355,6.54338549075392,4.054054054054042,0.3378378378378315,5.743243243243249,3.7162162162162176,5.067567567567579,5.405405405405411
4732,CDU,900,19,0.0,1.0,2.314485538169755,0.0,1.0,1.5202702702702702,2.0803698435277482,2.080369843527741,0.4445234708392647,0.5867709815078399,7.94807965860598,0.7467994310099542,0.3378378378378386,1.0135135135135087,0.6756756756756701,4.7297297297297405,1.3513513513513473,1.0135135135135158
464,CDU,900,19,0.0,0.0,2.889402560455192,0.0,1.0,4.448198198198198,3.2894736842105345,1.3513513513513473,3.6450924608819406,1.511379800853483,2.00924608819345,5.529871977240397,0.6756756756756772,1.689189189189186,7.770270270270281,3.378378378378379,7.094594594594589,6.081081081081074
3522,bunt.saar,900,19,1.0,0.0,4.217045993361783,1.0,0.0,1.8018018018018023,3.413940256045514,0.3022759601707037,6.401137980085345,0.053342816500716594,8.961593172119485,6.169985775248932,2.364864864864856,1.3513513513513615,0.0,3.378378378378379,2.0270270270270245,1.689189189189193
980,Die Grünen,900,19,0.0,0.0,5.989212897107634,0.0,1.0,1.463963963963966,2.809388335704128,5.618776671408241,6.258890469416784,2.400426742532005,13.246799431009954,5.600995732574688,1.0135135135135158,0.6756756756756843,1.689189189189193,1.0135135135135158,1.689189189189193,2.7027027027026946
3173,SPD,900,19,0.0,1.0,1.6684447605500228,1.0,0.0,3.9414414414414387,0.8179231863442382,0.426742532005683,3.662873399715501,4.036273115220482,0.5867709815078399,0.4800853485063925,2.0270270270270174,1.013513513513523,7.0945945945945965,5.067567567567565,4.054054054054042,4.391891891891888
3038,CDU,900,19,1.0,0.0,4.548956851588429,1.0,0.0,1.4076576576576585,5.565433854907539,1.4224751066856385,3.9295874822190555,7.0590327169274545,7.539118065433847,1.7780938833570374,0.3378378378378315,2.702702702702709,2.0270270270270174,1.689189189189193,0.6756756756756843,1.0135135135135158
2112,bunt.saar,900,19,1.0,1.0,6.5967283072546214,1.0,1.0,2.1396396396396398,2.258179231863444,3.449502133712656,11.717638691322904,4.711948790896152,8.570412517780944,8.872688477951627,3.0405405405405332,1.0135135135135158,2.3648648648648702,4.054054054054049,0.3378378378378386,2.0270270270270316
3680,bunt.saar,900,19,0.0,1.0,4.107396870554769,0.0,0.0,3.1531531531531534,5.0853485064011394,6.667852062588906,1.546941678520632,1.6358463726884764,6.490042674253203,3.2183499288762576,5.067567567567572,1.3513513513513473,1.0135135135135087,6.418918918918926,1.3513513513513473,3.7162162162162176
3585,bunt.saar,900,19,1.0,1.0,5.352062588904694,1.0,1.0,1.1824324324324305,1.7069701280227676,4.071834992887624,10.597439544807955,2.080369843527734,5.956614509246094,7.69914651493599,1.013513513513523,0.3378378378378244,1.3513513513513402,1.0135135135135087,3.0405405405405475,0.3378378378378386
2038,Die Grünen,900,19,0.0,0.0,4.563774300616402,1.0,1.0,3.2657657657657673,4.356330014224753,4.551920341394016,4.374110953058313,1.546941678520625,10.170697012802279,2.3826458036984306,0.3378378378378457,0.6756756756756843,6.418918918918919,0.6756756756756772,6.418918918918912,5.067567567567565
4026,FDP,900,19,1.0,1.0,6.2025841631104734,0.0,1.0,4.448198198198196,9.548364153627304,4.391891891891895,3.59174964438121,7.307965860597427,10.206258890469414,2.1692745376955926,2.0270270270270245,1.689189189189193,5.743243243243249,6.081081081081074,1.0135135135135087,10.13513513513513
4341,Die Grünen,900,19,0.0,0.0,6.70045045045045,0.0,0.0,1.745495495495497,3.8940256045519206,10.06401137980086,6.54338549075392,3.1294452347083777,9.495021337126602,7.076813655761022,0.3378378378378457,2.0270270270270316,1.3513513513513473,4.391891891891881,1.3513513513513544,1.013513513513523
2742,bunt.saar,900,19,1.0,1.0,4.015528686581319,1.0,0.0,2.0833333333333344,3.200568990042669,1.4580369843527734,4.160739687055468,8.32147937411095,3.0761024182076895,3.8762446657183602,4.054054054054056,0.3378378378378386,0.0,5.4054054054054035,1.3513513513513402,1.3513513513513686
3938,bunt.saar,900,19,1.0,0.0,2.9427453769559015,1.0,0.0,1.8018018018018023,3.8584637268847715,1.9203413940255984,0.6223328591749677,2.4182076813655797,5.8321479374110865,3.0049786628734054,1.0135135135135087,1.3513513513513544,3.0405405405405403,1.3513513513513544,3.7162162162162176,0.3378378378378386
545,bunt.saar,900,19,1.0,0.0,2.2226173541962937,1.0,1.0,2.0833333333333344,0.426742532005683,5.156472261735402,1.5291607396870432,1.973684210526315,1.1557610241820697,3.09388335704125,0.0,3.0405405405405332,2.0270270270270316,3.0405405405405403,2.3648648648648702,2.0270270270270316
95,bunt.saar,900,19,1.0,1.0,4.045163584637264,1.0,1.0,1.5202702702702726,3.3605974395448044,3.982930298719765,4.160739687055468,0.6934566145092376,5.138691322901849,6.934566145092461,2.3648648648648702,2.0270270270270245,0.0,1.0135135135135158,1.689189189189193,2.0270270270270316
308,FDP,900,19,0.0,0.0,3.908843053579895,0.0,0.0,3.6599099099099086,4.480796586059739,3.4672830725462234,4.729729729729726,5.529871977240397,2.4182076813655797,2.8271692745377024,3.0405405405405403,6.418918918918919,3.378378378378379,0.6756756756756701,6.081081081081074,2.3648648648648702
1836,Die Grünen,900,19,1.0,1.0,3.419867235656708,1.0,1.0,2.0833333333333335,6.436699857752494,1.2802275960170704,3.5028449502133583,0.8890469416785152,6.365576102418217,2.044807965860592,1.689189189189193,3.0405405405405403,2.0270270270270316,3.0405405405405403,0.675675675675663,2.0270270270270316
1935,CDU,900,19,1.0,0.0,4.706021811284967,1.0,0.0,1.689189189189186,4.071834992887624,3.307254623044102,5.992176386913222,1.5825035561877598,8.001422475106686,5.28093883357041,0.3378378378378244,4.054054054054049,0.3378378378378244,4.054054054054063,0.3378378378378386,1.0135135135135158
2296,Die Grünen,900,19,1.0,1.0,2.67010431484116,1.0,0.0,4.954954954954954,2.044807965860592,4.409672830725462,0.5156472261735416,1.902560455192038,5.26315789473685,1.8847795163584777,0.0,2.3648648648648702,8.108108108108098,2.7027027027026946,9.121621621621628,7.432432432432435
359,SPD,900,19,0.0,0.0,6.549312470365099,0.0,0.0,4.222972972972972,2.044807965860592,7.183499288762434,7.254623044096725,1.1735419630156443,15.184921763869141,6.454480796586061,6.0810810810810665,1.0135135135135087,5.067567567567572,2.364864864864863,8.78378378378379,2.0270270270270316
635,FDP,900,19,0.0,1.0,3.5413703176861078,1.0,1.0,2.1396396396396398,4.605263157894733,1.9203413940255984,1.511379800853483,6.614509246088197,1.6714082503556327,4.925320056899004,1.689189189189193,0.0,0.6756756756756701,5.067567567567572,3.7162162162162105,1.689189189189193
1396,DIE LINKE,900,19,1.0,0.0,5.328354670459933,0.0,0.0,3.8851351351351346,4.818634423897571,0.3378378378378386,7.841394025604551,6.490042674253203,3.8229018492176436,8.659317211948789,6.756756756756758,0.0,1.3513513513513473,10.13513513513513,3.0405405405405403,2.0270270270270316
3027,CDU,900,19,1.0,0.0,4.806780464675204,1.0,1.0,2.0833333333333344,0.0,0.3378378378378386,0.5867709815078399,12.055476529160735,11.006401137980085,4.854196301564727,1.689189189189193,1.3513513513513473,4.054054054054063,0.6756756756756701,1.0135135135135158,3.7162162162162176
4194,DIE LINKE,900,19,0.0,0.0,2.604907539118065,1.0,0.0,2.3648648648648654,1.2446657183499354,1.973684210526315,2.435988620199147,4.42745376955903,4.605263157894733,0.9423897581792318,2.364864864864856,0.0,2.0270270270270316,5.743243243243242,3.378378378378379,0.6756756756756843
5015,SPD,900,19,0.0,0.0,5.609886201991468,0.0,1.0,1.9144144144144164,1.760312944523477,2.2403982930298696,10.881934566145091,0.23115220483641252,10.91749644381224,7.62802275960172,1.0135135135135158,3.378378378378372,1.0135135135135158,1.0135135135135158,3.0405405405405475,2.0270270270270316
5068,CDU,900,19,1.0,0.0,4.9519914651493595,1.0,0.0,3.4346846846846866,1.2091038406827934,3.520625889046933,9.975106685633008,4.445234708392597,2.951635846372689,7.610241820768138,3.0405405405405475,2.7027027027026946,1.0135135135135158,3.7162162162162176,6.418918918918926,3.7162162162162176
4837,FDP,900,19,0.0,1.0,6.092935040303459,1.0,1.0,1.7454954954954947,4.17852062588905,5.689900426742533,6.952347083926028,10.561877667140813,1.7780938833570374,7.396870554765293,1.689189189189186,1.689189189189186,1.0135135135135087,1.013513513513523,4.054054054054049,1.0135135135135158
4403,bunt.saar,900,19,0.0,0.0,2.8242057847320994,0.0,0.0,1.9707207207207194,2.5248933143669916,3.876244665718353,2.6671408250355597,5.067567567567565,2.489331436699864,0.32005689900426404,3.378378378378379,0.675675675675663,2.364864864864856,2.702702702702709,2.702702702702709,0.0
2829,FDP,900,19,1.0,1.0,8.475580844001897,1.0,1.0,1.8018018018018047,8.499288762446653,9.743954480796589,8.285917496443822,2.7027027027026946,10.11735419630157,11.504267425320052,0.6756756756756843,4.054054054054056,1.013513513513523,0.0,3.378378378378372,1.689189189189193
3245,FDP,900,19,0.0,1.0,2.8627311522048373,1.0,1.0,1.632882882882883,3.0761024182076824,2.0981507823613086,0.8001422475106708,6.952347083926043,1.902560455192031,2.3470839260312886,2.702702702702709,1.689189189189186,1.3513513513513544,1.0135135135135016,2.0270270270270316,1.0135135135135158
4895,bunt.saar,900,19,1.0,0.0,3.1146277856804176,1.0,1.0,1.0135135135135183,0.6401137980085352,2.880512091038412,1.3335704125177728,5.45874822190612,4.516358463726888,3.8584637268847786,0.3378378378378386,1.689189189189193,0.3378378378378386,1.0135135135135158,2.0270270270270316,0.6756756756756914
4397,FDP,900,19,1.0,0.0,2.5604551920341385,1.0,0.0,1.8581081081081063,0.9957325746799413,1.2268847795163538,3.3250355618776624,2.471550497866289,5.369843527738269,1.973684210526315,3.7162162162162105,2.364864864864863,2.364864864864863,0.3378378378378386,1.689189189189186,0.6756756756756772
3761,Die Grünen,900,19,1.0,1.0,2.9457088667614997,1.0,1.0,1.5765765765765778,2.5426742532005733,4.320768136557611,2.2403982930298696,2.43598862019914,5.778805120910384,0.3556187766714203,2.364864864864863,1.3513513513513544,0.6756756756756772,3.378378378378379,0.6756756756756772,1.0135135135135158
4653,DIE LINKE,900,19,0.0,0.0,4.688240872451396,0.0,1.0,1.9144144144144153,2.2403982930298625,5.014224751066848,4.943100995732571,6.081081081081088,6.169985775248925,3.6806543385490826,5.4054054054054035,1.689189189189186,1.0135135135135087,3.0405405405405475,0.3378378378378457,0.0
1374,SPD,900,19,0.0,1.0,2.418207681365575,0.0,1.0,1.9707207207207205,0.3911806543385552,0.8534850640113802,6.045519203413939,0.2844950213371291,4.498577524893307,2.43598862019914,3.7162162162162176,2.3648648648648702,0.6756756756756772,1.3513513513513473,0.3378378378378386,3.378378378378372
3699,CDU,900,19,0.0,0.0,2.305595068752966,0.0,0.0,3.153153153153152,0.9957325746799413,2.809388335704128,0.40896159317212266,0.6756756756756772,7.681365576102422,1.262446657183503,0.0,4.391891891891895,4.054054054054049,1.3513513513513544,6.081081081081074,3.0405405405405403
2015,bunt.saar,900,19,1.0,0.0,2.6019440493124706,1.0,1.0,5.461711711711714,8.517069701280235,2.2226173541963092,0.9601706970128063,0.6401137980085352,0.4800853485063925,2.791607396870546,9.459459459459467,7.770270270270274,4.054054054054042,2.702702702702709,7.432432432432435,1.3513513513513544
4293,bunt.saar,900,19,1.0,1.0,6.661925082977721,1.0,1.0,1.0135135135135147,4.943100995732571,11.201991465149362,7.059032716927462,1.333570412517787,6.294452347083933,9.13940256045521,1.3513513513513473,0.6756756756756772,1.0135135135135158,1.0135135135135158,1.3513513513513544,0.6756756756756772
2410,SPD,900,19,1.0,0.0,5.423186344238975,1.0,1.0,2.5900900900900865,0.0,1.973684210526315,11.113086770981518,0.5156472261735487,8.51706970128022,10.419630156472252,4.391891891891895,2.7027027027026946,3.7162162162162247,2.0270270270270245,1.3513513513513402,1.3513513513513402
1648,FDP,900,19,1.0,0.0,4.065908013276432,1.0,1.0,1.9144144144144128,7.965860597439544,2.5604551920341407,4.711948790896152,4.729729729729726,4.320768136557611,0.10668563300141898,0.675675675675663,2.364864864864863,3.7162162162162105,0.3378378378378386,2.702702702702709,1.689189189189193
141,SPD,900,19,1.0,0.0,5.298719772403981,1.0,0.0,6.08108108108108,2.3648648648648702,2.5426742532005733,11.130867709815071,0.7645803698435216,7.539118065433854,7.4502133712659955,4.7297297297297405,1.0135135135135087,9.797297297297291,5.4054054054054035,7.770270270270274,7.7702702702702595
788,FDP,900,19,1.0,1.0,7.248696064485537,1.0,1.0,2.984234234234235,1.6358463726884764,2.86273115220483,8.036984352773828,4.587482219061172,17.229729729729726,9.139402560455189,1.0135135135135158,1.3513513513513473,4.391891891891895,3.7162162162162247,4.054054054054049,3.378378378378379
4999,bunt.saar,900,19,1.0,1.0,5.4024419155998125,1.0,1.0,0.8445945945945965,1.9203413940255984,1.51137980085349,4.249644381223334,5.45874822190612,12.962304409672832,6.3122332859175,2.0270270270270316,1.0135135135135158,0.6756756756756772,0.3378378378378386,0.6756756756756772,0.3378378378378386
1754,bunt.saar,900,19,1.0,0.0,6.146277856804173,1.0,1.0,0.45045045045045146,2.507112375533424,8.161450924608815,7.752489331436699,1.5291607396870575,9.637268847795163,7.290184921763881,0.6756756756756772,1.013513513513523,0.3378378378378386,0.6756756756756701,0.0,0.0
1297,FDP,900,19,0.0,1.0,7.992532005689903,1.0,1.0,0.3941441441441474,3.3250355618776624,4.320768136557611,11.077524893314372,12.073257467994324,9.228307254623047,7.930298719772402,0.3378378378378386,0.3378378378378457,0.33783783783783505,0.3378378378378528,0.3378378378378386,0.6756756756756737
2865,bunt.saar,900,19,1.0,0.0,3.606567093409202,1.0,0.0,2.083333333333332,0.10668563300142608,0.3911806543385552,8.712660028449498,1.973684210526315,5.138691322901849,5.316500711237566,3.0405405405405403,4.054054054054049,1.6891891891891788,0.6756756756756772,0.6756756756756772,2.3648648648648702
780,bunt.saar,900,19,1.0,1.0,3.576932195353242,1.0,1.0,4.222972972972969,0.26671408250354744,3.3605974395447973,6.756756756756758,3.1116642958748173,5.1209103840682815,2.8449502133712485,6.081081081081074,2.0270270270270174,4.391891891891888,6.418918918918919,3.7162162162162247,2.7027027027026946
5172,Die Grünen,900,19,1.0,0.0,5.796586059743949,1.0,1.0,1.970720720720718,2.880512091038412,6.490042674253203,5.814366998577512,0.604551920341386,10.615220483641522,8.37482219061166,0.6756756756756701,1.0135135135135158,3.0405405405405332,1.0135135135135087,3.7162162162162105,2.3648648648648702
2262,Die Grünen,900,19,1.0,1.0,4.978662873399714,1.0,0.0,1.8018018018018012,5.4765291607396875,6.7745376955903325,2.9338549075391214,3.413940256045514,7.0590327169274545,4.2140825035561775,1.0135135135135158,2.7027027027026946,1.0135135135135087,2.0270270270270316,2.364864864864863,1.689189189189193
2202,bunt.saar,900,19,1.0,1.0,3.9236605026078677,1.0,0.0,1.4639639639639626,0.5689900426742511,5.7254623044096675,5.547652916073957,2.7382645803698367,8.339260312944532,0.6223328591749606,3.378378378378379,0.0,0.0,1.3513513513513473,1.3513513513513402,2.702702702702709
1434,FDP,900,19,0.0,0.0,4.768255097202464,1.0,0.0,1.3513513513513509,1.831436699857747,3.8229018492176436,8.997155049786628,4.943100995732571,7.04125177809388,1.973684210526315,2.364864864864863,2.3648648648648702,2.0270270270270245,0.0,1.0135135135135087,0.3378378378378386
4037,FDP,900,19,1.0,0.0,5.334281650071126,1.0,1.0,2.4211711711711708,8.357041251778092,7.290184921763874,3.2894736842105274,1.973684210526315,10.73968705547653,0.3556187766714132,4.7297297297297405,1.3513513513513544,2.7027027027027017,3.0405405405405332,0.0,2.7027027027026946
2484,SPD,900,19,1.0,0.0,6.635253674727362,1.0,0.0,4.11036036036036,3.1116642958748244,3.165007112375541,12.944523470839272,1.1735419630156443,7.521337126600272,11.895448079658614,0.6756756756756701,2.364864864864856,7.0945945945945965,2.3648648648648702,7.0945945945945965,5.067567567567572
3625,DIE LINKE,900,19,0.0,1.0,6.457444286391655,0.0,0.0,3.2657657657657686,2.8982930298719793,6.205547652916081,5.174253200568991,5.352062588904694,15.024893314366992,4.089615931721191,1.3513513513513615,2.702702702702709,3.378378378378379,4.054054054054056,6.756756756756758,1.3513513513513473
1177,Die Grünen,900,19,0.0,0.0,5.681009957325746,1.0,0.0,1.8018018018018047,4.42745376955903,3.307254623044095,4.658605974395449,0.7823613086770962,12.07325746799431,8.837126600284499,2.0270270270270316,2.702702702702709,0.3378378378378386,0.6756756756756701,2.702702702702709,2.3648648648648702
617,FDP,900,19,1.0,1.0,5.7165718349928865,0.0,1.0,4.448198198198198,11.450924608819342,2.7382645803698438,1.1557610241820768,6.899004267425312,8.872688477951634,3.1827880512091085,1.3513513513513615,1.3513513513513473,7.432432432432428,2.364864864864856,4.054054054054056,10.135135135135137
2115,bunt.saar,900,19,1.0,1.0,4.895685158843055,1.0,1.0,1.1824324324324362,3.02275960170698,8.054765291607396,4.765291607396868,1.1024182076813673,11.16642958748222,1.262446657183503,0.0,2.3648648648648702,2.702702702702709,0.3378378378378457,0.3378378378378386,1.3513513513513544
102,FDP,900,19,1.0,1.0,5.915125651967756,1.0,1.0,1.1824324324324362,8.819345661450917,0.03556187766713492,0.10668563300141898,7.485775248933152,10.25960170697013,8.783783783783782,1.3513513513513615,0.3378378378378386,0.6756756756756701,1.3513513513513686,0.0,3.378378378378379
4402,Die Grünen,900,19,1.0,0.0,3.8525367472735916,1.0,0.0,4.842342342342344,9.850640113798008,6.241109530583209,0.1955903271692847,3.69843527738265,3.0049786628734054,0.12446657183499354,5.405405405405411,4.729729729729726,4.054054054054063,4.054054054054056,4.054054054054049,6.756756756756758
4926,Die Grünen,900,19,0.0,1.0,4.596372688477948,1.0,1.0,5.686936936936939,1.831436699857747,2.0981507823613015,6.116642958748223,0.9601706970127921,9.530583214793744,7.04125177809388,6.081081081081088,4.391891891891888,6.418918918918926,6.756756756756765,4.729729729729726,5.743243243243242
4527,FDP,900,19,1.0,0.0,4.086652441915603,0.0,0.0,4.504504504504502,4.800853485064017,2.435988620199147,2.951635846372696,5.95661450924608,3.378378378378379,4.996443812233295,0.0,2.702702702702709,9.797297297297291,2.7027027027026946,9.121621621621621,2.7027027027026946
1664,Die Grünen,900,19,0.0,1.0,2.2226173541962986,0.0,0.0,4.279279279279272,3.1827880512090942,0.7290184921763796,1.7425320056898954,0.6756756756756772,3.2894736842105345,3.7162162162162105,1.689189189189186,0.3378378378378244,6.418918918918905,5.405405405405411,5.4054054054054035,6.418918918918905
289,Die Grünen,900,19,1.0,0.0,6.896040777619728,1.0,0.0,5.292792792792796,4.071834992887624,6.614509246088197,7.147937411095313,5.921052631578952,9.60170697012802,8.01920341394026,3.0405405405405475,3.0405405405405332,6.4189189189189335,9.45945945945946,4.7297297297297405,5.067567567567565
2352,CDU,900,19,1.0,0.0,6.211474632527266,1.0,0.0,3.4346846846846852,8.214793741109531,2.8271692745377024,8.108108108108105,4.374110953058327,5.0853485064011394,8.659317211948789,5.067567567567565,1.0135135135135087,3.0405405405405403,6.081081081081088,1.0135135135135158,4.391891891891895
947,FDP,900,19,0.0,0.0,5.008297771455665,1.0,0.0,3.434684684684683,3.876244665718353,0.3378378378378386,11.006401137980092,4.551920341394016,0.4978662873399671,9.779516358463724,1.3513513513513473,1.3513513513513473,7.094594594594589,1.013513513513523,5.4054054054054035,4.391891891891888
2660,bunt.saar,900,19,1.0,0.0,5.304646752015173,1.0,1.0,2.139639639639641,7.005689900426745,4.19630156472261,8.623755334281647,0.7823613086771033,6.863442389758184,4.356330014224746,1.689189189189186,0.3378378378378457,0.3378378378378386,4.391891891891888,3.7162162162162176,2.3648648648648702
4877,Die Grünen,900,19,1.0,0.0,3.653982930298721,1.0,0.0,5.292792792792793,3.485064011379805,3.698435277382636,3.5384068278805216,0.6223328591749677,5.7254623044096675,4.854196301564727,1.0135135135135087,2.0270270270270245,8.10810810810812,4.054054054054042,8.445945945945944,8.10810810810812
82,bunt.saar,900,19,0.0,0.0,5.624703651019441,0.0,0.0,3.1531531531531507,0.5689900426742511,8.12588904694168,7.983641536273105,1.191322901849226,7.876955903271693,8.001422475106693,3.0405405405405403,0.6756756756756772,4.391891891891881,1.0135135135135087,4.391891891891888,5.405405405405411
2043,FDP,900,19,1.0,1.0,4.406709340919871,1.0,1.0,2.5900900900900887,3.9295874822190555,3.2894736842105345,4.729729729729733,4.978662873399728,4.498577524893321,5.014224751066855,0.3378378378378386,2.7027027027026946,4.054054054054056,3.7162162162162105,1.689189189189193,3.0405405405405403
4786,bunt.saar,900,19,0.0,0.0,5.64248458985301,0.0,0.0,2.1396396396396384,1.902560455192038,7.788051209103841,4.87197724039828,1.4580369843527734,8.303698435277383,9.530583214793744,1.689189189189186,0.3378378378378386,3.378378378378372,2.7027027027027017,1.3513513513513544,3.378378378378379
5108,Die Grünen,900,19,1.0,0.0,5.532835467045995,1.0,1.0,1.238738738738738,1.6714082503556256,1.0312944523470904,7.059032716927462,3.698435277382643,11.486486486486484,8.250355618776666,1.6891891891892001,2.0270270270270174,0.0,0.6756756756756772,2.0270270270270174,1.0135135135135158
2427,DIE LINKE,900,19,0.0,0.0,4.640825035561877,0.0,0.0,2.5337837837837847,0.4445234708392647,5.298719772403977,5.95661450924608,2.435988620199147,8.108108108108105,5.600995732574688,3.378378378378386,3.378378378378379,2.7027027027026946,2.0270270270270316,1.0135135135135087,2.702702702702709
5121,FDP,900,19,0.0,0.0,3.870317686107159,0.0,0.0,2.646396396396394,4.231863442389766,1.4580369843527734,3.4317211948790884,7.930298719772395,3.5384068278805074,2.631578947368425,0.3378378378378457,6.756756756756751,4.054054054054056,2.7027027027026946,1.0135135135135087,1.0135135135135087
2939,bunt.saar,900,19,1.0,0.0,7.307965860597437,1.0,1.0,6.418918918918918,1.6358463726884764,7.912517780938828,6.525604551920338,4.818634423897578,14.63371266002845,8.32147937411095,5.4054054054054035,3.0405405405405475,5.067567567567565,9.121621621621614,7.770270270270267,8.108108108108112
2766,bunt.saar,900,19,1.0,0.0,4.7682550972024655,1.0,0.0,2.083333333333332,1.511379800853483,2.8449502133712556,7.841394025604551,4.9786628733997205,7.82361308677099,3.6095305832147915,2.7027027027026946,2.702702702702709,1.3513513513513473,4.391891891891881,0.6756756756756843,0.6756756756756772
248,FDP,900,19,1.0,0.0,3.9621858700806065,0.0,0.0,3.9977477477477485,6.525604551920338,8.108108108108105,1.1201991465149348,6.223328591749642,1.475817923186355,0.32005689900426404,1.3513513513513473,3.378378378378379,6.418918918918926,2.0270270270270316,5.4054054054054035,5.4054054054054035
4843,SPD,900,19,0.0,0.0,4.338549075391184,0.0,0.0,1.520270270270269,4.587482219061172,3.44950213371267,6.561166429587473,0.40896159317212266,6.258890469416791,4.765291607396875,1.689189189189186,2.7027027027026946,2.7027027027027017,1.0135135135135087,0.3378378378378386,0.6756756756756843
3843,FDP,900,19,0.0,0.0,2.8479137031768595,0.0,0.0,2.9842342342342314,3.4317211948790884,4.089615931721191,2.507112375533424,2.6315789473684177,3.9651493598862046,0.46230440967283215,6.081081081081081,5.4054054054054035,0.6756756756756701,1.3513513513513473,3.0405405405405403,1.3513513513513473
4445,DIE LINKE,900,19,0.0,0.0,3.571005215742055,0.0,0.0,3.0405405405405403,3.7162162162162176,6.205547652916067,5.707681365576114,4.623044096728307,1.0846372688477857,0.0889046941678373,0.3378378378378386,3.378378378378372,4.391891891891888,1.0135135135135158,3.7162162162162105,5.405405405405418
1157,bunt.saar,900,19,1.0,0.0,4.972735893788524,1.0,0.0,3.209459459459461,1.9914651493598896,2.329302987197721,9.40611664295875,0.3022759601706895,6.276671408250358,9.530583214793737,4.729729729729726,5.743243243243235,1.689189189189193,0.6756756756756843,3.378378378378393,3.0405405405405332
4679,FDP,900,19,1.0,1.0,3.4880275011853974,1.0,1.0,1.4639639639639637,4.17852062588905,3.165007112375541,7.574679943100996,0.6223328591749677,1.724751066856328,3.662873399715501,1.3513513513513473,2.364864864864856,0.0,3.378378378378379,1.0135135135135158,0.6756756756756843
542,bunt.saar,900,19,1.0,0.0,3.4376481744902754,1.0,0.0,3.7162162162162153,2.293741109530579,2.7560455192034112,0.1422475106685539,9.530583214793744,5.209815078236119,0.6934566145092447,1.0135135135135087,4.391891891891888,6.418918918918912,6.756756756756758,3.378378378378379,0.3378378378378457
782,bunt.saar,900,19,0.0,0.0,2.032954006638216,1.0,1.0,4.729729729729727,1.866998577524896,2.5960170697012828,1.4580369843527734,4.42745376955903,0.26671408250355455,1.5825035561877598,1.689189189189186,3.7162162162162176,7.0945945945945965,1.0135135135135087,9.797297297297291,5.067567567567565
3275,DIE LINKE,900,19,1.0,1.0,3.4732100521574245,0.0,1.0,1.8018018018018036,5.138691322901856,1.2802275960170775,0.3022759601707037,4.889758179231862,6.241109530583209,2.987197724039838,3.7162162162162176,2.7027027027026946,2.3648648648648702,0.3378378378378386,0.3378378378378386,1.3513513513513615
1595,SPD,900,19,1.0,0.0,5.067567567567566,1.0,1.0,4.954954954954954,7.574679943100996,0.053342816500716594,13.780227596017063,0.7112375533428192,2.720483641536262,5.565433854907539,1.0135135135135087,1.689189189189193,6.418918918918919,6.081081081081088,11.148648648648631,3.378378378378386
278,SPD,900,19,1.0,1.0,2.7560455192034126,1.0,1.0,2.3085585585585604,0.32005689900426404,5.600995732574681,2.2048364153627347,5.814366998577526,0.12446657183498644,2.471550497866282,1.0135135135135087,4.054054054054056,3.378378378378379,0.0,3.0405405405405475,2.3648648648648702
2072,Die Grünen,900,19,0.0,0.0,8.869724988146041,0.0,0.0,5.461711711711711,4.729729729729726,9.334992887624459,10.633001422475111,2.489331436699864,12.233285917496453,13.798008534850638,7.7702702702702595,0.6756756756756701,7.770270270270281,3.378378378378372,4.7297297297297405,8.445945945945944
1500,FDP,900,19,1.0,1.0,3.0523944997629187,1.0,1.0,3.434684684684683,2.8271692745377024,2.6671408250355597,2.7382645803698367,5.903271692745371,1.5647226173541924,2.6137980085348502,3.7162162162162176,0.6756756756756701,4.391891891891888,5.743243243243242,3.7162162162162176,2.364864864864863
242,Die Grünen,900,19,1.0,0.0,2.8242057847320985,1.0,1.0,1.5202702702702655,2.471550497866282,1.1557610241820626,0.5512091038406766,0.8712660028449548,6.294452347083926,5.600995732574688,0.3378378378378244,3.0405405405405332,2.364864864864856,1.689189189189193,1.0135135135135158,0.6756756756756701
1808,Die Grünen,900,19,0.0,1.0,3.2865101944049315,0.0,0.0,2.027027027027028,5.4054054054054035,3.307254623044095,0.9246088193456643,4.996443812233295,4.000711237553347,1.0846372688477857,1.0135135135135087,3.7162162162162247,0.0,2.3648648648648702,2.3648648648648702,2.7027027027026946
1886,CDU,900,19,1.0,1.0,1.49656235182551,1.0,1.0,2.59009009009009,1.1379800853485023,1.795874822190612,0.7467994310099542,0.16002844950213557,2.5960170697012828,2.5426742532005733,1.3513513513513402,1.0135135135135158,5.405405405405411,0.3378378378378386,3.7162162162162176,3.7162162162162176
1566,SPD,900,19,1.0,0.0,2.533783783783781,1.0,0.0,1.2387387387387356,3.94736842105263,3.591749644381224,1.191322901849226,5.209815078236119,0.9957325746799413,0.26671408250354744,1.0135135135135087,1.0135135135135087,2.0270270270270316,0.675675675675663,1.0135135135135087,1.689189189189193
1880,FDP,900,19,1.0,0.0,5.313537221431958,1.0,1.0,2.702702702702704,9.726173541963021,1.1557610241820626,5.2275960170697005,1.7069701280227676,12.091038406827884,1.973684210526315,0.0,1.689189189189186,4.054054054054056,1.3513513513513615,6.756756756756758,2.364864864864863
1780,bunt.saar,900,19,1.0,1.0,6.810099573257472,1.0,0.0,1.0698198198198199,1.9203413940255984,5.316500711237566,11.201991465149362,2.8805120910384083,12.197724039829296,7.343527738264598,0.3378378378378457,0.3378378378378386,0.6756756756756772,0.6756756756756772,2.7027027027027017,1.6891891891891788
4491,CDU,900,19,1.0,0.0,8.336296823138929,1.0,0.0,1.351351351351352,1.760312944523477,8.766002844950215,4.623044096728307,12.108819345661445,16.376244665718353,6.383357041251777,0.3378378378378386,1.0135135135135158,1.689189189189186,1.0135135135135087,4.054054054054063,0.0
1908,bunt.saar,900,19,1.0,1.0,2.7975343764817473,1.0,1.0,1.8581081081081052,2.8271692745377024,1.2268847795163538,2.6137980085348573,4.640825035561875,5.138691322901856,0.3378378378378386,0.3378378378378386,2.0270270270270316,2.0270270270270245,0.6756756756756701,2.364864864864856,3.7162162162162105
634,bunt.saar,900,19,1.0,1.0,4.006638217164532,1.0,1.0,1.126126126126125,5.707681365576107,1.4935988620199083,3.1472261735419664,1.0312944523470833,8.036984352773821,4.623044096728307,1.0135135135135158,0.6756756756756772,1.689189189189193,2.0270270270270245,1.0135135135135016,0.3378378378378386
4627,Die Grünen,900,19,1.0,0.0,6.433736367946897,1.0,1.0,4.898648648648649,1.2980085348506378,1.191322901849226,9.77951635846373,5.352062588904694,11.27311522048364,9.708392603129454,5.743243243243242,5.067567567567565,5.405405405405418,7.0945945945945965,2.0270270270270245,4.054054054054049
1510,CDU,900,19,1.0,0.0,7.482811759127547,1.0,0.0,3.7162162162162153,2.951635846372696,5.245376955903275,12.766714082503555,2.5248933143669916,12.713371266002838,8.694879089615931,1.3513513513513473,2.364864864864863,7.432432432432435,2.0270270270270245,6.756756756756758,2.364864864864863
1013,FDP,900,19,1.0,0.0,5.713608345187292,1.0,1.0,3.490990990990993,8.108108108108105,2.2759601706970045,8.054765291607396,6.970128022759603,0.6578947368421098,8.214793741109531,1.0135135135135158,2.3648648648648702,6.418918918918919,0.6756756756756772,3.378378378378379,7.0945945945945965
1733,FDP,900,19,1.0,0.0,4.039236605026079,1.0,0.0,2.6463963963963963,1.902560455192038,6.009957325746797,1.0490753911806507,5.672119487908951,2.6671408250355597,6.934566145092475,2.7027027027026946,6.081081081081074,1.3513513513513544,1.689189189189193,0.0,4.054054054054063
826,FDP,900,19,0.0,1.0,2.640469416785205,1.0,1.0,1.2950450450450433,0.03556187766713492,3.876244665718346,2.720483641536269,3.627311522048373,5.138691322901842,0.4445234708392647,2.7027027027026946,1.0135135135135158,0.3378378378378386,2.7027027027026946,0.6756756756756701,0.3378378378378457
3283,bunt.saar,900,19,0.0,1.0,3.2628022759601705,0.0,1.0,1.4639639639639626,4.42745376955903,3.7873399715504945,1.7780938833570303,0.35561877667140607,6.027738264580378,3.200568990042683,1.3513513513513473,2.364864864864856,1.3513513513513544,1.3513513513513473,1.3513513513513402,1.01351351351353
3343,CDU,900,19,1.0,0.0,5.921052631578946,1.0,0.0,4.954954954954954,0.6934566145092447,5.1209103840682815,6.383357041251777,1.511379800853483,13.140113798008535,8.677098150782356,1.3513513513513473,1.689189189189193,5.4054054054054035,5.4054054054054035,10.135135135135137,5.743243243243242
5113,Die Grünen,900,19,1.0,0.0,2.7441915599810316,1.0,1.0,1.632882882882883,4.87197724039828,0.8890469416785152,3.4317211948790884,0.9957325746799484,6.276671408250358,0.0,1.3513513513513473,2.0270270270270316,0.6756756756756772,1.3513513513513473,0.6756756756756843,3.7162162162162105
2225,CDU,900,19,1.0,1.0,3.200568990042676,1.0,1.0,1.3513513513513509,2.3115220483641536,2.8982930298719793,1.8847795163584706,2.9694167852062563,8.214793741109531,0.9246088193456643,1.3513513513513544,3.7162162162162105,0.3378378378378386,1.0135135135135087,0.6756756756756772,1.0135135135135158
3356,bunt.saar,900,19,1.0,1.0,2.54860123281176,1.0,1.0,0.7319819819819765,0.0,0.8001422475106637,5.067567567567565,4.516358463726888,3.662873399715508,1.2446657183499354,0.3378378378378386,0.3378378378378386,0.675675675675663,0.0,1.6891891891891788,1.3513513513513402
4673,FDP,900,19,1.0,0.0,5.443930772878141,1.0,0.0,4.89864864864865,0.7645803698435216,9.334992887624459,6.596728307254629,0.7467994310099613,9.690611664295872,5.529871977240404,7.432432432432435,2.364864864864856,5.405405405405411,5.743243243243249,4.391891891891895,4.054054054054056
1581,Die Grünen,900,19,1.0,1.0,5.11794689426268,1.0,0.0,1.2950450450450433,3.8584637268847715,2.471550497866282,6.045519203413939,1.6714082503556185,9.423897581792318,7.23684210526315,0.6756756756756772,2.702702702702709,0.675675675675663,1.689189189189186,2.0270270270270245,0.0
1710,SPD,900,19,0.0,0.0,10.274419155998105,0.0,1.0,3.3783783783783776,1.0846372688477999,9.299431009957331,16.78520625889047,1.902560455192031,21.746088193456615,10.828591749644389,3.7162162162162176,1.3513513513513473,3.7162162162162176,2.0270270270270245,5.743243243243242,3.7162162162162176
3157,Die Grünen,900,19,1.0,1.0,3.271692745376954,1.0,1.0,2.702702702702704,5.4765291607396875,4.285206258890469,1.4046941678520568,2.329302987197721,3.3250355618776624,2.809388335704128,2.0270270270270245,1.689189189189186,3.0405405405405475,4.391891891891895,1.0135135135135087,4.054054054054063
4531,SPD,900,19,1.0,0.0,3.1827880512091062,1.0,0.0,1.9144144144144164,0.8001422475106708,0.12446657183499354,7.0945945945945965,2.329302987197721,5.26315789473685,3.485064011379805,3.378378378378379,1.3513513513513615,2.0270270270270245,3.0405405405405475,0.3378378378378386,1.3513513513513473
1823,CDU,900,19,1.0,1.0,5.242413466097681,1.0,1.0,1.5202702702702702,2.2226173541963163,13.780227596017077,5.2631578947368425,1.1201991465149348,6.7745376955903325,2.293741109530586,0.0,0.3378378378378386,0.3378378378378386,4.391891891891888,1.013513513513523,3.0405405405405332
2158,bunt.saar,900,19,0.0,1.0,5.894381223328594,0.0,1.0,1.2387387387387416,6.009957325746804,3.662873399715508,3.4672830725462234,3.8584637268847786,11.557610241820775,6.8100995732574745,2.364864864864863,0.6756756756756772,0.3378378378378386,1.689189189189193,0.6756756756756843,1.689189189189193
4348,bunt.saar,900,19,0.0,1.0,3.5680417259364616,0.0,1.0,1.914414414414414,1.7780938833570303,1.9914651493598896,2.7738264580369787,4.142958748221901,3.9651493598862118,6.756756756756758,2.702702702702709,2.364864864864856,0.0,3.0405405405405403,0.3378378378378315,3.0405405405405475
1084,SPD,900,19,0.0,1.0,8.872688477951636,0.0,1.0,1.8018018018018023,4.018492176386914,6.792318634423893,15.753911806543378,0.2844950213371291,15.184921763869134,11.201991465149362,0.6756756756756772,3.0405405405405475,0.6756756756756772,2.0270270270270245,2.3648648648648702,2.0270270270270174
294,CDU,900,19,1.0,1.0,2.0477714556661937,1.0,1.0,3.0405405405405403,1.689189189189193,2.471550497866282,5.4054054054054035,0.12446657183499354,2.080369843527741,0.5156472261735487,0.0,2.3648648648648702,5.067567567567565,4.729729729729726,3.0405405405405403,3.0405405405405403
4392,DIE LINKE,900,19,1.0,1.0,3.384305357989568,1.0,0.0,2.477477477477477,5.51209103840683,0.7290184921763796,1.1201991465149348,4.445234708392597,7.414651493598868,1.0846372688477999,0.6756756756756772,3.0405405405405332,4.7297297297297405,2.364864864864856,1.0135135135135158,3.0405405405405403
568,Die Grünen,900,19,0.0,1.0,3.8110478899952547,0.0,1.0,1.9707207207207251,1.831436699857747,6.294452347083926,4.658605974395449,2.933854907539107,4.889758179231862,2.258179231863437,3.7162162162162176,0.3378378378378386,0.6756756756756843,3.378378378378393,0.3378378378378457,3.378378378378372
2645,Die Grünen,900,19,1.0,1.0,2.753082029397819,1.0,1.0,1.4076576576576574,3.733997155049792,0.1422475106685539,4.747510668563308,0.8712660028449477,3.0405405405405332,3.982930298719779,2.0270270270270245,1.0135135135135158,2.702702702702709,0.6756756756756772,1.3513513513513402,0.6756756756756772
280,DIE LINKE,900,19,0.0,1.0,9.329065908013279,0.0,1.0,4.448198198198199,1.9914651493598896,7.645803698435266,17.19416785206259,3.591749644381224,17.496443812233295,8.054765291607403,0.6756756756756701,6.418918918918912,7.0945945945945965,1.3513513513513473,6.756756756756765,4.391891891891902
4988,bunt.saar,900,19,1.0,0.0,8.330369843527736,1.0,1.0,1.0698198198198234,3.94736842105263,1.3869132290184822,10.95305832147936,8.854907539118052,17.354196301564734,7.485775248933152,1.3513513513513473,0.0,1.0135135135135158,2.0270270270270174,1.01351351351353,1.01351351351353
2795,FDP,900,19,0.0,0.0,4.623044096728306,1.0,1.0,2.8716216216216224,0.7823613086770962,6.578947368421048,6.187766714082507,8.819345661450917,2.4182076813655797,2.951635846372689,2.0270270270270316,0.6756756756756772,6.418918918918919,0.3378378378378386,4.391891891891888,3.378378378378379
480,bunt.saar,900,19,0.0,0.0,4.531175912754861,1.0,1.0,1.8018018018018036,1.3157894736842124,8.214793741109531,0.12446657183498644,0.40896159317211556,12.606685633001433,4.516358463726888,4.391891891891895,1.689189189189186,1.689189189189193,0.3378378378378386,2.0270270270270316,0.6756756756756772
184,FDP,900,19,1.0,1.0,5.849928876244665,1.0,1.0,4.729729729729731,1.511379800853483,1.7425320056899025,10.419630156472266,0.7467994310099613,9.281650071123742,11.397581792318633,4.054054054054056,1.689189189189186,4.729729729729733,7.770270270270281,4.729729729729726,5.4054054054054035
5002,CDU,900,19,1.0,0.0,3.070175438596491,1.0,0.0,4.166666666666664,5.0853485064011394,1.2802275960170704,0.7645803698435216,6.578947368421048,2.6137980085348573,2.0981507823613086,3.7162162162162105,2.364864864864856,5.4054054054054035,5.743243243243242,2.3648648648648702,5.4054054054054035
1324,SPD,900,19,0.0,0.0,8.395566619250829,1.0,1.0,2.5337837837837824,1.475817923186355,12.855618776671399,8.961593172119485,0.8179231863442382,14.295874822190612,11.966571834992884,2.7027027027026946,0.3378378378378386,3.378378378378372,2.702702702702709,4.054054054054049,2.0270270270270316
579,FDP,900,19,1.0,0.0,4.996443812233284,1.0,1.0,2.195945945945945,2.0270270270270316,8.339260312944525,2.9871977240398238,5.4409672830725455,7.254623044096725,3.9295874822190555,1.0135135135135016,1.0135135135135087,3.378378378378386,3.0405405405405475,1.3513513513513544,3.378378378378372
3250,Die Grünen,900,19,1.0,1.0,4.371147463252729,1.0,1.0,1.5765765765765754,2.6137980085348502,3.307254623044095,2.8271692745376953,0.9423897581792389,10.881934566145091,5.654338549075405,1.3513513513513544,0.3378378378378315,1.689189189189193,1.0135135135135087,1.3513513513513544,3.7162162162162105
65,bunt.saar,900,19,1.0,1.0,5.645448079658608,1.0,1.0,0.5067567567567544,0.8890469416785152,8.694879089615938,4.658605974395456,4.285206258890469,10.099573257468002,5.245376955903268,0.0,1.0135135135135158,1.0135135135135016,1.0135135135135087,0.0,0.0
210,SPD,900,19,0.0,0.0,6.955310573731629,1.0,0.0,2.477477477477476,4.480796586059739,6.685633001422481,7.734708392603132,2.9694167852062563,9.40611664295875,10.455192034139415,1.689189189189186,1.3513513513513473,2.0270270270270174,6.756756756756751,1.689189189189193,1.3513513513513615
2396,bunt.saar,900,19,0.0,1.0,4.19333807491702,1.0,1.0,3.9977477477477485,3.769559032716927,5.1920341394025655,3.698435277382636,6.347795163584642,2.6493598862019923,3.5028449502133583,1.0135135135135158,5.743243243243242,3.0405405405405475,4.391891891891895,3.378378378378386,6.418918918918905
2860,DIE LINKE,900,19,0.0,1.0,5.799549549549549,0.0,1.0,4.8986486486486465,2.275960170697026,5.298719772403977,5.8321479374110865,2.3470839260312886,10.384068278805124,8.659317211948789,1.3513513513513473,6.081081081081074,6.418918918918926,5.067567567567558,3.378378378378379,7.0945945945945965
931,bunt.saar,900,19,1.0,1.0,7.657657657657658,1.0,1.0,2.1396396396396398,4.605263157894733,4.000711237553347,8.837126600284492,9.086059743954479,8.837126600284492,10.579658605974402,3.7162162162162176,0.3378378378378386,1.0135135135135158,3.7162162162162176,1.6891891891891788,2.3648648648648702
3414,FDP,900,19,1.0,1.0,3.8525367472735907,1.0,1.0,2.477477477477479,2.880512091038412,3.449502133712656,3.94736842105263,7.165718349928881,0.26671408250356166,5.4054054054054035,0.6756756756756772,1.689189189189186,4.054054054054049,1.6891891891892072,2.7027027027027017,4.054054054054053
1635,FDP,900,19,1.0,1.0,2.3085585585585604,1.0,1.0,1.1261261261261264,0.5689900426742582,0.3378378378378386,2.151493598862025,6.241109530583216,3.7517780938833525,0.8001422475106708,1.01351351351353,1.3513513513513473,1.0135135135135087,0.0,0.6756756756756701,2.7027027027027017
101,CDU,900,19,0.0,0.0,4.673423423423425,0.0,0.0,1.463963963963966,4.231863442389766,3.1116642958748244,1.9203413940255984,8.019203413940254,8.766002844950215,1.9914651493598896,1.689189189189193,1.3513513513513544,1.013513513513523,0.0,2.364864864864863,2.364864864864863
3538,FDP,900,19,1.0,0.0,5.932906590801331,0.0,1.0,2.59009009009009,1.795874822190612,0.40896159317212266,5.192034139402573,3.662873399715508,14.758179231863444,9.77951635846373,1.0135135135135158,6.081081081081081,3.378378378378372,4.729729729729733,0.0,0.3378378378378386
2973,FDP,900,19,1.0,1.0,4.617117117117118,0.0,0.0,6.925675675675676,0.426742532005683,5.4409672830725455,4.231863442389766,2.044807965860592,6.596728307254629,8.961593172119493,3.378378378378379,5.405405405405411,9.459459459459467,1.3513513513513473,10.810810810810807,11.148648648648646
4642,Die Grünen,900,19,1.0,1.0,6.214438122332855,1.0,1.0,1.2387387387387452,0.8890469416785152,4.836415362731152,5.814366998577512,8.090327169274538,8.036984352773828,9.619487908961588,1.689189189189186,1.013513513513523,1.01351351351353,0.6756756756756701,2.0270270270270316,1.01351351351353
1428,FDP,900,19,0.0,1.0,4.474869606448556,1.0,1.0,2.421171171171173,3.022759601706973,0.8534850640113874,4.391891891891895,8.677098150782356,3.1827880512091085,6.721194879089616,1.013513513513523,2.0270270270270316,2.364864864864863,3.0405405405405332,3.378378378378386,2.7027027027027017
1431,CDU,900,19,1.0,0.0,5.547652916073967,1.0,1.0,1.6328828828828843,3.6450924608819264,3.69843527738265,3.982930298719765,9.334992887624459,9.601706970128028,3.022759601706973,0.0,0.3378378378378457,3.0405405405405332,3.7162162162162176,1.013513513513523,1.689189189189186
2359,bunt.saar,900,19,0.0,0.0,5.823257467994311,1.0,1.0,2.195945945945946,1.4580369843527734,1.262446657183503,10.899715504978658,0.08890469416785152,13.495732574679948,7.734708392603132,2.702702702702709,0.675675675675663,1.3513513513513544,4.729729729729726,0.3378378378378386,3.378378378378386
3700,DIE LINKE,900,19,0.0,0.0,5.5802513039355155,0.0,1.0,1.3513513513513533,9.014935988620195,4.605263157894733,3.236130867709818,6.7745376955903325,7.21906116642959,2.631578947368425,0.3378378378378386,2.3648648648648702,0.0,0.3378378378378386,1.0135135135135087,4.054054054054063
2060,DIE LINKE,900,19,1.0,0.0,4.208155523944993,0.0,1.0,2.083333333333332,4.480796586059739,3.6095305832147915,3.4672830725462234,2.2048364153627347,10.330725462304407,1.1557610241820626,3.0405405405405403,1.689189189189193,1.3513513513513473,3.378378378378379,1.3513513513513473,1.689189189189186
1281,bunt.saar,900,19,1.0,1.0,2.021100047415833,1.0,0.0,1.7454954954954935,0.35561877667140607,1.5825035561877598,3.449502133712656,1.9559032716927405,4.658605974395449,0.12446657183498644,1.3513513513513615,1.0135135135135016,1.689189189189193,1.0135135135135158,2.7027027027026946,2.7027027027026946
3578,SPD,900,19,0.0,1.0,6.282598387861544,0.0,1.0,3.3783783783783776,1.973684210526315,2.6849217638691414,8.499288762446653,4.640825035561875,12.997866287339967,6.899004267425312,2.3648648648648702,2.7027027027026946,2.7027027027026946,2.702702702702709,6.418918918918919,3.378378378378379
438,CDU,900,19,1.0,0.0,5.10016595542911,1.0,0.0,2.2522522522522537,0.7645803698435287,7.183499288762434,4.551920341394016,0.23115220483641252,8.143669985775247,9.726173541963021,0.6756756756756914,1.689189189189186,1.689189189189186,4.391891891891895,1.689189189189186,3.378378378378379
3866,FDP,900,19,1.0,1.0,3.6006401137980077,1.0,1.0,3.6599099099099113,2.8982930298719793,4.285206258890469,1.8669985775249032,7.841394025604544,0.8357041251778057,3.876244665718346,4.054054054054063,2.7027027027027017,2.3648648648648702,3.7162162162162105,4.729729729729726,4.391891891891895
1485,SPD,900,19,0.0,0.0,4.163703176861072,1.0,0.0,2.759009009009007,8.499288762446653,3.733997155049792,2.631578947368425,5.814366998577526,2.0981507823613015,2.2048364153627347,1.3513513513513473,5.743243243243235,3.378378378378372,1.689189189189186,1.689189189189193,2.702702702702709
4973,SPD,900,19,1.0,1.0,2.601944049312472,1.0,1.0,4.222972972972971,3.7873399715504945,4.711948790896166,2.080369843527741,2.0625889046941666,0.35561877667140607,2.6137980085348573,6.081081081081074,1.3513513513513473,3.7162162162162176,6.081081081081074,0.6756756756756843,7.432432432432428
3226,Die Grünen,900,19,0.0,0.0,3.6688003793266972,0.0,0.0,3.7162162162162176,2.3826458036984377,0.8890469416785152,4.9075391180654435,3.378378378378379,6.223328591749642,4.231863442389766,6.081081081081074,2.702702702702709,3.0405405405405475,4.391891891891888,2.3648648648648702,3.7162162162162176
1564,bunt.saar,900,19,0.0,0.0,5.1446183025130425,1.0,1.0,2.9842342342342385,0.0,1.1024182076813673,3.307254623044102,2.6493598862019923,14.100284495021342,9.708392603129454,3.0405405405405403,1.6891891891892072,2.3648648648648702,2.7027027027027017,4.391891891891888,3.7162162162162247
4133,FDP,900,19,1.0,1.0,2.444879089615933,1.0,1.0,3.6599099099099086,3.556187766714082,0.7112375533428192,1.2268847795163538,5.600995732574688,1.440256045519206,2.1337126600284506,1.689189189189193,2.3648648648648702,7.094594594594589,4.729729729729726,0.6756756756756701,5.4054054054054035
3701,FDP,900,19,1.0,1.0,3.1027738264580336,1.0,1.0,0.7319819819819825,4.0362731152204745,4.160739687055475,1.0135135135135087,1.4935988620199083,5.2631578947368425,2.6493598862019923,0.3378378378378386,1.0135135135135158,0.0,1.0135135135135158,1.3513513513513473,0.6756756756756772
3555,bunt.saar,900,19,0.0,1.0,3.8821716453295436,0.0,1.0,1.7454954954954935,4.000711237553347,4.569701280227605,0.017780938833574567,3.805120910384062,7.21906116642959,3.6806543385490826,0.675675675675663,2.0270270270270316,0.3378378378378315,0.6756756756756772,3.0405405405405403,3.7162162162162176
3429,FDP,900,19,0.0,1.0,2.160384068278803,0.0,0.0,6.306306306306305,3.7162162162162176,3.4317211948790884,0.8890469416785152,1.902560455192038,0.9601706970127921,2.0625889046941666,4.729729729729726,10.13513513513513,7.770270270270267,1.3513513513513473,7.094594594594604,6.756756756756758
4401,Die Grünen,900,19,1.0,1.0,3.5206258890469386,1.0,1.0,0.9009009009009054,0.37339971550497353,7.005689900426745,3.698435277382629,0.1955903271692776,5.8677098150782285,3.982930298719779,0.6756756756756772,0.3378378378378528,1.3513513513513686,0.3378378378378386,1.3513513513513544,1.3513513513513402
2088,SPD,900,19,0.0,1.0,5.14165481270744,0.0,0.0,4.786036036036033,0.6578947368421026,6.845661450924595,6.294452347083926,2.5248933143669916,8.694879089615938,5.8321479374110865,4.729729729729726,2.7027027027026946,6.418918918918919,3.378378378378379,6.418918918918912,5.067567567567565
2234,FDP,900,19,1.0,0.0,3.701398767188241,1.0,1.0,2.027027027027023,6.436699857752494,3.0761024182076824,5.565433854907525,3.840682788051211,2.5426742532005733,0.7467994310099613,2.364864864864863,2.0270270270270174,0.3378378378378244,3.378378378378379,3.7162162162162176,0.3378378378378386
880,CDU,900,19,1.0,1.0,7.032361308677099,0.0,1.0,7.038288288288288,1.404694167852064,12.624466571835,4.658605974395449,3.8229018492176436,10.010668563300136,9.672830725462298,1.689189189189193,9.797297297297298,9.121621621621621,4.054054054054049,8.108108108108105,9.45945945945946
1616,FDP,900,19,1.0,0.0,3.9473684210526314,1.0,1.0,3.772522522522518,5.992176386913229,0.9601706970127921,3.058321479374108,5.0497866287340045,3.2183499288762505,5.4054054054054035,2.7027027027026946,4.729729729729719,4.054054054054049,0.3378378378378386,4.054054054054056,6.756756756756751
4638,FDP,900,19,1.0,1.0,3.0612849691797037,1.0,1.0,3.2094594594594583,0.1422475106685539,1.795874822190612,5.209815078236126,0.8001422475106637,4.836415362731152,5.583214793741114,4.391891891891902,5.067567567567565,1.689189189189186,3.0405405405405332,2.364864864864863,2.7027027027027017
4383,SPD,900,19,1.0,0.0,1.9885016595542844,1.0,1.0,2.871621621621626,0.49786628733995997,0.6223328591749677,4.445234708392604,0.1422475106685539,1.7247510668563137,4.498577524893307,1.3513513513513615,4.054054054054056,2.702702702702709,5.067567567567565,2.7027027027026946,1.3513513513513686
570,Die Grünen,900,19,1.0,1.0,1.8729255571360828,1.0,0.0,2.139639639639642,1.9203413940255984,2.1692745376955855,1.226884779516368,0.6578947368421098,2.0981507823613015,3.165007112375534,6.081081081081074,0.0,0.6756756756756914,3.378378378378379,1.689189189189193,1.0135135135135158
4803,FDP,900,19,0.0,0.0,3.0435040303461385,0.0,1.0,3.153153153153152,7.592460881934564,5.672119487908965,0.6045519203413932,0.0,1.369132290184929,3.02275960170698,6.418918918918912,4.054054054054056,4.391891891891902,1.689189189189193,2.0270270270270245,0.3378378378378244
3554,bunt.saar,900,19,1.0,1.0,5.817330488383118,1.0,1.0,2.6463963963963955,4.605263157894733,0.8712660028449477,12.251066856329999,1.0846372688477928,12.553342816500717,3.5384068278805216,3.0405405405405403,1.3513513513513402,3.0405405405405332,4.391891891891895,2.0270270270270316,2.0270270270270316
4777,CDU,900,19,1.0,0.0,3.402086296823139,1.0,0.0,1.0135135135135147,2.43598862019914,1.0846372688477999,5.423186344238985,5.032005689900423,5.0853485064011394,1.3513513513513473,1.689189189189193,1.3513513513513473,2.3648648648648702,0.3378378378378386,0.0,0.3378378378378386
3083,SPD,900,19,0.0,0.0,6.5967283072546214,1.0,0.0,4.56081081081081,3.733997155049792,7.450213371266003,10.50853485064011,4.071834992887624,4.605263157894733,9.210526315789465,7.094594594594589,1.0135135135135087,3.378378378378379,6.756756756756758,3.0405405405405332,6.081081081081088
4814,Die Grünen,900,19,1.0,1.0,3.3072546230441,1.0,1.0,2.533783783783788,1.9381223328591872,3.9295874822190555,1.4758179231863409,5.174253200568991,7.02347083926032,0.3022759601707037,2.702702702702709,1.3513513513513544,4.054054054054049,1.0135135135135158,1.01351351351353,5.067567567567572
2794,bunt.saar,900,19,0.0,0.0,6.187766714082507,1.0,1.0,1.2387387387387392,3.982930298719772,3.9118065433855023,9.886201991465143,1.0490753911806578,9.495021337126602,8.801564722617364,1.3513513513513473,0.6756756756756701,0.0,2.0270270270270316,0.3378378378378386,3.0405405405405475
3936,DIE LINKE,900,19,0.0,0.0,5.802513039355148,0.0,0.0,2.3085585585585613,4.107396870554773,3.5739687055476637,6.952347083926028,7.0945945945945965,10.277382645803698,2.809388335704128,8.445945945945958,0.6756756756756772,1.3513513513513544,1.0135135135135087,1.3513513513513544,1.0135135135135158
850,Die Grünen,900,19,0.0,0.0,5.414295874822193,0.0,1.0,2.7027027027027066,0.17780938833571014,2.738264580369851,9.743954480796589,3.8229018492176436,9.672830725462298,6.330014224751068,2.7027027027027017,1.3513513513513686,5.067567567567579,2.0270270270270316,3.0405405405405332,2.0270270270270245
3711,bunt.saar,900,19,0.0,0.0,7.1627548601232816,0.0,0.0,1.4076576576576596,3.485064011379805,4.054054054054063,11.184210526315788,6.027738264580371,9.210526315789465,9.014935988620195,1.0135135135135087,1.01351351351353,1.689189189189186,0.6756756756756772,0.3378378378378386,3.7162162162162176
1879,bunt.saar,900,19,1.0,1.0,7.393907064959692,1.0,1.0,1.407657657657662,2.3648648648648702,9.530583214793744,7.841394025604544,0.9068278805120897,13.442389758179225,10.277382645803684,1.013513513513523,0.0,2.0270270270270316,1.689189189189193,0.6756756756756772,3.0405405405405475
4347,CDU,900,19,0.0,1.0,3.899952584163111,0.0,1.0,3.7725225225225194,2.275960170697026,2.2403982930298625,2.809388335704128,5.014224751066855,9.477240398293027,1.582503556187767,1.0135135135135087,3.7162162162162176,3.378378378378372,1.3513513513513544,5.067567567567558,8.108108108108105
2592,CDU,900,19,1.0,0.0,3.2657657657657637,1.0,0.0,3.2657657657657637,3.6095305832147915,5.0853485064011394,3.1472261735419664,2.435988620199147,1.1557610241820626,4.160739687055475,1.0135135135135158,2.7027027027027017,4.391891891891902,1.3513513513513473,4.391891891891881,5.743243243243235
4342,bunt.saar,900,19,1.0,1.0,4.951991465149359,1.0,1.0,1.5765765765765707,6.703413940256041,5.974395448079662,3.805120910384062,1.3513513513513473,9.370554765291615,2.507112375533424,2.364864864864856,0.675675675675663,1.0135135135135016,1.689189189189193,0.6756756756756772,3.0405405405405332
566,bunt.saar,900,19,0.0,1.0,5.36095305832148,1.0,1.0,2.0270270270270268,6.116642958748223,3.485064011379805,7.805832147937416,1.5647226173541924,9.263869132290182,3.9295874822190626,0.6756756756756772,4.054054054054063,1.689189189189193,0.3378378378378386,1.6891891891891788,3.7162162162162105
3923,bunt.saar,900,19,0.0,1.0,2.056661925082976,0.0,0.0,3.8851351351351355,0.4445234708392647,4.142958748221901,4.498577524893314,0.2489331436699942,2.578236130867708,0.4267425320056759,2.364864864864863,4.391891891891888,4.729729729729733,4.054054054054056,5.743243243243242,2.0270270270270316
1382,CDU,900,19,1.0,1.0,3.532479848269317,1.0,1.0,1.9707207207207216,2.115931721194869,7.876955903271693,1.0312944523470833,2.86273115220483,0.1422475106685539,7.1657183499288735,0.0,1.689189189189186,1.689189189189193,1.689189189189186,5.743243243243249,1.0135135135135158
1869,Die Grünen,900,19,0.0,0.0,6.03366524419156,0.0,0.0,3.4909909909909884,4.694167852062591,1.9914651493598896,8.97937411095306,2.6671408250355597,11.539829302987194,6.330014224751068,3.7162162162162176,1.0135135135135158,4.729729729729719,5.067567567567565,3.0405405405405403,3.378378378378372
4367,bunt.saar,900,19,1.0,0.0,6.057373162636323,1.0,0.0,2.0833333333333335,8.090327169274545,3.307254623044095,5.7254623044096675,6.436699857752494,9.317211948790913,3.4672830725462234,2.3648648648648702,2.0270270270270174,0.0,5.067567567567565,2.0270270270270316,1.0135135135135158
3656,Die Grünen,900,19,1.0,0.0,2.8360597439544812,1.0,0.0,3.6599099099099077,0.21337126600283796,3.02275960170698,0.6934566145092447,5.8321479374110865,0.8534850640113874,6.401137980085352,0.0,3.378378378378372,5.743243243243249,1.689189189189186,8.108108108108098,3.0405405405405403
1450,SPD,900,19,0.0,0.0,4.8067804646752,0.0,1.0,1.2387387387387392,5.174253200568991,0.2844950213371291,5.387624466571829,3.0049786628733983,10.348506401137975,4.640825035561882,1.0135135135135087,0.3378378378378386,0.3378378378378386,1.689189189189193,2.702702702702709,1.3513513513513473
5194,FDP,900,19,0.0,1.0,6.05737316263632,0.0,1.0,3.3220720720720727,5.26315789473685,6.721194879089616,5.5476529160739645,2.258179231863437,8.108108108108105,8.445945945945944,4.729729729729726,0.6756756756756843,3.7162162162162176,2.702702702702709,3.7162162162162105,4.391891891891888
1819,Die Grünen,900,19,0.0,0.0,7.54504504504504,0.0,0.0,5.6306306306306295,9.939544807965845,3.058321479374115,10.561877667140813,4.445234708392597,9.45945945945946,7.805832147937409,7.0945945945945965,2.0270270270270316,7.094594594594589,7.432432432432421,6.418918918918919,3.7162162162162176
1301,FDP,900,19,1.0,1.0,4.898648648648646,1.0,0.0,2.252252252252248,1.4935988620199083,5.245376955903275,3.662873399715501,5.636557610241823,11.166429587482213,2.187055476529153,5.4054054054054035,0.6756756756756701,3.7162162162162176,2.0270270270270174,1.0135135135135087,0.6756756756756701
902,CDU,900,19,1.0,1.0,4.937174016121386,0.0,1.0,1.5765765765765742,4.338549075391185,4.889758179231862,6.330014224751075,3.307254623044095,4.623044096728307,6.13442389758179,1.0135135135135016,1.3513513513513544,0.3378378378378386,5.067567567567565,0.3378378378378386,1.3513513513513473
2886,FDP,900,19,1.0,0.0,3.5117354196301562,1.0,0.0,1.8018018018017987,9.174964438122338,4.747510668563294,0.16002844950212847,1.689189189189193,1.1201991465149348,4.17852062588905,0.6756756756756701,1.689189189189193,3.0405405405405403,2.0270270270270174,0.6756756756756701,2.7027027027027017
2724,CDU,900,19,1.0,0.0,2.8004978662873405,1.0,1.0,2.8153153153153148,2.9338549075391214,1.6358463726884764,1.5647226173541924,1.724751066856328,3.165007112375541,5.778805120910384,1.3513513513513615,1.689189189189186,4.729729729729733,0.0,6.081081081081074,3.0405405405405332
2719,CDU,900,19,0.0,1.0,1.742532005689899,0.0,1.0,2.8716216216216197,3.94736842105263,0.32005689900426404,2.115931721194869,1.404694167852064,1.546941678520632,1.1201991465149348,0.3378378378378386,1.689189189189186,2.7027027027027017,3.0405405405405403,4.391891891891888,5.067567567567565
296,FDP,900,19,0.0,0.0,2.9871977240398295,0.0,0.0,1.6328828828828807,0.6223328591749677,5.4765291607396875,1.0312944523470833,1.3335704125177799,4.9075391180654435,4.551920341394016,1.3513513513513473,2.364864864864863,3.0405405405405332,1.689189189189186,1.0135135135135087,0.3378378378378457
2640,FDP,900,19,0.0,0.0,5.844001896633472,1.0,0.0,2.590090090090088,1.7425320056898954,5.778805120910384,8.197012802275953,5.387624466571829,9.743954480796582,4.214082503556188,2.0270270270270174,1.3513513513513544,3.7162162162162105,0.3378378378378386,5.4054054054054035,2.7027027027027017
5076,FDP,900,19,1.0,1.0,2.4063537221431983,1.0,1.0,2.195945945945946,2.2226173541963092,0.8179231863442382,2.5604551920341407,2.044807965860592,6.276671408250365,0.5156472261735452,0.3378378378378386,1.3513513513513473,3.378378378378379,1.3513513513513473,3.378378378378386,3.378378378378379
1871,FDP,900,19,1.0,0.0,3.5502607871028906,1.0,0.0,3.490990990990993,1.9559032716927405,0.10668563300141898,0.9068278805120897,7.716927453769557,8.232574679943106,2.3826458036984306,2.702702702702709,6.081081081081081,1.689189189189193,2.702702702702709,3.0405405405405403,4.729729729729726
4493,bunt.saar,900,19,1.0,1.0,6.110715979137034,0.0,1.0,2.3085585585585533,1.8492176386913215,7.770270270270274,9.655049786628751,4.2140825035561775,7.396870554765293,5.778805120910384,2.7027027027026946,0.6756756756756701,2.702702702702709,3.0405405405405332,1.6891891891891788,3.0405405405405332
1231,DIE LINKE,900,19,1.0,0.0,5.162399241346608,1.0,0.0,2.027027027027023,3.520625889046933,1.0312944523470833,7.3968705547653,1.8492176386913215,11.006401137980085,6.169985775248925,0.6756756756756772,3.0405405405405332,4.054054054054042,1.0135135135135158,0.6756756756756701,2.7027027027027017
1525,DIE LINKE,900,19,0.0,1.0,2.112968231389283,1.0,0.0,5.011261261261264,2.8271692745377024,0.604551920341386,3.413940256045514,2.7560455192034112,2.329302987197721,0.7467994310099613,1.689189189189186,4.391891891891902,6.081081081081088,1.689189189189186,8.445945945945951,7.770270270270274
159,bunt.saar,900,19,0.0,0.0,7.8739924134660955,1.0,1.0,1.6891891891891895,1.5291607396870575,4.836415362731152,10.668563300142253,3.662873399715501,14.22475106685632,12.32219061166429,1.689189189189193,2.0270270270270316,0.3378378378378386,3.378378378378372,2.0270270270270245,0.6756756756756772
4750,CDU,900,19,1.0,1.0,2.255215742057846,1.0,1.0,3.3220720720720736,2.43598862019914,0.9068278805120897,3.4672830725462305,5.334281650071112,0.17780938833571014,1.2091038406827934,0.675675675675663,3.378378378378372,4.391891891891895,1.6891891891892072,5.4054054054054035,4.391891891891902
3141,FDP,900,19,1.0,1.0,6.976055002370795,1.0,1.0,1.463963963963965,1.760312944523477,3.7162162162162176,9.619487908961592,3.0049786628734054,16.678520625889046,7.076813655761029,3.7162162162162176,2.0270270270270245,0.3378378378378386,0.3378378378378386,0.0,2.3648648648648702
1633,bunt.saar,900,19,1.0,1.0,3.713252726410617,1.0,0.0,1.745495495495497,6.792318634423893,3.1116642958748173,5.032005689900423,0.6934566145092447,5.352062588904687,1.2980085348506378,2.7027027027027017,1.0135135135135158,2.3648648648648702,1.689189189189186,2.0270270270270316,0.6756756756756772
5055,CDU,900,19,1.0,1.0,5.624703651019442,0.0,1.0,5.96846846846847,0.37339971550498063,8.32147937411095,3.9651493598862046,0.2489331436699942,10.899715504978662,9.93954480796586,2.7027027027027017,6.756756756756758,4.391891891891895,7.094594594594604,5.4054054054054035,9.459459459459456
2337,bunt.saar,900,19,1.0,1.0,5.8262209577999045,1.0,1.0,1.5202702702702677,4.391891891891895,3.805120910384062,10.13513513513513,4.267425320056894,10.330725462304414,2.0270270270270316,0.3378378378378315,0.3378378378378386,4.054054054054049,1.0135135135135158,3.0405405405405332,0.3378378378378386
2538,FDP,900,19,0.0,1.0,3.4376481744902825,0.0,1.0,1.8018018018017987,2.1692745376955855,1.0490753911806578,2.1337126600284506,8.854907539118074,4.391891891891895,2.0270270270270316,3.378378378378379,1.0135135135135087,1.3513513513513473,1.689189189189186,3.378378378378372,0.0
3194,FDP,900,19,0.0,1.0,2.539710763394975,0.0,1.0,2.5900900900900914,2.00924608819345,0.3022759601707037,2.6849217638691343,8.26813655761024,0.5156472261735487,1.4580369843527734,1.3513513513513473,4.729729729729733,3.0405405405405403,1.0135135135135158,1.689189189189193,3.7162162162162176
592,bunt.saar,900,19,1.0,0.0,6.294452347083925,1.0,1.0,1.745495495495503,2.489331436699864,3.058321479374108,11.628733997155052,3.6450924608819406,7.983641536273105,8.961593172119478,2.3648648648648702,0.6756756756756914,1.01351351351353,1.3513513513513615,0.6756756756756772,4.391891891891888
1835,FDP,900,19,1.0,0.0,3.3813418681839686,1.0,1.0,1.632882882882883,6.098862019914655,4.67638691322901,1.3869132290184822,7.2724039829302995,0.7645803698435216,0.08890469416784441,3.0405405405405475,0.6756756756756843,2.0270270270270174,1.0135135135135087,0.3378378378378386,2.7027027027027017
3566,CDU,900,19,1.0,1.0,6.267780938833571,1.0,0.0,2.4774774774774784,4.249644381223341,4.089615931721191,9.743954480796589,3.1827880512090942,7.254623044096725,9.086059743954486,2.0270270270270245,2.3648648648648702,3.0405405405405475,0.6756756756756701,5.067567567567572,1.689189189189186
1192,CDU,900,19,1.0,0.0,4.43634423897582,1.0,1.0,1.0135135135135158,2.329302987197721,6.7745376955903325,1.191322901849226,7.503556187766712,6.490042674253203,2.329302987197721,0.6756756756756843,2.702702702702709,1.0135135135135158,0.6756756756756701,0.6756756756756843,0.3378378378378315
1998,DIE LINKE,900,19,1.0,0.0,3.280583214793739,1.0,0.0,5.349099099099099,3.271692745376953,1.7425320056899025,3.5028449502133725,2.9694167852062563,5.565433854907525,2.631578947368425,8.783783783783782,3.7162162162162176,5.743243243243242,7.0945945945945965,4.054054054054063,2.7027027027026946
1858,FDP,900,19,0.0,1.0,4.489687055476529,1.0,1.0,5.292792792792795,0.604551920341386,1.6714082503556256,7.1657183499288735,4.302987197724043,4.587482219061165,8.60597439544808,2.3648648648648702,5.743243243243249,4.391891891891895,4.729729729729733,7.094594594594589,7.432432432432435
533,SPD,900,19,0.0,1.0,6.76268373636795,0.0,1.0,1.6891891891891906,5.2631578947368425,6.899004267425312,6.436699857752494,2.4537695590327147,8.463726884779526,11.059743954480808,1.689189189189186,0.6756756756756772,1.689189189189193,2.7027027027027017,1.3513513513513544,2.0270270270270316
3092,CDU,900,19,1.0,1.0,7.305002370791844,1.0,0.0,3.941441441441441,2.6493598862019923,7.983641536273112,8.481507823613093,1.724751066856328,11.397581792318633,11.59317211948791,3.7162162162162105,0.3378378378378386,6.418918918918926,1.689189189189193,5.743243243243235,5.743243243243242
2267,bunt.saar,900,19,0.0,1.0,2.8271692745376953,0.0,1.0,2.0833333333333335,0.23115220483641252,2.6493598862019923,3.6450924608819264,2.880512091038412,4.231863442389766,3.3250355618776624,0.3378378378378386,3.7162162162162105,2.7027027027027017,0.3378378378378457,3.7162162162162176,1.689189189189186
1339,CDU,900,19,1.0,0.0,3.4998814604077793,0.0,1.0,1.9144144144144164,2.258179231863444,1.1735419630156443,3.2183499288762576,5.0497866287340045,5.51209103840683,3.7873399715504945,0.6756756756756772,1.689189189189186,3.0405405405405332,1.3513513513513544,1.3513513513513544,3.378378378378393
778,DIE LINKE,900,19,0.0,0.0,7.8176861071597905,0.0,0.0,5.518018018018014,3.271692745376953,1.6714082503556114,14.900426742532005,2.6671408250355597,15.256045519203411,9.139402560455203,8.108108108108105,2.0270270270270174,5.067567567567565,5.067567567567558,5.4054054054054035,7.432432432432435
3568,CDU,900,19,1.0,0.0,6.993835941204363,1.0,0.0,3.8288288288288292,2.0625889046941595,7.556899004267429,9.370554765291615,1.1735419630156443,10.046230440967285,11.753200568990046,2.0270270270270316,3.378378378378379,3.7162162162162176,5.067567567567565,3.378378378378379,5.4054054054054035
4817,bunt.saar,900,19,1.0,1.0,1.8669985775248925,1.0,1.0,2.9279279279279264,6.36557610241821,1.0490753911806578,1.0846372688477857,1.3157894736842124,0.7645803698435287,0.6223328591749606,3.378378378378386,2.364864864864856,3.7162162162162105,3.378378378378379,2.7027027027026946,2.0270270270270316
3697,Die Grünen,900,19,1.0,0.0,3.556187766714084,0.0,0.0,4.054054054054053,3.378378378378379,5.2275960170697005,2.115931721194869,1.653627311522051,2.0803698435277482,6.881223328591759,5.067567567567565,1.3513513513513473,3.7162162162162105,8.445945945945944,2.0270270270270316,3.7162162162162176
2393,FDP,900,19,1.0,1.0,3.0109056424845897,1.0,1.0,1.2387387387387416,6.578947368421048,0.6934566145092447,0.5334281650071091,4.978662873399728,2.115931721194876,3.165007112375534,2.0270270270270316,1.3513513513513473,0.6756756756756843,3.378378378378386,0.0,0.0
1198,bunt.saar,900,19,0.0,0.0,3.443575154101474,1.0,1.0,4.617117117117117,3.7162162162162176,1.9381223328591872,4.978662873399728,3.556187766714089,2.6671408250355597,3.805120910384062,1.689189189189186,3.0405405405405332,6.081081081081088,4.391891891891895,5.743243243243242,6.756756756756758
584,DIE LINKE,900,19,0.0,0.0,4.477833096254151,0.0,1.0,1.5765765765765778,4.12517780938834,6.952347083926043,2.00924608819345,0.17780938833571014,9.45945945945946,4.142958748221901,2.0270270270270245,3.0405405405405403,0.3378378378378386,2.0270270270270316,0.3378378378378457,1.689189189189186
3383,bunt.saar,900,19,0.0,0.0,5.438003793266952,1.0,1.0,1.0135135135135134,0.8534850640113874,2.293741109530579,9.815078236130866,1.0668563300142253,11.34423897581793,7.254623044096725,1.3513513513513473,0.3378378378378386,1.013513513513523,3.0405405405405475,0.3378378378378244,0.0
3902,CDU,900,19,1.0,0.0,3.073138928402083,1.0,1.0,1.8581081081081088,0.5689900426742511,5.156472261735409,0.7823613086770962,5.334281650071119,6.027738264580371,0.5689900426742511,2.3648648648648702,2.0270270270270245,1.0135135135135158,3.7162162162162176,1.689189189189186,0.3378378378378386
370,DIE LINKE,900,19,1.0,0.0,5.212778568041726,1.0,0.0,2.8716216216216233,1.2268847795163538,1.0135135135135087,4.463015647226179,1.689189189189186,16.731863442389763,6.152204836415365,6.081081081081081,0.6756756756756701,1.689189189189193,3.7162162162162176,2.702702702702709,2.3648648648648702
4053,Die Grünen,900,19,0.0,0.0,4.898648648648648,0.0,0.0,2.8716216216216197,2.4537695590327075,1.3335704125177799,12.606685633001433,2.6493598862019923,7.983641536273105,2.3648648648648702,3.378378378378372,3.7162162162162105,2.3648648648648702,4.729729729729733,0.3378378378378386,2.7027027027026946
893,bunt.saar,900,19,1.0,0.0,7.0205073494547205,1.0,0.0,2.477477477477482,3.2183499288762576,3.0405405405405332,10.828591749644382,1.831436699857754,15.327169274537702,7.876955903271693,2.3648648648648702,0.0,3.378378378378386,3.378378378378379,4.391891891891902,1.3513513513513544
1859,FDP,900,19,0.0,1.0,4.6793504030346105,1.0,1.0,2.139639639639642,4.87197724039828,4.711948790896159,2.631578947368425,6.578947368421048,5.903271692745371,3.378378378378379,1.3513513513513615,3.0405405405405475,1.0135135135135087,2.0270270270270316,2.0270270270270245,3.378378378378379
843,Die Grünen,900,19,1.0,1.0,5.80547652916074,1.0,1.0,3.7162162162162127,0.9779516358463738,5.921052631578952,6.009957325746797,1.6002844950213415,10.419630156472252,9.903982930298724,3.378378378378379,0.0,3.7162162162162105,4.729729729729733,4.3918918918918735,6.081081081081081
3464,FDP,900,19,1.0,0.0,3.203532479848269,1.0,1.0,2.195945945945946,5.885490753911803,1.1379800853485094,7.770270270270267,0.9068278805120968,0.6045519203413932,2.916073968705547,0.0,3.0405405405405403,2.364864864864863,0.3378378378378386,5.067567567567572,2.364864864864863
1817,DIE LINKE,900,19,1.0,1.0,5.08831199620673,0.0,0.0,3.659909909909915,1.689189189189186,4.125177809388333,4.125177809388333,5.583214793741114,9.939544807965845,5.067567567567565,1.689189189189193,3.7162162162162247,7.0945945945945965,1.3513513513513473,6.081081081081095,2.0270270270270316
2757,DIE LINKE,900,19,0.0,0.0,3.6658368895211013,0.0,0.0,2.7590090090090094,2.0625889046941666,4.569701280227605,2.7382645803698438,6.436699857752494,2.400426742532005,3.7873399715504945,4.729729729729726,2.7027027027026946,3.378378378378379,0.6756756756756843,4.391891891891888,0.6756756756756843
1062,Die Grünen,900,19,0.0,0.0,3.556187766714082,1.0,0.0,2.5337837837837847,4.12517780938834,0.017780938833574567,5.974395448079662,0.08890469416784441,7.485775248933145,3.6450924608819264,0.3378378378378457,2.0270270270270245,3.0405405405405332,2.702702702702709,4.729729729729733,2.364864864864863
4784,Die Grünen,900,19,1.0,1.0,6.564129919393071,1.0,1.0,2.1959459459459487,3.1294452347083777,4.018492176386907,6.561166429587473,2.5604551920341407,12.99786628733996,10.11735419630157,2.702702702702709,3.378378378378393,0.3378378378378315,5.067567567567572,0.6756756756756701,1.0135135135135158
2665,SPD,900,19,1.0,0.0,3.496917970602181,1.0,1.0,1.5202702702702762,2.951635846372696,2.0803698435277482,8.428165007112376,0.2489331436699871,2.8449502133712485,4.42745376955903,3.0405405405405403,0.6756756756756914,1.689189189189193,1.0135135135135087,1.3513513513513686,1.3513513513513544
5158,FDP,900,19,1.0,1.0,2.7175201517306795,1.0,1.0,0.6756756756756795,7.005689900426745,0.03556187766713492,0.6223328591749677,1.2802275960170704,5.3342816500711265,2.0270270270270316,0.6756756756756914,0.0,1.3513513513513473,1.3513513513513544,0.3378378378378386,0.3378378378378457
2006,SPD,900,19,0.0,0.0,7.4976292081555265,0.0,0.0,3.997747747747747,1.0846372688477999,5.4409672830725455,10.704125177809388,0.8534850640113874,17.123044096728307,9.77951635846373,6.418918918918912,0.6756756756756772,2.364864864864863,3.378378378378379,7.432432432432435,3.7162162162162176
2128,Die Grünen,900,19,1.0,1.0,5.079421526789947,1.0,1.0,1.5765765765765682,6.650071123755325,3.342816500711244,2.471550497866289,3.8229018492176365,13.424608819345657,0.7645803698435287,2.0270270270270174,0.675675675675663,2.0270270270270174,0.3378378378378315,0.6756756756756701,3.7162162162162105
2998,bunt.saar,900,19,1.0,1.0,5.6750829777145535,1.0,1.0,0.957207207207207,7.201280227596023,0.7467994310099471,8.054765291607396,3.4317211948790884,10.95305832147936,3.662873399715508,1.3513513513513473,0.0,0.3378378378378386,2.364864864864863,1.0135135135135158,0.6756756756756772
4262,FDP,900,19,0.0,1.0,2.761972498814609,1.0,1.0,2.027027027027026,1.689189189189193,2.8271692745377024,0.4267425320056901,6.027738264580378,4.498577524893321,1.1024182076813673,1.6891891891891788,0.3378378378378386,3.378378378378379,3.0405405405405332,0.6756756756756843,3.0405405405405403
3930,bunt.saar,900,19,0.0,0.0,6.365576102418207,0.0,1.0,2.083333333333337,0.8357041251778057,8.801564722617357,3.94736842105263,4.80085348506401,13.21123755334282,6.596728307254622,1.0135135135135158,0.6756756756756772,1.689189189189193,4.054054054054056,2.3648648648648702,2.702702702702709
4708,bunt.saar,900,19,0.0,0.0,5.141654812707441,1.0,0.0,1.9707207207207205,1.3513513513513473,4.000711237553347,7.325746799431002,0.8179231863442382,10.295163584637258,7.0590327169274545,0.6756756756756701,0.6756756756756843,2.364864864864863,0.6756756756756843,4.054054054054049,3.378378378378372
502,CDU,900,19,1.0,1.0,2.750118539592217,1.0,1.0,1.9144144144144164,1.4402560455191917,2.7916073968705533,0.08890469416784441,1.973684210526315,6.61450924608819,3.59174964438121,0.6756756756756772,1.3513513513513473,2.364864864864863,4.054054054054063,1.3513513513513473,1.6891891891892001
1138,CDU,900,19,0.0,1.0,2.4419155998103377,1.0,1.0,1.576576576576579,2.3648648648648702,0.23115220483641252,0.4800853485063925,2.3115220483641536,9.086059743954486,0.17780938833571014,0.3378378378378244,2.0270270270270316,1.3513513513513544,2.702702702702709,2.702702702702709,0.3378378378378457
2607,DIE LINKE,900,19,0.0,0.0,3.33985301090564,0.0,0.0,5.855855855855858,7.503556187766712,1.2980085348506378,2.4537695590327075,1.2268847795163538,2.9338549075391214,4.623044096728307,3.378378378378372,2.3648648648648702,10.135135135135144,6.081081081081081,2.7027027027027017,10.472972972972983
4265,Die Grünen,900,19,0.0,0.0,3.111664295874821,1.0,1.0,2.0270270270270268,1.902560455192038,2.8449502133712556,4.978662873399728,0.08890469416784441,5.529871977240397,3.3250355618776624,1.689189189189186,2.702702702702709,1.6891891891891788,1.689189189189186,3.7162162162162176,0.6756756756756843
4122,DIE LINKE,900,19,1.0,0.0,3.736960644855383,0.0,1.0,3.9414414414414396,5.689900426742533,0.6223328591749677,5.45874822190612,4.978662873399713,4.107396870554773,1.5647226173541924,3.0405405405405403,1.0135135135135087,8.108108108108112,0.0,5.743243243243235,5.743243243243242
2481,Die Grünen,900,19,1.0,0.0,5.2868658131816035,1.0,1.0,2.1959459459459496,2.8271692745377024,4.587482219061172,4.445234708392604,2.916073968705547,8.26813655761024,8.677098150782356,2.3648648648648702,1.689189189189193,1.689189189189193,3.0405405405405403,0.6756756756756843,3.7162162162162176
4652,FDP,900,19,0.0,0.0,3.2420578473210093,0.0,0.0,5.236486486486485,0.9068278805120897,1.8847795163584706,2.560455192034155,5.529871977240397,6.685633001422481,1.8847795163584635,5.743243243243242,0.3378378378378386,8.445945945945958,0.3378378378378244,7.770270270270267,8.783783783783782
1538,bunt.saar,900,19,1.0,1.0,5.343172119487908,1.0,1.0,1.6328828828828865,6.223328591749635,5.618776671408241,3.9651493598862118,3.1827880512091085,8.37482219061166,4.694167852062591,0.3378378378378457,3.0405405405405546,1.0135135135135158,2.3648648648648702,1.0135135135135158,2.0270270270270174
1290,CDU,900,19,1.0,1.0,1.2268847795163633,1.0,1.0,1.8581081081081112,0.35561877667140607,4.231863442389766,0.1955903271692847,0.40896159317212266,0.6934566145092447,1.475817923186355,2.7027027027027017,0.3378378378378386,0.3378378378378386,4.729729729729733,1.689189189189193,1.3513513513513615
3480,bunt.saar,900,19,1.0,1.0,3.814011379800855,1.0,1.0,1.576576576576579,1.8492176386913215,3.0761024182076895,4.783072546230443,0.0,7.6635846372688405,5.512091038406837,1.0135135135135087,1.01351351351353,1.689189189189193,2.0270270270270316,1.3513513513513402,2.3648648648648702
287,FDP,900,19,1.0,1.0,6.143314366998578,1.0,1.0,2.7590090090090116,6.827880512091042,3.7517780938833525,9.334992887624466,8.054765291607396,2.631578947368425,6.258890469416787,2.0270270270270316,3.378378378378379,2.3648648648648702,2.702702702702709,2.364864864864863,3.7162162162162176
3946,FDP,900,19,1.0,1.0,7.823613086770979,1.0,1.0,2.477477477477479,7.805832147937409,5.4409672830725455,12.304409672830722,7.645803698435266,0.7112375533428192,13.033428165007113,1.689189189189193,2.364864864864863,3.378378378378379,0.3378378378378386,3.378378378378379,3.716216216216221
2476,CDU,900,19,0.0,0.0,1.4017306780464658,0.0,0.0,3.7725225225225216,4.302987197724043,1.2268847795163538,1.3335704125177799,0.8712660028449548,0.07112375533427695,0.604551920341386,2.7027027027026946,3.378378378378379,3.7162162162162247,1.3513513513513473,6.756756756756758,4.729729729729726
1425,FDP,900,19,1.0,1.0,2.939781887150305,1.0,1.0,2.027027027027024,0.6756756756756772,2.7027027027027017,4.338549075391178,1.1913229018492189,3.59174964438121,5.138691322901845,2.3648648648648702,0.3378378378378386,2.0270270270270245,2.7027027027026946,3.040540540540526,1.6891891891891895
2289,DIE LINKE,900,19,0.0,0.0,2.6256519677572308,1.0,0.0,2.0270270270270268,3.2539118065433854,2.6315789473684177,2.5960170697012828,3.6450924608819335,1.5291607396870575,2.0981507823613086,0.6756756756756701,1.689189189189193,1.0135135135135087,1.689189189189186,2.702702702702709,4.391891891891895
3292,Die Grünen,900,19,1.0,0.0,7.503556187766718,1.0,0.0,0.7319819819819836,13.317923186344245,4.800853485064017,4.249644381223341,3.8229018492176436,13.424608819345657,5.4054054054054035,1.689189189189193,1.0135135135135087,0.0,1.0135135135135158,0.6756756756756843,0.0
1201,Die Grünen,900,19,0.0,0.0,6.087008060692276,0.0,0.0,4.617117117117122,4.374110953058327,0.16002844950213557,11.94879089615933,4.836415362731152,6.632290184921764,8.570412517780944,5.067567567567565,2.702702702702709,8.78378378378379,7.432432432432435,0.6756756756756843,3.0405405405405475
3931,FDP,900,19,1.0,1.0,5.040896159317211,1.0,1.0,1.520270270270272,10.54409672830726,1.4580369843527734,2.2403982930298696,3.7517780938833525,5.334281650071123,6.91678520625889,2.702702702702709,1.3513513513513544,1.0135135135135158,1.3513513513513544,1.0135135135135123,1.689189189189186
3789,Die Grünen,900,19,0.0,0.0,2.738264580369845,0.0,1.0,3.3783783783783767,1.0668563300142253,1.1735419630156443,3.2183499288762576,5.334281650071119,2.187055476529153,3.44950213371267,2.0270270270270316,2.0270270270270245,3.7162162162162033,2.0270270270270174,6.756756756756765,3.7162162162162176
1534,bunt.saar,900,19,1.0,1.0,4.560810810810811,1.0,1.0,1.91441441441442,1.7069701280227676,3.378378378378372,8.179231863442382,1.582503556187767,7.539118065433854,4.978662873399728,2.3648648648648702,0.6756756756756914,1.3513513513513544,3.7162162162162176,0.6756756756756772,2.702702702702709
4883,bunt.saar,900,19,0.0,0.0,6.084044570886676,0.0,1.0,1.4639639639639672,0.0,5.298719772403977,4.67638691322901,6.472261735419636,12.019914651493607,8.036984352773828,1.689189189189186,0.3378378378378457,0.0,2.702702702702709,1.3513513513513544,2.702702702702709
2334,Die Grünen,900,19,0.0,1.0,5.263157894736842,0.0,1.0,1.013513513513517,2.6137980085348502,6.454480796586061,8.890469416785209,1.2091038406827934,7.539118065433854,4.87197724039828,0.3378378378378386,1.0135135135135158,1.0135135135135158,0.6756756756756843,1.0135135135135158,2.0270270270270316
4599,bunt.saar,900,19,1.0,1.0,2.1692745376955904,1.0,1.0,3.2094594594594645,1.1735419630156443,1.262446657183503,3.1116642958748173,1.6002844950213415,1.7069701280227676,4.160739687055468,1.689189189189193,2.702702702702709,4.054054054054063,2.702702702702709,5.067567567567565,3.0405405405405475
1929,bunt.saar,900,19,1.0,1.0,4.3889284020863,1.0,1.0,2.9842342342342376,8.01920341394026,2.418207681365587,5.903271692745378,0.40896159317211556,7.361308677098144,2.2226173541963163,2.364864864864863,2.0270270270270316,2.0270270270270316,1.3513513513513544,4.7297297297297405,5.4054054054054035
513,bunt.saar,900,19,1.0,0.0,7.859174964438121,1.0,1.0,0.0,4.160739687055475,8.25035561877666,5.1920341394025655,3.307254623044095,13.584637268847793,12.660028449502136,0.0,0.0,0.0,0.0,0.0,0.0
1140,Die Grünen,900,19,1.0,0.0,4.080725462304412,1.0,1.0,2.8153153153153134,6.098862019914655,8.07254623044097,2.258179231863437,2.1337126600284577,4.836415362731152,1.0846372688477999,1.3513513513513473,0.3378378378378457,4.729729729729726,2.0270270270270174,4.729729729729726,3.7162162162162176
1841,FDP,900,19,1.0,0.0,7.494665718349929,1.0,1.0,2.7027027027027004,10.028449502133718,5.1209103840682815,5.51209103840683,8.232574679943106,6.792318634423893,9.28165007112375,2.7027027027026946,0.6756756756756701,5.4054054054054035,4.391891891891888,1.0135135135135158,2.0270270270270316
3987,FDP,900,19,0.0,1.0,4.996443812233289,1.0,1.0,4.89864864864865,0.32005689900427114,2.5426742532005733,7.948079658605984,9.228307254623047,2.631578947368425,7.3079658605974345,5.4054054054054035,4.054054054054056,6.756756756756765,1.0135135135135158,4.391891891891895,7.770270270270267
2731,FDP,900,19,1.0,1.0,2.2433617828354664,1.0,1.0,4.72972972972973,4.19630156472261,0.5689900426742511,2.115931721194876,0.8890469416785294,2.86273115220483,2.8271692745377024,3.7162162162162176,3.7162162162162176,7.0945945945945965,2.0270270270270174,6.081081081081088,5.743243243243242
1007,bunt.saar,900,19,0.0,0.0,5.0823850165955475,1.0,0.0,0.6193693693693755,5.4054054054054035,1.2446657183499354,8.97937411095306,1.0846372688477999,9.317211948790913,4.463015647226172,0.3378378378378386,1.6891891891892072,0.3378378378378386,0.0,0.6756756756756914,0.6756756756756772
5065,bunt.saar,900,19,1.0,1.0,5.547652916073971,1.0,1.0,0.7882882882882866,1.0846372688477999,7.2724039829302995,7.4146514935988606,5.245376955903275,7.752489331436699,4.516358463726888,1.3513513513513473,0.6756756756756701,0.6756756756756772,0.6756756756756701,1.0135135135135158,0.3378378378378386
5155,DIE LINKE,900,19,0.0,1.0,3.541370317686104,1.0,1.0,2.533783783783786,11.682076813655755,1.5647226173541924,1.0312944523470833,1.1024182076813602,4.765291607396875,1.1024182076813602,2.364864864864856,3.0405405405405403,3.0405405405405403,3.378378378378386,1.689189189189193,1.6891891891892001
499,Die Grünen,900,19,1.0,1.0,5.049786628733998,1.0,1.0,0.9572072072072082,2.6671408250355597,6.899004267425312,2.951635846372696,1.7069701280227534,7.290184921763881,8.78378378378379,0.0,1.0135135135135087,1.0135135135135158,1.0135135135135158,0.6756756756756772,2.0270270270270316
5104,bunt.saar,900,19,0.0,0.0,8.46669037458511,1.0,0.0,2.984234234234235,4.089615931721191,7.503556187766712,12.980085348506393,3.6450924608819406,13.513513513513509,9.068278805120912,4.054054054054056,0.3378378378378244,4.391891891891895,4.7297297297297405,3.0405405405405403,1.3513513513513544
1223,bunt.saar,900,19,1.0,1.0,3.206495969653865,1.0,1.0,1.520270270270269,1.1379800853485094,7.076813655761022,1.2802275960170704,7.005689900426745,0.6045519203413932,2.1337126600284506,2.364864864864863,0.6756756756756772,0.3378378378378386,2.7027027027027017,0.6756756756756772,2.364864864864856
4847,SPD,900,19,1.0,1.0,3.988857278330959,1.0,0.0,2.2522522522522537,4.943100995732571,6.027738264580371,3.7873399715504945,3.1827880512090942,2.2403982930298696,3.7517780938833525,0.6756756756756772,2.0270270270270316,3.0405405405405475,1.3513513513513473,3.7162162162162105,2.702702702702709
2091,CDU,900,19,0.0,1.0,4.027382645803698,1.0,0.0,3.547297297297297,8.001422475106693,3.0049786628733983,3.378378378378379,2.9871977240398238,1.689189189189186,5.103129445234707,0.3378378378378386,4.729729729729726,3.0405405405405403,2.7027027027027017,5.743243243243242,4.729729729729733
1651,FDP,900,19,1.0,1.0,2.5752726410621185,1.0,1.0,3.8851351351351346,0.1955903271692847,5.0853485064011394,1.2624466571834958,2.275960170697026,5.51209103840683,1.1201991465149348,5.743243243243242,3.378378378378379,3.378378378378379,3.0405405405405403,2.7027027027027017,5.067567567567565
2342,DIE LINKE,900,19,0.0,1.0,2.7056661925082985,0.0,1.0,2.7590090090090116,2.773826458036986,3.2539118065433854,0.9601706970127921,4.036273115220482,0.5867709815078399,4.623044096728307,4.391891891891895,1.013513513513523,0.3378378378378457,6.418918918918912,2.3648648648648702,2.0270270270270245
2585,DIE LINKE,900,19,0.0,0.0,2.3174490279753464,1.0,0.0,2.9279279279279273,4.836415362731152,1.653627311522051,2.435988620199147,0.03556187766713492,2.560455192034155,2.3826458036984377,1.689189189189186,1.689189189189193,4.054054054054056,6.756756756756751,1.689189189189186,1.689189189189193
3909,CDU,900,19,1.0,0.0,6.8812233285917515,1.0,0.0,3.265765765765766,7.894736842105267,7.539118065433861,0.9779516358463738,9.655049786628737,11.966571834992884,3.2539118065433854,0.0,4.729729729729733,1.689189189189193,5.067567567567565,5.4054054054054035,2.7027027027027017
875,CDU,900,19,1.0,1.0,2.190018966334757,1.0,1.0,2.0270270270270294,0.017780938833574567,4.285206258890469,5.1564722617354235,1.866998577524896,0.5867709815078257,1.2268847795163538,1.0135135135135158,3.378378378378379,0.6756756756756843,3.378378378378379,2.7027027027027017,1.0135135135135158
5174,FDP,900,19,0.0,1.0,2.6967757230915126,1.0,1.0,3.603603603603607,1.3157894736842124,4.569701280227605,0.46230440967283215,2.151493598862025,5.565433854907525,2.115931721194876,8.108108108108105,5.405405405405411,1.0135135135135158,4.729729729729733,0.6756756756756843,1.689189189189193
3352,Die Grünen,900,19,1.0,1.0,3.236130867709811,0.0,0.0,3.8288288288288257,0.37339971550498063,8.214793741109531,0.07112375533426984,6.792318634423893,2.00924608819345,1.9559032716927405,3.378378378378372,3.0405405405405403,5.067567567567565,3.0405405405405475,2.7027027027026946,5.743243243243235
5176,Die Grünen,900,19,0.0,1.0,3.4346846846846817,0.0,1.0,6.86936936936937,1.3513513513513473,5.103129445234707,2.258179231863437,5.085348506401132,5.761024182076817,1.0490753911806507,5.405405405405411,3.0405405405405475,8.445945945945937,10.472972972972968,8.445945945945951,5.4054054054054035
219,CDU,900,19,1.0,0.0,5.636557610241819,1.0,1.0,3.3220720720720713,3.307254623044102,5.494310099573248,0.6223328591749677,12.32219061166429,6.276671408250351,5.796586059743952,3.7162162162162105,5.4054054054054035,1.013513513513523,3.0405405405405403,2.0270270270270245,4.729729729729726
1277,bunt.saar,900,19,0.0,0.0,4.214082503556188,0.0,1.0,2.5900900900900865,2.0981507823613086,4.320768136557611,6.916785206258886,0.8712660028449548,4.783072546230443,6.294452347083926,4.391891891891895,5.067567567567558,0.3378378378378386,2.364864864864863,2.364864864864863,1.0135135135135016
1989,bunt.saar,900,19,1.0,0.0,4.377074442863918,1.0,1.0,2.3648648648648645,1.6358463726884764,3.200568990042669,8.78378378378379,1.0312944523470762,7.876955903271693,3.7339971550498063,3.378378378378379,1.689189189189193,1.6891891891891788,0.6756756756756772,4.7297297297297405,2.0270270270270174
3140,bunt.saar,900,19,1.0,0.0,5.455784732100522,1.0,1.0,2.6463963963963955,0.16002844950212847,1.0846372688477857,11.557610241820768,0.26671408250356166,10.312944523470854,9.352773826458034,3.0405405405405403,1.0135135135135158,2.0270270270270174,3.0405405405405403,3.378378378378372,3.378378378378386
4220,SPD,900,19,1.0,0.0,2.9042200094831685,1.0,1.0,2.6463963963964,1.6002844950213486,3.5384068278805074,4.302987197724043,2.1337126600284577,1.4758179231863409,4.374110953058313,1.3513513513513544,1.689189189189193,4.054054054054056,1.689189189189186,3.0405405405405475,4.054054054054063
1416,CDU,900,19,1.0,0.0,6.715267899478427,1.0,1.0,2.477477477477476,4.587482219061172,9.45945945945946,5.352062588904694,8.481507823613093,5.209815078236119,7.201280227596023,1.689189189189186,0.3378378378378386,2.364864864864863,3.0405405405405332,1.689189189189186,5.743243243243249
547,bunt.saar,900,19,1.0,0.0,6.910858226647698,1.0,1.0,2.5900900900900887,0.37339971550497353,3.698435277382636,11.36201991465149,5.974395448079662,13.620199146514935,6.436699857752494,4.054054054054056,2.0270270270270245,1.689189189189193,4.729729729729726,2.7027027027026946,0.3378378378378386
3378,CDU,900,19,1.0,1.0,3.5413703176861078,1.0,1.0,1.4639639639639686,0.07112375533426984,3.876244665718353,3.69843527738265,1.6358463726884764,8.943812233285918,3.02275960170698,1.3513513513513686,0.0,1.3513513513513544,3.0405405405405332,1.3513513513513615,1.689189189189193
796,FDP,900,19,1.0,0.0,4.427453769559031,1.0,1.0,4.110360360360358,2.7560455192034112,4.67638691322901,6.401137980085345,1.795874822190612,6.401137980085352,4.534139402560456,7.0945945945945965,3.378378378378372,1.3513513513513473,9.121621621621614,1.3513513513513544,2.364864864864863
4721,bunt.saar,900,19,1.0,0.0,3.4969179706021847,1.0,0.0,1.5202702702702702,5.725462304409675,4.569701280227598,2.4893314366998567,1.9559032716927476,4.338549075391185,1.9025604551920452,0.3378378378378386,4.391891891891895,0.0,1.3513513513513544,2.0270270270270316,1.0135135135135016
3360,Die Grünen,900,19,0.0,1.0,2.711593172119495,1.0,0.0,1.0135135135135194,1.8847795163584706,1.2802275960170775,3.342816500711244,1.475817923186355,3.627311522048373,4.658605974395449,0.6756756756756843,1.013513513513523,2.0270270270270316,0.3378378378378457,2.0270270270270316,0.0
3939,Die Grünen,900,19,1.0,1.0,5.915125651967756,1.0,1.0,1.689189189189187,0.17780938833571014,0.9068278805120897,9.850640113798008,3.3605974395448044,12.091038406827884,9.10384068278804,0.3378378378378386,2.0270270270270316,2.0270270270270174,2.7027027027027017,2.0270270270270316,1.0135135135135016
721,FDP,900,19,0.0,1.0,5.215742057847322,1.0,1.0,2.4774774774774784,6.792318634423893,1.2091038406827934,2.293741109530586,7.894736842105267,10.206258890469414,2.8982930298719793,4.391891891891895,1.0135135135135087,1.3513513513513473,4.054054054054063,0.3378378378378386,3.7162162162162176
2257,Die Grünen,900,19,1.0,1.0,3.087956377430063,1.0,1.0,2.9279279279279264,3.165007112375541,2.9694167852062563,2.258179231863437,3.2539118065433854,4.231863442389766,2.6493598862019923,0.6756756756756772,2.364864864864856,6.418918918918905,0.3378378378378386,4.054054054054056,3.7162162162162247
4576,FDP,900,19,0.0,0.0,3.8021574205784745,1.0,0.0,3.547297297297297,0.6578947368421026,0.8890469416785152,1.4224751066856385,3.7339971550497992,13.22901849217638,2.880512091038412,4.391891891891902,0.6756756756756772,4.729729729729733,1.3513513513513402,6.418918918918912,3.7162162162162176
646,bunt.saar,900,19,1.0,0.0,2.7264106211474632,1.0,1.0,4.33558558558559,0.1955903271692847,1.4046941678520568,0.9246088193456643,0.8357041251778057,12.32219061166429,0.6756756756756772,2.702702702702709,1.3513513513513402,6.756756756756772,4.391891891891895,4.054054054054063,6.756756756756758
5048,FDP,900,19,1.0,0.0,3.2450213371265995,1.0,1.0,2.5337837837837847,3.1472261735419664,1.582503556187767,1.724751066856328,8.623755334281647,3.165007112375534,1.2268847795163538,5.4054054054054035,0.6756756756756772,1.3513513513513544,4.054054054054063,3.378378378378372,0.3378378378378386
2390,FDP,900,19,1.0,1.0,5.7699146514935995,1.0,1.0,1.1824324324324327,5.4054054054054035,2.5426742532005733,8.534850640113795,3.8584637268847786,8.677098150782363,5.600995732574681,0.6756756756756772,2.364864864864863,1.689189189189193,0.0,0.6756756756756701,1.689189189189193
4146,FDP,900,19,1.0,0.0,3.5532242769084896,1.0,0.0,6.418918918918918,2.4182076813655797,1.0668563300142253,6.009957325746797,0.8534850640113874,4.42745376955903,6.54338549075392,5.743243243243235,5.405405405405411,8.108108108108105,5.4054054054054035,6.081081081081081,7.770270270270274
3825,Die Grünen,900,19,0.0,1.0,4.359293504030346,1.0,1.0,1.3513513513513509,4.943100995732571,3.3250355618776624,5.369843527738276,1.2980085348506378,8.517069701280235,2.7027027027026946,3.7162162162162176,1.0135135135135087,0.0,2.364864864864863,0.0,1.0135135135135158
670,bunt.saar,900,19,1.0,0.0,6.573020388809861,1.0,0.0,2.984234234234235,6.596728307254629,3.058321479374108,12.32219061166429,0.26671408250356166,11.717638691322904,5.476529160739673,3.0405405405405403,0.6756756756756914,4.391891891891895,2.364864864864863,6.081081081081081,1.3513513513513402
1405,FDP,900,19,1.0,1.0,5.515054528212423,1.0,1.0,1.3513513513513526,2.5426742532005733,4.80085348506401,8.997155049786628,7.716927453769557,3.8051209103840655,5.227596017069704,1.3513513513513473,1.0135135135135158,1.0135135135135158,1.3513513513513544,2.027027027027028,1.3513513513513544
2663,Die Grünen,900,19,0.0,1.0,4.418563300142243,0.0,1.0,1.7454954954954935,2.5426742532005733,6.650071123755325,5.476529160739673,4.569701280227605,1.795874822190612,5.476529160739673,0.3378378378378386,1.0135135135135158,2.0270270270270174,3.378378378378379,1.689189189189193,2.0270270270270174
2786,CDU,900,19,1.0,1.0,2.726410621147462,1.0,1.0,4.8423423423423415,0.08890469416784441,1.3513513513513473,3.1827880512091085,4.391891891891895,4.107396870554766,3.236130867709811,4.054054054054056,8.445945945945944,3.7162162162162105,2.364864864864863,6.756756756756758,3.7162162162162176
3634,CDU,900,19,1.0,0.0,4.199265054528213,1.0,0.0,3.1531531531531507,2.489331436699864,1.5825035561877598,2.435988620199147,4.711948790896166,10.02844950213371,3.94736842105263,2.364864864864863,2.364864864864856,4.054054054054056,5.4054054054054035,0.6756756756756772,4.054054054054049
236,bunt.saar,900,19,0.0,0.0,3.1294452347083896,0.0,0.0,1.6328828828828794,2.2403982930298625,0.8534850640113802,5.174253200568998,0.21337126600283796,5.423186344238978,4.87197724039828,1.689189189189186,0.3378378378378386,1.3513513513513544,2.364864864864863,1.6891891891891788,2.364864864864856
4703,Die Grünen,900,19,0.0,0.0,5.189070649596964,1.0,1.0,2.3085585585585577,0.10668563300142608,3.94736842105263,7.02347083926032,4.445234708392597,10.615220483641522,4.996443812233288,2.3648648648648702,0.0,2.702702702702709,4.054054054054042,2.7027027027026946,2.0270270270270316
1479,FDP,900,19,1.0,1.0,6.1848032242769095,1.0,1.0,0.9009009009008994,8.819345661450917,0.5867709815078257,7.716927453769564,1.369132290184929,12.393314366998581,6.223328591749642,0.6756756756756843,0.3378378378378386,0.3378378378378315,3.7162162162162105,0.0,0.3378378378378315
4021,FDP,900,19,1.0,0.0,7.177572309151256,1.0,1.0,1.5765765765765771,9.957325746799427,2.3470839260312957,7.734708392603132,15.825035561877662,1.653627311522051,5.547652916073968,2.364864864864863,1.0135135135135158,1.689189189189186,1.013513513513523,2.364864864864863,1.0135135135135123
960,FDP,900,19,1.0,1.0,3.9770033191085794,1.0,1.0,3.1531531531531507,6.045519203413939,3.982930298719765,5.565433854907525,6.418918918918919,0.26671408250356166,1.582503556187767,5.4054054054054035,4.729729729729726,4.729729729729719,0.3378378378378386,2.7027027027027017,1.0135135135135158
2398,bunt.saar,900,19,1.0,0.0,3.3131816026552863,1.0,1.0,1.6328828828828854,1.7069701280227676,1.2091038406827863,4.87197724039828,3.09388335704125,6.383357041251777,2.6137980085348573,0.3378378378378386,0.0,3.378378378378386,1.3513513513513473,2.3648648648648702,2.3648648648648702
3737,bunt.saar,900,19,1.0,0.0,6.030701754385965,1.0,1.0,0.9009009009008958,3.3605974395448044,2.809388335704128,11.486486486486484,1.1379800853485094,12.393314366998567,4.996443812233295,0.3378378378378244,1.0135135135135158,1.0135135135135158,0.6756756756756772,1.3513513513513402,1.0135135135135016
1607,bunt.saar,900,19,1.0,0.0,2.4330251303935575,1.0,1.0,3.265765765765765,1.9203413940255984,0.2489331436700013,3.6095305832147915,0.5512091038406837,5.707681365576114,2.560455192034155,0.6756756756756701,3.378378378378386,4.391891891891902,4.391891891891888,4.391891891891888,2.364864864864856
4222,Die Grünen,900,19,1.0,0.0,4.71194879089616,1.0,1.0,3.096846846846843,6.13442389758179,4.320768136557611,2.6137980085348573,2.3826458036984377,8.659317211948796,4.160739687055468,4.054054054054049,1.3513513513513402,3.7162162162162105,4.054054054054056,2.364864864864856,3.0405405405405475
5171,Die Grünen,900,19,0.0,0.0,3.959222380275012,0.0,1.0,1.5202702702702655,2.7027027027026946,0.053342816500716594,8.463726884779526,1.3157894736842124,8.712660028449498,2.507112375533424,2.7027027027026946,0.3378378378378386,0.3378378378378386,1.3513513513513473,2.0270270270270174,2.364864864864856
2320,DIE LINKE,900,19,0.0,0.0,4.898648648648649,0.0,0.0,8.952702702702707,8.641536273115221,3.556187766714082,3.8229018492176436,6.454480796586061,4.409672830725462,2.507112375533424,3.378378378378379,3.378378378378379,13.513513513513516,8.78378378378379,12.5,12.162162162162176
3551,FDP,900,19,1.0,1.0,5.6484115694642005,1.0,1.0,3.9977477477477534,1.6002844950213486,4.391891891891895,4.302987197724036,4.498577524893307,10.56187766714082,8.534850640113795,0.6756756756756772,5.405405405405411,6.081081081081088,2.3648648648648702,4.7297297297297405,4.729729729729733
2327,DIE LINKE,900,19,0.0,0.0,5.307610241820769,0.0,0.0,2.871621621621621,1.475817923186355,8.161450924608815,3.485064011379805,4.516358463726888,7.130156472261731,7.076813655761022,8.10810810810812,1.0135135135135087,1.3513513513513473,2.7027027027027017,0.6756756756756772,3.378378378378372
169,CDU,900,19,1.0,0.0,3.7339971550497886,1.0,0.0,3.9977477477477463,1.0312944523470904,0.9957325746799484,6.952347083926028,4.17852062588905,1.3513513513513473,7.894736842105267,4.054054054054049,4.054054054054056,5.4054054054054035,2.0270270270270316,4.054054054054042,4.391891891891895
5110,SPD,900,19,1.0,0.0,4.297060218112847,1.0,0.0,1.8581081081081077,7.147937411095306,6.36557610241821,1.902560455192038,1.511379800853483,3.698435277382636,5.156472261735409,1.3513513513513473,3.378378378378379,4.054054054054042,0.6756756756756772,0.3378378378378386,1.3513513513513615
1634,CDU,900,19,1.0,0.0,7.4442863916548125,1.0,0.0,5.123873873873873,0.9957325746799413,8.872688477951627,11.148648648648653,0.6223328591749677,12.357752489331439,10.668563300142246,0.3378378378378386,4.391891891891888,9.797297297297305,2.0270270270270245,7.432432432432435,6.756756756756751
4898,FDP,900,19,0.0,0.0,7.2309151256519675,0.0,0.0,6.5315315315315345,9.050497866287337,7.965860597439537,2.809388335704128,8.55263157894737,11.130867709815078,3.876244665718353,1.3513513513513473,2.0270270270270316,7.094594594594589,9.797297297297305,8.10810810810812,10.810810810810814
5024,FDP,900,19,1.0,1.0,3.7814129919393067,1.0,1.0,1.8581081081081112,6.1877667140825,2.471550497866282,1.689189189189186,2.5960170697012828,8.961593172119493,0.7823613086770962,2.0270270270270316,2.3648648648648702,2.0270270270270316,3.378378378378379,0.3378378378378457,1.0135135135135087
3177,bunt.saar,900,19,0.0,0.0,5.206851588430535,0.0,0.0,2.8716216216216233,2.5248933143669916,0.07112375533426984,10.633001422475111,2.5604551920341407,10.668563300142253,4.783072546230443,3.7162162162162176,2.0270270270270316,3.7162162162162247,2.0270270270270245,3.7162162162162105,2.0270270270270316
2752,CDU,900,19,1.0,1.0,2.3944997629208125,0.0,1.0,2.3085585585585604,2.418207681365587,1.1557610241820626,3.59174964438121,0.9601706970128063,3.2539118065433854,2.9871977240398238,1.01351351351353,2.0270270270270316,1.6891891891891788,5.067567567567572,0.3378378378378386,3.7162162162162105
3547,CDU,900,19,1.0,0.0,4.6971313418681815,1.0,0.0,1.0698198198198188,3.09388335704125,6.61450924608819,0.604551920341386,6.347795163584628,5.654338549075398,5.867709815078236,0.0,1.3513513513513473,1.3513513513513473,1.0135135135135158,1.689189189189193,1.0135135135135087
3119,bunt.saar,900,19,1.0,1.0,5.832147937411093,1.0,1.0,3.490990990990993,2.3648648648648702,7.574679943100989,10.02844950213371,3.2539118065433854,6.223328591749642,5.547652916073957,2.364864864864856,2.3648648648648702,3.0405405405405475,7.094594594594604,2.702702702702709,3.378378378378372
2604,FDP,900,19,0.0,1.0,3.6569464201043105,1.0,1.0,1.520270270270269,1.4935988620199083,1.0312944523470762,1.3513513513513473,13.798008534850638,2.098150782361305,2.169274537695589,0.3378378378378386,1.0135135135135158,3.378378378378372,2.0270270270270245,1.3513513513513509,1.0135135135135123
2175,bunt.saar,900,19,1.0,1.0,1.271337126600282,1.0,1.0,3.0405405405405403,1.1024182076813602,2.0803698435277482,1.831436699857747,1.902560455192038,0.0889046941678373,0.6223328591749606,3.0405405405405475,0.3378378378378386,5.4054054054054035,3.7162162162162105,3.0405405405405332,2.702702702702709
3569,bunt.saar,900,19,1.0,0.0,4.694167852062588,1.0,1.0,1.6328828828828843,2.6671408250355597,1.2802275960170704,2.578236130867708,7.663584637268848,9.690611664295872,4.285206258890469,0.3378378378378386,3.7162162162162176,0.6756756756756772,3.7162162162162176,0.3378378378378386,1.0135135135135158
2425,Die Grünen,900,19,1.0,1.0,5.467638691322903,1.0,0.0,1.0698198198198245,2.8271692745377024,3.342816500711244,7.770270270270274,3.9295874822190555,9.903982930298717,5.032005689900423,0.6756756756756701,1.013513513513523,2.3648648648648702,1.0135135135135087,0.6756756756756843,0.6756756756756914
5149,CDU,900,19,1.0,0.0,4.445234708392604,1.0,0.0,1.7454954954955006,2.9694167852062563,6.063300142247513,1.1735419630156443,6.54338549075392,3.876244665718353,6.045519203413939,2.0270270270270316,0.3378378378378386,0.3378378378378386,2.3648648648648702,3.378378378378393,2.0270270270270316
4153,Die Grünen,900,19,0.0,0.0,5.731389284020863,0.0,1.0,3.0405405405405452,4.356330014224753,3.0405405405405403,10.793029871977232,3.6806543385490755,5.796586059743959,6.721194879089616,0.3378378378378457,4.391891891891895,2.0270270270270316,2.3648648648648702,5.4054054054054035,3.7162162162162247
4378,CDU,900,19,0.0,0.0,3.5502607871028906,0.0,0.0,2.4211711711711694,2.6849217638691343,0.9423897581792318,1.795874822190612,5.494310099573248,7.983641536273112,2.400426742532005,0.0,1.6891891891891788,5.067567567567565,0.3378378378378386,5.067567567567565,2.3648648648648702
17,Die Grünen,900,19,1.0,1.0,4.04220009483167,0.0,0.0,2.8153153153153183,0.26671408250354744,0.10668563300143319,4.889758179231862,0.23115220483641252,13.886913229018482,4.87197724039828,1.3513513513513615,1.3513513513513402,3.7162162162162247,1.0135135135135158,3.7162162162162247,5.743243243243242
4443,CDU,900,19,0.0,0.0,4.999407302038875,1.0,1.0,3.885135135135137,8.588193456614498,2.3470839260312957,7.930298719772395,5.903271692745371,0.9068278805120897,4.320768136557604,0.0,4.391891891891902,7.432432432432435,0.0,5.743243243243242,5.743243243243242
4514,FDP,900,19,1.0,1.0,5.808440018966333,0.0,1.0,4.166666666666668,0.46230440967283215,10.881934566145084,10.206258890469414,0.9246088193456643,9.45945945945946,2.916073968705547,7.7702702702702595,1.3513513513513615,4.054054054054056,4.7297297297297405,4.054054054054056,3.0405405405405332
3143,Die Grünen,900,19,1.0,0.0,5.535798956851589,1.0,1.0,1.0135135135135134,0.26671408250354744,0.5689900426742582,8.285917496443815,7.663584637268848,9.17496443812233,7.254623044096732,0.3378378378378386,1.689189189189193,0.675675675675663,1.0135135135135158,1.689189189189193,0.6756756756756772
879,FDP,900,19,0.0,0.0,4.332622095779992,1.0,1.0,0.7319819819819777,0.12446657183498644,0.1955903271692776,9.583926031294453,4.854196301564727,5.547652916073972,5.689900426742533,0.3378378378378244,0.6756756756756772,0.6756756756756772,0.675675675675663,0.6756756756756772,1.3513513513513473
3669,SPD,900,19,0.0,1.0,6.081081081081077,1.0,0.0,1.1261261261261275,9.40611664295875,7.3790896159317185,2.2403982930298625,7.965860597439537,9.263869132290182,0.23115220483641252,2.0270270270270245,1.3513513513513544,0.6756756756756701,1.013513513513523,1.3513513513513544,0.3378378378378386
4508,FDP,900,19,1.0,0.0,5.888454243717401,1.0,1.0,2.139639639639641,2.578236130867701,1.1379800853485094,4.054054054054056,6.365576102418217,13.389046941678515,7.805832147937409,2.0270270270270316,2.364864864864863,1.689189189189186,4.054054054054063,0.3378378378378386,2.364864864864863
3450,SPD,900,19,0.0,1.0,5.183143669985774,0.0,0.0,3.209459459459454,1.2980085348506378,5.369843527738269,2.6493598862019923,4.534139402560456,7.965860597439544,9.281650071123742,2.0270270270270245,1.689189189189186,4.729729729729733,0.675675675675663,6.081081081081074,4.054054054054042
2676,SPD,900,19,1.0,1.0,9.343883357041257,1.0,1.0,5.236486486486488,8.60597439544808,7.948079658605984,11.842105263157897,1.9381223328591872,15.753911806543378,9.975106685633016,2.0270270270270245,3.0405405405405403,3.7162162162162176,5.405405405405411,11.486486486486484,5.743243243243249
2301,FDP,900,19,1.0,1.0,4.2200094831673765,1.0,1.0,2.25225225225225,1.3157894736842124,4.907539118065429,3.413940256045514,2.7738264580369787,10.953058321479375,1.9559032716927476,3.378378378378372,1.3513513513513615,2.364864864864856,0.0,5.4054054054054035,1.0135135135135087
3964,Die Grünen,900,19,0.0,0.0,5.272048364153625,0.0,1.0,2.1959459459459416,3.627311522048366,1.7780938833570303,7.2724039829302995,3.200568990042669,12.446657183499283,3.307254623044102,1.689189189189186,0.675675675675663,2.702702702702709,0.6756756756756701,1.6891891891891788,5.743243243243242
426,FDP,900,19,1.0,0.0,5.011261261261261,1.0,1.0,1.8581081081081063,5.26315789473685,9.228307254623047,0.3911806543385481,0.7290184921763796,11.984352773826451,2.471550497866289,1.3513513513513473,1.0135135135135158,3.7162162162162105,0.3378378378378386,2.364864864864863,2.364864864864863
39,Die Grünen,900,19,0.0,1.0,4.457088667614979,1.0,1.0,0.7882882882882901,3.662873399715501,1.1557610241820697,4.907539118065429,4.071834992887624,8.036984352773821,4.907539118065429,0.0,1.0135135135135158,0.3378378378378386,2.3648648648648702,0.0,1.0135135135135158
2913,FDP,900,19,1.0,0.0,3.793266951161687,1.0,0.0,2.0270270270270223,5.298719772403977,5.03200568990043,3.662873399715501,3.662873399715508,2.7382645803698438,2.364864864864863,1.689189189189186,1.689189189189186,3.378378378378372,1.6891891891891788,1.3513513513513473,2.364864864864863
3667,bunt.saar,900,19,0.0,1.0,4.003674727358937,1.0,1.0,1.1824324324324327,4.534139402560456,5.1031294452347,1.973684210526315,1.9914651493598896,7.432432432432435,2.9871977240398238,2.0270270270270174,0.3378378378378457,0.6756756756756772,3.378378378378379,0.3378378378378386,0.3378378378378386
5157,FDP,900,19,1.0,0.0,3.9621858700806065,1.0,1.0,2.59009009009009,6.241109530583209,2.080369843527741,3.0049786628733983,0.40896159317210845,9.139402560455203,2.8982930298719793,1.3513513513513473,1.689189189189186,1.3513513513513473,1.689189189189193,5.743243243243249,3.7162162162162176
539,Die Grünen,900,19,0.0,0.0,7.5124466571835,0.0,0.0,4.054054054054055,2.773826458036986,6.169985775248925,10.348506401137975,7.3790896159317185,7.681365576102436,10.721906116642963,5.743243243243242,1.0135135135135158,7.094594594594589,4.054054054054056,2.702702702702709,3.7162162162162176
1872,CDU,900,19,0.0,1.0,2.9723802750118558,0.0,1.0,3.8288288288288292,3.342816500711244,1.0668563300142253,7.005689900426745,2.9338549075391214,1.1024182076813673,2.3826458036984306,2.7027027027026946,3.0405405405405403,2.3648648648648702,8.445945945945951,2.364864864864863,4.054054054054056
1343,CDU,900,19,0.0,1.0,4.454125177809388,1.0,1.0,4.786036036036035,2.6849217638691343,8.321479374110957,2.00924608819345,4.285206258890469,5.4054054054054035,4.018492176386914,1.0135135135135016,6.081081081081088,7.094594594594589,1.0135135135135158,6.756756756756758,6.756756756756758
3986,CDU,900,19,1.0,0.0,3.6984352773826465,0.0,0.0,1.2950450450450457,1.3157894736842124,4.605263157894733,1.618065433854909,5.5476529160739645,7.82361308677099,1.2802275960170704,0.0,1.0135135135135087,0.6756756756756701,2.3648648648648702,1.6891891891892001,2.0270270270270245
1203,FDP,900,19,1.0,0.0,4.323731626363202,1.0,1.0,1.4076576576576525,3.94736842105263,0.16002844950212847,10.02844950213371,6.134423897581783,1.3513513513513473,4.320768136557611,1.3513513513513473,2.364864864864863,0.0,0.675675675675663,3.0405405405405332,1.0135135135135087
3335,Die Grünen,900,19,1.0,0.0,2.6760312944523457,1.0,1.0,4.504504504504507,2.435988620199147,1.3513513513513473,0.9957325746799341,3.7162162162162176,6.0099573257467895,1.5469416785206391,3.7162162162162176,1.013513513513523,6.418918918918919,6.418918918918919,4.054054054054063,5.4054054054054035
3418,CDU,900,19,1.0,0.0,1.9440493124703682,1.0,0.0,3.5472972972972983,0.6934566145092447,2.809388335704128,1.191322901849226,0.6756756756756772,2.5960170697012828,3.69843527738265,1.689189189189186,2.0270270270270245,4.729729729729733,2.0270270270270245,8.445945945945958,2.364864864864863
3423,Die Grünen,900,19,0.0,0.0,6.220365101944047,1.0,0.0,1.3513513513513473,2.7027027027026946,4.694167852062584,7.699146514935983,1.689189189189186,14.88264580369843,5.654338549075405,0.0,1.3513513513513402,2.3648648648648702,0.3378378378378386,0.675675675675663,3.378378378378372
4452,CDU,900,19,0.0,0.0,2.412280701754382,0.0,0.0,1.8018018018017965,0.4978662873399742,0.37339971550497353,2.7738264580369787,4.160739687055468,4.2496443812233196,2.4182076813655797,1.0135135135135158,2.7027027027026946,0.6756756756756701,4.054054054054035,2.0270270270270174,0.3378378378378457
913,Die Grünen,900,19,1.0,0.0,4.738620199146507,1.0,1.0,3.716216216216212,0.1422475106685539,1.9559032716927405,6.650071123755325,0.07112375533427695,12.393314366998567,7.219061166429583,2.0270270270270316,0.3378378378378386,6.0810810810810665,2.7027027027027017,6.0810810810810665,5.067567567567565
4633,FDP,900,19,1.0,0.0,4.963845424371738,1.0,0.0,2.7027027027027004,0.26671408250354744,0.8179231863442382,6.3122332859175,2.329302987197721,14.971550497866282,5.0853485064011394,3.0405405405405475,4.391891891891881,0.3378378378378386,3.378378378378379,3.378378378378372,1.689189189189186
4201,CDU,900,19,1.0,0.0,7.63691322901849,1.0,1.0,1.9707207207207216,2.5248933143669916,6.241109530583209,5.387624466571836,10.206258890469421,10.437411095305833,11.024182076813652,3.0405405405405332,2.702702702702709,2.0270270270270316,0.0,3.7162162162162176,0.3378378378378386
3517,bunt.saar,900,19,1.0,0.0,3.4169037458511133,1.0,1.0,2.1959459459459474,3.200568990042669,0.7823613086770962,5.4409672830725455,3.449502133712656,5.0853485064011394,2.5426742532005733,1.689189189189186,0.0,2.0270270270270316,1.3513513513513544,4.054054054054063,4.054054054054049
3488,SPD,900,19,0.0,0.0,5.002370791844478,0.0,0.0,2.083333333333331,0.3022759601707037,5.903271692745371,4.925320056899011,3.1116642958748244,7.610241820768145,8.161450924608815,1.3513513513513473,0.3378378378378315,1.0135135135135087,4.391891891891895,3.378378378378379,2.0270270270270245
3681,FDP,900,19,1.0,1.0,2.6878852536747275,1.0,1.0,2.5900900900900865,3.307254623044102,1.1557610241820626,2.7204836415362763,2.916073968705547,0.9779516358463738,5.0497866287340045,3.378378378378372,3.0405405405405332,0.6756756756756772,3.0405405405405332,4.391891891891888,1.0135135135135158
2049,bunt.saar,900,19,1.0,1.0,4.454125177809387,1.0,0.0,1.8581081081081041,3.307254623044102,7.307965860597427,6.134423897581783,0.40896159317211556,6.614509246088197,2.951635846372696,3.7162162162162176,0.675675675675663,0.675675675675663,4.054054054054056,1.689189189189186,0.3378378378378386
2466,bunt.saar,900,19,0.0,1.0,3.722143195827402,1.0,1.0,0.5630630630630632,2.080369843527741,6.650071123755325,4.338549075391185,1.404694167852064,3.182788051209087,4.67638691322901,1.0135135135135087,0.6756756756756772,0.3378378378378386,0.3378378378378386,0.6756756756756914,0.3378378378378244
3827,bunt.saar,900,19,1.0,0.0,5.7076813655761,1.0,1.0,1.745495495495497,2.3826458036984306,3.0049786628734054,9.210526315789465,0.3022759601706895,10.72190611664297,8.62375533428164,1.0135135135135087,0.6756756756756772,0.6756756756756772,1.0135135135135087,2.3648648648648702,4.7297297297297405
4794,DIE LINKE,900,19,0.0,0.0,6.2470365101944045,0.0,1.0,1.1824324324324327,7.04125177809388,4.338549075391185,8.943812233285918,4.089615931721191,11.78876244665718,1.2802275960170704,1.689189189189186,0.3378378378378386,0.6756756756756772,0.3378378378378386,0.3378378378378386,3.7162162162162176
4096,FDP,900,19,1.0,1.0,5.346135609293504,1.0,1.0,1.8581081081081112,4.160739687055475,5.921052631578952,4.623044096728307,3.4317211948790884,1.0668563300142253,12.873399715504974,1.6891891891892001,1.3513513513513473,2.7027027027027017,3.7162162162162247,0.6756756756756772,1.0135135135135158
3435,FDP,900,19,1.0,1.0,4.866050260787102,1.0,1.0,1.069819819819821,8.357041251778092,0.8890469416785152,2.8449502133712663,9.068278805120912,5.832147937411095,2.2048364153627276,0.0,1.3513513513513544,1.6891891891891895,1.0135135135135158,0.6756756756756772,1.6891891891891895
3954,CDU,900,19,1.0,0.0,2.9160739687055517,1.0,0.0,2.9279279279279273,2.3115220483641536,0.8179231863442382,3.8940256045519206,7.752489331436706,0.3911806543385552,2.3293029871977353,1.0135135135135087,2.364864864864856,4.729729729729726,1.0135135135135087,3.0405405405405475,5.405405405405418
3351,bunt.saar,900,19,1.0,0.0,8.197012802275962,1.0,1.0,1.1261261261261286,2.293741109530586,5.4054054054054035,11.21977240398293,4.196301564722617,14.704836415362742,11.362019914651498,1.0135135135135158,0.6756756756756772,1.689189189189193,0.3378378378378386,0.3378378378378528,2.7027027027026946
1452,SPD,900,19,0.0,0.0,9.417970602181128,1.0,0.0,3.040540540540538,5.7254623044096675,8.108108108108105,15.433854907539121,3.769559032716927,11.450924608819342,12.019914651493607,2.7027027027026946,0.3378378378378315,3.378378378378386,2.0270270270270245,5.4054054054054035,4.391891891891888
5080,CDU,900,19,1.0,0.0,4.554883831199619,0.0,0.0,4.6171171171171155,5.316500711237566,4.587482219061165,8.268136557610234,2.2403982930298625,6.454480796586054,0.46230440967283215,3.378378378378379,0.6756756756756701,10.472972972972968,4.391891891891902,3.378378378378372,5.4054054054054035
203,DIE LINKE,900,19,1.0,0.0,4.646752015173065,1.0,1.0,2.0270270270270245,4.391891891891895,7.5924608819345565,4.463015647226179,0.23115220483641252,9.014935988620195,2.187055476529153,1.3513513513513473,1.0135135135135087,3.0405405405405332,1.689189189189186,2.702702702702709,2.364864864864863
4182,CDU,900,19,1.0,1.0,8.431128496917967,0.0,1.0,4.954954954954956,6.169985775248925,7.912517780938835,10.312944523470843,3.805120910384062,9.477240398293027,12.908961593172116,0.3378378378378386,4.729729729729726,6.418918918918926,4.391891891891895,8.108108108108105,5.743243243243242
4982,FDP,900,19,1.0,0.0,4.697131341868186,0.0,1.0,2.477477477477475,1.0312944523470904,9.157183499288756,8.054765291607403,0.6045519203413932,7.165718349928888,2.1692745376955855,2.0270270270270174,3.7162162162162105,2.3648648648648702,1.3513513513513402,4.054054054054063,1.3513513513513473
5014,CDU,900,19,0.0,0.0,2.806424845898525,1.0,1.0,0.8445945945945906,3.4317211948790884,3.4672830725462234,1.8136557610241795,2.115931721194869,5.4054054054054035,0.604551920341386,0.6756756756756772,1.3513513513513473,0.6756756756756701,0.6756756756756772,1.0135135135135087,0.675675675675663
28,bunt.saar,900,19,1.0,1.0,2.8064248458985284,1.0,0.0,4.72972972972973,2.916073968705547,4.960881934566139,2.7027027027026946,2.578236130867701,3.662873399715508,0.017780938833581672,4.729729729729733,4.729729729729733,4.391891891891888,5.405405405405411,3.378378378378372,5.743243243243242
2483,FDP,900,19,0.0,1.0,3.4702465623518237,1.0,1.0,2.927927927927931,2.2048364153627347,6.632290184921764,1.689189189189186,4.87197724039828,1.4580369843527734,3.9651493598862046,5.743243243243242,0.3378378378378386,5.067567567567572,0.3378378378378386,4.391891891891902,1.689189189189193
3704,FDP,900,19,1.0,1.0,5.298719772403982,1.0,1.0,1.576576576576579,4.9075391180654435,1.511379800853483,1.8492176386913144,7.005689900426745,11.486486486486477,5.03200568990043,2.0270270270270316,2.3648648648648702,0.6756756756756843,0.6756756756756772,3.7162162162162105,0.0
3799,CDU,900,19,1.0,0.0,5.325391180654342,1.0,0.0,1.7454954954954982,3.591749644381224,7.485775248933145,4.569701280227605,1.0135135135135087,10.828591749644389,4.463015647226179,0.6756756756756701,0.6756756756756772,1.013513513513523,4.391891891891895,3.378378378378386,0.3378378378378386
2338,bunt.saar,900,19,1.0,1.0,2.699739212897113,1.0,0.0,4.2229729729729755,1.8847795163584706,4.000711237553347,1.6714082503556114,3.165007112375541,3.5739687055476637,1.9025604551920452,0.6756756756756772,1.0135135135135016,5.743243243243249,5.4054054054054035,5.743243243243249,6.756756756756772
2171,CDU,900,19,1.0,0.0,3.108700806069224,1.0,1.0,1.5202702702702677,5.245376955903275,6.063300142247513,1.7780938833570303,1.1557610241820626,4.338549075391185,0.07112375533427695,0.3378378378378315,0.3378378378378386,0.6756756756756701,4.054054054054056,1.0135135135135087,2.7027027027027017
2691,FDP,900,19,1.0,1.0,3.4465386439070627,1.0,1.0,1.745495495495496,0.9957325746799413,5.4054054054054035,1.3513513513513473,2.115931721194869,9.10384068278806,1.7069701280227534,2.7027027027026946,0.3378378378378386,1.3513513513513473,3.378378378378386,2.0270270270270316,0.6756756756756772
2709,bunt.saar,900,19,1.0,0.0,8.946775723091518,1.0,1.0,4.448198198198203,7.82361308677099,3.271692745376953,9.317211948790913,7.859174964438125,16.038406827880515,9.370554765291615,4.7297297297297405,0.3378378378378386,5.067567567567579,6.418918918918919,4.054054054054063,6.081081081081081
2192,FDP,900,19,1.0,1.0,4.302987197724044,1.0,1.0,2.0270270270270268,2.3826458036984377,3.44950213371267,6.98790896159317,1.9381223328591872,2.631578947368425,8.428165007112376,3.0405405405405403,0.6756756756756843,2.7027027027027017,2.364864864864863,3.0405405405405403,0.3378378378378315
1778,SPD,900,19,0.0,0.0,4.895685158843052,1.0,1.0,1.6891891891891884,1.1557610241820626,6.223328591749642,5.796586059743959,3.520625889046933,6.596728307254629,6.081081081081088,2.0270270270270316,0.0,1.689189189189186,5.067567567567565,0.6756756756756772,0.6756756756756701
3662,Die Grünen,900,19,0.0,0.0,5.029042200094827,1.0,0.0,1.8018018018018058,1.831436699857747,7.290184921763881,4.0362731152204745,5.1031294452347,8.872688477951627,3.0405405405405332,1.3513513513513544,1.689189189189193,3.0405405405405475,0.6756756756756843,1.3513513513513473,2.702702702702709
3915,FDP,900,19,0.0,1.0,5.123873873873872,1.0,1.0,2.5337837837837847,1.3335704125177799,3.591749644381224,7.805832147937409,7.04125177809388,7.645803698435273,3.3250355618776624,4.054054054054049,1.3513513513513615,0.0,2.702702702702709,7.094594594594589,0.0
2207,SPD,900,19,0.0,1.0,3.2124229492650542,0.0,0.0,6.756756756756759,1.4935988620199083,3.662873399715508,5.1209103840682815,1.3691322901849219,5.138691322901849,2.4893314366998567,5.743243243243242,3.7162162162162247,7.770270270270274,9.797297297297305,8.783783783783782,4.729729729729726
972,CDU,900,19,1.0,1.0,0.9334992887624468,1.0,1.0,2.702702702702703,1.262446657183503,1.0668563300142253,0.3378378378378386,2.00924608819345,0.6401137980085352,0.2844950213371291,4.391891891891888,0.6756756756756701,1.689189189189193,5.405405405405411,3.378378378378372,0.6756756756756843
1345,CDU,900,19,1.0,1.0,2.6286154575628218,1.0,1.0,2.252252252252255,0.1422475106685539,5.4409672830725455,2.578236130867701,3.058321479374108,2.631578947368425,1.9203413940255984,0.6756756756756772,0.0,4.391891891891902,0.3378378378378386,4.391891891891895,3.7162162162162176
787,FDP,900,19,1.0,1.0,4.045163584637269,1.0,1.0,1.5765765765765707,4.925320056899011,3.3605974395448044,6.934566145092475,0.0889046941678373,1.2980085348506378,7.663584637268848,3.378378378378372,1.3513513513513473,0.3378378378378244,1.3513513513513402,1.3513513513513544,1.689189189189186
1125,CDU,900,19,1.0,1.0,2.916073968705549,1.0,0.0,5.1238738738738725,4.996443812233295,2.8982930298719793,3.236130867709818,0.49786628733995997,2.6137980085348573,3.2539118065433854,5.067567567567565,4.054054054054049,6.418918918918912,3.0405405405405475,8.445945945945944,3.7162162162162176
3829,FDP,900,19,0.0,1.0,6.851588430535798,1.0,1.0,5.6869369369369345,9.921763869132292,4.87197724039828,6.632290184921764,3.5739687055476566,12.588904694167852,3.52062588904694,5.743243243243242,4.054054054054042,4.054054054054063,6.756756756756744,8.783783783783782,4.729729729729733
3521,FDP,900,19,0.0,1.0,4.922356567093412,0.0,1.0,1.85810810810811,11.646514935988613,2.489331436699864,2.809388335704128,4.516358463726888,4.374110953058327,3.69843527738265,0.0,2.702702702702709,3.378378378378379,1.0135135135135158,3.7162162162162176,0.3378378378378386
3243,CDU,900,19,1.0,0.0,4.02145566619251,1.0,1.0,0.9572072072072105,0.23115220483641963,6.045519203413939,2.0270270270270316,7.005689900426745,6.54338549075392,2.2759601706970045,1.3513513513513544,1.689189189189186,0.3378378378378386,0.3378378378378528,0.3378378378378315,1.6891891891892001
1454,FDP,900,19,1.0,0.0,3.9888572783309613,1.0,1.0,1.8581081081081077,12.624466571834994,0.9779516358463738,0.3556187766714132,1.7780938833570303,2.7027027027027017,5.494310099573255,0.3378378378378386,3.7162162162162176,1.6891891891891788,1.689189189189193,2.0270270270270316,1.689189189189186
2685,FDP,900,19,1.0,0.0,1.8077287814129903,1.0,0.0,2.9279279279279264,0.9068278805120897,3.413940256045514,1.6714082503556185,0.6756756756756772,4.089615931721191,0.08890469416785152,3.7162162162162176,0.3378378378378315,1.689189189189186,5.067567567567565,3.7162162162162176,3.0405405405405403
2215,CDU,900,19,0.0,1.0,3.176861071597911,0.0,1.0,1.9144144144144188,2.951635846372696,1.2980085348506378,2.471550497866282,1.724751066856328,7.485775248933145,3.1294452347083777,0.3378378378378386,1.3513513513513544,3.378378378378393,1.3513513513513544,0.6756756756756701,4.391891891891902
3734,bunt.saar,900,19,0.0,0.0,5.953651019440495,0.0,0.0,3.490990990990987,3.7162162162162176,0.8712660028449548,8.303698435277383,2.3826458036984377,8.517069701280235,11.931009957325742,4.729729729729726,3.7162162162162176,3.7162162162162105,2.7027027027027017,1.0135135135135087,5.067567567567558
1225,FDP,900,19,0.0,1.0,4.377074442863914,0.0,0.0,3.322072072072076,0.8179231863442382,8.19701280227595,1.8847795163584706,9.157183499288756,3.627311522048366,2.578236130867701,4.7297297297297405,1.6891891891892001,3.378378378378379,1.0135135135135087,6.756756756756758,2.3648648648648702
4689,CDU,900,19,1.0,0.0,3.840682788051206,1.0,0.0,6.53153153153153,2.044807965860592,0.6401137980085352,5.085348506401132,9.45945945945946,0.6756756756756772,5.138691322901842,5.405405405405389,6.418918918918919,10.135135135135137,1.689189189189193,6.756756756756765,8.783783783783775
4318,Die Grünen,900,19,1.0,0.0,7.936225699383591,0.0,0.0,4.335585585585591,5.8321479374110865,7.912517780938828,7.5924608819345565,1.8136557610241795,13.780227596017077,10.68634423897582,1.689189189189193,4.391891891891895,7.770270270270267,5.067567567567579,2.702702702702709,4.391891891891902
2910,bunt.saar,900,19,1.0,1.0,4.5282124229492675,1.0,1.0,1.2387387387387427,5.974395448079662,8.339260312944532,6.258890469416784,1.7425320056899025,1.1913229018492189,3.662873399715508,1.013513513513523,1.6891891891892072,0.6756756756756772,1.0135135135135158,1.689189189189193,1.3513513513513402
2023,CDU,900,19,1.0,1.0,4.036273115220481,1.0,1.0,2.984234234234234,5.298719772403977,0.5156472261735487,2.115931721194869,3.840682788051211,3.1294452347083777,9.317211948790899,5.405405405405411,0.6756756756756772,2.364864864864863,1.689189189189186,0.6756756756756701,7.0945945945945965
2753,FDP,900,19,1.0,1.0,2.3559743954480794,1.0,1.0,1.7454954954954995,2.8982930298719793,4.623044096728307,0.4267425320056901,1.51137980085349,3.1116642958748173,1.5647226173541924,4.391891891891902,1.0135135135135158,2.0270270270270316,2.3648648648648702,0.0,0.6756756756756772
3330,Die Grünen,900,19,1.0,1.0,5.497273589378852,1.0,1.0,5.855855855855853,0.8179231863442382,4.17852062588905,4.551920341394023,4.338549075391178,9.068278805120912,10.02844950213371,2.7027027027026946,1.0135135135135087,8.108108108108098,6.756756756756758,9.459459459459467,7.094594594594589
2184,Die Grünen,900,19,0.0,1.0,4.605263157894739,0.0,0.0,5.3490990990990985,3.378378378378379,6.258890469416791,7.130156472261724,3.2183499288762576,1.2091038406827863,6.436699857752494,5.743243243243249,2.0270270270270245,7.7702702702702595,6.418918918918926,5.067567567567565,5.067567567567565
4632,SPD,900,19,0.0,0.0,4.664532954006634,1.0,0.0,2.533783783783781,1.1735419630156443,2.0625889046941666,6.169985775248925,8.766002844950208,4.996443812233288,4.818634423897571,4.729729729729726,2.702702702702709,0.6756756756756701,5.067567567567565,0.675675675675663,1.3513513513513544
227,FDP,900,19,1.0,0.0,6.47226173541963,1.0,0.0,2.646396396396399,5.743243243243242,5.1209103840682815,3.805120910384069,9.60170697012802,13.762446657183496,0.8001422475106708,4.054054054054063,0.3378378378378386,3.0405405405405475,2.0270270270270316,3.7162162162162105,2.7027027027027017
1506,FDP,900,19,1.0,1.0,5.64248458985301,1.0,1.0,2.252252252252253,4.658605974395449,8.32147937411095,8.445945945945947,1.4402560455191917,4.978662873399713,6.009957325746804,2.3648648648648702,0.6756756756756772,2.7027027027027017,4.391891891891888,2.0270270270270245,1.3513513513513544
2728,bunt.saar,900,19,0.0,1.0,2.4982219061166426,0.0,0.0,2.8153153153153134,1.404694167852064,3.271692745376953,0.9957325746799413,2.7382645803698438,4.9075391180654435,1.6714082503556114,5.743243243243242,1.3513513513513544,3.0405405405405332,1.0135135135135087,3.378378378378379,2.364864864864863
4117,CDU,900,19,1.0,1.0,2.6582503556187747,1.0,1.0,2.0270270270270245,0.9957325746799413,4.445234708392597,3.5384068278805074,0.23115220483641252,1.618065433854909,5.1209103840682815,3.7162162162162105,1.013513513513523,0.6756756756756701,4.391891891891888,2.0270270270270174,0.3378378378378386
167,FDP,900,19,1.0,1.0,4.777145566619251,1.0,0.0,1.689189189189187,5.903271692745371,5.387624466571843,2.7738264580369787,3.662873399715508,3.413940256045521,7.521337126600287,2.3648648648648702,0.3378378378378315,2.7027027027027017,1.3513513513513402,2.3648648648648702,1.0135135135135087
2693,bunt.saar,900,19,1.0,0.0,2.3322664770033157,1.0,1.0,1.5765765765765778,3.378378378378379,2.115931721194869,0.9957325746799341,2.489331436699864,4.551920341394023,0.46230440967282505,1.689189189189193,0.0,4.054054054054049,0.3378378378378386,0.6756756756756772,2.702702702702709
3076,Die Grünen,900,19,1.0,0.0,3.594713134186822,1.0,1.0,0.675675675675676,0.5512091038406766,4.249644381223341,3.0761024182076895,2.6671408250355597,6.632290184921764,4.391891891891902,0.6756756756756772,0.6756756756756772,1.0135135135135016,0.6756756756756701,0.0,1.01351351351353
3559,CDU,900,19,1.0,0.0,4.581555239449979,1.0,1.0,2.195945945945945,4.711948790896166,6.081081081081088,4.2140825035561775,6.827880512091042,5.369843527738269,0.2844950213371291,1.01351351351353,2.0270270270270174,4.729729729729726,0.6756756756756701,1.689189189189186,3.0405405405405403
1094,Die Grünen,900,19,0.0,1.0,4.128141299193932,0.0,1.0,1.0135135135135183,3.200568990042669,4.765291607396868,7.681365576102436,2.7560455192034183,4.960881934566146,1.4046941678520568,2.0270270270270316,0.0,2.702702702702709,0.0,0.3378378378378386,1.01351351351353
4706,Die Grünen,900,19,0.0,1.0,5.811403508771931,0.0,1.0,3.7162162162162153,2.7382645803698438,4.943100995732571,9.60170697012802,0.4445234708392647,8.908250355618776,8.232574679943106,4.054054054054049,1.689189189189186,5.743243243243249,4.391891891891888,1.689189189189186,4.729729729729733
5013,bunt.saar,900,19,0.0,1.0,6.970128022759602,0.0,1.0,5.6869369369369345,4.605263157894733,2.6137980085348573,11.948790896159323,4.907539118065429,7.716927453769557,10.02844950213371,6.418918918918912,1.689189189189186,7.770270270270274,5.405405405405396,5.067567567567565,7.770270270270274
2448,Die Grünen,900,19,1.0,0.0,3.6628733997155067,0.0,0.0,4.448198198198199,2.5248933143669916,1.1735419630156443,5.1920341394025655,9.850640113798008,0.9601706970128063,2.275960170697026,10.810810810810814,2.0270270270270316,2.364864864864856,3.378378378378379,1.689189189189186,6.418918918918926
4949,DIE LINKE,900,19,1.0,1.0,6.993835941204363,1.0,0.0,1.6328828828828807,9.174964438122338,1.2091038406827863,8.783783783783782,4.267425320056894,13.602418207681367,4.925320056899011,2.0270270270270316,1.6891891891891788,1.689189189189186,3.0405405405405403,0.0,1.3513513513513473
554,SPD,900,19,1.0,0.0,5.938833570412517,1.0,0.0,1.5765765765765767,2.187055476529153,8.766002844950215,9.903982930298717,1.511379800853483,7.147937411095313,6.116642958748223,0.3378378378378386,1.3513513513513473,1.3513513513513473,1.013513513513523,2.3648648648648702,3.0405405405405332
4176,bunt.saar,900,19,0.0,0.0,2.5130393551446226,0.0,0.0,4.842342342342346,2.275960170697026,3.342816500711244,0.5156472261735487,6.205547652916081,1.1024182076813602,1.6358463726884764,1.689189189189186,6.4189189189189335,6.081081081081081,5.067567567567572,7.0945945945945965,2.702702702702709
4533,Die Grünen,900,19,0.0,1.0,3.645092460881935,0.0,1.0,3.2094594594594574,5.814366998577526,1.724751066856328,2.044807965860592,4.800853485064017,1.8136557610241795,5.672119487908965,0.6756756756756772,2.7027027027027017,3.7162162162162033,1.3513513513513473,5.4054054054054035,5.405405405405411
4776,bunt.saar,900,19,0.0,1.0,3.74288762446657,0.0,1.0,3.0405405405405417,1.3157894736842124,5.245376955903275,4.285206258890469,9.815078236130866,1.4402560455191917,0.35561877667140607,1.0135135135135087,0.6756756756756772,4.7297297297297405,4.729729729729726,5.743243243243235,1.3513513513513615
3015,CDU,900,19,1.0,1.0,5.707681365576106,1.0,0.0,4.222972972972973,3.9118065433855023,1.6358463726884764,8.837126600284499,2.1337126600284577,11.148648648648653,6.578947368421048,4.729729729729733,0.3378378378378386,5.743243243243249,5.743243243243235,3.7162162162162176,5.067567567567565
727,SPD,900,19,1.0,1.0,4.685277382645808,0.0,1.0,0.9009009009009041,3.591749644381224,0.7645803698435287,9.583926031294453,3.769559032716927,3.7339971550498063,6.667852062588906,0.6756756756756772,0.0,1.0135135135135016,1.3513513513513473,1.3513513513513686,1.01351351351353
424,bunt.saar,900,19,0.0,1.0,3.194642010431482,0.0,1.0,4.2792792792792795,1.1201991465149348,3.982930298719765,3.769559032716927,0.12446657183499354,4.729729729729726,5.4409672830725455,1.3513513513513473,0.6756756756756843,8.108108108108112,4.729729729729726,6.756756756756758,4.054054054054049
4090,FDP,900,19,0.0,0.0,4.24075391180654,0.0,1.0,3.8851351351351333,1.6358463726884764,0.37339971550497353,4.587482219061172,5.618776671408241,7.503556187766712,5.7254623044096675,3.378378378378372,4.729729729729726,5.067567567567565,1.3513513513513615,2.364864864864863,6.418918918918912
3225,FDP,900,19,1.0,1.0,3.381341868183975,1.0,1.0,4.279279279279279,4.587482219061172,2.4182076813655797,3.0049786628733983,5.992176386913229,3.09388335704125,1.1913229018492189,3.7162162162162105,2.7027027027027017,3.7162162162162176,0.6756756756756772,9.45945945945946,5.4054054054054035
4447,CDU,900,19,1.0,1.0,4.457088667614987,1.0,1.0,1.6328828828828865,2.3648648648648702,0.16002844950213557,2.2226173541963092,10.366287339971542,7.948079658605984,3.6806543385490826,4.391891891891902,3.7162162162162176,0.6756756756756772,1.013513513513523,0.0,0.0
1137,CDU,900,19,1.0,0.0,8.238501659554293,1.0,0.0,2.027027027027028,2.275960170697026,6.507823613086771,6.116642958748223,5.4765291607396875,21.266002844950215,7.788051209103841,3.378378378378393,2.7027027027027017,0.3378378378378386,2.0270270270270245,1.3513513513513473,2.364864864864863
394,bunt.saar,900,19,0.0,1.0,4.732693219535325,0.0,1.0,4.673423423423426,2.3648648648648702,1.0846372688477857,11.575391180654336,0.26671408250356166,6.685633001422481,6.418918918918919,4.391891891891888,2.702702702702709,6.756756756756765,5.4054054054054035,4.7297297297297405,4.054054054054049
800,FDP,900,19,1.0,1.0,3.2479848269321963,1.0,1.0,4.504504504504502,4.765291607396875,4.711948790896166,1.7069701280227534,6.3122332859175,1.1735419630156443,0.8179231863442382,2.7027027027026946,6.418918918918919,7.0945945945945965,0.675675675675663,2.7027027027027017,7.432432432432435
2455,bunt.saar,900,19,0.0,0.0,5.716571834992887,1.0,1.0,1.6891891891891884,0.6401137980085352,8.339260312944532,0.9601706970127992,1.7069701280227534,15.949502133712663,6.703413940256041,2.0270270270270245,2.0270270270270316,1.3513513513513544,3.0405405405405403,1.6891891891891788,0.0
2813,bunt.saar,900,19,1.0,1.0,3.191678520625891,1.0,1.0,1.914414414414414,5.423186344238985,1.1201991465149348,7.076813655761022,0.053342816500716594,4.925320056899011,0.5512091038406766,0.3378378378378244,1.689189189189193,1.3513513513513544,2.0270270270270316,3.378378378378372,2.702702702702709
836,bunt.saar,900,19,0.0,1.0,4.8275248933143695,1.0,1.0,0.9009009009009041,3.591749644381224,0.3911806543385552,5.4409672830725455,4.12517780938834,11.077524893314369,4.338549075391185,1.013513513513523,1.3513513513513615,2.364864864864863,0.0,0.0,0.6756756756756772
1053,Die Grünen,900,19,0.0,0.0,6.821953532479848,0.0,0.0,4.0540540540540535,0.5512091038406766,8.783783783783782,5.938833570412527,4.036273115220482,9.512802275960176,12.108819345661445,5.4054054054054035,1.0135135135135087,4.729729729729733,5.067567567567572,2.3648648648648702,5.743243243243235
4139,CDU,900,19,1.0,1.0,4.264461830251303,1.0,1.0,2.364864864864861,0.26671408250355455,4.747510668563301,6.258890469416791,4.925320056899011,5.992176386913222,3.3961593172119393,1.3513513513513402,1.3513513513513473,3.7162162162162176,3.7162162162162105,2.7027027027026946,1.3513513513513544
4249,bunt.saar,900,19,0.0,0.0,3.2124229492650556,0.0,1.0,1.4639639639639637,1.4935988620199083,5.26315789473685,3.4317211948790884,3.6450924608819335,2.6137980085348573,2.8271692745376953,2.0270270270270245,1.3513513513513473,2.3648648648648702,0.3378378378378386,1.689189189189186,1.0135135135135158
5159,DIE LINKE,900,19,0.0,0.0,4.302987197724039,0.0,0.0,4.2229729729729755,4.729729729729726,5.067567567567565,0.6045519203413932,8.677098150782356,4.036273115220489,2.7027027027027017,5.743243243243242,2.3648648648648702,4.729729729729726,1.3513513513513615,4.391891891891895,6.756756756756758
710,SPD,900,19,1.0,1.0,8.04587482219061,1.0,1.0,2.477477477477476,4.9075391180654435,12.9800853485064,7.307965860597427,4.018492176386907,10.02844950213371,9.03271692745377,1.3513513513513473,2.0270270270270245,4.391891891891881,2.702702702702709,3.0405405405405475,1.3513513513513473
3837,bunt.saar,900,19,0.0,0.0,2.696775723091516,0.0,1.0,8.952702702702704,2.0981507823613086,5.600995732574688,1.6002844950213486,0.7290184921763867,4.587482219061172,1.5647226173541924,8.445945945945951,8.445945945945944,11.486486486486491,0.3378378378378386,14.189189189189193,10.810810810810807
1199,Die Grünen,900,19,0.0,0.0,3.7725225225225216,1.0,0.0,2.927927927927924,5.245376955903268,0.03556187766713492,0.284495021337122,10.06401137980086,3.6095305832147915,3.3961593172119535,2.0270270270270174,3.0405405405405403,2.0270270270270174,3.7162162162162176,1.3513513513513473,5.4054054054054035
4193,Die Grünen,900,19,1.0,0.0,3.476173541963014,1.0,0.0,3.9414414414414396,5.067567567567565,6.0099573257467895,3.1116642958748173,1.2980085348506378,3.342816500711244,2.0270270270270316,2.0270270270270316,4.391891891891881,4.054054054054049,6.418918918918919,3.7162162162162176,3.0405405405405403
228,CDU,900,19,1.0,1.0,3.4198672356567066,1.0,1.0,1.7454954954954935,2.7027027027026946,1.5291607396870575,2.0270270270270316,4.605263157894733,7.307965860597427,2.3470839260312957,0.6756756756756772,0.3378378378378315,2.3648648648648702,0.3378378378378386,3.7162162162162105,3.0405405405405332
4080,FDP,900,19,0.0,1.0,2.963489805595066,0.0,1.0,1.1824324324324305,1.2980085348506378,6.276671408250351,0.49786628733995997,3.662873399715508,3.7517780938833525,2.293741109530586,3.378378378378372,0.3378378378378386,0.3378378378378244,0.3378378378378457,1.689189189189186,1.0135135135135158
3893,Die Grünen,900,19,1.0,1.0,5.71657183499289,1.0,1.0,0.8445945945945965,3.5028449502133725,6.401137980085352,2.9871977240398238,3.1116642958748244,8.570412517780944,9.726173541963021,0.0,0.3378378378378457,1.689189189189186,1.0135135135135158,1.689189189189193,0.3378378378378386
3332,FDP,900,19,1.0,0.0,4.074798482693217,1.0,1.0,2.6463963963963955,5.28093883357041,1.1735419630156443,7.592460881934571,1.0668563300142182,1.6358463726884764,7.699146514935983,4.054054054054049,2.0270270270270245,2.7027027027026946,4.391891891891902,2.0270270270270245,0.6756756756756772
174,bunt.saar,900,19,1.0,0.0,4.6171171171171155,1.0,0.0,2.477477477477477,2.507112375533424,2.560455192034155,9.10384068278804,2.3826458036984306,4.551920341394023,6.596728307254622,2.702702702702709,3.7162162162162247,2.0270270270270174,2.0270270270270245,1.6891891891891788,2.702702702702709
5211,Die Grünen,900,19,0.0,1.0,2.0892603129445213,1.0,1.0,3.2657657657657695,0.07112375533427695,3.271692745376953,4.374110953058313,0.5156472261735487,2.329302987197721,1.973684210526315,1.3513513513513615,1.0135135135135158,4.054054054054063,2.0270270270270245,5.067567567567572,6.081081081081081
2130,FDP,900,19,1.0,0.0,7.053105737316265,1.0,1.0,7.995495495495496,6.54338549075392,6.614509246088197,7.788051209103838,6.970128022759603,6.152204836415358,8.25035561877668,7.432432432432435,7.432432432432435,14.527027027027028,0.675675675675663,6.418918918918919,11.486486486486491
1265,FDP,900,19,1.0,0.0,3.3042911332385017,1.0,0.0,1.8018018018018012,3.307254623044095,5.2631578947368425,0.9779516358463738,0.21337126600283796,7.0945945945945965,2.9694167852062634,1.689189189189193,2.3648648648648702,2.0270270270270245,1.6891891891891788,0.3378378378378386,2.7027027027027017
3486,CDU,900,19,0.0,0.0,6.55820293978189,1.0,0.0,2.8153153153153134,3.307254623044095,0.6756756756756772,13.566856330014225,0.2489331436699942,12.411095305832148,9.139402560455203,0.6756756756756701,0.3378378378378386,3.0405405405405403,4.054054054054049,5.067567567567565,3.7162162162162176
1073,bunt.saar,900,19,1.0,1.0,2.604907539118063,1.0,1.0,4.504504504504503,0.7290184921763796,2.0981507823613086,1.795874822190612,4.640825035561875,4.818634423897564,1.5469416785206391,3.0405405405405332,4.729729729729733,7.432432432432435,1.3513513513513473,3.0405405405405475,7.432432432432421
1262,FDP,900,19,0.0,1.0,2.7856804172593663,1.0,1.0,4.166666666666668,0.10668563300142608,2.6137980085348573,1.4935988620199154,6.916785206258886,0.2489331436699871,5.3342816500711265,5.4054054054054035,0.0,8.445945945945944,3.7162162162162247,0.3378378378378386,7.0945945945945965
2584,FDP,900,19,1.0,1.0,1.9855381697486922,1.0,1.0,2.027027027027023,1.3513513513513473,0.03556187766713492,3.8229018492176365,2.258179231863437,3.876244665718346,0.5689900426742511,1.3513513513513473,1.0135135135135087,5.4054054054054035,3.378378378378372,0.6756756756756701,0.3378378378378386
4225,bunt.saar,900,19,1.0,1.0,4.602299668089144,1.0,1.0,2.6463963963963963,2.293741109530586,2.880512091038412,4.267425320056901,3.449502133712656,10.650782361308679,4.071834992887631,2.0270270270270245,0.6756756756756772,2.702702702702709,5.067567567567565,1.689189189189193,3.7162162162162105
4728,CDU,900,19,1.0,0.0,3.4346846846846852,1.0,0.0,3.4346846846846844,0.3022759601707037,8.890469416785209,1.5825035561877598,0.10668563300142608,4.67638691322901,5.0497866287340045,6.418918918918926,2.0270270270270316,0.3378378378378244,7.094594594594589,2.3648648648648702,2.364864864864863
4983,FDP,900,19,1.0,1.0,7.379089615931721,1.0,1.0,2.9279279279279256,9.495021337126602,2.0981507823613086,2.7027027027027017,15.416073968705547,12.091038406827881,2.471550497866289,5.743243243243242,0.3378378378378315,3.040540540540544,3.0405405405405332,4.72972972972973,0.6756756756756737
241,CDU,900,19,1.0,1.0,3.1561166429587453,1.0,1.0,3.2094594594594574,0.284495021337122,2.7382645803698438,6.13442389758179,0.7290184921763796,3.2539118065433854,5.796586059743952,1.3513513513513402,3.378378378378379,3.7162162162162176,0.675675675675663,3.378378378378379,6.756756756756765
2237,Die Grünen,900,19,1.0,0.0,8.20886676149834,1.0,1.0,1.0135135135135123,5.1920341394025655,4.089615931721191,7.716927453769557,5.298719772403977,18.8122332859175,8.143669985775247,1.689189189189186,1.0135135135135087,0.0,2.0270270270270245,0.6756756756756772,0.6756756756756772
799,FDP,900,19,0.0,1.0,1.9025604551920285,0.0,1.0,1.745495495495497,0.6934566145092447,2.8449502133712556,2.8449502133712556,1.9559032716927405,2.3470839260312957,0.7290184921763796,2.7027027027026946,1.6891891891892001,0.6756756756756701,0.3378378378378386,2.3648648648648702,2.702702702702709
4311,SPD,900,19,0.0,1.0,7.580606922712186,1.0,1.0,1.3513513513513533,10.028449502133718,7.663584637268848,7.46799431009957,5.832147937411094,10.206258890469421,4.285206258890469,0.0,1.689189189189186,1.013513513513523,0.6756756756756772,2.0270270270270245,2.702702702702709
2914,FDP,900,19,1.0,1.0,4.99940730203888,1.0,1.0,1.182432432432434,5.565433854907539,10.02844950213371,1.4580369843527734,0.03556187766713492,6.330014224751068,6.578947368421051,0.6756756756756772,1.3513513513513544,1.6891891891891895,0.3378378378378386,1.3513513513513544,1.6891891891891895
2418,SPD,900,19,1.0,0.0,2.578236130867713,1.0,0.0,5.067567567567566,1.8847795163584706,3.627311522048373,1.653627311522051,0.9957325746799413,3.9295874822190626,3.378378378378379,0.6756756756756772,1.689189189189193,5.067567567567565,5.743243243243242,7.7702702702702595,9.45945945945946
2558,bunt.saar,900,19,1.0,0.0,6.561166429587481,0.0,1.0,4.335585585585584,4.320768136557604,1.689189189189193,14.43812233285918,5.4409672830725455,6.899004267425312,6.578947368421055,6.756756756756751,2.0270270270270174,5.743243243243242,4.391891891891895,3.0405405405405332,4.054054054054063
156,bunt.saar,900,19,1.0,1.0,3.75770507349455,1.0,1.0,1.1824324324324327,3.2894736842105345,1.0312944523470904,5.2987197724039845,4.214082503556185,4.925320056899011,3.7873399715504945,2.3648648648648702,1.6891891891891788,0.3378378378378386,2.0270270270270316,0.3378378378378386,0.3378378378378386
2988,SPD,900,19,0.0,0.0,6.20258416311048,0.0,0.0,2.2522522522522537,1.9203413940255984,6.383357041251777,11.113086770981518,1.0846372688477999,5.28093883357041,11.433143669985775,3.378378378378379,0.3378378378378386,2.702702702702709,1.689189189189186,3.0405405405405475,2.364864864864863
2370,FDP,900,19,0.0,1.0,6.490042674253201,1.0,1.0,2.4211711711711694,1.9381223328591872,1.6358463726884764,4.480796586059739,7.770270270270274,16.429587482219056,6.685633001422474,2.0270270270270245,0.3378378378378386,0.6756756756756701,2.3648648648648702,5.4054054054054035,3.7162162162162105
1514,FDP,900,19,1.0,1.0,3.5798956851588435,0.0,1.0,3.99774774774775,0.5689900426742511,6.401137980085352,2.187055476529153,0.9068278805120968,5.4054054054054035,6.009957325746804,2.3648648648648702,3.0405405405405403,5.067567567567572,3.0405405405405332,6.081081081081088,4.391891891891895
1587,Die Grünen,900,19,1.0,0.0,5.3520625889046896,1.0,0.0,1.3513513513513509,0.23115220483641252,1.5825035561877598,7.183499288762434,0.26671408250354744,15.11379800853485,7.734708392603132,1.3513513513513473,3.0405405405405475,2.0270270270270316,1.0135135135135087,0.6756756756756701,0.0
908,CDU,900,19,0.0,0.0,4.762328117591274,0.0,0.0,2.759009009009007,6.1877667140825,1.5825035561877598,4.498577524893314,4.320768136557611,7.485775248933145,4.498577524893314,0.3378378378378244,2.3648648648648702,0.3378378378378386,3.0405405405405403,1.0135135135135158,9.459459459459453
3203,FDP,900,19,1.0,1.0,2.1989094357515397,1.0,1.0,4.166666666666668,1.973684210526315,1.2802275960170704,0.4445234708392647,2.3826458036984306,4.409672830725455,2.7027027027027017,2.0270270270270316,5.067567567567565,6.418918918918926,0.3378378378378386,5.743243243243249,5.405405405405396
1048,Die Grünen,900,19,0.0,0.0,4.220009483167381,1.0,1.0,1.5202702702702642,1.6714082503556185,1.760312944523477,7.610241820768138,0.8890469416785152,8.748221906116648,4.640825035561889,0.6756756756756701,0.3378378378378244,2.0270270270270174,2.7027027027027017,1.3513513513513544,2.0270270270270174
2762,FDP,900,19,1.0,0.0,3.4169037458511107,1.0,1.0,2.8716216216216233,4.267425320056894,1.4580369843527734,2.4537695590327147,2.4537695590327075,5.95661450924608,3.911806543385495,0.3378378378378386,4.391891891891895,5.067567567567565,0.3378378378378386,2.3648648648648702,4.729729729729733
1318,bunt.saar,900,19,1.0,0.0,5.660265528686582,1.0,0.0,1.2387387387387416,7.343527738264584,6.0099573257467895,6.134423897581783,1.9559032716927476,9.975106685633016,2.5426742532005733,0.3378378378378386,0.6756756756756772,2.364864864864856,0.6756756756756701,2.702702702702716,0.6756756756756914
2805,DIE LINKE,900,19,1.0,0.0,3.7339971550497864,1.0,0.0,1.9144144144144153,9.370554765291615,0.6578947368421026,4.374110953058327,2.7916073968705533,3.520625889046933,1.689189189189186,1.3513513513513473,0.3378378378378386,2.0270270270270245,2.364864864864856,1.013513513513523,4.391891891891902
3633,SPD,900,19,1.0,1.0,5.200924608819343,0.0,1.0,1.9144144144144175,0.6578947368421098,2.86273115220483,6.543385490753906,7.1301564722617385,5.565433854907539,8.445945945945937,0.0,3.378378378378379,2.0270270270270316,2.702702702702709,0.6756756756756772,2.702702702702709
1110,Die Grünen,900,19,1.0,1.0,6.0899715504978635,1.0,1.0,1.8018018018018012,1.5825035561877598,6.54338549075392,6.561166429587473,3.378378378378379,12.980085348506393,5.494310099573255,2.0270270270270245,1.3513513513513473,1.3513513513513544,2.0270270270270316,1.0135135135135158,3.0405405405405332
4941,bunt.saar,900,19,0.0,0.0,1.973684210526315,1.0,0.0,2.195945945945953,0.7290184921763796,2.0270270270270316,0.9601706970128063,2.3115220483641536,2.720483641536269,3.09388335704125,5.405405405405411,0.3378378378378386,3.0405405405405546,2.0270270270270316,1.01351351351353,1.3513513513513544
478,FDP,900,19,0.0,0.0,4.77714556661925,1.0,1.0,3.434684684684683,3.3250355618776624,4.480796586059739,5.832147937411094,6.970128022759603,4.036273115220489,4.018492176386914,1.689189189189186,2.0270270270270316,4.729729729729726,3.0405405405405332,3.378378378378379,5.743243243243242
4223,bunt.saar,900,19,1.0,0.0,7.4946657183499275,1.0,0.0,1.9144144144144153,2.115931721194869,2.2403982930298625,12.073257467994324,1.1024182076813673,19.150071123755325,8.285917496443815,0.6756756756756772,2.0270270270270316,1.689189189189193,0.3378378378378386,4.054054054054042,2.702702702702709
666,CDU,900,19,1.0,1.0,3.5354433380749177,1.0,1.0,3.6599099099099077,4.925320056899011,0.46230440967283215,3.982930298719772,0.7823613086770962,6.3122332859175,4.747510668563294,4.391891891891888,2.0270270270270245,4.054054054054049,6.081081081081074,0.6756756756756843,4.729729729729726
889,DIE LINKE,900,19,1.0,0.0,4.943100995732571,1.0,0.0,5.349099099099097,0.8890469416785152,1.4046941678520568,10.188477951635846,3.3605974395448044,11.095305832147936,2.720483641536269,7.0945945945945965,2.0270270270270245,6.081081081081074,9.45945945945946,3.7162162162162176,3.7162162162162105
987,FDP,900,19,0.0,0.0,2.658250355618776,1.0,1.0,1.1824324324324305,5.227596017069708,1.9203413940255984,1.0490753911806507,5.0497866287340045,2.400426742532005,0.3022759601706895,3.0405405405405546,0.0,0.3378378378378315,3.0405405405405332,0.0,0.675675675675663
3719,CDU,900,19,0.0,0.0,10.102536747273591,0.0,1.0,1.970720720720723,4.267425320056894,7.165718349928888,12.108819345661445,0.40896159317212266,24.893314366998574,11.77098150782362,1.689189189189193,1.3513513513513473,1.013513513513523,2.0270270270270245,5.743243243243249,0.0
865,CDU,900,19,1.0,0.0,5.891417733522992,1.0,0.0,2.533783783783779,7.130156472261717,6.756756756756758,3.09388335704125,1.1201991465149348,6.36557610241821,10.881934566145084,4.3918918918918735,0.6756756756756701,0.6756756756756701,6.081081081081088,0.0,3.378378378378372
4935,FDP,900,19,0.0,1.0,4.560810810810811,1.0,1.0,2.421171171171172,1.5647226173542066,0.6578947368421026,3.0761024182076824,14.402560455192038,4.463015647226172,3.200568990042669,2.3648648648648702,3.0405405405405403,2.364864864864863,3.378378378378386,0.6756756756756701,2.7027027027027017
373,FDP,900,19,1.0,1.0,2.747155049786626,1.0,1.0,2.8153153153153183,3.1294452347083777,4.623044096728307,3.4317211948790884,4.889758179231862,0.23115220483641252,0.17780938833571014,1.689189189189193,7.094594594594589,2.0270270270270316,0.3378378378378457,1.3513513513513544,4.391891891891895
3386,bunt.saar,900,19,1.0,1.0,2.7382645803698438,1.0,0.0,2.6463963963963963,3.342816500711244,0.1422475106685539,3.8762446657183602,4.676386913229017,3.7873399715504945,0.6045519203413932,1.013513513513523,0.6756756756756772,3.7162162162162105,2.0270270270270316,4.391891891891888,4.054054054054049
1599,SPD,900,19,0.0,1.0,2.9990516832622127,0.0,1.0,1.4639639639639637,0.17780938833571014,1.4046941678520568,4.694167852062591,0.08890469416785152,8.339260312944532,3.2894736842105345,0.6756756756756772,0.0,1.3513513513513402,1.689189189189186,4.054054054054063,1.0135135135135158
1914,bunt.saar,900,19,1.0,0.0,4.590445708866761,1.0,0.0,2.702702702702704,3.378378378378379,7.485775248933145,3.6095305832147915,0.9779516358463738,8.641536273115221,3.449502133712656,3.0405405405405403,1.3513513513513544,4.054054054054049,2.3648648648648702,4.391891891891895,1.0135135135135158
626,CDU,900,19,0.0,0.0,8.505215742057848,1.0,0.0,2.308558558558557,2.951635846372696,8.499288762446653,11.433143669985775,3.09388335704125,15.273826458036979,9.77951635846373,0.3378378378378386,1.689189189189186,2.364864864864863,3.378378378378379,4.729729729729726,1.3513513513513473
4778,SPD,900,19,1.0,1.0,4.8630867709815035,1.0,0.0,2.59009009009009,5.636557610241823,7.5924608819345565,4.943100995732571,1.9203413940255984,6.401137980085338,2.6849217638691343,2.0270270270270316,2.0270270270270174,1.3513513513513544,3.0405405405405403,2.3648648648648702,4.729729729729726
5214,FDP,900,19,0.0,1.0,7.702110004741585,1.0,1.0,3.7725225225225216,2.9338549075391214,7.965860597439551,5.707681365576107,4.480796586059739,13.21123755334282,11.913229018492174,4.391891891891895,4.391891891891888,1.0135135135135158,5.743243243243235,3.7162162162162176,3.378378378378379
74,Die Grünen,900,19,0.0,0.0,3.600640113798009,0.0,1.0,1.745495495495496,4.729729729729726,1.3513513513513473,6.8100995732574745,2.5960170697012828,6.0099573257467895,0.10668563300143319,1.689189189189186,1.689189189189186,2.702702702702709,1.0135135135135087,1.3513513513513544,2.0270270270270316
3444,CDU,900,19,1.0,1.0,2.702702702702704,0.0,1.0,1.5202702702702666,2.044807965860592,6.810099573257467,0.6756756756756772,1.0312944523470904,5.369843527738269,0.2844950213371291,0.3378378378378244,0.6756756756756772,3.378378378378379,1.3513513513513402,0.3378378378378386,3.0405405405405403
5177,FDP,900,19,1.0,0.0,5.03200568990043,1.0,1.0,1.4076576576576538,3.2894736842105345,0.6756756756756772,9.708392603129454,8.07254623044097,3.165007112375534,5.28093883357041,3.378378378378372,1.689189189189186,0.0,2.7027027027026946,0.6756756756756701,0.0
3337,SPD,900,19,1.0,1.0,8.440018966334756,0.0,1.0,2.0270270270270268,2.7027027027027017,8.108108108108105,11.87766714082504,5.547652916073972,11.237553342816497,11.16642958748222,4.054054054054049,0.3378378378378315,1.0135135135135158,4.391891891891895,1.689189189189193,0.6756756756756772
487,Die Grünen,900,19,1.0,1.0,5.8114035087719325,1.0,1.0,1.5202702702702713,2.773826458036986,9.014935988620195,0.4445234708392718,9.495021337126602,5.245376955903275,7.894736842105267,2.7027027027027017,1.013513513513523,1.6891891891891788,1.0135135135135158,2.3648648648648702,0.3378378378378386
870,bunt.saar,900,19,1.0,0.0,5.6158131816026575,1.0,1.0,1.2950450450450468,0.9068278805120897,1.3157894736842124,9.726173541963014,2.151493598862025,11.326458036984356,8.268136557610248,1.0135135135135158,0.3378378378378386,0.3378378378378386,0.6756756756756772,4.054054054054056,1.3513513513513544
3743,FDP,900,19,1.0,1.0,5.1090564248459,1.0,1.0,1.0698198198198234,3.5028449502133725,2.5960170697012828,3.02275960170698,3.307254623044095,11.931009957325749,6.294452347083919,1.6891891891892001,1.013513513513523,1.689189189189186,0.3378378378378386,1.3513513513513473,0.3378378378378457
1207,FDP,900,19,1.0,1.0,2.616761498340446,1.0,1.0,1.0698198198198188,3.342816500711244,4.089615931721191,0.6756756756756772,1.760312944523477,5.565433854907525,0.26671408250356166,1.6891891891891788,0.6756756756756772,0.0,2.364864864864856,0.6756756756756843,1.0135135135135158
2511,CDU,900,19,1.0,1.0,6.380393551446186,1.0,1.0,3.7725225225225216,3.2894736842105345,5.298719772403977,10.188477951635846,2.489331436699864,8.570412517780944,8.445945945945951,5.067567567567565,1.3513513513513473,4.729729729729726,7.432432432432435,2.0270270270270245,2.0270270270270316
1287,FDP,900,19,1.0,0.0,6.404101469890943,1.0,0.0,2.0833333333333335,9.743954480796589,6.667852062588906,4.285206258890469,5.156472261735409,11.628733997155052,0.9423897581792318,0.6756756756756701,1.689189189189193,0.0,5.4054054054054035,3.0405405405405475,1.689189189189186
2168,bunt.saar,900,19,1.0,0.0,6.82195353247985,1.0,0.0,4.673423423423423,3.94736842105263,5.032005689900423,10.43741109530584,5.51209103840683,9.139402560455203,6.863442389758177,6.418918918918912,1.3513513513513544,5.067567567567565,8.108108108108112,4.054054054054063,3.0405405405405332
4540,bunt.saar,900,19,1.0,1.0,3.873281175912753,1.0,1.0,1.2950450450450444,2.916073968705547,5.067567567567565,6.330014224751068,0.3556187766714132,5.476529160739673,3.09388335704125,1.689189189189186,0.6756756756756772,1.3513513513513402,0.675675675675663,1.3513513513513686,2.0270270270270316
3529,Die Grünen,900,19,1.0,0.0,2.1692745376955904,1.0,1.0,1.2387387387387416,2.7560455192034112,1.9559032716927476,3.1472261735419664,0.6045519203413932,3.769559032716927,0.7823613086770962,0.6756756756756772,3.7162162162162247,0.0,1.3513513513513544,0.3378378378378386,1.3513513513513544
569,CDU,900,19,0.0,0.0,7.423541963015647,1.0,0.0,2.4774774774774797,8.143669985775247,7.503556187766712,5.156472261735409,6.863442389758184,8.748221906116648,8.12588904694168,1.0135135135135087,3.0405405405405403,0.0,8.10810810810812,1.013513513513523,1.689189189189186
5168,bunt.saar,900,19,1.0,0.0,4.4126363205310595,1.0,1.0,2.0270270270270268,4.871977240398294,2.5426742532005733,7.2724039829302995,3.4317211948790884,2.2759601706970187,6.081081081081081,1.689189189189186,0.6756756756756914,4.054054054054049,3.0405405405405403,0.6756756756756772,2.0270270270270174
3627,Die Grünen,900,19,0.0,0.0,7.2131341868184,1.0,1.0,1.407657657657655,2.6137980085348573,3.6806543385490826,12.26884779516358,6.685633001422467,11.415362731152207,6.614509246088204,1.3513513513513544,1.0135135135135016,2.0270270270270174,2.7027027027027017,0.3378378378378386,1.0135135135135158
705,SPD,900,19,1.0,0.0,5.695827406353724,1.0,0.0,3.4909909909909893,0.5689900426742511,13.051209103840677,2.6137980085348573,1.191322901849226,8.036984352773821,8.712660028449513,6.756756756756751,3.0405405405405403,0.3378378378378315,3.0405405405405403,5.4054054054054035,2.3648648648648702
4685,bunt.saar,900,19,1.0,0.0,4.83641536273115,1.0,0.0,9.121621621621625,5.672119487908958,6.578947368421048,0.4978662873399671,4.605263157894733,10.526315789473685,1.1379800853485094,11.824324324324323,6.081081081081088,12.162162162162168,10.472972972972968,6.081081081081088,8.108108108108112
5038,CDU,900,19,0.0,1.0,4.6704599336178285,0.0,0.0,1.5765765765765767,8.570412517780944,7.930298719772395,0.23115220483641252,2.258179231863444,5.352062588904694,3.6806543385490826,0.0,0.3378378378378386,2.0270270270270316,2.7027027027026946,1.3513513513513473,3.0405405405405475
3996,CDU,900,19,1.0,1.0,3.7310336652441953,0.0,1.0,2.8153153153153183,4.054054054054063,2.578236130867701,2.471550497866289,5.654338549075405,5.689900426742533,1.9381223328591801,0.3378378378378528,1.689189189189186,2.364864864864863,1.689189189189193,5.743243243243242,5.067567567567572
170,Die Grünen,900,19,1.0,0.0,7.162754860123289,1.0,0.0,2.25225225225225,0.1955903271692847,6.258890469416791,7.681365576102436,4.67638691322901,14.509246088193457,9.655049786628751,2.7027027027026946,0.6756756756756772,2.0270270270270316,0.3378378378378244,2.7027027027026946,5.067567567567579
5165,SPD,900,19,1.0,1.0,4.027382645803699,1.0,0.0,2.5900900900900887,0.35561877667140607,5.4409672830725455,6.952347083926043,0.8179231863442382,6.116642958748223,4.480796586059739,1.0135135135135087,4.054054054054056,1.6891891891891788,1.3513513513513615,1.689189189189193,5.743243243243235
4424,Die Grünen,900,19,1.0,1.0,4.125177809388336,0.0,1.0,2.8716216216216246,5.1031294452347,4.42745376955903,0.7823613086770962,9.939544807965852,4.054054054054063,0.4445234708392718,1.013513513513523,2.0270270270270316,3.7162162162162176,0.675675675675663,6.756756756756758,3.0405405405405546
4331,CDU,900,19,1.0,1.0,2.024063537221432,1.0,0.0,1.6328828828828783,0.40896159317210845,3.200568990042669,2.6137980085348573,0.17780938833571014,3.485064011379805,2.258179231863444,3.0405405405405332,1.0135135135135087,0.3378378378378315,3.0405405405405403,1.3513513513513473,1.0135135135135087
4634,FDP,900,19,1.0,0.0,2.489331436699859,0.0,1.0,9.177927927927927,1.866998577524896,4.214082503556185,3.5028449502133725,1.369132290184929,2.4537695590327147,1.5291607396870575,1.689189189189186,9.45945945945946,14.864864864864863,4.729729729729726,10.810810810810814,13.513513513513509
4676,FDP,900,19,0.0,1.0,5.192034139402563,1.0,1.0,1.8018018018018,5.4765291607396875,1.0846372688477999,3.556187766714082,4.9075391180654435,8.766002844950215,7.361308677098151,3.378378378378386,4.391891891891888,1.0135135135135087,1.689189189189186,0.0,0.3378378378378315
2823,bunt.saar,900,19,1.0,1.0,3.8821716453295374,1.0,1.0,0.5630630630630608,0.142247510668561,0.8890469416785294,6.116642958748216,4.267425320056894,4.694167852062591,7.183499288762434,0.6756756756756701,0.3378378378378386,0.6756756756756772,0.6756756756756772,0.3378378378378386,0.675675675675663
143,FDP,900,19,0.0,0.0,5.352062588904697,1.0,1.0,8.051801801801801,3.840682788051211,1.1379800853485094,11.522048364153626,4.231863442389766,5.689900426742533,5.689900426742533,9.459459459459453,5.405405405405411,8.78378378378379,4.391891891891881,11.148648648648653,9.121621621621621
272,FDP,900,19,1.0,1.0,3.920697012802277,1.0,1.0,1.6328828828828843,3.307254623044095,7.0234708392603125,1.1024182076813673,6.330014224751068,4.231863442389763,1.5291607396870575,1.3513513513513544,2.702702702702709,0.3378378378378457,3.7162162162162105,0.6756756756756701,1.0135135135135158
2473,CDU,900,19,0.0,0.0,6.3685395922238035,0.0,1.0,2.5900900900900914,9.903982930298717,2.7916073968705533,3.271692745376953,9.192745376955905,9.228307254623047,3.8229018492176436,2.0270270270270245,2.0270270270270316,1.0135135135135087,2.3648648648648702,4.391891891891895,3.7162162162162176
340,SPD,900,19,0.0,0.0,5.023115220483644,0.0,0.0,2.927927927927932,1.6714082503556114,6.436699857752494,1.902560455192038,4.498577524893314,12.233285917496453,3.3961593172119535,1.689189189189186,2.0270270270270316,3.378378378378393,2.0270270270270245,4.7297297297297405,3.7162162162162176
3622,DIE LINKE,900,19,0.0,0.0,4.137031768610716,0.0,0.0,2.702702702702703,6.009957325746804,3.556187766714082,1.7780938833570303,6.152204836415365,5.1209103840682815,2.2048364153627347,6.081081081081074,2.0270270270270316,2.0270270270270316,1.3513513513513473,0.6756756756756772,4.054054054054056
2980,bunt.saar,900,19,0.0,0.0,9.886201991465148,0.0,0.0,10.022522522522522,2.080369843527741,6.152204836415365,16.251778093883352,6.881223328591759,15.558321479374108,12.393314366998567,4.054054054054056,2.7027027027026946,14.86486486486487,8.445945945945951,15.540540540540533,14.527027027027025
1623,CDU,900,19,0.0,0.0,7.2131341868183965,0.0,0.0,1.9144144144144117,7.805832147937409,5.4409672830725455,7.076813655761022,6.401137980085352,14.046941678520625,2.507112375533424,1.3513513513513473,1.689189189189186,1.3513513513513473,2.7027027027027017,4.391891891891888,0.0
3792,CDU,900,19,1.0,1.0,3.29243717401612,1.0,0.0,1.6328828828828843,0.7645803698435287,7.46799431009957,2.86273115220483,2.8982930298719793,2.3470839260312957,3.413940256045514,1.01351351351353,1.0135135135135087,2.0270270270270316,1.3513513513513473,1.3513513513513402,3.0405405405405475
4969,Die Grünen,900,19,1.0,1.0,4.960881934566149,1.0,1.0,1.6328828828828819,3.9118065433855023,4.996443812233288,2.418207681365587,6.845661450924609,7.876955903271693,3.7162162162162105,0.6756756756756843,0.675675675675663,2.7027027027026946,2.7027027027027017,1.3513513513513544,1.689189189189193
4039,FDP,900,19,1.0,1.0,3.8792081555239464,1.0,1.0,1.8018018018018036,3.2183499288762576,2.1337126600284577,1.4580369843527734,2.0625889046941595,12.446657183499283,1.9559032716927476,1.0135135135135087,2.3648648648648702,5.067567567567565,0.6756756756756914,1.689189189189186,0.0
811,CDU,900,19,0.0,1.0,3.5710052157420606,0.0,1.0,4.054054054054056,1.2980085348506378,2.080369843527741,1.1024182076813602,4.658605974395456,10.259601706970138,2.0270270270270316,1.0135135135135158,4.729729729729726,6.081081081081088,1.689189189189186,4.729729729729726,6.081081081081095
2494,Die Grünen,900,19,0.0,1.0,4.9431009957325704,0.0,1.0,1.9707207207207194,1.6358463726884764,9.334992887624459,7.450213371266003,1.2268847795163538,6.845661450924595,3.165007112375534,0.6756756756756772,0.3378378378378244,4.729729729729726,2.7027027027027017,1.689189189189193,1.689189189189193
176,SPD,900,19,0.0,1.0,8.600047415836888,0.0,0.0,2.9279279279279287,9.352773826458034,6.436699857752487,8.890469416785209,1.4935988620199083,14.86486486486487,10.56187766714082,0.6756756756756772,4.391891891891888,1.3513513513513473,3.7162162162162176,5.743243243243249,1.689189189189193
3269,Die Grünen,900,19,0.0,0.0,6.309269796111899,0.0,0.0,2.0833333333333357,3.8940256045519206,0.8357041251778057,6.899004267425312,7.5924608819345565,9.174964438122338,9.45945945945946,0.3378378378378457,3.7162162162162105,2.0270270270270316,1.3513513513513615,1.3513513513513473,3.7162162162162176
795,bunt.saar,900,19,1.0,1.0,7.047178757705075,1.0,0.0,3.09684684684685,5.974395448079662,2.418207681365587,12.32219061166429,2.0981507823613086,11.94879089615933,7.521337126600272,2.7027027027026946,1.3513513513513686,3.378378378378372,5.405405405405411,1.3513513513513686,4.391891891891888
984,bunt.saar,900,19,0.0,0.0,7.44132290184922,0.0,1.0,2.308558558558554,5.0853485064011394,8.108108108108105,11.433143669985775,6.810099573257467,5.600995732574688,7.610241820768145,3.7162162162162105,0.3378378378378315,2.0270270270270316,3.378378378378379,3.378378378378372,1.0135135135135016
4195,bunt.saar,900,19,0.0,1.0,5.538762446657182,1.0,1.0,0.5067567567567544,0.7467994310099613,5.992176386913229,4.285206258890469,6.685633001422467,7.23684210526315,8.285917496443815,1.0135135135135087,1.0135135135135016,0.0,0.0,0.0,1.0135135135135158
461,FDP,900,19,0.0,1.0,4.10443338074917,1.0,1.0,1.6891891891891901,0.7645803698435216,2.8982930298719793,1.831436699857754,13.15789473684211,2.6493598862019923,3.3250355618776624,0.6756756756756772,0.6756756756756701,3.040540540540544,1.0135135135135087,4.054054054054056,0.6756756756756843
2878,CDU,900,19,1.0,1.0,6.054409672830726,1.0,0.0,3.5472972972972996,3.2894736842105345,8.357041251778092,7.859174964438118,2.6849217638691343,5.814366998577526,8.32147937411095,5.743243243243242,0.6756756756756701,4.7297297297297405,4.054054054054063,1.689189189189186,4.391891891891895
4998,FDP,900,19,0.0,1.0,5.701754385964912,1.0,1.0,1.4639639639639643,1.8136557610241795,2.1337126600284506,11.308677098150781,6.152204836415365,4.018492176386914,8.783783783783782,0.3378378378378244,0.6756756756756772,0.6756756756756843,2.3648648648648702,1.689189189189193,3.040540540540537
3765,bunt.saar,900,19,1.0,0.0,8.371858700806067,1.0,1.0,3.7162162162162176,3.271692745376953,4.9075391180654435,15.024893314366984,0.03556187766713492,16.696301564722617,10.295163584637265,3.0405405405405475,0.3378378378378315,4.729729729729726,3.7162162162162176,5.743243243243256,4.729729729729726
4306,bunt.saar,900,19,1.0,1.0,2.4448790896159287,1.0,1.0,3.885135135135137,0.9423897581792318,5.1209103840682815,0.3378378378378386,4.818634423897578,0.32005689900425693,3.1294452347083848,3.0405405405405332,1.689189189189193,6.081081081081081,2.702702702702709,2.702702702702709,7.0945945945945965
299,SPD,900,19,1.0,0.0,4.554883831199621,0.0,0.0,4.617117117117119,0.23115220483641252,3.342816500711244,9.192745376955905,2.916073968705547,4.054054054054063,7.5924608819345565,4.054054054054056,1.013513513513523,5.067567567567565,7.432432432432435,5.743243243243249,4.391891891891888
4169,CDU,900,19,1.0,0.0,5.079421526789946,0.0,1.0,5.743243243243241,1.3513513513513473,12.9800853485064,3.556187766714089,2.7382645803698367,6.187766714082503,3.662873399715501,9.459459459459453,3.7162162162162105,1.3513513513513473,13.851351351351354,2.0270270270270316,4.054054054054049
1565,FDP,900,19,1.0,1.0,3.399122807017543,1.0,1.0,3.8851351351351346,7.076813655761022,0.07112375533427695,2.5426742532005733,0.7290184921763796,6.418918918918919,3.556187766714089,5.743243243243249,2.7027027027027017,0.3378378378378386,7.432432432432421,3.7162162162162176,3.378378378378379
3002,Die Grünen,900,19,0.0,1.0,1.5439781887150328,0.0,0.0,7.038288288288288,0.5156472261735487,0.26671408250356166,4.249644381223341,1.9559032716927476,1.6714082503556114,0.604551920341386,1.689189189189193,9.797297297297298,7.432432432432428,2.7027027027027017,8.445945945945944,12.162162162162161
964,FDP,900,19,1.0,1.0,4.605263157894735,1.0,1.0,6.418918918918915,5.298719772403977,0.6934566145092447,6.863442389758184,0.3911806543385552,7.076813655761022,7.307965860597427,2.7027027027026946,3.0405405405405475,8.783783783783782,3.378378378378372,11.486486486486477,9.121621621621614
4724,bunt.saar,900,19,0.0,1.0,6.3537221431958315,0.0,0.0,1.3513513513513498,0.46230440967283215,4.391891891891902,8.001422475106693,3.982930298719772,11.575391180654336,9.708392603129454,0.6756756756756701,2.702702702702709,1.0135135135135016,0.6756756756756701,0.0,3.0405405405405475
1721,bunt.saar,900,19,1.0,1.0,4.374110953058319,1.0,1.0,2.1396396396396384,0.9601706970128063,3.6450924608819264,7.503556187766705,3.805120910384069,6.738975817923183,3.591749644381224,1.689189189189186,2.0270270270270245,1.0135135135135158,4.054054054054056,1.6891891891891788,2.3648648648648702
407,FDP,900,19,1.0,0.0,3.8110478899952582,1.0,0.0,4.617117117117118,5.4409672830725455,0.32005689900427114,3.271692745376953,5.494310099573255,2.0270270270270316,6.312233285917493,3.7162162162162105,4.054054054054056,1.689189189189186,4.054054054054063,8.78378378378379,5.4054054054054035
83,FDP,900,19,1.0,0.0,1.9825746799430999,0.0,0.0,4.054054054054056,2.258179231863444,4.854196301564727,0.7823613086770962,0.7467994310099471,3.09388335704125,0.16002844950213557,0.3378378378378457,0.0,6.081081081081088,4.729729729729719,7.770270270270274,5.405405405405411
2212,bunt.saar,900,19,1.0,1.0,4.347439544807969,1.0,1.0,3.997747747747752,0.8712660028449477,1.760312944523477,7.610241820768138,4.80085348506401,5.280938833570417,5.761024182076824,5.067567567567572,1.3513513513513686,3.7162162162162247,5.067567567567572,3.7162162162162105,5.067567567567565
3686,FDP,900,19,1.0,0.0,4.305950687529634,1.0,1.0,2.308558558558559,7.948079658605984,1.2091038406827934,5.796586059743952,6.472261735419622,3.7162162162162176,0.6934566145092376,1.3513513513513544,0.6756756756756843,2.7027027027027017,3.0405405405405332,2.7027027027027017,3.378378378378379
3510,Die Grünen,900,19,1.0,0.0,4.205192034139401,1.0,1.0,0.900900900900897,1.689189189189186,3.342816500711244,4.445234708392604,1.0846372688477999,9.939544807965845,4.729729729729726,0.6756756756756843,0.6756756756756843,1.6891891891891788,1.689189189189186,0.3378378378378244,0.3378378378378244
1883,Die Grünen,900,19,1.0,1.0,3.5680417259364616,1.0,0.0,3.2657657657657673,2.9694167852062563,0.12446657183499354,4.0362731152204745,1.7425320056899025,8.517069701280235,4.018492176386907,3.7162162162162176,4.729729729729726,3.0405405405405475,3.378378378378379,2.0270270270270245,2.702702702702709
4290,FDP,900,19,0.0,1.0,4.276315789473681,1.0,1.0,2.25225225225225,0.03556187766713492,3.9295874822190555,4.640825035561875,10.064011379800853,0.8179231863442382,6.169985775248932,0.6756756756756701,4.054054054054049,2.364864864864863,2.0270270270270316,1.3513513513513473,3.0405405405405403
429,FDP,900,19,0.0,1.0,2.1811284969179687,0.0,1.0,2.0270270270270303,2.8271692745376953,2.187055476529153,0.8357041251778057,3.52062588904694,3.0761024182076824,0.6401137980085352,4.054054054054063,1.0135135135135087,1.689189189189193,0.6756756756756914,2.364864864864863,2.364864864864863
668,bunt.saar,900,19,1.0,0.0,6.34186818397345,1.0,1.0,1.6328828828828783,2.435988620199147,7.432432432432435,6.596728307254629,6.899004267425312,8.837126600284499,5.849928876244675,0.3378378378378386,3.0405405405405332,2.364864864864856,0.0,3.378378378378379,0.675675675675663
921,CDU,900,19,1.0,0.0,4.17852062588905,1.0,1.0,2.533783783783781,1.3157894736842124,4.569701280227605,1.4935988620199154,7.752489331436706,9.050497866287344,0.8890469416785152,3.378378378378372,2.364864864864856,3.0405405405405403,1.0135135135135087,2.0270270270270316,3.378378378378379
2259,DIE LINKE,900,19,0.0,0.0,8.054765291607396,1.0,0.0,6.756756756756752,7.343527738264584,8.3570412517781,9.939544807965852,1.831436699857747,9.530583214793744,11.326458036984349,3.0405405405405403,8.445945945945937,10.810810810810807,1.0135135135135087,8.783783783783782,8.445945945945937
1077,FDP,900,19,1.0,1.0,3.493954480796584,1.0,0.0,1.4076576576576596,1.1379800853485094,1.831436699857747,0.7645803698435216,1.3157894736842124,10.633001422475104,5.28093883357041,3.7162162162162176,0.3378378378378386,0.0,2.3648648648648702,1.0135135135135158,1.0135135135135158
358,Die Grünen,900,19,0.0,0.0,6.039592223802756,1.0,0.0,2.3085585585585555,3.3961593172119535,0.1955903271692847,10.864153627311524,1.546941678520632,12.802275960170704,7.432432432432435,1.0135135135135087,3.378378378378379,2.7027027027026946,1.3513513513513473,1.689189189189186,3.7162162162162176
3811,bunt.saar,900,19,1.0,1.0,3.8821716453295365,1.0,0.0,2.0833333333333357,0.07112375533427695,0.7645803698435287,4.142958748221901,4.80085348506401,9.939544807965845,3.5739687055476566,2.3648648648648702,0.3378378378378386,3.378378378378372,2.3648648648648702,2.702702702702709,1.3513513513513544
3361,CDU,900,19,0.0,0.0,7.207207207207208,1.0,1.0,11.599099099099101,5.743243243243242,6.756756756756758,6.045519203413946,2.293741109530586,6.650071123755332,15.753911806543385,3.7162162162162176,11.148648648648653,14.86486486486487,7.770270270270274,18.243243243243242,13.851351351351347
2095,bunt.saar,900,19,1.0,1.0,2.6938122332859167,1.0,1.0,1.6328828828828843,3.271692745376953,0.7823613086770962,5.992176386913229,2.7560455192034183,2.6137980085348573,0.7467994310099471,1.689189189189193,2.3648648648648702,2.0270270270270174,1.689189189189193,0.6756756756756772,1.3513513513513544
1990,CDU,900,19,1.0,0.0,5.989212897107637,1.0,1.0,1.4076576576576596,7.62802275960172,5.743243243243242,2.773826458036986,6.578947368421048,8.517069701280235,4.694167852062591,0.6756756756756772,1.689189189189193,0.3378378378378386,1.0135135135135087,2.702702702702709,2.0270270270270316
3468,Die Grünen,900,19,1.0,0.0,6.324087245139879,1.0,1.0,0.9572072072072082,3.5028449502133725,3.271692745376953,8.481507823613093,4.231863442389766,11.379800853485065,7.076813655761022,2.7027027027027017,1.0135135135135158,0.0,2.0270270270270316,0.0,0.0
2767,SPD,900,19,1.0,0.0,7.402797534376481,1.0,0.0,3.941441441441441,2.471550497866282,4.018492176386907,14.88264580369843,4.534139402560456,6.152204836415365,12.357752489331446,1.689189189189193,0.3378378378378244,4.729729729729719,3.378378378378393,8.78378378378379,4.729729729729726
5095,FDP,900,19,1.0,1.0,2.341156946420105,1.0,1.0,2.3648648648648654,0.6401137980085352,1.6714082503556185,1.831436699857754,1.4224751066856385,8.339260312944525,0.142247510668561,2.7027027027026946,0.6756756756756772,1.689189189189193,5.067567567567565,2.702702702702709,1.3513513513513544
4686,CDU,900,19,1.0,0.0,6.095898530109058,1.0,0.0,2.5900900900900914,0.5867709815078399,5.352062588904694,7.788051209103841,12.713371266002838,5.1209103840682815,5.014224751066855,4.391891891891888,1.0135135135135158,2.7027027027027017,1.6891891891892001,2.0270270270270245,3.7162162162162176
3545,CDU,900,19,1.0,1.0,5.446894262683732,1.0,1.0,2.25225225225225,0.07112375533426984,7.716927453769557,3.8584637268847715,2.6671408250355597,12.393314366998574,5.974395448079662,0.0,3.0405405405405403,2.7027027027027017,2.364864864864856,1.3513513513513473,4.054054054054056
712,Die Grünen,900,19,1.0,1.0,6.801209103840681,1.0,1.0,2.1396396396396384,2.222617354196302,4.711948790896166,5.743243243243242,5.654338549075391,10.277382645803684,12.197724039829303,2.364864864864863,0.3378378378378386,1.0135135135135158,3.7162162162162105,4.054054054054049,1.3513513513513544
1763,bunt.saar,900,19,1.0,1.0,3.920697012802273,1.0,1.0,0.8445945945945906,4.818634423897578,6.063300142247506,4.107396870554766,0.37339971550497353,4.67638691322901,3.485064011379805,0.3378378378378386,1.0135135135135016,0.0,0.6756756756756701,2.0270270270270174,1.0135135135135158
2651,bunt.saar,900,19,1.0,1.0,4.9460644855381695,1.0,1.0,1.407657657657661,5.369843527738269,0.3911806543385552,7.930298719772395,4.356330014224753,9.45945945945946,2.1692745376955855,2.0270270270270316,4.7297297297297405,0.0,0.3378378378378457,1.0135135135135087,0.3378378378378386
586,FDP,900,19,1.0,0.0,4.457088667614985,1.0,1.0,2.4774774774774784,6.525604551920338,7.343527738264584,3.342816500711244,1.2802275960170704,6.916785206258886,1.333570412517787,2.0270270270270316,2.7027027027027017,2.0270270270270245,3.378378378378379,2.0270270270270316,2.7027027027027017
970,CDU,900,19,0.0,0.0,4.285206258890472,1.0,1.0,4.110360360360358,6.7745376955903325,1.3157894736842124,2.293741109530586,4.765291607396875,9.317211948790899,1.2446657183499283,3.378378378378379,2.7027027027026946,4.729729729729733,3.378378378378372,4.391891891891888,6.081081081081081
4544,CDU,900,19,1.0,1.0,2.895329540066386,1.0,1.0,1.7454954954954982,5.316500711237566,4.587482219061172,0.35561877667140607,3.876244665718353,2.773826458036986,0.46230440967283215,1.013513513513523,0.3378378378378386,4.391891891891895,0.0,1.689189189189193,3.0405405405405403
4158,DIE LINKE,900,19,1.0,0.0,3.722143195827403,1.0,0.0,2.083333333333332,8.374822190611667,3.5384068278805074,3.9651493598862046,0.49786628733995997,5.067567567567565,0.8890469416785152,1.0135135135135158,0.0,4.391891891891888,0.6756756756756701,2.0270270270270316,4.391891891891888
1934,FDP,900,19,1.0,1.0,2.720483641536274,1.0,1.0,2.3085585585585555,1.5647226173542066,4.711948790896152,1.653627311522051,0.8890469416785294,4.409672830725455,3.09388335704125,0.3378378378378386,2.0270270270270174,3.378378378378379,2.0270270270270174,4.729729729729726,1.3513513513513544
1331,SPD,900,19,0.0,0.0,9.12754860123281,0.0,1.0,4.110360360360358,0.7823613086770962,6.756756756756758,12.926742532005676,10.757467994310097,15.113798008534857,8.428165007112376,2.0270270270270316,1.0135135135135158,3.378378378378372,5.4054054054054035,9.459459459459453,3.378378378378372
3492,SPD,900,19,0.0,0.0,5.393551446183026,0.0,1.0,0.788288288288283,0.40896159317212266,0.8890469416785294,11.113086770981518,1.2980085348506378,10.810810810810807,7.841394025604544,2.364864864864863,0.0,0.0,0.3378378378378315,1.0135135135135016,1.0135135135135016
4393,CDU,900,19,1.0,0.0,3.9384779516358486,0.0,0.0,2.9842342342342385,6.365576102418217,0.9423897581792318,3.0761024182076824,4.551920341394016,0.053342816500716594,8.641536273115229,3.0405405405405546,4.054054054054056,2.364864864864863,3.7162162162162247,0.3378378378378457,4.391891891891888
2247,CDU,900,19,0.0,0.0,2.403390232337602,0.0,0.0,4.110360360360359,0.9957325746799413,0.10668563300142608,1.795874822190612,2.6671408250355597,4.623044096728307,4.231863442389766,0.0,5.743243243243249,6.418918918918919,1.0135135135135087,8.445945945945944,3.0405405405405332
550,Die Grünen,900,19,1.0,1.0,3.111664295874822,1.0,1.0,8.896396396396398,5.1920341394025655,0.1422475106685539,2.880512091038412,1.2980085348506378,5.316500711237566,3.840682788051197,5.067567567567572,5.4054054054054035,11.14864864864866,10.472972972972975,9.121621621621628,12.162162162162147
4964,FDP,900,19,1.0,0.0,5.236486486486485,1.0,0.0,4.110360360360361,3.7873399715504945,6.61450924608819,2.3115220483641536,1.8669985775248819,8.285917496443822,8.55263157894737,8.10810810810812,0.6756756756756701,3.378378378378379,3.7162162162162105,1.689189189189193,7.0945945945945965
598,CDU,900,19,1.0,0.0,2.6523233760075917,1.0,1.0,2.6463963963963963,1.2446657183499354,2.7382645803698438,2.987197724039838,5.725462304409675,1.2802275960170704,1.9381223328591872,2.7027027027026946,3.378378378378379,2.3648648648648702,3.7162162162162176,2.3648648648648702,1.3513513513513473
4688,bunt.saar,900,19,1.0,1.0,4.667496443812233,1.0,1.0,1.295045045045048,2.0981507823613086,7.254623044096725,4.018492176386914,1.1557610241820768,10.401849217638691,3.0761024182076824,2.0270270270270316,0.3378378378378386,1.3513513513513686,0.6756756756756772,1.0135135135135158,2.364864864864856
1505,CDU,900,19,1.0,0.0,3.977003319108583,1.0,1.0,1.4076576576576596,2.6493598862019923,4.943100995732571,0.5689900426742511,9.192745376955905,2.880512091038412,3.627311522048366,3.7162162162162247,3.0405405405405403,0.0,1.0135135135135087,0.3378378378378457,0.3378378378378386
4455,Die Grünen,900,19,1.0,0.0,5.023115220483644,0.0,0.0,1.8018018018017976,3.876244665718353,9.815078236130866,2.9338549075391214,1.475817923186355,4.889758179231862,7.147937411095306,2.7027027027026946,2.364864864864863,0.6756756756756701,1.689189189189186,1.0135135135135087,2.364864864864863
3714,bunt.saar,900,19,1.0,1.0,1.8669985775248878,1.0,1.0,3.040540540540539,3.59174964438121,0.7467994310099471,3.4139402560455068,2.720483641536269,0.5867709815078399,0.1422475106685539,3.378378378378372,2.0270270270270316,2.0270270270270316,3.7162162162162176,3.0405405405405332,4.054054054054049
1502,FDP,900,19,1.0,1.0,3.8110478899952582,1.0,1.0,1.8018018018018012,3.556187766714082,5.0497866287340045,4.658605974395449,4.640825035561882,0.5512091038406766,4.409672830725455,4.7297297297297405,0.6756756756756701,1.0135135135135158,1.689189189189186,1.0135135135135087,1.689189189189186
1236,DIE LINKE,900,19,1.0,1.0,3.822901849217638,0.0,1.0,1.6328828828828819,6.952347083926028,1.0846372688477857,4.480796586059739,5.316500711237566,4.42745376955903,0.6756756756756772,1.3513513513513473,2.364864864864856,1.689189189189193,0.3378378378378457,0.3378378378378386,3.7162162162162105
3921,FDP,900,19,1.0,1.0,3.087956377430063,1.0,1.0,2.7590090090090076,2.5248933143669916,2.809388335704128,4.374110953058327,4.711948790896166,0.5867709815078257,3.52062588904694,3.0405405405405475,3.7162162162162176,2.7027027027027017,2.364864864864856,4.054054054054049,0.6756756756756737
2031,FDP,900,19,1.0,1.0,1.6980796586059792,1.0,1.0,4.954954954954954,0.5867709815078399,1.1024182076813673,5.2275960170697005,0.5334281650071233,0.4267425320056901,2.3115220483641536,6.0810810810810665,4.729729729729726,7.094594594594604,1.689189189189193,3.378378378378379,6.756756756756758
3889,bunt.saar,900,19,0.0,1.0,4.602299668089142,1.0,0.0,3.040540540540537,5.689900426742533,1.866998577524896,3.4672830725462234,2.3115220483641536,8.054765291607403,6.223328591749642,1.689189189189186,3.0405405405405475,5.067567567567565,0.6756756756756772,4.054054054054042,3.7162162162162033
1921,FDP,900,19,1.0,1.0,3.236130867709813,1.0,1.0,1.407657657657655,2.9338549075391214,1.0135135135135087,3.1472261735419664,9.210526315789465,0.8890469416785152,2.222617354196302,0.3378378378378315,0.3378378378378315,0.0,6.418918918918919,1.3513513513513473,0.0
196,Die Grünen,900,19,1.0,0.0,5.476529160739691,1.0,1.0,3.0968468468468466,3.09388335704125,7.21906116642959,0.2489331436700013,2.2048364153627347,13.264580369843529,6.827880512091042,1.689189189189193,2.0270270270270174,3.0405405405405332,2.7027027027027017,5.067567567567572,4.054054054054063
2710,FDP,900,19,0.0,0.0,7.3524182076813664,1.0,0.0,2.4774774774774784,4.534139402560456,3.8229018492176436,7.930298719772395,7.23684210526315,10.828591749644389,9.761735419630163,1.689189189189186,0.3378378378378386,3.378378378378379,1.0135135135135087,6.081081081081088,2.3648648648648702
2990,FDP,900,19,0.0,0.0,7.41761498340446,0.0,0.0,3.096846846846843,4.996443812233295,3.485064011379805,6.116642958748223,11.130867709815078,11.077524893314369,7.69914651493599,3.0405405405405332,3.0405405405405332,3.0405405405405332,3.378378378378372,4.391891891891895,1.689189189189193
1489,CDU,900,19,1.0,0.0,8.00734945471787,1.0,0.0,5.236486486486484,9.157183499288749,3.413940256045514,8.161450924608815,6.401137980085345,8.534850640113788,12.375533428165006,4.391891891891888,4.391891891891895,4.391891891891888,9.121621621621614,3.7162162162162176,5.4054054054054035
2236,FDP,900,19,0.0,1.0,5.7521337126600285,1.0,1.0,1.9707207207207205,8.161450924608815,2.1692745376955855,2.2403982930298696,12.944523470839272,7.485775248933145,1.511379800853483,1.3513513513513473,0.3378378378378386,1.689189189189186,2.3648648648648702,4.054054054054056,2.0270270270270245
2149,bunt.saar,900,19,0.0,1.0,3.0346135609293476,0.0,1.0,2.7590090090090094,2.044807965860592,5.778805120910384,2.5248933143669916,1.760312944523477,2.8449502133712556,3.2539118065433854,5.067567567567565,2.0270270270270245,2.702702702702709,3.0405405405405403,3.0405405405405475,0.6756756756756701
726,Die Grünen,900,19,1.0,1.0,7.385016595542908,1.0,1.0,0.8445945945945942,1.9559032716927405,6.899004267425312,8.054765291607396,4.089615931721191,13.762446657183503,9.548364153627304,0.3378378378378315,0.3378378378378386,0.3378378378378386,1.0135135135135087,0.6756756756756772,2.3648648648648702
1202,bunt.saar,900,19,1.0,0.0,6.063300142247511,1.0,0.0,1.5202702702702726,7.46799431009957,0.7467994310099471,8.659317211948803,2.578236130867701,10.152916073968704,6.77453769559034,0.0,0.6756756756756914,1.689189189189193,1.0135135135135087,4.054054054054049,1.689189189189193
1788,SPD,900,19,0.0,0.0,8.611901375059267,0.0,1.0,2.308558558558559,4.356330014224753,10.13513513513513,11.69985775248933,1.866998577524896,15.362731152204837,8.25035561877666,1.3513513513513544,1.3513513513513473,1.3513513513513544,4.391891891891888,5.067567567567579,0.3378378378378315
798,CDU,900,19,1.0,1.0,4.753437648174493,0.0,1.0,3.5472972972972996,1.2802275960170704,6.54338549075392,5.014224751066855,1.8847795163584706,7.325746799431009,6.472261735419629,1.013513513513523,2.0270270270270316,2.7027027027027017,3.7162162162162176,5.067567567567565,6.756756756756758
2477,FDP,900,19,1.0,1.0,6.092935040303463,1.0,1.0,3.3220720720720753,1.0846372688477999,4.729729729729733,6.223328591749642,2.809388335704128,9.28165007112375,12.428876244665723,2.3648648648648702,3.378378378378386,4.72972972972973,1.0135135135135158,3.7162162162162176,4.729729729729733
1286,DIE LINKE,900,19,0.0,0.0,8.777856804172592,0.0,0.0,4.391891891891894,3.7517780938833525,4.605263157894733,10.846372688477949,4.37411095305832,19.345661450924602,9.743954480796589,2.702702702702709,2.0270270270270316,4.391891891891888,5.743243243243249,6.756756756756751,4.729729729729733
5097,Die Grünen,900,19,1.0,0.0,6.768610715979137,1.0,1.0,1.3513513513513544,6.970128022759603,0.8534850640113874,1.5469416785206391,7.841394025604544,17.44310099573257,5.95661450924608,1.0135135135135087,1.0135135135135087,0.6756756756756914,0.6756756756756843,2.702702702702709,2.0270270270270245
4659,FDP,900,19,1.0,1.0,4.326695116168803,1.0,1.0,0.8445945945945942,7.610241820768145,7.0945945945945965,1.9203413940256056,1.0135135135135158,0.46230440967283215,7.859174964438125,1.0135135135135016,1.3513513513513544,0.0,0.3378378378378386,1.3513513513513544,1.0135135135135158
4919,CDU,900,19,1.0,0.0,5.20388809862494,1.0,1.0,2.8153153153153148,3.7873399715504945,7.805832147937409,1.511379800853483,4.925320056899011,11.984352773826451,1.2091038406827934,0.3378378378378386,3.0405405405405332,2.702702702702709,1.689189189189186,6.081081081081081,3.0405405405405403
3368,bunt.saar,900,19,1.0,1.0,2.270033191085819,0.0,0.0,3.603603603603606,4.19630156472261,1.653627311522051,0.284495021337122,3.805120910384062,2.5960170697012828,1.0846372688477857,1.0135135135135158,2.0270270270270316,6.756756756756744,2.3648648648648702,5.743243243243249,3.7162162162162247
2840,Die Grünen,900,19,1.0,0.0,4.7208392603129425,1.0,1.0,2.1396396396396398,7.46799431009957,3.7873399715504945,3.6806543385490826,3.876244665718353,1.9203413940255984,7.5924608819345565,0.3378378378378386,2.3648648648648702,0.3378378378378244,4.054054054054063,3.7162162162162247,2.0270270270270174
2978,bunt.saar,900,19,0.0,1.0,5.020151730678048,1.0,1.0,1.5765765765765778,5.298719772403977,0.0,7.876955903271693,6.845661450924609,2.0270270270270316,8.072546230440977,1.689189189189186,1.3513513513513473,1.689189189189193,1.3513513513513544,2.0270270270270316,1.3513513513513544
2789,bunt.saar,900,19,1.0,0.0,3.0168326220957753,1.0,1.0,6.024774774774777,2.7560455192034112,0.0,2.187055476529153,4.80085348506401,4.996443812233288,3.36059743954479,3.378378378378379,4.054054054054063,6.081081081081095,5.743243243243249,7.7702702702702595,9.121621621621614
329,Die Grünen,900,19,1.0,0.0,6.8100995732574665,0.0,0.0,3.2094594594594597,0.4800853485063925,12.606685633001426,3.8940256045519206,4.729729729729726,8.019203413940254,11.130867709815078,7.432432432432435,2.0270270270270245,2.7027027027026946,0.6756756756756772,1.3513513513513615,5.067567567567565
2217,FDP,900,19,1.0,1.0,6.887150308202943,0.0,1.0,2.0270270270270245,0.1955903271692847,8.054765291607403,10.597439544807962,0.6756756756756772,10.330725462304407,11.468705547652924,3.0405405405405332,2.3648648648648702,1.3513513513513473,2.0270270270270174,2.0270270270270245,1.3513513513513544
1953,FDP,900,19,1.0,0.0,3.7251066856330035,1.0,1.0,2.308558558558559,3.2183499288762576,2.8271692745377024,6.241109530583209,3.591749644381224,0.7112375533428192,5.7610241820768096,3.0405405405405332,1.0135135135135158,1.689189189189193,3.378378378378386,1.689189189189186,3.0405405405405403
4247,FDP,900,19,0.0,1.0,3.325035561877666,1.0,1.0,2.927927927927924,0.03556187766713492,3.8940256045519206,4.391891891891895,5.28093883357041,1.5291607396870575,4.818634423897578,2.364864864864856,4.729729729729726,2.364864864864863,2.7027027027026946,2.0270270270270316,3.378378378378372
3772,CDU,900,19,1.0,0.0,4.2733522996680895,1.0,0.0,2.477477477477475,3.662873399715508,5.600995732574688,4.925320056899011,0.5689900426742511,7.23684210526315,3.6450924608819264,0.0,2.0270270270270245,2.7027027027027017,3.0405405405405403,4.729729729729726,2.364864864864856
3752,bunt.saar,900,19,0.0,1.0,2.681958274063535,0.0,1.0,1.12612612612613,1.7069701280227676,2.00924608819345,3.7873399715504945,1.76031294452347,0.6045519203413932,6.223328591749635,1.3513513513513473,0.3378378378378457,2.702702702702709,0.3378378378378457,1.689189189189193,0.3378378378378386
3557,Die Grünen,900,19,0.0,0.0,5.69879089615932,0.0,1.0,2.477477477477475,3.236130867709818,6.827880512091042,4.996443812233288,3.1116642958748244,9.192745376955905,6.827880512091042,3.0405405405405332,0.6756756756756772,3.7162162162162176,3.0405405405405403,2.0270270270270174,2.364864864864863
4640,Die Grünen,900,19,1.0,0.0,4.880867709815075,0.0,0.0,6.024774774774772,0.37339971550497353,3.6095305832147915,8.445945945945937,1.511379800853483,8.3570412517781,6.987908961593163,1.689189189189186,4.054054054054056,9.459459459459445,4.054054054054056,9.45945945945946,7.432432432432428
1458,FDP,900,19,1.0,1.0,2.2018729255571365,0.0,1.0,4.8986486486486465,2.7204836415362763,1.9381223328591801,2.187055476529153,2.631578947368425,2.5248933143669916,1.2091038406827934,6.418918918918912,6.418918918918912,3.7162162162162176,2.0270270270270316,2.364864864864856,8.445945945945951
127,FDP,900,19,0.0,1.0,5.399478425794212,0.0,1.0,3.1531531531531543,4.285206258890469,2.471550497866282,6.276671408250351,2.9338549075391214,10.472972972972968,5.95661450924608,5.743243243243242,3.7162162162162176,2.702702702702709,1.689189189189186,3.0405405405405403,2.0270270270270316
173,bunt.saar,900,19,1.0,0.0,5.1861071597913755,1.0,1.0,3.71621621621622,8.250355618776673,2.3115220483641536,1.3513513513513544,4.80085348506401,9.317211948790913,5.0853485064011466,7.770270270270281,2.7027027027026946,1.689189189189193,4.391891891891895,0.6756756756756914,5.067567567567565
1667,FDP,900,19,0.0,0.0,2.827169274537699,0.0,1.0,0.9009009009009054,0.32005689900426404,1.9559032716927476,0.46230440967283215,7.948079658605984,5.849928876244675,0.4267425320056901,1.689189189189186,0.6756756756756772,1.013513513513523,0.6756756756756843,0.3378378378378457,1.0135135135135158
4725,bunt.saar,900,19,0.0,0.0,2.99312470365102,1.0,1.0,2.0833333333333335,1.866998577524896,6.8100995732574745,6.152204836415365,0.03556187766713492,2.471550497866289,0.6223328591749606,1.3513513513513473,4.391891891891888,1.0135135135135158,0.6756756756756701,3.0405405405405475,2.0270270270270316
5196,SPD,900,19,1.0,1.0,6.845661450924612,1.0,1.0,1.0698198198198174,4.516358463726888,2.951635846372696,10.25960170697013,4.996443812233281,10.046230440967292,8.303698435277383,1.0135135135135087,1.689189189189186,0.3378378378378386,0.3378378378378386,2.7027027027026946,0.3378378378378386
3390,FDP,900,19,1.0,0.0,2.237434803224281,1.0,1.0,2.6463963963964012,5.156472261735409,2.471550497866282,2.275960170697026,0.4445234708392718,2.880512091038412,0.1955903271692847,2.3648648648648702,3.7162162162162176,1.3513513513513615,1.3513513513513686,4.391891891891895,2.7027027027026946
1751,bunt.saar,900,19,1.0,0.0,7.227951635846373,1.0,0.0,3.265765765765766,5.565433854907539,4.800853485064017,5.4765291607396875,9.690611664295872,12.055476529160735,5.778805120910384,3.0405405405405475,3.7162162162162176,0.3378378378378315,3.378378378378372,5.067567567567565,4.054054054054063
3668,CDU,900,19,1.0,0.0,4.347439544807966,0.0,1.0,1.5202702702702702,2.9338549075391214,2.1692745376955926,1.973684210526315,12.091038406827884,2.1337126600284506,4.783072546230436,0.3378378378378386,0.6756756756756772,2.0270270270270316,3.0405405405405403,1.689189189189186,1.3513513513513473
3683,DIE LINKE,900,19,1.0,0.0,3.4643195827406323,1.0,1.0,3.4346846846846817,1.4935988620199083,2.6671408250355597,4.729729729729726,2.8449502133712556,7.82361308677099,1.2268847795163538,2.0270270270270245,5.405405405405411,4.391891891891895,3.7162162162162105,0.675675675675663,4.391891891891888
3786,bunt.saar,900,19,0.0,1.0,4.901612138454245,0.0,0.0,2.4774774774774797,2.4182076813655797,4.996443812233295,5.4765291607396875,9.743954480796589,5.494310099573248,1.2802275960170704,6.081081081081074,4.054054054054063,1.689189189189193,0.3378378378378386,2.3648648648648702,0.3378378378378386
5079,bunt.saar,900,19,1.0,0.0,4.554883831199618,1.0,0.0,4.842342342342344,1.7069701280227676,2.151493598862018,10.899715504978658,0.3556187766714132,8.85490753911806,3.36059743954479,1.689189189189186,2.7027027027026946,9.121621621621628,3.0405405405405546,7.770270270270274,4.729729729729726
519,CDU,900,19,0.0,0.0,6.635253674727359,1.0,1.0,2.1396396396396398,7.894736842105267,4.018492176386907,4.800853485064017,12.731152204836413,3.3961593172119535,6.970128022759596,1.0135135135135087,3.0405405405405475,2.0270270270270316,0.0,1.0135135135135087,5.743243243243242
40,bunt.saar,900,19,0.0,0.0,4.009601706970123,0.0,1.0,2.7590090090090116,5.049786628733997,2.2403982930298625,3.200568990042669,4.267425320056894,1.9914651493598896,7.307965860597427,4.729729729729733,4.391891891891902,2.7027027027027017,1.689189189189193,1.689189189189193,1.3513513513513473
3340,Die Grünen,900,19,1.0,1.0,3.7221431958274103,0.0,0.0,1.689189189189186,4.391891891891895,3.7162162162162105,3.7339971550497992,1.831436699857747,3.342816500711244,5.316500711237566,1.689189189189193,3.7162162162162105,0.0,0.3378378378378386,3.378378378378372,1.0135135135135016
2730,FDP,900,19,0.0,1.0,6.024774774774773,1.0,1.0,2.1396396396396433,1.1379800853485094,3.09388335704125,5.565433854907525,11.842105263157897,7.2368421052631575,7.2724039829302995,3.7162162162162176,1.0135135135135158,3.0405405405405546,0.3378378378378386,1.0135135135135158,3.7162162162162176
994,Die Grünen,900,19,1.0,0.0,8.025130393551445,1.0,1.0,2.3648648648648645,2.044807965860592,5.636557610241823,10.828591749644382,0.9246088193456643,16.607396870554766,12.108819345661445,2.702702702702709,0.3378378378378386,2.7027027027026946,1.3513513513513473,3.378378378378386,3.7162162162162105
1729,Die Grünen,900,19,0.0,1.0,3.4495021337126652,0.0,1.0,3.941441441441441,7.752489331436706,3.662873399715501,1.9381223328591872,1.866998577524896,4.107396870554773,1.369132290184929,1.0135135135135087,3.7162162162162176,4.729729729729719,1.0135135135135158,7.094594594594589,6.081081081081095
4289,SPD,900,19,0.0,0.0,7.654694167852063,0.0,0.0,2.533783783783788,1.8847795163584706,10.06401137980086,11.36201991465149,1.1557610241820626,14.402560455192038,7.0590327169274545,1.689189189189193,2.0270270270270316,3.7162162162162176,1.689189189189193,5.067567567567579,1.0135135135135158
2195,Die Grünen,900,19,0.0,0.0,5.449857752489337,1.0,0.0,3.0405405405405355,6.330014224751068,6.721194879089616,3.3961593172119606,2.1337126600284577,10.455192034139415,3.662873399715508,2.0270270270270245,5.743243243243242,2.7027027027026946,4.054054054054056,2.7027027027026946,1.0135135135135016
3087,CDU,900,19,1.0,0.0,3.1620436225699415,1.0,0.0,4.504504504504507,4.249644381223341,0.5334281650071233,1.7425320056899025,6.241109530583209,5.7610241820768096,0.4445234708392647,6.418918918918926,4.729729729729733,4.054054054054056,4.729729729729726,1.689189189189193,5.405405405405411
781,Die Grünen,900,19,1.0,1.0,4.5104314841156965,0.0,1.0,2.533783783783786,6.116642958748223,8.001422475106693,2.1337126600284506,1.2091038406827934,6.827880512091042,2.7738264580369787,1.3513513513513473,2.702702702702716,1.0135135135135158,2.364864864864863,4.391891891891888,3.378378378378386
2637,CDU,900,19,1.0,0.0,7.207207207207204,1.0,1.0,5.85585585585585,6.899004267425312,12.197724039829296,0.07112375533427695,5.4765291607396875,9.477240398293027,9.121621621621621,2.364864864864856,6.756756756756751,5.743243243243235,0.6756756756756701,10.810810810810807,8.783783783783782
1049,CDU,900,19,1.0,0.0,5.171289710763393,1.0,0.0,4.335585585585587,5.938833570412527,0.7645803698435216,7.681365576102422,1.5825035561877598,7.5924608819345565,7.46799431009957,5.4054054054054035,2.0270270270270316,5.067567567567572,2.3648648648648702,3.0405405405405403,8.108108108108105
4733,CDU,900,19,1.0,1.0,3.8377192982456116,1.0,0.0,3.9414414414414423,3.0405405405405403,5.245376955903275,4.19630156472261,1.1557610241820626,4.374110953058327,5.014224751066855,5.067567567567572,0.6756756756756701,4.054054054054056,4.7297297297297405,4.391891891891888,4.729729729729726
2778,bunt.saar,900,19,1.0,0.0,5.953651019440492,0.0,0.0,3.322072072072069,2.115931721194869,8.036984352773828,10.79302987197724,4.338549075391178,8.783783783783782,1.653627311522051,6.081081081081081,0.3378378378378386,3.378378378378372,8.783783783783775,1.0135135135135087,0.3378378378378386
4570,Die Grünen,900,19,0.0,0.0,4.708985301090564,1.0,0.0,2.252252252252253,0.8712660028449548,9.281650071123742,8.26813655761024,1.760312944523477,2.5960170697012828,5.4765291607396875,1.0135135135135158,3.7162162162162176,0.0,1.3513513513513473,3.0405405405405403,4.391891891891895
317,FDP,900,19,1.0,1.0,4.516358463726882,1.0,1.0,3.0405405405405452,1.2980085348506378,2.6315789473684177,5.51209103840683,7.82361308677099,5.565433854907525,4.267425320056894,2.702702702702709,3.378378378378379,4.729729729729726,1.6891891891892072,7.105427357601002e-15,5.743243243243242
834,FDP,900,19,0.0,0.0,2.759009009009007,0.0,0.0,5.180180180180183,0.7467994310099613,2.1692745376955855,4.089615931721191,2.5248933143669916,3.0405405405405403,3.982930298719772,2.0270270270270245,5.4054054054054035,6.756756756756758,2.0270270270270316,8.445945945945951,6.418918918918926
1497,FDP,900,19,1.0,1.0,5.728425794215272,1.0,1.0,0.8445945945945953,3.876244665718353,4.871977240398294,5.03200568990043,3.8584637268847786,6.934566145092475,9.797297297297298,0.675675675675663,0.3378378378378386,1.3513513513513544,0.3378378378378386,1.6891891891892001,0.6756756756756772
4591,FDP,900,19,0.0,0.0,4.394855381697486,0.0,1.0,2.421171171171172,0.6045519203413932,7.539118065433847,2.809388335704128,4.356330014224746,5.45874822190612,5.600995732574681,5.067567567567565,2.0270270270270316,4.054054054054063,0.3378378378378386,1.3513513513513473,1.689189189189186
315,Die Grünen,900,19,0.0,0.0,4.866050260787102,1.0,1.0,1.2387387387387392,4.37411095305832,1.9381223328591872,6.436699857752494,0.426742532005683,9.281650071123742,6.738975817923183,0.3378378378378386,1.0135135135135087,1.689189189189193,3.0405405405405403,0.6756756756756772,0.6756756756756772
2971,DIE LINKE,900,19,1.0,0.0,2.6878852536747266,1.0,1.0,6.362612612612613,1.689189189189186,3.378378378378379,3.0405405405405403,4.320768136557611,2.7916073968705533,0.9068278805120897,8.445945945945944,1.689189189189193,4.729729729729726,6.418918918918919,9.797297297297298,7.0945945945945965
4151,Die Grünen,900,19,1.0,1.0,3.6984352773826465,1.0,1.0,2.8153153153153156,3.0761024182076824,3.2894736842105345,3.911806543385495,3.0049786628733983,3.4672830725462234,5.4409672830725455,1.6891891891892001,0.3378378378378386,4.054054054054049,2.702702702702709,4.054054054054049,4.054054054054049
3572,CDU,900,19,1.0,0.0,1.8610715979137034,1.0,1.0,1.6328828828828865,0.46230440967282505,2.2759601706970045,1.013513513513523,0.9068278805120968,4.623044096728307,1.8847795163584635,1.0135135135135158,1.3513513513513615,1.013513513513523,2.0270270270270316,2.7027027027027017,1.689189189189186
4335,CDU,900,19,0.0,1.0,4.202228544333806,1.0,1.0,1.970720720720724,5.28093883357041,5.28093883357041,0.4800853485063925,2.5960170697012828,8.570412517780944,3.0049786628733983,0.3378378378378386,3.0405405405405403,3.0405405405405475,0.6756756756756843,1.3513513513513544,3.378378378378379
4449,bunt.saar,900,19,0.0,1.0,2.8894025604551956,1.0,1.0,3.490990990990992,3.982930298719772,2.3648648648648702,1.8492176386913286,1.4935988620199154,7.005689900426745,0.6401137980085423,2.3648648648648702,3.378378378378372,3.0405405405405475,5.067567567567565,3.7162162162162105,3.378378378378386
3138,CDU,900,19,1.0,1.0,3.1916785206258886,1.0,1.0,4.054054054054053,6.418918918918919,0.5156472261735487,1.511379800853483,4.374110953058313,3.9651493598862046,2.364864864864863,4.729729729729726,4.391891891891902,5.067567567567565,3.378378378378372,0.3378378378378315,6.418918918918919
3660,FDP,900,19,1.0,1.0,4.415599810336651,1.0,1.0,1.4076576576576596,3.307254623044095,2.507112375533424,2.0981507823613086,5.0497866287340045,9.868421052631575,3.662873399715501,0.6756756756756772,1.3513513513513615,1.0135135135135087,2.0270270270270316,1.0135135135135158,2.364864864864863
3908,FDP,900,19,1.0,1.0,3.191678520625891,1.0,1.0,4.335585585585584,6.7389758179231976,1.2980085348506378,7.4502133712659955,0.9779516358463738,1.2802275960170775,1.404694167852064,5.067567567567565,5.067567567567572,2.364864864864863,3.378378378378372,5.743243243243242,4.391891891891888
1874,Die Grünen,900,19,1.0,1.0,5.971431958274057,1.0,1.0,0.8445945945945953,2.631578947368425,7.912517780938828,7.130156472261717,1.546941678520625,8.85490753911806,7.752489331436692,0.6756756756756772,0.3378378378378315,0.3378378378378528,1.0135135135135158,1.3513513513513544,1.3513513513513402
5058,FDP,900,19,0.0,1.0,2.5811996206733014,1.0,0.0,4.110360360360357,1.1557610241820697,2.86273115220483,0.7645803698435216,5.832147937411094,1.582503556187767,3.2894736842105274,0.0,2.7027027027027017,7.094594594594589,1.6891891891891788,9.121621621621621,4.054054054054049
4761,FDP,900,19,1.0,1.0,6.715267899478422,1.0,1.0,3.3220720720720727,7.183499288762434,6.36557610241821,4.67638691322901,3.271692745376953,13.869132290184922,4.925320056899004,1.689189189189186,3.0405405405405403,4.391891891891902,2.7027027027027017,1.3513513513513544,6.756756756756751
319,bunt.saar,900,19,1.0,0.0,7.420578473210049,1.0,1.0,1.689189189189186,3.200568990042669,5.014224751066848,12.482219061166433,2.809388335704128,11.593172119487903,9.42389758179231,2.702702702702709,0.3378378378378386,0.6756756756756701,1.3513513513513473,2.7027027027026946,2.364864864864856
1615,FDP,900,19,1.0,1.0,1.2772641062114733,1.0,1.0,2.027027027027028,0.1955903271692847,0.08890469416784441,1.8492176386913144,4.445234708392604,0.16002844950212847,0.9246088193456643,1.3513513513513473,3.7162162162162176,2.7027027027027017,3.378378378378386,0.0,1.0135135135135158
1524,Die Grünen,900,19,1.0,0.0,6.590801327643436,1.0,0.0,2.5337837837837824,3.0405405405405403,4.054054054054063,8.01920341394026,4.836415362731152,14.615931721194869,4.978662873399728,4.054054054054049,3.0405405405405332,1.3513513513513544,5.4054054054054035,0.3378378378378386,1.0135135135135158
1722,bunt.saar,900,19,1.0,1.0,4.916429587482221,1.0,1.0,1.6328828828828807,1.7069701280227676,0.35561877667140607,9.655049786628751,2.080369843527734,8.179231863442396,7.521337126600272,0.6756756756756701,2.7027027027027017,2.364864864864856,0.0,3.7162162162162176,0.3378378378378386
4012,Die Grünen,900,19,0.0,0.0,6.543385490753912,0.0,0.0,7.3761261261261275,8.26813655761024,5.5476529160739645,6.276671408250358,0.8357041251778057,8.55263157894737,9.77951635846373,7.432432432432428,4.391891891891902,8.783783783783782,5.405405405405411,7.770270270270274,10.472972972972968
3402,bunt.saar,900,19,0.0,1.0,4.791963015647227,1.0,1.0,1.6328828828828819,2.86273115220483,1.9381223328591872,7.948079658605984,4.018492176386907,6.899004267425312,5.0853485064011394,0.6756756756756772,2.364864864864863,2.0270270270270316,1.0135135135135087,3.378378378378372,0.3378378378378386
1759,SPD,900,19,0.0,1.0,4.889758179231866,0.0,0.0,4.335585585585588,6.721194879089616,2.293741109530579,6.1877667140825,4.765291607396875,7.681365576102436,1.689189189189193,2.3648648648648702,1.0135135135135087,5.4054054054054035,4.729729729729726,8.445945945945958,4.054054054054063
645,SPD,900,19,0.0,1.0,5.550616405879562,0.0,1.0,2.5337837837837824,6.472261735419629,3.94736842105263,7.734708392603125,0.6223328591749677,3.9295874822190555,10.597439544807962,1.689189189189186,2.0270270270270316,3.7162162162162176,2.0270270270270245,2.364864864864863,3.378378378378372
4376,SPD,900,19,1.0,0.0,3.07313892840209,1.0,0.0,3.6036036036036037,1.9914651493598896,4.765291607396875,0.7823613086770962,6.098862019914655,3.2539118065433925,1.546941678520632,1.0135135135135158,2.7027027027026946,6.081081081081074,1.0135135135135158,4.729729729729733,6.081081081081088
2485,CDU,900,19,1.0,0.0,7.6398767188240875,1.0,0.0,7.8828828828828845,1.3335704125177799,8.339260312944525,5.600995732574688,0.35561877667140607,19.843527738264584,10.366287339971542,4.054054054054049,3.0405405405405475,9.797297297297298,11.148648648648653,10.810810810810814,8.445945945945944
587,FDP,900,19,1.0,1.0,2.489331436699857,1.0,1.0,10.360360360360362,0.9068278805120897,4.018492176386914,0.46230440967283215,6.3122332859175,0.6934566145092376,2.5426742532005697,1.3513513513513544,11.486486486486484,17.567567567567572,3.378378378378379,13.851351351351347,14.527027027027032
1090,CDU,900,19,1.0,1.0,4.305950687529637,1.0,0.0,2.4211711711711708,0.9779516358463738,9.03271692745377,2.1337126600284577,1.618065433854909,9.014935988620195,3.058321479374115,4.054054054054049,0.6756756756756772,1.3513513513513615,4.729729729729719,1.689189189189186,2.0270270270270316
3295,SPD,900,19,1.0,0.0,3.0642484589852983,0.0,0.0,5.292792792792793,1.5291607396870575,0.26671408250354744,2.293741109530579,2.4537695590327075,6.098862019914655,5.743243243243242,4.391891891891895,1.013513513513523,6.081081081081074,1.689189189189193,9.459459459459453,9.121621621621621
4592,Die Grünen,900,19,1.0,0.0,6.009957325746794,0.0,0.0,2.5900900900900914,3.6450924608819264,8.819345661450917,3.378378378378372,4.107396870554773,10.561877667140813,5.5476529160739645,0.6756756756756843,2.7027027027026946,2.364864864864863,4.054054054054056,5.4054054054054035,0.3378378378378457
757,bunt.saar,900,19,0.0,0.0,3.3072546230441007,1.0,1.0,2.1959459459459425,0.5156472261735487,7.165718349928888,2.00924608819345,2.6849217638691414,7.112375533428171,0.35561877667140607,2.0270270270270245,1.3513513513513473,3.0405405405405403,3.0405405405405332,0.6756756756756701,3.0405405405405403
3192,bunt.saar,900,19,1.0,0.0,4.2911332385016605,1.0,1.0,1.5202702702702726,4.658605974395456,2.7204836415362763,3.271692745376953,1.4580369843527734,8.85490753911806,4.783072546230443,0.6756756756756843,0.3378378378378386,0.6756756756756772,1.3513513513513544,2.364864864864856,3.7162162162162247
4813,CDU,900,19,1.0,1.0,2.8597676623992427,0.0,1.0,1.6328828828828819,0.6756756756756772,1.3157894736842124,4.498577524893321,6.916785206258886,1.2624466571834958,2.489331436699864,1.689189189189193,3.378378378378379,1.3513513513513544,2.7027027027026946,0.3378378378378315,0.3378378378378386
612,CDU,900,19,1.0,0.0,2.919037458511145,1.0,0.0,4.504504504504507,2.5960170697012828,4.711948790896166,0.5334281650071233,3.165007112375541,1.831436699857747,4.67638691322901,4.391891891891895,3.378378378378379,3.7162162162162176,7.770270270270274,5.743243243243249,2.0270270270270316
2756,FDP,900,19,1.0,1.0,4.225936462778569,1.0,1.0,2.5337837837837838,4.9075391180654435,0.8001422475106708,7.254623044096725,5.174253200568998,2.933854907539107,4.285206258890469,2.7027027027027017,3.0405405405405403,3.0405405405405403,1.3513513513513544,2.7027027027026946,2.3648648648648702
2671,FDP,900,19,1.0,0.0,4.584518729255572,1.0,1.0,1.8581081081081112,4.640825035561882,5.903271692745371,1.9381223328591801,2.0981507823613015,11.326458036984356,1.6002844950213415,2.702702702702716,2.364864864864863,0.0,2.3648648648648702,3.378378378378372,0.3378378378378457
3948,CDU,900,19,0.0,0.0,2.9931247036510213,1.0,0.0,4.560810810810808,3.876244665718353,0.5334281650071233,1.6358463726884764,3.805120910384062,3.485064011379805,4.623044096728307,3.0405405405405332,4.391891891891888,4.729729729729726,0.6756756756756772,5.4054054054054035,9.121621621621621
3611,FDP,900,19,0.0,0.0,2.053698435277383,0.0,0.0,3.265765765765766,0.5156472261735487,0.2844950213371291,2.8271692745377024,5.885490753911803,2.2403982930298625,0.5689900426742511,4.729729729729726,2.7027027027026946,3.378378378378379,2.3648648648648702,2.0270270270270316,4.391891891891895
2371,FDP,900,19,0.0,0.0,3.8703176861071555,0.0,0.0,4.842342342342342,1.973684210526315,7.325746799431009,3.2539118065433854,7.307965860597427,0.37339971550497353,2.9871977240398238,0.3378378378378386,3.378378378378379,6.756756756756751,5.067567567567565,7.0945945945945965,6.418918918918926
2695,bunt.saar,900,19,1.0,1.0,1.8432906590801323,1.0,1.0,3.2657657657657673,3.6806543385490826,1.0312944523470904,0.5512091038406766,1.9381223328591801,2.1337126600284506,1.7247510668563137,1.013513513513523,4.054054054054049,3.0405405405405475,3.378378378378386,5.067567567567565,3.0405405405405332
3258,SPD,900,19,0.0,0.0,5.189070649596964,0.0,0.0,2.927927927927925,0.12446657183499354,2.258179231863444,9.174964438122338,3.805120910384062,9.619487908961581,6.152204836415365,5.4054054054054035,0.6756756756756772,2.0270270270270316,1.689189189189186,5.743243243243228,2.0270270270270245
3447,FDP,900,19,0.0,1.0,5.313537221431962,1.0,1.0,3.3220720720720727,2.773826458036986,3.9118065433855023,2.631578947368425,10.241820768136563,9.423897581792318,2.8982930298719793,0.0,3.0405405405405332,4.729729729729733,2.0270270270270316,4.391891891891895,5.743243243243242
1716,CDU,900,19,1.0,0.0,3.858463726884781,1.0,1.0,1.9144144144144128,4.338549075391185,7.770270270270274,0.7290184921763796,2.258179231863444,5.974395448079662,2.080369843527741,1.3513513513513402,2.3648648648648702,0.675675675675663,1.3513513513513473,3.0405405405405475,2.702702702702709
1041,CDU,900,19,1.0,0.0,4.377074442863916,1.0,0.0,1.5202702702702702,0.8001422475106637,0.8890469416785152,1.760312944523477,7.574679943100989,9.530583214793744,5.707681365576107,0.6756756756756772,0.3378378378378386,1.3513513513513473,0.3378378378378386,5.4054054054054035,1.0135135135135158
3482,FDP,900,19,1.0,0.0,5.11498340445709,1.0,1.0,2.0270270270270294,8.054765291607403,1.7780938833570374,9.495021337126602,7.076813655761022,0.2844950213371291,4.000711237553347,2.0270270270270174,2.3648648648648702,2.702702702702709,1.689189189189193,0.3378378378378386,3.0405405405405475
231,SPD,900,19,0.0,0.0,3.9770033191085807,1.0,1.0,2.8153153153153134,1.902560455192038,4.374110953058327,4.818634423897571,3.1294452347083777,4.231863442389766,5.4054054054054035,1.689189189189186,2.3648648648648702,2.364864864864863,2.364864864864856,6.756756756756751,1.3513513513513544
595,bunt.saar,900,19,1.0,1.0,2.207799905168322,1.0,1.0,1.1824324324324351,0.6756756756756772,1.2980085348506378,3.236130867709818,1.1024182076813602,5.209815078236119,1.7247510668563208,0.6756756756756772,3.0405405405405475,2.0270270270270316,0.3378378378378315,1.013513513513523,0.0
2329,bunt.saar,900,19,1.0,1.0,3.301327643432907,1.0,1.0,5.96846846846847,2.7027027027027017,2.7738264580369787,4.445234708392604,0.9246088193456643,5.049786628733997,3.911806543385495,6.756756756756758,0.6756756756756772,6.418918918918919,6.756756756756758,6.4189189189189335,8.783783783783775
2064,bunt.saar,900,19,1.0,0.0,4.409672830725462,1.0,1.0,1.2387387387387392,1.9914651493598896,2.3826458036984306,5.903271692745378,3.52062588904694,9.352773826458034,3.307254623044102,1.0135135135135158,0.0,1.689189189189193,0.6756756756756772,1.689189189189193,2.364864864864856
1079,Die Grünen,900,19,1.0,0.0,6.478188715030815,1.0,1.0,1.0698198198198234,3.1827880512090942,2.329302987197721,6.845661450924595,8.623755334281654,7.130156472261724,10.757467994310105,0.3378378378378386,0.3378378378378386,2.0270270270270316,2.364864864864863,0.3378378378378528,1.0135135135135158
1278,CDU,900,19,1.0,1.0,4.3355855855855845,1.0,1.0,2.477477477477475,0.6934566145092447,4.640825035561875,1.5291607396870575,3.4672830725462234,12.339971550497864,3.342816500711244,2.364864864864856,4.054054054054056,1.0135135135135087,2.7027027027027017,4.391891891891881,0.3378378378378457
4212,CDU,900,19,0.0,0.0,3.7280701754385936,1.0,1.0,2.421171171171172,6.54338549075392,2.578236130867701,5.138691322901842,3.1827880512090942,4.854196301564727,0.07112375533427695,0.0,1.0135135135135158,4.054054054054049,2.702702702702709,2.364864864864863,4.391891891891895
4796,Die Grünen,900,19,1.0,1.0,4.418563300142246,1.0,1.0,1.745495495495496,8.517069701280235,3.165007112375541,1.0846372688477857,5.494310099573248,5.903271692745371,2.3470839260312957,1.689189189189193,4.391891891891888,1.3513513513513544,1.689189189189186,1.3513513513513544,0.0
543,FDP,900,19,1.0,1.0,5.461711711711711,0.0,0.0,2.9279279279279287,2.5426742532005733,4.142958748221901,4.445234708392597,2.3826458036984377,11.824324324324323,7.432432432432435,1.689189189189193,3.7162162162162176,4.391891891891902,1.0135135135135087,5.743243243243242,1.0135135135135087
1161,CDU,900,19,0.0,0.0,3.7814129919393125,0.0,0.0,2.5337837837837873,0.2489331436700013,0.23115220483641252,7.183499288762441,5.26315789473685,5.654338549075398,4.107396870554773,0.3378378378378386,4.054054054054056,0.6756756756756843,6.081081081081081,3.7162162162162176,0.3378378378378457
4583,FDP,900,19,1.0,1.0,8.582266477003317,1.0,1.0,4.78603603603603,3.3605974395447973,7.948079658605984,7.788051209103841,1.4402560455191917,19.630156472261742,11.326458036984352,2.0270270270270174,5.4054054054054035,6.756756756756744,3.0405405405405332,4.729729729729726,6.756756756756758
1743,FDP,900,19,1.0,1.0,3.9532954006638192,1.0,1.0,2.759009009009008,5.209815078236119,3.769559032716927,1.5647226173541924,7.3790896159317185,2.916073968705547,2.880512091038412,1.689189189189193,0.0,5.067567567567565,3.378378378378372,2.364864864864863,4.054054054054056
3365,bunt.saar,900,19,1.0,0.0,2.453769559032716,1.0,1.0,5.180180180180183,3.378378378378379,4.80085348506401,2.809388335704128,0.9246088193456643,0.21337126600283796,2.5960170697012757,3.378378378378379,3.378378378378372,7.432432432432435,4.391891891891895,6.081081081081095,6.418918918918919
887,CDU,900,19,1.0,1.0,3.529516358463725,1.0,1.0,2.871621621621619,2.293741109530579,6.081081081081088,1.0490753911806507,3.805120910384062,3.876244665718346,4.071834992887624,1.3513513513513473,0.0,4.054054054054049,1.3513513513513473,4.391891891891888,6.081081081081081
4901,bunt.saar,900,19,0.0,0.0,3.1027738264580336,0.0,0.0,1.3513513513513509,1.0312944523470833,4.160739687055468,8.07254623044097,1.3335704125177799,0.5156472261735416,3.5028449502133583,1.3513513513513544,3.0405405405405332,0.6756756756756772,1.0135135135135087,1.689189189189193,0.3378378378378386
2200,bunt.saar,900,19,1.0,0.0,4.380037932669512,1.0,1.0,1.3513513513513544,0.6045519203413932,0.10668563300143319,9.566145092460886,5.067567567567565,6.134423897581783,4.80085348506401,2.3648648648648702,1.6891891891891788,0.0,1.3513513513513544,1.6891891891892072,1.0135135135135158
2349,CDU,900,19,1.0,1.0,4.557847321005213,1.0,1.0,4.391891891891891,0.40896159317210845,10.419630156472259,0.142247510668561,3.6806543385490826,5.28093883357041,7.4146514935988606,1.3513513513513402,9.121621621621621,2.364864864864863,2.702702702702709,2.0270270270270245,8.78378378378379
309,DIE LINKE,900,19,1.0,1.0,4.394855381697489,1.0,0.0,1.3513513513513498,4.747510668563301,2.43598862019914,4.925320056899011,3.378378378378379,6.881223328591759,4.000711237553347,2.0270270270270316,0.0,1.689189189189186,0.3378378378378386,2.7027027027027017,1.3513513513513402
3305,FDP,900,19,1.0,0.0,3.138335704125177,1.0,0.0,2.139639639639641,7.21906116642959,1.582503556187767,1.0846372688477928,2.4537695590327075,5.867709815078236,0.6223328591749677,1.3513513513513544,1.689189189189186,2.0270270270270316,1.689189189189193,4.729729729729726,1.3513513513513544
4502,Die Grünen,900,19,1.0,1.0,5.100165955429112,1.0,1.0,1.5765765765765718,0.46230440967283215,2.044807965860592,6.472261735419622,5.974395448079662,11.255334281650065,4.391891891891902,1.689189189189193,0.3378378378378386,1.3513513513513402,3.0405405405405403,0.3378378378378244,2.7027027027026946
1773,SPD,900,19,1.0,0.0,4.747510668563304,0.0,1.0,2.0833333333333335,4.391891891891895,2.2226173541963092,5.707681365576114,5.7254623044096675,0.46230440967282505,9.975106685633016,4.391891891891895,2.0270270270270316,0.3378378378378386,1.0135135135135087,1.0135135135135016,3.7162162162162247
3197,bunt.saar,900,19,1.0,1.0,3.1590801327643434,1.0,1.0,1.0698198198198199,3.662873399715501,5.4054054054054035,3.165007112375534,1.8847795163584635,2.1692745376955855,2.667140825035574,2.702702702702709,0.6756756756756772,0.675675675675663,1.0135135135135158,0.0,1.3513513513513544
3042,FDP,900,19,1.0,0.0,4.083688952110001,1.0,1.0,3.3783783783783767,4.320768136557611,7.2368421052631575,1.1379800853485094,0.0889046941678373,7.46799431009957,4.2496443812233196,3.0405405405405332,0.6756756756756772,5.4054054054054035,3.0405405405405475,4.054054054054056,4.054054054054042
3221,bunt.saar,900,19,1.0,0.0,5.56543385490754,1.0,1.0,1.914414414414414,1.9914651493598896,3.94736842105263,8.01920341394026,4.854196301564727,9.708392603129454,4.87197724039828,0.3378378378378315,0.6756756756756772,2.364864864864856,2.7027027027027017,3.7162162162162247,1.689189189189193
2252,FDP,900,19,0.0,1.0,8.94381223328592,1.0,0.0,4.391891891891891,4.17852062588905,7.485775248933145,8.374822190611667,6.827880512091042,13.833570412517787,12.962304409672832,1.689189189189186,4.729729729729726,5.067567567567565,3.378378378378379,4.391891891891895,7.0945945945945965
1709,bunt.saar,900,19,0.0,1.0,2.8182788051209102,0.0,1.0,8.051801801801803,7.912517780938828,0.8001422475106708,3.271692745376953,1.3513513513513473,3.44950213371267,0.12446657183499354,9.121621621621621,5.743243243243242,10.810810810810807,5.4054054054054035,10.47297297297299,6.756756756756758
2859,CDU,900,19,1.0,1.0,1.9262683736367923,1.0,1.0,2.9279279279279273,3.0405405405405332,0.4800853485063925,1.6002844950213415,2.6849217638691343,2.7027027027026946,1.0490753911806578,0.3378378378378386,3.378378378378372,5.743243243243242,0.3378378378378386,4.391891891891902,3.378378378378372
4050,FDP,900,19,1.0,0.0,6.324087245139874,1.0,0.0,2.5337837837837838,9.423897581792318,4.996443812233295,5.298719772403977,1.3869132290184822,7.965860597439537,8.872688477951634,1.689189189189193,4.054054054054042,4.054054054054056,1.689189189189186,1.6891891891892001,2.0270270270270245
581,CDU,900,19,0.0,1.0,1.7128971076339508,0.0,1.0,4.729729729729731,4.640825035561882,1.653627311522051,0.3022759601706895,0.6578947368421026,2.6849217638691414,0.3378378378378386,1.689189189189186,2.7027027027027017,5.067567567567572,5.4054054054054035,5.743243243243249,7.770270270270274
3411,bunt.saar,900,19,1.0,0.0,4.913466097676623,1.0,0.0,3.9414414414414374,0.3022759601707037,1.0490753911806578,15.913940256045514,0.1422475106685539,7.005689900426745,5.067567567567565,6.081081081081088,5.4054054054054035,7.770270270270267,2.0270270270270245,1.3513513513513402,1.0135135135135016
488,FDP,900,19,0.0,0.0,6.122569938359411,0.0,1.0,3.716216216216221,8.392603129445227,0.7823613086770962,5.636557610241816,11.77098150782362,3.0761024182076824,7.076813655761022,1.013513513513523,4.729729729729733,4.054054054054056,1.3513513513513615,2.364864864864863,8.78378378378379
1519,FDP,900,19,1.0,1.0,5.325391180654337,1.0,1.0,3.2094594594594574,1.404694167852064,3.09388335704125,6.899004267425319,5.352062588904687,6.970128022759596,8.232574679943106,5.4054054054054035,4.054054054054049,3.7162162162162105,0.0,2.7027027027027017,3.378378378378379
4435,bunt.saar,900,19,1.0,1.0,2.1070412517780936,1.0,1.0,1.7454954954954924,3.1294452347083777,0.6223328591749677,2.187055476529153,4.854196301564727,0.6223328591749677,1.226884779516368,2.364864864864856,2.0270270270270245,0.6756756756756914,0.0,4.054054054054042,1.3513513513513402
3741,bunt.saar,900,19,0.0,0.0,2.341156946420108,1.0,1.0,2.5900900900900923,0.37339971550497353,0.5867709815078399,0.12446657183498644,3.627311522048373,5.0853485064011394,4.249644381223334,0.0,3.0405405405405475,5.4054054054054035,2.0270270270270245,3.0405405405405475,2.0270270270270316
3796,DIE LINKE,900,19,1.0,0.0,3.2568752963489787,1.0,0.0,2.759009009009008,5.156472261735409,1.51137980085349,5.209815078236119,2.1692745376955855,2.880512091038412,2.6137980085348573,0.6756756756756701,0.0,3.378378378378379,3.0405405405405403,5.067567567567572,4.391891891891888
4763,FDP,900,19,0.0,1.0,7.014580369843528,1.0,0.0,2.9279279279279273,2.8982930298719793,9.246088193456615,4.356330014224753,4.551920341394016,13.815789473684212,7.21906116642959,0.3378378378378386,1.0135135135135087,3.378378378378379,0.6756756756756843,7.770270270270267,4.391891891891888
4475,bunt.saar,900,19,1.0,0.0,4.732693219535327,1.0,1.0,2.3648648648648654,3.02275960170698,2.6849217638691343,9.690611664295872,3.8229018492176436,5.885490753911796,3.2894736842105345,0.3378378378378386,5.067567567567565,3.0405405405405475,4.054054054054049,0.6756756756756772,1.0135135135135158
2686,SPD,900,19,1.0,0.0,5.983285917496441,1.0,1.0,2.3085585585585604,6.169985775248925,7.610241820768145,4.67638691322901,4.818634423897571,7.396870554765293,5.2275960170697005,1.0135135135135087,2.3648648648648702,1.689189189189186,5.067567567567565,3.0405405405405475,0.6756756756756843
1279,bunt.saar,900,19,0.0,1.0,3.3754148885727844,0.0,1.0,6.756756756756759,2.0981507823613086,0.3022759601707037,5.743243243243242,0.3911806543385481,4.623044096728307,7.0945945945945965,9.45945945945946,3.0405405405405403,8.108108108108112,6.081081081081088,4.391891891891888,9.459459459459467
3314,DIE LINKE,900,19,1.0,0.0,8.410384068278809,1.0,1.0,1.6328828828828843,8.677098150782356,7.681365576102436,10.13513513513513,6.205547652916081,11.326458036984356,6.436699857752494,1.0135135135135087,3.378378378378386,3.378378378378379,1.689189189189193,0.3378378378378386,0.0
4032,Die Grünen,900,19,0.0,0.0,8.783783783783779,0.0,0.0,2.9279279279279287,1.0490753911806578,6.276671408250351,17.46088193456614,4.551920341394016,11.450924608819342,11.913229018492167,4.729729729729726,3.0405405405405475,2.364864864864856,4.729729729729726,2.0270270270270316,0.6756756756756843
4377,bunt.saar,900,19,0.0,0.0,5.639521100047417,0.0,0.0,4.729729729729733,8.001422475106686,2.3648648648648702,6.401137980085345,1.0135135135135087,8.659317211948796,7.396870554765293,0.0,2.3648648648648702,6.756756756756751,5.067567567567579,6.4189189189189335,7.770270270270267
4912,SPD,900,19,0.0,1.0,6.804172593646276,0.0,1.0,2.3085585585585555,9.743954480796589,7.147937411095306,8.60597439544808,4.285206258890469,8.321479374110943,2.720483641536269,0.6756756756756701,1.3513513513513473,3.0405405405405403,1.689189189189193,5.067567567567558,2.0270270270270245
4670,SPD,900,19,1.0,0.0,4.2763157894736885,1.0,0.0,5.236486486486488,1.760312944523477,11.664295874822194,2.400426742532005,4.765291607396875,2.3826458036984377,2.6849217638691414,3.378378378378379,0.6756756756756772,7.0945945945945965,2.702702702702709,10.135135135135137,7.432432432432428
786,DIE LINKE,900,19,0.0,0.0,4.394855381697487,1.0,0.0,2.6463963963963955,1.7780938833570303,8.97937411095306,3.94736842105263,0.17780938833571014,6.881223328591759,4.605263157894733,4.729729729729726,3.0405405405405332,1.689189189189186,2.0270270270270245,2.3648648648648702,2.0270270270270316
1353,FDP,900,19,1.0,0.0,3.224276908487434,1.0,0.0,2.3648648648648654,2.6315789473684177,1.8492176386913144,5.4054054054054035,2.951635846372696,5.867709815078236,0.6401137980085352,2.3648648648648702,0.6756756756756843,3.7162162162162176,1.0135135135135158,3.0405405405405332,3.378378378378372
1711,FDP,900,19,0.0,1.0,8.528923660502608,1.0,1.0,2.5337837837837838,2.00924608819345,7.699146514935983,9.63726884779517,8.054765291607396,10.810810810810814,12.962304409672832,1.689189189189186,3.0405405405405332,3.0405405405405403,1.689189189189193,3.0405405405405475,2.7027027027027017
4232,FDP,900,19,1.0,1.0,3.6569464201043167,1.0,0.0,3.3220720720720736,0.3911806543385552,4.658605974395456,2.507112375533424,1.5647226173542066,10.241820768136556,2.578236130867701,4.054054054054049,0.6756756756756843,4.054054054054049,4.7297297297297405,3.7162162162162176,2.7027027027027017
41,Die Grünen,900,19,0.0,1.0,6.0573731626363205,1.0,1.0,4.110360360360356,5.0853485064011394,0.3022759601707037,8.445945945945937,1.3157894736842124,14.811522048364154,6.383357041251777,0.6756756756756701,0.6756756756756701,6.756756756756744,6.418918918918912,6.081081081081081,4.054054054054056
1114,bunt.saar,900,19,1.0,0.0,3.896989094357514,1.0,0.0,1.914414414414414,0.07112375533427695,1.831436699857747,8.872688477951627,2.00924608819345,4.889758179231862,5.707681365576121,1.6891891891892001,0.0,3.0405405405405332,0.6756756756756701,4.054054054054049,2.0270270270270316
1574,Die Grünen,900,19,0.0,1.0,5.455784732100522,0.0,1.0,1.6328828828828879,3.840682788051211,4.889758179231862,7.467994310099577,5.992176386913236,6.383357041251777,4.160739687055468,2.0270270270270316,0.6756756756756772,0.3378378378378528,2.0270270270270245,3.0405405405405332,1.6891891891892072
1247,FDP,900,19,1.0,1.0,2.521929824561404,1.0,1.0,1.6328828828828819,1.0312944523470904,2.8982930298719793,2.8449502133712627,3.805120910384062,0.7823613086771033,3.769559032716927,3.378378378378372,0.6756756756756701,0.6756756756756772,2.702702702702709,1.0135135135135087,1.3513513513513544
4522,SPD,900,19,1.0,0.0,7.625059269796115,1.0,0.0,4.0540540540540535,3.342816500711244,9.03271692745377,14.43812233285918,0.9779516358463738,5.1209103840682815,12.837837837837839,5.743243243243242,2.0270270270270245,4.7297297297297405,5.067567567567565,2.7027027027026946,4.054054054054056
3379,FDP,900,19,0.0,0.0,8.45483641536273,0.0,0.0,3.4346846846846866,0.26671408250354744,12.67780938833571,9.70839260312944,6.205547652916081,10.650782361308679,11.219772403982923,4.391891891891902,5.067567567567572,5.4054054054054035,0.6756756756756772,2.0270270270270316,3.0405405405405332
1530,Die Grünen,900,19,0.0,1.0,4.880867709815074,0.0,1.0,1.407657657657656,8.890469416785209,2.115931721194869,2.0981507823613015,8.392603129445234,4.285206258890469,3.5028449502133583,1.3513513513513544,1.0135135135135016,3.0405405405405332,0.6756756756756772,2.3648648648648702,0.0
1257,CDU,900,19,1.0,0.0,2.8064248458985297,1.0,1.0,4.39189189189189,0.0889046941678373,4.054054054054056,6.36557610241821,0.3911806543385552,0.5512091038406837,5.387624466571836,2.0270270270270316,2.364864864864856,6.081081081081081,3.0405405405405332,6.418918918918919,6.418918918918919
2922,FDP,900,19,0.0,1.0,3.603603603603606,0.0,1.0,2.7027027027026995,0.9601706970128063,5.45874822190612,0.6401137980085352,5.26315789473685,7.290184921763874,2.00924608819345,3.7162162162162033,0.3378378378378386,4.391891891891888,0.6756756756756772,2.364864864864863,4.729729729729726
354,CDU,900,19,1.0,1.0,4.178520625889049,1.0,1.0,2.2522522522522563,3.6095305832147915,0.5867709815078399,3.7873399715504945,1.3157894736842124,11.255334281650065,4.516358463726888,3.7162162162162247,2.7027027027026946,4.391891891891902,1.0135135135135087,1.013513513513523,0.6756756756756843
2110,CDU,900,19,1.0,1.0,5.618776671408251,1.0,1.0,2.477477477477477,7.219061166429583,2.0625889046941666,5.0497866287340045,7.503556187766712,5.4765291607396875,6.401137980085352,5.4054054054054035,4.391891891891895,1.0135135135135087,2.3648648648648702,0.0,1.689189189189186
3425,FDP,900,19,1.0,0.0,7.005689900426742,1.0,1.0,1.6328828828828825,3.9295874822190555,4.125177809388333,6.703413940256048,9.370554765291615,9.815078236130859,8.090327169274545,0.6756756756756772,2.0270270270270245,0.6756756756756843,2.0270270270270174,2.3648648648648702,2.027027027027021
1113,bunt.saar,900,19,1.0,0.0,4.240753911806544,1.0,1.0,0.9572072072072082,2.6849217638691343,1.8847795163584777,7.219061166429583,1.4580369843527734,5.476529160739673,6.721194879089623,0.0,2.0270270270270316,0.6756756756756772,2.7027027027027017,0.3378378378378386,0.0
687,bunt.saar,900,19,0.0,1.0,4.3918918918918886,1.0,1.0,1.9144144144144164,5.743243243243242,6.507823613086771,2.400426742531998,0.604551920341386,6.632290184921764,4.463015647226172,0.3378378378378457,4.391891891891902,3.0405405405405475,0.6756756756756843,1.6891891891891788,1.3513513513513402
334,CDU,900,19,1.0,0.0,5.144618302513042,1.0,0.0,3.7162162162162176,6.241109530583216,4.018492176386907,6.436699857752494,0.6756756756756772,6.756756756756758,6.7389758179231976,5.743243243243242,2.3648648648648702,1.689189189189193,7.770270270270267,1.0135135135135158,3.7162162162162176
4481,bunt.saar,900,19,1.0,0.0,5.743243243243245,1.0,0.0,2.4774774774774784,1.475817923186355,6.952347083926043,9.263869132290182,4.605263157894733,6.472261735419629,5.6899004267425255,3.7162162162162176,4.391891891891888,1.013513513513523,3.0405405405405403,1.689189189189186,1.0135135135135158
107,SPD,900,19,1.0,1.0,6.5493124703651056,1.0,1.0,2.7590090090090116,4.783072546230443,4.498577524893314,8.997155049786635,5.014224751066855,5.956614509246094,10.046230440967292,1.0135135135135158,1.3513513513513615,3.7162162162162247,0.6756756756756772,5.067567567567565,4.729729729729726
1322,SPD,900,19,0.0,1.0,6.424845898530109,0.0,1.0,4.673423423423425,14.20697012802276,9.423897581792318,1.0668563300142182,8.837126600284499,4.480796586059739,0.5334281650071233,5.067567567567572,0.6756756756756772,8.108108108108112,5.743243243243249,2.7027027027026946,5.743243243243242
936,CDU,900,19,1.0,0.0,9.696538643907063,0.0,0.0,4.335585585585584,4.569701280227605,11.504267425320052,6.881223328591744,2.1692745376955855,21.15931721194879,11.895448079658607,1.3513513513513473,0.3378378378378386,2.364864864864856,5.4054054054054035,8.108108108108105,8.445945945945951
3965,bunt.saar,900,19,0.0,0.0,3.716216216216212,0.0,0.0,2.139639639639641,4.87197724039828,0.21337126600283796,2.5960170697012828,5.529871977240397,5.494310099573248,3.591749644381224,0.3378378378378386,2.702702702702709,1.3513513513513473,4.391891891891888,3.0405405405405403,1.013513513513523
5145,bunt.saar,900,19,1.0,0.0,2.1752015173067796,1.0,1.0,1.8581081081081088,4.836415362731152,0.17780938833570303,1.9914651493598967,1.0846372688477928,3.5028449502133583,1.4580369843527734,2.7027027027027017,2.0270270270270316,2.0270270270270316,1.0135135135135158,0.3378378378378386,3.0405405405405332
2080,bunt.saar,900,19,1.0,1.0,6.451517306780466,1.0,0.0,3.7725225225225216,5.672119487908965,9.77951635846373,1.3335704125177799,5.88549075391181,12.713371266002838,3.3250355618776695,3.378378378378379,1.0135135135135087,5.4054054054054035,5.067567567567572,4.391891891891895,3.378378378378372
2509,bunt.saar,900,19,1.0,1.0,4.285206258890471,0.0,0.0,5.461711711711714,4.356330014224753,1.2980085348506378,5.938833570412527,1.618065433854909,10.49075391180655,2.00924608819345,6.418918918918919,2.364864864864863,4.729729729729733,8.445945945945951,6.418918918918926,4.391891891891888
4285,bunt.saar,900,19,0.0,0.0,5.390587956377428,0.0,1.0,3.8288288288288306,7.663584637268848,4.160739687055475,1.9559032716927405,4.711948790896159,5.2275960170697005,8.623755334281647,5.067567567567565,3.378378378378386,5.067567567567579,5.405405405405411,3.378378378378379,0.675675675675663
1307,bunt.saar,900,19,1.0,0.0,7.894736842105263,1.0,1.0,2.4774774774774806,1.546941678520625,7.325746799431002,11.148648648648646,4.854196301564727,15.433854907539114,7.059032716927462,3.378378378378379,0.6756756756756914,0.3378378378378386,3.7162162162162176,3.378378378378386,3.378378378378372
1670,DIE LINKE,900,19,0.0,0.0,3.852536747273593,0.0,0.0,2.9279279279279273,0.5867709815078399,3.8940256045519206,5.529871977240397,3.769559032716927,4.800853485064017,4.534139402560456,3.7162162162162176,1.689189189189193,2.0270270270270316,1.3513513513513473,5.743243243243242,3.0405405405405332
2323,FDP,900,19,1.0,1.0,4.537102892366048,0.0,1.0,2.9279279279279273,0.6223328591749677,8.197012802275957,3.413940256045514,1.3513513513513473,8.997155049786628,4.640825035561875,5.405405405405411,4.729729729729733,1.3513513513513473,2.364864864864863,0.6756756756756772,3.0405405405405332
3319,bunt.saar,900,19,0.0,0.0,4.756401137980087,1.0,0.0,3.1531531531531556,1.831436699857747,2.6137980085348573,6.383357041251777,0.2844950213371291,8.943812233285918,8.481507823613093,5.405405405405411,2.7027027027026946,2.7027027027026946,2.0270270270270316,1.3513513513513615,4.7297297297297405
3724,DIE LINKE,900,19,0.0,1.0,3.461356092935039,0.0,1.0,4.110360360360359,7.450213371266003,2.080369843527741,2.7916073968705533,0.7645803698435216,6.152204836415358,1.5291607396870575,8.783783783783782,0.3378378378378386,5.4054054054054035,8.108108108108105,1.0135135135135158,1.0135135135135087
1828,FDP,900,19,1.0,0.0,6.081081081081083,1.0,1.0,2.027027027027026,4.231863442389766,11.024182076813645,0.6578947368421098,6.3122332859175,11.628733997155052,2.631578947368425,2.364864864864863,0.3378378378378244,1.0135135135135158,2.0270270270270316,4.729729729729733,1.689189189189186
5166,bunt.saar,900,19,0.0,1.0,2.3559743954480807,0.0,1.0,2.4211711711711743,2.7916073968705533,1.7247510668563208,0.9068278805120968,5.245376955903275,0.5689900426742582,2.8982930298719793,3.0405405405405332,1.3513513513513686,2.0270270270270316,1.3513513513513544,2.3648648648648702,4.391891891891888
1593,CDU,900,19,1.0,1.0,2.791607396870552,1.0,1.0,3.1531531531531507,0.1422475106685539,0.16002844950213557,6.578947368421048,0.6934566145092447,4.587482219061165,4.587482219061165,3.378378378378372,5.405405405405411,1.689189189189186,1.0135135135135087,3.378378378378372,4.054054054054056
3072,Die Grünen,900,19,1.0,0.0,6.205547652916073,1.0,1.0,3.0968468468468493,2.5426742532005733,0.4267425320056759,8.748221906116655,3.058321479374108,11.21977240398293,11.237553342816497,2.364864864864863,0.3378378378378386,4.7297297297297405,3.0405405405405403,4.391891891891888,3.7162162162162247
3398,Die Grünen,900,19,1.0,0.0,5.325391180654338,1.0,1.0,2.195945945945944,2.151493598862025,3.9295874822190555,5.014224751066848,4.018492176386914,10.864153627311524,5.974395448079662,1.3513513513513473,1.0135135135135087,2.3648648648648702,3.7162162162162105,1.3513513513513544,3.378378378378372
4073,SPD,900,19,0.0,0.0,3.971076339497389,0.0,0.0,2.1959459459459425,1.1735419630156443,4.054054054054056,0.8890469416785152,12.055476529160735,4.19630156472261,1.4580369843527734,3.7162162162162176,0.6756756756756701,2.7027027027026946,0.6756756756756701,1.689189189189186,3.7162162162162176
2447,bunt.saar,900,19,1.0,1.0,4.057017543859652,1.0,1.0,3.6599099099099064,0.4445234708392647,2.418207681365587,5.761024182076824,3.6095305832147915,8.534850640113788,3.5739687055476566,3.7162162162162176,1.3513513513513402,5.4054054054054035,1.689189189189186,4.054054054054049,5.743243243243242
1088,Die Grünen,900,19,0.0,0.0,5.876600284495023,0.0,1.0,1.5202702702702702,0.4445234708392647,0.32005689900426404,12.748933143670001,0.3378378378378386,14.935988620199147,6.472261735419622,2.7027027027027017,3.0405405405405332,0.0,0.3378378378378386,1.0135135135135158,2.0270270270270316
3810,DIE LINKE,900,19,1.0,1.0,1.7336415362731128,0.0,0.0,2.0833333333333344,0.9246088193456643,2.3826458036984306,0.26671408250354744,1.1379800853485094,5.4765291607396875,0.21337126600283796,2.702702702702709,2.7027027027026946,0.6756756756756843,5.067567567567565,0.3378378378378386,1.0135135135135158
5209,bunt.saar,900,19,1.0,1.0,2.2492887624466555,1.0,1.0,4.222972972972978,1.2980085348506378,0.3022759601707037,1.1557610241820697,6.98790896159317,3.3605974395447973,0.3911806543385552,1.689189189189193,2.364864864864856,6.081081081081081,1.3513513513513544,7.094594594594611,6.756756756756772
1002,Die Grünen,900,19,1.0,0.0,5.589141773352303,1.0,1.0,1.4639639639639626,9.103840682788054,5.2275960170697005,5.316500711237566,2.7027027027026946,8.570412517780944,2.6137980085348573,2.364864864864856,0.3378378378378386,1.6891891891891788,0.6756756756756843,0.6756756756756701,3.0405405405405475
3229,FDP,900,19,1.0,0.0,4.314841156946419,1.0,1.0,5.799549549549547,0.0,3.94736842105263,8.499288762446653,3.058321479374115,7.716927453769557,2.6671408250355597,10.13513513513513,2.364864864864863,7.432432432432428,9.121621621621621,0.6756756756756772,5.067567567567565
1160,FDP,900,19,1.0,1.0,2.904220009483167,0.0,1.0,2.0833333333333344,5.298719772403977,1.1557610241820768,5.583214793741114,1.7069701280227676,1.973684210526315,1.7069701280227534,1.3513513513513473,0.6756756756756772,2.364864864864863,1.013513513513523,4.729729729729733,2.364864864864863
1476,FDP,900,19,0.0,0.0,5.639521100047414,0.0,1.0,3.8288288288288244,11.095305832147936,2.86273115220483,2.43598862019914,11.201991465149362,3.2183499288762505,3.022759601706966,2.0270270270270245,6.756756756756751,5.4054054054054035,3.378378378378372,2.0270270270270245,3.378378378378372
1909,Die Grünen,900,19,1.0,1.0,3.686581318160266,1.0,0.0,1.8018018018018036,0.9246088193456643,4.42745376955903,4.285206258890469,0.32005689900427114,8.641536273115221,3.52062588904694,0.6756756756756843,0.3378378378378386,2.0270270270270316,2.364864864864863,3.378378378378386,2.0270270270270174
1471,CDU,900,19,1.0,1.0,2.4300616405879594,1.0,1.0,1.4639639639639672,4.391891891891902,0.6223328591749677,0.5867709815078257,4.623044096728307,2.329302987197721,2.0270270270270316,1.3513513513513686,1.0135135135135087,2.364864864864863,2.364864864864856,1.013513513513523,0.6756756756756843
3853,CDU,900,19,1.0,0.0,3.609530583214788,1.0,1.0,0.7882882882882924,1.7247510668563208,3.520625889046933,2.5248933143669916,4.285206258890469,5.1031294452347,4.498577524893314,1.01351351351353,0.3378378378378386,0.3378378378378386,0.3378378378378386,1.3513513513513615,1.3513513513513473
3814,bunt.saar,900,19,1.0,1.0,3.7221431958274067,1.0,1.0,2.9279279279279264,2.5960170697012828,2.275960170697026,6.063300142247506,0.5334281650071091,9.530583214793744,1.3335704125177728,1.3513513513513473,3.7162162162162176,4.391891891891902,0.3378378378378315,3.7162162162162105,4.054054054054049
1833,Die Grünen,900,19,0.0,0.0,2.3144855381697496,1.0,1.0,3.434684684684683,2.115931721194869,1.262446657183503,2.5960170697012828,1.1379800853485094,4.516358463726888,2.258179231863444,1.689189189189186,3.378378378378379,5.067567567567558,2.7027027027027017,4.054054054054056,3.7162162162162176
1023,FDP,900,19,1.0,1.0,6.294452347083923,1.0,1.0,1.6891891891891888,11.308677098150774,5.334281650071119,2.5960170697012863,13.05120910384067,0.8890469416785152,4.587482219061169,0.6756756756756772,2.364864864864863,1.3513513513513544,3.7162162162162105,0.0,2.027027027027028
4857,bunt.saar,900,19,1.0,1.0,4.928283546704598,0.0,1.0,2.195945945945946,0.6401137980085352,2.8271692745376953,5.26315789473685,4.871977240398294,14.242532005689895,1.7247510668563137,1.3513513513513544,1.689189189189193,1.0135135135135158,6.418918918918919,0.6756756756756772,2.0270270270270174
4909,FDP,900,19,0.0,0.0,6.078117591275491,1.0,1.0,3.040540540540539,7.770270270270274,5.600995732574688,6.596728307254629,8.499288762446653,0.9957325746799484,7.005689900426752,3.7162162162162176,3.0405405405405332,4.054054054054056,3.378378378378379,3.7162162162162176,0.3378378378378315
444,FDP,900,19,1.0,0.0,3.419867235656708,1.0,0.0,2.984234234234235,1.2980085348506378,4.267425320056894,2.6493598862019923,0.8534850640113802,9.068278805120912,2.3826458036984306,2.702702702702709,1.689189189189186,0.0,1.3513513513513544,6.418918918918919,5.743243243243242
766,bunt.saar,900,19,1.0,0.0,2.112968231389283,1.0,0.0,5.9684684684684655,2.435988620199147,2.0625889046941595,4.409672830725462,1.0490753911806507,1.4224751066856385,1.2980085348506378,5.743243243243249,1.3513513513513402,8.108108108108105,8.783783783783775,4.054054054054063,7.7702702702702595
3806,FDP,900,19,1.0,1.0,2.480440967283073,1.0,1.0,3.7162162162162162,0.7467994310099613,3.0405405405405403,2.115931721194876,0.9957325746799413,5.88549075391181,2.0981507823613086,5.743243243243242,3.0405405405405403,6.081081081081081,2.0270270270270316,4.054054054054049,1.3513513513513544
3974,CDU,900,19,1.0,0.0,6.001066856330013,1.0,1.0,2.364864864864868,5.298719772403977,2.7027027027027017,10.348506401137975,10.757467994310097,1.511379800853483,5.387624466571843,1.013513513513523,3.378378378378379,2.364864864864863,1.013513513513523,2.7027027027027017,3.7162162162162176
205,CDU,900,19,1.0,1.0,4.039236605026079,0.0,1.0,1.1261261261261204,5.885490753911803,1.5825035561877598,1.4580369843527734,9.246088193456615,1.2091038406827934,4.854196301564727,1.689189189189186,0.3378378378378244,1.0135135135135087,2.364864864864863,0.3378378378378315,1.0135135135135087
1627,FDP,900,19,1.0,1.0,4.531175912754861,1.0,1.0,2.4211711711711725,7.948079658605984,3.0405405405405403,0.7467994310099542,2.8271692745376953,8.819345661450928,3.8051209103840655,1.689189189189186,4.054054054054056,1.689189189189193,2.702702702702709,1.0135135135135158,3.3783783783783754
2458,FDP,900,19,1.0,0.0,2.8597676623992414,1.0,1.0,2.027027027027028,4.071834992887624,3.9651493598862046,4.445234708392604,1.1735419630156514,3.022759601706966,0.4800853485063996,0.3378378378378386,3.0405405405405403,3.378378378378379,2.0270270270270316,0.0,3.378378378378379
4772,bunt.saar,900,19,0.0,0.0,9.044570886676151,1.0,0.0,4.222972972972975,6.881223328591744,0.7645803698435287,14.722617354196316,5.95661450924608,14.100284495021342,11.842105263157897,3.0405405405405546,0.675675675675663,5.743243243243256,4.729729729729726,5.4054054054054035,5.743243243243242
2528,FDP,900,19,0.0,0.0,4.19333807491702,0.0,1.0,2.027027027027026,0.4267425320056759,8.623755334281647,3.1472261735419664,7.4146514935988606,2.880512091038412,2.6671408250355597,1.689189189189193,0.0,3.378378378378372,2.0270270270270316,4.054054054054049,1.0135135135135087
2243,FDP,900,19,1.0,0.0,4.249644381223329,1.0,1.0,1.0698198198198163,7.859174964438118,6.899004267425319,1.689189189189186,3.6806543385490826,4.587482219061165,0.7823613086771033,1.0135135135135087,0.6756756756756772,1.3513513513513544,0.675675675675663,1.689189189189186,1.0135135135135087
2614,bunt.saar,900,19,1.0,1.0,4.975699383594116,1.0,1.0,1.8018018018017965,3.982930298719765,0.3378378378378386,7.325746799431002,2.951635846372689,8.463726884779526,6.792318634423879,3.0405405405405332,3.0405405405405332,0.0,0.6756756756756772,2.364864864864856,1.6891891891891788
1517,FDP,900,19,0.0,1.0,4.969772403982932,0.0,1.0,1.6328828828828794,2.9694167852062563,5.885490753911803,5.0497866287340045,4.623044096728307,8.60597439544808,2.6849217638691414,2.7027027027026946,1.689189189189193,0.6756756756756701,0.6756756756756772,3.0405405405405332,1.0135135135135087
3342,FDP,900,19,0.0,1.0,1.8314366998577494,0.0,1.0,5.855855855855855,0.1422475106685539,0.46230440967283215,3.876244665718346,5.103129445234707,1.0490753911806507,0.35561877667140607,1.0135135135135016,5.067567567567565,6.081081081081081,8.108108108108105,9.797297297297298,5.067567567567579
613,SPD,900,19,0.0,0.0,6.934566145092467,0.0,0.0,5.011261261261264,5.51209103840683,1.8847795163584706,10.06401137980086,3.342816500711244,11.059743954480808,9.743954480796589,0.3378378378378457,2.3648648648648702,5.067567567567565,1.3513513513513473,10.810810810810814,10.135135135135144
907,FDP,900,19,0.0,0.0,5.09720246562352,1.0,1.0,4.560810810810811,3.94736842105263,2.489331436699864,4.231863442389766,13.335704125177806,1.0668563300142253,5.51209103840683,5.4054054054054035,7.432432432432435,4.391891891891895,1.0135135135135158,4.391891891891895,4.729729729729726
5037,FDP,900,19,0.0,1.0,3.9206970128022802,0.0,1.0,2.9279279279279273,5.45874822190612,4.000711237553347,5.0497866287340045,5.4765291607396875,3.1472261735419664,0.3911806543385552,4.391891891891888,5.4054054054054035,0.0,1.6891891891892001,1.689189189189186,4.391891891891888
2345,DIE LINKE,900,19,1.0,0.0,5.692863916548126,1.0,0.0,1.5765765765765731,3.0049786628733983,4.000711237553347,8.97937411095306,2.3115220483641536,11.024182076813645,4.836415362731152,1.689189189189193,0.675675675675663,3.0405405405405403,1.0135135135135087,1.3513513513513473,1.689189189189186
3280,Die Grünen,900,19,0.0,1.0,6.602655286865809,0.0,0.0,2.083333333333338,2.115931721194869,6.916785206258886,9.797297297297305,2.86273115220483,13.424608819345657,4.498577524893307,1.689189189189186,0.3378378378378386,1.6891891891892072,2.7027027027027017,2.702702702702709,3.378378378378386
1012,FDP,900,19,0.0,1.0,2.1366761498340487,1.0,1.0,2.027027027027023,2.3826458036984377,2.471550497866289,0.3556187766714132,1.6002844950213486,0.9246088193456643,5.0853485064011394,1.0135135135135087,1.0135135135135158,3.7162162162162105,5.067567567567558,1.0135135135135158,0.3378378378378315
896,bunt.saar,900,19,1.0,1.0,6.43669985775249,1.0,1.0,0.0,3.413940256045521,4.018492176386907,9.032716927453777,0.5334281650071091,11.87766714082504,9.743954480796589,0.0,0.0,0.0,0.0,0.0,0.0
3389,Die Grünen,900,19,0.0,0.0,7.177572309151254,0.0,0.0,3.322072072072069,6.169985775248925,3.8229018492176436,12.908961593172116,1.0490753911806507,12.464438122332865,6.650071123755325,7.770270270270274,0.6756756756756701,2.7027027027026946,7.094594594594589,0.3378378378378386,1.3513513513513473
1291,bunt.saar,900,19,1.0,0.0,4.854196301564726,1.0,1.0,1.0698198198198223,2.293741109530586,2.738264580369851,6.152204836415365,0.9246088193456643,11.34423897581793,5.672119487908958,0.6756756756756772,1.01351351351353,1.3513513513513402,2.3648648648648702,1.0135135135135158,0.0
3161,FDP,900,19,1.0,1.0,5.7936225699383606,1.0,1.0,4.222972972972973,3.3961593172119606,2.7560455192034112,6.187766714082507,4.783072546230443,7.645803698435273,9.992887624466569,4.054054054054063,1.689189189189186,3.378378378378379,0.0,6.081081081081081,10.13513513513513
4423,DIE LINKE,900,19,1.0,0.0,2.5900900900900914,0.0,0.0,4.617117117117117,0.2489331436699942,2.3470839260312957,1.1557610241820626,8.12588904694168,2.809388335704128,0.8534850640113874,1.689189189189193,1.0135135135135158,5.4054054054054035,3.378378378378379,7.770270270270267,8.445945945945944
983,SPD,900,19,1.0,0.0,3.4939544807965865,1.0,1.0,1.407657657657656,0.0,7.112375533428171,5.352062588904687,2.0625889046941666,4.409672830725462,2.0270270270270316,0.0,2.7027027027026946,1.689189189189193,0.0,1.3513513513513544,2.7027027027026946
3081,Die Grünen,900,19,1.0,1.0,7.257586533902327,1.0,1.0,0.9572072072072034,0.9423897581792318,5.192034139402573,10.295163584637265,0.8534850640113874,16.749644381223334,9.51280227596017,0.3378378378378457,0.675675675675663,1.3513513513513402,0.6756756756756772,2.364864864864856,0.3378378378378386
2849,FDP,900,19,0.0,1.0,1.763276434329068,1.0,1.0,2.0270270270270294,0.9957325746799413,2.560455192034155,0.6045519203413932,1.9914651493598896,1.3691322901849219,3.058321479374108,2.0270270270270316,2.702702702702709,1.689189189189193,2.364864864864856,2.3648648648648702,1.0135135135135158
614,FDP,900,19,1.0,0.0,4.981626363205311,1.0,1.0,2.2522522522522563,6.116642958748223,3.0405405405405403,1.0668563300142253,6.863442389758184,11.78876244665718,1.0135135135135087,1.3513513513513473,3.0405405405405475,3.0405405405405475,0.3378378378378457,1.689189189189193,4.054054054054056
3145,Die Grünen,900,19,0.0,0.0,5.337245139876714,0.0,0.0,4.166666666666663,5.03200568990043,7.307965860597427,0.7645803698435216,4.498577524893314,12.375533428165,2.044807965860592,6.756756756756751,0.675675675675663,3.0405405405405475,10.472972972972975,1.0135135135135087,3.0405405405405332
823,bunt.saar,900,19,1.0,1.0,4.276315789473681,1.0,1.0,4.448198198198195,2.400426742532005,4.0362731152204745,7.539118065433854,2.8449502133712627,7.556899004267422,1.2802275960170704,4.391891891891895,0.6756756756756772,4.391891891891888,6.418918918918919,4.054054054054049,6.756756756756744
2249,CDU,900,19,1.0,0.0,6.312233285917497,1.0,1.0,0.8445945945945977,2.6849217638691343,6.952347083926028,5.0853485064011394,8.214793741109531,10.11735419630157,4.818634423897578,0.6756756756756843,0.6756756756756843,0.6756756756756701,0.3378378378378386,1.689189189189193,1.0135135135135158
3738,Die Grünen,900,19,0.0,0.0,9.622451398767188,1.0,1.0,1.407657657657655,4.409672830725462,10.348506401137975,10.401849217638691,6.792318634423893,12.606685633001433,13.175675675675677,0.3378378378378386,0.3378378378378386,0.6756756756756772,3.7162162162162105,1.0135135135135016,2.364864864864863
3819,bunt.saar,900,19,1.0,0.0,5.870673304883834,1.0,1.0,1.5765765765765731,8.090327169274545,0.8534850640113802,6.952347083926043,2.6493598862019923,10.846372688477949,5.832147937411094,2.7027027027027017,0.0,2.0270270270270174,3.0405405405405403,0.6756756756756772,1.0135135135135016
4622,SPD,900,19,0.0,0.0,6.267780938833568,1.0,1.0,2.5900900900900887,2.0625889046941666,0.7112375533428192,12.71337126600283,5.600995732574688,7.788051209103834,8.730440967283073,1.0135135135135158,0.0,4.054054054054035,2.702702702702709,3.7162162162162105,4.054054054054063
339,bunt.saar,900,19,1.0,1.0,2.865694642010427,1.0,0.0,0.5630630630630667,3.520625889046933,2.00924608819345,1.1379800853485023,3.378378378378379,5.95661450924608,1.1913229018492189,0.3378378378378386,0.6756756756756843,0.0,0.3378378378378386,1.013513513513523,1.0135135135135158
3191,FDP,900,19,1.0,0.0,4.222972972972974,1.0,1.0,1.0698198198198205,5.2275960170697005,1.7425320056899025,6.312233285917493,8.997155049786635,2.8982930298719793,0.16002844950213202,1.0135135135135087,1.0135135135135158,1.3513513513513473,1.01351351351353,1.689189189189186,0.33783783783783505
2863,Die Grünen,900,19,1.0,1.0,3.7339971550497837,1.0,1.0,2.1959459459459425,6.436699857752494,3.3605974395447973,2.151493598862018,5.03200568990043,2.9871977240398238,2.43598862019914,1.3513513513513473,2.0270270270270174,3.0405405405405475,1.689189189189186,0.6756756756756701,4.391891891891888
4419,FDP,900,19,1.0,0.0,5.977358937885253,1.0,0.0,2.083333333333337,9.619487908961581,7.965860597439537,1.9914651493598896,5.0497866287340045,6.009957325746804,5.2275960170697005,1.0135135135135016,0.3378378378378457,3.0405405405405403,1.6891891891892072,3.378378378378379,3.0405405405405475
2127,Die Grünen,900,19,0.0,0.0,4.957918444760554,1.0,0.0,2.4211711711711756,0.5512091038406766,0.6756756756756772,7.02347083926032,2.3115220483641536,11.842105263157897,7.343527738264598,3.0405405405405475,0.6756756756756772,3.0405405405405546,2.7027027027027017,1.0135135135135087,4.054054054054063
391,Die Grünen,900,19,0.0,1.0,8.451872925557135,0.0,1.0,4.617117117117123,3.1294452347083777,3.09388335704125,13.72688477951636,2.9338549075391214,16.198435277382643,11.628733997155052,2.702702702702709,2.0270270270270316,6.081081081081095,5.743243243243249,5.067567567567565,6.081081081081088
2680,CDU,900,19,1.0,0.0,3.5176623992413476,1.0,1.0,4.335585585585584,1.973684210526315,1.8847795163584706,1.1379800853485094,6.7745376955903325,4.054054054054049,5.28093883357041,3.378378378378372,4.391891891891895,5.4054054054054035,3.0405405405405332,4.729729729729726,5.067567567567572
2206,FDP,900,19,0.0,0.0,3.4376481744902825,0.0,1.0,1.2387387387387356,1.2802275960170775,8.428165007112383,0.40896159317212266,6.294452347083926,1.831436699857747,2.3826458036984377,3.7162162162162176,0.3378378378378315,0.6756756756756772,1.6891891891891788,0.0,1.0135135135135087
81,bunt.saar,900,19,1.0,0.0,6.205547652916074,1.0,1.0,4.786036036036038,5.7254623044096675,5.2275960170697005,6.436699857752494,2.3470839260312886,13.620199146514935,3.8762446657183602,2.702702702702709,1.3513513513513473,7.0945945945945965,6.081081081081081,4.391891891891902,7.0945945945945965
1447,Die Grünen,900,19,1.0,0.0,8.475580844001898,1.0,1.0,4.279279279279279,6.063300142247506,4.302987197724043,9.317211948790913,6.258890469416791,12.802275960170697,12.108819345661445,2.0270270270270245,0.6756756756756701,6.081081081081095,4.054054054054056,6.756756756756758,6.0810810810810665
5073,CDU,900,19,1.0,1.0,1.588430535798956,1.0,1.0,0.9009009009009018,1.9203413940255984,0.9957325746799413,2.2226173541963092,1.2980085348506378,2.8449502133712556,0.2489331436699942,2.0270270270270316,2.0270270270270316,0.3378378378378457,0.3378378378378315,0.6756756756756701,0.0
2003,SPD,900,19,0.0,1.0,5.440967283072552,0.0,1.0,3.6599099099099135,1.3157894736842124,0.5334281650071233,10.384068278805131,0.7290184921763867,11.201991465149362,8.481507823613093,3.0405405405405403,1.3513513513513544,3.378378378378386,2.7027027027027017,8.108108108108112,3.378378378378386
1699,DIE LINKE,900,19,0.0,0.0,4.36818397344713,0.0,1.0,1.6328828828828879,6.934566145092461,2.00924608819345,6.899004267425312,1.511379800853483,6.258890469416791,2.5960170697012828,1.3513513513513615,1.013513513513523,2.0270270270270316,0.0,1.689189189189193,3.7162162162162176
2308,bunt.saar,900,19,1.0,0.0,4.0777619724988154,1.0,1.0,2.5900900900900865,5.88549075391181,1.9203413940255984,8.481507823613093,1.404694167852064,3.805120910384062,2.9694167852062634,0.0,4.054054054054049,3.0405405405405332,1.3513513513513544,4.054054054054049,3.0405405405405332
973,Die Grünen,900,19,0.0,1.0,6.881223328591749,0.0,1.0,1.85810810810811,6.792318634423893,7.254623044096725,7.485775248933152,5.2275960170697005,11.36201991465149,3.165007112375534,0.6756756756756701,2.0270270270270174,2.702702702702709,0.6756756756756843,3.7162162162162247,1.3513513513513544
67,FDP,900,19,1.0,1.0,3.162043622569937,1.0,1.0,1.2950450450450457,4.267425320056894,3.2894736842105345,1.2268847795163538,5.743243243243242,4.42745376955903,0.01778093883356746,1.0135135135135158,0.6756756756756772,1.3513513513513473,1.689189189189193,0.6756756756756772,2.364864864864863
5084,FDP,900,19,1.0,0.0,4.92235656709341,1.0,0.0,1.9144144144144153,6.152204836415365,7.076813655761022,5.654338549075398,0.9601706970128063,3.3961593172119535,6.294452347083919,0.6756756756756772,0.6756756756756843,3.378378378378372,0.6756756756756701,3.7162162162162176,2.3648648648648702
1235,FDP,900,19,1.0,1.0,3.369487908961594,1.0,1.0,2.8153153153153156,1.1379800853485094,1.9914651493598896,3.236130867709811,2.5960170697012828,9.850640113798008,1.404694167852064,4.391891891891895,1.689189189189186,3.0405405405405332,5.743243243243249,1.689189189189193,0.3378378378378386
2622,FDP,900,19,1.0,1.0,3.3872688477951605,1.0,1.0,0.6756756756756742,3.485064011379805,1.4224751066856243,2.6137980085348502,2.791607396870546,7.503556187766712,2.507112375533424,0.6756756756756701,0.0,0.3378378378378386,0.3378378378378386,1.689189189189186,1.0135135135135123
1602,FDP,900,19,1.0,1.0,3.805120910384069,1.0,1.0,1.5765765765765754,2.329302987197721,2.009246088193457,3.1472261735419664,2.8271692745376953,9.690611664295872,2.8271692745377024,1.3513513513513615,1.3513513513513473,1.0135135135135087,3.378378378378372,2.0270270270270245,0.3378378378378386
851,bunt.saar,900,19,1.0,0.0,4.679350403034614,1.0,1.0,1.3513513513513498,1.8847795163584706,2.916073968705547,7.290184921763881,1.7069701280227534,9.60170697012802,4.67638691322901,1.3513513513513473,0.6756756756756772,1.0135135135135016,1.689189189189186,0.3378378378378386,3.0405405405405475
3692,SPD,900,19,0.0,1.0,2.124822190611662,0.0,1.0,2.5337837837837873,0.9068278805120897,4.498577524893314,1.0490753911806578,2.1692745376955855,2.293741109530579,1.831436699857747,1.689189189189193,0.6756756756756772,5.067567567567565,2.3648648648648702,2.702702702702709,2.702702702702709
2837,DIE LINKE,900,19,1.0,0.0,2.332266477003318,0.0,1.0,6.081081081081082,0.21337126600283796,0.9068278805120897,1.7425320056899025,2.5426742532005733,0.03556187766713492,8.55263157894737,9.121621621621614,3.378378378378379,6.756756756756758,4.054054054054056,5.743243243243249,7.432432432432435
1888,bunt.saar,900,19,0.0,0.0,5.458748221906116,1.0,1.0,2.3648648648648667,1.4224751066856385,1.8669985775248819,6.738975817923183,4.37411095305832,9.77951635846373,8.570412517780937,1.689189189189186,1.6891891891891788,3.378378378378386,2.3648648648648702,2.3648648648648702,2.702702702702709
4272,FDP,900,19,0.0,1.0,3.209459459459461,1.0,1.0,2.308558558558559,0.21337126600283796,6.098862019914655,0.6223328591749677,4.9075391180654435,0.2489331436699871,7.1657183499288735,4.054054054054056,0.0,1.0135135135135158,5.405405405405411,1.0135135135135087,2.364864864864863
4438,FDP,900,19,0.0,0.0,5.4350403034613555,0.0,1.0,3.4346846846846844,7.112375533428171,1.1557610241820626,5.387624466571836,9.228307254623047,4.285206258890469,5.4409672830725455,1.689189189189186,5.4054054054054035,5.743243243243242,2.364864864864863,4.054054054054056,1.3513513513513544
934,Die Grünen,900,19,1.0,0.0,8.01920341394025,1.0,1.0,4.279279279279276,4.2140825035561775,4.19630156472261,12.215504978662878,0.40896159317211556,14.02916073968705,13.05120910384067,4.729729729729726,0.6756756756756772,6.756756756756758,4.391891891891895,6.418918918918905,2.7027027027026946
3580,FDP,900,19,1.0,1.0,1.6121384542437174,0.0,0.0,4.842342342342342,2.916073968705547,1.262446657183503,1.0312944523470833,0.6756756756756772,3.5739687055476566,0.21337126600283796,1.0135135135135087,3.0405405405405403,7.770270270270274,4.391891891891895,6.081081081081081,6.756756756756758
1420,FDP,900,19,1.0,0.0,2.5219298245613992,1.0,0.0,1.0698198198198223,3.6450924608819264,2.5248933143669987,2.0981507823613086,0.4800853485063925,1.5647226173541924,4.818634423897578,0.6756756756756843,0.0,2.7027027027027017,0.0,1.3513513513513544,1.689189189189193
4921,FDP,900,19,1.0,1.0,3.2242769084874325,1.0,1.0,4.729729729729726,1.0846372688477999,4.480796586059739,4.818634423897578,0.9779516358463738,2.578236130867701,5.4054054054054035,1.3513513513513473,5.4054054054054035,6.418918918918919,3.378378378378372,5.4054054054054035,6.418918918918912
37,bunt.saar,900,19,1.0,1.0,6.593764817449029,1.0,1.0,6.306306306306308,3.058321479374115,1.7425320056898954,9.086059743954486,1.6714082503556256,16.802987197724036,7.2012802275960155,3.0405405405405403,2.7027027027027017,7.432432432432435,6.756756756756765,9.459459459459453,8.445945945945951
2935,bunt.saar,900,19,1.0,0.0,3.2390943575154054,1.0,1.0,1.9144144144144175,0.0,0.4267425320056759,7.788051209103834,3.733997155049785,0.8357041251778128,6.650071123755325,1.0135135135135087,3.0405405405405475,1.01351351351353,1.0135135135135158,2.702702702702709,2.7027027027026946
2305,CDU,900,19,1.0,1.0,4.477833096254148,0.0,1.0,6.531531531531532,3.6450924608819335,2.43598862019914,7.521337126600287,0.6223328591749677,8.55263157894737,4.089615931721191,3.378378378378379,7.0945945945945965,5.743243243243249,6.756756756756751,8.783783783783782,7.432432432432435
4457,CDU,900,19,0.0,0.0,4.981626363205309,0.0,1.0,2.027027027027028,8.783783783783782,5.672119487908965,0.6401137980085352,4.498577524893314,8.392603129445227,1.902560455192031,1.3513513513513473,1.689189189189186,3.0405405405405475,4.054054054054056,2.0270270270270316,0.0
3506,SPD,900,19,0.0,0.0,4.528212422949269,1.0,0.0,2.0270270270270268,6.952347083926043,1.9381223328591872,3.982930298719765,0.6223328591749677,6.063300142247506,7.610241820768145,2.7027027027027017,2.702702702702716,1.0135135135135087,1.689189189189193,1.0135135135135016,3.0405405405405403
2848,FDP,900,19,0.0,0.0,4.626007586533906,1.0,1.0,1.1824324324324327,4.569701280227605,4.320768136557611,1.7425320056899025,5.938833570412527,7.876955903271693,3.307254623044102,1.3513513513513473,2.702702702702709,0.3378378378378386,0.3378378378378315,1.3513513513513544,1.0135135135135158
2392,FDP,900,19,0.0,0.0,4.142958748221908,0.0,1.0,3.603603603603607,6.063300142247513,0.16002844950213557,0.9957325746799413,1.831436699857747,11.806543385490762,4.000711237553347,0.6756756756756843,4.391891891891902,5.067567567567565,3.7162162162162176,1.3513513513513473,6.418918918918926
1724,FDP,900,19,1.0,1.0,3.4821005215742034,1.0,1.0,0.8445945945945953,1.3335704125177799,2.880512091038412,4.320768136557611,0.4267425320056759,5.3698435277382615,6.56116642958748,2.0270270270270245,1.3513513513513544,0.0,0.0,1.3513513513513544,0.3378378378378386
4179,bunt.saar,900,19,0.0,0.0,4.8690137505927,0.0,1.0,2.477477477477476,2.258179231863444,0.8357041251778128,7.6635846372688405,6.383357041251777,5.316500711237566,6.756756756756758,3.378378378378379,2.0270270270270316,1.3513513513513402,5.067567567567565,0.6756756756756843,2.364864864864856
1100,bunt.saar,900,19,1.0,1.0,3.4257942152679006,0.0,1.0,5.574324324324329,3.982930298719772,4.711948790896166,1.1024182076813673,4.338549075391178,2.9338549075391143,3.485064011379805,4.7297297297297405,2.702702702702716,5.067567567567579,6.756756756756758,4.054054054054049,10.13513513513513
2318,SPD,900,19,0.0,0.0,4.723802750118536,1.0,0.0,1.9144144144144153,10.544096728307252,5.778805120910384,0.49786628733995997,5.156472261735409,5.2275960170697005,1.1379800853485094,3.378378378378379,4.054054054054056,1.3513513513513615,1.3513513513513473,1.0135135135135087,0.3378378378378386
4476,FDP,900,19,0.0,1.0,5.192034139402559,0.0,1.0,1.5765765765765778,1.5647226173541924,6.1877667140825,9.014935988620195,4.569701280227605,4.729729729729726,5.0853485064011394,3.0405405405405403,1.013513513513523,0.6756756756756701,0.6756756756756701,3.0405405405405475,1.0135135135135158
1391,bunt.saar,900,19,1.0,0.0,5.224632527264107,1.0,1.0,2.139639639639635,0.8001422475106708,6.863442389758184,5.2275960170697005,0.7467994310099542,13.033428165007123,4.67638691322901,1.3513513513513473,0.0,1.3513513513513402,1.3513513513513473,5.4054054054054035,3.378378378378372
555,DIE LINKE,900,19,0.0,1.0,1.268373636794692,1.0,1.0,5.123873873873873,5.707681365576107,0.7467994310099613,0.8179231863442382,0.12446657183499354,0.053342816500716594,0.16002844950213557,5.067567567567572,4.391891891891888,6.081081081081088,2.3648648648648702,6.756756756756751,6.081081081081074
3167,SPD,900,19,1.0,1.0,5.523944997629209,1.0,0.0,2.590090090090088,3.94736842105263,4.836415362731152,6.54338549075392,6.401137980085352,2.7738264580369787,8.641536273115221,2.7027027027026946,3.7162162162162176,3.7162162162162176,2.0270270270270245,3.0405405405405332,0.3378378378378386
1532,FDP,900,19,1.0,0.0,4.1222143195827385,1.0,0.0,2.984234234234235,8.730440967283073,0.37339971550497353,5.2275960170697005,1.2980085348506378,7.876955903271693,1.2268847795163538,1.0135135135135158,1.689189189189186,5.405405405405411,0.6756756756756772,5.4054054054054035,3.7162162162162176
2657,bunt.saar,900,19,0.0,1.0,5.92105263157895,1.0,1.0,2.984234234234235,1.3335704125177799,1.8136557610241795,10.330725462304414,2.7560455192034183,15.807254623044102,3.485064011379805,6.756756756756765,1.689189189189193,1.689189189189193,6.081081081081081,1.0135135135135158,0.675675675675663
742,CDU,900,19,1.0,1.0,2.080369843527739,0.0,1.0,2.0833333333333357,0.8179231863442311,0.17780938833571014,4.142958748221908,3.022759601706973,3.129445234708392,1.1913229018492189,0.0,0.3378378378378457,3.378378378378386,4.729729729729726,3.0405405405405403,1.0135135135135158
6,Die Grünen,900,19,1.0,0.0,9.5572546230441,1.0,1.0,3.8288288288288315,3.876244665718353,2.3648648648648702,12.944523470839272,10.526315789473685,18.083214793741114,9.548364153627304,3.0405405405405475,0.675675675675663,6.756756756756772,3.0405405405405403,6.756756756756758,2.702702702702709
63,FDP,900,19,0.0,1.0,7.005689900426742,1.0,1.0,1.6328828828828825,1.7780938833570303,6.863442389758184,7.823613086770983,11.130867709815078,5.867709815078239,8.570412517780941,1.3513513513513473,1.689189189189193,1.6891891891891895,1.689189189189193,1.3513513513513509,2.027027027027021
225,DIE LINKE,900,19,1.0,0.0,4.726766239924135,1.0,0.0,2.8153153153153156,2.1692745376955855,1.1735419630156514,5.5476529160739645,1.795874822190612,12.67780938833571,4.996443812233288,5.4054054054054035,1.0135135135135158,1.3513513513513544,2.7027027027027017,3.0405405405405403,3.378378378378379
4060,FDP,900,19,1.0,0.0,6.564129919393076,1.0,0.0,2.984234234234234,0.053342816500716594,10.206258890469414,7.983641536273112,3.307254623044095,9.619487908961588,8.214793741109531,9.121621621621621,1.0135135135135158,3.378378378378379,0.3378378378378315,1.689189189189193,2.364864864864863
1790,FDP,900,19,1.0,1.0,3.6213845424371733,1.0,1.0,1.126126126126124,3.591749644381224,2.1692745376955926,3.5384068278805074,8.054765291607396,2.720483641536269,1.653627311522051,4.054054054054042,1.0135135135135158,1.0135135135135087,0.0,0.3378378378378386,0.3378378378378386
1214,FDP,900,19,0.0,0.0,4.243717401612138,0.0,0.0,1.5202702702702702,4.267425320056894,3.022759601706973,1.2446657183499354,2.9694167852062563,6.827880512091042,7.130156472261731,0.3378378378378386,3.0405405405405475,1.689189189189186,1.3513513513513473,1.689189189189193,1.0135135135135087
2508,SPD,900,19,1.0,1.0,4.8215979137031795,1.0,1.0,0.7319819819819825,3.44950213371267,5.423186344238985,7.02347083926032,4.480796586059739,3.4672830725462234,5.0853485064011394,0.6756756756756701,1.3513513513513473,0.0,0.6756756756756843,1.3513513513513544,0.3378378378378386
822,bunt.saar,900,19,1.0,1.0,2.969416785206255,1.0,1.0,0.5630630630630667,1.4935988620199083,2.400426742531998,6.134423897581783,0.6934566145092447,4.8364153627311595,2.258179231863437,1.0135135135135158,0.6756756756756914,0.3378378378378244,0.0,0.6756756756756914,0.6756756756756772
2230,CDU,900,19,0.0,0.0,3.099810336652441,0.0,1.0,1.6328828828828879,2.9871977240398238,0.3022759601707037,1.9914651493598896,3.342816500711244,6.792318634423893,3.1827880512090942,0.6756756756756843,1.013513513513523,1.3513513513513544,0.6756756756756843,4.391891891891895,1.689189189189186
2760,bunt.saar,900,19,1.0,0.0,5.627667140825039,0.0,1.0,2.4774774774774784,1.8136557610241795,2.0803698435277482,8.232574679943099,7.948079658605984,6.738975817923183,6.952347083926043,1.0135135135135087,0.0,2.3648648648648702,5.743243243243249,1.3513513513513544,4.391891891891888
4765,SPD,900,19,0.0,1.0,5.245376955903268,0.0,1.0,9.68468468468468,2.5248933143669916,1.1024182076813602,10.704125177809388,10.384068278805124,0.7467994310099471,6.009957325746797,4.054054054054056,5.4054054054054035,14.864864864864856,12.162162162162161,8.108108108108098,13.513513513513502
773,FDP,900,19,1.0,0.0,4.534139402560455,1.0,1.0,2.59009009009009,10.935277382645808,3.058321479374115,0.6934566145092447,2.8449502133712556,8.357041251778092,1.3157894736842124,2.364864864864863,3.7162162162162176,0.3378378378378386,7.770270270270267,1.0135135135135158,0.3378378378378386
103,FDP,900,19,0.0,1.0,5.040896159317214,1.0,1.0,1.9144144144144128,1.795874822190612,5.4765291607396875,0.6934566145092447,8.481507823613093,10.615220483641536,3.1827880512091085,5.405405405405411,1.0135135135135087,1.689189189189193,2.0270270270270174,0.6756756756756772,0.6756756756756701
2317,FDP,900,19,1.0,1.0,2.922000948316738,1.0,1.0,2.13963963963964,1.4224751066856385,1.5647226173541924,2.5604551920341407,4.480796586059739,1.6002844950213415,5.903271692745378,2.7027027027027017,1.689189189189193,2.7027027027027053,1.0135135135135158,2.7027027027027017,2.0270270270270245
2771,bunt.saar,900,19,1.0,0.0,6.20258416311048,1.0,1.0,1.2387387387387356,4.356330014224753,3.307254623044095,7.983641536273112,2.809388335704128,13.05120910384067,5.707681365576121,0.3378378378378457,0.6756756756756701,1.3513513513513402,2.364864864864863,2.364864864864856,0.3378378378378386
4929,CDU,900,19,1.0,1.0,0.9186818397344716,1.0,1.0,2.8716216216216197,0.32005689900426404,2.6137980085348573,0.8712660028449548,0.26671408250354744,0.6401137980085352,0.8001422475106708,3.0405405405405332,0.3378378378378315,3.7162162162162105,3.0405405405405475,5.067567567567565,2.0270270270270316
3218,bunt.saar,900,19,1.0,1.0,4.566737790422001,1.0,1.0,1.8581081081081063,0.21337126600283796,7.201280227596023,4.747510668563301,6.454480796586054,3.0049786628734054,5.778805120910384,3.0405405405405403,0.3378378378378386,2.0270270270270316,4.054054054054049,0.3378378378378386,1.3513513513513402
2354,FDP,900,19,1.0,1.0,6.910858226647704,1.0,1.0,1.745495495495491,3.627311522048373,3.165007112375534,8.32147937411095,5.0497866287340045,11.664295874822194,9.63726884779517,0.3378378378378386,2.7027027027027017,1.3513513513513544,3.7162162162161962,2.0270270270270245,0.3378378378378315
20,Die Grünen,900,19,1.0,0.0,1.4698909435751528,1.0,0.0,2.5337837837837824,1.1201991465149348,4.694167852062584,1.1201991465149348,0.3911806543385481,0.37339971550498063,1.1201991465149348,1.3513513513513473,0.6756756756756772,3.0405405405405332,1.3513513513513473,4.054054054054049,4.7297297297297405
3945,bunt.saar,900,19,0.0,1.0,2.681958274063534,1.0,1.0,2.8716216216216233,1.369132290184929,1.7780938833570303,0.7467994310099471,4.516358463726888,6.347795163584635,1.3335704125177728,6.418918918918912,1.0135135135135016,2.0270270270270316,3.7162162162162176,0.6756756756756914,3.378378378378386
3880,DIE LINKE,900,19,0.0,0.0,6.676742532005695,0.0,0.0,2.984234234234234,1.2091038406827934,7.82361308677099,8.766002844950215,1.760312944523477,13.744665718349935,6.756756756756758,5.4054054054054035,2.0270270270270316,0.6756756756756701,6.418918918918919,2.702702702702709,0.6756756756756701
824,CDU,900,19,0.0,1.0,6.330014224751063,0.0,0.0,2.1959459459459425,7.965860597439544,6.436699857752494,2.187055476529153,1.6714082503556114,15.629445234708385,4.089615931721191,4.391891891891881,1.3513513513513473,0.6756756756756701,1.689189189189186,3.7162162162162176,1.3513513513513544
2467,CDU,900,19,1.0,1.0,3.120554765291613,1.0,0.0,3.885135135135137,0.017780938833574567,3.2183499288762576,0.6223328591749677,6.7389758179231976,3.7517780938833525,4.374110953058327,2.702702702702709,2.3648648648648702,5.743243243243249,3.378378378378372,4.729729729729726,4.391891891891895
3128,CDU,900,19,1.0,0.0,2.575272641062115,1.0,1.0,1.6891891891891884,1.3335704125177799,0.16002844950213557,0.9779516358463738,3.378378378378379,5.796586059743959,3.805120910384062,1.3513513513513544,1.689189189189193,1.0135135135135087,4.729729729729726,1.3513513513513473,0.0
5161,FDP,900,19,1.0,1.0,2.1574205784732086,1.0,1.0,3.2657657657657704,0.6934566145092447,0.3556187766714132,2.7382645803698367,2.8982930298719793,0.8179231863442382,5.440967283072538,4.7297297297297405,1.013513513513523,3.040540540540544,6.081081081081081,0.6756756756756737,4.05405405405406
505,FDP,900,19,1.0,1.0,4.054054054054056,0.0,1.0,2.7590090090090094,3.591749644381224,4.160739687055475,4.374110953058327,0.6756756756756772,7.894736842105267,3.627311522048366,2.364864864864856,1.6891891891892001,3.0405405405405403,1.3513513513513544,4.729729729729726,3.378378378378379
4027,bunt.saar,900,19,1.0,0.0,3.4435751541014703,1.0,1.0,1.0135135135135158,1.2802275960170775,3.165007112375534,4.054054054054063,1.724751066856328,8.570412517780937,1.8669985775248819,0.6756756756756843,0.3378378378378386,0.675675675675663,2.0270270270270245,1.689189189189193,0.6756756756756914
4842,bunt.saar,900,19,1.0,1.0,2.954599336178281,1.0,1.0,1.85810810810811,8.641536273115221,0.1422475106685539,0.9601706970127992,3.3961593172119393,1.760312944523477,2.8271692745376953,2.0270270270270316,2.7027027027026946,2.702702702702709,0.0,2.0270270270270316,1.689189189189193
4578,Die Grünen,900,19,1.0,1.0,1.8403271692745402,1.0,0.0,3.8288288288288306,3.1472261735419664,2.3470839260312957,1.5647226173542066,1.724751066856328,1.653627311522051,0.6045519203413932,3.0405405405405403,2.0270270270270316,5.743243243243256,3.0405405405405403,3.378378378378372,5.743243243243242
1080,bunt.saar,900,19,1.0,0.0,8.368895211000476,1.0,1.0,0.5067567567567615,4.231863442389766,0.9246088193456643,10.95305832147936,4.623044096728307,21.017069701280228,8.463726884779533,0.3378378378378457,0.3378378378378244,0.3378378378378528,0.6756756756756772,0.6756756756756772,0.6756756756756914
4976,Die Grünen,900,19,0.0,0.0,5.651375059269795,0.0,0.0,3.547297297297296,5.0853485064011394,0.9601706970128063,6.987908961593163,3.5384068278805074,9.903982930298717,7.432432432432435,5.405405405405411,0.6756756756756701,5.4054054054054035,5.4054054054054035,1.3513513513513473,3.0405405405405403
411,bunt.saar,900,19,1.0,0.0,2.1426031294452343,1.0,1.0,0.9572072072072046,1.9381223328591801,1.1201991465149348,3.022759601706966,0.03556187766713492,5.2275960170697005,1.51137980085349,1.0135135135135087,0.0,1.0135135135135016,1.689189189189186,0.0,2.0270270270270316
4019,FDP,900,19,1.0,1.0,3.8051209103840686,1.0,1.0,1.407657657657656,5.4054054054054035,2.951635846372689,2.364864864864863,1.2091038406827863,9.299431009957328,1.6002844950213415,2.7027027027027017,1.0135135135135158,0.3378378378378386,1.0135135135135016,0.6756756756756701,2.702702702702709
2030,DIE LINKE,900,19,1.0,0.0,4.317804646752017,1.0,0.0,1.4639639639639672,1.618065433854909,4.711948790896166,4.534139402560456,1.7425320056899025,8.07254623044097,5.2275960170697005,2.0270270270270174,2.702702702702716,0.3378378378378457,2.702702702702709,0.6756756756756772,0.3378378378378386
481,bunt.saar,900,19,0.0,0.0,4.889758179231861,0.0,1.0,2.4774774774774797,4.889758179231862,2.471550497866282,3.733997155049792,0.1422475106685539,11.931009957325749,6.169985775248925,5.067567567567565,2.3648648648648702,6.418918918918926,0.0,1.0135135135135158,0.0
3756,DIE LINKE,900,19,1.0,0.0,3.553224276908485,1.0,0.0,1.5765765765765767,4.356330014224753,0.7290184921763796,4.285206258890469,2.6849217638691414,3.6450924608819264,5.618776671408241,4.391891891891888,0.3378378378378386,0.3378378378378386,2.7027027027026946,1.3513513513513615,0.3378378378378386
1165,DIE LINKE,900,19,0.0,0.0,6.801209103840684,0.0,0.0,5.349099099099097,6.401137980085345,1.7069701280227676,12.855618776671406,5.529871977240397,6.703413940256041,7.610241820768145,9.121621621621614,1.3513513513513615,7.770270270270267,8.108108108108098,0.6756756756756701,5.067567567567572
4221,Die Grünen,900,19,0.0,1.0,6.910858226647701,0.0,1.0,0.9009009009008982,1.3157894736842124,3.9651493598862118,11.593172119487903,3.1827880512091085,12.12660028449502,9.28165007112375,0.6756756756756772,1.3513513513513544,1.3513513513513402,1.3513513513513544,0.3378378378378386,0.3378378378378244
517,FDP,900,19,1.0,1.0,1.9292318634423917,1.0,1.0,2.7027027027027017,1.2802275960170704,1.2802275960170775,0.3911806543385481,1.262446657183503,3.6806543385490755,3.6806543385490755,3.0405405405405403,1.3513513513513473,1.689189189189186,5.067567567567565,2.0270270270270316,3.0405405405405403
864,CDU,900,19,0.0,1.0,4.569701280227594,1.0,1.0,1.4076576576576585,8.801564722617357,9.477240398293027,0.03556187766713492,4.160739687055475,0.7823613086770962,4.160739687055475,2.0270270270270316,1.0135135135135158,0.3378378378378386,0.6756756756756772,1.3513513513513473,3.0405405405405403
4316,FDP,900,19,1.0,1.0,2.37079184447605,1.0,1.0,2.477477477477478,0.49786628733995997,0.8890469416785152,1.0846372688477928,1.4046941678520568,6.827880512091035,3.52062588904694,3.7162162162162176,1.0135135135135158,1.0135135135135158,5.067567567567565,2.364864864864863,1.6891891891891895
1288,SPD,900,19,0.0,0.0,10.461119013750594,0.0,1.0,4.448198198198196,3.165007112375541,7.610241820768138,16.21621621621621,4.623044096728307,21.550497866287344,9.60170697012802,4.729729729729733,1.0135135135135087,3.7162162162162105,6.081081081081081,7.770270270270267,3.378378378378379
1822,bunt.saar,900,19,1.0,0.0,6.934566145092467,1.0,1.0,1.3513513513513473,0.9423897581792389,3.6806543385490826,9.228307254623047,2.8982930298719793,16.39402560455192,8.463726884779533,1.3513513513513473,0.3378378378378244,0.6756756756756772,0.3378378378378315,2.7027027027026946,2.702702702702709
4416,bunt.saar,900,19,1.0,0.0,4.3178046467520135,1.0,0.0,1.9144144144144153,0.5689900426742511,3.413940256045514,11.34423897581793,2.0981507823613086,4.356330014224746,4.125177809388333,1.689189189189186,1.0135135135135158,4.391891891891888,3.378378378378386,0.3378378378378386,0.6756756756756772
3944,bunt.saar,900,19,1.0,0.0,7.2842579421526805,1.0,0.0,2.364864864864869,2.3115220483641536,2.4893314366998567,12.535561877667142,9.28165007112375,10.064011379800853,7.023470839260327,2.3648648648648702,0.0,2.3648648648648702,5.067567567567572,2.0270270270270316,2.3648648648648702
3504,FDP,900,19,1.0,0.0,5.577287814129918,1.0,1.0,4.166666666666665,1.973684210526315,7.485775248933145,4.071834992887624,2.8271692745376953,10.810810810810814,6.294452347083919,3.378378378378372,6.081081081081081,4.391891891891895,0.0,6.418918918918919,4.729729729729726
1898,FDP,900,19,1.0,1.0,4.64675201517307,1.0,1.0,1.5765765765765785,10.73968705547653,1.7425320056899025,3.8762446657183496,2.1337126600284506,3.342816500711244,6.045519203413946,0.0,0.0,3.040540540540544,1.689189189189193,3.378378378378379,1.3513513513513544
3198,FDP,900,19,1.0,1.0,2.6137980085348516,1.0,0.0,3.4909909909909893,4.285206258890469,1.653627311522051,1.9914651493598896,4.996443812233288,1.3513513513513473,1.404694167852064,1.689189189189193,1.0135135135135158,6.418918918918919,2.7027027027026946,3.7162162162162105,5.4054054054054035
4286,CDU,900,19,0.0,0.0,4.528212422949264,0.0,0.0,7.939189189189189,5.814366998577526,4.089615931721191,4.800853485064017,1.4935988620199083,4.498577524893314,6.472261735419629,4.729729729729726,4.729729729729726,12.162162162162161,0.3378378378378386,12.500000000000007,13.17567567567567
3420,FDP,900,19,1.0,0.0,5.900308202939787,1.0,0.0,4.391891891891894,5.0497866287340045,6.330014224751068,6.347795163584642,3.6806543385490826,13.975817923186355,0.01778093883356746,1.3513513513513473,2.7027027027027017,7.432432432432435,1.3513513513513615,11.82432432432433,1.689189189189186
4002,SPD,900,19,0.0,0.0,5.464675201517303,0.0,0.0,2.364864864864868,5.174253200568991,5.45874822190612,7.805832147937416,0.37339971550497353,10.793029871977232,3.182788051209087,2.0270270270270245,2.3648648648648702,1.689189189189193,1.689189189189186,5.067567567567565,1.3513513513513686
3616,CDU,900,19,1.0,1.0,2.9308914177335184,1.0,1.0,1.5202702702702713,0.4267425320056759,3.7517780938833525,1.0312944523470833,3.3250355618776624,4.800853485064017,4.2496443812233196,2.0270270270270316,0.0,3.7162162162162176,0.3378378378378457,2.3648648648648702,0.675675675675663
2201,bunt.saar,900,19,1.0,1.0,2.572309151256519,1.0,1.0,3.1531531531531543,0.5689900426742511,0.5689900426742582,3.6806543385490826,3.7873399715504945,5.778805120910377,1.0490753911806507,3.7162162162162176,4.391891891891902,4.391891891891888,1.0135135135135158,4.054054054054063,1.3513513513513402
5208,bunt.saar,900,19,1.0,1.0,4.797889995258416,0.0,1.0,2.8716216216216175,1.2980085348506378,0.4445234708392718,6.525604551920338,3.413940256045521,9.886201991465143,7.219061166429583,4.054054054054049,1.3513513513513402,2.7027027027026946,4.729729729729733,0.3378378378378386,4.054054054054049
5077,FDP,900,19,0.0,1.0,5.998103366524421,1.0,1.0,2.195945945945947,1.1379800853485094,6.899004267425319,6.650071123755335,12.091038406827884,3.1294452347083936,6.081081081081081,1.0135135135135158,2.7027027027027017,2.7027027027027017,2.0270270270270316,2.027027027027028,2.7027027027027017
4553,bunt.saar,900,19,0.0,0.0,8.52892366050261,0.0,0.0,5.349099099099097,2.507112375533424,7.69914651493599,11.753200568990046,0.10668563300142608,16.216216216216218,12.891180654338555,6.418918918918919,1.0135135135135087,6.756756756756751,4.729729729729726,4.391891891891895,8.783783783783782
3089,CDU,900,19,1.0,1.0,3.754741583688952,0.0,1.0,2.0270270270270245,6.365576102418217,0.053342816500716594,3.022759601706966,7.983641536273105,2.5960170697012828,2.507112375533424,2.702702702702709,3.378378378378372,1.0135135135135158,1.3513513513513402,0.3378378378378386,3.378378378378372
2708,CDU,900,19,1.0,0.0,8.042911332385016,1.0,0.0,2.0270270270270245,3.485064011379805,11.006401137980085,8.961593172119493,4.960881934566139,7.983641536273112,11.859886201991465,1.689189189189193,2.0270270270270245,1.3513513513513544,3.7162162162162033,2.364864864864863,1.0135135135135087
647,bunt.saar,900,19,1.0,1.0,6.146277856804176,1.0,1.0,1.1261261261261204,3.627311522048366,7.948079658605984,10.810810810810807,0.37339971550497353,7.165718349928881,6.952347083926043,0.6756756756756772,0.675675675675663,1.689189189189193,2.0270270270270245,0.3378378378378244,1.3513513513513402
3445,CDU,900,19,1.0,0.0,3.902916073968703,1.0,1.0,2.308558558558559,5.014224751066848,7.645803698435273,1.1379800853485094,2.187055476529153,4.107396870554773,3.3250355618776624,0.0,3.0405405405405403,2.7027027027027017,4.729729729729733,0.6756756756756843,2.7027027027026946
212,bunt.saar,900,19,1.0,0.0,5.586178283546707,1.0,1.0,1.1824324324324327,1.511379800853483,3.0049786628734054,5.761024182076817,4.640825035561882,11.895448079658614,6.703413940256041,0.0,1.3513513513513402,1.3513513513513544,1.689189189189193,2.3648648648648702,0.3378378378378386
2101,FDP,900,19,1.0,0.0,5.7699146514936,1.0,1.0,2.421171171171172,3.5739687055476637,6.845661450924609,3.1472261735419664,7.04125177809388,9.690611664295872,4.320768136557611,1.689189189189193,1.3513513513513544,3.7162162162162176,1.3513513513513544,2.364864864864863,4.054054054054049
1590,bunt.saar,900,19,1.0,0.0,4.142958748221908,1.0,1.0,1.8018018018017965,0.6578947368421026,4.996443812233288,6.507823613086771,0.7290184921763867,7.02347083926032,4.943100995732578,1.0135135135135087,1.0135135135135016,0.0,0.6756756756756701,3.0405405405405332,5.067567567567565
915,bunt.saar,900,19,0.0,1.0,4.652678994784261,0.0,1.0,3.885135135135137,6.205547652916081,5.26315789473685,3.9295874822190626,7.734708392603125,1.546941678520632,3.236130867709818,2.702702702702709,4.054054054054063,5.4054054054054035,3.7162162162162176,4.054054054054056,3.378378378378372
1496,CDU,900,19,1.0,1.0,2.8182788051209102,1.0,1.0,3.0405405405405426,0.6756756756756772,2.489331436699864,1.0135135135135087,4.089615931721191,7.1657183499288735,1.475817923186348,3.0405405405405475,2.7027027027027017,2.0270270270270316,4.054054054054056,3.0405405405405403,3.378378378378379
723,bunt.saar,900,19,1.0,0.0,1.778093883357047,1.0,1.0,2.1959459459459487,1.262446657183503,1.4224751066856385,2.560455192034155,2.809388335704128,1.5469416785206391,1.0668563300142182,1.0135135135135087,1.01351351351353,3.7162162162162105,2.0270270270270245,4.391891891891888,1.01351351351353
4984,CDU,900,19,0.0,0.0,3.8199383594120406,1.0,0.0,3.153153153153157,3.2539118065433854,1.4224751066856385,4.445234708392597,3.0761024182076824,5.1031294452347,5.618776671408241,3.0405405405405403,3.378378378378379,2.3648648648648702,4.729729729729733,3.0405405405405475,2.3648648648648702
4124,FDP,900,19,0.0,1.0,5.292792792792792,1.0,0.0,2.7027027027027017,2.7204836415362763,3.733997155049785,2.7738264580369787,17.17638691322901,2.1692745376955926,3.1827880512091085,7.094594594594589,2.7027027027027017,0.0,1.3513513513513473,5.067567567567572,0.0
2759,CDU,900,19,1.0,1.0,3.896989094357515,1.0,1.0,2.5900900900900914,0.10668563300143319,0.26671408250355455,5.921052631578952,5.618776671408241,11.308677098150774,0.16002844950213557,0.0,2.0270270270270316,2.7027027027027017,3.0405405405405546,5.4054054054054035,2.364864864864856
75,bunt.saar,900,19,1.0,0.0,3.342816500711237,1.0,1.0,1.069819819819821,2.9338549075391214,0.1422475106685539,6.578947368421055,1.404694167852064,0.9423897581792318,8.054765291607396,0.3378378378378315,0.0,2.3648648648648702,0.0,3.0405405405405475,0.6756756756756772
3470,Die Grünen,900,19,0.0,0.0,8.724513987671882,0.0,1.0,2.2522522522522537,2.6493598862019923,2.578236130867708,11.237553342816497,10.61522048364153,14.04694167852064,11.21977240398293,2.0270270270270245,2.7027027027026946,3.378378378378386,1.0135135135135158,2.0270270270270316,2.3648648648648702
771,bunt.saar,900,19,1.0,1.0,6.513750592697959,1.0,1.0,1.4639639639639637,5.832147937411094,3.1472261735419664,5.743243243243242,4.142958748221908,11.255334281650065,8.961593172119478,2.7027027027027017,0.0,2.3648648648648702,0.6756756756756772,0.0,3.0405405405405332
927,FDP,900,19,1.0,1.0,7.177572309151253,1.0,1.0,2.139639639639636,1.689189189189193,8.001422475106686,6.169985775248932,6.134423897581783,13.95803698435277,7.112375533428157,0.0,2.3648648648648702,2.7027027027027017,1.3513513513513402,0.6756756756756701,5.743243243243235
1740,FDP,900,19,1.0,0.0,3.0761024182076775,1.0,0.0,4.8423423423423415,4.054054054054056,5.014224751066855,3.236130867709811,1.1024182076813602,2.7738264580369787,2.2759601706970045,6.418918918918912,1.3513513513513544,8.108108108108105,8.445945945945958,0.3378378378378386,4.391891891891881
3715,Die Grünen,900,19,0.0,1.0,4.196301564722621,0.0,0.0,2.477477477477476,0.7467994310099613,6.152204836415365,3.9118065433855023,4.356330014224753,4.463015647226179,5.5476529160739645,3.0405405405405403,1.0135135135135087,1.3513513513513473,4.391891891891895,0.3378378378378386,4.729729729729726
1021,SPD,900,19,1.0,1.0,3.162043622569938,1.0,1.0,1.2387387387387392,6.13442389758179,2.880512091038412,3.7517780938833525,0.8001422475106708,2.115931721194869,3.2894736842105345,1.689189189189193,2.364864864864863,0.3378378378378386,1.0135135135135087,0.3378378378378386,1.689189189189193
2631,Die Grünen,900,19,1.0,1.0,3.9206970128022767,1.0,1.0,3.6036036036036037,3.3605974395448044,4.498577524893314,1.1201991465149348,0.4978662873399671,7.62802275960172,6.418918918918919,5.067567567567572,3.0405405405405475,6.756756756756758,0.3378378378378386,2.364864864864856,4.054054054054049
4719,SPD,900,19,1.0,0.0,6.255926979611188,0.0,1.0,1.8581081081081088,4.623044096728307,3.4317211948790884,12.002133712660033,7.983641536273112,3.271692745376953,6.223328591749635,1.3513513513513544,3.0405405405405332,1.0135135135135158,3.0405405405405403,1.689189189189193,1.0135135135135158
182,CDU,900,19,1.0,1.0,4.833451872925559,0.0,1.0,7.6576576576576585,2.293741109530579,4.231863442389766,4.711948790896166,1.9559032716927405,15.789473684210527,0.017780938833574567,0.3378378378378386,6.756756756756758,11.486486486486491,6.081081081081081,12.5,8.783783783783782
717,bunt.saar,900,19,0.0,0.0,5.446894262683732,0.0,0.0,1.7454954954954995,3.1827880512090942,1.3513513513513473,5.476529160739673,4.623044096728307,11.237553342816497,6.8100995732574745,3.7162162162162176,0.0,0.3378378378378386,3.0405405405405475,0.6756756756756843,2.702702702702709
4660,CDU,900,19,1.0,1.0,4.29706021811285,1.0,0.0,2.8716216216216224,0.37339971550498063,4.623044096728307,5.7610241820768096,7.503556187766712,6.578947368421048,0.9423897581792389,2.3648648648648702,5.067567567567565,4.054054054054042,1.3513513513513615,0.6756756756756772,3.7162162162162176
2732,bunt.saar,900,19,1.0,1.0,7.346491228070174,1.0,1.0,2.195945945945945,14.331436699857754,7.734708392603132,4.87197724039828,4.978662873399713,8.054765291607396,4.107396870554766,0.6756756756756701,3.0405405405405475,2.364864864864856,1.689189189189193,3.378378378378386,2.0270270270270174
1641,Die Grünen,900,19,1.0,0.0,5.8825272641062085,1.0,1.0,2.759009009009008,1.831436699857747,9.637268847795163,3.449502133712656,1.8492176386913215,12.535561877667135,5.992176386913229,6.418918918918919,2.364864864864863,1.3513513513513544,2.3648648648648702,2.364864864864856,1.689189189189186
3619,bunt.saar,900,19,1.0,1.0,3.4613560929350426,0.0,1.0,1.8581081081081063,4.054054054054056,7.076813655761022,2.0270270270270316,0.9601706970128063,4.943100995732571,1.7069701280227676,2.7027027027027017,0.6756756756756843,2.3648648648648702,1.689189189189186,2.7027027027026946,1.0135135135135016
4751,FDP,900,19,0.0,1.0,5.618776671408251,1.0,1.0,6.362612612612611,6.454480796586061,0.46230440967283215,8.232574679943106,9.157183499288756,8.01920341394026,1.3869132290184893,1.689189189189186,7.432432432432428,9.121621621621621,3.378378378378379,8.783783783783782,7.770270270270267
2515,FDP,900,19,1.0,0.0,4.169630156472262,1.0,0.0,3.0405405405405403,0.21337126600283796,4.018492176386907,8.374822190611667,1.6002844950213486,7.894736842105267,2.916073968705547,6.081081081081074,3.7162162162162176,3.0405405405405475,2.364864864864863,0.0,3.0405405405405403
2189,SPD,900,19,1.0,1.0,9.456495969653863,1.0,1.0,1.6891891891891941,5.921052631578952,14.100284495021342,9.726173541963014,1.2624466571834958,13.4601706970128,12.26884779516358,2.3648648648648702,0.3378378378378457,1.0135135135135158,0.3378378378378457,3.378378378378386,2.7027027027027017
520,Die Grünen,900,19,1.0,1.0,4.175557136083451,1.0,0.0,2.195945945945946,0.08890469416784441,7.752489331436706,1.3869132290184822,3.0405405405405403,7.147937411095306,5.636557610241823,2.3648648648648702,1.3513513513513473,3.7162162162162247,1.3513513513513544,3.0405405405405403,1.3513513513513402
3451,Die Grünen,900,19,1.0,1.0,9.86842105263158,1.0,1.0,1.8018018018018072,3.59174964438121,11.34423897581793,9.77951635846373,4.765291607396868,16.891891891891902,12.837837837837839,3.378378378378393,0.6756756756756843,2.3648648648648702,1.689189189189186,0.3378378378378386,2.3648648648648702
4851,Die Grünen,900,19,0.0,1.0,2.2374348032242737,1.0,1.0,5.236486486486485,3.2539118065433854,0.053342816500716594,0.8357041251778057,3.3605974395448044,0.08890469416784441,5.8321479374110865,6.756756756756751,8.445945945945944,4.391891891891888,1.3513513513513615,5.067567567567565,5.4054054054054035
4025,bunt.saar,900,19,1.0,1.0,4.741583688952113,1.0,1.0,2.8716216216216197,2.951635846372689,3.0761024182076895,10.77524893314368,0.9779516358463738,4.996443812233288,5.672119487908958,5.067567567567565,1.3513513513513402,4.7297297297297405,1.3513513513513473,0.0,4.729729729729726
4442,FDP,900,19,1.0,1.0,7.467994310099574,1.0,1.0,4.279279279279277,2.7560455192034112,5.245376955903275,7.02347083926032,7.4146514935988606,10.455192034139401,11.913229018492174,4.054054054054049,2.7027027027027017,6.756756756756758,0.0,5.4054054054054035,6.756756756756751
4226,Die Grünen,900,19,1.0,0.0,4.768255097202467,1.0,0.0,5.630630630630633,0.6223328591749677,3.0049786628734054,4.409672830725469,3.698435277382643,11.290896159317214,5.5832147937411065,4.054054054054056,2.0270270270270316,8.783783783783775,6.756756756756758,6.081081081081095,6.081081081081081
2133,bunt.saar,900,19,1.0,0.0,1.7780938833570434,0.0,1.0,2.2522522522522515,1.795874822190612,2.2048364153627347,1.1379800853485094,0.8712660028449477,2.6849217638691414,1.973684210526315,1.3513513513513544,3.0405405405405403,0.6756756756756701,6.418918918918926,1.0135135135135087,1.0135135135135087
2086,FDP,900,19,1.0,0.0,6.931602655286864,1.0,1.0,2.759009009009008,2.5248933143669916,13.798008534850638,3.6806543385490826,3.9295874822190626,13.726884779516354,3.9295874822190555,3.0405405405405475,0.6756756756756772,1.3513513513513473,2.7027027027026946,5.067567567567565,3.7162162162162176
728,FDP,900,19,1.0,1.0,6.827880512091038,1.0,1.0,1.069819819819817,5.298719772403977,11.895448079658614,7.628022759601706,3.52062588904694,2.258179231863444,10.36628733997155,1.3513513513513473,1.3513513513513473,0.3378378378378315,0.3378378378378386,1.3513513513513473,1.6891891891891895
2070,CDU,900,19,0.0,1.0,2.2907776197249916,0.0,1.0,2.4774774774774784,3.058321479374108,4.160739687055475,0.5156472261735487,2.560455192034155,2.2048364153627347,1.2446657183499283,1.6891891891891788,2.0270270270270245,4.054054054054056,4.054054054054063,2.0270270270270316,1.0135135135135158
3455,DIE LINKE,900,19,1.0,0.0,4.537102892366048,0.0,0.0,2.702702702702704,4.267425320056894,3.8762446657183602,6.401137980085345,5.4054054054054035,3.1116642958748173,4.160739687055468,6.418918918918919,3.0405405405405475,0.3378378378378386,5.743243243243242,0.6756756756756772,0.0
4296,FDP,900,19,1.0,1.0,3.087956377430064,1.0,1.0,1.1261261261261264,2.0625889046941666,1.404694167852064,3.7162162162162176,4.445234708392604,1.7425320056899025,5.156472261735427,3.0405405405405403,0.6756756756756772,1.3513513513513544,1.0135135135135158,0.3378378378378386,0.3378378378378315
2194,CDU,900,19,1.0,1.0,1.2417022285443338,1.0,1.0,2.8716216216216197,0.3378378378378386,1.6002844950213486,1.1735419630156443,1.1024182076813602,1.0490753911806578,2.187055476529153,3.378378378378372,1.0135135135135087,3.0405405405405332,3.378378378378386,5.4054054054054035,1.0135135135135158
2155,Die Grünen,900,19,0.0,0.0,5.01718824087245,1.0,0.0,2.3085585585585604,3.44950213371267,4.889758179231862,9.192745376955905,1.2268847795163538,8.499288762446653,2.8449502133712556,0.6756756756756701,1.689189189189193,2.702702702702709,2.0270270270270245,3.378378378378379,3.378378378378386
1820,FDP,900,19,1.0,0.0,3.9858937885253716,0.0,0.0,1.8018018018017987,1.9914651493598896,7.3968705547653,0.40896159317212266,2.6849217638691343,7.539118065433861,3.8940256045519206,0.3378378378378315,2.0270270270270174,0.6756756756756701,2.0270270270270316,4.054054054054056,1.689189189189186
5004,FDP,900,19,0.0,0.0,4.1696301564722615,0.0,0.0,1.6328828828828794,1.7069701280227676,4.320768136557611,0.49786628733995997,5.992176386913229,5.174253200568991,7.325746799431009,1.0135135135135016,3.0405405405405403,1.689189189189193,2.0270270270270174,1.0135135135135158,1.0135135135135087
748,Die Grünen,900,19,1.0,0.0,4.726766239924135,1.0,1.0,1.0135135135135123,0.01778093883356746,0.6578947368421026,7.610241820768138,1.404694167852064,9.086059743954486,9.583926031294453,1.0135135135135158,0.0,1.3513513513513402,1.689189189189186,1.689189189189193,0.3378378378378386
1190,SPD,900,19,1.0,1.0,5.918089141773348,1.0,0.0,2.5900900900900887,5.067567567567565,5.494310099573248,5.583214793741114,4.480796586059739,9.334992887624459,5.5476529160739645,4.054054054054056,0.6756756756756772,1.3513513513513473,1.0135135135135087,5.743243243243235,2.702702702702709
5067,FDP,900,19,0.0,0.0,4.059981033665244,0.0,0.0,2.59009009009009,4.054054054054056,0.6578947368421098,2.080369843527741,11.308677098150774,4.605263157894733,1.653627311522051,4.729729729729726,4.729729729729726,0.6756756756756772,2.0270270270270316,1.3513513513513473,2.0270270270270316
3800,CDU,900,19,1.0,0.0,4.34447605500237,1.0,1.0,1.4076576576576596,3.591749644381224,7.201280227596023,3.1827880512090942,1.2268847795163538,6.7745376955903325,4.089615931721191,1.689189189189186,2.3648648648648702,0.3378378378378386,2.7027027027027017,1.013513513513523,0.3378378378378386
4264,bunt.saar,900,19,0.0,1.0,4.892721669037456,1.0,1.0,2.702702702702703,6.507823613086771,8.214793741109531,4.42745376955903,3.236130867709811,0.46230440967282505,6.507823613086771,5.743243243243249,0.6756756756756701,0.0,6.756756756756751,0.6756756756756772,2.3648648648648702
1204,CDU,900,19,0.0,0.0,3.926623992413463,1.0,0.0,1.970720720720723,6.1877667140825,6.241109530583209,0.8890469416785152,1.5825035561877598,6.009957325746804,2.6493598862019923,4.054054054054063,1.0135135135135158,0.6756756756756772,0.3378378378378386,2.7027027027027017,3.0405405405405403
4336,FDP,900,19,1.0,1.0,9.901019440493123,1.0,1.0,4.504504504504506,6.810099573257467,16.802987197724036,14.26031294452347,5.2275960170697005,5.5476529160739645,10.757467994310097,2.3648648648648702,1.3513513513513473,8.78378378378379,1.3513513513513473,5.067567567567572,8.108108108108105
4465,FDP,900,19,1.0,1.0,7.616168800379325,1.0,1.0,2.027027027027028,11.130867709815078,1.582503556187767,6.827880512091035,3.6450924608819264,19.096728307254622,3.413940256045521,0.0,0.3378378378378315,4.391891891891895,4.054054054054056,1.0135135135135158,2.3648648648648702
2210,DIE LINKE,900,19,0.0,1.0,4.249644381223331,1.0,0.0,1.9707207207207205,1.902560455192038,6.632290184921764,4.516358463726888,2.4182076813655797,6.152204836415365,3.876244665718353,0.3378378378378244,1.689189189189193,3.0405405405405403,2.702702702702709,1.013513513513523,3.0405405405405332
2854,bunt.saar,900,19,1.0,0.0,4.457088667614982,1.0,1.0,3.0405405405405426,0.4800853485063925,8.766002844950215,1.2268847795163538,0.3911806543385481,7.130156472261731,8.748221906116648,0.6756756756756772,1.6891891891892001,7.094594594594589,2.7027027027027017,4.729729729729733,1.3513513513513544
3641,bunt.saar,900,19,0.0,0.0,3.002015173067806,0.0,1.0,3.828828828828828,0.7645803698435216,2.151493598862025,0.40896159317210845,4.463015647226179,6.827880512091042,3.3961593172119606,2.702702702702709,4.391891891891895,5.067567567567565,4.729729729729726,5.405405405405411,0.675675675675663
2434,FDP,900,19,0.0,0.0,7.316856330014228,0.0,0.0,1.463963963963966,4.516358463726888,2.880512091038412,6.863442389758184,7.859174964438118,12.464438122332865,9.317211948790899,2.3648648648648702,1.0135135135135087,1.689189189189193,0.3378378378378386,2.3648648648648702,1.0135135135135158
523,bunt.saar,900,19,1.0,0.0,5.0557136083451875,1.0,1.0,4.448198198198196,7.5924608819345565,0.8001422475106637,6.116642958748223,6.7389758179231904,9.032716927453777,0.053342816500716594,5.4054054054054035,0.3378378378378386,7.432432432432435,5.067567567567565,2.0270270270270316,6.418918918918905
5107,DIE LINKE,900,19,0.0,0.0,4.729729729729729,0.0,0.0,4.448198198198196,2.6849217638691343,6.276671408250358,5.4409672830725455,0.8001422475106708,9.992887624466569,3.1827880512090942,2.0270270270270316,2.7027027027026946,5.067567567567572,6.756756756756751,5.743243243243242,4.391891891891888
1060,FDP,900,19,1.0,0.0,2.4567330488383106,1.0,1.0,7.094594594594594,4.569701280227598,4.516358463726888,1.1735419630156443,0.6578947368420955,3.7162162162162176,0.10668563300141898,2.0270270270270245,8.108108108108105,9.459459459459467,5.743243243243242,7.770270270270267,9.45945945945946
2929,FDP,900,19,1.0,0.0,3.5087719298245617,1.0,1.0,5.799549549549551,0.26671408250354744,2.7738264580369787,6.61450924608819,1.9914651493598896,7.076813655761029,2.3293029871977353,9.121621621621621,2.7027027027027017,8.445945945945944,6.756756756756758,3.378378378378379,4.391891891891902
1543,Die Grünen,900,19,1.0,1.0,3.4257942152679006,0.0,1.0,2.4774774774774797,2.5248933143669916,1.2802275960170704,4.338549075391185,0.3022759601707037,7.5213371266002795,4.587482219061172,0.0,2.0270270270270245,3.378378378378379,4.729729729729733,2.3648648648648702,2.3648648648648702
556,FDP,900,19,1.0,0.0,4.0688715030820335,1.0,1.0,2.5900900900900887,2.489331436699864,8.890469416785209,1.76031294452347,3.9651493598862118,4.498577524893321,2.809388335704128,4.729729729729726,1.689189189189186,2.0270270270270316,2.7027027027026946,2.7027027027027017,1.689189189189193
4363,bunt.saar,900,19,1.0,1.0,3.336889521100049,1.0,1.0,1.0698198198198174,1.2446657183499354,1.689189189189193,4.356330014224746,0.5512091038406766,8.445945945945944,3.7339971550497992,1.3513513513513473,1.0135135135135016,1.3513513513513402,0.3378378378378386,1.689189189189186,0.6756756756756914
4832,FDP,900,19,1.0,0.0,2.480440967283073,1.0,0.0,4.617117117117121,2.916073968705547,0.053342816500716594,1.546941678520625,0.6223328591749677,6.61450924608819,3.129445234708392,2.364864864864863,7.432432432432435,6.756756756756758,0.3378378378378457,1.013513513513523,9.797297297297298
290,CDU,900,19,1.0,0.0,2.474513987671884,1.0,1.0,1.0698198198198188,0.3022759601707037,4.231863442389766,3.8229018492176436,0.1422475106685539,2.151493598862025,4.19630156472261,0.6756756756756701,1.3513513513513544,1.0135135135135087,1.0135135135135087,0.6756756756756772,1.689189189189193
3543,bunt.saar,900,19,0.0,1.0,3.410976766239918,1.0,1.0,2.590090090090085,4.87197724039828,4.285206258890469,4.142958748221901,2.7916073968705533,0.21337126600283796,4.160739687055468,6.756756756756751,1.3513513513513544,0.6756756756756772,4.054054054054049,2.0270270270270174,0.675675675675663
3820,bunt.saar,900,19,1.0,0.0,5.2157420578473195,1.0,0.0,2.533783783783781,0.7823613086770962,3.342816500711244,10.686344238975813,3.3250355618776624,8.054765291607396,5.103129445234707,3.378378378378379,1.6891891891891788,4.391891891891888,2.0270270270270316,2.0270270270270174,1.689189189189193
903,CDU,900,19,1.0,0.0,4.848269321953534,1.0,1.0,2.6463963963963955,1.3335704125177799,2.435988620199147,2.364864864864863,16.660739687055475,1.369132290184929,4.925320056899011,0.0,4.054054054054056,4.054054054054049,3.0405405405405403,1.689189189189186,3.0405405405405403
1234,bunt.saar,900,19,1.0,0.0,5.319464201043146,1.0,1.0,2.1396396396396384,3.7162162162162176,0.8712660028449477,8.054765291607396,3.9295874822190555,10.739687055476516,4.60526315789474,1.013513513513523,2.0270270270270174,3.0405405405405475,5.4054054054054035,0.3378378378378244,1.0135135135135158
2796,Die Grünen,900,19,0.0,0.0,4.228899952584161,0.0,0.0,3.885135135135132,1.902560455192038,5.28093883357041,5.796586059743959,2.00924608819345,6.241109530583209,4.142958748221901,2.0270270270270174,2.0270270270270245,5.743243243243242,7.7702702702702595,1.0135135135135087,4.7297297297297405
3891,Die Grünen,900,19,0.0,0.0,5.669155998103364,0.0,0.0,1.5202702702702713,0.08890469416784441,3.200568990042669,10.79302987197724,3.0049786628733983,9.77951635846373,7.147937411095306,3.378378378378379,2.0270270270270316,1.3513513513513473,1.3513513513513544,1.0135135135135158,0.0
4630,SPD,900,19,0.0,0.0,2.1218587008060674,1.0,0.0,1.8581081081081088,0.17780938833571014,0.9601706970128063,5.618776671408241,1.9203413940255984,2.7560455192034112,1.2980085348506378,3.0405405405405475,3.0405405405405546,0.3378378378378315,3.0405405405405332,0.0,1.689189189189186
3663,CDU,900,19,1.0,0.0,5.603959222380278,1.0,1.0,1.9144144144144153,3.9651493598862118,9.45945945945946,6.454480796586061,1.6002844950213486,4.409672830725462,7.734708392603125,0.3378378378378315,2.364864864864863,4.054054054054056,0.3378378378378457,0.6756756756756772,3.7162162162162176
2010,FDP,900,19,1.0,0.0,7.79990516832622,1.0,0.0,1.1824324324324316,11.575391180654343,0.8890469416785152,8.036984352773828,8.837126600284499,9.45945945945946,8.00142247510668,2.364864864864856,0.3378378378378315,0.3378378378378386,2.364864864864863,1.3513513513513544,0.3378378378378457
4181,bunt.saar,900,19,1.0,1.0,2.886439070649594,0.0,1.0,0.7882882882882866,2.720483641536269,1.795874822190612,3.485064011379805,0.26671408250356166,6.205547652916067,2.8449502133712485,1.3513513513513473,0.3378378378378386,0.3378378378378386,1.3513513513513544,0.6756756756756772,0.675675675675663
2539,FDP,900,19,1.0,1.0,2.5871266002844933,1.0,1.0,1.9144144144144164,1.1735419630156443,4.036273115220482,2.3826458036984306,0.6934566145092447,1.6180654338549019,5.618776671408256,1.3513513513513473,2.364864864864863,2.364864864864863,2.364864864864863,1.3513513513513615,1.6891891891892001
4366,FDP,900,19,0.0,1.0,4.984589853010905,1.0,0.0,3.4909909909909937,1.6002844950213415,5.03200568990043,11.04196301564723,0.4267425320056759,0.46230440967283215,11.344238975817923,2.3648648648648702,1.3513513513513544,6.418918918918923,1.0135135135135158,5.067567567567565,4.729729729729733
3350,Die Grünen,900,19,1.0,1.0,3.2746562351825497,0.0,1.0,0.9009009009009006,2.507112375533424,6.561166429587473,1.1735419630156514,1.653627311522051,6.294452347083926,1.4580369843527734,0.6756756756756701,1.3513513513513544,0.3378378378378386,1.0135135135135087,0.3378378378378386,1.689189189189193
3037,bunt.saar,900,19,1.0,1.0,5.280938833570414,1.0,0.0,1.9707207207207205,8.250355618776666,7.076813655761022,2.1692745376955855,1.0846372688477928,9.708392603129454,3.3961593172119677,1.3513513513513473,2.364864864864856,2.3648648648648702,1.689189189189186,1.689189189189193,2.3648648648648702
2643,SPD,900,19,1.0,0.0,4.5045045045045065,0.0,0.0,5.405405405405404,8.001422475106686,5.4765291607396875,4.9075391180654435,0.17780938833571014,6.970128022759603,1.4935988620199083,3.0405405405405475,2.364864864864863,8.108108108108105,5.743243243243249,4.729729729729726,8.445945945945937
3838,CDU,900,19,1.0,1.0,3.6154575628259855,1.0,1.0,2.7027027027026995,2.3826458036984377,4.320768136557611,1.5647226173541924,4.996443812233295,7.894736842105267,0.5334281650071091,4.054054054054049,1.0135135135135087,0.3378378378378386,6.756756756756751,4.054054054054049,0.0
157,bunt.saar,900,19,0.0,0.0,4.6082266477003335,0.0,1.0,2.25225225225225,5.725462304409675,1.653627311522051,2.631578947368425,2.3115220483641536,10.02844950213371,5.2987197724039845,2.7027027027026946,1.689189189189193,3.0405405405405332,4.391891891891888,0.6756756756756772,1.0135135135135158
2712,DIE LINKE,900,19,1.0,0.0,3.2124229492650564,0.0,1.0,4.5608108108108105,0.5156472261735487,1.689189189189186,4.107396870554773,8.197012802275957,0.7112375533428192,4.054054054054056,2.3648648648648702,3.7162162162162176,6.418918918918912,4.391891891891895,5.067567567567565,5.4054054054054035
1069,FDP,900,19,0.0,1.0,3.8525367472735894,0.0,1.0,1.6328828828828819,0.6756756756756772,3.1116642958748244,4.889758179231862,8.97937411095306,1.3513513513513473,4.107396870554766,2.3648648648648702,0.3378378378378386,2.3648648648648702,2.0270270270270174,1.3513513513513473,1.3513513513513473
4322,SPD,900,19,0.0,0.0,7.666548127074443,1.0,0.0,2.6463963963963955,3.8940256045519206,8.428165007112383,8.303698435277383,2.080369843527741,11.966571834992877,11.326458036984356,2.0270270270270316,0.0,5.743243243243228,2.0270270270270245,3.378378378378379,2.702702702702709
5016,FDP,900,19,0.0,1.0,4.937174016121386,0.0,1.0,4.504504504504506,3.2183499288762576,2.5960170697012828,1.0312944523470833,12.26884779516358,9.246088193456615,1.2624466571834958,1.3513513513513473,5.4054054054054035,5.405405405405411,6.081081081081081,5.405405405405411,3.378378378378379
862,SPD,900,19,0.0,0.0,3.882171645329541,0.0,0.0,4.4481981981982015,0.5512091038406766,2.009246088193457,7.02347083926032,5.51209103840683,6.116642958748223,2.080369843527741,6.081081081081074,2.702702702702709,3.0405405405405475,9.45945945945946,4.054054054054056,1.3513513513513615
1555,bunt.saar,900,19,1.0,1.0,3.9770033191085865,1.0,1.0,3.6036036036036037,8.872688477951634,7.112375533428171,1.795874822190612,0.46230440967283215,2.6137980085348573,3.0049786628734125,1.0135135135135158,2.702702702702709,6.081081081081081,1.3513513513513473,5.743243243243242,4.729729729729726
1912,CDU,900,19,0.0,1.0,4.6171171171171155,0.0,1.0,2.0270270270270245,2.0981507823613015,7.948079658605984,6.899004267425319,3.8940256045519135,4.605263157894733,2.258179231863444,2.0270270270270316,1.3513513513513473,1.689189189189186,1.6891891891891788,0.0,5.4054054054054035
2497,FDP,900,19,0.0,1.0,4.252607871028922,1.0,0.0,2.1959459459459474,1.369132290184929,1.689189189189186,1.724751066856328,0.35561877667140607,15.931721194879088,4.445234708392597,1.689189189189193,3.378378378378379,3.378378378378379,3.378378378378379,1.0135135135135087,0.3378378378378457
2855,FDP,900,19,1.0,1.0,3.0049786628733997,1.0,1.0,1.407657657657655,0.4445234708392718,0.46230440967283215,1.582503556187767,0.4800853485063925,12.144381223328587,2.916073968705547,0.0,2.0270270270270316,0.3378378378378315,2.364864864864856,2.7027027027026946,1.0135135135135158
2952,bunt.saar,900,19,0.0,1.0,5.787695590327168,1.0,1.0,1.7454954954954982,2.6671408250355597,3.4672830725462234,10.455192034139408,1.1913229018492189,10.010668563300136,6.934566145092461,1.689189189189193,2.7027027027026946,2.702702702702709,0.6756756756756843,0.3378378378378386,2.3648648648648702
5051,FDP,900,19,0.0,1.0,3.348743480322431,0.0,1.0,8.614864864864867,5.512091038406837,5.245376955903275,1.689189189189186,0.5334281650071233,5.3698435277382615,1.7425320056899025,2.702702702702709,7.770270270270274,12.837837837837846,4.391891891891888,11.148648648648646,12.837837837837839
4831,Die Grünen,900,19,0.0,1.0,5.686936936936939,1.0,1.0,3.09684684684685,1.8492176386913215,2.275960170697026,8.481507823613093,2.7027027027026946,14.118065433854916,4.694167852062584,2.0270270270270316,1.689189189189186,6.756756756756772,1.6891891891892001,3.7162162162162176,2.7027027027026946
1975,Die Grünen,900,19,1.0,1.0,6.451517306780468,1.0,1.0,1.689189189189193,0.2844950213371291,9.317211948790913,7.3079658605974345,5.28093883357041,10.099573257468002,6.418918918918919,2.7027027027027017,1.01351351351353,0.3378378378378386,1.689189189189186,1.0135135135135158,3.378378378378386
4205,Die Grünen,900,19,0.0,0.0,5.781768610715982,0.0,1.0,1.5765765765765767,8.17923186344239,2.2048364153627347,7.610241820768145,5.88549075391181,6.490042674253203,4.320768136557611,2.7027027027026946,2.0270270270270316,0.6756756756756843,0.3378378378378386,2.0270270270270316,1.6891891891891788
2424,bunt.saar,900,19,1.0,0.0,3.8703176861071618,1.0,1.0,1.8018018018017987,3.9651493598862118,3.182788051209087,5.707681365576121,0.2489331436699871,6.543385490753906,3.5739687055476566,2.0270270270270245,2.364864864864856,2.0270270270270316,2.0270270270270245,0.6756756756756772,1.6891891891891788
2966,FDP,900,19,1.0,0.0,3.7132527264106243,1.0,1.0,1.8018018018018,9.139402560455203,4.480796586059739,1.2446657183499354,2.6493598862019923,2.400426742532005,2.3648648648648702,1.0135135135135087,1.689189189189186,3.0405405405405475,1.3513513513513544,2.7027027027026946,1.0135135135135087
3813,CDU,900,19,0.0,1.0,1.6862256993835902,1.0,0.0,1.8018018018017987,3.591749644381224,0.26671408250354744,1.7780938833570303,0.6223328591749677,3.378378378378379,0.4800853485063925,0.3378378378378315,5.067567567567565,1.3513513513513473,0.3378378378378386,1.3513513513513473,2.364864864864863
3886,Die Grünen,900,19,1.0,1.0,6.540422000948317,1.0,1.0,2.759009009009008,1.8136557610241795,8.55263157894737,9.263869132290182,1.2980085348506378,6.8100995732574745,11.504267425320059,1.689189189189186,0.3378378378378386,5.067567567567565,1.0135135135135087,3.0405405405405475,5.4054054054054035
762,SPD,900,19,1.0,0.0,4.673423423423423,1.0,1.0,1.351351351351352,3.2183499288762576,4.17852062588905,8.321479374110943,1.9914651493598896,2.7560455192034112,7.574679943100989,0.6756756756756843,1.689189189189186,2.7027027027027017,1.3513513513513544,1.0135135135135158,0.6756756756756701
2804,CDU,900,19,0.0,0.0,3.33985301090564,1.0,0.0,4.786036036036035,3.556187766714082,1.2802275960170704,2.578236130867701,1.8136557610241795,4.925320056899004,5.885490753911803,3.378378378378379,7.770270270270274,3.7162162162162105,6.418918918918912,3.378378378378379,4.054054054054056
764,bunt.saar,900,19,0.0,0.0,3.8051209103840677,1.0,1.0,3.3220720720720713,3.805120910384062,0.32005689900426404,6.276671408250358,3.09388335704125,4.623044096728307,4.711948790896166,3.0405405405405403,1.689189189189193,4.054054054054056,4.391891891891895,3.0405405405405332,3.7162162162162105
3290,bunt.saar,900,19,0.0,0.0,5.956614509246091,0.0,0.0,2.0833333333333344,0.604551920341386,8.517069701280235,6.098862019914655,0.6934566145092447,14.91820768136558,4.9075391180654435,2.702702702702709,1.3513513513513473,0.0,1.3513513513513473,4.729729729729733,2.3648648648648702
1164,bunt.saar,900,19,1.0,0.0,10.040303461356094,1.0,1.0,0.9009009009008994,1.7780938833570374,3.022759601706973,15.82503556187767,9.139402560455189,19.09672830725463,11.379800853485065,0.6756756756756701,0.675675675675663,0.3378378378378386,1.0135135135135158,1.3513513513513544,1.3513513513513544
1249,FDP,900,19,1.0,1.0,6.899004267425318,0.0,1.0,3.997747747747745,2.5426742532005733,11.450924608819342,6.241109530583209,2.400426742531998,13.477951635846374,5.28093883357041,1.689189189189193,1.689189189189186,6.756756756756751,5.405405405405396,2.702702702702709,5.743243243243235
1653,FDP,900,19,1.0,1.0,6.232219061166428,1.0,1.0,3.4346846846846826,5.352062588904687,6.436699857752487,3.4317211948790884,9.76173541963015,6.596728307254629,5.814366998577523,3.0405405405405332,3.378378378378372,3.7162162162162176,1.689189189189193,4.391891891891888,4.391891891891891
2946,SPD,900,19,1.0,0.0,4.877904220009484,1.0,1.0,1.5765765765765754,3.1827880512090942,0.32005689900426404,4.8364153627311595,4.3029871977240575,4.889758179231862,11.735419630156471,1.3513513513513473,3.378378378378372,0.0,1.3513513513513615,0.0,3.378378378378372
854,bunt.saar,900,19,1.0,1.0,3.138335704125179,1.0,1.0,2.5900900900900887,4.889758179231862,2.1337126600284506,2.2403982930298696,3.9651493598862046,2.5426742532005733,3.058321479374115,1.3513513513513544,0.6756756756756772,4.054054054054049,1.3513513513513544,4.054054054054049,4.054054054054049
3320,SPD,900,19,0.0,0.0,10.019559032716927,1.0,0.0,2.364864864864863,17.514224751066855,10.73968705547653,4.409672830725462,8.926031294452343,12.446657183499283,6.081081081081088,0.3378378378378386,3.7162162162162105,1.689189189189186,2.364864864864863,3.378378378378372,2.702702702702709
1741,bunt.saar,900,19,0.0,0.0,2.9160739687055446,0.0,1.0,1.914414414414414,0.49786628733995997,1.2091038406827934,4.551920341394016,0.49786628733995997,4.463015647226179,6.276671408250358,2.702702702702709,3.7162162162162176,0.3378378378378386,0.6756756756756701,0.0,4.054054054054049
1796,Die Grünen,900,19,0.0,0.0,5.043859649122808,1.0,0.0,0.5067567567567544,0.35561877667140607,6.258890469416791,7.005689900426745,1.8136557610241795,10.54409672830726,4.285206258890469,1.0135135135135087,0.0,0.0,1.0135135135135087,0.0,1.0135135135135087
1660,DIE LINKE,900,19,0.0,0.0,4.403745851114272,0.0,0.0,3.5472972972972996,0.5512091038406766,8.481507823613093,1.475817923186355,3.0761024182076824,10.597439544807962,2.2403982930298625,5.067567567567565,2.3648648648648702,2.3648648648648702,5.067567567567565,1.013513513513523,5.4054054054054035
1456,FDP,900,19,1.0,0.0,4.540066382171645,1.0,1.0,1.2387387387387392,9.246088193456615,0.5689900426742511,6.614509246088197,0.7467994310099471,9.210526315789473,0.8534850640113874,0.3378378378378457,1.689189189189193,1.3513513513513473,2.3648648648648702,1.3513513513513473,0.3378378378378315
1769,DIE LINKE,900,19,1.0,0.0,5.26315789473684,0.0,0.0,1.4076576576576525,5.5476529160739645,1.9559032716927405,3.236130867709818,7.183499288762434,11.16642958748222,2.489331436699864,2.0270270270270245,0.3378378378378315,0.675675675675663,2.0270270270270245,2.364864864864863,1.0135135135135087
1400,FDP,900,19,0.0,1.0,6.1136794689426255,1.0,1.0,1.520270270270269,3.236130867709818,7.201280227596023,4.356330014224753,13.246799431009954,8.268136557610237,0.37339971550497353,0.675675675675663,0.3378378378378386,0.0,0.6756756756756772,3.7162162162162176,3.7162162162162176
230,SPD,900,19,0.0,0.0,6.335941204362256,0.0,0.0,3.378378378378381,4.356330014224753,3.165007112375534,10.597439544807962,1.2268847795163538,15.007112375533424,3.662873399715508,0.3378378378378457,4.054054054054063,1.3513513513513473,3.378378378378379,6.756756756756765,4.391891891891888
362,FDP,900,19,1.0,0.0,4.486723565670935,1.0,1.0,3.209459459459461,1.1379800853485094,4.907539118065429,2.8982930298719793,0.6756756756756772,11.753200568990046,5.547652916073972,7.432432432432435,3.0405405405405546,1.689189189189186,2.364864864864856,1.689189189189186,3.0405405405405475
4001,Die Grünen,900,19,1.0,0.0,3.4821005215742082,1.0,1.0,2.3648648648648645,3.236130867709818,4.587482219061172,0.26671408250355455,6.7389758179231976,4.089615931721191,1.973684210526315,1.0135135135135087,0.6756756756756701,2.7027027027026946,3.378378378378393,4.729729729729726,1.689189189189193
4309,CDU,900,19,1.0,1.0,2.0892603129445235,1.0,1.0,1.8581081081081077,3.6806543385490826,4.87197724039828,0.8890469416785152,1.6358463726884764,0.1955903271692847,1.262446657183503,0.3378378378378386,1.3513513513513473,3.7162162162162176,0.3378378378378386,2.702702702702709,2.7027027027026946
2333,DIE LINKE,900,19,1.0,0.0,5.061640587956377,0.0,1.0,2.533783783783786,5.636557610241816,4.658605974395449,7.876955903271693,0.4445234708392647,8.570412517780944,3.1827880512090942,3.378378378378379,0.3378378378378386,2.3648648648648702,2.7027027027027017,1.689189189189193,4.729729729729733
4035,Die Grünen,900,19,1.0,1.0,3.007942152678988,1.0,1.0,3.490990990990993,0.7645803698435216,3.6450924608819264,3.4672830725462234,0.7645803698435216,4.729729729729726,4.67638691322901,1.0135135135135087,1.013513513513523,5.743243243243242,2.7027027027027017,5.743243243243242,4.7297297297297405
3691,bunt.saar,900,19,1.0,1.0,3.028686581318162,1.0,1.0,1.3513513513513533,4.107396870554766,0.5334281650071233,2.987197724039831,2.2403982930298696,3.591749644381224,4.711948790896159,4.054054054054056,0.3378378378378386,1.6891891891891788,0.3378378378378386,1.3513513513513544,0.3378378378378528
2668,CDU,900,19,1.0,1.0,4.7149122807017525,1.0,1.0,4.222972972972968,4.747510668563301,7.965860597439537,0.49786628733995997,5.583214793741114,7.663584637268848,1.831436699857754,5.067567567567565,0.3378378378378244,5.4054054054054035,5.743243243243242,2.7027027027026946,6.081081081081081
1327,FDP,900,19,0.0,1.0,4.919393077287815,0.0,1.0,4.617117117117114,2.1692745376955855,0.5156472261735487,3.805120910384069,7.254623044096725,12.357752489331439,3.413940256045521,5.067567567567565,3.0405405405405332,6.418918918918912,1.689189189189186,3.7162162162162176,7.770270270270267
1550,FDP,900,19,1.0,1.0,3.686581318160266,1.0,1.0,1.5765765765765778,2.6493598862019923,6.934566145092461,1.546941678520625,0.9068278805120968,7.983641536273112,2.0981507823613086,1.3513513513513544,0.0,2.0270270270270316,2.702702702702709,1.3513513513513473,2.0270270270270245
2068,CDU,900,19,1.0,0.0,4.987553342816501,1.0,1.0,2.984234234234234,3.591749644381231,1.369132290184929,6.792318634423893,6.241109530583209,5.618776671408241,6.3122332859175,1.689189189189186,3.0405405405405332,3.378378378378379,0.0,3.0405405405405403,6.756756756756765
1213,CDU,900,19,1.0,0.0,2.596017069701279,0.0,1.0,2.308558558558554,0.7290184921763796,0.9957325746799484,4.711948790896152,3.6806543385490826,1.3513513513513473,4.107396870554766,1.0135135135135158,2.364864864864856,3.0405405405405332,2.364864864864856,1.689189189189186,3.378378378378379
1714,Die Grünen,900,19,1.0,1.0,3.6688003793266923,1.0,1.0,2.533783783783786,1.4402560455191917,6.54338549075392,0.03556187766713492,1.8847795163584635,9.014935988620195,3.09388335704125,0.6756756756756701,0.0,5.743243243243242,0.3378378378378386,3.7162162162162247,4.7297297297297405
1910,SPD,900,19,0.0,0.0,6.306306306306307,0.0,0.0,5.292792792792792,11.966571834992884,0.6223328591749677,1.3157894736842124,10.295163584637265,10.206258890469421,3.4317211948790884,2.364864864864856,3.378378378378379,7.770270270270274,2.0270270270270245,10.810810810810807,5.405405405405411
2838,FDP,900,19,1.0,0.0,3.7784495021337143,0.0,0.0,5.968468468468466,0.9423897581792318,8.80156472261735,3.8584637268847786,0.10668563300143319,7.859174964438125,1.1024182076813673,1.6891891891891788,6.081081081081081,7.432432432432435,2.0270270270270316,5.4054054054054035,13.17567567567567
2748,bunt.saar,900,19,1.0,1.0,2.305595068752963,1.0,1.0,1.6891891891891895,2.507112375533424,0.4445234708392718,0.6756756756756772,3.8940256045519206,4.445234708392604,1.8669985775248819,4.054054054054056,0.6756756756756914,0.0,3.0405405405405332,1.0135135135135158,1.3513513513513402
1734,bunt.saar,900,19,1.0,0.0,3.7043622569938344,1.0,0.0,2.083333333333331,3.4672830725462234,3.3250355618776624,5.938833570412527,1.404694167852064,7.2724039829302995,0.8179231863442311,0.0,1.689189189189186,3.0405405405405332,1.689189189189193,2.0270270270270245,4.054054054054049
3321,FDP,900,19,1.0,0.0,3.3191085822664754,1.0,0.0,0.7319819819819836,3.378378378378372,2.044807965860592,2.9694167852062634,4.747510668563301,6.667852062588906,0.10668563300141898,0.3378378378378386,1.013513513513523,0.3378378378378386,0.6756756756756772,0.3378378378378386,1.689189189189186
3146,Die Grünen,900,19,1.0,0.0,7.885846372688476,1.0,1.0,0.8445945945945942,6.045519203413939,6.507823613086771,12.962304409672832,0.7290184921763796,10.899715504978658,10.170697012802279,1.0135135135135087,0.0,1.689189189189193,1.3513513513513473,0.6756756756756843,0.3378378378378315
5148,FDP,900,19,1.0,1.0,6.220365101944051,1.0,1.0,3.941441441441446,2.6137980085348573,4.17852062588905,5.494310099573255,11.753200568990046,10.686344238975813,2.5960170697012828,1.3513513513513544,5.743243243243242,3.378378378378379,4.391891891891902,8.108108108108112,0.6756756756756843
974,Die Grünen,900,19,0.0,1.0,6.703413940256045,0.0,0.0,1.5765765765765742,1.9914651493598896,0.6578947368421026,8.26813655761024,6.347795163584642,15.078236130867701,7.876955903271693,0.3378378378378315,1.0135135135135087,2.3648648648648702,2.0270270270270245,3.378378378378372,0.3378378378378386
2690,FDP,900,19,0.0,0.0,3.375414888572782,0.0,0.0,3.0968468468468444,2.329302987197721,1.1379800853485094,6.614509246088197,7.325746799431002,2.0981507823613086,0.7467994310099542,4.729729729729719,0.0,7.7702702702702595,0.0,1.3513513513513615,4.729729729729726
2831,bunt.saar,900,19,1.0,1.0,3.0168326220957815,1.0,0.0,2.759009009009013,2.435988620199147,1.973684210526315,4.338549075391185,2.5604551920341407,5.583214793741114,1.2091038406827863,0.3378378378378386,2.0270270270270316,4.391891891891888,1.0135135135135158,4.391891891891902,4.391891891891902
4472,Die Grünen,900,19,0.0,1.0,4.7149122807017525,1.0,0.0,4.0540540540540535,2.7560455192034112,3.9651493598862046,3.5384068278805074,2.0625889046941666,8.001422475106686,7.965860597439537,1.3513513513513473,7.432432432432428,4.729729729729733,1.689189189189186,4.729729729729726,4.391891891891902
4213,CDU,900,19,1.0,1.0,4.255571360834517,1.0,1.0,1.126126126126125,1.1557610241820697,3.662873399715501,5.334281650071119,5.0853485064011394,6.721194879089616,3.5739687055476566,0.0,1.689189189189193,1.3513513513513473,1.6891891891891788,1.689189189189186,0.3378378378378457
593,SPD,900,19,1.0,1.0,5.091275486012328,1.0,0.0,2.421171171171173,1.9559032716927405,11.628733997155052,5.316500711237566,2.115931721194869,2.115931721194869,7.414651493598868,0.3378378378378315,2.702702702702709,2.3648648648648702,5.743243243243242,1.689189189189193,1.689189189189193
3005,bunt.saar,900,19,1.0,1.0,3.7191797060218086,1.0,1.0,1.3513513513513462,1.0490753911806507,5.6899004267425255,6.3122332859175,3.236130867709811,2.2759601706970187,3.7517780938833454,2.7027027027027017,0.0,0.3378378378378244,3.0405405405405332,1.0135135135135158,1.0135135135135016
3052,Die Grünen,900,19,1.0,1.0,5.4054054054054035,1.0,1.0,0.9572072072072082,3.1827880512090942,8.499288762446653,4.445234708392604,1.689189189189186,6.987908961593163,7.62802275960172,1.0135135135135158,0.675675675675663,1.3513513513513544,0.3378378378378457,0.0,2.3648648648648702
2154,CDU,900,19,0.0,1.0,5.144618302513042,0.0,1.0,3.4346846846846817,4.943100995732571,6.36557610241821,6.472261735419636,2.951635846372696,8.570412517780944,1.5647226173541924,1.689189189189186,4.729729729729726,5.067567567567558,1.0135135135135087,1.689189189189193,6.418918918918919
4769,bunt.saar,900,19,1.0,0.0,4.5252489331436685,1.0,1.0,1.2387387387387356,1.3869132290184822,0.12446657183498644,6.507823613086771,5.7610241820768096,10.384068278805131,2.987197724039831,0.3378378378378457,0.675675675675663,1.6891891891891788,0.3378378378378386,1.689189189189193,2.7027027027026946
180,bunt.saar,900,19,0.0,0.0,6.161095305832148,1.0,0.0,1.1261261261261275,2.0625889046941666,3.4317211948790884,7.556899004267422,6.152204836415358,10.72190611664297,7.04125177809388,2.364864864864863,2.0270270270270316,1.0135135135135158,0.6756756756756772,0.6756756756756772,0.0
725,CDU,900,19,1.0,1.0,8.39260312944524,1.0,1.0,2.0833333333333335,1.9381223328591872,4.036273115220489,8.285917496443822,7.254623044096725,22.048364153627315,6.792318634423893,2.364864864864863,1.0135135135135158,2.3648648648648702,0.0,6.081081081081081,0.6756756756756701
2021,SPD,900,19,1.0,0.0,4.732693219535325,1.0,1.0,2.9842342342342314,3.271692745376953,1.5825035561877598,8.748221906116648,4.854196301564727,1.8492176386913286,8.090327169274538,4.391891891891888,4.054054054054049,0.6756756756756772,6.418918918918919,1.3513513513513544,1.0135135135135016
