person_id,true_best_party,n_train,n_items_asked_50,obs_top1,obs_top3,obs_mae_mean,pred_top1,pred_top3,pred_mae_mean,obs_mae_CDU,obs_mae_DIE LINKE,obs_mae_Die Grünen,obs_mae_FDP,obs_mae_SPD,obs_mae_bunt.saar,pred_mae_CDU,pred_mae_DIE LINKE,pred_mae_Die Grünen,pred_mae_FDP,pred_mae_SPD,pred_mae_bunt.saar
118,CDU,1000,19,1.0,0.0,4.548956851588433,1.0,0.0,2.1396396396396384,3.0761024182076895,2.5960170697012828,2.3826458036984377,12.162162162162161,2.3826458036984377,4.694167852062591,0.3378378378378386,5.743243243243249,0.6756756756756701,1.3513513513513473,1.0135135135135087,3.7162162162162176
1588,FDP,1000,19,1.0,0.0,4.145922238027499,1.0,0.0,1.182432432432434,3.7873399715504945,0.9068278805120897,2.7027027027027017,7.254623044096725,0.4978662873399671,9.726173541963014,1.013513513513523,2.0270270270270245,1.0135135135135158,0.6756756756756772,1.3513513513513473,1.0135135135135158
919,SPD,1000,19,1.0,0.0,3.9621858700806065,1.0,0.0,0.7882882882882877,8.019203413940254,1.5647226173541924,3.236130867709818,4.409672830725462,3.9651493598862118,2.578236130867701,2.0270270270270316,0.3378378378378457,0.0,0.6756756756756701,0.6756756756756701,1.0135135135135087
2723,CDU,1000,19,1.0,0.0,3.49395448079659,1.0,0.0,2.9279279279279287,4.623044096728307,2.507112375533424,3.6806543385490826,0.2489331436699942,5.672119487908965,4.231863442389766,4.391891891891888,2.3648648648648702,1.689189189189193,5.743243243243242,0.0,3.378378378378379
2630,CDU,1000,19,0.0,1.0,2.9190374585111414,1.0,1.0,2.1396396396396398,7.841394025604551,3.876244665718346,0.9246088193456643,2.0981507823613086,1.2624466571834958,1.511379800853483,2.0270270270270316,2.364864864864863,0.3378378378378244,6.756756756756765,0.6756756756756843,0.6756756756756701
1106,FDP,1000,19,1.0,0.0,3.896989094357514,1.0,1.0,1.9144144144144117,0.37339971550498063,7.770270270270267,6.347795163584635,5.1209103840682815,3.59174964438121,0.17780938833571014,1.0135135135135016,2.0270270270270245,1.0135135135135158,1.689189189189193,2.7027027027026946,3.0405405405405403
4764,FDP,1000,19,1.0,0.0,3.8821716453295423,1.0,1.0,1.2950450450450444,8.854907539118074,2.9871977240398238,2.4537695590327147,5.761024182076817,1.3691322901849219,1.8669985775249032,2.702702702702709,0.0,2.0270270270270245,1.0135135135135158,2.0270270270270174,0.0
3782,DIE LINKE,1000,19,1.0,1.0,2.81235182550972,1.0,1.0,6.644144144144143,4.498577524893314,2.3470839260312886,0.2844950213371291,3.8940256045519206,1.0668563300142253,4.783072546230443,8.783783783783782,5.405405405405396,5.4054054054054035,9.459459459459467,8.445945945945944,2.364864864864863
2758,Die Grünen,1000,19,0.0,0.0,6.424845898530108,1.0,1.0,1.0698198198198199,2.86273115220483,6.632290184921764,9.726173541963014,0.32005689900426404,10.9352773826458,8.07254623044097,3.0405405405405403,1.013513513513523,0.0,1.3513513513513544,0.675675675675663,0.3378378378378386
1618,Die Grünen,1000,19,1.0,0.0,4.7564011379800855,0.0,0.0,0.9572072072072046,1.6002844950213486,5.921052631578952,3.3250355618776624,7.307965860597427,4.285206258890469,6.098862019914655,2.7027027027026946,1.3513513513513473,0.6756756756756701,0.0,0.6756756756756772,0.3378378378378386
4886,SPD,1000,19,0.0,0.0,4.015528686581313,0.0,0.0,2.4211711711711685,2.8449502133712556,0.3378378378378386,4.729729729729726,0.49786628733995997,8.694879089615938,6.987908961593163,1.0135135135135158,4.054054054054063,2.364864864864856,0.3378378378378244,4.391891891891895,2.364864864864856
3260,Die Grünen,1000,19,0.0,0.0,4.717875770507349,1.0,1.0,1.8018018018018047,2.86273115220483,0.3911806543385552,4.640825035561882,5.7610241820768096,8.748221906116648,5.903271692745371,2.0270270270270316,1.689189189189193,0.3378378378378457,3.7162162162162176,2.3648648648648702,0.6756756756756701
3339,CDU,1000,19,0.0,0.0,2.776789947842584,0.0,1.0,1.6328828828828819,6.276671408250358,1.3335704125177799,0.2489331436699942,0.9246088193456643,3.2894736842105345,4.587482219061172,0.6756756756756701,2.0270270270270245,3.0405405405405403,0.6756756756756701,2.0270270270270316,1.3513513513513544
2972,DIE LINKE,1000,19,1.0,0.0,5.977358937885254,1.0,0.0,2.4774774774774797,5.8321479374110865,5.636557610241823,7.876955903271693,0.5689900426742511,10.099573257467995,5.849928876244675,2.3648648648648702,2.0270270270270316,3.7162162162162176,2.0270270270270316,1.0135135135135087,3.7162162162162176
989,FDP,1000,19,1.0,1.0,4.030346135609293,1.0,1.0,1.689189189189192,1.5291607396870575,5.298719772403977,2.2048364153627347,6.756756756756758,2.7027027027027017,5.689900426742533,4.391891891891895,3.378378378378386,0.0,0.3378378378378386,0.0,2.0270270270270316
2141,SPD,1000,19,0.0,0.0,4.548956851588438,1.0,0.0,1.9144144144144153,4.12517780938834,1.9381223328591872,2.275960170697026,2.880512091038412,7.610241820768145,8.463726884779518,4.729729729729733,1.0135135135135087,0.6756756756756772,1.689189189189193,1.3513513513513544,2.0270270270270245
2948,SPD,1000,19,1.0,1.0,2.9397818871503127,1.0,1.0,2.9842342342342376,2.1337126600284577,1.831436699857747,4.978662873399728,5.1564722617354235,3.200568990042683,0.3378378378378386,3.7162162162162176,5.4054054054054035,0.6756756756756843,1.689189189189186,2.3648648648648702,4.054054054054063
2322,Die Grünen,1000,19,0.0,0.0,6.101825509720249,1.0,0.0,1.5765765765765754,2.1337126600284577,2.809388335704128,7.574679943100989,2.4182076813655797,11.184210526315788,10.49075391180655,2.0270270270270174,2.364864864864863,0.3378378378378386,1.0135135135135087,0.6756756756756772,3.0405405405405475
2073,CDU,1000,19,1.0,0.0,1.6595542911332426,1.0,0.0,1.8018018018018012,1.9914651493598896,3.876244665718353,1.2091038406827934,1.9914651493598896,0.1955903271692847,0.6934566145092447,0.6756756756756701,0.0,0.6756756756756772,0.6756756756756772,5.067567567567565,3.7162162162162176
1802,Die Grünen,1000,19,1.0,1.0,7.2072072072072055,1.0,1.0,1.2387387387387403,1.3869132290184822,6.436699857752494,9.726173541963014,3.7517780938833525,11.34423897581793,10.597439544807962,2.0270270270270316,0.3378378378378386,0.6756756756756772,3.378378378378379,0.6756756756756772,0.3378378378378386
2079,Die Grünen,1000,19,1.0,0.0,5.100165955429115,1.0,0.0,1.9707207207207194,2.151493598862025,1.0312944523470904,5.8677098150782285,2.2048364153627347,13.264580369843529,6.081081081081081,1.689189189189186,0.0,3.0405405405405332,2.0270270270270245,3.0405405405405546,2.0270270270270174
166,FDP,1000,19,1.0,0.0,3.4317211948790898,1.0,1.0,3.603603603603606,1.191322901849226,0.6223328591749677,2.115931721194876,5.1209103840682815,6.401137980085345,5.138691322901842,6.081081081081074,2.3648648648648702,5.743243243243249,0.3378378378378386,1.3513513513513544,5.743243243243249
703,DIE LINKE,1000,19,1.0,0.0,4.086652441915601,0.0,0.0,1.6328828828828854,1.9203413940255984,1.369132290184929,4.854196301564727,1.2268847795163538,12.179943100995736,2.9694167852062634,2.3648648648648702,2.0270270270270316,0.0,0.6756756756756843,3.378378378378379,1.3513513513513473
3381,Die Grünen,1000,19,1.0,1.0,3.9384779516358512,1.0,1.0,1.7454954954954947,2.1337126600284577,9.530583214793744,3.5739687055476566,1.2091038406827934,5.707681365576114,1.4758179231863409,1.689189189189193,0.6756756756756701,0.3378378378378386,2.7027027027027017,2.0270270270270174,3.0405405405405475
3041,SPD,1000,19,0.0,0.0,6.673779042200095,0.0,0.0,3.322072072072069,12.304409672830722,3.3961593172119535,3.5384068278805074,10.650782361308679,8.036984352773828,2.115931721194876,3.0405405405405332,3.0405405405405403,4.729729729729726,4.054054054054049,0.3378378378378386,4.729729729729726
1336,bunt.saar,1000,19,1.0,0.0,4.172593646277856,1.0,0.0,2.3648648648648645,1.7069701280227676,1.4580369843527734,8.730440967283073,1.1735419630156443,5.209815078236119,6.756756756756758,4.391891891891902,3.0405405405405332,0.6756756756756701,1.689189189189186,1.3513513513513473,3.0405405405405475
4555,bunt.saar,1000,19,1.0,0.0,7.814722617354197,1.0,1.0,1.4076576576576596,0.08890469416784441,5.245376955903275,8.605974395448087,4.320768136557611,18.31436699857752,10.312944523470847,0.3378378378378386,1.0135135135135158,1.689189189189193,2.0270270270270245,1.6891891891891788,1.6891891891892072
4307,FDP,1000,19,0.0,1.0,4.089615931721194,1.0,1.0,1.4076576576576574,1.7069701280227676,2.8449502133712627,4.107396870554766,9.40611664295875,1.0312944523470762,5.440967283072538,0.6756756756756772,1.0135135135135087,2.3648648648648667,0.675675675675663,2.702702702702709,1.0135135135135194
378,CDU,1000,19,1.0,1.0,2.7886439070649587,1.0,1.0,2.646396396396394,2.115931721194869,1.0490753911806578,3.058321479374115,6.899004267425312,3.591749644381224,0.017780938833574567,0.0,4.391891891891888,1.689189189189186,2.364864864864856,3.0405405405405475,4.391891891891888
1251,CDU,1000,19,1.0,0.0,3.5798956851588457,1.0,0.0,2.2522522522522563,0.2844950213371291,3.5028449502133725,5.849928876244675,2.7916073968705533,4.534139402560456,4.516358463726888,3.7162162162162176,0.3378378378378386,1.013513513513523,5.743243243243249,0.6756756756756843,2.0270270270270245
4206,FDP,1000,19,1.0,1.0,2.403390232337601,0.0,1.0,2.646396396396392,4.640825035561882,0.4445234708392647,1.0846372688477928,4.996443812233288,0.9068278805120897,2.3470839260312886,1.3513513513513473,2.0270270270270174,3.378378378378379,5.067567567567565,0.6756756756756701,3.378378378378372
259,SPD,1000,19,1.0,1.0,4.048127074442864,1.0,1.0,1.5765765765765731,0.6756756756756772,2.9694167852062634,2.6315789473684177,11.273115220483646,3.09388335704125,3.6450924608819335,2.7027027027026946,2.364864864864856,1.689189189189186,0.3378378378378386,2.0270270270270316,0.3378378378378315
2802,Die Grünen,1000,19,0.0,1.0,5.9714319582740645,1.0,1.0,2.6463963963963977,2.3470839260312886,9.40611664295875,3.7339971550497992,1.5647226173541924,10.633001422475111,8.143669985775247,4.054054054054056,0.3378378378378386,0.3378378378378386,6.081081081081081,4.054054054054063,1.0135135135135087
142,FDP,1000,19,1.0,1.0,5.165362731152207,1.0,1.0,2.646396396396398,5.867709815078236,0.2844950213371291,9.032716927453777,6.098862019914662,4.605263157894733,5.103129445234707,2.3648648648648702,2.364864864864863,2.3648648648648702,6.418918918918919,2.0270270270270316,0.33783783783783505
2557,bunt.saar,1000,19,1.0,1.0,6.0188477951635875,1.0,1.0,2.5900900900900865,1.9381223328591872,6.525604551920338,8.78378378378379,2.5426742532005733,8.07254623044097,8.250355618776666,1.689189189189186,3.0405405405405403,4.054054054054049,0.6756756756756772,4.054054054054049,2.0270270270270174
2131,bunt.saar,1000,19,1.0,1.0,5.040896159317214,0.0,0.0,1.6891891891891906,4.12517780938834,5.352062588904687,5.0853485064011394,4.925320056899011,5.636557610241823,5.1209103840682815,1.3513513513513544,2.7027027027026946,3.378378378378386,0.0,2.3648648648648702,0.3378378378378386
3182,FDP,1000,19,0.0,1.0,5.648411569464204,1.0,1.0,1.238738738738738,5.529871977240397,0.9601706970128063,1.6002844950213415,12.891180654338555,10.277382645803698,2.631578947368425,1.3513513513513615,0.0,1.3513513513513473,1.0135135135135016,3.0405405405405403,0.6756756756756772
2908,DIE LINKE,1000,19,0.0,0.0,3.7606685633001433,0.0,0.0,3.3220720720720727,3.1116642958748244,1.3869132290184822,2.080369843527741,7.82361308677099,3.769559032716927,4.391891891891895,3.7162162162162176,2.7027027027026946,4.391891891891888,2.0270270270270316,2.0270270270270316,5.067567567567572
4585,bunt.saar,1000,19,1.0,1.0,5.135727833096252,1.0,0.0,1.689189189189187,3.1294452347083777,7.770270270270274,2.5960170697012757,3.4672830725462305,9.068278805120912,4.783072546230443,2.7027027027026946,2.0270270270270316,0.0,3.7162162162162176,1.3513513513513402,0.3378378378378386
806,bunt.saar,1000,19,0.0,0.0,5.639521100047418,1.0,1.0,1.6891891891891906,3.2894736842105274,2.9694167852062563,5.565433854907539,5.1920341394025655,10.91749644381224,5.903271692745378,0.3378378378378386,0.3378378378378386,2.702702702702709,0.3378378378378386,3.7162162162162105,2.702702702702709
268,Die Grünen,1000,19,1.0,0.0,6.2470365101944045,1.0,1.0,1.5202702702702677,2.880512091038412,2.418207681365587,7.965860597439544,5.014224751066855,13.65576102418207,5.547652916073957,2.7027027027027017,1.0135135135135016,2.7027027027026946,1.689189189189193,0.6756756756756772,0.3378378378378386
4914,FDP,1000,19,0.0,1.0,4.0777619724988154,1.0,1.0,3.6599099099099077,0.5867709815078399,1.760312944523477,5.618776671408241,10.188477951635846,2.7204836415362763,3.59174964438121,1.689189189189186,3.7162162162162176,4.391891891891888,0.3378378378378386,4.054054054054056,7.7702702702702595
2092,CDU,1000,19,1.0,1.0,4.036273115220482,0.0,1.0,2.364864864864863,5.583214793741114,4.214082503556185,2.2759601706970045,7.5213371266002795,4.42745376955903,0.1955903271692776,0.6756756756756772,3.7162162162162176,2.0270270270270174,2.364864864864863,2.0270270270270245,3.378378378378379
3327,CDU,1000,19,1.0,0.0,2.759009009009006,1.0,0.0,1.6328828828828819,1.1913229018492189,2.187055476529153,1.8136557610241795,5.867709815078236,0.9423897581792318,4.551920341394016,0.675675675675663,0.0,4.391891891891902,2.364864864864863,2.364864864864863,0.0
525,Die Grünen,1000,19,1.0,0.0,3.7606685633001398,1.0,1.0,1.6891891891891906,0.26671408250354744,1.0490753911806578,5.4054054054054035,6.845661450924595,4.000711237553347,4.996443812233288,0.3378378378378386,2.0270270270270316,1.0135135135135016,3.7162162162162176,2.0270270270270316,1.013513513513523
1272,CDU,1000,19,1.0,0.0,3.8347558084400184,1.0,1.0,1.5202702702702677,3.876244665718353,1.8136557610241795,6.881223328591744,7.734708392603125,0.5867709815078399,2.115931721194869,1.3513513513513473,2.0270270270270316,2.7027027027026946,2.0270270270270316,0.675675675675663,0.3378378378378386
839,FDP,1000,19,1.0,1.0,3.5265528686581313,1.0,1.0,1.2387387387387332,6.365576102418217,2.951635846372696,1.1201991465149348,5.52987197724039,1.4224751066856243,3.769559032716927,1.3513513513513402,0.6756756756756701,2.0270270270270316,0.675675675675663,2.0270270270270174,0.6756756756756772
1920,SPD,1000,19,0.0,0.0,4.8334518729255604,0.0,0.0,6.193693693693693,0.8712660028449548,4.285206258890469,6.294452347083926,1.0490753911806578,7.948079658605984,8.55263157894737,4.391891891891895,2.0270270270270245,8.445945945945951,5.743243243243235,7.770270270270274,8.783783783783782
2440,bunt.saar,1000,19,1.0,0.0,5.583214793741109,1.0,1.0,1.5765765765765754,3.2894736842105274,3.805120910384062,6.152204836415365,6.454480796586054,9.441678520625892,4.356330014224753,1.689189189189186,0.6756756756756772,1.3513513513513544,3.7162162162162176,1.3513513513513544,0.675675675675663
3090,Die Grünen,1000,19,1.0,1.0,2.741228070175436,1.0,0.0,5.5180180180180125,3.5028449502133725,4.67638691322901,1.795874822190612,0.9779516358463738,4.943100995732571,0.5512091038406766,4.729729729729726,1.0135135135135016,10.472972972972968,2.0270270270270245,7.432432432432435,7.432432432432421
741,FDP,1000,19,1.0,0.0,3.2005689900426724,1.0,0.0,2.308558558558557,3.6450924608819264,4.516358463726888,2.258179231863444,4.089615931721191,2.720483641536269,1.973684210526315,0.3378378378378386,3.0405405405405403,3.0405405405405332,2.7027027027026946,2.7027027027027017,2.0270270270270316
1133,Die Grünen,1000,19,1.0,0.0,4.329658605974397,1.0,1.0,1.407657657657656,4.2140825035561775,3.5739687055476637,4.747510668563301,2.151493598862025,8.570412517780944,2.720483641536269,1.689189189189186,1.3513513513513473,1.689189189189193,1.689189189189186,0.6756756756756701,1.3513513513513544
1219,FDP,1000,19,1.0,1.0,2.3322664770033192,1.0,1.0,4.560810810810815,1.404694167852064,6.7389758179231904,1.7425320056899025,1.5825035561877598,0.6223328591749677,1.902560455192031,3.378378378378379,3.378378378378379,3.0405405405405403,6.4189189189189335,5.405405405405411,5.743243243243246
5100,CDU,1000,19,1.0,0.0,3.7043622569938344,0.0,0.0,4.335585585585584,3.6450924608819264,2.400426742532005,1.1201991465149348,6.169985775248925,6.667852062588906,2.2226173541963092,2.364864864864856,3.0405405405405403,7.432432432432435,4.054054054054056,4.729729729729726,4.391891891891888
3807,DIE LINKE,1000,19,0.0,1.0,5.289829302987193,0.0,1.0,4.279279279279272,5.52987197724039,9.95732574679942,4.783072546230443,0.03556187766713492,6.703413940256041,4.729729729729726,6.0810810810810665,7.094594594594589,3.0405405405405403,4.054054054054042,2.364864864864856,3.0405405405405403
4621,CDU,1000,19,1.0,1.0,5.485419630156475,0.0,1.0,3.09684684684685,5.369843527738276,7.556899004267429,5.832147937411094,9.299431009957324,0.46230440967283215,4.391891891891895,4.054054054054063,5.067567567567565,5.067567567567572,0.3378378378378386,1.3513513513513544,2.702702702702709
3315,Die Grünen,1000,19,1.0,0.0,5.523944997629203,1.0,0.0,3.490990990990987,1.0135135135135087,7.965860597439544,4.445234708392604,3.4672830725462234,10.95305832147936,5.298719772403977,3.7162162162162033,3.7162162162162033,3.0405405405405475,5.405405405405411,4.054054054054049,1.0135135135135087
3185,Die Grünen,1000,19,1.0,0.0,7.8236130867709806,0.0,0.0,2.2522522522522537,7.361308677098151,7.948079658605984,2.8271692745377024,7.965860597439537,14.93598862019914,5.903271692745371,3.0405405405405475,1.689189189189186,2.0270270270270316,2.3648648648648702,3.7162162162162176,0.6756756756756701
4461,bunt.saar,1000,19,1.0,1.0,6.324087245139878,1.0,1.0,1.0698198198198188,2.9694167852062634,4.747510668563301,8.01920341394026,4.907539118065429,10.206258890469414,7.0945945945945965,1.0135135135135087,0.3378378378378386,1.689189189189193,2.0270270270270174,0.6756756756756772,0.6756756756756772
4848,SPD,1000,19,1.0,1.0,4.294096728307263,1.0,1.0,1.2387387387387392,4.9075391180654435,6.7389758179231976,2.951635846372696,0.5156472261735487,5.512091038406837,5.138691322901856,1.0135135135135087,0.0,0.6756756756756701,1.689189189189193,3.7162162162162247,0.3378378378378386
2344,bunt.saar,1000,19,0.0,0.0,6.827880512091035,1.0,1.0,2.2522522522522492,1.8492176386913144,6.650071123755325,4.338549075391185,4.374110953058327,14.687055476529146,9.068278805120912,2.0270270270270316,0.3378378378378244,1.0135135135135158,2.7027027027027017,4.054054054054035,3.378378378378386
4593,bunt.saar,1000,19,1.0,0.0,4.193338074917025,1.0,1.0,1.632882882882883,0.017780938833574567,1.2091038406827863,7.610241820768145,5.51209103840683,6.258890469416791,4.551920341394023,5.405405405405411,0.3378378378378386,0.6756756756756772,0.0,1.689189189189193,1.6891891891891788
1052,SPD,1000,19,0.0,0.0,7.2398055950687565,1.0,0.0,4.222972972972975,0.7823613086770962,0.37339971550498063,15.060455192034155,0.6934566145092447,14.847083926031296,11.682076813655769,3.0405405405405403,1.6891891891891788,6.756756756756772,2.0270270270270316,7.432432432432435,4.391891891891888
44,FDP,1000,19,0.0,1.0,2.871621621621621,1.0,1.0,1.2387387387387403,3.271692745376953,1.5647226173541924,0.5867709815078257,7.6635846372688405,0.5156472261735487,3.627311522048366,0.6756756756756772,1.0135135135135087,2.0270270270270316,0.6756756756756772,2.0270270270270316,1.0135135135135158
1276,bunt.saar,1000,19,1.0,0.0,5.203888098624937,1.0,1.0,0.7882882882882901,0.1955903271692776,4.409672830725462,1.3869132290184751,5.067567567567565,14.331436699857747,5.832147937411094,1.0135135135135158,1.689189189189193,0.6756756756756772,1.0135135135135158,0.0,0.3378378378378386
2600,bunt.saar,1000,19,1.0,1.0,7.239805595068756,1.0,1.0,1.970720720720717,2.4182076813655797,4.80085348506401,10.401849217638691,0.6401137980085352,15.469416785206263,9.708392603129454,0.3378378378378457,0.675675675675663,3.378378378378372,3.378378378378372,3.378378378378372,0.6756756756756772
3862,SPD,1000,19,0.0,0.0,5.423186344238978,0.0,0.0,3.040540540540539,5.174253200568991,2.6137980085348573,5.636557610241823,1.4935988620199083,11.895448079658614,5.725462304409675,1.689189189189186,0.3378378378378315,6.418918918918919,1.689189189189186,7.770270270270274,0.3378378378378386
1732,SPD,1000,19,1.0,1.0,2.9190374585111414,1.0,1.0,5.912162162162162,1.795874822190612,3.6095305832147915,1.0135135135135087,1.0135135135135087,7.325746799431009,2.7560455192034183,4.391891891891888,5.743243243243242,6.081081081081088,4.391891891891895,6.418918918918912,8.445945945945951
3897,Die Grünen,1000,19,0.0,0.0,6.012920815552394,0.0,1.0,1.5202702702702726,0.6934566145092447,1.0490753911806578,6.330014224751068,6.418918918918919,16.251778093883352,5.334281650071119,2.364864864864863,4.054054054054063,0.0,0.6756756756756772,0.0,2.0270270270270316
926,bunt.saar,1000,19,1.0,0.0,4.341512565196779,1.0,1.0,0.900900900900897,0.2489331436699942,1.0490753911806578,7.82361308677099,2.507112375533424,9.086059743954486,5.334281650071119,1.0135135135135158,0.3378378378378244,1.0135135135135016,0.3378378378378315,2.0270270270270316,0.6756756756756772
3490,FDP,1000,19,0.0,1.0,4.525248933143669,1.0,1.0,3.8288288288288306,3.200568990042669,0.7112375533428192,1.0490753911806507,8.961593172119485,8.232574679943106,4.996443812233288,1.689189189189193,4.054054054054063,3.7162162162162176,3.378378378378372,4.054054054054056,6.081081081081081
3581,CDU,1000,19,1.0,0.0,3.022759601706973,1.0,0.0,1.6328828828828879,3.2539118065433925,2.8982930298719793,0.26671408250354744,4.516358463726888,2.6137980085348573,4.587482219061172,3.0405405405405546,1.013513513513523,2.702702702702709,0.3378378378378386,1.0135135135135087,1.689189189189193
4554,CDU,1000,19,1.0,1.0,3.209459459459461,1.0,1.0,1.7454954954954947,4.889758179231862,2.4182076813655797,2.631578947368425,7.930298719772395,1.333570412517787,0.053342816500716594,5.067567567567565,1.0135135135135087,1.0135135135135087,0.6756756756756843,1.0135135135135087,1.689189189189193
3105,CDU,1000,19,1.0,0.0,4.5489568515884296,1.0,0.0,4.222972972972975,0.21337126600283796,5.014224751066855,9.050497866287337,1.4580369843527734,7.450213371266003,4.107396870554773,3.7162162162162176,0.6756756756756772,5.067567567567565,5.743243243243249,4.729729729729726,5.405405405405411
2293,FDP,1000,19,1.0,1.0,4.31484115694642,1.0,1.0,1.4639639639639626,8.108108108108105,1.3335704125177799,8.14366998577525,3.4317211948790884,3.5739687055476566,1.2980085348506378,1.3513513513513473,0.3378378378378386,3.0405405405405403,1.3513513513513544,0.6756756756756701,2.0270270270270245
13,SPD,1000,19,0.0,0.0,4.87197724039829,0.0,0.0,4.729729729729725,0.7823613086770962,2.258179231863444,12.339971550497864,0.7645803698435216,8.26813655761024,4.818634423897571,4.054054054054049,1.3513513513513473,6.081081081081074,6.081081081081074,8.108108108108105,2.7027027027027017
4893,CDU,1000,19,0.0,1.0,1.055002370791846,1.0,1.0,3.0968468468468493,0.32005689900426404,0.3378378378378386,0.46230440967283215,1.724751066856328,2.009246088193457,1.475817923186355,0.6756756756756772,0.6756756756756772,5.067567567567565,1.689189189189193,6.418918918918926,4.054054054054056
2577,FDP,1000,19,1.0,0.0,6.392247510668561,1.0,1.0,0.9009009009009006,11.646514935988613,7.21906116642959,2.3826458036984306,8.036984352773821,0.9068278805120897,8.161450924608822,0.6756756756756772,2.364864864864863,0.3378378378378386,0.3378378378378386,1.0135135135135087,0.6756756756756772
3244,bunt.saar,1000,19,1.0,0.0,6.436699857752487,1.0,0.0,1.520270270270269,6.899004267425319,4.480796586059739,8.623755334281647,1.5291607396870575,12.731152204836413,4.356330014224746,0.0,2.7027027027026946,0.3378378378378244,3.0405405405405403,1.013513513513523,2.0270270270270316
2474,CDU,1000,19,0.0,0.0,3.0642484589853005,1.0,1.0,2.139639639639641,5.636557610241823,0.10668563300142608,0.1422475106685539,2.00924608819345,3.485064011379805,7.005689900426745,0.6756756756756843,2.7027027027027017,2.702702702702709,2.7027027027026946,3.7162162162162176,0.3378378378378386
284,Die Grünen,1000,19,1.0,0.0,8.081436699857756,1.0,1.0,1.0698198198198174,2.809388335704128,11.059743954480801,7.82361308677099,2.489331436699864,13.673541963015644,10.633001422475111,1.0135135135135158,1.0135135135135158,1.0135135135135016,1.3513513513513544,0.6756756756756772,1.3513513513513402
4586,DIE LINKE,1000,19,0.0,1.0,6.990872451398766,0.0,0.0,5.011261261261262,4.818634423897571,7.556899004267429,11.682076813655755,2.293741109530586,5.565433854907539,10.028449502133718,0.0,5.067567567567565,7.7702702702702595,2.702702702702709,9.45945945945946,5.067567567567579
2350,FDP,1000,19,1.0,1.0,5.4054054054054035,1.0,1.0,1.9144144144144135,4.783072546230443,2.5960170697012828,1.724751066856328,13.940256045519192,4.943100995732571,4.445234708392604,3.378378378378372,0.0,2.364864864864863,3.378378378378379,1.0135135135135158,1.3513513513513509
630,Die Grünen,1000,19,1.0,1.0,8.641536273115223,1.0,1.0,1.2950450450450457,5.45874822190612,0.23115220483641963,8.694879089615938,4.480796586059739,21.443812233285918,11.5398293029872,0.6756756756756701,1.689189189189193,1.3513513513513402,1.3513513513513544,1.3513513513513615,1.3513513513513544
4868,bunt.saar,1000,19,1.0,0.0,6.549312470365101,0.0,0.0,15.82207207207207,3.982930298719772,2.1692745376955855,9.17496443812233,0.21337126600283796,17.674253200568998,6.081081081081081,4.391891891891895,6.418918918918912,20.608108108108105,13.851351351351347,25.337837837837846,24.324324324324323
3285,FDP,1000,19,1.0,1.0,3.704362256993834,1.0,1.0,1.576576576576578,8.036984352773828,0.3911806543385481,0.0711237553342805,12.304409672830715,0.5689900426742547,0.8534850640113767,0.0,1.3513513513513544,2.7027027027027053,0.0,2.7027027027027053,2.7027027027027035
1521,SPD,1000,19,1.0,0.0,6.703413940256044,1.0,1.0,2.0833333333333344,1.4402560455191917,5.8321479374110865,10.312944523470854,3.6095305832147915,8.837126600284492,10.188477951635846,2.702702702702709,0.0,1.6891891891892072,1.3513513513513473,4.391891891891888,2.364864864864856
4601,CDU,1000,19,1.0,0.0,7.106448553816976,0.0,0.0,1.2387387387387416,5.2275960170697005,6.827880512091042,6.490042674253203,3.8229018492176436,14.100284495021342,6.169985775248925,1.013513513513523,0.3378378378378457,2.0270270270270316,1.0135135135135087,3.0405405405405403,0.0
1147,CDU,1000,19,0.0,0.0,2.4389521100047475,0.0,0.0,3.7162162162162162,3.627311522048373,2.2226173541963092,2.2226173541963092,4.587482219061172,0.2489331436699942,1.724751066856328,3.0405405405405332,4.729729729729733,1.689189189189193,2.364864864864863,5.743243243243242,4.729729729729733
5070,Die Grünen,1000,19,0.0,0.0,4.0007112375533405,1.0,0.0,0.8445945945945977,0.3378378378378386,0.017780938833574567,5.6899004267425255,1.7425320056899025,5.618776671408241,10.597439544807962,0.0,0.3378378378378386,0.6756756756756914,0.0,0.6756756756756843,3.378378378378372
2399,FDP,1000,19,0.0,0.0,6.318160265528685,1.0,0.0,3.7162162162162176,6.045519203413939,9.921763869132299,3.94736842105263,10.561877667140813,0.6756756756756772,6.756756756756751,5.067567567567579,5.067567567567572,5.743243243243242,1.689189189189186,1.0135135135135158,3.7162162162162105
563,FDP,1000,19,1.0,0.0,3.0968468468468466,0.0,1.0,1.3513513513513544,2.329302987197721,5.352062588904694,1.9381223328591801,3.022759601706973,3.236130867709811,2.7027027027027017,0.6756756756756843,3.0405405405405332,0.0,1.013513513513523,0.3378378378378457,3.0405405405405403
805,SPD,1000,19,0.0,0.0,3.968112849691792,1.0,1.0,2.139639639639642,1.7780938833570303,5.974395448079662,4.356330014224746,5.743243243243242,4.0362731152204745,1.9203413940255984,4.391891891891888,2.3648648648648702,0.675675675675663,4.054054054054056,0.6756756756756914,0.6756756756756843
98,CDU,1000,19,1.0,0.0,5.752133712660029,1.0,0.0,3.6036036036036045,1.5647226173542066,0.1422475106685539,14.064722617354192,0.46230440967283215,11.059743954480801,7.21906116642959,2.3648648648648702,3.7162162162162176,5.743243243243242,4.054054054054056,3.378378378378379,2.364864864864863
1243,CDU,1000,19,1.0,0.0,4.015528686581319,1.0,0.0,2.3085585585585613,6.970128022759603,2.809388335704128,5.565433854907539,5.583214793741114,3.0761024182076824,0.08890469416784441,1.3513513513513615,6.418918918918919,4.054054054054056,0.6756756756756772,0.6756756756756772,0.6756756756756772
3709,bunt.saar,1000,19,1.0,0.0,3.5146989094357495,1.0,0.0,3.659909909909912,6.205547652916081,0.604551920341386,1.653627311522051,8.694879089615931,2.187055476529153,1.7425320056898954,1.689189189189193,5.067567567567565,4.391891891891902,3.378378378378372,4.729729729729733,2.702702702702709
1299,FDP,1000,19,1.0,1.0,4.015528686581319,1.0,1.0,1.6328828828828843,3.8940256045519206,6.1877667140825,3.2894736842105274,9.068278805120912,0.9246088193456643,0.7290184921763867,3.0405405405405403,0.6756756756756701,3.7162162162162176,0.3378378378378386,0.6756756756756843,1.3513513513513544
413,bunt.saar,1000,19,0.0,0.0,6.152204836415361,0.0,1.0,2.9279279279279287,1.689189189189186,7.130156472261731,4.60526315789474,4.036273115220482,13.193456614509245,6.258890469416784,1.0135135135135087,4.054054054054056,5.4054054054054035,0.3378378378378386,5.405405405405411,1.3513513513513544
1803,bunt.saar,1000,19,1.0,0.0,5.24834044570887,0.0,1.0,1.5765765765765742,0.23115220483641252,0.017780938833574567,7.556899004267422,1.6714082503556256,13.08677098150784,8.926031294452343,1.689189189189186,4.054054054054049,0.0,0.675675675675663,1.0135135135135158,2.0270270270270316
1569,FDP,1000,19,1.0,1.0,8.522996680891419,1.0,1.0,0.4504504504504491,9.423897581792318,7.21906116642959,9.495021337126598,11.308677098150774,5.0497866287340045,8.641536273115221,0.3378378378378386,0.6756756756756701,0.3378378378378386,0.675675675675663,0.3378378378378457,0.3378378378378386
89,DIE LINKE,1000,19,1.0,0.0,3.1442626837363683,0.0,0.0,4.054054054054053,5.51209103840683,3.0049786628734054,3.556187766714082,1.404694167852064,5.245376955903275,0.1422475106685539,2.7027027027027017,3.378378378378379,5.743243243243242,1.3513513513513473,3.0405405405405475,8.108108108108098
1341,Die Grünen,1000,19,1.0,0.0,9.183854907539112,1.0,1.0,1.7454954954954889,2.5248933143669916,10.224039829302974,12.144381223328587,1.2802275960170775,18.509957325746797,10.419630156472252,1.3513513513513473,2.7027027027026946,2.7027027027026946,0.3378378378378386,2.7027027027026946,0.675675675675663
1737,CDU,1000,19,0.0,1.0,3.165007112375536,1.0,1.0,1.8581081081081112,6.365576102418217,3.52062588904694,5.600995732574688,3.022759601706973,0.01778093883356746,0.46230440967283215,1.3513513513513686,3.0405405405405403,2.0270270270270245,1.013513513513523,2.0270270270270245,1.689189189189186
809,FDP,1000,19,1.0,1.0,4.907539118065433,1.0,1.0,1.0698198198198188,6.792318634423893,5.352062588904694,3.94736842105263,6.347795163584628,0.07112375533427695,6.934566145092475,1.3513513513513544,0.0,1.3513513513513473,2.0270270270270316,0.6756756756756701,1.0135135135135087
2358,bunt.saar,1000,19,1.0,1.0,4.614153627311524,1.0,1.0,1.2387387387387367,5.245376955903275,0.10668563300143319,8.01920341394026,0.142247510668561,7.930298719772395,6.241109530583216,2.364864864864863,0.675675675675663,1.3513513513513544,1.3513513513513544,1.3513513513513473,0.3378378378378386
1083,CDU,1000,19,1.0,1.0,3.8880986249407314,1.0,0.0,1.745495495495496,3.3605974395447973,8.090327169274545,1.8847795163584706,0.40896159317212266,6.490042674253203,3.09388335704125,1.0135135135135016,0.6756756756756772,2.0270270270270316,0.3378378378378457,3.0405405405405403,3.378378378378379
3276,SPD,1000,19,1.0,1.0,3.9592223802750133,1.0,1.0,1.4639639639639626,3.556187766714089,1.3513513513513473,8.55263157894737,1.4935988620199154,5.280938833570417,3.52062588904694,2.0270270270270245,2.364864864864863,0.3378378378378386,0.6756756756756772,0.6756756756756772,2.7027027027026946
1078,CDU,1000,19,1.0,1.0,1.2831910858226625,1.0,1.0,3.6036036036036,0.23115220483641252,1.760312944523477,1.1557610241820626,2.507112375533424,0.9957325746799413,1.0490753911806578,3.378378378378379,2.7027027027027017,3.7162162162162176,1.0135135135135087,6.756756756756751,4.054054054054042
2575,DIE LINKE,1000,19,0.0,0.0,6.264817449027979,0.0,0.0,3.828828828828833,0.10668563300142608,7.894736842105267,6.490042674253203,0.5689900426742511,15.52275960170698,7.005689900426745,4.729729729729733,2.3648648648648702,4.391891891891895,5.405405405405411,2.3648648648648702,3.7162162162162176
3493,SPD,1000,19,1.0,0.0,2.489331436699853,1.0,0.0,1.2950450450450515,2.5248933143669916,2.00924608819345,6.330014224751068,0.9068278805120897,1.1557610241820697,2.00924608819345,1.3513513513513615,0.3378378378378457,0.6756756756756772,1.3513513513513544,1.3513513513513544,2.702702702702716
321,DIE LINKE,1000,19,1.0,0.0,3.668800379326695,0.0,1.0,1.3513513513513533,0.5689900426742511,2.6315789473684177,5.583214793741114,1.1379800853485094,7.539118065433861,4.551920341394016,1.689189189189193,0.6756756756756772,2.3648648648648702,0.6756756756756772,1.3513513513513473,1.3513513513513544
4618,Die Grünen,1000,19,0.0,1.0,4.711948790896158,1.0,1.0,4.673423423423425,0.9068278805120897,2.0270270270270316,7.645803698435266,4.9075391180654435,8.108108108108105,4.67638691322901,2.7027027027027017,3.0405405405405332,5.4054054054054035,3.378378378378386,9.45945945945946,4.054054054054063
3612,bunt.saar,1000,19,0.0,0.0,8.445945945945946,1.0,0.0,1.5202702702702677,7.823613086770983,2.115931721194869,15.04267425320058,2.7382645803698367,13.424608819345664,9.530583214793737,0.6756756756756701,1.0135135135135158,1.3513513513513544,0.0,3.7162162162162105,2.364864864864856
3956,bunt.saar,1000,19,0.0,1.0,5.355026078710286,0.0,1.0,1.6328828828828819,0.6756756756756772,4.142958748221901,6.987908961593163,6.436699857752487,5.547652916073957,8.339260312944532,1.0135135135135087,1.3513513513513544,0.3378378378378386,2.7027027027027017,1.0135135135135016,3.378378378378386
4009,bunt.saar,1000,19,1.0,1.0,3.662873399715506,0.0,0.0,2.5900900900900887,3.413940256045514,4.071834992887624,0.9423897581792318,3.911806543385495,8.339260312944532,1.2980085348506378,2.0270270270270316,0.6756756756756772,4.729729729729726,1.689189189189193,2.7027027027026946,3.7162162162162105
2576,bunt.saar,1000,19,1.0,1.0,2.865694642010432,1.0,0.0,2.2522522522522563,5.867709815078236,1.4046941678520568,1.8136557610241795,1.902560455192031,4.640825035561882,1.5647226173542066,1.689189189189193,0.6756756756756772,3.0405405405405475,2.0270270270270316,3.0405405405405546,3.0405405405405332
3933,CDU,1000,19,0.0,0.0,5.8677098150782365,1.0,0.0,2.4211711711711743,3.6095305832147915,2.809388335704128,10.010668563300136,2.3648648648648702,8.748221906116648,7.663584637268848,1.0135135135135158,1.3513513513513473,2.702702702702709,3.0405405405405475,3.7162162162162176,2.702702702702709
1005,bunt.saar,1000,19,1.0,1.0,4.065908013276441,1.0,1.0,2.0270270270270303,1.546941678520632,1.8492176386913286,2.2226173541963163,4.729729729729733,10.988620199146517,3.058321479374115,2.3648648648648702,0.6756756756756772,1.3513513513513686,4.391891891891895,1.689189189189193,1.6891891891891788
743,CDU,1000,19,1.0,1.0,3.7251066856330026,1.0,1.0,3.997747747747747,0.8179231863442311,2.809388335704128,2.8449502133712627,5.654338549075405,6.009957325746804,4.214082503556185,1.3513513513513544,5.067567567567572,1.3513513513513473,2.7027027027026946,4.729729729729726,8.78378378378379
693,FDP,1000,19,1.0,0.0,3.653982930298721,1.0,0.0,2.759009009009008,3.769559032716927,6.54338549075392,1.475817923186348,1.1379800853485023,2.5426742532005733,6.454480796586054,6.418918918918919,0.0,3.0405405405405403,0.0,2.364864864864863,4.729729729729726
1924,CDU,1000,19,0.0,0.0,5.269084874348029,0.0,1.0,1.5765765765765742,10.419630156472259,4.480796586059739,0.32005689900426404,7.734708392603125,4.463015647226179,4.19630156472261,1.0135135135135087,0.0,3.7162162162162176,2.0270270270270174,0.0,2.7027027027027017
512,FDP,1000,19,0.0,0.0,1.8995969653864389,0.0,0.0,3.3783783783783776,4.800853485064017,3.378378378378379,0.7645803698435216,0.5867709815078399,0.4800853485063925,1.3869132290184822,1.0135135135135087,3.378378378378379,4.391891891891895,0.3378378378378457,5.405405405405411,5.743243243243228
3297,bunt.saar,1000,19,1.0,1.0,3.1827880512091027,1.0,1.0,2.4774774774774797,2.5426742532005733,3.236130867709818,1.0846372688477857,2.7382645803698367,5.95661450924608,3.5384068278805216,4.054054054054056,0.6756756756756843,1.689189189189193,3.7162162162162105,3.0405405405405546,1.6891891891891788
460,FDP,1000,19,0.0,1.0,3.5354433380749177,0.0,1.0,2.759009009009007,0.053342816500716594,5.1031294452347,2.151493598862025,7.005689900426745,3.271692745376953,3.627311522048366,3.0405405405405332,2.3648648648648702,2.364864864864863,3.7162162162162105,0.3378378378378386,4.729729729729726
2699,SPD,1000,19,1.0,0.0,2.267069701280228,1.0,1.0,5.574324324324324,1.9381223328591801,0.3378378378378386,2.3115220483641536,4.765291607396875,3.165007112375534,1.0846372688477857,1.689189189189186,5.4054054054054035,9.121621621621628,7.770270270270274,3.0405405405405332,6.418918918918919
4860,FDP,1000,19,1.0,0.0,3.645092460881932,1.0,0.0,2.3085585585585613,3.4672830725462234,2.951635846372689,2.578236130867701,0.9068278805120897,8.55263157894737,3.413940256045521,4.729729729729733,2.0270270270270245,0.6756756756756843,4.729729729729733,0.3378378378378386,1.3513513513513544
4462,FDP,1000,19,1.0,1.0,3.7280701754385945,1.0,1.0,2.7027027027027053,4.818634423897571,9.868421052631582,1.5291607396870575,4.107396870554766,0.8712660028449477,1.1735419630156443,2.702702702702709,3.0405405405405403,3.3783783783783754,3.7162162162162247,1.3513513513513544,2.027027027027028
2368,FDP,1000,19,1.0,0.0,11.107159791370316,1.0,0.0,5.349099099099096,8.07254623044097,11.557610241820761,13.193456614509238,4.623044096728307,21.123755334281643,8.07254623044097,1.0135135135135158,3.7162162162162176,9.459459459459453,2.364864864864856,11.486486486486477,4.054054054054056
2983,DIE LINKE,1000,19,1.0,0.0,5.568397344713131,1.0,0.0,4.166666666666669,0.7290184921763796,1.8136557610241795,10.348506401137975,1.2446657183499354,14.171408250355618,5.1031294452347,3.0405405405405475,2.3648648648648702,6.418918918918919,3.378378378378393,5.743243243243242,4.054054054054042
982,Die Grünen,1000,19,1.0,0.0,4.323731626363202,0.0,1.0,1.5765765765765778,1.0312944523470833,3.2894736842105345,5.885490753911796,0.6578947368421026,12.251066856329999,2.8271692745376953,0.6756756756756843,1.689189189189193,0.6756756756756772,1.689189189189186,0.3378378378378386,4.391891891891888
1259,bunt.saar,1000,19,1.0,1.0,4.768255097202464,1.0,1.0,0.5630630630630632,0.3378378378378386,6.987908961593163,6.258890469416784,1.795874822190612,8.090327169274538,5.138691322901849,1.0135135135135087,0.0,0.6756756756756772,0.3378378378378386,0.3378378378378386,1.0135135135135158
2065,FDP,1000,19,1.0,1.0,3.0494310099573276,1.0,1.0,7.038288288288286,9.050497866287337,1.3157894736842124,1.9914651493598896,0.5334281650071233,1.795874822190612,3.6095305832147915,1.0135135135135087,8.445945945945951,6.756756756756758,7.7702702702702595,9.121621621621621,9.121621621621621
3604,Die Grünen,1000,19,1.0,1.0,5.192034139402558,1.0,1.0,2.477477477477477,2.0625889046941666,5.885490753911803,3.307254623044102,2.8449502133712627,13.780227596017063,3.271692745376953,1.689189189189193,2.364864864864856,4.729729729729726,0.6756756756756701,0.6756756756756772,4.7297297297297405
5182,Die Grünen,1000,19,1.0,1.0,2.4478425794215304,1.0,1.0,4.729729729729727,5.369843527738269,1.2446657183499354,1.618065433854909,1.1024182076813602,2.738264580369851,2.6137980085348573,1.689189189189186,4.729729729729726,4.729729729729726,8.108108108108112,5.4054054054054035,3.7162162162162105
1388,CDU,1000,19,1.0,1.0,1.9499762920815609,1.0,0.0,1.970720720720717,0.3022759601707037,3.3961593172119535,2.5426742532005733,3.2183499288762576,1.4224751066856385,0.8179231863442382,3.7162162162162033,1.689189189189186,1.689189189189186,1.0135135135135087,3.7162162162162176,0.0
4937,Die Grünen,1000,19,0.0,0.0,5.666192508297769,0.0,0.0,8.952702702702702,0.5689900426742511,0.9068278805120968,11.184210526315788,3.3605974395448044,12.393314366998567,5.5832147937411065,7.432432432432435,2.364864864864856,12.5,9.797297297297298,12.162162162162154,9.459459459459467
2353,CDU,1000,19,0.0,0.0,4.0303461356092924,1.0,0.0,3.1531531531531556,9.815078236130866,3.9295874822190555,0.03556187766713492,7.0590327169274545,1.0135135135135087,2.3293029871977353,1.689189189189186,8.108108108108105,1.689189189189193,0.3378378378378386,2.702702702702709,4.391891891891902
1282,bunt.saar,1000,19,1.0,1.0,1.920341394025603,1.0,1.0,3.3783783783783776,0.5867709815078399,0.017780938833574567,4.623044096728307,0.03556187766713492,5.8321479374110865,0.4267425320056759,3.0405405405405475,4.054054054054049,2.0270270270270174,0.0,6.081081081081074,5.067567567567579
4876,SPD,1000,19,1.0,1.0,2.759009009009006,1.0,0.0,1.745495495495497,5.156472261735409,4.089615931721191,4.107396870554766,0.2844950213371291,0.8534850640113802,2.0625889046941595,1.689189189189186,3.378378378378372,0.3378378378378386,0.6756756756756843,2.3648648648648702,2.0270270270270316
355,Die Grünen,1000,19,1.0,1.0,5.627667140825032,1.0,1.0,3.490990990990987,3.556187766714089,4.356330014224753,7.503556187766705,5.298719772403977,7.04125177809388,6.0099573257467895,4.054054054054049,6.081081081081081,3.7162162162162105,5.743243243243242,0.3378378378378386,1.0135135135135016
300,FDP,1000,19,0.0,1.0,4.791963015647226,1.0,1.0,0.5630630630630643,3.9118065433855023,1.7780938833570303,0.17780938833571014,7.930298719772395,13.264580369843529,1.689189189189186,0.6756756756756701,0.0,0.3378378378378457,1.3513513513513473,0.6756756756756772,0.3378378378378457
1312,FDP,1000,19,1.0,1.0,6.457444286391653,1.0,1.0,1.4076576576576603,6.490042674253203,5.138691322901842,1.404694167852064,8.054765291607396,6.241109530583209,11.415362731152207,0.0,2.3648648648648702,1.3513513513513544,1.689189189189193,1.3513513513513544,1.6891891891891895
4992,FDP,1000,19,0.0,0.0,4.827524893314364,1.0,0.0,1.9144144144144175,7.503556187766712,0.1422475106685539,1.191322901849226,5.209815078236119,10.56187766714082,4.356330014224753,1.013513513513523,5.743243243243249,0.6756756756756701,1.3513513513513544,1.689189189189193,1.0135135135135158
4454,CDU,1000,19,1.0,0.0,2.059625414888574,1.0,0.0,3.547297297297297,2.329302987197721,0.23115220483641252,2.5426742532005733,0.8712660028449548,2.489331436699864,3.8940256045519206,3.378378378378379,3.0405405405405403,3.378378378378379,4.729729729729726,5.067567567567565,1.689189189189193
2544,CDU,1000,19,0.0,0.0,4.460052157420577,0.0,0.0,6.137387387387385,5.45874822190612,0.5512091038406766,0.5867709815078257,9.726173541963021,6.223328591749642,4.2140825035561775,1.3513513513513473,6.081081081081074,7.770270270270267,3.7162162162162176,10.135135135135144,7.7702702702702595
704,FDP,1000,19,0.0,1.0,3.0494310099573263,1.0,1.0,1.8018018018018012,3.627311522048373,1.475817923186355,1.973684210526315,7.361308677098144,1.902560455192031,1.9559032716927405,5.067567567567565,0.3378378378378244,0.6756756756756772,1.689189189189193,1.3513513513513544,1.689189189189193
2123,CDU,1000,19,1.0,1.0,2.9131104788999536,1.0,1.0,3.8851351351351333,2.293741109530586,0.6578947368421098,2.8982930298719793,5.796586059743959,5.209815078236119,0.6223328591749677,4.054054054054063,5.4054054054054035,1.3513513513513473,6.081081081081074,5.067567567567565,1.3513513513513473
1578,bunt.saar,1000,19,0.0,0.0,7.334637268847797,1.0,0.0,1.3513513513513555,1.2446657183499354,0.8890469416785294,10.02844950213371,9.139402560455203,13.602418207681367,9.10384068278804,3.0405405405405475,0.3378378378378528,0.0,1.3513513513513615,2.0270270270270316,1.3513513513513402
2164,CDU,1000,19,1.0,1.0,2.7797534376481736,0.0,1.0,0.7319819819819801,3.7517780938833525,0.10668563300141898,1.475817923186348,5.387624466571829,4.018492176386914,1.9381223328591801,0.3378378378378386,1.0135135135135087,1.689189189189186,0.3378378378378386,0.6756756756756701,0.3378378378378386
4017,FDP,1000,19,1.0,1.0,4.874940730203886,1.0,1.0,4.898648648648653,11.308677098150774,3.8940256045519206,4.658605974395456,3.378378378378372,0.6045519203413932,5.4054054054054035,1.3513513513513615,5.743243243243235,4.391891891891888,5.405405405405418,6.756756756756765,5.743243243243249
1173,SPD,1000,19,0.0,0.0,5.4291133238501645,1.0,0.0,1.9707207207207194,1.760312944523477,0.2844950213371291,8.837126600284499,7.805832147937409,5.352062588904687,8.534850640113788,3.378378378378379,1.3513513513513473,1.3513513513513473,3.7162162162162176,1.3513513513513544,0.6756756756756701
2416,FDP,1000,19,1.0,1.0,4.397818871503084,1.0,1.0,0.7319819819819801,7.485775248933145,1.4224751066856243,5.849928876244668,5.654338549075405,0.7290184921763867,5.245376955903275,0.6756756756756701,2.0270270270270174,0.0,0.6756756756756772,0.6756756756756772,0.3378378378378386
682,bunt.saar,1000,19,1.0,0.0,6.552275960170699,1.0,0.0,1.6891891891891895,5.4765291607396875,5.1209103840682815,7.716927453769557,1.8847795163584706,14.313655761024187,4.80085348506401,0.6756756756756701,3.378378378378386,1.0135135135135158,0.3378378378378386,4.391891891891888,0.3378378378378386
1250,bunt.saar,1000,19,1.0,1.0,5.891417733522993,1.0,1.0,0.9572072072072034,0.8001422475106708,5.369843527738276,6.650071123755325,7.574679943100996,8.108108108108098,6.845661450924595,1.0135135135135087,1.6891891891891788,0.6756756756756772,1.0135135135135158,0.0,1.3513513513513402
2811,SPD,1000,19,1.0,0.0,6.552275960170694,0.0,0.0,4.448198198198196,1.0668563300142253,1.9203413940255984,10.224039829302974,10.650782361308679,7.4502133712659955,8.001422475106693,3.378378378378372,3.0405405405405403,4.054054054054049,3.7162162162162176,7.7702702702702595,4.7297297297297405
5062,bunt.saar,1000,19,1.0,0.0,8.155523944997631,1.0,0.0,3.8851351351351355,2.1692745376955926,0.7467994310099471,9.246088193456615,5.2631578947368425,20.874822190611667,10.633001422475118,3.0405405405405332,1.3513513513513544,4.729729729729726,3.0405405405405403,5.4054054054054035,5.743243243243256
4064,CDU,1000,19,1.0,0.0,3.686581318160266,1.0,1.0,2.927927927927932,1.6358463726884764,8.392603129445227,1.475817923186355,2.916073968705547,3.1116642958748244,4.587482219061165,4.054054054054063,0.0,3.378378378378393,2.364864864864863,4.054054054054056,3.7162162162162176
2104,bunt.saar,1000,19,1.0,0.0,4.623044096728305,1.0,0.0,2.2522522522522466,2.0625889046941666,2.293741109530579,5.28093883357041,4.089615931721191,7.254623044096725,6.756756756756758,3.0405405405405332,3.378378378378372,2.364864864864856,1.0135135135135087,2.364864864864856,1.3513513513513544
3526,FDP,1000,19,0.0,1.0,1.884779516358461,1.0,0.0,1.745495495495497,0.40896159317210845,3.2539118065433854,0.4445234708392647,5.352062588904687,0.6578947368421026,1.1913229018492189,2.0270270270270316,1.0135135135135087,1.689189189189186,3.378378378378386,0.6756756756756772,1.689189189189193
752,FDP,1000,19,0.0,0.0,5.162399241346608,0.0,1.0,2.477477477477475,0.21337126600283796,3.805120910384062,5.1031294452347,9.77951635846373,6.401137980085352,5.672119487908965,4.729729729729733,1.0135135135135087,2.364864864864856,1.0135135135135087,2.0270270270270245,3.7162162162162176
4587,FDP,1000,19,0.0,0.0,6.487079184447604,0.0,0.0,4.110360360360363,5.903271692745371,7.894736842105267,2.9694167852062563,11.859886201991465,4.605263157894733,5.689900426742533,1.689189189189186,1.689189189189186,4.391891891891895,4.729729729729733,6.081081081081088,6.081081081081088
1217,bunt.saar,1000,19,0.0,0.0,10.363323850165953,0.0,1.0,4.8986486486486465,1.902560455192031,2.400426742531998,16.44736842105263,9.63726884779517,20.48364153627311,11.308677098150774,2.364864864864863,0.6756756756756772,7.0945945945945965,6.418918918918912,6.418918918918919,6.418918918918912
455,bunt.saar,1000,19,0.0,0.0,6.101825509720245,1.0,1.0,1.182432432432434,1.2446657183499354,1.3335704125177799,8.570412517780937,2.7916073968705533,11.397581792318633,11.273115220483632,0.6756756756756843,3.0405405405405475,0.0,1.3513513513513544,0.0,2.0270270270270174
3536,FDP,1000,19,0.0,1.0,3.68361782835467,0.0,0.0,3.9414414414414423,5.298719772403977,0.017780938833574567,7.201280227596023,4.42745376955903,4.783072546230443,0.37339971550497353,5.405405405405411,7.0945945945945965,0.6756756756756701,3.378378378378379,4.391891891891888,2.702702702702709
1621,Die Grünen,1000,19,1.0,1.0,2.2581792318634384,1.0,1.0,5.067567567567568,1.7780938833570303,5.156472261735409,2.4893314366998567,1.973684210526315,0.40896159317212266,1.7425320056898954,0.0,9.121621621621621,4.729729729729726,2.364864864864863,9.121621621621621,5.067567567567579
3966,Die Grünen,1000,19,1.0,0.0,5.8766002844950185,1.0,1.0,2.25225225225225,5.298719772403977,0.35561877667140607,7.930298719772409,1.4580369843527734,13.65576102418207,6.561166429587473,2.7027027027026946,2.364864864864863,1.3513513513513402,3.378378378378379,1.3513513513513544,2.3648648648648702
1513,CDU,1000,19,1.0,1.0,2.480440967283073,1.0,1.0,3.153153153153152,2.6137980085348573,5.0853485064011394,0.6045519203413932,1.831436699857747,1.9559032716927476,2.7916073968705533,4.054054054054049,1.3513513513513473,1.689189189189193,8.108108108108098,3.0405405405405475,0.6756756756756772
2812,FDP,1000,19,1.0,0.0,3.2094594594594574,1.0,1.0,1.2950450450450457,5.4054054054054035,4.854196301564727,2.115931721194876,4.125177809388333,0.5689900426742511,2.187055476529153,2.702702702702709,1.689189189189193,0.0,1.3513513513513544,0.6756756756756701,1.3513513513513473
5185,Die Grünen,1000,19,0.0,0.0,3.3517069701280264,0.0,0.0,6.418918918918918,2.951635846372696,2.880512091038412,3.236130867709818,6.881223328591759,3.5384068278805074,0.6223328591749677,9.121621621621621,5.743243243243242,3.7162162162162105,9.45945945945946,6.418918918918919,4.054054054054056
133,SPD,1000,19,1.0,0.0,6.501896633475585,1.0,1.0,2.421171171171172,3.342816500711244,3.9118065433855023,12.87339971550498,0.7112375533428192,7.005689900426745,11.16642958748222,3.0405405405405332,2.3648648648648702,2.3648648648648702,2.0270270270270316,3.378378378378372,1.3513513513513544
777,FDP,1000,19,0.0,0.0,3.7369606448553783,0.0,1.0,1.6328828828828843,2.293741109530579,0.7290184921763796,2.8449502133712556,6.294452347083926,9.014935988620195,1.2446657183499354,2.0270270270270316,2.0270270270270174,0.6756756756756701,0.6756756756756843,2.3648648648648702,2.0270270270270316
1181,FDP,1000,19,1.0,1.0,3.7932669511616885,0.0,0.0,3.2094594594594597,3.307254623044095,4.854196301564727,1.9381223328591872,4.018492176386907,7.5213371266002795,1.1201991465149348,0.6756756756756772,1.0135135135135087,3.0405405405405403,4.729729729729726,3.7162162162162176,6.081081081081088
3975,Die Grünen,1000,19,1.0,1.0,3.7488146040777615,1.0,1.0,1.8018018018018023,5.778805120910384,2.9871977240398238,0.9779516358463738,4.285206258890469,8.268136557610234,0.1955903271692847,0.6756756756756772,3.7162162162162176,0.6756756756756701,3.0405405405405403,0.6756756756756843,2.0270270270270245
715,FDP,1000,19,1.0,0.0,6.682669511616882,1.0,0.0,2.308558558558557,6.045519203413939,6.899004267425319,10.046230440967285,4.231863442389766,11.78876244665718,1.0846372688477999,3.0405405405405475,0.0,4.729729729729726,1.0135135135135087,4.391891891891881,0.6756756756756772
402,Die Grünen,1000,19,1.0,1.0,4.786036036036035,1.0,1.0,1.4076576576576574,6.899004267425319,5.0497866287340045,2.4893314366998567,1.8847795163584635,8.926031294452343,3.4672830725462234,3.378378378378379,1.3513513513513402,1.0135135135135158,1.0135135135135158,1.0135135135135158,0.6756756756756772
3050,CDU,1000,19,1.0,0.0,5.592105263157898,1.0,0.0,2.195945945945944,1.2446657183499354,7.183499288762441,0.5867709815078399,9.797297297297305,8.357041251778092,6.383357041251777,2.7027027027026946,2.702702702702709,1.0135135135135087,1.3513513513513473,3.378378378378379,2.0270270270270245
4320,Die Grünen,1000,19,0.0,0.0,4.557847321005219,0.0,1.0,2.083333333333332,4.765291607396875,2.3826458036984377,6.3122332859175,2.951635846372696,4.960881934566139,5.974395448079662,1.689189189189186,3.0405405405405403,0.3378378378378244,4.054054054054056,2.7027027027027017,0.6756756756756843
4507,Die Grünen,1000,19,1.0,1.0,6.644144144144146,1.0,1.0,1.1261261261261275,6.54338549075392,3.556187766714082,5.796586059743959,3.840682788051218,11.450924608819342,8.677098150782356,2.702702702702709,1.689189189189193,0.3378378378378386,0.6756756756756701,0.6756756756756772,0.6756756756756772
530,bunt.saar,1000,19,1.0,1.0,5.197961119013748,1.0,1.0,2.984234234234235,1.3869132290184822,7.894736842105267,5.565433854907539,3.236130867709811,7.130156472261724,5.974395448079662,1.3513513513513473,0.3378378378378386,4.391891891891888,2.0270270270270316,5.405405405405418,4.391891891891888
1597,bunt.saar,1000,19,1.0,0.0,5.707681365576106,1.0,1.0,0.5067567567567567,4.569701280227605,6.152204836415365,0.16002844950213557,2.951635846372689,15.82503556187767,4.587482219061172,0.3378378378378386,0.0,1.0135135135135158,1.689189189189186,0.0,0.0
857,Die Grünen,1000,19,1.0,0.0,3.9829302987197734,0.0,0.0,2.984234234234234,3.0761024182076824,2.3115220483641536,5.5832147937411065,0.6578947368421098,10.064011379800853,2.2048364153627347,2.0270270270270245,4.7297297297297405,2.7027027027026946,1.3513513513513473,4.391891891891902,2.7027027027026946
1723,Die Grünen,1000,19,1.0,0.0,3.3694879089615974,1.0,1.0,1.0698198198198199,8.090327169274545,1.9203413940255984,1.5647226173542066,1.795874822190612,3.9118065433855023,2.9338549075391214,0.3378378378378386,0.6756756756756843,2.3648648648648702,0.3378378378378386,2.364864864864856,0.3378378378378315
1885,Die Grünen,1000,19,0.0,1.0,4.886794689426268,0.0,1.0,2.364864864864861,3.4317211948790884,6.970128022759603,4.889758179231862,5.387624466571829,4.534139402560456,4.107396870554773,3.0405405405405403,1.3513513513513473,2.0270270270270245,3.378378378378379,3.7162162162162033,0.6756756756756701
1172,SPD,1000,19,0.0,1.0,2.281887150308202,0.0,1.0,4.054054054054057,1.546941678520632,0.4445234708392647,2.3826458036984306,2.933854907539107,4.694167852062584,1.689189189189193,0.6756756756756772,6.081081081081088,6.4189189189189335,0.675675675675663,4.391891891891902,6.081081081081081
3417,FDP,1000,19,0.0,1.0,2.5308202939781927,1.0,1.0,2.1959459459459487,2.6493598862019923,1.191322901849226,4.374110953058327,4.640825035561882,1.1379800853485094,1.1913229018492189,2.702702702702709,3.378378378378379,0.3378378378378315,3.0405405405405546,1.689189189189193,2.0270270270270245
3639,bunt.saar,1000,19,1.0,0.0,7.841394025604553,1.0,1.0,0.7319819819819825,1.724751066856328,5.707681365576114,7.948079658605977,5.707681365576107,17.97652916073968,7.983641536273112,0.6756756756756701,0.6756756756756914,0.6756756756756772,0.3378378378378386,1.6891891891891788,0.3378378378378386
4611,FDP,1000,19,1.0,1.0,5.7580606922712185,1.0,0.0,1.0698198198198174,4.889758179231862,4.054054054054056,4.747510668563301,1.973684210526315,11.628733997155052,7.254623044096725,1.0135135135135087,2.7027027027027017,1.3513513513513473,0.3378378378378386,0.3378378378378315,0.6756756756756772
2599,Die Grünen,1000,19,1.0,0.0,7.082740635372218,1.0,1.0,2.927927927927923,7.752489331436706,0.8534850640113874,3.342816500711244,3.200568990042669,14.26031294452347,13.086770981507833,5.405405405405411,2.7027027027026946,6.418918918918905,0.6756756756756843,2.0270270270270174,0.3378378378378244
4878,FDP,1000,19,1.0,1.0,4.208155523944998,1.0,1.0,3.885135135135132,2.2403982930298625,2.5960170697012828,0.6756756756756772,3.7339971550497992,14.224751066856328,1.7780938833570374,5.743243243243242,3.0405405405405332,3.0405405405405403,2.364864864864856,5.067567567567572,4.054054054054049
791,CDU,1000,19,0.0,0.0,3.653982930298721,1.0,1.0,1.3513513513513484,3.342816500711244,5.743243243243242,3.09388335704125,1.689189189189193,5.743243243243242,2.3115220483641536,2.7027027027026946,1.3513513513513544,0.0,1.0135135135135016,0.3378378378378386,2.7027027027027017
4045,bunt.saar,1000,19,1.0,1.0,5.544689426268373,1.0,1.0,0.7319819819819825,4.765291607396875,9.672830725462298,3.591749644381224,0.7645803698435216,9.797297297297305,4.67638691322901,1.3513513513513615,0.0,1.3513513513513544,1.3513513513513544,0.3378378378378244,0.0
2449,CDU,1000,19,1.0,0.0,2.815315315315317,1.0,1.0,2.252252252252253,0.9246088193456643,4.800853485064017,1.3157894736842124,1.4580369843527734,7.290184921763874,1.1024182076813602,3.378378378378379,0.0,0.6756756756756772,4.729729729729726,2.3648648648648702,2.364864864864863
2526,Die Grünen,1000,19,0.0,0.0,3.7843764817449013,0.0,0.0,3.5472972972972947,0.2489331436699942,4.498577524893314,5.867709815078236,1.0490753911806578,4.19630156472261,6.845661450924595,5.405405405405411,1.0135135135135087,4.391891891891881,3.378378378378379,1.0135135135135158,6.081081081081074
978,bunt.saar,1000,19,1.0,0.0,3.2924371740161207,1.0,1.0,2.4211711711711708,0.8712660028449477,1.5825035561877598,2.418207681365587,0.9246088193456643,11.806543385490748,2.151493598862018,1.3513513513513473,2.0270270270270316,3.378378378378372,2.0270270270270316,2.3648648648648702,3.378378378378372
2089,CDU,1000,19,1.0,1.0,5.734352773826458,1.0,1.0,2.7590090090090107,0.9601706970128063,8.07254623044097,5.600995732574681,8.481507823613093,11.219772403982923,0.07112375533427695,2.7027027027027017,1.3513513513513544,2.3648648648648702,1.013513513513523,6.756756756756751,2.364864864864863
1704,FDP,1000,19,1.0,1.0,6.190730203888099,1.0,1.0,4.954954954954956,10.810810810810814,3.342816500711244,5.227596017069704,8.55263157894737,5.7610241820768096,3.449502133712656,2.0270270270270316,4.054054054054049,7.0945945945946,4.729729729729726,7.0945945945945965,4.72972972972973
3063,FDP,1000,19,0.0,1.0,5.408368895210997,0.0,1.0,4.335585585585586,0.6756756756756772,0.9957325746799413,7.805832147937409,12.251066856329999,2.8449502133712627,7.876955903271693,1.0135135135135158,3.378378378378379,7.432432432432435,2.0270270270270245,5.4054054054054035,6.756756756756758
349,FDP,1000,19,1.0,1.0,2.856804172593644,1.0,1.0,3.2657657657657637,4.054054054054056,2.7738264580369787,2.809388335704117,3.449502133712656,3.5561877667140855,0.4978662873399706,4.729729729729726,0.6756756756756772,2.3648648648648596,4.729729729729726,2.7027027027027017,4.391891891891891
1292,DIE LINKE,1000,19,1.0,0.0,2.7738264580369845,1.0,1.0,2.815315315315317,3.44950213371267,1.8847795163584706,3.8940256045519206,3.1294452347083777,2.951635846372689,1.3335704125177799,3.7162162162162176,1.3513513513513473,4.054054054054056,2.702702702702709,2.0270270270270245,3.0405405405405475
4480,CDU,1000,19,1.0,1.0,3.307254623044095,1.0,0.0,1.6891891891891906,0.9068278805120968,6.916785206258886,3.591749644381224,5.014224751066848,0.32005689900426404,3.09388335704125,3.378378378378386,0.6756756756756701,1.3513513513513615,0.6756756756756772,2.7027027027027017,1.3513513513513473
1451,Die Grünen,1000,19,1.0,1.0,4.1014698909435765,1.0,0.0,3.2094594594594597,3.0761024182076824,5.618776671408241,0.5689900426742582,3.6806543385490755,5.849928876244675,5.814366998577526,5.067567567567565,4.391891891891888,0.6756756756756914,7.094594594594589,0.675675675675663,1.3513513513513615
3574,CDU,1000,19,1.0,1.0,2.329302987197726,1.0,1.0,3.322072072072076,0.5867709815078399,0.6756756756756772,1.8847795163584635,3.4672830725462234,6.578947368421048,0.7823613086771033,1.3513513513513686,6.418918918918919,3.7162162162162176,2.7027027027027017,0.3378378378378386,5.405405405405411
3678,CDU,1000,19,0.0,0.0,2.6849217638691356,1.0,1.0,2.1396396396396398,6.490042674253203,0.8179231863442382,1.6358463726884764,1.475817923186355,5.245376955903275,0.4445234708392647,1.689189189189193,2.0270270270270174,0.6756756756756772,3.7162162162162176,2.0270270270270245,2.702702702702709
3091,SPD,1000,19,1.0,1.0,2.0951872925557162,1.0,1.0,2.871621621621621,0.8712660028449548,1.3513513513513473,1.191322901849226,2.1337126600284577,3.307254623044095,3.7162162162162176,3.378378378378386,6.418918918918926,1.689189189189186,3.0405405405405332,0.6756756756756701,2.0270270270270245
2451,Die Grünen,1000,19,0.0,0.0,4.2081555239449955,0.0,0.0,4.110360360360364,2.2403982930298625,1.2802275960170704,6.347795163584628,0.5689900426742511,8.517069701280235,6.294452347083926,2.3648648648648702,0.6756756756756843,5.067567567567558,6.418918918918926,4.054054054054056,6.081081081081088
467,bunt.saar,1000,19,0.0,0.0,5.568397344713131,1.0,1.0,1.8018018018017976,0.9957325746799413,5.138691322901856,9.566145092460879,1.5647226173541924,8.819345661450917,7.325746799431002,1.689189189189186,1.0135135135135087,2.364864864864856,3.378378378378372,2.0270270270270245,0.3378378378378386
4955,bunt.saar,1000,19,0.0,0.0,7.9391891891891895,1.0,1.0,1.463963963963966,4.516358463726888,4.0362731152204745,12.375533428165006,3.94736842105263,11.664295874822194,11.095305832147943,2.0270270270270245,0.3378378378378386,1.3513513513513544,2.3648648648648702,1.0135135135135158,1.689189189189193
4381,FDP,1000,19,0.0,0.0,3.2894736842105274,1.0,1.0,1.6328828828828843,3.733997155049792,3.413940256045521,3.0405405405405403,7.912517780938828,1.2091038406827934,0.4267425320056901,3.7162162162162176,1.3513513513513473,0.3378378378378386,1.0135135135135158,1.0135135135135158,2.3648648648648702
3883,Die Grünen,1000,19,0.0,1.0,5.624703651019437,1.0,1.0,2.308558558558559,1.4224751066856385,0.40896159317210845,7.859174964438111,0.9957325746799413,15.860597439544804,7.2012802275960155,1.3513513513513473,0.3378378378378386,2.702702702702709,1.689189189189186,4.729729729729726,3.0405405405405475
1669,bunt.saar,1000,19,0.0,1.0,3.5087719298245594,0.0,1.0,2.646396396396393,1.475817923186355,1.3335704125177799,3.6450924608819264,3.4672830725462234,5.45874822190612,5.672119487908951,3.0405405405405332,2.0270270270270245,1.689189189189186,2.7027027027027017,4.054054054054056,2.364864864864856
2315,DIE LINKE,1000,19,1.0,0.0,3.0553579895685203,1.0,0.0,1.8018018018018023,6.863442389758184,1.51137980085349,2.738264580369851,0.6578947368421098,5.583214793741114,0.9779516358463738,2.702702702702709,1.0135135135135158,0.3378378378378386,3.0405405405405403,0.3378378378378386,3.378378378378372
1397,Die Grünen,1000,19,1.0,0.0,5.698790896159319,1.0,0.0,3.4346846846846844,1.8847795163584706,6.436699857752494,4.356330014224746,7.556899004267429,5.45874822190612,8.499288762446653,0.3378378378378386,1.3513513513513473,2.0270270270270316,8.108108108108105,7.7702702702702595,1.013513513513523
3658,bunt.saar,1000,19,0.0,0.0,3.156116642958748,0.0,0.0,1.1824324324324376,0.017780938833574567,1.6002844950213415,2.720483641536269,0.9068278805120897,7.965860597439544,5.7254623044096675,0.3378378378378386,2.702702702702709,0.6756756756756914,1.3513513513513544,0.6756756756756772,1.3513513513513544
4646,FDP,1000,19,1.0,1.0,4.1903745851114325,1.0,1.0,1.0135135135135183,7.165718349928888,2.9338549075391214,2.1692745376955926,9.317211948790913,1.9381223328591801,1.6180654338549019,0.0,1.689189189189186,0.6756756756756772,0.6756756756756914,1.3513513513513544,1.6891891891892001
4292,Die Grünen,1000,19,1.0,0.0,4.285206258890466,1.0,1.0,2.0270270270270303,0.1422475106685539,0.7112375533428192,4.623044096728307,3.413940256045521,12.32219061166429,4.498577524893307,0.6756756756756772,4.391891891891902,1.689189189189193,2.0270270270270245,0.0,3.378378378378386
1601,FDP,1000,19,1.0,1.0,4.584518729255573,1.0,0.0,2.477477477477476,2.151493598862025,1.8492176386913215,11.34423897581793,0.6223328591749677,11.326458036984356,0.21337126600283796,5.067567567567565,1.3513513513513473,2.702702702702709,2.0270270270270245,1.689189189189186,2.0270270270270245
5138,bunt.saar,1000,19,1.0,0.0,5.778805120910387,0.0,1.0,3.2657657657657695,7.343527738264584,1.4224751066856385,8.55263157894737,4.623044096728307,10.91749644381224,1.8136557610241795,1.0135135135135087,0.3378378378378528,3.7162162162162176,7.094594594594589,4.7297297297297405,2.702702702702709
3558,FDP,1000,19,0.0,1.0,8.048838311996207,0.0,1.0,4.504504504504502,1.653627311522051,10.988620199146517,6.490042674253203,5.334281650071112,16.500711237553347,7.325746799431009,3.7162162162162105,3.7162162162162176,7.094594594594589,0.3378378378378244,6.418918918918926,5.743243243243242
3787,FDP,1000,19,1.0,1.0,3.6836178283546688,1.0,1.0,2.3648648648648702,3.3605974395447973,5.4409672830725455,1.6358463726884764,0.5156472261735416,8.890469416785209,2.258179231863444,1.3513513513513686,2.7027027027027017,3.0405405405405403,2.702702702702709,2.3648648648648702,2.0270270270270316
1256,FDP,1000,19,0.0,1.0,2.9338549075391214,1.0,1.0,3.1531531531531534,2.3648648648648702,1.5291607396870575,1.1557610241820768,4.711948790896166,0.6223328591749677,7.21906116642959,1.689189189189193,4.729729729729733,3.7162162162162176,1.0135135135135016,2.3648648648648702,5.4054054054054035
202,DIE LINKE,1000,19,1.0,0.0,6.303342816500712,0.0,0.0,2.533783783783781,2.880512091038412,3.307254623044095,11.78876244665718,0.07112375533427695,11.201991465149362,8.570412517780944,0.6756756756756701,1.689189189189186,2.364864864864863,2.0270270270270174,4.391891891891895,4.054054054054056
3036,bunt.saar,1000,19,1.0,0.0,5.023115220483644,1.0,1.0,1.5202702702702737,3.627311522048366,6.383357041251777,2.3115220483641536,1.7425320056899025,13.015647226173549,3.058321479374115,0.3378378378378386,1.689189189189193,1.689189189189193,2.0270270270270316,0.6756756756756772,2.702702702702709
3026,FDP,1000,19,0.0,1.0,5.912162162162161,1.0,1.0,2.8716216216216197,9.050497866287337,5.28093883357041,1.1557610241820768,13.282361308677096,2.18705547652916,4.516358463726888,1.3513513513513473,5.067567567567565,5.067567567567565,0.0,0.3378378378378386,5.4054054054054035
3590,CDU,1000,19,0.0,0.0,5.150545282124228,0.0,1.0,1.069819819819821,7.5213371266002795,7.361308677098151,1.1024182076813602,2.8982930298719793,6.330014224751068,5.689900426742533,0.6756756756756772,1.0135135135135158,0.3378378378378315,1.689189189189193,0.0,2.702702702702709
1936,Die Grünen,1000,19,1.0,0.0,4.356330014224746,1.0,0.0,1.8018018018017987,3.1294452347083777,4.534139402560456,2.6315789473684177,4.391891891891895,4.87197724039828,6.578947368421048,4.054054054054056,0.675675675675663,0.3378378378378386,2.0270270270270174,0.3378378378378386,3.378378378378379
2224,CDU,1000,19,1.0,1.0,5.183143669985776,1.0,0.0,1.6891891891891895,4.587482219061172,9.352773826458034,1.831436699857747,8.179231863442396,3.769559032716927,3.378378378378379,1.3513513513513544,0.6756756756756772,1.0135135135135087,3.378378378378379,2.7027027027027017,1.0135135135135158
2372,FDP,1000,19,0.0,1.0,2.8805120910384083,1.0,1.0,1.126126126126125,0.6223328591749677,2.293741109530586,1.1379800853485094,5.014224751066848,6.401137980085352,1.8136557610241866,2.364864864864856,2.0270270270270245,0.0,0.3378378378378386,1.689189189189193,0.3378378378378386
368,bunt.saar,1000,19,1.0,0.0,8.45779990516832,1.0,1.0,2.0833333333333335,6.152204836415358,0.4267425320056759,12.251066856329999,5.423186344238971,15.184921763869134,11.308677098150781,1.0135135135135158,1.3513513513513544,2.0270270270270174,2.0270270270270316,3.0405405405405475,3.0405405405405332
3693,FDP,1000,19,1.0,0.0,5.852892366050259,1.0,0.0,3.3783783783783754,6.436699857752494,3.2539118065433854,4.214082503556185,10.295163584637258,10.188477951635846,0.7290184921763867,1.3513513513513473,0.6756756756756701,4.729729729729733,4.729729729729719,4.729729729729726,4.054054054054056
3628,FDP,1000,19,1.0,1.0,4.543029871977242,1.0,1.0,2.1396396396396398,7.62802275960172,0.7823613086771033,7.112375533428157,1.5291607396870432,4.3029871977240575,5.903271692745371,1.3513513513513615,5.067567567567565,0.3378378378378315,0.6756756756756914,3.040540540540526,2.364864864864863
4790,bunt.saar,1000,19,0.0,0.0,7.915481270744429,1.0,0.0,2.027027027027026,8.872688477951634,0.1955903271692847,10.419630156472252,2.489331436699864,16.945234708392604,8.570412517780937,2.7027027027027017,2.0270270270270316,0.675675675675663,0.3378378378378386,5.743243243243242,0.6756756756756772
2871,SPD,1000,19,0.0,0.0,9.82693219535325,0.0,0.0,4.335585585585593,6.863442389758184,9.26386913229019,12.268847795163587,5.1209103840682815,11.575391180654336,13.869132290184922,8.10810810810812,2.0270270270270316,1.013513513513523,7.770270270270274,4.391891891891902,2.702702702702709
4798,bunt.saar,1000,19,0.0,1.0,6.415955429113327,0.0,1.0,2.9842342342342376,2.880512091038412,3.200568990042683,7.6635846372688405,8.748221906116648,11.468705547652924,4.534139402560456,4.729729729729726,1.01351351351353,1.6891891891891788,5.743243243243249,2.0270270270270316,2.702702702702709
4835,SPD,1000,19,1.0,1.0,2.3085585585585604,0.0,1.0,0.5630630630630608,3.591749644381224,1.475817923186355,2.560455192034155,1.1557610241820626,3.2894736842105345,1.7780938833570303,1.0135135135135087,1.0135135135135087,0.0,1.3513513513513473,0.0,0.0
4215,CDU,1000,19,1.0,1.0,2.945708866761501,1.0,1.0,2.308558558558559,1.689189189189193,1.4224751066856385,1.9559032716927405,5.192034139402573,0.7112375533428192,6.703413940256041,1.3513513513513402,4.391891891891888,1.3513513513513544,3.0405405405405475,2.702702702702709,1.0135135135135158
2698,FDP,1000,19,1.0,0.0,3.3517069701280207,1.0,0.0,2.1396396396396384,1.4402560455191917,2.080369843527734,3.9295874822190555,2.418207681365587,2.5960170697012828,7.645803698435273,4.391891891891888,0.3378378378378315,0.0,3.378378378378372,3.378378378378386,1.3513513513513544
121,DIE LINKE,1000,19,0.0,1.0,4.454125177809389,0.0,1.0,7.545045045045046,6.827880512091035,6.863442389758184,1.618065433854909,2.400426742532005,1.9559032716927476,7.0590327169274545,10.810810810810807,3.0405405405405403,8.108108108108112,2.7027027027027017,8.108108108108112,12.5
4340,bunt.saar,1000,19,1.0,1.0,3.6450924608819313,1.0,1.0,1.126126126126125,3.9651493598862046,0.4978662873399742,5.8677098150782285,3.413940256045521,4.765291607396868,3.36059743954479,0.6756756756756701,2.364864864864856,1.0135135135135158,1.3513513513513544,1.3513513513513544,0.0
494,FDP,1000,19,1.0,0.0,5.221669037458508,1.0,0.0,2.702702702702698,2.6671408250355597,9.281650071123742,4.67638691322901,1.1024182076813673,11.59317211948791,2.009246088193457,2.364864864864863,3.7162162162162105,2.7027027027026946,2.364864864864856,4.054054054054056,1.0135135135135087
2339,FDP,1000,19,1.0,1.0,2.2996680891417696,1.0,1.0,2.421171171171172,0.6401137980085352,2.880512091038412,0.9601706970127921,3.5028449502133583,2.3826458036984306,3.4317211948790884,3.378378378378372,4.054054054054056,1.0135135135135087,1.01351351351353,2.0270270270270245,3.0405405405405403
1104,FDP,1000,19,1.0,1.0,4.409672830725459,1.0,1.0,0.9572072072072082,5.529871977240397,1.76031294452347,8.677098150782363,5.28093883357041,3.59174964438121,1.6180654338549019,0.3378378378378386,2.364864864864863,0.3378378378378315,0.6756756756756701,0.3378378378378457,1.6891891891892001
1338,Die Grünen,1000,19,0.0,0.0,5.606922712185869,1.0,1.0,0.5630630630630632,2.7560455192034112,1.9025604551920452,8.51706970128022,2.5426742532005733,9.815078236130866,8.108108108108098,0.6756756756756701,0.3378378378378386,0.0,0.3378378378378386,2.0270270270270316,0.0
3525,CDU,1000,19,1.0,0.0,3.47913703176861,1.0,0.0,2.9279279279279273,2.00924608819345,2.5604551920341407,0.9779516358463738,4.925320056899011,5.636557610241816,4.765291607396868,3.378378378378379,3.0405405405405403,0.0,4.054054054054049,4.054054054054056,3.0405405405405403
2627,Die Grünen,1000,19,1.0,1.0,5.032005689900427,1.0,1.0,1.5202702702702748,2.2048364153627347,4.711948790896166,6.454480796586061,4.160739687055475,8.943812233285918,3.7162162162162105,1.3513513513513473,1.3513513513513686,2.0270270270270316,2.364864864864863,1.013513513513523,1.0135135135135158
360,FDP,1000,19,0.0,1.0,3.5413703176861078,1.0,1.0,3.490990990990993,2.2226173541963092,2.0981507823613086,2.631578947368425,11.877667140825032,0.9957325746799484,1.4224751066856243,0.6756756756756772,2.364864864864863,6.081081081081081,1.013513513513523,4.729729729729726,6.081081081081088
3006,CDU,1000,19,1.0,1.0,3.6273115220483647,0.0,1.0,2.083333333333332,3.6095305832147915,3.09388335704125,4.889758179231862,3.2539118065433854,5.316500711237559,1.6002844950213415,1.3513513513513473,1.3513513513513473,0.6756756756756772,4.729729729729719,3.0405405405405475,1.3513513513513544
4499,Die Grünen,1000,19,1.0,1.0,7.251659554291133,1.0,1.0,0.5067567567567556,1.3513513513513473,4.249644381223341,10.277382645803684,5.334281650071119,13.406827880512097,8.890469416785209,1.013513513513523,1.0135135135135087,1.0135135135135016,0.0,0.0,0.0
5111,Die Grünen,1000,19,0.0,0.0,4.768255097202466,1.0,1.0,2.1959459459459487,2.9694167852062634,3.09388335704125,8.054765291607396,0.01778093883356746,8.55263157894737,5.921052631578952,0.0,4.054054054054056,0.6756756756756772,2.364864864864863,2.0270270270270316,4.054054054054063
4052,FDP,1000,19,1.0,0.0,4.596372688477952,1.0,0.0,1.463963963963965,6.685633001422481,4.623044096728307,5.245376955903275,5.7254623044096675,2.916073968705547,2.3826458036984306,2.702702702702716,0.6756756756756701,0.0,3.378378378378372,0.6756756756756772,1.3513513513513544
1649,bunt.saar,1000,19,1.0,0.0,6.175912754860124,1.0,1.0,1.3513513513513484,3.5739687055476566,4.089615931721191,6.685633001422488,2.5604551920341407,16.96301564722618,3.182788051209087,0.6756756756756772,1.0135135135135016,1.3513513513513402,2.364864864864863,1.3513513513513402,1.3513513513513686
3764,Die Grünen,1000,19,1.0,0.0,5.138691322901852,1.0,1.0,1.126126126126125,1.3513513513513473,0.9957325746799413,6.294452347083933,1.1024182076813673,13.264580369843529,7.82361308677099,0.0,2.7027027027026946,0.3378378378378386,1.3513513513513473,0.6756756756756914,1.6891891891891788
1806,bunt.saar,1000,19,1.0,1.0,7.728781412991938,1.0,0.0,0.3378378378378386,2.1337126600284506,5.796586059743959,8.943812233285925,8.943812233285911,15.007112375533424,5.547652916073957,0.3378378378378386,1.0135135135135158,0.3378378378378386,0.0,0.3378378378378386,0.0
3934,FDP,1000,19,1.0,1.0,5.183143669985772,1.0,1.0,6.531531531531532,2.9871977240398238,5.138691322901842,7.147937411095306,1.7425320056899025,4.054054054054049,10.02844950213371,5.067567567567579,7.432432432432428,7.770270270270274,4.054054054054056,7.094594594594589,7.770270270270267
2877,Die Grünen,1000,19,0.0,0.0,5.043859649122804,1.0,1.0,2.308558558558559,3.9651493598862046,1.5825035561877598,6.134423897581783,3.165007112375534,10.9352773826458,4.480796586059739,0.6756756756756772,2.7027027027026946,3.0405405405405475,1.3513513513513544,3.0405405405405475,3.0405405405405332
4394,SPD,1000,19,1.0,1.0,3.9147700331910813,1.0,1.0,1.6891891891891906,2.489331436699864,3.6450924608819264,7.23684210526315,1.2268847795163538,3.058321479374108,5.8321479374110865,1.0135135135135087,0.0,2.0270270270270316,1.0135135135135158,3.0405405405405475,3.0405405405405403
1646,bunt.saar,1000,19,0.0,0.0,6.8545519203413905,1.0,1.0,2.139639639639636,1.8492176386913215,3.3605974395447973,10.95305832147936,0.8534850640113874,14.100284495021342,10.010668563300136,1.689189189189186,1.0135135135135016,1.6891891891891788,4.729729729729733,0.6756756756756843,3.0405405405405332
90,CDU,1000,19,1.0,0.0,2.0536984352773806,1.0,1.0,1.7454954954954982,4.018492176386907,2.151493598862025,0.12446657183499354,1.9203413940255984,3.9651493598862046,0.1422475106685539,1.3513513513513473,3.0405405405405475,1.3513513513513615,1.689189189189193,1.0135135135135087,2.0270270270270316
2595,FDP,1000,19,1.0,1.0,3.0998103366524403,1.0,1.0,2.7027027027027053,2.9871977240398238,6.36557610241821,0.4267425320056901,1.7247510668563208,5.45874822190612,1.6358463726884764,0.0,0.0,4.054054054054049,5.743243243243256,5.743243243243249,0.6756756756756772
3978,FDP,1000,19,0.0,1.0,6.353722143195829,0.0,1.0,2.6463963963963955,6.347795163584628,5.298719772403977,2.8271692745377024,9.655049786628751,6.472261735419629,7.521337126600287,1.6891891891891788,5.4054054054054035,0.3378378378378386,4.054054054054063,0.6756756756756701,3.7162162162162176
627,Die Grünen,1000,19,1.0,0.0,5.698790896159317,1.0,0.0,3.9414414414414396,1.0846372688477999,0.32005689900426404,7.165718349928881,5.28093883357041,11.610953058321478,8.730440967283073,2.7027027027026946,0.3378378378378386,5.743243243243242,6.418918918918919,4.729729729729719,3.7162162162162247
446,bunt.saar,1000,19,1.0,0.0,3.8643907064959677,1.0,0.0,2.984234234234234,8.961593172119493,0.8357041251778057,0.1422475106685539,7.485775248933145,4.409672830725462,1.3513513513513473,1.0135135135135158,4.391891891891888,5.405405405405411,2.364864864864863,3.378378378378379,1.3513513513513473
2714,SPD,1000,19,1.0,0.0,3.3665244191559935,1.0,0.0,1.5202702702702713,8.677098150782356,3.520625889046933,0.5512091038406766,3.591749644381224,3.307254623044095,0.5512091038406766,0.0,1.3513513513513473,0.6756756756756772,5.067567567567579,0.0,2.0270270270270245
1932,CDU,1000,19,1.0,0.0,2.0329540066382172,1.0,1.0,5.067567567567569,0.32005689900426404,2.578236130867701,2.7560455192034183,0.3556187766714132,4.160739687055475,2.0270270270270316,6.756756756756758,6.418918918918926,4.729729729729726,7.432432432432435,2.364864864864863,2.702702702702709
3983,FDP,1000,19,1.0,1.0,2.311522048364156,1.0,1.0,2.1959459459459487,2.6137980085348573,2.560455192034155,0.37339971550497353,0.3378378378378386,6.827880512091035,1.1557610241820768,2.702702702702709,1.6891891891892001,1.689189189189193,5.067567567567565,1.0135135135135087,1.0135135135135158
2254,bunt.saar,1000,19,1.0,0.0,3.1383357041251734,1.0,1.0,0.7882882882882912,0.9601706970127921,1.8136557610241795,6.169985775248932,2.3826458036984306,4.80085348506401,2.7027027027026946,0.6756756756756843,0.0,0.3378378378378386,1.689189189189193,1.3513513513513544,0.6756756756756772
4643,Die Grünen,1000,19,1.0,0.0,6.922712185870082,1.0,1.0,0.9572072072072094,2.044807965860592,3.307254623044095,7.076813655761015,5.778805120910384,14.722617354196316,8.605974395448087,0.6756756756756843,0.6756756756756701,1.3513513513513544,1.3513513513513544,0.3378378378378386,1.3513513513513544
4641,FDP,1000,19,0.0,1.0,3.74288762446657,0.0,0.0,7.545045045045043,2.9871977240398238,6.383357041251777,3.591749644381224,1.0668563300142182,5.885490753911803,2.5426742532005733,3.0405405405405403,8.108108108108098,10.810810810810814,4.729729729729719,10.135135135135144,8.445945945945944
3501,Die Grünen,1000,19,0.0,0.0,8.354077761972496,0.0,1.0,2.027027027027021,4.480796586059739,1.5825035561877598,12.179943100995736,9.619487908961588,16.002844950213365,6.258890469416784,1.3513513513513544,0.675675675675663,4.054054054054049,1.0135135135135087,4.054054054054035,1.0135135135135158
335,CDU,1000,19,1.0,0.0,4.142958748221908,1.0,0.0,3.040540540540539,4.551920341394023,5.725462304409675,2.4182076813655797,8.374822190611667,0.7467994310099613,3.0405405405405403,0.675675675675663,2.702702702702709,3.0405405405405403,2.364864864864863,5.067567567567565,4.391891891891895
2314,SPD,1000,19,0.0,1.0,3.3665244191559984,1.0,0.0,0.7882882882882877,5.4409672830725455,0.12446657183498644,6.045519203413939,0.9246088193456643,4.17852062588905,3.485064011379805,1.0135135135135158,0.3378378378378244,1.3513513513513544,0.3378378378378386,0.3378378378378386,1.3513513513513544
2926,DIE LINKE,1000,19,1.0,0.0,2.658250355618781,1.0,0.0,2.5900900900900887,1.191322901849226,0.9779516358463738,5.2275960170697005,2.0981507823613086,2.2226173541963092,4.231863442389766,0.3378378378378315,4.054054054054063,1.0135135135135087,4.391891891891888,3.378378378378379,2.364864864864863
4623,FDP,1000,19,0.0,0.0,2.521929824561402,1.0,1.0,5.292792792792795,0.0,5.4765291607396875,1.1201991465149348,1.6714082503556114,4.142958748221901,2.7204836415362763,4.391891891891902,4.391891891891888,5.067567567567565,6.081081081081088,5.743243243243249,6.081081081081081
1749,bunt.saar,1000,19,0.0,0.0,5.203888098624941,1.0,1.0,0.45045045045045146,4.67638691322901,1.8847795163584777,6.7745376955903325,2.3293029871977353,10.010668563300136,5.547652916073957,0.3378378378378457,0.3378378378378386,0.675675675675663,7.105427357601002e-15,0.6756756756756772,0.6756756756756772
441,bunt.saar,1000,19,1.0,0.0,5.639521100047414,0.0,1.0,1.5765765765765802,3.769559032716927,4.551920341394016,5.95661450924608,2.3115220483641536,8.908250355618776,8.339260312944532,2.364864864864863,1.013513513513523,1.3513513513513473,2.7027027027027017,0.3378378378378386,1.6891891891892072
1986,DIE LINKE,1000,19,0.0,1.0,6.063300142247509,0.0,1.0,4.673423423423423,6.347795163584642,0.3378378378378386,6.952347083926028,3.8584637268847715,11.557610241820761,7.325746799431009,7.770270270270281,0.3378378378378386,4.054054054054049,4.729729729729726,6.081081081081081,5.067567567567565
901,bunt.saar,1000,19,1.0,0.0,6.685633001422475,1.0,0.0,2.477477477477476,3.3961593172119535,3.378378378378372,10.081792318634413,2.720483641536269,9.655049786628751,10.881934566145091,1.0135135135135087,1.0135135135135016,3.378378378378372,2.364864864864863,2.0270270270270316,5.067567567567579
5010,SPD,1000,19,1.0,1.0,5.8084400189663405,1.0,1.0,0.9009009009009054,0.6223328591749677,0.35561877667140607,9.317211948790913,6.205547652916081,8.036984352773828,10.312944523470847,1.013513513513523,1.689189189189186,0.0,1.689189189189193,0.0,1.01351351351353
2226,FDP,1000,19,0.0,1.0,7.7524893314367,1.0,1.0,1.12612612612613,2.329302987197721,9.63726884779517,6.863442389758184,9.939544807965845,3.840682788051218,13.904694167852064,1.3513513513513615,1.0135135135135158,0.3378378378378457,3.0405405405405475,0.3378378378378315,0.6756756756756772
3970,DIE LINKE,1000,19,1.0,0.0,3.0494310099573254,0.0,1.0,1.069819819819828,0.9957325746799413,1.1379800853485023,4.356330014224746,2.7916073968705533,6.276671408250358,2.738264580369851,0.3378378378378386,2.702702702702709,1.3513513513513686,0.0,1.3513513513513615,0.6756756756756914
2493,Die Grünen,1000,19,1.0,0.0,4.84826932195353,1.0,0.0,6.756756756756755,2.951635846372689,0.23115220483641963,6.899004267425312,3.0405405405405403,9.42389758179231,6.543385490753906,5.743243243243242,2.364864864864863,8.78378378378379,8.108108108108105,7.7702702702702595,7.770270270270274
2379,Die Grünen,1000,19,1.0,1.0,5.322427690848745,1.0,1.0,1.6328828828828807,3.805120910384062,0.35561877667140607,4.42745376955903,6.347795163584642,14.633712660028458,2.3648648648648702,3.0405405405405332,0.3378378378378315,1.6891891891891788,1.0135135135135087,2.3648648648648702,1.3513513513513615
397,bunt.saar,1000,19,1.0,1.0,3.9088430535798935,1.0,1.0,0.8445945945945988,3.0761024182076824,4.374110953058313,5.4054054054054035,1.7780938833570374,5.2987197724039845,3.52062588904694,2.0270270270270316,0.6756756756756914,0.6756756756756772,1.0135135135135158,0.0,0.6756756756756772
1283,FDP,1000,19,0.0,0.0,4.430417259364624,0.0,1.0,2.9842342342342327,6.578947368421055,3.378378378378379,5.085348506401132,7.645803698435266,2.6315789473684177,1.2624466571834958,4.391891891891902,1.3513513513513473,4.391891891891895,1.0135135135135016,4.054054054054049,2.7027027027027017
5179,FDP,1000,19,1.0,1.0,2.702702702702703,1.0,1.0,5.18018018018018,2.8982930298719793,0.40896159317211556,6.383357041251777,1.760312944523477,0.6756756756756772,4.089615931721191,2.702702702702709,5.067567567567572,8.108108108108105,3.378378378378372,5.4054054054054035,6.418918918918919
2602,Die Grünen,1000,19,0.0,1.0,4.972735893788523,0.0,1.0,0.5630630630630643,6.756756756756758,0.6934566145092447,6.899004267425312,1.1024182076813602,10.11735419630157,4.267425320056894,0.3378378378378386,1.3513513513513473,0.3378378378378386,0.6756756756756772,0.3378378378378457,0.3378378378378386
5090,Die Grünen,1000,19,1.0,1.0,4.270388809862497,0.0,1.0,2.871621621621619,3.1116642958748244,3.627311522048373,4.925320056899011,4.267425320056894,5.778805120910384,3.911806543385495,3.7162162162162105,0.3378378378378386,1.689189189189193,4.391891891891888,3.0405405405405332,4.054054054054049
4520,FDP,1000,19,0.0,0.0,4.231863442389758,0.0,0.0,5.011261261261262,7.3790896159317185,5.049786628733997,3.8229018492176436,3.8940256045519206,2.7204836415362763,2.5248933143669916,1.689189189189193,6.081081081081088,7.770270270270274,2.0270270270270245,6.081081081081081,6.418918918918912
131,SPD,1000,19,1.0,1.0,4.350403034613561,1.0,1.0,3.885135135135139,5.867709815078236,4.107396870554773,2.8449502133712556,12.126600284495026,1.0312944523470833,0.12446657183499354,3.378378378378379,2.3648648648648702,5.067567567567572,3.0405405405405475,5.743243243243249,3.7162162162162176
4118,Die Grünen,1000,19,1.0,1.0,6.682669511616882,1.0,1.0,1.63288288288289,1.8136557610241795,8.232574679943106,7.770270270270274,3.591749644381224,10.97083926031295,7.716927453769557,1.3513513513513615,0.6756756756756772,1.689189189189193,2.3648648648648702,1.3513513513513686,2.3648648648648702
2277,SPD,1000,19,1.0,0.0,2.761972498814606,1.0,0.0,4.166666666666665,6.205547652916081,0.49786628733995997,0.12446657183499354,5.2631578947368425,3.627311522048373,0.8534850640113874,0.6756756756756772,5.4054054054054035,4.729729729729726,3.0405405405405403,5.743243243243242,5.4054054054054035
4467,FDP,1000,19,1.0,1.0,2.6789947842579416,0.0,1.0,2.195945945945945,0.6045519203413932,6.721194879089616,0.4445234708392647,2.9338549075391143,4.836415362731152,0.5334281650071091,6.756756756756758,0.6756756756756701,1.3513513513513473,3.7162162162162105,0.0,0.6756756756756843
2443,bunt.saar,1000,19,1.0,1.0,6.857515410146988,1.0,1.0,1.0135135135135158,4.018492176386907,6.472261735419622,8.392603129445234,6.507823613086771,11.842105263157897,3.911806543385495,0.6756756756756843,2.364864864864856,0.3378378378378386,1.013513513513523,0.6756756756756772,1.0135135135135158
297,SPD,1000,19,1.0,0.0,4.430417259364627,1.0,0.0,2.5900900900900887,3.7873399715504945,4.338549075391185,4.640825035561882,3.662873399715501,2.7738264580369787,7.3790896159317185,1.0135135135135087,6.081081081081081,0.3378378378378457,3.0405405405405332,1.689189189189193,3.378378378378372
1917,bunt.saar,1000,19,1.0,0.0,3.8673541963015645,1.0,1.0,2.0270270270270294,2.489331436699864,4.285206258890469,3.342816500711244,0.4800853485063925,9.228307254623047,3.378378378378372,0.0,1.3513513513513544,3.7162162162162105,3.0405405405405475,1.3513513513513544,2.702702702702709
842,DIE LINKE,1000,19,0.0,0.0,6.910858226647698,0.0,1.0,1.069819819819821,5.0853485064011394,5.672119487908951,9.548364153627304,3.058321479374115,15.060455192034148,3.0405405405405332,1.0135135135135158,1.689189189189186,0.3378378378378386,1.3513513513513473,1.3513513513513615,0.6756756756756772
737,CDU,1000,19,0.0,1.0,5.811403508771931,0.0,0.0,3.2094594594594597,7.876955903271693,5.138691322901856,3.840682788051211,3.271692745376953,8.357041251778092,6.383357041251777,3.378378378378379,1.0135135135135087,3.7162162162162176,5.743243243243235,2.702702702702709,2.702702702702709
2524,Die Grünen,1000,19,0.0,0.0,5.352062588904693,1.0,1.0,1.6328828828828843,3.4672830725462234,2.6849217638691343,7.183499288762434,4.231863442389766,11.717638691322904,2.8271692745376953,2.0270270270270316,0.0,1.3513513513513402,2.3648648648648702,2.3648648648648702,1.689189189189193
3881,CDU,1000,19,1.0,1.0,2.465623518255098,1.0,1.0,7.376126126126125,1.1024182076813602,2.4182076813655797,2.275960170697026,3.1827880512090942,0.4445234708392647,5.3698435277382615,4.729729729729733,9.45945945945946,4.729729729729733,6.418918918918912,9.121621621621621,9.797297297297291
5044,SPD,1000,19,1.0,0.0,5.494310099573259,1.0,1.0,1.2950450450450492,6.490042674253203,2.7916073968705533,6.54338549075392,5.067567567567565,3.662873399715508,8.410384068278809,0.3378378378378386,0.3378378378378457,2.0270270270270316,1.013513513513523,1.0135135135135158,3.0405405405405403
776,CDU,1000,19,0.0,1.0,4.332622095779992,1.0,1.0,0.7319819819819848,3.449502133712656,2.560455192034155,5.992176386913222,0.9068278805120968,7.645803698435273,5.4409672830725455,0.0,1.689189189189186,0.3378378378378457,2.0270270270270316,0.0,0.3378378378378457
4961,bunt.saar,1000,19,1.0,0.0,5.678046467520155,1.0,0.0,4.504504504504506,3.6806543385490826,1.795874822190612,5.209815078236119,4.658605974395449,15.327169274537702,3.3961593172119677,2.7027027027026946,2.3648648648648702,3.7162162162162105,4.729729729729726,7.770270270270274,5.743243243243256
164,bunt.saar,1000,19,1.0,1.0,2.2967045993361737,1.0,1.0,3.4909909909909906,0.8179231863442382,1.3513513513513473,6.223328591749635,1.2268847795163538,2.8271692745376953,1.3335704125177728,3.0405405405405475,3.7162162162162176,1.689189189189193,4.729729729729726,3.7162162162162105,4.054054054054049
2608,bunt.saar,1000,19,0.0,0.0,6.691559981033667,1.0,0.0,2.0270270270270268,4.142958748221901,2.293741109530586,9.068278805120912,0.32005689900427114,14.847083926031303,9.477240398293027,0.0,3.378378378378372,2.0270270270270316,0.3378378378378386,2.0270270270270316,4.391891891891888
4668,SPD,1000,19,0.0,0.0,4.501541014698906,0.0,1.0,1.4639639639639626,0.6045519203413932,9.83285917496444,0.07112375533426984,1.2980085348506378,9.014935988620195,6.1877667140825,0.0,1.013513513513523,2.3648648648648702,2.364864864864863,2.7027027027026946,0.3378378378378244
5220,bunt.saar,1000,19,0.0,0.0,6.3685395922238,0.0,1.0,0.6193693693693708,3.805120910384062,0.9423897581792318,10.224039829302974,1.760312944523477,11.877667140825032,9.60170697012802,0.0,1.689189189189186,0.3378378378378386,0.6756756756756772,0.6756756756756843,0.3378378378378386
4612,FDP,1000,19,0.0,0.0,5.319464201043147,0.0,0.0,6.587837837837841,5.725462304409675,4.374110953058327,9.868421052631582,4.551920341394016,0.3022759601706895,7.0945945945945965,3.378378378378379,1.689189189189186,10.810810810810814,1.3513513513513473,10.810810810810828,11.486486486486491
1943,FDP,1000,19,1.0,0.0,5.633594120436221,0.0,1.0,0.957207207207207,4.551920341394016,3.8584637268847715,5.174253200568991,4.943100995732571,7.574679943100989,7.69914651493599,1.689189189189193,1.689189189189186,0.3378378378378386,0.6756756756756772,0.6756756756756772,0.6756756756756701
674,Die Grünen,1000,19,1.0,0.0,4.0570175438596445,1.0,0.0,1.5765765765765754,0.2489331436699942,2.8449502133712556,2.00924608819345,5.1031294452347,7.912517780938828,6.223328591749642,3.0405405405405403,2.702702702702709,1.3513513513513473,2.0270270270270174,0.0,0.3378378378378386
4671,CDU,1000,19,1.0,1.0,5.029042200094829,1.0,0.0,1.9144144144144153,5.565433854907539,6.650071123755325,3.44950213371267,0.6934566145092447,10.010668563300136,3.805120910384062,0.3378378378378315,1.013513513513523,0.3378378378378244,6.418918918918926,2.7027027027027017,0.6756756756756843
4056,bunt.saar,1000,19,1.0,0.0,5.183143669985772,1.0,1.0,1.0135135135135123,0.9601706970127921,1.760312944523477,5.796586059743959,4.534139402560456,13.886913229018482,4.160739687055468,0.3378378378378244,0.0,1.0135135135135158,1.689189189189186,1.0135135135135158,2.0270270270270316
4965,FDP,1000,19,1.0,1.0,2.9575628259838758,1.0,1.0,2.5337837837837824,2.00924608819345,1.6358463726884764,3.769559032716927,2.791607396870546,4.445234708392604,3.09388335704125,1.689189189189186,2.0270270270270245,3.0405405405405403,0.6756756756756772,4.391891891891888,3.378378378378379
5019,bunt.saar,1000,19,1.0,1.0,3.571005215742055,1.0,1.0,2.5337837837837824,1.7069701280227676,4.196301564722617,5.156472261735402,3.733997155049785,5.95661450924608,0.6756756756756772,3.378378378378372,3.0405405405405475,0.675675675675663,3.7162162162162176,3.378378378378379,1.0135135135135158
1791,FDP,1000,19,1.0,1.0,4.534139402560456,1.0,1.0,1.914414414414414,1.4580369843527734,6.045519203413946,1.3157894736842124,5.1209103840682815,4.551920341394016,8.712660028449505,3.7162162162162176,2.0270270270270316,1.3513513513513473,0.6756756756756772,1.0135135135135087,2.7027027027027017
4420,CDU,1000,19,0.0,1.0,3.4998814604077766,1.0,1.0,1.9144144144144128,4.054054054054063,0.1422475106685539,4.747510668563301,2.951635846372696,3.7517780938833525,5.352062588904694,1.0135135135135016,2.7027027027027017,1.0135135135135087,4.054054054054063,0.6756756756756701,2.0270270270270316
4256,bunt.saar,1000,19,0.0,0.0,8.404457088667614,0.0,0.0,1.9144144144144153,1.831436699857747,5.725462304409675,11.290896159317214,11.184210526315788,12.624466571834994,7.770270270270274,3.378378378378379,0.3378378378378386,0.3378378378378386,7.432432432432435,0.0,0.0
4482,CDU,1000,19,1.0,0.0,3.0049786628733997,1.0,1.0,1.463963963963965,3.165007112375534,3.520625889046933,0.5334281650071233,1.3335704125177799,3.7873399715504945,5.689900426742533,1.0135135135135158,1.689189189189186,0.0,2.7027027027026946,1.3513513513513615,2.0270270270270316
3941,bunt.saar,1000,19,1.0,0.0,7.690256045519202,1.0,1.0,0.7882882882882901,2.7204836415362763,5.209815078236119,12.980085348506393,2.7916073968705533,10.668563300142253,11.77098150782362,0.6756756756756843,1.013513513513523,0.6756756756756772,0.3378378378378386,1.3513513513513402,0.6756756756756772
1412,bunt.saar,1000,19,1.0,0.0,1.816619250829774,1.0,0.0,2.0833333333333335,0.5512091038406766,1.6714082503556114,5.921052631578952,1.0312944523470833,0.2844950213371291,1.4402560455191917,2.702702702702709,2.7027027027027017,0.3378378378378386,1.0135135135135087,3.0405405405405332,2.702702702702709
2178,FDP,1000,19,1.0,0.0,3.5146989094357495,0.0,0.0,0.9009009009009018,3.698435277382636,4.054054054054056,4.943100995732571,2.720483641536269,1.546941678520632,4.125177809388333,0.6756756756756772,1.0135135135135158,0.6756756756756772,0.3378378378378386,1.0135135135135087,1.689189189189193
244,DIE LINKE,1000,19,1.0,1.0,2.907183499288763,1.0,0.0,2.533783783783786,3.058321479374115,0.21337126600283796,8.108108108108105,0.8001422475106708,0.6223328591749677,4.640825035561882,3.7162162162162176,1.01351351351353,2.364864864864863,5.067567567567565,2.0270270270270316,1.0135135135135087
3751,DIE LINKE,1000,19,1.0,0.0,0.6490042674253225,1.0,1.0,2.7027027027027017,0.9779516358463738,0.3378378378378386,0.16002844950213557,1.511379800853483,0.3911806543385552,0.5156472261735487,0.6756756756756772,0.6756756756756701,3.7162162162162176,4.054054054054056,5.067567567567565,2.0270270270270245
4956,DIE LINKE,1000,19,1.0,1.0,3.959222380275007,1.0,0.0,1.2950450450450433,3.4672830725462234,3.378378378378372,4.87197724039828,3.0405405405405403,4.498577524893314,4.498577524893314,1.3513513513513473,2.7027027027026946,0.6756756756756843,0.6756756756756701,2.0270270270270245,0.3378378378378386
991,bunt.saar,1000,19,1.0,1.0,2.299668089141774,1.0,0.0,8.783783783783788,3.413940256045514,3.0405405405405332,5.5832147937411065,0.9423897581792389,0.5689900426742511,0.2489331436700013,7.432432432432428,1.3513513513513686,10.472972972972968,8.108108108108112,12.837837837837846,12.5
2423,FDP,1000,19,0.0,1.0,1.9618302513039378,1.0,1.0,1.182432432432434,1.618065433854916,2.009246088193457,1.1557610241820768,3.3961593172119606,0.8179231863442382,2.7738264580369787,1.3513513513513615,1.689189189189193,1.0135135135135158,1.6891891891891788,0.6756756756756772,0.6756756756756772
4881,FDP,1000,19,0.0,1.0,3.002015173067805,1.0,0.0,1.2950450450450444,4.694167852062584,2.933854907539107,1.475817923186348,5.369843527738276,0.6578947368421026,2.880512091038412,0.0,1.013513513513523,1.3513513513513473,2.0270270270270174,0.6756756756756772,2.7027027027027017
4838,bunt.saar,1000,19,1.0,1.0,6.854551920341393,0.0,1.0,2.421171171171172,4.249644381223341,4.729729729729726,9.51280227596017,8.37482219061166,6.899004267425312,7.361308677098151,3.0405405405405475,0.6756756756756772,2.702702702702709,3.7162162162162105,1.0135135135135158,3.378378378378372
4727,DIE LINKE,1000,19,1.0,0.0,3.9088430535798993,0.0,0.0,5.630630630630631,5.583214793741114,3.2183499288762576,7.3968705547653,0.26671408250354744,5.583214793741114,1.404694167852064,8.445945945945944,2.702702702702709,6.756756756756765,11.148648648648638,0.3378378378378386,4.391891891891895
2764,DIE LINKE,1000,19,0.0,1.0,2.270033191085821,0.0,0.0,5.236486486486483,1.262446657183503,0.6578947368421026,5.636557610241816,3.4672830725462234,1.4580369843527734,1.1379800853485094,0.3378378378378386,0.6756756756756772,9.797297297297284,2.364864864864863,10.13513513513513,8.108108108108105
1756,FDP,1000,19,1.0,1.0,3.692508297771456,1.0,0.0,2.702702702702703,0.5867709815078399,6.383357041251777,5.423186344238971,3.7517780938833525,2.471550497866289,3.5384068278805074,5.067567567567565,0.6756756756756772,1.3513513513513473,4.054054054054063,4.054054054054056,1.0135135135135087
265,Die Grünen,1000,19,1.0,0.0,7.625059269796115,1.0,1.0,2.027027027027028,0.8357041251778057,9.068278805120912,11.006401137980092,3.3605974395448044,7.290184921763881,14.189189189189193,2.364864864864863,1.0135135135135087,2.702702702702709,2.7027027027027017,1.3513513513513544,2.0270270270270316
2442,FDP,1000,19,1.0,1.0,5.384660976766241,1.0,1.0,1.9707207207207205,9.619487908961588,3.022759601706966,2.1692745376955926,10.54409672830726,5.014224751066855,1.9381223328591801,0.0,0.6756756756756772,2.3648648648648702,0.3378378378378386,4.391891891891888,4.054054054054049
2160,FDP,1000,19,0.0,1.0,4.833451872925557,0.0,1.0,3.265765765765771,2.6849217638691343,3.0049786628733983,6.863442389758184,7.361308677098144,1.5647226173541924,7.521337126600287,0.6756756756756843,0.6756756756756843,5.067567567567572,3.7162162162162176,3.7162162162162176,5.743243243243249
2867,bunt.saar,1000,19,1.0,0.0,5.091275486012324,1.0,0.0,1.2950450450450444,2.3470839260312886,3.3250355618776624,6.916785206258886,3.307254623044095,9.210526315789465,5.4409672830725455,0.6756756756756772,1.0135135135135087,2.0270270270270316,2.364864864864863,1.3513513513513473,0.3378378378378386
32,DIE LINKE,1000,19,1.0,0.0,5.5446894262683735,1.0,0.0,3.547297297297297,0.8890469416785152,3.378378378378372,10.188477951635846,5.689900426742533,10.11735419630157,3.0049786628734054,2.0270270270270316,2.0270270270270245,6.418918918918919,1.689189189189186,6.081081081081081,3.0405405405405403
4038,bunt.saar,1000,19,1.0,1.0,3.3694879089615966,1.0,0.0,2.1396396396396398,1.724751066856328,4.409672830725462,0.6401137980085423,6.258890469416791,6.685633001422481,0.4978662873399742,2.7027027027027017,0.3378378378378386,2.0270270270270316,3.0405405405405403,3.0405405405405332,1.689189189189193
4997,CDU,1000,19,0.0,0.0,5.897344713134189,1.0,0.0,3.0968468468468466,4.925320056899011,1.795874822190612,4.17852062588905,0.9068278805120897,17.692034139402573,5.885490753911803,0.3378378378378386,3.0405405405405403,1.3513513513513473,2.364864864864863,7.432432432432435,4.054054054054056
2462,CDU,1000,19,1.0,0.0,4.211119013750594,1.0,0.0,1.520270270270269,2.720483641536269,6.241109530583209,5.938833570412527,4.640825035561882,1.9559032716927476,3.769559032716927,0.3378378378378386,0.6756756756756772,1.689189189189186,1.689189189189186,2.0270270270270245,2.7027027027027017
73,FDP,1000,19,0.0,1.0,3.71917970602181,1.0,1.0,0.6756756756756749,2.7027027027026946,0.5512091038406837,0.9246088193456643,9.76173541963015,5.067567567567565,3.307254623044102,0.0,0.0,0.3378378378378315,0.3378378378378386,2.0270270270270245,1.3513513513513544
1099,CDU,1000,19,1.0,1.0,4.708985301090563,0.0,1.0,3.15315315315315,4.658605974395456,2.7027027027026946,3.94736842105263,7.841394025604551,7.325746799431009,1.7780938833570374,4.729729729729726,0.3378378378378244,5.067567567567565,5.067567567567565,0.3378378378378386,3.378378378378379
3471,FDP,1000,19,0.0,1.0,3.1916785206258864,1.0,0.0,2.4774774774774806,2.1337126600284506,0.7823613086771033,3.733997155049785,5.476529160739673,5.103129445234707,1.9203413940255984,1.0135135135135158,2.7027027027027017,5.405405405405411,2.3648648648648702,1.0135135135135158,2.3648648648648702
251,Die Grünen,1000,19,1.0,0.0,4.919393077287814,1.0,0.0,3.490990990990994,4.17852062588905,2.720483641536269,2.8271692745376953,4.67638691322901,8.3570412517781,6.756756756756758,2.702702702702709,2.364864864864863,2.3648648648648702,1.6891891891892001,5.4054054054054035,6.418918918918919
2430,bunt.saar,1000,19,1.0,1.0,3.1353722143195846,1.0,1.0,3.65990990990991,4.2140825035561775,7.165718349928888,0.6223328591749677,0.2489331436699942,4.018492176386907,2.5426742532005733,2.7027027027026946,2.7027027027026946,7.094594594594589,0.0,3.378378378378386,6.081081081081095
4783,Die Grünen,1000,19,1.0,0.0,7.518373636794689,1.0,1.0,2.139639639639641,3.6450924608819335,3.378378378378372,7.716927453769557,8.019203413940268,13.4601706970128,8.890469416785209,1.3513513513513615,1.689189189189193,4.391891891891888,1.689189189189193,2.364864864864856,1.3513513513513544
4606,bunt.saar,1000,19,1.0,0.0,8.167377904220006,1.0,1.0,0.7319819819819813,3.6095305832147915,3.805120910384062,12.57112375533427,10.152916073968704,11.806543385490748,7.059032716927462,0.0,2.0270270270270316,1.0135135135135016,0.0,0.3378378378378386,1.0135135135135158
1839,DIE LINKE,1000,19,1.0,0.0,1.3632053105737292,1.0,1.0,3.5472972972972983,2.880512091038412,0.37339971550497353,0.35561877667140607,1.1024182076813602,1.2980085348506378,2.1692745376955855,2.0270270270270316,2.0270270270270245,3.7162162162162176,4.729729729729733,5.067567567567565,3.7162162162162176
1051,SPD,1000,19,1.0,0.0,2.96941678520626,1.0,1.0,2.1396396396396433,1.9203413940255984,0.40896159317212266,2.489331436699864,6.330014224751068,3.378378378378372,3.2894736842105345,2.702702702702709,2.0270270270270316,4.054054054054056,1.0135135135135158,0.6756756756756772,2.3648648648648702
4074,bunt.saar,1000,19,1.0,1.0,3.295400663821718,1.0,1.0,1.8018018018018012,6.934566145092461,2.8271692745376953,3.200568990042683,0.8890469416785152,5.334281650071112,0.5867709815078399,2.0270270270270245,0.0,1.0135135135135016,2.7027027027027017,1.3513513513513686,3.7162162162162105
2138,bunt.saar,1000,19,1.0,1.0,3.351706970128022,1.0,1.0,3.603603603603607,1.2446657183499354,0.3378378378378386,1.3157894736842124,6.667852062588906,7.69914651493599,2.8449502133712485,3.7162162162162176,4.391891891891902,4.391891891891902,1.0135135135135087,4.7297297297297405,3.378378378378372
365,bunt.saar,1000,19,1.0,1.0,2.975343764817454,1.0,1.0,1.9707207207207158,3.1472261735419664,4.000711237553347,0.7112375533428192,1.333570412517787,7.752489331436706,0.9068278805120968,0.3378378378378386,0.675675675675663,3.378378378378372,0.6756756756756772,4.729729729729726,2.0270270270270174
5053,DIE LINKE,1000,19,1.0,0.0,5.4913466097676595,1.0,0.0,1.8581081081081063,3.805120910384062,1.689189189189193,7.112375533428171,1.4402560455191917,12.731152204836413,6.169985775248925,5.743243243243249,1.0135135135135158,0.3378378378378386,2.364864864864856,1.0135135135135087,0.6756756756756701
3834,FDP,1000,19,0.0,1.0,1.5765765765765742,1.0,1.0,2.7590090090090094,0.3911806543385552,4.214082503556185,0.7823613086770962,2.9871977240398238,0.03556187766713492,1.0490753911806507,2.702702702702709,0.3378378378378315,5.743243243243242,4.729729729729733,0.0,3.0405405405405403
2505,FDP,1000,19,0.0,1.0,3.597676623992412,1.0,1.0,6.024774774774774,0.7290184921763796,5.0497866287340045,4.17852062588905,0.3911806543385552,7.841394025604544,3.3961593172119393,2.0270270270270174,6.756756756756758,6.418918918918919,6.756756756756772,6.756756756756751,7.432432432432428
4463,Die Grünen,1000,19,0.0,0.0,9.249051683262211,1.0,1.0,3.3220720720720736,1.7425320056899025,8.26813655761024,12.357752489331446,8.161450924608815,13.993598862019908,10.97083926031295,2.3648648648648702,1.689189189189193,3.0405405405405332,4.729729729729726,5.067567567567565,3.0405405405405546
3932,Die Grünen,1000,19,1.0,1.0,5.055713608345187,1.0,1.0,1.013513513513517,1.1557610241820626,4.302987197724043,5.600995732574688,2.3826458036984306,10.064011379800853,6.827880512091042,0.6756756756756843,1.013513513513523,1.3513513513513544,2.364864864864863,0.3378378378378386,0.3378378378378386
3408,FDP,1000,19,0.0,0.0,5.165362731152204,1.0,1.0,1.2950450450450468,3.271692745376953,1.4224751066856243,9.423897581792318,6.614509246088197,1.6358463726884764,8.623755334281654,2.0270270270270245,0.6756756756756701,0.0,3.0405405405405546,0.6756756756756772,1.3513513513513544
1134,SPD,1000,19,1.0,0.0,3.6332385016595516,1.0,1.0,2.7027027027027066,3.0761024182076824,0.5512091038406766,6.578947368421048,0.3556187766714132,1.3513513513513473,9.886201991465143,2.364864864864863,2.702702702702709,2.3648648648648702,2.0270270270270316,5.743243243243249,1.0135135135135158
2747,bunt.saar,1000,19,1.0,1.0,6.40706495969654,1.0,1.0,1.576576576576579,7.752489331436706,1.831436699857747,5.600995732574688,0.9068278805120897,14.63371266002845,7.716927453769557,1.0135135135135158,2.702702702702709,1.3513513513513544,3.378378378378379,0.6756756756756772,0.3378378378378386
136,FDP,1000,19,0.0,0.0,5.337245139876722,1.0,1.0,2.98423423423424,7.290184921763881,1.1201991465149348,4.000711237553347,11.628733997155052,3.058321479374108,4.925320056899011,1.013513513513523,3.0405405405405403,4.391891891891902,1.6891891891892072,5.067567567567565,2.7027027027027017
2636,bunt.saar,1000,19,1.0,0.0,5.808440018966333,1.0,1.0,4.786036036036035,8.214793741109531,5.672119487908951,6.169985775248932,1.4580369843527734,11.041963015647227,2.293741109530586,5.067567567567565,2.702702702702709,4.729729729729726,6.418918918918919,3.0405405405405332,6.756756756756758
678,CDU,1000,19,0.0,0.0,6.264817449027972,0.0,0.0,5.123873873873875,10.864153627311524,4.19630156472261,4.19630156472261,11.682076813655755,2.7204836415362763,3.9295874822190555,2.702702702702709,1.0135135135135158,8.108108108108112,5.4054054054054035,6.756756756756751,6.756756756756758
5039,DIE LINKE,1000,19,1.0,0.0,5.0142247510668545,1.0,0.0,1.4639639639639637,3.840682788051211,3.378378378378372,8.179231863442396,2.4537695590327075,7.734708392603125,4.498577524893314,0.6756756756756701,3.7162162162162105,1.0135135135135087,1.3513513513513473,0.6756756756756843,1.3513513513513615
4408,Die Grünen,1000,19,0.0,0.0,3.0494310099573254,1.0,0.0,3.434684684684683,0.3911806543385552,2.0270270270270316,3.982930298719765,4.320768136557611,5.28093883357041,2.293741109530579,2.364864864864856,5.4054054054054035,2.702702702702716,3.7162162162162176,2.7027027027026946,3.7162162162162105
2124,FDP,1000,19,1.0,0.0,4.664532954006639,1.0,0.0,2.7590090090090094,7.823613086770983,4.196301564722617,2.1692745376955926,2.880512091038412,0.10668563300141898,10.810810810810814,3.378378378378379,6.418918918918919,2.7027027027027017,0.3378378378378457,0.3378378378378315,3.378378378378379
1612,Die Grünen,1000,19,0.0,0.0,3.876244665718346,0.0,0.0,1.4639639639639626,2.578236130867701,6.1877667140825,2.329302987197721,3.6806543385490826,6.899004267425312,1.5825035561877598,1.3513513513513544,0.6756756756756701,1.3513513513513473,3.0405405405405475,1.0135135135135087,1.3513513513513473
797,DIE LINKE,1000,19,1.0,1.0,5.224632527264106,1.0,1.0,0.6756756756756737,2.5426742532005733,1.3513513513513473,7.0945945945945965,4.142958748221901,11.646514935988613,4.569701280227605,1.0135135135135087,0.6756756756756701,0.3378378378378386,0.0,1.689189189189186,0.3378378378378386
558,FDP,1000,19,1.0,0.0,2.252252252252253,1.0,1.0,1.4076576576576596,1.262446657183503,3.9651493598862046,0.5512091038406837,2.151493598862018,2.471550497866289,3.1116642958748173,3.7162162162162247,0.6756756756756772,2.364864864864863,0.3378378378378386,0.0,1.3513513513513544
565,SPD,1000,19,1.0,1.0,2.5456377430061656,1.0,0.0,1.8018018018018023,0.9601706970128063,2.86273115220483,3.2183499288762576,4.409672830725462,0.8534850640113802,2.9694167852062563,1.0135135135135087,1.013513513513523,3.0405405405405332,1.689189189189186,0.3378378378378386,3.7162162162162247
1344,CDU,1000,19,1.0,1.0,3.796230440967283,1.0,1.0,2.9842342342342314,2.3648648648648702,5.778805120910384,2.3470839260312886,7.912517780938828,4.231863442389766,0.142247510668561,0.6756756756756772,1.3513513513513473,6.081081081081081,2.0270270270270245,2.7027027027026946,5.067567567567565
2772,Die Grünen,1000,19,0.0,1.0,3.7843764817449,1.0,1.0,3.2657657657657624,3.413940256045514,0.03556187766713492,6.650071123755325,1.0490753911806507,5.583214793741114,5.974395448079662,4.391891891891895,2.364864864864856,2.0270270270270174,7.770270270270267,1.0135135135135087,2.0270270270270316
4488,SPD,1000,19,1.0,0.0,4.584518729255572,1.0,0.0,2.7590090090090116,2.507112375533424,2.951635846372696,9.58392603129446,1.3335704125177799,5.1209103840682815,6.0099573257467895,4.729729729729733,0.3378378378378386,2.7027027027027017,5.067567567567572,3.0405405405405332,0.6756756756756914
4385,FDP,1000,19,0.0,1.0,5.826220957799907,1.0,1.0,4.560810810810811,2.809388335704128,4.996443812233281,2.987197724039838,8.428165007112383,8.463726884779511,7.2724039829302995,0.3378378378378457,4.054054054054056,7.4324324324324245,4.729729729729726,3.378378378378379,7.432432432432435
4529,FDP,1000,19,0.0,1.0,3.9029160739687057,1.0,1.0,0.7319819819819825,2.5426742532005733,3.769559032716927,2.809388335704128,8.7660028449502,5.4054054054054035,0.12446657183500065,1.01351351351353,0.3378378378378386,1.0135135135135158,0.3378378378378244,0.3378378378378386,1.3513513513513473
5035,CDU,1000,19,0.0,0.0,5.106092935040305,1.0,0.0,1.6328828828828843,7.21906116642959,1.6714082503556185,8.97937411095306,4.089615931721191,1.2446657183499354,7.432432432432435,0.6756756756756772,3.7162162162162176,0.3378378378378386,1.689189189189193,1.0135135135135087,2.3648648648648702
4280,FDP,1000,19,0.0,0.0,4.886794689426268,0.0,0.0,3.7725225225225274,0.6578947368421026,6.383357041251777,7.770270270270274,1.6714082503556114,6.401137980085352,6.436699857752494,4.054054054054063,1.3513513513513473,5.067567567567579,3.0405405405405546,2.0270270270270245,7.0945945945945965
4160,CDU,1000,19,1.0,0.0,3.7102892366050226,1.0,0.0,1.3513513513513473,0.07112375533426984,1.618065433854909,7.503556187766712,2.151493598862025,7.734708392603125,3.1827880512090942,0.6756756756756772,0.3378378378378315,2.364864864864856,3.378378378378372,1.3513513513513473,0.0
4692,CDU,1000,19,0.0,0.0,4.954954954954954,1.0,1.0,1.4639639639639614,5.583214793741114,3.1827880512090942,4.516358463726888,12.162162162162161,1.9914651493598896,2.293741109530579,0.3378378378378386,1.3513513513513473,3.7162162162162176,1.3513513513513473,1.0135135135135087,1.0135135135135087
2018,bunt.saar,1000,19,0.0,0.0,6.647107633949741,1.0,0.0,2.927927927927925,2.4182076813655797,0.37339971550497353,15.52275960170698,3.165007112375541,9.334992887624459,9.068278805120912,3.7162162162162176,3.378378378378379,5.067567567567565,0.3378378378378386,2.364864864864856,2.7027027027026946
4548,bunt.saar,1000,19,0.0,1.0,2.0507349454717883,0.0,1.0,2.5900900900900865,0.8357041251778057,2.00924608819345,1.9559032716927405,0.10668563300142608,4.107396870554773,3.2894736842105345,4.729729729729726,3.378378378378379,1.689189189189186,1.3513513513513473,4.054054054054042,0.3378378378378386
4302,CDU,1000,19,1.0,0.0,2.187055476529158,1.0,0.0,2.92792792792793,1.3157894736842124,4.960881934566139,2.7560455192034112,2.7560455192034112,0.7823613086770962,0.5512091038406766,3.0405405405405332,3.378378378378386,1.3513513513513615,3.378378378378379,3.0405405405405403,3.378378378378379
878,bunt.saar,1000,19,1.0,0.0,7.171645329540069,1.0,1.0,1.5202702702702666,4.3029871977240575,3.6806543385490826,10.650782361308671,1.2091038406827934,18.6877667140825,4.498577524893307,0.3378378378378244,0.675675675675663,2.702702702702709,2.0270270270270174,1.689189189189193,1.689189189189193
2380,SPD,1000,19,1.0,0.0,7.725817923186347,1.0,1.0,1.3513513513513569,3.6806543385490826,3.7162162162162105,11.148648648648646,9.246088193456615,8.997155049786642,9.566145092460886,0.0,0.3378378378378528,0.6756756756756772,2.364864864864856,1.3513513513513686,3.378378378378386
283,bunt.saar,1000,19,1.0,1.0,5.073494547178758,1.0,1.0,2.9842342342342327,0.4978662873399671,4.107396870554766,8.481507823613093,3.5384068278805074,13.513513513513509,0.3022759601707037,6.081081081081081,1.6891891891891788,3.0405405405405475,4.391891891891895,2.364864864864856,0.3378378378378386
1357,FDP,1000,19,0.0,1.0,9.269796111901375,1.0,1.0,1.1842378929335002e-15,12.233285917496445,7.539118065433847,9.139402560455189,16.073968705547657,1.9559032716927476,8.677098150782363,0.0,7.105427357601002e-15,0.0,0.0,0.0,0.0
4097,SPD,1000,19,0.0,0.0,6.104788999525842,1.0,1.0,1.1824324324324291,7.681365576102422,4.87197724039828,8.766002844950215,2.3648648648648702,8.890469416785209,4.054054054054056,1.689189189189193,1.0135135135135087,0.0,2.364864864864856,1.0135135135135087,1.0135135135135087
3156,FDP,1000,19,1.0,0.0,5.168326220957799,1.0,0.0,5.011261261261262,3.200568990042669,4.480796586059739,10.526315789473685,4.231863442389766,3.876244665718346,4.694167852062591,6.756756756756758,1.689189189189193,8.445945945945951,1.0135135135135087,1.0135135135135158,11.148648648648646
3308,Die Grünen,1000,19,1.0,1.0,2.7471550497866297,1.0,1.0,1.463963963963966,0.10668563300142608,3.2894736842105345,2.115931721194869,1.902560455192038,4.658605974395449,4.409672830725462,2.3648648648648702,0.3378378378378386,1.689189189189193,1.013513513513523,1.6891891891891788,1.689189189189193
2521,CDU,1000,19,1.0,0.0,3.4998814604077744,1.0,0.0,4.5045045045045,5.8677098150782285,3.698435277382643,1.5291607396870575,0.0,8.108108108108105,1.795874822190612,3.0405405405405332,10.135135135135137,8.108108108108105,1.0135135135135087,0.3378378378378315,4.391891891891888
2048,FDP,1000,19,0.0,1.0,2.1633475580844,1.0,1.0,0.7319819819819825,3.0049786628734054,0.6401137980085352,1.8136557610241866,4.694167852062584,2.7916073968705533,0.03556187766713492,0.6756756756756772,0.3378378378378386,1.3513513513513544,1.3513513513513544,0.0,0.6756756756756701
3223,bunt.saar,1000,19,1.0,1.0,4.907539118065434,1.0,1.0,1.1261261261261264,3.09388335704125,5.209815078236119,6.152204836415365,4.960881934566153,6.721194879089616,3.307254623044102,1.013513513513523,1.6891891891891788,1.3513513513513544,1.3513513513513615,1.0135135135135016,0.3378378378378386
1474,Die Grünen,1000,19,1.0,0.0,5.112019914651494,1.0,1.0,2.4211711711711636,1.0490753911806578,3.2183499288762576,3.3250355618776624,5.209815078236119,11.34423897581793,6.525604551920338,6.418918918918912,1.0135135135135087,1.3513513513513473,4.391891891891881,0.3378378378378244,1.0135135135135087
1659,CDU,1000,19,1.0,1.0,5.1801801801801775,1.0,1.0,0.9009009009009018,0.2844950213371291,10.953058321479375,7.645803698435273,0.5512091038406766,4.19630156472261,7.450213371266003,0.3378378378378457,0.6756756756756772,0.3378378378378457,0.3378378378378386,1.689189189189186,2.0270270270270174
1242,FDP,1000,19,1.0,1.0,3.932550972024655,1.0,1.0,1.8018018018018023,3.413940256045514,5.334281650071119,0.10668563300141898,2.2048364153627347,9.352773826458034,3.1827880512091085,2.3648648648648702,3.0405405405405332,0.3378378378378457,1.689189189189193,3.378378378378372,0.0
1556,CDU,1000,19,1.0,0.0,3.4406116642958757,1.0,1.0,3.2657657657657637,1.0490753911806578,2.115931721194869,1.6358463726884764,11.113086770981518,2.7204836415362763,2.009246088193457,1.0135135135135016,5.743243243243242,6.081081081081074,1.3513513513513615,2.0270270270270245,3.378378378378379
2797,bunt.saar,1000,19,0.0,0.0,5.002370791844476,1.0,1.0,0.9572072072072094,1.0312944523470833,5.352062588904687,5.26315789473685,0.3911806543385481,10.36628733997155,7.610241820768138,0.0,0.3378378378378386,0.6756756756756772,0.6756756756756772,1.3513513513513544,2.702702702702709
4273,bunt.saar,1000,19,1.0,1.0,3.686581318160266,1.0,1.0,2.5900900900900865,1.653627311522051,5.814366998577512,5.600995732574688,1.6002844950213415,5.6899004267425255,1.760312944523477,0.3378378378378386,4.054054054054035,1.689189189189193,2.702702702702709,4.391891891891888,2.364864864864856
2040,Die Grünen,1000,19,1.0,1.0,7.1331199620673305,1.0,1.0,1.9707207207207205,3.3605974395448044,5.174253200568991,10.472972972972968,2.6137980085348502,11.77098150782362,9.40611664295875,3.7162162162162105,3.378378378378379,0.3378378378378386,2.0270270270270245,2.0270270270270316,0.3378378378378386
256,bunt.saar,1000,19,0.0,1.0,6.466334755808437,1.0,1.0,4.279279279279283,2.880512091038412,6.899004267425312,3.840682788051197,10.881934566145098,5.7254623044096675,8.570412517780937,3.378378378378379,0.3378378378378386,5.743243243243256,5.743243243243256,6.081081081081081,4.391891891891888
2125,CDU,1000,19,1.0,1.0,2.24336178283547,1.0,1.0,3.378378378378381,0.6756756756756772,0.5156472261735487,1.689189189189186,4.9075391180654435,0.9423897581792318,4.729729729729733,2.702702702702709,3.7162162162162176,4.054054054054056,1.0135135135135087,1.689189189189193,7.094594594594604
4022,FDP,1000,19,1.0,1.0,4.222972972972972,1.0,1.0,1.9707207207207205,0.6756756756756772,5.369843527738269,3.662873399715501,1.7425320056898954,8.97937411095306,4.907539118065429,4.054054054054049,1.3513513513513615,0.3378378378378386,1.3513513513513544,3.378378378378379,1.3513513513513402
2955,FDP,1000,19,0.0,1.0,6.747866287339971,1.0,1.0,0.8445945945945947,4.142958748221901,1.831436699857754,4.17852062588905,16.802987197724036,6.063300142247513,7.46799431009957,0.6756756756756772,0.6756756756756701,1.0135135135135158,0.3378378378378386,1.3513513513513509,1.0135135135135158
2105,bunt.saar,1000,19,1.0,1.0,3.959222380275014,1.0,0.0,1.4639639639639614,0.2844950213371291,2.43598862019914,2.1692745376955855,1.3157894736842124,11.94879089615933,5.600995732574688,1.3513513513513473,0.6756756756756772,3.378378378378372,0.3378378378378386,2.0270270270270174,1.0135135135135158
2330,FDP,1000,19,0.0,1.0,4.3504030346135565,1.0,1.0,1.520270270270269,0.9601706970128063,4.2140825035561775,2.222617354196302,9.95732574679942,5.903271692745371,2.8449502133712627,1.0135135135135087,1.689189189189186,3.0405405405405403,0.3378378378378386,2.0270270270270245,1.0135135135135158
1482,SPD,1000,19,1.0,0.0,7.865101944049314,1.0,0.0,1.4639639639639637,5.4765291607396875,7.147937411095306,8.428165007112383,8.463726884779518,8.926031294452343,8.748221906116648,2.0270270270270245,1.3513513513513473,0.3378378378378386,2.364864864864863,1.0135135135135158,1.689189189189193
1443,Die Grünen,1000,19,1.0,0.0,1.543978188715034,1.0,1.0,3.997747747747752,0.9779516358463738,3.6095305832147915,0.9068278805120968,0.1955903271692847,2.329302987197721,1.2446657183499354,2.0270270270270316,2.0270270270270316,6.756756756756772,0.6756756756756701,6.756756756756765,5.743243243243242
1039,Die Grünen,1000,19,0.0,1.0,3.902916073968702,0.0,1.0,2.702702702702704,3.4672830725462234,3.5739687055476637,6.134423897581783,2.080369843527734,7.645803698435266,0.5156472261735416,1.3513513513513544,5.067567567567558,0.6756756756756914,1.3513513513513473,3.378378378378386,4.391891891891888
3421,bunt.saar,1000,19,1.0,0.0,5.245376955903269,1.0,1.0,0.7882882882882901,1.7069701280227676,0.4800853485063925,8.250355618776666,7.4502133712659955,10.152916073968704,3.4317211948790884,1.013513513513523,1.3513513513513544,0.3378378378378386,1.689189189189186,0.3378378378378386,0.0
2167,Die Grünen,1000,19,0.0,0.0,7.613205310573733,0.0,0.0,3.7725225225225216,5.778805120910384,8.428165007112383,10.846372688477949,2.0270270270270316,10.79302987197724,7.805832147937409,1.689189189189186,2.702702702702709,5.067567567567565,6.081081081081074,3.7162162162162176,3.378378378378379
3393,FDP,1000,19,0.0,0.0,4.249644381223329,0.0,0.0,4.673423423423426,1.724751066856328,6.827880512091042,4.765291607396875,2.578236130867701,7.3790896159317185,2.2226173541963092,1.689189189189193,1.3513513513513544,10.810810810810814,2.0270270270270245,7.432432432432435,4.729729729729733
4619,FDP,1000,19,0.0,1.0,3.2865101944049315,0.0,0.0,4.110360360360359,1.9914651493598896,4.302987197724036,2.7560455192034112,5.7254623044096675,3.2894736842105345,1.653627311522051,4.054054054054049,2.702702702702709,5.4054054054054035,6.081081081081074,4.054054054054063,2.364864864864856
2659,bunt.saar,1000,19,0.0,1.0,4.717875770507349,1.0,1.0,0.5630630630630643,2.151493598862025,2.560455192034155,4.711948790896159,1.689189189189186,9.10384068278804,8.09032716927453,0.6756756756756772,0.0,0.3378378378378528,0.0,1.3513513513513402,1.0135135135135158
3890,FDP,1000,19,1.0,1.0,4.901612138454245,1.0,1.0,1.2950450450450492,7.130156472261731,1.6714082503556256,2.187055476529153,11.34423897581793,7.076813655761029,0.0,0.6756756756756772,0.6756756756756843,1.3513513513513544,3.0405405405405475,1.3513513513513544,0.6756756756756772
4991,bunt.saar,1000,19,1.0,1.0,6.558202939781887,1.0,1.0,2.984234234234229,4.142958748221908,0.40896159317210845,10.846372688477949,5.51209103840683,10.02844950213371,8.410384068278816,3.378378378378379,1.3513513513513402,2.7027027027026946,3.7162162162162176,2.0270270270270174,4.729729729729726
4549,FDP,1000,19,1.0,0.0,5.280938833570413,1.0,1.0,2.646396396396399,5.1031294452347,1.831436699857754,8.623755334281654,7.965860597439544,4.160739687055475,4.000711237553347,4.7297297297297405,0.6756756756756701,5.067567567567565,2.0270270270270316,2.7027027027027017,0.6756756756756843
398,FDP,1000,19,1.0,0.0,2.347083926031292,1.0,1.0,2.1396396396396398,2.8449502133712556,0.16002844950212847,0.142247510668561,4.320768136557611,3.840682788051218,2.7738264580369787,0.0,1.3513513513513544,2.3648648648648667,4.054054054054049,2.7027027027027017,2.3648648648648667
2245,bunt.saar,1000,19,1.0,1.0,2.024063537221432,1.0,0.0,3.716216216216219,3.165007112375541,1.689189189189193,1.6714082503556114,1.1024182076813602,3.94736842105263,0.5689900426742582,0.0,1.0135135135135016,6.418918918918926,3.0405405405405475,6.418918918918919,5.405405405405418
4033,FDP,1000,19,0.0,0.0,3.7991939307728764,0.0,0.0,5.2364864864864815,6.578947368421048,6.1877667140825,0.2844950213371291,4.67638691322901,4.711948790896166,0.35561877667140607,3.7162162162162176,5.067567567567565,6.418918918918912,7.094594594594589,4.729729729729726,4.391891891891881
4682,DIE LINKE,1000,19,0.0,0.0,2.628615457562829,1.0,0.0,3.9977477477477485,4.42745376955903,4.231863442389766,0.8357041251778057,2.5960170697012828,3.165007112375541,0.5156472261735487,3.7162162162162105,1.3513513513513473,6.081081081081081,4.7297297297297405,3.7162162162162176,4.391891891891895
4582,CDU,1000,19,1.0,1.0,2.7441915599810343,0.0,1.0,3.2657657657657673,1.369132290184929,3.485064011379805,1.262446657183503,3.1294452347083777,3.7162162162162176,3.5028449502133725,0.3378378378378386,3.7162162162162176,4.054054054054063,0.3378378378378244,6.081081081081088,5.067567567567572
181,Die Grünen,1000,19,1.0,0.0,8.61190137505927,1.0,1.0,1.1261261261261264,3.6450924608819406,7.21906116642959,8.42816500711237,0.6401137980085352,21.337126600284492,10.401849217638699,0.6756756756756843,1.689189189189186,0.3378378378378386,1.3513513513513544,1.3513513513513402,1.3513513513513544
965,bunt.saar,1000,19,0.0,0.0,3.9592223802750106,1.0,0.0,1.0135135135135098,4.231863442389766,3.6095305832147915,3.6095305832147915,2.7204836415362763,6.223328591749642,3.3605974395447973,1.0135135135135087,0.6756756756756701,0.6756756756756701,2.3648648648648702,0.3378378378378386,1.0135135135135016
1902,FDP,1000,19,1.0,1.0,6.4841156946420115,1.0,1.0,1.8018018018018047,8.481507823613093,9.45945945945946,1.831436699857747,3.5384068278805216,13.317923186344245,2.2759601706970045,1.0135135135135087,0.6756756756756772,1.3513513513513544,2.702702702702709,2.702702702702709,2.3648648648648702
1795,bunt.saar,1000,19,0.0,0.0,4.98458985301091,0.0,0.0,3.5472972972972947,0.6578947368421026,4.9075391180654435,6.952347083926043,1.2446657183499354,9.797297297297305,6.347795163584628,2.7027027027026946,2.0270270270270316,4.391891891891888,2.0270270270270174,4.7297297297297405,5.405405405405396
4129,FDP,1000,19,0.0,0.0,8.22664770033191,1.0,1.0,1.2387387387387392,8.97937411095306,7.3079658605974345,2.7916073968705533,15.416073968705547,3.9651493598862046,10.899715504978658,0.6756756756756772,0.6756756756756772,1.3513513513513544,1.3513513513513473,2.0270270270270245,1.3513513513513544
3209,bunt.saar,1000,19,1.0,0.0,6.981981981981981,1.0,1.0,0.9009009009009018,0.6578947368421098,4.480796586059739,9.246088193456615,6.401137980085345,14.704836415362742,6.401137980085338,1.3513513513513473,2.0270270270270316,0.0,1.0135135135135158,0.0,1.0135135135135158
1526,bunt.saar,1000,19,1.0,0.0,4.305950687529633,1.0,1.0,1.2387387387387367,3.8940256045519206,1.4935988620199083,3.94736842105263,2.5248933143669987,11.717638691322904,2.258179231863437,0.6756756756756701,1.0135135135135158,2.0270270270270316,2.364864864864863,0.3378378378378244,1.0135135135135158
3472,FDP,1000,19,1.0,1.0,2.975343764817444,1.0,1.0,1.0135135135135098,1.9559032716927405,4.2140825035561775,4.551920341394016,2.4537695590327075,2.4182076813655797,2.258179231863444,1.689189189189186,0.6756756756756701,1.0135135135135087,1.3513513513513544,0.6756756756756701,0.6756756756756701
1712,FDP,1000,19,1.0,0.0,3.974039829302987,0.0,0.0,2.2522522522522492,2.916073968705547,0.49786628733995997,3.7162162162162176,2.275960170697026,9.423897581792318,5.014224751066855,2.7027027027026946,2.7027027027026946,0.3378378378378386,1.3513513513513473,4.391891891891888,2.0270270270270316
1554,bunt.saar,1000,19,1.0,0.0,4.110360360360359,1.0,1.0,1.5765765765765754,1.973684210526315,1.7247510668563208,2.916073968705547,0.5334281650071091,8.78378378378379,8.730440967283073,2.7027027027026946,1.3513513513513686,1.3513513513513402,0.0,1.3513513513513544,2.7027027027026946
1047,CDU,1000,19,1.0,1.0,3.2539118065433876,0.0,1.0,3.716216216216219,6.401137980085345,0.053342816500716594,1.1913229018492189,5.921052631578952,5.174253200568991,0.7823613086771033,3.0405405405405475,1.3513513513513544,3.378378378378372,4.391891891891902,6.081081081081081,4.054054054054056
3484,FDP,1000,19,0.0,0.0,2.744191559981033,1.0,0.0,3.322072072072075,0.17780938833570303,5.654338549075398,0.3911806543385481,2.507112375533424,3.9295874822190555,3.805120910384069,0.6756756756756772,5.405405405405411,4.391891891891895,1.689189189189193,2.0270270270270245,5.743243243243249
4196,CDU,1000,19,1.0,1.0,5.704717875770506,1.0,1.0,2.3648648648648654,3.9295874822190555,1.831436699857747,7.912517780938835,8.783783783783782,11.45092460881935,0.32005689900427114,1.3513513513513544,0.3378378378378386,5.405405405405411,0.0,5.743243243243242,1.3513513513513473
1460,SPD,1000,19,1.0,0.0,2.883475580844005,1.0,0.0,2.083333333333332,0.9601706970128063,2.7560455192034112,5.600995732574688,0.07112375533427695,1.369132290184929,6.54338549075392,2.7027027027027017,4.054054054054049,1.3513513513513473,0.6756756756756843,1.3513513513513402,2.3648648648648702
5054,FDP,1000,19,0.0,0.0,1.6773352299668112,0.0,0.0,4.56081081081081,0.23115220483641252,3.733997155049792,0.2844950213371291,1.9381223328591872,2.3470839260312886,1.5291607396870575,1.689189189189186,5.067567567567572,3.7162162162162176,4.054054054054056,5.067567567567558,7.770270270270267
3010,SPD,1000,19,0.0,0.0,10.37221431958274,0.0,0.0,3.7162162162162153,8.339260312944525,5.814366998577526,18.243243243243242,0.16002844950212847,19.630156472261724,10.046230440967292,1.689189189189186,2.702702702702709,5.743243243243242,0.3378378378378386,10.135135135135123,1.689189189189193
3608,FDP,1000,19,0.0,1.0,2.9308914177335255,0.0,1.0,3.3220720720720736,0.2489331436700013,4.978662873399713,1.2268847795163538,10.384068278805131,0.3378378378378386,0.40896159317211556,2.702702702702709,1.3513513513513544,2.364864864864863,5.4054054054054035,3.0405405405405403,5.067567567567572
5034,DIE LINKE,1000,19,0.0,0.0,3.651019440493124,0.0,0.0,2.815315315315311,0.6756756756756772,4.694167852062591,1.2446657183499283,2.6671408250355597,7.930298719772395,4.694167852062591,3.378378378378379,1.689189189189186,5.405405405405396,4.054054054054042,0.3378378378378386,2.0270270270270245
347,FDP,1000,19,1.0,1.0,5.097202465623517,1.0,1.0,2.646396396396394,5.4054054054054035,2.951635846372689,1.511379800853483,6.454480796586061,11.717638691322897,2.5426742532005697,2.3648648648648702,2.364864864864863,4.391891891891895,0.675675675675663,4.391891891891888,1.689189189189186
4266,Die Grünen,1000,19,0.0,0.0,6.125533428165007,0.0,0.0,5.236486486486487,2.3470839260312886,4.587482219061172,9.60170697012802,0.1422475106685539,12.78449502133713,7.290184921763881,4.729729729729719,2.7027027027027017,6.081081081081088,4.729729729729726,7.0945945945945965,6.081081081081088
2471,bunt.saar,1000,19,1.0,0.0,4.8067804646752,1.0,1.0,1.3513513513513498,2.3826458036984377,1.262446657183503,4.623044096728307,4.356330014224753,11.450924608819342,4.765291607396861,1.0135135135135087,3.378378378378372,0.3378378378378386,2.364864864864863,0.3378378378378386,0.6756756756756772
462,FDP,1000,19,1.0,1.0,2.726410621147462,1.0,0.0,1.8581081081081077,4.836415362731152,2.9871977240398238,4.605263157894733,0.6401137980085352,1.9203413940255984,1.369132290184929,1.689189189189186,1.689189189189186,0.0,2.7027027027026946,2.3648648648648702,2.702702702702709
4631,bunt.saar,1000,19,1.0,0.0,5.5061640587956395,1.0,1.0,6.700450450450454,3.94736842105263,3.022759601706973,10.881934566145091,0.7290184921763867,10.099573257468002,4.356330014224753,3.7162162162162176,4.054054054054056,10.472972972972983,6.081081081081081,8.445945945945951,7.432432432432435
4519,FDP,1000,19,1.0,0.0,2.4122807017543835,1.0,1.0,4.4481981981982,6.009957325746804,2.7027027027026946,0.26671408250354744,2.951635846372696,2.471550497866282,0.07112375533427695,6.081081081081081,4.7297297297297405,5.067567567567565,1.689189189189186,4.729729729729726,4.391891891891902
3160,FDP,1000,19,0.0,1.0,4.910502607871031,0.0,1.0,3.885135135135138,1.9381223328591872,3.9651493598862046,7.876955903271693,4.463015647226179,6.810099573257467,4.409672830725455,8.445945945945958,4.391891891891895,4.054054054054056,2.702702702702709,0.6756756756756772,3.0405405405405332
1636,bunt.saar,1000,19,1.0,1.0,4.350403034613561,1.0,1.0,1.3513513513513462,4.338549075391178,4.640825035561882,6.347795163584635,3.6095305832147915,2.951635846372696,4.214082503556185,2.0270270270270245,1.689189189189186,1.3513513513513402,1.3513513513513473,0.3378378378378386,1.3513513513513402
3613,Die Grünen,1000,19,1.0,0.0,6.018847795163585,0.0,0.0,4.898648648648648,2.2226173541963092,4.089615931721191,5.618776671408241,3.1827880512090942,12.144381223328601,8.854907539118074,4.054054054054049,2.0270270270270316,6.418918918918912,4.054054054054056,5.4054054054054035,7.432432432432435
3021,FDP,1000,19,0.0,1.0,3.5650782361308653,1.0,1.0,2.871621621621621,4.356330014224746,0.37339971550497353,1.1735419630156478,9.299431009957324,1.724751066856328,4.463015647226172,0.675675675675663,3.0405405405405475,1.6891891891891895,2.0270270270270316,4.391891891891888,5.405405405405407
4015,CDU,1000,19,1.0,1.0,5.064604077761974,0.0,1.0,1.745495495495496,6.365576102418217,6.276671408250351,0.8357041251778057,6.970128022759603,7.414651493598868,2.5248933143669987,2.702702702702709,0.3378378378378315,1.689189189189193,3.7162162162162105,0.0,2.0270270270270316
1963,bunt.saar,1000,19,1.0,1.0,2.862731152204835,1.0,0.0,2.252252252252253,0.8712660028449548,2.400426742531998,0.4800853485063925,3.0761024182076824,5.992176386913229,4.356330014224753,1.0135135135135087,1.0135135135135158,4.391891891891888,1.689189189189186,5.067567567567579,0.3378378378378386
2377,SPD,1000,19,1.0,0.0,4.667496443812232,1.0,1.0,1.463963963963965,3.5028449502133725,4.142958748221901,6.1877667140825,0.4800853485063925,6.596728307254629,7.0945945945945965,3.0405405405405475,0.6756756756756772,1.3513513513513473,1.0135135135135158,0.0,2.7027027027027017
4709,CDU,1000,19,1.0,0.0,6.810099573257471,1.0,0.0,1.689189189189192,0.6401137980085352,7.165718349928888,7.112375533428171,3.4672830725462234,12.00213371266004,10.472972972972968,1.0135135135135158,0.6756756756756843,0.6756756756756772,0.6756756756756701,3.0405405405405475,4.054054054054056
3503,Die Grünen,1000,19,1.0,0.0,2.5811996206733063,1.0,0.0,7.601351351351357,3.307254623044095,1.4224751066856385,4.765291607396875,2.400426742532005,0.3378378378378386,3.2539118065433854,8.783783783783782,5.743243243243249,10.135135135135151,0.6756756756756772,10.472972972972975,9.797297297297305
4008,SPD,1000,19,1.0,0.0,5.280938833570416,0.0,1.0,2.6463963963963955,2.3648648648648702,2.275960170697026,14.544807965860592,2.951635846372696,5.796586059743959,3.7517780938833525,2.0270270270270245,2.364864864864856,0.6756756756756772,3.7162162162162176,2.0270270270270316,5.067567567567565
524,FDP,1000,19,0.0,1.0,4.72380275011854,1.0,1.0,1.7454954954954982,1.404694167852064,4.676386913229017,5.1209103840682815,9.95732574679942,2.5248933143669987,4.658605974395456,2.0270270270270316,4.391891891891888,1.3513513513513544,0.6756756756756914,0.3378378378378315,1.689189189189193
4091,bunt.saar,1000,19,1.0,0.0,7.343527738264581,1.0,1.0,2.252252252252255,0.1955903271692847,3.8940256045519206,9.512802275960176,7.23684210526315,14.22475106685632,8.997155049786635,2.3648648648648702,1.3513513513513544,1.689189189189186,4.391891891891895,2.364864864864856,1.3513513513513686
400,Die Grünen,1000,19,0.0,0.0,3.1650071123755317,0.0,1.0,1.4076576576576585,1.5825035561877598,0.8357041251778057,6.276671408250358,0.46230440967283215,0.6756756756756772,9.157183499288756,0.0,2.7027027027027017,1.3513513513513615,0.3378378378378386,4.054054054054049,0.0
2280,FDP,1000,19,1.0,1.0,3.766595542911334,1.0,1.0,0.7882882882882877,6.632290184921764,4.569701280227605,2.222617354196302,4.374110953058313,3.69843527738265,1.1024182076813673,1.0135135135135016,1.3513513513513473,0.3378378378378386,0.3378378378378528,0.6756756756756772,1.0135135135135087
4127,CDU,1000,19,0.0,0.0,4.362256993835939,1.0,0.0,2.7027027027027017,5.174253200568991,3.165007112375541,1.5647226173541924,7.04125177809388,7.930298719772395,1.2980085348506378,1.3513513513513473,2.7027027027026946,4.391891891891895,0.6756756756756772,2.3648648648648702,4.729729729729726
4695,Die Grünen,1000,19,0.0,0.0,4.676386913229021,0.0,0.0,2.421171171171172,0.6578947368421098,0.3022759601707037,9.441678520625892,3.236130867709818,8.97937411095306,5.4409672830725455,5.067567567567565,2.7027027027027017,3.7162162162162247,2.364864864864863,0.6756756756756772,0.0
4510,FDP,1000,19,1.0,1.0,4.866050260787101,1.0,1.0,2.195945945945944,5.814366998577526,0.40896159317211556,2.400426742532005,8.588193456614498,4.267425320056894,7.716927453769564,0.6756756756756701,1.689189189189193,3.040540540540537,1.689189189189186,5.405405405405407,0.6756756756756701
15,CDU,1000,19,1.0,0.0,6.71823138928402,1.0,0.0,2.759009009009007,1.653627311522051,4.320768136557611,8.588193456614505,13.104551920341393,5.743243243243242,6.899004267425319,0.3378378378378386,0.3378378378378386,3.7162162162162105,2.364864864864863,6.081081081081081,3.7162162162162105
1642,bunt.saar,1000,19,1.0,1.0,2.38560929350403,0.0,0.0,3.603603603603606,1.5291607396870575,2.951635846372696,3.022759601706973,2.0625889046941666,4.605263157894733,0.1422475106685539,2.0270270270270245,1.3513513513513544,5.067567567567565,2.702702702702709,6.081081081081088,4.391891891891895
2673,Die Grünen,1000,19,0.0,1.0,4.759364627785679,0.0,1.0,2.083333333333332,3.520625889046933,3.662873399715508,7.3790896159317185,1.0490753911806578,10.54409672830726,2.400426742531998,1.3513513513513473,1.0135135135135158,3.0405405405405332,2.0270270270270245,4.054054054054056,1.0135135135135158
1255,bunt.saar,1000,19,1.0,0.0,5.820293978188713,1.0,1.0,1.6891891891891884,5.138691322901842,1.4046941678520568,7.610241820768138,0.8890469416785152,13.83357041251778,6.045519203413946,1.0135135135135087,0.3378378378378386,2.0270270270270174,3.7162162162162176,0.0,3.0405405405405475
2672,bunt.saar,1000,19,0.0,0.0,7.604314841156948,0.0,0.0,1.9144144144144128,3.4317211948790884,3.485064011379805,11.077524893314369,0.7112375533428192,16.39402560455192,10.526315789473685,3.7162162162162176,0.3378378378378386,0.0,1.689189189189193,3.0405405405405332,2.7027027027026946
3791,bunt.saar,1000,19,1.0,0.0,6.172949265054528,1.0,1.0,1.8581081081081063,6.827880512091042,4.943100995732571,12.5,1.1735419630156443,9.246088193456615,2.3470839260312957,1.0135135135135158,1.3513513513513473,4.391891891891895,0.6756756756756843,2.7027027027026946,1.0135135135135016
2844,bunt.saar,1000,19,1.0,0.0,4.620080606922712,1.0,1.0,1.5765765765765731,2.7027027027026946,0.5156472261735416,3.2183499288762505,7.076813655761022,10.188477951635846,4.018492176386914,0.3378378378378457,1.0135135135135016,1.3513513513513402,2.7027027027027017,3.0405405405405332,1.0135135135135158
2228,bunt.saar,1000,19,1.0,0.0,5.135727833096255,1.0,1.0,1.2387387387387356,3.8229018492176365,1.1201991465149348,6.365576102418217,2.5960170697012828,11.415362731152207,5.494310099573255,0.3378378378378386,2.3648648648648702,1.3513513513513402,2.0270270270270245,0.0,1.3513513513513402
722,bunt.saar,1000,19,1.0,0.0,4.747510668563302,1.0,1.0,2.646396396396393,1.0668563300142253,2.0803698435277482,5.956614509246094,1.0490753911806507,11.006401137980092,7.325746799431002,3.0405405405405403,1.6891891891891788,2.364864864864856,2.7027027027027017,2.364864864864856,3.7162162162162247
597,bunt.saar,1000,19,1.0,0.0,1.7543859649122868,1.0,1.0,3.096846846846841,3.1472261735419664,3.2894736842105345,0.4445234708392718,1.404694167852064,1.6002844950213415,0.6401137980085423,1.3513513513513544,5.067567567567565,4.054054054054035,1.0135135135135087,6.418918918918905,0.6756756756756772
3500,CDU,1000,19,0.0,0.0,3.3457799905168337,1.0,0.0,2.92792792792793,3.9651493598862118,3.94736842105263,6.401137980085352,0.07112375533427695,2.9338549075391214,2.7560455192034112,1.689189189189186,2.3648648648648702,4.054054054054056,1.3513513513513473,5.067567567567579,3.0405405405405403
1076,FDP,1000,19,1.0,1.0,4.566737790422,1.0,1.0,0.5630630630630608,1.4580369843527734,0.6934566145092376,7.912517780938835,4.551920341394023,5.51209103840683,7.2724039829302995,1.0135135135135016,0.3378378378378386,0.3378378378378386,0.0,1.3513513513513544,0.3378378378378315
332,SPD,1000,19,0.0,0.0,6.5315315315315345,0.0,0.0,1.9707207207207205,1.0846372688477999,6.792318634423893,10.828591749644389,2.435988620199147,7.610241820768145,10.437411095305833,3.0405405405405403,1.0135135135135087,3.378378378378386,0.0,3.0405405405405403,1.3513513513513473
3553,SPD,1000,19,1.0,1.0,4.848269321953537,1.0,1.0,0.8445945945945953,3.876244665718353,2.6671408250355597,8.55263157894737,2.3293029871977353,4.391891891891902,7.2724039829302995,0.6756756756756843,1.013513513513523,0.6756756756756772,0.6756756756756843,0.675675675675663,1.3513513513513402
3655,FDP,1000,19,0.0,1.0,5.432076813655762,1.0,1.0,2.5337837837837873,6.97012802275961,2.6493598862019923,4.445234708392604,7.4502133712659955,10.02844950213371,1.0490753911806543,5.067567567567565,1.3513513513513544,6.756756756756758,0.6756756756756914,0.3378378378378386,1.0135135135135158
4165,FDP,1000,19,1.0,1.0,2.0714793741109525,1.0,1.0,2.590090090090085,0.4445234708392647,0.37339971550497353,1.475817923186348,4.142958748221901,4.960881934566153,1.0312944523470762,6.756756756756758,1.3513513513513473,3.378378378378379,0.675675675675663,0.675675675675663,2.7027027027027017
2428,FDP,1000,19,0.0,1.0,3.0227596017069693,0.0,1.0,4.504504504504502,3.0761024182076824,1.404694167852064,1.5647226173541924,5.885490753911803,6.098862019914655,0.10668563300141898,2.0270270270270174,5.067567567567565,5.743243243243235,1.689189189189193,6.081081081081081,6.418918918918919
3869,SPD,1000,19,0.0,1.0,6.193693693693695,1.0,0.0,1.463963963963966,8.677098150782356,5.707681365576107,3.7873399715504945,5.369843527738269,9.495021337126602,4.12517780938834,1.0135135135135158,0.6756756756756772,0.0,1.689189189189186,1.3513513513513544,4.054054054054063
353,bunt.saar,1000,19,1.0,0.0,5.950687529634898,1.0,1.0,1.182432432432434,5.4765291607396875,5.867709815078236,11.34423897581793,3.1294452347083777,4.907539118065429,4.978662873399728,2.364864864864863,1.013513513513523,2.0270270270270174,1.3513513513513615,0.0,0.3378378378378386
5046,Die Grünen,1000,19,1.0,0.0,4.5963726884779526,1.0,0.0,3.8288288288288292,2.080369843527741,2.3648648648648702,5.938833570412527,2.364864864864863,11.308677098150774,3.52062588904694,3.378378378378379,1.689189189189193,4.391891891891888,5.743243243243242,4.391891891891888,3.378378378378386
4561,FDP,1000,19,1.0,1.0,3.725106685633,1.0,1.0,2.4211711711711708,4.87197724039828,2.7560455192034183,3.982930298719772,1.1379800853485023,2.8982930298719793,6.703413940256048,2.0270270270270316,2.3648648648648702,3.0405405405405332,2.364864864864856,2.0270270270270316,2.7027027027027017
2918,Die Grünen,1000,19,1.0,0.0,7.121266002844947,1.0,1.0,1.8581081081081028,1.1557610241820626,3.022759601706973,11.21977240398293,2.080369843527734,15.433854907539114,9.815078236130866,0.3378378378378244,0.675675675675663,3.378378378378386,0.0,5.4054054054054035,1.3513513513513402
916,FDP,1000,19,0.0,0.0,4.8808677098150826,1.0,0.0,1.2950450450450433,4.338549075391185,7.21906116642959,3.520625889046933,7.343527738264598,4.107396870554773,2.7560455192034183,0.0,0.0,1.3513513513513473,1.0135135135135016,4.7297297297297405,0.6756756756756701
1568,bunt.saar,1000,19,1.0,0.0,6.0870080606922725,1.0,1.0,0.9009009009009018,0.03556187766713492,1.369132290184929,10.77524893314368,4.338549075391178,14.651493598862025,5.352062588904687,0.6756756756756701,2.7027027027026946,0.3378378378378386,0.6756756756756772,0.3378378378378386,0.6756756756756914
68,bunt.saar,1000,19,0.0,1.0,8.084400189663347,1.0,1.0,1.2387387387387392,0.08890469416785152,2.3826458036984306,13.389046941678522,3.662873399715501,16.500711237553347,12.482219061166425,0.3378378378378386,0.675675675675663,2.3648648648648702,1.689189189189193,2.0270270270270316,0.3378378378378386
2906,Die Grünen,1000,19,0.0,0.0,7.130156472261734,0.0,0.0,3.8851351351351346,2.9871977240398238,1.0846372688477999,11.504267425320059,8.07254623044097,16.002844950213372,3.1294452347083777,4.391891891891895,6.418918918918912,3.0405405405405403,2.7027027027027017,5.067567567567565,1.689189189189193
1237,DIE LINKE,1000,19,1.0,0.0,3.446538643907066,1.0,1.0,2.3648648648648667,1.4935988620199083,3.2894736842105345,3.8940256045519206,1.0668563300142253,5.814366998577526,5.1209103840682815,4.054054054054056,0.6756756756756772,1.3513513513513544,3.7162162162162176,2.702702702702709,1.689189189189186
698,DIE LINKE,1000,19,0.0,0.0,4.818634423897581,0.0,0.0,4.729729729729724,5.067567567567565,8.766002844950215,0.8534850640113874,3.7517780938833525,4.818634423897571,5.654338549075398,9.797297297297291,3.7162162162162105,0.6756756756756701,8.108108108108098,2.0270270270270174,4.054054054054056
4978,FDP,1000,19,0.0,0.0,7.696183025130392,1.0,0.0,2.6463963963963955,14.295874822190612,5.2631578947368425,0.07112375533427695,10.11735419630157,11.522048364153626,4.907539118065429,0.3378378378378386,0.3378378378378386,3.7162162162162105,3.0405405405405475,3.7162162162162176,4.729729729729719
1348,FDP,1000,19,0.0,0.0,2.601944049312472,1.0,0.0,2.6463963963963963,0.9246088193456643,2.258179231863444,0.7112375533428192,7.485775248933152,2.9871977240398238,1.2446657183499283,3.7162162162162105,4.729729729729726,2.702702702702709,1.689189189189193,0.3378378378378386,2.7027027027027017
1379,bunt.saar,1000,19,1.0,1.0,5.295756282598386,1.0,1.0,1.1824324324324327,3.805120910384062,4.285206258890469,6.436699857752494,5.618776671408256,5.4054054054054035,6.223328591749635,0.6756756756756843,1.0135135135135087,0.3378378378378386,0.3378378378378244,3.378378378378386,1.3513513513513544
1182,bunt.saar,1000,19,0.0,0.0,5.867709815078236,0.0,0.0,3.4909909909909906,0.23115220483641252,6.027738264580371,4.605263157894733,4.605263157894733,11.78876244665718,7.948079658605984,5.4054054054054035,1.3513513513513473,2.7027027027026946,2.0270270270270316,4.054054054054056,5.405405405405411
4425,CDU,1000,19,1.0,0.0,3.7280701754385994,1.0,1.0,1.85810810810811,2.329302987197721,2.773826458036986,0.5156472261735487,2.2226173541963092,10.526315789473685,4.000711237553347,1.013513513513523,0.0,1.0135135135135087,3.378378378378379,5.067567567567565,0.6756756756756843
4042,bunt.saar,1000,19,1.0,0.0,8.608937885253669,1.0,1.0,3.6036036036036023,3.8584637268847715,2.400426742531998,10.50853485064011,10.633001422475097,14.687055476529146,9.566145092460886,3.378378378378379,0.3378378378378528,3.7162162162162247,5.743243243243235,3.7162162162161962,4.729729729729726
3188,FDP,1000,19,1.0,1.0,6.330014224751071,1.0,1.0,1.2950450450450457,4.783072546230443,2.3293029871977353,6.258890469416791,9.690611664295872,3.307254623044102,11.610953058321485,2.364864864864863,7.105427357601002e-15,1.689189189189186,0.6756756756756772,2.364864864864863,0.6756756756756772
4417,FDP,1000,19,1.0,0.0,7.177572309151255,1.0,1.0,1.407657657657661,8.499288762446653,5.600995732574688,10.08179231863442,6.436699857752494,4.320768136557604,8.125889046941673,0.6756756756756843,0.3378378378378386,1.689189189189186,0.6756756756756772,2.702702702702709,2.3648648648648702
175,FDP,1000,19,0.0,0.0,6.312233285917493,0.0,0.0,4.5045045045045065,4.640825035561875,1.1557610241820626,7.112375533428171,8.819345661450917,8.036984352773828,8.108108108108105,2.3648648648648702,3.378378378378393,5.067567567567565,8.108108108108098,4.054054054054056,4.054054054054056
4655,FDP,1000,19,1.0,1.0,7.044215267899475,0.0,0.0,2.3648648648648654,8.392603129445227,7.005689900426745,4.658605974395456,2.115931721194869,12.713371266002838,7.3790896159317185,3.378378378378372,0.0,5.067567567567565,0.6756756756756843,3.378378378378379,1.689189189189193
4189,SPD,1000,19,1.0,0.0,3.493954480796584,0.0,0.0,4.5045045045045065,0.6223328591749677,4.267425320056894,8.534850640113795,3.058321479374108,2.2048364153627347,2.2759601706970045,7.432432432432435,4.391891891891895,1.3513513513513544,8.445945945945944,1.3513513513513473,4.054054054054063
2219,Die Grünen,1000,19,1.0,0.0,6.015884305357989,1.0,1.0,0.844594594594593,1.0135135135135087,5.974395448079662,6.543385490753906,6.703413940256048,10.348506401137975,5.512091038406837,1.689189189189186,0.3378378378378386,0.6756756756756772,0.0,0.6756756756756772,1.6891891891891788
3344,FDP,1000,19,0.0,0.0,4.317804646752015,1.0,0.0,3.8288288288288292,5.672119487908965,10.704125177809388,1.3691322901849219,1.6358463726884764,5.529871977240397,0.9957325746799413,7.770270270270267,4.054054054054063,1.689189189189193,5.4054054054054035,3.0405405405405332,1.0135135135135158
2364,Die Grünen,1000,19,0.0,1.0,2.8953295400663825,0.0,1.0,2.2522522522522563,3.1472261735419664,2.258179231863437,3.1294452347083848,0.4445234708392647,7.894736842105267,0.4978662873399742,2.702702702702709,0.3378378378378457,3.7162162162162247,2.364864864864863,3.7162162162162176,0.6756756756756772
4651,Die Grünen,1000,19,1.0,1.0,6.664888572783311,1.0,1.0,1.2950450450450444,2.6137980085348573,4.249644381223341,7.005689900426745,6.881223328591744,8.641536273115221,10.597439544807955,1.0135135135135087,0.6756756756756701,2.0270270270270316,1.0135135135135087,2.0270270270270316,1.0135135135135158
3514,FDP,1000,19,1.0,1.0,4.670459933617832,1.0,1.0,1.8581081081081063,7.556899004267429,3.9651493598862118,1.013513513513523,7.2012802275960155,2.364864864864863,5.921052631578952,1.3513513513513473,1.3513513513513544,3.378378378378372,1.0135135135135158,0.0,4.054054054054049
3324,bunt.saar,1000,19,1.0,0.0,4.246680891417729,1.0,1.0,2.139639639639636,1.2980085348506378,4.943100995732571,0.7467994310099471,1.3869132290184893,11.69985775248933,5.4054054054054035,1.689189189189186,2.364864864864856,3.7162162162162105,4.391891891891888,0.0,0.6756756756756772
1042,bunt.saar,1000,19,1.0,0.0,6.525604551920338,1.0,1.0,2.477477477477476,8.19701280227595,4.960881934566139,5.974395448079662,0.2489331436699871,16.714082503556178,3.058321479374115,1.6891891891891788,3.7162162162162176,0.675675675675663,3.0405405405405403,2.0270270270270316,3.7162162162162247
1185,bunt.saar,1000,19,0.0,0.0,4.824561403508774,1.0,1.0,1.2950450450450433,4.409672830725462,3.271692745376953,3.2183499288762505,0.7823613086771033,11.682076813655769,5.5832147937411065,1.0135135135135087,0.6756756756756772,3.0405405405405332,1.3513513513513473,0.0,1.689189189189193
4281,SPD,1000,19,1.0,0.0,7.281294452347083,1.0,0.0,2.7027027027027004,9.77951635846373,4.142958748221901,6.863442389758184,4.374110953058327,10.419630156472252,8.108108108108105,1.3513513513513473,2.0270270270270245,3.7162162162162176,0.6756756756756772,7.432432432432428,1.0135135135135087
5137,FDP,1000,19,0.0,1.0,3.5561877667140798,0.0,1.0,1.12612612612613,2.916073968705547,5.814366998577526,1.3513513513513473,6.223328591749642,4.960881934566139,0.07112375533427695,0.6756756756756772,1.3513513513513473,0.6756756756756843,3.0405405405405475,0.6756756756756772,0.3378378378378457
3830,bunt.saar,1000,19,0.0,1.0,4.5904457088667625,0.0,1.0,1.126126126126124,4.658605974395456,1.0312944523470904,5.138691322901849,0.3911806543385552,8.872688477951627,7.4502133712659955,1.689189189189186,0.6756756756756843,0.0,0.3378378378378386,0.0,4.054054054054035
5089,bunt.saar,1000,19,1.0,0.0,5.515054528212424,1.0,0.0,10.135135135135135,2.916073968705547,0.16002844950213557,6.578947368421055,7.076813655761022,11.69985775248933,4.658605974395456,8.10810810810812,5.743243243243242,12.5,11.486486486486484,12.5,10.472972972972968
1054,bunt.saar,1000,19,1.0,0.0,4.48968705547653,1.0,1.0,1.689189189189192,0.23115220483641252,3.7162162162162105,5.654338549075405,0.8357041251778057,13.08677098150784,3.4139402560455068,2.3648648648648702,0.6756756756756914,1.689189189189193,2.0270270270270245,0.675675675675663,2.702702702702709
4663,FDP,1000,19,0.0,1.0,2.172238027501185,1.0,1.0,1.2387387387387403,1.7247510668563208,1.7425320056899025,0.17780938833571014,4.729729729729726,3.485064011379805,1.1735419630156443,1.689189189189186,0.6756756756756772,0.3378378378378386,0.6756756756756772,1.0135135135135158,3.0405405405405475
4966,bunt.saar,1000,19,0.0,1.0,3.496917970602182,1.0,1.0,1.4639639639639626,0.6756756756756772,2.275960170697026,6.810099573257467,0.10668563300142608,7.130156472261731,3.982930298719765,0.6756756756756772,0.6756756756756701,2.3648648648648702,1.689189189189186,1.689189189189186,1.689189189189186
2161,bunt.saar,1000,19,0.0,0.0,5.438003793266955,1.0,1.0,1.5202702702702702,2.5960170697012828,1.7247510668563208,3.6450924608819406,4.960881934566153,13.015647226173549,6.685633001422488,0.3378378378378386,2.3648648648648702,2.364864864864856,7.105427357601002e-15,2.702702702702709,1.3513513513513402
3560,FDP,1000,19,0.0,1.0,2.0062825983878625,0.0,1.0,1.2387387387387392,1.6358463726884764,1.4580369843527734,0.32005689900426404,3.022759601706973,2.9694167852062634,2.631578947368425,3.7162162162162247,0.6756756756756843,0.0,1.0135135135135016,1.689189189189186,0.3378378378378386
1206,FDP,1000,19,1.0,0.0,4.288169748696063,1.0,0.0,7.3761261261261275,4.160739687055475,2.7027027027026946,3.0405405405405403,8.07254623044097,3.342816500711244,4.409672830725455,2.0270270270270245,2.702702702702709,9.797297297297298,8.78378378378379,12.5,8.445945945945944
4511,bunt.saar,1000,19,0.0,0.0,5.227596017069703,0.0,1.0,1.5765765765765767,5.529871977240397,2.3826458036984377,10.312944523470847,1.1735419630156443,8.374822190611667,3.591749644381224,2.0270270270270245,2.7027027027027017,2.0270270270270245,0.3378378378378386,1.3513513513513473,1.013513513513523
270,bunt.saar,1000,19,0.0,0.0,5.995139876718827,0.0,0.0,3.603603603603606,5.316500711237566,2.8982930298719793,5.689900426742533,4.516358463726888,10.348506401137975,7.201280227596023,6.081081081081095,0.3378378378378386,3.0405405405405403,3.0405405405405403,3.378378378378372,5.743243243243249
1037,bunt.saar,1000,19,1.0,1.0,3.4020862968231356,1.0,0.0,2.3085585585585604,8.090327169274545,6.116642958748223,1.7780938833570303,0.9423897581792318,3.058321479374108,0.4267425320056759,2.702702702702709,1.0135135135135158,1.0135135135135158,2.7027027027027017,3.0405405405405475,3.378378378378372
3872,CDU,1000,19,1.0,0.0,2.121858700806064,1.0,1.0,2.0270270270270294,1.0135135135135087,5.992176386913222,0.6934566145092376,0.23115220483641252,1.2624466571834958,3.5384068278805074,3.7162162162162176,0.3378378378378457,1.3513513513513473,4.391891891891895,1.689189189189193,0.6756756756756772
1174,Die Grünen,1000,19,0.0,0.0,7.12719298245614,0.0,0.0,5.067567567567566,0.07112375533427695,3.9118065433855023,9.637268847795163,0.9068278805120897,15.825035561877662,12.411095305832148,4.391891891891888,0.6756756756756843,7.094594594594589,6.418918918918919,6.756756756756751,5.067567567567565
585,bunt.saar,1000,19,1.0,1.0,6.330014224751069,0.0,1.0,1.4076576576576632,3.378378378378379,5.298719772403977,9.121621621621628,0.6223328591749677,10.72190611664297,8.837126600284492,1.3513513513513473,0.3378378378378457,0.6756756756756914,3.0405405405405475,0.3378378378378386,2.702702702702709
3100,bunt.saar,1000,19,0.0,1.0,3.093883357041257,0.0,0.0,2.8716216216216224,5.192034139402573,1.191322901849226,0.9779516358463738,0.053342816500716594,5.174253200568991,5.974395448079662,0.3378378378378457,3.7162162162162176,5.067567567567565,2.7027027027026946,4.054054054054056,1.3513513513513544
4439,FDP,1000,19,1.0,1.0,3.9295874822190604,1.0,1.0,2.5337837837837824,6.7745376955903325,2.115931721194869,4.640825035561875,3.662873399715508,4.640825035561875,1.7425320056899025,3.0405405405405332,1.3513513513513544,1.3513513513513473,0.0,4.054054054054056,5.4054054054054035
655,DIE LINKE,1000,19,0.0,0.0,3.3843053579895668,0.0,1.0,5.968468468468468,0.1422475106685539,5.156472261735409,3.307254623044095,1.1201991465149348,6.614509246088197,3.9651493598862118,5.743243243243242,1.0135135135135158,8.445945945945951,2.7027027027026946,8.783783783783782,9.121621621621621
1688,Die Grünen,1000,19,0.0,0.0,8.437055476529162,0.0,0.0,2.7590090090090107,4.320768136557611,7.3790896159317185,12.837837837837839,5.138691322901856,10.50853485064011,10.437411095305833,3.7162162162162176,0.3378378378378386,4.054054054054056,3.378378378378379,1.3513513513513544,3.7162162162162176
4745,FDP,1000,19,1.0,1.0,3.520625889046942,1.0,1.0,1.6891891891891895,1.4046941678520568,0.8357041251778057,8.214793741109531,0.5689900426742582,5.316500711237559,4.783072546230443,2.0270270270270316,1.3513513513513544,2.7027027027027017,1.6891891891891788,2.0270270270270316,0.3378378378378386
4102,bunt.saar,1000,19,1.0,0.0,6.306306306306304,1.0,0.0,1.3513513513513498,4.302987197724036,4.67638691322901,7.0945945945945965,0.5512091038406837,11.326458036984356,9.886201991465143,0.6756756756756701,0.0,1.3513513513513544,0.3378378378378315,3.378378378378372,2.3648648648648702
2740,CDU,1000,19,0.0,0.0,3.126481744902795,0.0,1.0,2.308558558558559,2.329302987197721,3.805120910384062,0.1422475106685539,3.6450924608819335,6.081081081081088,2.7560455192034112,2.7027027027027017,0.0,0.3378378378378386,6.418918918918912,1.013513513513523,3.378378378378379
3942,FDP,1000,19,1.0,1.0,2.782716927453768,1.0,0.0,3.0405405405405426,2.1692745376955855,0.8890469416785152,4.747510668563301,0.35561877667140607,7.628022759601713,0.9068278805120897,4.391891891891888,0.6756756756756772,2.364864864864863,5.405405405405411,1.013513513513523,4.391891891891895
4910,Die Grünen,1000,19,0.0,0.0,6.101825509720247,0.0,0.0,2.5337837837837847,1.9914651493598896,3.8584637268847715,6.703413940256041,0.5334281650071233,12.820056899004271,10.704125177809388,3.0405405405405475,0.0,3.0405405405405332,4.729729729729733,2.7027027027027017,1.689189189189193
2182,FDP,1000,19,1.0,0.0,4.074798482693218,1.0,1.0,6.5878378378378395,2.3470839260312957,5.156472261735409,10.704125177809388,0.9957325746799413,0.3022759601707037,4.943100995732571,5.067567567567572,3.378378378378379,11.148648648648653,3.7162162162162247,6.081081081081074,10.135135135135137
1065,bunt.saar,1000,19,1.0,1.0,5.316500711237555,1.0,1.0,7.3198198198198225,2.3648648648648702,6.081081081081081,8.054765291607396,6.330014224751075,8.997155049786635,0.07112375533426984,4.391891891891888,6.418918918918919,8.445945945945951,9.121621621621628,9.797297297297305,5.743243243243242
571,CDU,1000,19,1.0,0.0,2.3974632527264106,1.0,0.0,2.533783783783781,3.3250355618776624,0.12446657183499354,1.5291607396870575,4.071834992887624,0.8001422475106708,4.534139402560456,0.3378378378378386,4.391891891891888,4.054054054054056,1.689189189189186,4.054054054054056,0.675675675675663
2422,bunt.saar,1000,19,1.0,0.0,3.4287577050734925,1.0,1.0,0.7319819819819825,7.610241820768138,1.7247510668563208,2.2048364153627347,0.5689900426742511,7.699146514935983,0.7645803698435287,0.3378378378378457,1.01351351351353,2.0270270270270174,0.0,0.3378378378378386,0.675675675675663
4547,SPD,1000,19,0.0,0.0,4.240753911806546,0.0,0.0,3.2094594594594597,1.831436699857747,4.391891891891895,6.810099573257467,0.8534850640113874,8.179231863442396,3.378378378378379,4.729729729729726,0.6756756756756701,3.7162162162162176,6.081081081081088,2.702702702702709,1.3513513513513473
3358,SPD,1000,19,1.0,0.0,2.290777619724983,1.0,0.0,1.9707207207207194,0.26671408250354744,1.1201991465149348,7.3790896159317185,1.724751066856328,2.8271692745376953,0.4267425320056759,0.3378378378378244,3.0405405405405332,4.054054054054056,1.3513513513513544,2.0270270270270316,1.0135135135135158
3576,FDP,1000,19,0.0,1.0,3.239094357515411,0.0,0.0,2.9842342342342376,4.107396870554773,0.8179231863442382,4.729729729729726,3.165007112375541,3.769559032716927,2.8449502133712627,4.7297297297297405,1.0135135135135087,2.3648648648648702,1.3513513513513473,4.054054054054063,4.391891891891895
4710,bunt.saar,1000,19,1.0,0.0,8.85194404931247,1.0,0.0,4.560810810810813,2.400426742532005,5.352062588904687,12.357752489331446,6.436699857752487,13.673541963015644,12.891180654338555,3.0405405405405403,1.0135135135135016,3.7162162162162247,5.743243243243249,5.743243243243249,8.108108108108112
3496,CDU,1000,19,1.0,1.0,3.2687292555713596,1.0,1.0,3.3220720720720727,1.7425320056898954,2.6315789473684177,5.2631578947368425,2.9694167852062563,3.733997155049792,3.271692745376953,2.0270270270270316,4.729729729729726,3.0405405405405403,4.729729729729726,3.0405405405405475,2.364864864864863
3153,CDU,1000,19,1.0,0.0,3.745851114272168,1.0,1.0,0.5630630630630632,3.022759601706973,4.854196301564727,2.2048364153627347,0.9957325746799413,8.659317211948789,2.7382645803698438,1.3513513513513402,0.3378378378378457,0.0,0.3378378378378386,1.0135135135135158,0.3378378378378386
71,bunt.saar,1000,19,1.0,0.0,2.4537695590327124,1.0,1.0,0.9009009009009041,0.37339971550497353,0.0889046941678373,0.284495021337122,3.840682788051218,10.010668563300136,0.12446657183498644,1.3513513513513544,1.689189189189193,0.3378378378378386,0.6756756756756843,0.6756756756756772,0.6756756756756772
2684,bunt.saar,1000,19,0.0,0.0,6.199620673304884,1.0,0.0,3.2657657657657673,1.0135135135135087,2.560455192034155,7.0590327169274545,6.36557610241821,10.277382645803684,9.921763869132292,2.702702702702709,2.702702702702709,2.702702702702709,2.364864864864863,2.364864864864856,6.756756756756758
31,FDP,1000,19,1.0,1.0,6.801209103840684,1.0,1.0,0.7319819819819801,6.578947368421048,7.965860597439551,5.974395448079662,10.010668563300136,0.2844950213371291,9.992887624466576,0.3378378378378386,1.0135135135135158,0.6756756756756701,1.0135135135135158,1.0135135135135087,0.3378378378378315
2986,CDU,1000,19,1.0,0.0,3.805120910384067,1.0,1.0,1.970720720720718,7.396870554765293,5.138691322901856,2.5248933143669916,6.614509246088197,0.1422475106685539,1.0135135135135087,1.6891891891891788,1.0135135135135087,3.378378378378379,0.6756756756756701,3.0405405405405403,2.0270270270270316
4257,FDP,1000,19,1.0,1.0,2.317449027975344,1.0,1.0,2.1959459459459425,2.9694167852062563,1.2802275960170775,4.089615931721191,0.7290184921763796,3.9651493598862118,0.8712660028449477,2.7027027027026946,2.0270270270270245,2.364864864864863,0.0,3.378378378378372,2.7027027027027017
1844,FDP,1000,19,0.0,1.0,2.8419867235656695,1.0,1.0,1.2387387387387392,2.0270270270270316,0.9246088193456643,0.6401137980085352,7.307965860597427,3.3961593172119393,2.7560455192034183,0.0,3.378378378378372,0.3378378378378386,0.0,1.689189189189193,2.0270270270270316
1736,bunt.saar,1000,19,1.0,1.0,5.1238738738738725,1.0,1.0,1.1261261261261286,2.2759601706970045,0.9068278805120968,5.1209103840682815,5.600995732574681,11.628733997155052,5.209815078236119,7.105427357601002e-15,1.01351351351353,2.0270270270270316,2.7027027027027017,0.0,1.0135135135135016
3694,SPD,1000,19,0.0,0.0,9.610597439544813,0.0,1.0,1.295045045045048,3.485064011379805,9.050497866287337,15.149359886201992,8.054765291607403,11.94879089615933,9.975106685633016,0.3378378378378386,1.689189189189193,2.364864864864863,1.3513513513513615,2.0270270270270316,0.0
1629,DIE LINKE,1000,19,1.0,0.0,3.9799668089141775,0.0,0.0,4.391891891891894,1.6002844950213486,0.9423897581792318,9.050497866287337,2.8449502133712556,4.036273115220489,5.4054054054054035,9.121621621621628,1.3513513513513544,5.4054054054054035,5.405405405405411,1.689189189189193,3.378378378378372
4797,bunt.saar,1000,19,0.0,1.0,3.689544807965858,1.0,1.0,4.335585585585588,3.520625889046933,2.6137980085348573,2.43598862019914,3.413940256045514,5.067567567567565,5.0853485064011394,3.7162162162162176,2.3648648648648702,4.7297297297297405,6.081081081081074,4.7297297297297405,4.391891891891888
343,Die Grünen,1000,19,0.0,0.0,4.033309625414888,1.0,0.0,2.0833333333333335,1.4402560455191917,1.1379800853485094,2.8271692745377024,7.734708392603125,6.436699857752494,4.623044096728307,2.702702702702709,3.0405405405405403,3.0405405405405332,1.689189189189186,0.6756756756756772,1.3513513513513544
4110,CDU,1000,19,0.0,0.0,3.565078236130868,1.0,1.0,3.9414414414414423,1.795874822190612,5.636557610241816,0.7467994310099542,0.3022759601707037,12.339971550497872,0.5689900426742511,3.378378378378379,2.3648648648648702,3.7162162162162176,3.7162162162162176,5.743243243243242,4.729729729729726
395,CDU,1000,19,1.0,0.0,1.5884305357989585,1.0,0.0,3.7162162162162162,0.5334281650071233,1.2980085348506378,2.6493598862019923,3.022759601706973,1.3691322901849219,0.6578947368421026,1.689189189189193,6.081081081081081,4.054054054054056,1.0135135135135016,6.418918918918926,3.0405405405405403
2165,DIE LINKE,1000,19,1.0,1.0,1.67733522996681,0.0,1.0,2.421171171171173,0.4445234708392647,0.5512091038406766,0.3911806543385552,2.1337126600284577,3.840682788051211,2.7027027027026946,3.378378378378379,0.6756756756756914,4.391891891891888,0.6756756756756701,4.391891891891895,1.0135135135135158
475,SPD,1000,19,0.0,1.0,5.612849691797059,0.0,1.0,2.4774774774774833,2.2403982930298625,3.1116642958748173,15.753911806543385,1.6002844950213415,6.738975817923183,4.231863442389766,1.013513513513523,3.0405405405405475,4.7297297297297405,1.0135135135135158,4.729729729729733,0.3378378378378386
746,FDP,1000,19,1.0,1.0,2.2433617828354677,1.0,1.0,2.702702702702709,3.0761024182076824,0.5867709815078399,6.899004267425319,1.6714082503556114,0.604551920341386,0.6223328591749677,7.432432432432428,1.3513513513513615,3.0405405405405403,3.378378378378393,0.3378378378378457,0.6756756756756843
1121,bunt.saar,1000,19,1.0,1.0,5.355026078710288,1.0,1.0,0.5067567567567579,0.12446657183499354,7.574679943100989,10.348506401137975,2.115931721194876,7.6635846372688405,4.30298719772405,0.0,1.0135135135135158,0.0,0.6756756756756772,1.3513513513513544,0.0
5183,Die Grünen,1000,19,1.0,0.0,4.231863442389756,1.0,1.0,3.0405405405405426,2.293741109530579,1.3513513513513473,4.818634423897564,2.5426742532005733,8.339260312944532,6.045519203413939,5.743243243243249,0.6756756756756843,4.391891891891902,0.3378378378378386,3.378378378378372,3.7162162162162105
2176,FDP,1000,19,1.0,1.0,4.706021811284965,1.0,1.0,4.335585585585584,1.4935988620199083,0.7645803698435216,8.303698435277383,0.7645803698435216,15.344950213371263,1.5647226173541924,6.081081081081081,0.0,5.4054054054054035,7.770270270270267,3.7162162162162105,3.0405405405405403
1166,CDU,1000,19,1.0,0.0,1.7929113323850163,1.0,0.0,2.0270270270270268,0.9068278805120897,4.498577524893314,1.0668563300142253,0.21337126600283796,0.16002844950213557,3.911806543385495,4.391891891891888,1.0135135135135087,1.3513513513513544,3.0405405405405403,1.013513513513523,1.3513513513513473
4333,CDU,1000,19,0.0,1.0,1.7751303935514475,1.0,0.0,1.5202702702702713,1.3335704125177799,1.3157894736842124,0.37339971550497353,0.2489331436699942,2.0981507823613086,5.280938833570417,1.0135135135135158,2.3648648648648702,0.0,3.7162162162162176,1.0135135135135087,1.0135135135135158
3291,Die Grünen,1000,19,1.0,0.0,5.953651019440495,1.0,1.0,1.5202702702702677,0.8001422475106708,4.9075391180654435,5.672119487908958,1.4224751066856243,14.704836415362742,8.214793741109531,0.3378378378378386,2.364864864864856,2.7027027027026946,0.3378378378378315,2.702702702702709,0.6756756756756772
2173,CDU,1000,19,0.0,0.0,1.1735419630156454,0.0,0.0,3.7162162162162153,0.32005689900426404,0.9246088193456643,1.1024182076813602,0.6756756756756772,0.7645803698435216,3.2539118065433854,0.3378378378378386,2.3648648648648702,7.770270270270267,1.0135135135135087,7.094594594594589,3.7162162162162176
211,DIE LINKE,1000,19,0.0,1.0,1.822546230440962,1.0,0.0,2.9279279279279287,1.795874822190612,2.578236130867701,0.7645803698435216,0.1422475106685539,4.818634423897578,0.8357041251778057,1.689189189189193,2.3648648648648702,3.378378378378379,0.3378378378378386,6.081081081081081,3.7162162162162105
1132,bunt.saar,1000,19,1.0,1.0,7.236842105263157,1.0,1.0,0.5630630630630643,0.4978662873399671,3.165007112375534,10.25960170697013,3.6806543385490755,16.322901849217644,9.495021337126587,0.6756756756756772,0.3378378378378386,0.6756756756756772,0.6756756756756772,0.6756756756756772,0.3378378378378386
1000,Die Grünen,1000,19,1.0,0.0,6.332977714556662,1.0,1.0,1.1824324324324327,4.071834992887624,0.23115220483641252,8.392603129445234,4.783072546230443,10.91749644381224,9.60170697012802,0.6756756756756772,0.6756756756756772,0.3378378378378386,1.0135135135135158,1.3513513513513402,3.0405405405405475
269,SPD,1000,19,0.0,0.0,4.421526789947844,0.0,0.0,1.745495495495497,8.090327169274545,3.5384068278805074,0.16002844950213557,5.796586059743959,7.165718349928888,1.7780938833570303,0.6756756756756772,2.364864864864863,0.6756756756756701,0.0,4.391891891891902,2.3648648648648702
2985,Die Grünen,1000,19,1.0,1.0,7.666548127074441,1.0,1.0,2.027027027027026,1.0846372688477999,7.876955903271693,7.69914651493599,4.054054054054049,16.429587482219056,8.85490753911806,1.3513513513513473,0.6756756756756772,2.3648648648648702,2.0270270270270174,4.391891891891888,1.3513513513513544
2717,FDP,1000,19,1.0,1.0,3.6688003793266932,1.0,1.0,2.2522522522522515,3.2539118065433854,0.9957325746799484,2.880512091038412,5.334281650071112,7.539118065433843,2.009246088193457,1.3513513513513473,2.3648648648648702,1.689189189189193,3.0405405405405475,0.675675675675663,4.391891891891888
5083,CDU,1000,19,0.0,0.0,3.3665244191559984,0.0,1.0,2.4774774774774797,3.2183499288762576,1.3513513513513473,4.694167852062591,0.08890469416784441,8.143669985775247,2.7027027027027017,4.391891891891888,0.3378378378378386,0.3378378378378386,7.770270270270281,1.3513513513513544,0.6756756756756772
2475,CDU,1000,19,0.0,0.0,2.886439070649594,0.0,0.0,1.9144144144144117,1.6714082503556114,4.285206258890469,0.6756756756756772,3.556187766714082,5.494310099573248,1.6358463726884764,0.3378378378378315,1.0135135135135158,2.7027027027026946,3.0405405405405332,2.702702702702709,1.689189189189186
3552,SPD,1000,19,0.0,1.0,4.320768136557612,0.0,1.0,1.1824324324324327,4.534139402560456,4.783072546230443,1.262446657183503,4.729729729729726,7.539118065433861,3.0761024182076824,1.0135135135135087,1.0135135135135158,0.3378378378378457,1.689189189189186,2.702702702702709,0.3378378378378315
3863,FDP,1000,19,1.0,0.0,5.879563774300618,0.0,1.0,10.304054054054058,7.201280227596023,2.7027027027027017,5.689900426742533,6.721194879089616,6.36557610241821,6.596728307254629,11.148648648648653,8.78378378378379,14.527027027027032,5.4054054054054035,8.445945945945951,13.513513513513516
1681,CDU,1000,19,0.0,1.0,3.5739687055476552,0.0,1.0,2.1959459459459487,2.0803698435277482,5.583214793741114,3.6095305832147915,3.8584637268847786,4.000711237553347,2.3115220483641536,3.7162162162162105,0.3378378378378386,0.3378378378378386,5.405405405405418,0.6756756756756843,2.7027027027027017
2633,Die Grünen,1000,19,1.0,0.0,4.5548838311996205,1.0,0.0,1.5202702702702666,7.147937411095306,1.8847795163584706,1.0490753911806578,3.94736842105263,8.197012802275957,5.1031294452347,1.689189189189186,1.0135135135135087,1.3513513513513402,1.689189189189186,1.0135135135135087,2.3648648648648702
5210,Die Grünen,1000,19,0.0,0.0,6.69452347083926,0.0,1.0,1.4076576576576574,0.49786628733995997,5.032005689900423,8.51706970128022,5.03200568990043,15.57610241820769,5.512091038406837,0.6756756756756843,1.6891891891891788,1.6891891891891788,1.3513513513513544,0.6756756756756914,2.364864864864856
2800,FDP,1000,19,1.0,1.0,3.56211474632527,1.0,1.0,1.1824324324324376,7.254623044096725,6.472261735419629,0.2844950213371291,0.7467994310099471,5.95661450924608,0.6578947368421098,1.0135135135135158,3.0405405405405403,0.6756756756756843,0.6756756756756914,0.6756756756756843,1.0135135135135087
4795,bunt.saar,1000,19,1.0,1.0,3.2983641536273134,1.0,0.0,6.700450450450451,7.965860597439537,0.23115220483641963,3.058321479374108,2.9694167852062634,0.3022759601707037,5.26315789473685,3.378378378378372,3.378378378378386,7.432432432432435,8.108108108108105,8.445945945945944,9.459459459459467
387,FDP,1000,19,1.0,0.0,4.474869606448549,1.0,1.0,0.6756756756756795,1.6714082503556114,1.9203413940255984,6.792318634423893,4.480796586059739,7.734708392603132,4.2496443812233196,1.013513513513523,0.6756756756756843,0.6756756756756701,0.3378378378378386,1.3513513513513544,7.105427357601002e-15
1814,FDP,1000,19,1.0,0.0,9.127548601232817,1.0,1.0,1.63288288288288,6.7389758179231976,6.54338549075392,9.423897581792321,12.357752489331446,10.206258890469414,9.495021337126598,1.3513513513513473,1.689189189189186,2.364864864864863,1.3513513513513402,1.689189189189193,1.3513513513513509
2567,Die Grünen,1000,19,0.0,1.0,3.553224276908484,1.0,1.0,2.2522522522522515,4.2140825035561775,4.623044096728307,4.17852062588905,1.1201991465149348,7.04125177809388,0.1422475106685539,2.364864864864856,1.689189189189193,1.3513513513513402,3.7162162162162176,1.689189189189193,2.702702702702709
2634,bunt.saar,1000,19,0.0,1.0,1.4817449027975396,0.0,1.0,1.8018018018018036,1.262446657183503,0.3911806543385552,0.6756756756756772,0.1955903271692847,2.9694167852062563,3.3961593172119606,0.6756756756756843,1.0135135135135016,0.3378378378378315,2.702702702702709,2.702702702702709,3.378378378378386
3875,FDP,1000,19,1.0,1.0,3.2005689900426746,1.0,0.0,3.941441441441441,1.902560455192038,5.583214793741114,3.378378378378379,2.3648648648648702,1.2980085348506378,4.67638691322901,4.391891891891888,0.6756756756756772,3.378378378378379,9.459459459459467,1.3513513513513544,4.391891891891881
2139,FDP,1000,19,1.0,0.0,3.7102892366050235,1.0,1.0,2.984234234234233,4.089615931721191,1.0312944523470762,2.5248933143669987,3.165007112375534,6.899004267425319,4.551920341394023,3.378378378378379,2.0270270270270245,0.33783783783783505,4.729729729729726,3.0405405405405403,4.391891891891895
2117,DIE LINKE,1000,19,1.0,0.0,7.408724513987674,1.0,0.0,4.842342342342342,2.7204836415362763,1.369132290184929,9.263869132290182,1.653627311522051,15.913940256045514,13.53129445234709,5.743243243243242,1.689189189189193,6.418918918918926,6.418918918918919,0.6756756756756701,8.108108108108105
3406,FDP,1000,19,1.0,1.0,4.605263157894735,1.0,1.0,1.9144144144144182,9.548364153627304,3.840682788051218,0.8890469416785152,8.570412517780937,1.529160739687054,3.2539118065433854,0.3378378378378386,3.378378378378386,2.7027027027027017,0.6756756756756772,2.702702702702709,1.6891891891891966
25,bunt.saar,1000,19,0.0,0.0,6.226292081555244,1.0,0.0,9.009009009009011,0.6223328591749677,3.9651493598862118,8.125889046941687,4.480796586059739,10.384068278805131,9.77951635846373,5.067567567567565,3.7162162162162176,11.486486486486484,9.797297297297298,12.5,11.486486486486498
5139,Die Grünen,1000,19,1.0,1.0,8.522996680891417,1.0,1.0,1.5765765765765767,5.1920341394025655,7.46799431009957,8.036984352773828,4.480796586059739,16.35846372688478,9.60170697012802,0.3378378378378386,1.689189189189186,1.3513513513513402,3.0405405405405475,2.702702702702709,0.3378378378378386
2662,bunt.saar,1000,19,1.0,1.0,3.73992413466098,1.0,1.0,0.9572072072072105,0.21337126600283796,0.16002844950213557,7.556899004267422,4.30298719772405,5.369843527738276,4.8364153627311595,1.0135135135135158,0.6756756756756772,1.689189189189193,7.105427357601002e-15,2.0270270270270174,0.3378378378378528
5221,FDP,1000,19,1.0,1.0,3.944404931247037,1.0,1.0,3.828828828828828,3.307254623044095,0.9779516358463738,4.80085348506401,4.17852062588905,3.5028449502133725,6.899004267425319,0.3378378378378315,5.067567567567565,5.743243243243249,1.689189189189193,2.364864864864863,7.770270270270267
85,Die Grünen,1000,19,1.0,0.0,5.22463252726411,1.0,0.0,0.6756756756756784,1.475817923186355,2.6671408250355597,3.911806543385495,2.6493598862019923,14.206970128022768,6.436699857752494,1.3513513513513473,0.3378378378378457,1.0135135135135158,0.3378378378378386,1.013513513513523,0.0
1837,CDU,1000,19,1.0,1.0,5.094238975817924,0.0,1.0,1.632882882882883,8.285917496443822,0.07112375533427695,0.7112375533428192,10.241820768136563,6.845661450924609,4.409672830725455,2.3648648648648702,2.0270270270270316,1.0135135135135158,1.0135135135135158,0.3378378378378315,3.0405405405405332
3354,CDU,1000,19,1.0,0.0,3.2005689900426773,0.0,0.0,1.8581081081081063,2.0803698435277482,4.640825035561875,2.8271692745377024,1.6714082503556114,4.765291607396875,3.2183499288762505,0.675675675675663,1.0135135135135087,0.6756756756756701,4.729729729729733,2.3648648648648702,1.689189189189193
1296,Die Grünen,1000,19,1.0,0.0,4.119250829777144,0.0,1.0,2.8716216216216233,2.5960170697012828,4.694167852062584,1.0135135135135158,4.765291607396868,9.334992887624459,2.3115220483641536,1.0135135135135087,1.3513513513513544,3.0405405405405475,1.689189189189186,4.054054054054063,6.081081081081081
396,FDP,1000,19,1.0,1.0,1.2091038406827934,1.0,1.0,2.195945945945951,1.0490753911806578,0.8179231863442382,0.3911806543385552,2.275960170697026,0.3022759601707037,2.4182076813655797,4.054054054054063,0.3378378378378457,1.0135135135135087,3.0405405405405546,3.7162162162162176,1.0135135135135158
793,CDU,1000,19,1.0,1.0,2.551564722617357,1.0,1.0,2.4211711711711694,0.6578947368421026,5.03200568990043,1.8492176386913215,4.569701280227605,2.8982930298719793,0.3022759601707037,3.0405405405405332,1.3513513513513473,2.3648648648648702,2.364864864864856,4.054054054054049,1.3513513513513615
2934,FDP,1000,19,1.0,1.0,3.126481744902796,1.0,1.0,1.7454954954954947,6.116642958748223,0.1422475106685539,0.9246088193456643,9.334992887624459,0.8001422475106708,1.440256045519206,1.3513513513513473,1.0135135135135087,0.3378378378378315,1.689189189189193,3.7162162162162176,2.3648648648648702
2059,FDP,1000,19,1.0,1.0,3.7369606448553845,1.0,1.0,1.7454954954954947,4.249644381223341,4.3029871977240575,3.449502133712656,3.698435277382636,1.0490753911806507,5.672119487908965,0.6756756756756701,2.0270270270270316,2.364864864864863,2.3648648648648702,2.0270270270270245,1.0135135135135087
490,bunt.saar,1000,19,1.0,0.0,5.965504978662871,1.0,1.0,2.8716216216216233,3.3250355618776624,2.3826458036984306,6.881223328591744,7.0590327169274545,12.375533428165006,3.769559032716927,4.054054054054056,2.3648648648648702,2.364864864864856,4.391891891891895,1.3513513513513544,2.702702702702709
4374,Die Grünen,1000,19,0.0,0.0,5.86178283546705,0.0,0.0,1.3513513513513509,2.275960170697026,4.249644381223341,7.876955903271693,0.9068278805120897,11.16642958748222,8.694879089615931,1.0135135135135087,2.0270270270270316,0.6756756756756701,1.3513513513513544,2.7027027027027017,0.3378378378378386
3589,FDP,1000,19,1.0,1.0,2.6641773352299687,1.0,1.0,2.308558558558559,5.654338549075405,4.747510668563301,1.9203413940255984,0.5689900426742582,2.3470839260312957,0.7467994310099542,0.0,3.378378378378379,2.0270270270270316,0.3378378378378386,2.0270270270270316,6.081081081081074
3797,Die Grünen,1000,19,1.0,0.0,6.741939307728782,0.0,1.0,2.6463963963963955,3.662873399715501,10.259601706970138,8.285917496443822,2.5248933143669916,6.934566145092461,8.783783783783782,1.0135135135135087,0.3378378378378244,3.0405405405405332,1.3513513513513615,4.729729729729733,5.405405405405411
4496,FDP,1000,19,1.0,0.0,3.141299193930775,1.0,1.0,1.7454954954955006,0.6756756756756772,2.507112375533424,6.081081081081088,5.1209103840682815,4.17852062588905,0.2844950213371291,4.7297297297297405,1.0135135135135158,3.0405405405405475,0.6756756756756772,0.6756756756756772,0.3378378378378457
4543,DIE LINKE,1000,19,0.0,0.0,4.940137505926983,1.0,0.0,2.9279279279279287,3.0405405405405403,2.3648648648648702,9.40611664295875,3.3961593172119535,6.525604551920338,4.9075391180654435,2.364864864864863,1.689189189189193,3.378378378378379,0.3378378378378386,5.4054054054054035,4.391891891891895
2468,SPD,1000,19,1.0,0.0,3.1887150308202976,0.0,0.0,2.871621621621621,0.3911806543385552,1.973684210526315,8.428165007112383,3.1116642958748244,0.9957325746799413,4.231863442389766,6.081081081081074,0.6756756756756772,3.7162162162162176,3.7162162162162105,1.0135135135135158,2.0270270270270316
1472,CDU,1000,19,1.0,0.0,3.9295874822190604,1.0,0.0,3.209459459459463,3.5739687055476637,4.2496443812233196,10.366287339971542,0.4800853485063925,0.5156472261735487,4.391891891891895,1.0135135135135087,3.378378378378393,5.4054054054054035,4.054054054054063,0.3378378378378386,5.067567567567572
4879,CDU,1000,19,1.0,1.0,2.7056661925082977,1.0,0.0,1.5765765765765754,3.307254623044095,2.5248933143669916,1.546941678520632,2.5960170697012828,5.4765291607396875,0.7823613086770962,1.689189189189193,1.0135135135135158,1.3513513513513473,2.7027027027026946,2.364864864864863,0.3378378378378386
3884,CDU,1000,19,1.0,1.0,3.9710763394973925,1.0,1.0,1.5765765765765778,4.978662873399728,1.7780938833570303,0.32005689900426404,6.152204836415365,5.921052631578952,4.676386913229017,0.6756756756756772,2.0270270270270316,0.6756756756756701,2.702702702702709,0.6756756756756772,2.7027027027027017
2625,bunt.saar,1000,19,1.0,1.0,6.857515410146985,1.0,1.0,1.970720720720724,1.404694167852064,3.982930298719765,7.6635846372688405,7.112375533428157,14.86486486486487,6.116642958748216,1.0135135135135158,3.378378378378379,1.3513513513513544,2.0270270270270316,2.702702702702709,1.3513513513513544
4819,FDP,1000,19,0.0,1.0,2.939781887150307,1.0,1.0,3.1531531531531543,1.0312944523470833,2.2048364153627347,6.792318634423893,1.3335704125177799,5.743243243243242,0.5334281650071091,3.7162162162162176,5.067567567567565,2.0270270270270316,1.689189189189193,2.0270270270270245,4.391891891891895
2269,bunt.saar,1000,19,0.0,0.0,6.08108108108108,0.0,0.0,3.265765765765766,2.9694167852062563,6.169985775248925,4.996443812233288,2.1337126600284577,11.255334281650065,8.961593172119485,0.6756756756756772,0.3378378378378386,3.7162162162162176,3.0405405405405475,6.756756756756751,5.067567567567565
4329,DIE LINKE,1000,19,1.0,0.0,4.300023707918445,1.0,0.0,1.6891891891891895,7.770270270270274,3.2894736842105345,3.1827880512090942,1.8847795163584706,5.867709815078236,3.805120910384062,0.0,1.689189189189186,2.7027027027027017,0.3378378378378386,4.729729729729726,0.6756756756756843
3968,FDP,1000,19,1.0,1.0,3.348743480322426,1.0,1.0,2.421171171171173,2.4537695590327075,3.662873399715501,0.46230440967283215,3.591749644381224,5.049786628733997,4.871977240398294,2.7027027027027017,1.3513513513513544,2.027027027027028,5.405405405405411,2.027027027027028,1.0135135135135158
3095,CDU,1000,19,1.0,1.0,2.3026315789473677,1.0,1.0,0.9572072072072094,3.769559032716927,0.5512091038406766,1.1024182076813673,4.960881934566139,0.053342816500716594,3.378378378378379,1.6891891891891788,0.0,0.6756756756756772,3.0405405405405546,0.3378378378378457,0.0
4203,FDP,1000,19,0.0,1.0,4.667496443812237,1.0,1.0,1.7454954954954964,5.192034139402573,2.1692745376955926,2.9694167852062634,8.890469416785209,6.347795163584642,2.43598862019914,1.013513513513523,1.3513513513513473,3.378378378378379,1.0135135135135087,3.0405405405405403,0.6756756756756808
1761,bunt.saar,1000,19,1.0,0.0,3.2153864390706524,1.0,0.0,7.48873873873874,3.485064011379805,6.027738264580371,4.17852062588905,1.2446657183499354,0.2844950213371291,4.071834992887624,1.013513513513523,6.081081081081074,12.837837837837846,2.3648648648648702,12.162162162162161,10.472972972972968
906,CDU,1000,19,1.0,0.0,3.2361308677098157,1.0,0.0,1.5202702702702748,2.916073968705547,0.9601706970128063,0.3022759601706895,9.512802275960176,1.262446657183503,4.463015647226172,2.702702702702709,3.378378378378386,0.3378378378378457,1.0135135135135087,0.6756756756756843,1.0135135135135158
3233,bunt.saar,1000,19,1.0,0.0,4.788999525841631,1.0,0.0,2.308558558558564,0.49786628733995997,1.6714082503556114,6.738975817923183,3.200568990042669,7.681365576102436,8.943812233285925,0.6756756756756843,4.391891891891881,1.0135135135135158,0.3378378378378386,1.01351351351353,6.4189189189189335
1329,SPD,1000,19,0.0,0.0,2.9812707444286346,0.0,1.0,2.252252252252255,0.16002844950213557,3.556187766714082,0.26671408250354744,3.805120910384062,5.618776671408241,4.480796586059739,5.067567567567579,1.689189189189193,3.7162162162162176,1.0135135135135087,0.0,2.0270270270270316
4238,bunt.saar,1000,19,1.0,0.0,3.994784257942154,1.0,1.0,2.4211711711711708,1.0135135135135087,2.6315789473684177,2.4893314366998567,5.654338549075398,8.641536273115221,3.5384068278805216,3.0405405405405475,3.0405405405405332,2.702702702702709,1.3513513513513473,2.702702702702709,1.6891891891891788
4532,CDU,1000,19,1.0,0.0,2.877548601232815,0.0,0.0,5.686936936936935,1.0312944523470904,1.1201991465149348,1.2446657183499354,6.881223328591759,2.5248933143669916,4.463015647226179,2.3648648648648702,7.0945945945945965,6.0810810810810665,7.770270270270274,5.4054054054054035,5.4054054054054035
5028,CDU,1000,19,0.0,0.0,3.0435040303461327,1.0,1.0,3.2094594594594597,2.187055476529153,0.21337126600283796,3.1827880512090942,2.151493598862025,7.201280227596023,3.3250355618776624,4.054054054054056,1.0135135135135158,4.391891891891888,2.364864864864863,5.067567567567565,2.3648648648648702
3629,CDU,1000,19,0.0,0.0,5.343172119487911,0.0,1.0,3.4346846846846852,14.91820768136558,1.9914651493598896,3.271692745376953,1.4224751066856385,3.165007112375534,7.290184921763874,1.0135135135135087,3.0405405405405475,2.364864864864863,7.432432432432435,1.689189189189186,5.067567567567572
3812,CDU,1000,19,1.0,0.0,4.086652441915603,1.0,1.0,3.32207207207207,2.8982930298719793,2.151493598862025,1.6358463726884764,7.503556187766712,5.369843527738269,4.960881934566153,1.689189189189193,3.378378378378372,4.391891891891888,3.378378378378372,1.0135135135135087,6.081081081081088
1326,DIE LINKE,1000,19,1.0,1.0,1.27430061640588,1.0,1.0,1.5765765765765813,0.8357041251778057,2.3115220483641536,1.6714082503556185,1.8136557610241795,0.426742532005683,0.5867709815078399,3.378378378378372,2.3648648648648702,1.013513513513523,1.3513513513513615,0.0,1.3513513513513615
5059,DIE LINKE,1000,19,0.0,1.0,3.4702465623518286,1.0,0.0,1.238738738738738,3.165007112375541,3.9118065433855023,6.241109530583209,1.5291607396870575,4.071834992887624,1.902560455192038,2.7027027027026946,0.3378378378378386,0.3378378378378386,1.0135135135135158,1.0135135135135087,2.0270270270270316
2169,CDU,1000,19,1.0,0.0,2.5130393551446146,1.0,0.0,2.421171171171172,0.4267425320056759,3.662873399715501,0.9957325746799413,2.7382645803698438,4.391891891891895,2.86273115220483,0.0,1.689189189189193,1.689189189189186,7.770270270270267,3.378378378378386,0.0
4136,FDP,1000,19,1.0,1.0,1.3483878615457552,1.0,1.0,4.842342342342341,2.7027027027026946,0.142247510668561,0.7645803698435216,2.2759601706970187,1.8847795163584635,0.32005689900427114,6.418918918918905,5.067567567567565,4.054054054054056,1.0135135135135158,6.081081081081081,6.418918918918919
3507,CDU,1000,19,0.0,0.0,4.344476055002372,0.0,0.0,9.17792792792793,5.51209103840683,1.1024182076813673,4.267425320056894,11.397581792318633,2.5426742532005733,1.2446657183499354,0.6756756756756772,11.486486486486491,13.513513513513509,7.770270270270267,9.45945945945946,12.162162162162176
233,CDU,1000,19,0.0,1.0,2.521929824561403,1.0,1.0,1.0698198198198174,3.342816500711244,1.3513513513513473,2.507112375533424,2.115931721194869,4.854196301564727,0.9601706970128063,0.0,0.3378378378378386,0.3378378378378315,3.0405405405405403,1.689189189189186,1.0135135135135087
1355,CDU,1000,19,0.0,1.0,2.779753437648175,1.0,1.0,1.4639639639639614,3.9651493598862118,0.7112375533428192,1.1735419630156443,5.583214793741114,1.831436699857747,3.413940256045514,0.6756756756756701,1.689189189189193,1.689189189189186,2.364864864864856,1.3513513513513473,1.0135135135135158
2554,CDU,1000,19,1.0,0.0,2.4982219061166453,1.0,0.0,3.378378378378374,1.1201991465149348,0.7467994310099613,4.765291607396875,1.1201991465149348,2.151493598862025,5.0853485064011394,0.675675675675663,5.067567567567565,2.7027027027026946,2.7027027027026946,7.432432432432435,1.689189189189193
4833,Die Grünen,1000,19,1.0,1.0,5.1357278330962535,1.0,1.0,1.0698198198198163,0.23115220483641252,5.974395448079662,6.596728307254622,1.440256045519206,10.081792318634413,6.490042674253203,0.3378378378378386,1.689189189189193,0.0,1.689189189189186,1.0135135135135016,1.6891891891891788
2501,Die Grünen,1000,19,1.0,0.0,5.04682313892841,1.0,0.0,3.2657657657657686,1.475817923186355,1.760312944523477,4.747510668563301,4.711948790896166,12.606685633001433,4.978662873399728,5.743243243243249,3.0405405405405403,4.054054054054056,0.3378378378378386,3.378378378378386,3.0405405405405403
4894,bunt.saar,1000,19,1.0,0.0,7.358345187292554,1.0,1.0,2.927927927927931,1.404694167852064,2.2403982930298625,16.714082503556178,4.17852062588905,10.864153627311524,8.748221906116648,3.7162162162162176,3.7162162162162176,3.7162162162162176,0.3378378378378386,2.3648648648648702,3.7162162162162247
845,CDU,1000,19,1.0,0.0,2.7056661925082963,1.0,1.0,3.3783783783783776,3.982930298719765,1.5291607396870575,3.1827880512090942,3.876244665718353,3.4672830725462234,0.1955903271692847,1.689189189189186,2.702702702702709,5.067567567567565,1.689189189189186,4.729729729729726,4.391891891891895
77,DIE LINKE,1000,19,0.0,1.0,2.9605263157894774,0.0,1.0,1.2950450450450408,0.3911806543385552,4.107396870554766,1.4224751066856385,2.1692745376955926,8.570412517780944,1.1024182076813673,0.6756756756756701,2.3648648648648702,0.675675675675663,0.3378378378378315,0.3378378378378386,3.378378378378372
223,FDP,1000,19,1.0,1.0,4.314841156946419,1.0,1.0,3.153153153153152,4.87197724039828,0.6756756756756772,3.733997155049785,8.392603129445234,4.036273115220489,4.17852062588905,0.3378378378378386,3.378378378378379,3.378378378378379,2.0270270270270174,4.054054054054056,5.743243243243242
3687,CDU,1000,19,1.0,1.0,1.1468705547652907,1.0,0.0,3.4346846846846817,2.2226173541963163,1.1557610241820626,0.4800853485063925,0.07112375533427695,1.5291607396870575,1.4224751066856385,2.3648648648648702,3.378378378378372,4.391891891891888,0.675675675675663,5.405405405405411,4.391891891891888
869,FDP,1000,19,0.0,1.0,3.8229018492176423,1.0,1.0,5.743243243243242,3.058321479374115,0.8534850640113874,4.285206258890469,1.9381223328591872,9.708392603129447,3.09388335704125,5.067567567567565,7.432432432432435,6.756756756756758,6.081081081081074,3.0405405405405403,6.081081081081081
4859,FDP,1000,19,0.0,1.0,3.6688003793266986,1.0,0.0,2.25225225225225,0.9601706970128063,9.050497866287344,0.6578947368421098,4.320768136557611,4.569701280227605,2.4537695590327147,3.378378378378379,1.689189189189186,3.7162162162162176,1.0135135135135016,1.3513513513513544,2.364864864864863
1757,FDP,1000,19,1.0,1.0,1.5587956377430032,0.0,1.0,1.5202702702702713,2.720483641536269,2.7916073968705533,0.7290184921763796,2.115931721194869,0.053342816500716594,0.9423897581792318,1.01351351351353,2.364864864864856,0.6756756756756843,1.3513513513513402,1.0135135135135087,2.702702702702709
2028,Die Grünen,1000,19,1.0,1.0,7.3820531057373175,1.0,1.0,0.9009009009009018,2.6849217638691414,4.516358463726888,7.681365576102436,7.325746799431009,9.939544807965845,12.144381223328587,1.3513513513513544,0.6756756756756843,2.0270270270270174,0.3378378378378386,1.0135135135135158,0.0
4691,Die Grünen,1000,19,0.0,0.0,3.348743480322424,0.0,1.0,3.6599099099099135,3.02275960170698,0.46230440967282505,6.543385490753906,0.3378378378378386,5.156472261735402,4.569701280227591,3.0405405405405475,1.3513513513513544,3.0405405405405475,6.081081081081081,4.391891891891902,4.054054054054049
3224,Die Grünen,1000,19,0.0,0.0,2.844950213371264,0.0,0.0,3.2657657657657615,0.4800853485063925,7.716927453769557,0.9423897581792318,2.489331436699864,0.37339971550497353,5.067567567567565,2.0270270270270245,0.3378378378378386,4.391891891891881,4.729729729729726,4.729729729729719,3.378378378378379
2903,Die Grünen,1000,19,0.0,0.0,4.169630156472262,1.0,0.0,1.6891891891891884,1.2446657183499354,0.32005689900426404,6.365576102418217,0.46230440967283215,6.987908961593163,9.637268847795163,0.0,2.3648648648648702,2.0270270270270174,2.7027027027026946,1.3513513513513686,1.6891891891891788
4712,FDP,1000,19,1.0,1.0,2.3470839260312957,1.0,1.0,3.0405405405405403,3.94736842105263,5.725462304409675,0.9423897581792389,1.4046941678520568,0.6223328591749677,1.440256045519206,2.7027027027026946,4.729729729729726,3.7162162162162176,3.378378378378386,1.3513513513513544,2.364864864864863
5130,FDP,1000,19,1.0,1.0,10.318871503082027,1.0,1.0,11.204954954954957,6.810099573257467,10.064011379800853,11.024182076813652,11.610953058321478,8.32147937411095,14.082503556187767,2.0270270270270245,13.175675675675677,15.878378378378379,7.770270270270267,11.148648648648653,17.229729729729733
3901,FDP,1000,19,1.0,0.0,3.2746562351825523,1.0,1.0,1.5765765765765731,3.6450924608819264,2.471550497866289,0.5156472261735487,7.076813655761022,4.000711237553347,1.9381223328591801,2.7027027027027017,1.0135135135135158,1.3513513513513544,2.0270270270270174,2.0270270270270174,0.3378378378378315
501,FDP,1000,19,1.0,0.0,3.553224276908485,1.0,1.0,1.5765765765765754,5.814366998577526,0.26671408250354744,3.307254623044102,2.187055476529153,8.97937411095306,0.7645803698435216,3.0405405405405475,0.6756756756756701,2.0270270270270174,2.7027027027026946,1.013513513513523,0.0
1020,CDU,1000,19,1.0,0.0,5.523944997629205,1.0,0.0,2.4774774774774784,1.5647226173541924,1.7780938833570303,9.352773826458034,1.2268847795163538,13.21123755334282,6.009957325746804,3.378378378378379,1.3513513513513473,3.0405405405405332,3.7162162162162176,2.702702702702709,0.6756756756756843
1643,Die Grünen,1000,19,0.0,0.0,4.465979137031774,0.0,0.0,4.2229729729729755,2.2226173541963092,3.5739687055476637,5.192034139402573,6.667852062588906,5.0853485064011394,4.054054054054056,2.0270270270270316,3.7162162162162176,2.702702702702709,5.743243243243242,6.081081081081081,5.067567567567572
3043,bunt.saar,1000,19,0.0,0.0,6.341868183973445,1.0,1.0,2.027027027027023,1.4580369843527734,2.0270270270270316,9.334992887624459,7.21906116642959,9.95732574679942,8.054765291607396,2.364864864864863,1.013513513513523,0.3378378378378244,5.743243243243235,1.3513513513513402,1.3513513513513544
3950,CDU,1000,19,0.0,0.0,3.588786154575626,0.0,1.0,4.954954954954954,0.8890469416785152,4.302987197724036,3.2894736842105274,2.7382645803698438,7.645803698435273,2.6671408250355597,5.743243243243249,3.378378378378372,3.7162162162162176,7.094594594594589,4.729729729729726,5.067567567567572
3742,FDP,1000,19,1.0,1.0,9.169037458511141,1.0,1.0,7.939189189189186,8.197012802275957,9.992887624466569,8.748221906116648,6.578947368421055,14.384779516358464,7.112375533428157,0.6756756756756772,8.108108108108105,10.810810810810814,8.108108108108098,10.810810810810807,9.121621621621614
217,CDU,1000,19,0.0,1.0,2.6404694167852063,0.0,0.0,1.632882882882889,2.258179231863444,1.8492176386913215,3.5028449502133725,2.5426742532005733,5.0853485064011394,0.604551920341386,0.6756756756756843,3.0405405405405403,1.6891891891892001,0.6756756756756843,2.7027027027027017,1.013513513513523
482,bunt.saar,1000,19,1.0,0.0,5.295756282598383,1.0,1.0,1.0698198198198174,5.067567567567565,2.4537695590327075,4.854196301564727,2.987197724039838,12.71337126600283,3.698435277382629,0.6756756756756701,1.0135135135135158,0.3378378378378386,0.6756756756756843,2.7027027027026946,1.0135135135135016
4810,CDU,1000,19,0.0,0.0,2.996088193456617,1.0,0.0,1.1261261261261286,2.791607396870546,0.8179231863442382,1.7069701280227676,1.9025604551920452,8.410384068278809,2.3470839260312957,0.6756756756756772,1.0135135135135087,0.0,1.3513513513513686,1.3513513513513544,2.364864864864863
4740,CDU,1000,19,1.0,1.0,3.002015173067805,1.0,0.0,2.252252252252253,2.5960170697012828,1.2980085348506378,9.03271692745377,0.6756756756756772,3.9118065433855023,0.49786628733995997,0.0,2.0270270270270245,1.0135135135135158,5.405405405405411,1.013513513513523,4.054054054054042
4927,bunt.saar,1000,19,0.0,1.0,6.051446183025129,0.0,1.0,1.970720720720723,4.17852062588905,2.5960170697012828,5.494310099573248,7.770270270270274,9.03271692745377,7.23684210526315,1.013513513513523,0.0,3.0405405405405403,1.0135135135135158,2.7027027027027017,4.054054054054056
4375,FDP,1000,19,0.0,1.0,3.861427216690378,1.0,1.0,5.292792792792789,7.325746799431009,1.2980085348506378,3.1827880512091085,7.112375533428171,2.9694167852062634,1.2802275960170775,0.6756756756756772,8.445945945945944,5.743243243243235,6.081081081081074,2.0270270270270245,8.783783783783782
1153,FDP,1000,19,0.0,0.0,4.531175912754862,0.0,0.0,3.6599099099099086,10.277382645803698,7.503556187766712,0.8712660028449548,0.5156472261735487,7.681365576102422,0.3378378378378386,1.689189189189186,6.418918918918912,5.743243243243235,0.6756756756756843,3.378378378378379,4.054054054054056
3169,bunt.saar,1000,19,1.0,0.0,5.553579895685156,1.0,1.0,2.8716216216216224,5.636557610241816,4.142958748221901,8.534850640113788,2.987197724039838,6.223328591749635,5.796586059743959,0.0,2.702702702702709,5.067567567567579,4.054054054054042,4.054054054054049,1.3513513513513544
5180,CDU,1000,19,1.0,0.0,5.88549075391181,1.0,1.0,2.0833333333333335,3.0761024182076895,6.258890469416791,8.108108108108105,3.556187766714082,9.174964438122338,5.138691322901856,3.7162162162162247,3.378378378378379,0.3378378378378315,1.689189189189186,1.689189189189193,1.689189189189186
1464,FDP,1000,19,1.0,1.0,4.815670934091987,1.0,1.0,3.040540540540539,2.8982930298719793,2.507112375533424,9.566145092460879,2.0270270270270316,9.88620199146515,2.009246088193457,3.378378378378379,1.0135135135135158,3.378378378378372,5.4054054054054035,3.7162162162162176,1.3513513513513473
3911,CDU,1000,19,1.0,1.0,4.314841156946424,1.0,1.0,1.407657657657655,0.9423897581792318,2.2226173541963092,6.205547652916081,3.3961593172119535,9.672830725462298,3.44950213371267,2.364864864864863,1.0135135135135087,0.6756756756756843,2.364864864864856,1.3513513513513473,0.6756756756756701
5027,CDU,1000,19,0.0,1.0,2.9871977240398295,0.0,0.0,1.4076576576576596,3.2183499288762576,0.8890469416785152,0.8890469416785152,8.926031294452343,3.165007112375541,0.8357041251778057,0.3378378378378457,2.3648648648648702,2.3648648648648702,0.0,2.7027027027026946,0.6756756756756772
1151,FDP,1000,19,1.0,1.0,3.8821716453295427,1.0,1.0,2.9279279279279273,0.2844950213371291,3.09388335704125,3.8051209103840655,8.463726884779526,2.987197724039838,4.658605974395449,3.378378378378379,4.391891891891888,2.3648648648648596,1.3513513513513544,2.3648648648648702,3.716216216216214
2151,SPD,1000,19,0.0,0.0,3.6362019914651484,0.0,0.0,3.603603603603601,0.3911806543385552,6.3122332859175,5.636557610241823,1.1557610241820626,6.703413940256041,1.618065433854909,0.6756756756756772,3.378378378378379,4.391891891891888,3.378378378378372,7.432432432432421,2.3648648648648702
3867,bunt.saar,1000,19,1.0,0.0,4.809743954480793,1.0,0.0,1.1824324324324327,0.426742532005683,1.0135135135135087,8.943812233285918,4.676386913229017,9.281650071123742,4.516358463726888,1.3513513513513473,1.3513513513513615,1.3513513513513615,2.0270270270270245,0.0,1.0135135135135016
2019,Die Grünen,1000,19,0.0,0.0,6.922712185870083,0.0,0.0,4.7860360360360374,3.1116642958748244,6.756756756756758,10.91749644381224,0.6578947368421098,9.903982930298717,10.188477951635846,4.391891891891895,2.364864864864863,7.432432432432435,3.378378378378379,5.4054054054054035,5.743243243243249
3284,CDU,1000,19,1.0,0.0,2.2789236605026004,1.0,0.0,1.8581081081081052,0.40896159317210845,2.115931721194869,0.5689900426742511,5.8321479374110865,1.2268847795163538,3.520625889046933,0.675675675675663,5.4054054054054035,2.7027027027027017,0.6756756756756772,1.3513513513513473,0.3378378378378386
749,Die Grünen,1000,19,1.0,1.0,8.914177335229967,1.0,1.0,2.027027027027028,0.053342816500716594,8.499288762446653,11.87766714082504,4.818634423897578,16.411806543385495,11.824324324324323,3.0405405405405403,0.3378378378378457,2.702702702702709,0.6756756756756701,3.7162162162162105,1.689189189189193
4112,Die Grünen,1000,19,1.0,1.0,7.150900900900904,1.0,1.0,3.265765765765766,1.653627311522051,6.934566145092461,7.112375533428178,4.142958748221908,13.53129445234709,9.530583214793737,4.729729729729733,0.6756756756756701,4.7297297297297405,2.0270270270270316,4.729729729729726,2.7027027027026946
2253,CDU,1000,19,1.0,0.0,6.896040777619722,1.0,0.0,1.6328828828828807,0.284495021337122,9.388335704125183,5.903271692745371,5.156472261735409,12.482219061166433,8.161450924608815,2.0270270270270174,0.6756756756756772,1.3513513513513544,0.0,4.054054054054049,1.689189189189186
4677,CDU,1000,19,1.0,0.0,4.495614035087718,0.0,1.0,5.292792792792791,1.3157894736842124,4.978662873399713,3.6450924608819335,3.236130867709818,12.606685633001415,1.1913229018492189,0.3378378378378386,2.0270270270270245,7.432432432432428,7.432432432432435,8.783783783783782,5.743243243243235
4291,bunt.saar,1000,19,1.0,0.0,3.846609767662399,1.0,0.0,6.250000000000001,6.98790896159317,3.378378378378379,1.973684210526315,7.3790896159317185,2.222617354196302,1.1379800853485094,10.472972972972975,4.054054054054056,5.067567567567565,8.783783783783782,6.081081081081081,3.0405405405405475
2246,Die Grünen,1000,19,0.0,0.0,8.685988620199145,1.0,1.0,3.153153153153157,4.658605974395456,4.818634423897571,13.068990042674258,1.7069701280227534,14.63371266002845,13.22901849217638,1.689189189189193,1.6891891891892001,5.743243243243256,2.364864864864863,4.729729729729733,2.7027027027026946
4088,CDU,1000,19,1.0,0.0,4.809743954480795,1.0,0.0,1.6328828828828865,1.1024182076813673,6.934566145092461,2.6493598862019923,0.26671408250354744,11.095305832147936,6.810099573257467,1.3513513513513686,4.054054054054049,0.3378378378378315,1.013513513513523,2.0270270270270245,1.013513513513523
680,bunt.saar,1000,19,1.0,1.0,2.4804409672830716,1.0,1.0,0.9572072072072118,0.9068278805120897,1.7780938833570303,5.26315789473685,5.2275960170697005,0.5689900426742582,1.1379800853485023,0.3378378378378457,0.3378378378378386,1.689189189189193,0.6756756756756843,1.689189189189193,1.0135135135135158
1907,Die Grünen,1000,19,0.0,0.0,7.30203888098625,0.0,1.0,0.9009009009009006,0.9779516358463738,7.62802275960172,11.575391180654336,3.058321479374108,15.291607396870546,5.280938833570417,1.0135135135135158,0.3378378378378244,2.0270270270270316,1.0135135135135158,1.0135135135135158,0.0
2268,FDP,1000,19,0.0,1.0,6.759720246562349,1.0,1.0,1.4076576576576596,2.9338549075391214,8.55263157894737,6.490042674253196,8.25035561877666,3.7873399715504945,10.544096728307252,1.689189189189186,0.3378378378378386,1.3513513513513473,3.0405405405405546,0.6756756756756772,1.3513513513513544
1611,SPD,1000,19,0.0,0.0,4.5548838311996205,0.0,1.0,1.745495495495496,4.996443812233295,3.1827880512090942,2.6137980085348573,2.4182076813655797,7.2724039829302995,6.845661450924595,4.054054054054063,0.6756756756756772,2.0270270270270245,3.0405405405405475,0.3378378378378386,0.3378378378378244
3502,CDU,1000,19,1.0,0.0,4.021455666192508,1.0,1.0,0.6193693693693673,0.0889046941678373,4.036273115220489,3.5384068278805074,0.5334281650071233,8.499288762446653,7.432432432432435,0.0,1.3513513513513473,1.0135135135135087,1.0135135135135087,0.0,0.3378378378378386
750,FDP,1000,19,1.0,1.0,3.35467045993362,1.0,1.0,0.957207207207207,8.499288762446653,5.387624466571836,1.404694167852064,0.6401137980085352,2.8271692745377024,1.369132290184929,2.0270270270270316,0.0,1.0135135135135158,2.364864864864856,0.3378378378378386,0.0
2677,FDP,1000,19,1.0,0.0,4.220009483167378,1.0,1.0,4.166666666666665,4.445234708392597,4.267425320056894,3.769559032716934,5.5476529160739645,5.618776671408256,1.671408250355622,3.378378378378393,2.7027027027027017,4.391891891891888,6.418918918918912,3.040540540540526,5.067567567567568
4902,CDU,1000,19,0.0,1.0,2.803461356092935,0.0,1.0,2.0270270270270294,8.659317211948796,2.5604551920341407,0.4267425320056901,3.058321479374108,0.6578947368421026,1.4580369843527734,0.3378378378378528,1.3513513513513473,4.054054054054049,2.702702702702709,0.6756756756756772,3.0405405405405403
206,SPD,1000,19,1.0,0.0,3.3872688477951605,1.0,0.0,1.85810810810811,2.1692745376955855,3.662873399715501,7.112375533428171,0.5689900426742511,0.0889046941678373,6.721194879089616,5.4054054054054035,0.3378378378378457,1.3513513513513615,1.3513513513513473,0.3378378378378386,2.364864864864863
1549,FDP,1000,19,1.0,0.0,5.275011853959218,1.0,1.0,3.7162162162162176,8.25035561877666,5.174253200568991,1.546941678520625,8.677098150782356,4.463015647226172,3.5384068278805074,0.0,4.054054054054056,5.743243243243242,1.689189189189193,5.405405405405411,5.4054054054054035
440,bunt.saar,1000,19,1.0,0.0,7.1834992887624445,1.0,0.0,8.671171171171173,2.0625889046941666,2.0981507823613015,9.743954480796589,3.556187766714089,18.456614509246087,7.183499288762434,6.756756756756758,1.689189189189193,11.486486486486484,9.121621621621621,12.500000000000007,10.472972972972968
1390,bunt.saar,1000,19,1.0,0.0,6.833807491702227,1.0,1.0,2.308558558558552,0.32005689900427114,2.3826458036984306,9.157183499288756,6.401137980085345,14.366998577524889,8.374822190611667,1.3513513513513473,1.3513513513513402,2.7027027027026946,2.364864864864863,2.7027027027026946,3.378378378378372
2647,CDU,1000,19,1.0,0.0,1.813655761024177,1.0,0.0,5.855855855855857,2.115931721194869,0.3378378378378386,2.7027027027027017,3.59174964438121,1.3869132290184893,0.7467994310099542,5.067567567567565,6.756756756756758,7.0945945945945965,5.067567567567579,6.756756756756758,4.391891891891888
3152,FDP,1000,19,0.0,0.0,5.713608345187295,0.0,1.0,1.0698198198198188,7.201280227596023,3.413940256045514,2.880512091038412,10.188477951635846,6.596728307254629,4.000711237553347,1.3513513513513473,0.3378378378378315,0.0,2.364864864864856,1.689189189189193,0.6756756756756843
1948,bunt.saar,1000,19,1.0,1.0,6.205547652916073,1.0,1.0,1.9144144144144164,0.7467994310099613,5.672119487908951,7.539118065433854,2.489331436699864,12.482219061166425,8.303698435277383,2.7027027027027017,0.6756756756756772,2.702702702702709,3.378378378378379,1.689189189189193,0.3378378378378386
3234,bunt.saar,1000,19,1.0,0.0,2.6226884779516375,1.0,0.0,2.364864864864863,1.8847795163584706,4.231863442389766,1.6358463726884764,2.9694167852062634,4.534139402560456,0.4800853485063925,0.0,2.364864864864863,3.0405405405405332,1.0135135135135158,4.054054054054042,3.7162162162162247
2535,CDU,1000,19,1.0,0.0,1.6299193930772884,1.0,0.0,5.4054054054054035,0.8534850640113874,0.32005689900426404,1.6714082503556185,0.8179231863442382,3.0761024182076824,3.0405405405405403,4.391891891891888,5.067567567567565,3.7162162162162176,3.7162162162162176,7.770270270270267,7.770270270270267
2103,CDU,1000,19,1.0,0.0,4.806780464675199,1.0,0.0,1.5765765765765802,0.26671408250354744,3.8584637268847715,7.432432432432435,9.726173541963021,6.116642958748223,1.4402560455191917,2.3648648648648702,2.3648648648648702,1.013513513513523,1.3513513513513544,0.6756756756756772,1.689189189189186
2273,bunt.saar,1000,19,1.0,1.0,3.994784257942154,1.0,1.0,3.09684684684685,2.471550497866282,3.3961593172119606,2.400426742531998,5.636557610241816,9.868421052631582,0.1955903271692847,3.378378378378393,4.054054054054063,0.6756756756756772,7.770270270270274,2.7027027027026946,0.0
4339,bunt.saar,1000,19,1.0,1.0,5.915125651967756,1.0,1.0,0.6193693693693696,2.5248933143669987,5.7254623044096675,7.325746799431002,1.9559032716927476,9.886201991465143,8.072546230440977,1.3513513513513473,1.0135135135135158,0.0,0.0,0.3378378378378386,1.0135135135135158
2540,FDP,1000,19,1.0,1.0,4.113323850165956,1.0,1.0,5.123873873873873,0.35561877667140607,1.3513513513513473,7.1657183499288735,1.8847795163584777,5.4409672830725455,8.481507823613086,2.364864864864863,1.0135135135135087,9.121621621621621,4.729729729729726,5.067567567567572,8.445945945945951
2556,bunt.saar,1000,19,0.0,0.0,5.349099099099099,0.0,0.0,2.364864864864863,0.9423897581792318,6.258890469416791,3.0405405405405332,4.925320056899011,10.579658605974402,6.347795163584628,1.3513513513513473,1.0135135135135158,1.0135135135135016,2.7027027027027017,4.054054054054063,4.054054054054049
3212,FDP,1000,19,0.0,0.0,7.2368421052631575,1.0,1.0,5.292792792792793,1.4580369843527734,0.7823613086771033,15.878378378378379,11.78876244665718,5.7610241820768096,7.752489331436703,3.0405405405405403,5.405405405405411,8.445945945945944,0.3378378378378386,6.081081081081081,8.44594594594594
123,CDU,1000,19,1.0,0.0,3.3220720720720713,1.0,0.0,2.984234234234235,0.17780938833571014,3.378378378378379,2.115931721194869,1.724751066856328,9.88620199146515,2.6493598862019923,5.405405405405411,3.378378378378379,1.3513513513513473,4.729729729729733,2.364864864864863,0.6756756756756772
4407,SPD,1000,19,0.0,0.0,4.451161688003796,0.0,1.0,0.7882882882882877,0.9246088193456643,1.3335704125177799,8.890469416785209,2.951635846372696,8.60597439544808,4.000711237553347,0.3378378378378386,0.0,0.0,2.364864864864856,0.0,2.0270270270270316
4523,bunt.saar,1000,19,1.0,0.0,7.278330962541486,1.0,0.0,0.9009009009009018,5.0497866287340045,1.7780938833570303,7.930298719772409,6.241109530583209,15.291607396870546,7.3790896159317185,0.3378378378378386,1.3513513513513544,0.3378378378378386,2.0270270270270245,0.0,1.3513513513513544
10,bunt.saar,1000,19,1.0,1.0,5.203888098624939,1.0,1.0,2.1396396396396375,0.9601706970127921,7.361308677098151,7.965860597439544,3.058321479374108,9.708392603129454,2.1692745376955855,4.391891891891902,3.378378378378372,1.0135135135135016,2.0270270270270316,1.3513513513513544,0.675675675675663
3759,Die Grünen,1000,19,0.0,0.0,6.507823613086766,1.0,1.0,1.970720720720718,0.12446657183499354,1.1201991465149348,11.308677098150774,2.9694167852062563,10.95305832147936,12.571123755334277,2.0270270270270316,2.7027027027026946,2.364864864864856,0.6756756756756772,2.364864864864863,1.689189189189186
977,bunt.saar,1000,19,1.0,1.0,4.362256993835941,1.0,0.0,9.403153153153154,3.3961593172119535,1.2446657183499354,8.232574679943099,1.7069701280227534,6.881223328591744,4.711948790896159,5.067567567567565,2.0270270270270174,13.513513513513516,10.135135135135137,12.499999999999993,13.175675675675691
4084,CDU,1000,19,1.0,1.0,4.181484115694642,1.0,1.0,1.9144144144144164,4.089615931721191,1.9559032716927476,1.2091038406827934,13.904694167852057,1.511379800853483,2.4182076813655797,1.689189189189193,2.364864864864863,1.689189189189193,0.3378378378378386,1.0135135135135158,4.391891891891895
1089,FDP,1000,19,0.0,0.0,5.746206733048839,1.0,1.0,1.126126126126124,11.468705547652924,3.4317211948790884,4.37411095305832,8.97937411095306,4.142958748221908,2.080369843527734,1.3513513513513544,0.0,2.0270270270270316,1.3513513513513402,1.689189189189186,0.3378378378378315
2229,SPD,1000,19,1.0,0.0,6.078117591275486,1.0,0.0,4.729729729729726,4.765291607396875,1.724751066856328,10.79302987197724,2.435988620199147,7.788051209103834,8.961593172119493,5.067567567567565,0.3378378378378386,5.067567567567565,5.067567567567565,8.445945945945937,4.391891891891888
3905,SPD,1000,19,1.0,0.0,7.574679943100997,1.0,0.0,6.250000000000001,5.0853485064011394,5.369843527738269,9.050497866287337,7.82361308677099,6.561166429587473,11.557610241820775,3.0405405405405403,1.0135135135135158,8.108108108108105,7.432432432432435,10.13513513513513,7.770270270270281
262,Die Grünen,1000,19,1.0,0.0,6.8278805120910375,1.0,0.0,3.7725225225225216,5.600995732574681,6.045519203413939,2.4537695590327075,1.0135135135135087,16.34068278805121,9.512802275960176,5.067567567567565,0.0,3.378378378378372,5.743243243243249,3.0405405405405403,5.4054054054054035
3469,Die Grünen,1000,19,0.0,0.0,3.8940256045519157,1.0,1.0,1.914414414414414,5.1209103840682815,3.1294452347083777,3.1827880512090942,2.7560455192034112,5.707681365576107,3.4672830725462234,1.689189189189186,1.3513513513513615,2.3648648648648702,2.7027027027026946,2.7027027027027017,0.6756756756756701
1294,FDP,1000,19,0.0,1.0,1.9144144144144175,1.0,1.0,3.5472972972972947,0.5867709815078399,1.6714082503556185,1.3157894736842124,2.2403982930298625,5.1564722617354235,0.5156472261735487,3.7162162162162033,4.391891891891895,1.689189189189186,3.7162162162162176,2.7027027027027017,5.067567567567565
2381,FDP,1000,19,1.0,0.0,3.4643195827406323,1.0,0.0,1.5765765765765718,6.578947368421048,2.187055476529153,0.12446657183500065,1.3869132290184751,6.36557610241821,4.142958748221908,2.7027027027026946,1.3513513513513473,0.6756756756756701,2.0270270270270174,0.6756756756756772,2.0270270270270245
2896,FDP,1000,19,1.0,1.0,4.5608108108108105,1.0,1.0,0.3941441441441462,8.179231863442396,0.7112375533428192,2.578236130867701,7.752489331436699,4.071834992887624,4.071834992887624,0.3378378378378457,0.6756756756756701,0.3378378378378457,0.3378378378378386,0.3378378378378386,0.3378378378378386
1028,FDP,1000,19,1.0,0.0,4.214082503556188,1.0,0.0,2.252252252252253,6.258890469416791,2.471550497866282,0.17780938833571014,6.650071123755325,4.800853485064017,4.925320056899004,0.0,0.0,3.378378378378379,1.0135135135135016,4.7297297297297405,4.391891891891895
4804,bunt.saar,1000,19,1.0,1.0,6.306306306306307,1.0,1.0,3.322072072072075,6.13442389758179,1.1735419630156514,4.196301564722617,1.511379800853483,15.149359886201992,9.672830725462305,3.0405405405405475,0.6756756756756772,2.3648648648648702,3.7162162162162176,4.391891891891895,5.743243243243242
1887,FDP,1000,19,0.0,0.0,3.493954480796584,1.0,0.0,1.8018018018017987,0.6756756756756772,0.37339971550497353,3.982930298719772,5.014224751066848,9.992887624466569,0.9246088193456643,0.6756756756756701,0.6756756756756772,2.0270270270270245,0.675675675675663,5.4054054054054035,1.3513513513513544
2061,CDU,1000,19,1.0,0.0,6.741939307728782,1.0,0.0,3.0405405405405426,2.2226173541963163,2.6315789473684177,12.055476529160735,0.5512091038406766,9.174964438122338,13.815789473684212,1.689189189189193,0.3378378378378386,2.364864864864863,3.378378378378379,4.391891891891895,6.081081081081088
1463,CDU,1000,19,1.0,0.0,3.8673541963015645,1.0,0.0,2.0833333333333335,3.165007112375534,0.8179231863442382,8.428165007112376,2.9871977240398238,3.485064011379805,4.320768136557611,3.0405405405405475,0.3378378378378244,2.0270270270270245,3.0405405405405546,3.0405405405405403,1.0135135135135087
2404,FDP,1000,19,1.0,1.0,3.6124940730203883,1.0,1.0,1.6891891891891906,3.236130867709818,2.507112375533424,3.876244665718346,3.627311522048373,6.454480796586054,1.973684210526315,0.3378378378378457,2.702702702702709,1.3513513513513473,0.3378378378378386,2.7027027027027017,2.7027027027027017
4089,DIE LINKE,1000,19,0.0,0.0,8.016239924134661,0.0,0.0,2.4211711711711708,1.3335704125177799,6.330014224751068,11.522048364153626,4.640825035561882,14.740398293029862,9.530583214793744,2.3648648648648702,3.0405405405405332,2.3648648648648702,0.3378378378378386,3.378378378378372,3.0405405405405403
2750,CDU,1000,19,1.0,1.0,4.385964912280701,1.0,0.0,1.745495495495496,3.5384068278805074,5.334281650071119,6.916785206258886,1.546941678520632,1.0668563300142253,7.912517780938835,2.7027027027027017,2.702702702702709,0.0,4.729729729729726,0.3378378378378386,0.0
4473,FDP,1000,19,0.0,1.0,6.335941204362257,1.0,1.0,1.858108108108106,0.6045519203413932,7.610241820768138,4.534139402560456,11.290896159317214,5.636557610241816,8.339260312944525,0.3378378378378386,1.3513513513513473,1.3513513513513509,3.378378378378372,3.0405405405405332,1.689189189189193
1785,Die Grünen,1000,19,1.0,1.0,4.534139402560459,1.0,1.0,5.236486486486489,6.525604551920338,3.2183499288762576,2.720483641536269,1.3691322901849219,9.139402560455203,4.231863442389766,6.756756756756758,1.6891891891892001,4.729729729729719,7.770270270270274,6.756756756756765,3.7162162162162176
2563,bunt.saar,1000,19,1.0,1.0,4.457088667614982,1.0,1.0,3.4346846846846844,2.115931721194869,2.3826458036984306,4.747510668563301,1.1735419630156443,11.77098150782362,4.551920341394023,3.0405405405405403,1.3513513513513402,4.391891891891895,4.054054054054056,2.3648648648648702,5.4054054054054035
1380,SPD,1000,19,0.0,0.0,8.063655761024185,1.0,0.0,3.3783783783783776,0.4800853485063925,0.6401137980085352,17.496443812233295,0.2489331436699942,17.300853485064017,12.215504978662878,3.378378378378372,0.0,5.067567567567565,2.364864864864863,6.418918918918926,3.0405405405405403
923,Die Grünen,1000,19,0.0,0.0,5.500237079184445,1.0,0.0,2.7590090090090116,0.35561877667140607,4.783072546230443,8.19701280227595,2.7560455192034183,12.055476529160728,4.854196301564727,1.689189189189186,2.7027027027026946,3.0405405405405475,3.0405405405405475,5.067567567567565,1.01351351351353
372,CDU,1000,19,1.0,0.0,2.175201517306784,1.0,1.0,3.2094594594594583,2.275960170697026,5.4409672830725455,0.017780938833574567,3.1116642958748244,1.2446657183499283,0.9601706970128063,3.7162162162162176,1.3513513513513473,2.7027027027027017,4.391891891891888,4.391891891891888,2.702702702702709
5125,bunt.saar,1000,19,1.0,0.0,2.578236130867706,1.0,0.0,3.040540540540538,2.578236130867701,0.7290184921763796,3.8940256045519206,5.174253200568991,2.293741109530579,0.8001422475106637,0.675675675675663,5.743243243243228,4.054054054054063,0.3378378378378386,4.391891891891902,3.0405405405405332
4255,DIE LINKE,1000,19,1.0,0.0,5.60692271218587,1.0,1.0,5.6306306306306295,6.027738264580371,1.1379800853485094,5.494310099573255,9.690611664295872,8.694879089615931,2.5960170697012828,2.364864864864856,6.418918918918919,11.486486486486477,1.0135135135135158,3.7162162162162176,8.78378378378379
7,Die Grünen,1000,19,1.0,0.0,4.726766239924138,0.0,1.0,2.3648648648648645,4.374110953058327,1.546941678520632,0.9779516358463738,12.07325746799431,8.641536273115221,0.7467994310099613,5.067567567567565,1.3513513513513473,4.054054054054056,0.3378378378378386,0.3378378378378386,3.0405405405405403
3374,Die Grünen,1000,19,0.0,1.0,4.602299668089139,0.0,1.0,1.5765765765765754,1.0490753911806578,8.60597439544808,5.885490753911796,1.3157894736842124,5.2275960170697005,5.52987197724039,2.364864864864856,2.3648648648648702,1.0135135135135158,2.3648648648648702,0.0,1.3513513513513402
1429,FDP,1000,19,0.0,0.0,3.464319582740636,1.0,1.0,1.069819819819821,0.21337126600283796,4.623044096728307,3.1472261735419664,6.596728307254629,1.0846372688477928,5.1209103840682815,4.054054054054056,0.3378378378378386,0.6756756756756772,0.3378378378378386,0.6756756756756772,0.3378378378378386
3442,FDP,1000,19,1.0,0.0,3.6184210526315823,1.0,0.0,3.2657657657657686,2.151493598862025,8.961593172119493,0.32005689900427114,3.8940256045519206,2.6849217638691414,3.698435277382643,6.081081081081081,4.054054054054056,2.0270270270270245,4.391891891891902,2.3648648648648702,0.6756756756756772
1851,SPD,1000,19,1.0,0.0,3.920697012802274,1.0,0.0,1.4639639639639637,6.507823613086771,1.7780938833570303,3.9295874822190555,0.7645803698435216,4.000711237553347,6.54338549075392,0.3378378378378244,3.7162162162162176,1.3513513513513544,0.6756756756756701,1.013513513513523,1.689189189189193
4130,bunt.saar,1000,19,0.0,0.0,5.1179468942626904,0.0,1.0,1.520270270270269,0.9957325746799484,1.262446657183503,3.9651493598862118,7.681365576102429,9.850640113798008,6.952347083926043,2.364864864864856,3.0405405405405332,1.0135135135135158,1.689189189189193,0.0,1.0135135135135158
3449,SPD,1000,19,1.0,1.0,4.424490279753441,1.0,1.0,0.7319819819819813,0.8357041251778057,5.138691322901856,5.778805120910384,3.2539118065433854,3.200568990042683,8.339260312944532,0.3378378378378457,0.0,1.689189189189193,1.0135135135135087,0.6756756756756772,0.675675675675663
1184,FDP,1000,19,0.0,1.0,4.27927927927928,1.0,1.0,1.9707207207207216,4.516358463726888,1.333570412517787,1.866998577524896,11.610953058321478,5.743243243243242,0.6045519203413932,3.378378378378379,2.364864864864863,1.689189189189186,1.0135135135135158,1.0135135135135158,2.3648648648648702
899,Die Grünen,1000,19,0.0,0.0,7.562825983878615,1.0,0.0,1.1824324324324376,4.516358463726888,4.978662873399728,8.303698435277383,2.7027027027026946,19.345661450924602,5.529871977240397,0.6756756756756772,0.0,1.01351351351353,0.3378378378378457,1.0135135135135087,4.054054054054063
1398,DIE LINKE,1000,19,1.0,0.0,4.54599336178283,1.0,0.0,1.5765765765765778,2.2403982930298625,1.1201991465149348,6.0099573257467895,1.7780938833570303,8.214793741109531,7.912517780938828,1.013513513513523,2.0270270270270316,1.6891891891891788,1.689189189189186,0.3378378378378386,2.702702702702709
60,CDU,1000,19,0.0,1.0,1.8758890469416787,1.0,1.0,1.6328828828828819,4.12517780938834,0.08890469416784441,0.2844950213371291,1.902560455192038,3.236130867709811,1.618065433854909,1.689189189189186,2.702702702702709,1.3513513513513473,3.7162162162162176,0.0,0.3378378378378315
4192,CDU,1000,19,1.0,0.0,3.200568990042678,1.0,0.0,2.1959459459459425,2.275960170697026,2.1337126600284577,5.423186344238985,6.472261735419629,1.4935988620199083,1.404694167852064,0.6756756756756701,5.743243243243249,0.3378378378378244,1.689189189189186,2.364864864864863,2.364864864864863
158,bunt.saar,1000,19,1.0,0.0,5.3579895685158805,1.0,1.0,1.9144144144144153,1.7780938833570303,6.027738264580371,8.908250355618776,3.8584637268847715,7.574679943100989,4.000711237553347,3.7162162162162176,3.0405405405405403,1.3513513513513615,1.0135135135135158,1.3513513513513544,1.0135135135135016
4903,CDU,1000,19,1.0,1.0,5.3550260787102895,0.0,1.0,5.686936936936937,0.3378378378378386,8.374822190611667,7.770270270270267,4.285206258890469,7.894736842105267,3.4672830725462305,2.0270270270270316,6.081081081081081,6.756756756756751,5.4054054054054035,7.432432432432435,6.418918918918919
5192,FDP,1000,19,1.0,0.0,3.5443338074917023,1.0,0.0,3.6036036036036037,2.151493598862025,7.965860597439544,4.42745376955903,2.2048364153627347,3.4672830725462305,1.0490753911806507,4.729729729729733,2.0270270270270316,3.7162162162162105,6.418918918918912,3.7162162162162176,1.0135135135135158
3142,CDU,1000,19,1.0,0.0,5.2335229966808905,1.0,0.0,6.475225225225223,3.342816500711244,11.326458036984356,3.3605974395448044,1.1735419630156443,7.3790896159317185,4.818634423897578,2.3648648648648702,8.108108108108105,7.7702702702702595,9.121621621621628,7.094594594594589,4.391891891891888
4040,FDP,1000,19,0.0,0.0,4.059981033665244,0.0,0.0,3.659909909909912,2.471550497866282,0.46230440967283215,2.080369843527741,7.0945945945945965,10.526315789473685,1.724751066856328,3.0405405405405475,3.7162162162162176,5.4054054054054035,2.3648648648648702,2.3648648648648702,5.067567567567565
4809,bunt.saar,1000,19,1.0,1.0,3.8910621147463247,0.0,1.0,2.0270270270270268,2.6493598862019923,5.938833570412527,4.356330014224746,3.6450924608819335,4.658605974395449,2.0981507823613015,4.054054054054049,0.3378378378378315,3.0405405405405475,1.3513513513513473,2.0270270270270316,1.3513513513513544
1577,DIE LINKE,1000,19,0.0,0.0,2.1840919867235633,0.0,0.0,2.759009009009008,1.5825035561877598,4.623044096728307,2.329302987197721,0.46230440967283215,2.0981507823613086,2.00924608819345,2.3648648648648702,1.0135135135135158,4.729729729729719,2.0270270270270245,4.729729729729733,1.689189189189186
2414,bunt.saar,1000,19,1.0,1.0,6.140350877192982,1.0,1.0,0.1689189189189193,1.724751066856328,2.3648648648648702,10.668563300142253,1.3869132290184893,13.22901849217638,7.46799431009957,0.0,0.0,1.0135135135135158,0.0,0.0,0.0
835,SPD,1000,19,0.0,1.0,5.449857752489332,1.0,0.0,3.3783783783783767,5.138691322901856,5.583214793741114,7.788051209103841,10.188477951635846,1.7425320056898954,2.258179231863437,0.3378378378378386,1.0135135135135087,5.4054054054054035,3.378378378378379,4.391891891891888,5.743243243243242
4756,bunt.saar,1000,19,0.0,1.0,6.178876244665716,0.0,1.0,1.8581081081081077,1.689189189189186,0.8001422475106637,9.334992887624459,6.205547652916081,8.179231863442382,10.864153627311524,2.0270270270270316,0.0,2.0270270270270316,1.3513513513513544,1.6891891891891788,4.054054054054049
5147,FDP,1000,19,0.0,1.0,3.6658368895211004,0.0,1.0,2.815315315315319,6.561166429587473,1.2091038406827934,4.267425320056894,7.574679943100989,0.4445234708392647,1.9381223328591872,3.0405405405405403,1.3513513513513615,5.743243243243249,3.7162162162162176,2.364864864864863,0.6756756756756843
377,FDP,1000,19,1.0,1.0,5.123873873873873,1.0,1.0,2.4211711711711685,6.0099573257467895,1.2980085348506378,5.1564722617354235,5.707681365576114,2.7916073968705533,9.779516358463724,0.6756756756756772,2.0270270270270174,3.7162162162162176,2.0270270270270174,3.378378378378379,2.7027027027027017
5222,Die Grünen,1000,19,0.0,0.0,5.8736367946894275,1.0,0.0,2.3648648648648654,1.369132290184929,10.348506401137975,3.022759601706973,1.4935988620199083,8.837126600284499,10.170697012802279,3.0405405405405403,1.0135135135135158,0.3378378378378386,4.729729729729726,0.3378378378378386,4.729729729729733
2963,Die Grünen,1000,19,1.0,0.0,5.556543385490751,1.0,1.0,1.0698198198198223,3.1116642958748244,5.2275960170697005,5.52987197724039,2.115931721194869,10.650782361308679,6.703413940256041,1.3513513513513544,0.3378378378378386,1.689189189189193,0.0,2.0270270270270316,1.0135135135135158
1394,CDU,1000,19,1.0,0.0,2.0774063537221417,1.0,0.0,2.815315315315317,0.4267425320056759,2.5426742532005733,0.8712660028449548,4.19630156472261,1.4580369843527734,2.9694167852062634,0.3378378378378386,0.3378378378378386,3.378378378378386,1.3513513513513544,6.081081081081081,5.4054054054054035
641,Die Grünen,1000,19,0.0,0.0,6.172949265054524,1.0,1.0,0.9572072072072118,0.604551920341386,0.7467994310099471,11.948790896159323,0.4800853485063996,16.696301564722617,6.561166429587473,0.6756756756756843,1.3513513513513544,0.6756756756756914,1.0135135135135087,0.6756756756756772,1.3513513513513544
1840,FDP,1000,19,1.0,1.0,5.467638691322901,1.0,1.0,2.7027027027027004,4.925320056899011,4.2140825035561775,3.3961593172119393,8.339260312944532,4.587482219061165,7.343527738264584,1.3513513513513473,4.391891891891888,3.378378378378372,2.3648648648648702,1.3513513513513544,3.378378378378372
1402,FDP,1000,19,0.0,0.0,4.643788525367472,0.0,1.0,2.4774774774774784,2.86273115220483,2.7382645803698438,2.5604551920341407,13.40682788051209,2.293741109530579,4.000711237553347,2.702702702702709,2.7027027027027017,2.7027027027027017,0.6756756756756772,3.0405405405405403,3.0405405405405403
4241,FDP,1000,19,0.0,1.0,2.9457088667614983,1.0,1.0,3.0968468468468457,2.8449502133712556,1.0846372688477999,1.2268847795163538,7.539118065433861,3.1472261735419664,1.831436699857754,3.7162162162162176,2.0270270270270316,3.378378378378379,4.391891891891881,0.3378378378378386,4.729729729729726
4125,FDP,1000,19,0.0,1.0,4.572664770033193,1.0,1.0,2.5900900900900914,1.6002844950213486,3.6450924608819406,1.8492176386913144,10.579658605974402,7.788051209103841,1.973684210526315,2.0270270270270245,5.067567567567579,0.0,1.6891891891891788,4.729729729729733,2.0270270270270316
1155,CDU,1000,19,1.0,0.0,4.569701280227593,1.0,0.0,1.7454954954954947,3.94736842105263,5.743243243243242,3.8229018492176436,5.885490753911803,5.156472261735409,2.86273115220483,2.3648648648648702,1.689189189189186,1.689189189189186,1.3513513513513473,2.7027027027027017,0.6756756756756772
3922,FDP,1000,19,1.0,1.0,6.410028449502133,1.0,1.0,4.898648648648648,0.7823613086770962,5.51209103840683,7.734708392603132,1.1379800853485023,12.393314366998581,10.899715504978662,5.743243243243235,1.0135135135135087,5.4054054054054035,3.7162162162162247,7.432432432432435,6.081081081081081
4674,FDP,1000,19,1.0,1.0,3.736960644855382,1.0,1.0,1.7454954954954924,6.614509246088197,0.26671408250354744,2.3115220483641536,4.214082503556185,7.734708392603132,1.2802275960170775,2.364864864864856,0.0,2.3648648648648702,0.675675675675663,3.378378378378379,1.689189189189186
905,bunt.saar,1000,19,1.0,1.0,6.567093409198676,1.0,1.0,1.6328828828828843,2.9694167852062634,4.783072546230443,3.8584637268847786,3.413940256045521,18.083214793741114,6.294452347083933,0.3378378378378386,2.0270270270270316,1.0135135135135016,1.0135135135135158,2.702702702702709,2.702702702702709
4498,FDP,1000,19,1.0,1.0,3.6154575628259855,1.0,0.0,5.236486486486489,9.174964438122338,1.2446657183499283,0.7645803698435216,6.3122332859175,0.053342816500716594,4.142958748221908,2.0270270270270316,6.756756756756758,7.770270270270274,2.702702702702709,4.729729729729726,7.432432432432435
3094,bunt.saar,1000,19,1.0,0.0,2.9397818871503083,1.0,1.0,2.646396396396394,0.8001422475106708,1.6714082503556114,5.707681365576114,0.8712660028449477,7.005689900426745,1.5825035561877598,3.7162162162162176,2.0270270270270245,3.7162162162161962,1.0135135135135087,0.6756756756756914,4.729729729729726
2621,SPD,1000,19,0.0,0.0,6.235182550972024,1.0,0.0,2.815315315315317,4.551920341394016,0.8179231863442382,10.49075391180655,4.320768136557611,7.965860597439544,9.263869132290182,3.7162162162162105,4.391891891891902,1.689189189189193,3.7162162162162176,1.689189189189186,1.689189189189193
4963,bunt.saar,1000,19,1.0,1.0,3.434684684684683,1.0,0.0,2.7027027027026995,8.12588904694168,4.054054054054063,0.21337126600283796,0.6934566145092447,5.014224751066848,2.507112375533424,2.0270270270270245,1.3513513513513402,4.391891891891888,2.0270270270270245,3.378378378378386,3.0405405405405332
3985,bunt.saar,1000,19,1.0,1.0,2.483404457088671,1.0,1.0,1.5202702702702737,3.8584637268847786,0.17780938833570303,2.0270270270270316,0.9423897581792389,3.342816500711251,4.551920341394023,1.0135135135135158,2.0270270270270316,1.3513513513513544,0.0,2.3648648648648702,2.3648648648648702
1227,DIE LINKE,1000,19,1.0,0.0,2.2641062114746346,1.0,1.0,2.6463963963963963,2.151493598862025,1.3335704125177799,1.724751066856328,0.3911806543385552,4.836415362731152,3.1472261735419664,2.364864864864863,1.0135135135135158,3.7162162162162176,0.3378378378378386,4.729729729729726,3.7162162162162176
4058,FDP,1000,19,1.0,1.0,5.1120199146514915,1.0,0.0,1.632882882882883,7.485775248933145,2.4537695590327147,3.9295874822190555,5.0853485064011394,5.067567567567565,6.650071123755332,0.0,3.0405405405405403,1.689189189189186,0.6756756756756772,1.0135135135135158,3.378378378378379
1805,CDU,1000,19,0.0,0.0,5.6543385490753915,0.0,1.0,4.560810810810814,4.836415362731152,3.8229018492176365,10.437411095305833,1.866998577524896,10.579658605974402,2.3826458036984306,1.013513513513523,1.689189189189186,7.432432432432435,6.081081081081088,8.108108108108112,3.0405405405405403
1765,SPD,1000,19,1.0,0.0,1.6891891891891895,1.0,0.0,1.9144144144144153,1.0846372688477999,4.160739687055475,0.017780938833574567,1.5825035561877598,0.35561877667140607,2.9338549075391214,5.067567567567565,1.3513513513513544,2.3648648648648702,0.6756756756756701,1.3513513513513615,0.6756756756756701
4762,CDU,1000,19,1.0,1.0,5.070531057373166,0.0,1.0,1.8581081081081063,6.401137980085345,4.996443812233295,1.1557610241820768,7.290184921763881,9.60170697012802,0.9779516358463738,1.6891891891891788,2.702702702702709,2.364864864864863,3.0405405405405332,0.6756756756756772,0.6756756756756772
684,Die Grünen,1000,19,0.0,0.0,5.343172119487907,1.0,1.0,1.2950450450450492,3.627311522048366,0.23115220483641963,9.939544807965845,1.2091038406827934,11.130867709815071,5.921052631578945,2.0270270270270245,1.689189189189193,1.3513513513513686,0.0,1.3513513513513544,1.3513513513513544
3960,bunt.saar,1000,19,0.0,0.0,8.31851588430536,0.0,1.0,5.574324324324326,4.356330014224753,5.423186344238978,7.325746799431002,9.28165007112375,14.527027027027032,8.997155049786642,3.0405405405405475,3.7162162162162105,5.743243243243242,5.405405405405396,8.78378378378379,6.756756756756772
266,CDU,1000,19,1.0,1.0,3.6362019914651484,1.0,1.0,1.8018018018018,1.1201991465149348,2.86273115220483,6.756756756756758,0.32005689900426404,4.036273115220489,6.721194879089616,0.3378378378378386,0.6756756756756772,3.0405405405405403,2.7027027027026946,0.6756756756756772,3.378378378378372
618,Die Grünen,1000,19,1.0,0.0,7.90066382171645,1.0,1.0,1.6328828828828819,0.9957325746799413,7.788051209103841,5.387624466571822,6.063300142247506,17.923186344238978,9.246088193456615,0.3378378378378386,0.0,3.7162162162162105,1.3513513513513544,2.702702702702709,1.6891891891891788
2562,CDU,1000,19,1.0,1.0,5.218705547652913,1.0,0.0,3.3220720720720798,1.0135135135135087,1.6358463726884764,7.46799431009957,10.08179231863442,6.578947368421048,4.534139402560456,3.0405405405405546,0.0,4.054054054054056,1.6891891891892001,6.081081081081088,5.067567567567579
146,FDP,1000,19,0.0,0.0,3.3309625414888586,1.0,1.0,0.7319819819819801,0.017780938833574567,6.009957325746804,3.662873399715501,3.3250355618776624,4.142958748221908,2.8271692745377024,0.0,1.0135135135135087,0.3378378378378386,1.689189189189186,0.6756756756756772,0.6756756756756701
3804,SPD,1000,19,1.0,1.0,3.250948316737793,1.0,1.0,1.126126126126125,2.258179231863444,2.6849217638691343,7.2724039829302995,0.4445234708392647,1.795874822190612,5.0497866287340045,1.689189189189186,1.3513513513513402,1.3513513513513473,0.6756756756756701,0.3378378378378386,1.3513513513513686
4749,bunt.saar,1000,19,1.0,0.0,4.753437648174493,1.0,0.0,1.689189189189186,7.894736842105267,2.951635846372696,4.9075391180654435,1.511379800853483,7.556899004267429,3.698435277382636,2.7027027027026946,0.3378378378378386,0.6756756756756772,2.0270270270270245,1.3513513513513473,3.0405405405405332
4959,CDU,1000,19,0.0,0.0,7.3020388809862515,0.0,1.0,2.0833333333333344,9.174964438122338,10.56187766714082,3.3961593172119535,9.103840682788054,10.953058321479375,0.6223328591749677,1.689189189189193,0.6756756756756701,3.0405405405405475,2.7027027027027017,0.0,4.391891891891895
4230,Die Grünen,1000,19,0.0,0.0,5.162399241346608,1.0,1.0,1.1261261261261215,0.9068278805120897,2.6493598862019923,6.667852062588906,4.018492176386907,11.433143669985775,5.298719772403977,3.0405405405405403,1.3513513513513544,1.0135135135135016,0.3378378378378244,0.0,1.0135135135135087
4388,SPD,1000,19,0.0,0.0,6.65303461356093,1.0,1.0,1.3513513513513498,2.151493598862025,5.1031294452347,12.162162162162161,3.09388335704125,10.206258890469421,7.201280227596023,2.364864864864863,0.0,2.7027027027027017,1.3513513513513473,0.3378378378378386,1.3513513513513473
2581,CDU,1000,19,1.0,1.0,5.846965386439073,1.0,1.0,3.32207207207207,1.6002844950213415,2.0270270270270316,8.108108108108105,4.409672830725462,11.984352773826451,6.952347083926043,1.3513513513513402,1.689189189189193,3.378378378378379,3.0405405405405403,6.081081081081081,4.391891891891888
4770,CDU,1000,19,1.0,1.0,2.1900189663347533,1.0,1.0,1.5202702702702702,3.591749644381224,1.831436699857747,0.9068278805120897,3.8584637268847715,0.7290184921763867,2.222617354196302,3.0405405405405403,0.0,0.0,4.054054054054056,0.6756756756756701,1.3513513513513544
3870,DIE LINKE,1000,19,1.0,1.0,4.58748221906117,0.0,1.0,2.421171171171173,3.1472261735419664,0.8712660028449477,6.596728307254629,5.938833570412527,7.539118065433861,3.4317211948790884,0.6756756756756843,1.3513513513513402,3.378378378378386,3.7162162162162176,3.0405405405405403,2.3648648648648702
3919,bunt.saar,1000,19,1.0,1.0,4.486723565670935,1.0,1.0,1.4639639639639601,3.876244665718346,4.67638691322901,3.165007112375534,2.6671408250355597,8.659317211948803,3.8762446657183602,1.3513513513513473,1.0135135135135158,2.0270270270270316,1.3513513513513473,1.0135135135135016,2.0270270270270174
1371,FDP,1000,19,1.0,0.0,5.248340445708866,1.0,1.0,1.5202702702702713,4.711948790896166,1.1557610241820768,7.912517780938835,6.472261735419622,6.152204836415358,5.0853485064011394,0.6756756756756914,1.0135135135135158,2.364864864864863,1.3513513513513402,0.3378378378378315,3.378378378378386
2401,bunt.saar,1000,19,0.0,1.0,2.8568041725936495,1.0,0.0,1.5202702702702702,0.3378378378378386,3.591749644381224,2.560455192034155,2.507112375533424,6.490042674253203,1.653627311522051,1.3513513513513473,1.013513513513523,2.364864864864856,3.0405405405405475,0.3378378378378386,1.0135135135135087
701,bunt.saar,1000,19,1.0,0.0,6.9078947368421035,1.0,0.0,3.6036036036036037,4.800853485064017,4.569701280227605,9.939544807965845,1.6358463726884764,12.446657183499283,8.054765291607396,6.418918918918926,0.6756756756756843,3.0405405405405332,5.4054054054054035,2.0270270270270245,4.054054054054049
3098,CDU,1000,19,1.0,1.0,4.925320056899003,1.0,1.0,1.0135135135135123,1.5825035561877598,5.03200568990043,5.5476529160739645,0.6223328591749677,9.050497866287337,7.716927453769557,2.0270270270270316,2.3648648648648702,0.3378378378378386,0.6756756756756701,0.3378378378378244,0.3378378378378386
1360,bunt.saar,1000,19,1.0,1.0,3.4554291133238473,1.0,0.0,1.6891891891891895,1.831436699857747,4.267425320056894,3.6450924608819264,2.7204836415362763,6.881223328591759,1.3869132290184822,2.702702702702709,1.0135135135135158,2.0270270270270245,0.3378378378378386,2.0270270270270174,2.0270270270270316
4535,FDP,1000,19,0.0,0.0,2.687885253674731,0.0,1.0,1.576576576576579,6.881223328591759,2.0981507823613086,0.5334281650071233,4.996443812233288,1.5647226173541924,0.053342816500716594,2.364864864864856,1.3513513513513473,1.3513513513513615,1.013513513513523,0.3378378378378457,3.0405405405405403
4853,CDU,1000,19,0.0,0.0,6.371503082029398,0.0,1.0,4.054054054054057,0.26671408250354744,6.721194879089616,9.068278805120912,3.0761024182076824,11.77098150782362,7.325746799431009,2.702702702702709,2.0270270270270245,4.391891891891902,7.770270270270267,4.391891891891902,3.0405405405405403
1640,DIE LINKE,1000,19,1.0,1.0,1.8047652916073922,0.0,1.0,4.054054054054049,2.773826458036986,1.8669985775248819,2.7738264580369787,0.5334281650071091,2.7027027027026946,0.17780938833570303,3.7162162162162176,6.0810810810810665,3.0405405405405332,7.432432432432428,3.0405405405405332,1.0135135135135158
4559,bunt.saar,1000,19,1.0,0.0,4.670459933617825,1.0,1.0,1.9707207207207205,1.582503556187767,2.400426742531998,1.8136557610241795,5.88549075391181,12.108819345661445,4.231863442389752,1.3513513513513473,0.3378378378378528,1.689189189189193,2.7027027027027017,2.7027027027026946,3.0405405405405332
2894,FDP,1000,19,0.0,0.0,4.110360360360359,0.0,1.0,3.4346846846846866,1.7425320056898954,3.6095305832147915,5.45874822190612,4.071834992887624,3.662873399715501,6.116642958748223,2.0270270270270316,2.702702702702709,4.729729729729733,1.689189189189193,3.0405405405405332,6.418918918918919
1605,FDP,1000,19,1.0,1.0,4.714912280701754,1.0,1.0,2.2522522522522515,8.001422475106693,1.440256045519206,2.0270270270270316,10.081792318634413,3.698435277382643,3.0405405405405403,1.689189189189193,2.0270270270270245,3.0405405405405475,0.3378378378378244,3.0405405405405403,3.378378378378379
863,FDP,1000,19,1.0,0.0,2.2463252726410636,1.0,1.0,1.8581081081081112,3.058321479374108,4.036273115220489,1.6714082503556185,4.17852062588905,0.35561877667140607,0.17780938833571014,1.3513513513513544,1.0135135135135158,0.3378378378378386,2.0270270270270316,3.378378378378386,3.0405405405405403
4253,Die Grünen,1000,19,1.0,0.0,6.507823613086771,1.0,1.0,2.7027027027027017,3.627311522048366,0.7645803698435287,8.588193456614505,6.081081081081081,11.753200568990046,8.232574679943099,2.7027027027027017,0.675675675675663,3.0405405405405475,4.729729729729733,1.689189189189193,3.378378378378372
2279,FDP,1000,19,1.0,1.0,4.101469890943574,1.0,1.0,3.828828828828827,3.2183499288762576,0.9068278805120897,4.605263157894733,5.618776671408241,0.9068278805120897,9.352773826458034,2.7027027027026946,5.405405405405411,4.729729729729726,0.0,3.7162162162162176,6.418918918918912
3766,FDP,1000,19,0.0,1.0,4.584518729255571,0.0,1.0,3.0968468468468466,2.9694167852062563,6.6322901849217715,5.903271692745371,0.284495021337122,8.445945945945951,3.271692745376953,0.0,4.729729729729726,4.729729729729733,1.3513513513513544,3.378378378378372,4.391891891891895
3528,DIE LINKE,1000,19,1.0,1.0,3.7399241346609755,0.0,0.0,3.3220720720720713,2.115931721194869,5.014224751066848,1.262446657183503,2.2048364153627347,8.12588904694168,3.7162162162162176,1.0135135135135087,1.0135135135135016,7.0945945945945965,2.0270270270270245,2.702702702702709,6.081081081081088
4537,FDP,1000,19,0.0,1.0,2.7916073968705546,1.0,1.0,2.195945945945951,0.604551920341386,1.1379800853485094,3.6806543385490826,4.658605974395449,4.2496443812233196,2.4182076813655797,4.054054054054063,0.0,1.689189189189193,2.0270270270270316,1.013513513513523,4.391891891891895
4319,SPD,1000,19,1.0,0.0,2.8153153153153205,1.0,0.0,2.421171171171172,4.747510668563301,0.9601706970128063,3.662873399715508,3.2539118065433854,0.5867709815078399,3.6806543385490826,0.3378378378378386,4.391891891891895,2.702702702702709,1.3513513513513473,3.0405405405405475,2.7027027027026946
1913,FDP,1000,19,0.0,1.0,5.438003793266952,0.0,0.0,4.166666666666665,1.831436699857747,0.426742532005683,2.6849217638691414,2.6137980085348573,16.411806543385495,8.659317211948789,3.0405405405405332,4.054054054054056,8.783783783783782,2.7027027027027017,3.378378378378379,3.0405405405405403
5218,Die Grünen,1000,19,0.0,0.0,5.4587482219061165,0.0,0.0,2.0270270270270268,1.3869132290184822,1.0490753911806578,8.108108108108098,5.45874822190612,11.94879089615933,4.80085348506401,3.0405405405405475,2.364864864864856,2.7027027027026946,1.689189189189193,1.689189189189193,0.6756756756756772
1535,FDP,1000,19,0.0,1.0,4.246680891417732,1.0,1.0,1.5765765765765767,6.418918918918912,2.0625889046941666,0.03556187766713492,8.766002844950215,6.276671408250365,1.9203413940255984,1.3513513513513615,3.0405405405405403,1.689189189189193,0.0,0.675675675675663,2.7027027027027017
2969,bunt.saar,1000,19,1.0,1.0,5.787695590327162,1.0,0.0,2.139639639639642,0.23115220483641252,6.347795163584628,9.477240398293027,2.187055476529153,12.926742532005676,3.556187766714075,1.3513513513513473,1.689189189189193,2.3648648648648702,4.054054054054056,2.3648648648648702,1.0135135135135158
1302,CDU,1000,19,1.0,1.0,2.8656946420104306,1.0,1.0,1.85810810810811,1.0846372688477857,1.7425320056899025,0.4267425320056901,10.206258890469421,3.0049786628733983,0.7290184921763867,2.3648648648648702,0.3378378378378386,4.729729729729726,0.0,0.3378378378378457,3.378378378378379
779,DIE LINKE,1000,19,1.0,0.0,2.513039355144618,1.0,0.0,5.405405405405407,2.0981507823613086,0.9246088193456643,0.7823613086770962,0.23115220483641252,7.2724039829302995,3.769559032716927,3.0405405405405475,1.689189189189193,8.108108108108098,1.689189189189186,8.108108108108112,9.797297297297305
476,Die Grünen,1000,19,1.0,0.0,3.760668563300142,1.0,1.0,2.421171171171172,2.6137980085348573,1.3157894736842124,2.044807965860592,4.160739687055475,8.143669985775247,4.285206258890469,0.3378378378378315,2.0270270270270316,3.378378378378386,4.054054054054049,3.378378378378379,1.3513513513513544
4584,SPD,1000,19,1.0,1.0,6.392247510668565,1.0,1.0,2.4211711711711685,2.4182076813655797,7.432432432432435,13.620199146514935,2.258179231863444,4.018492176386914,8.60597439544808,2.0270270270270174,3.0405405405405332,2.0270270270270316,5.743243243243249,1.3513513513513402,0.3378378378378386
2502,SPD,1000,19,0.0,0.0,10.434447605500237,1.0,0.0,4.786036036036037,2.7382645803698438,8.766002844950215,13.886913229018482,9.121621621621621,11.006401137980092,17.087482219061165,4.729729729729733,1.689189189189193,4.729729729729726,6.756756756756751,4.729729729729733,6.081081081081081
4972,CDU,1000,19,1.0,1.0,2.847913703176861,1.0,1.0,1.3513513513513555,2.1692745376955855,3.1472261735419664,2.2759601706970045,8.214793741109531,0.2489331436699942,1.0312944523470833,1.3513513513513544,3.378378378378379,0.3378378378378457,1.0135135135135158,1.3513513513513544,0.6756756756756843
2025,CDU,1000,19,1.0,0.0,4.190374585111428,1.0,1.0,1.2387387387387403,6.881223328591759,4.409672830725462,2.773826458036986,2.4537695590327075,6.827880512091042,1.795874822190612,0.6756756756756701,2.3648648648648702,1.3513513513513544,2.364864864864863,0.3378378378378386,0.3378378378378457
3778,DIE LINKE,1000,19,0.0,1.0,1.656590801327642,0.0,1.0,2.308558558558557,0.32005689900426404,4.285206258890469,1.831436699857747,0.5689900426742511,2.0625889046941666,0.8712660028449548,4.054054054054049,1.3513513513513473,0.3378378378378386,5.067567567567572,1.0135135135135158,2.0270270270270174
1691,DIE LINKE,1000,19,1.0,1.0,4.184447605500236,0.0,0.0,3.0968468468468457,8.908250355618776,0.5512091038406766,7.04125177809388,3.2894736842105345,3.8229018492176436,1.4935988620199083,1.689189189189186,2.364864864864856,4.7297297297297405,0.3378378378378386,4.729729729729726,4.729729729729726
1560,FDP,1000,19,1.0,1.0,5.488383119962069,1.0,1.0,1.1261261261261275,2.951635846372696,2.2226173541963092,5.1209103840682815,0.6578947368421026,12.9800853485064,8.997155049786628,0.3378378378378386,1.689189189189193,2.0270270270270245,1.689189189189193,1.0135135135135158,0.0
1453,DIE LINKE,1000,19,0.0,0.0,5.366880037932666,0.0,1.0,1.5765765765765754,0.9068278805120897,3.0405405405405332,8.819345661450917,5.245376955903268,8.890469416785209,5.298719772403977,1.689189189189193,2.0270270270270245,0.6756756756756843,0.6756756756756701,3.0405405405405332,1.3513513513513473
417,SPD,1000,19,1.0,0.0,4.756401137980082,0.0,0.0,4.954954954954953,3.1294452347083777,6.934566145092461,4.978662873399728,3.5384068278805074,6.0099573257467895,3.94736842105263,7.094594594594589,3.378378378378379,4.391891891891888,8.108108108108112,3.378378378378372,3.378378378378379
4658,FDP,1000,19,1.0,0.0,4.765291607396873,1.0,1.0,2.1396396396396375,5.654338549075405,8.748221906116648,4.107396870554766,5.761024182076817,4.285206258890469,0.03556187766713492,0.3378378378378244,3.0405405405405403,3.0405405405405403,1.3513513513513544,4.054054054054056,1.0135135135135087
2248,FDP,1000,19,1.0,1.0,3.0672119487908986,1.0,1.0,2.7590090090090142,7.201280227596023,4.9075391180654435,3.0405405405405403,0.7290184921763796,0.7112375533428192,1.8136557610241866,1.013513513513523,2.3648648648648702,4.054054054054056,4.054054054054063,0.0,5.067567567567572
3214,DIE LINKE,1000,19,0.0,1.0,5.7610241820768096,0.0,0.0,3.6036036036036037,3.0405405405405403,7.183499288762434,5.494310099573248,1.4580369843527734,12.660028449502136,4.729729729729726,5.743243243243242,3.378378378378372,2.0270270270270245,4.391891891891895,3.0405405405405475,3.0405405405405403
1962,FDP,1000,19,1.0,1.0,3.485064011379803,1.0,1.0,2.25225225225225,6.614509246088197,2.489331436699864,1.2091038406827934,7.859174964438111,2.0270270270270316,0.7112375533428192,1.3513513513513473,1.689189189189193,3.7162162162162105,0.6756756756756772,3.7162162162162105,2.364864864864863
2035,bunt.saar,1000,19,1.0,0.0,3.004978662873402,1.0,1.0,3.1531531531531556,5.45874822190612,1.760312944523477,1.973684210526315,5.0497866287340045,0.7467994310099613,3.0405405405405332,2.3648648648648702,6.418918918918926,3.0405405405405332,0.6756756756756772,5.743243243243249,0.6756756756756772
4875,bunt.saar,1000,19,1.0,1.0,2.5397107633949694,1.0,1.0,0.7882882882882866,4.089615931721191,3.413940256045514,1.9203413940255984,0.9246088193456643,2.7738264580369787,2.115931721194869,1.0135135135135087,0.0,0.3378378378378386,0.6756756756756772,1.3513513513513544,1.3513513513513402
4231,CDU,1000,19,0.0,0.0,4.975699383594122,1.0,0.0,2.195945945945944,5.778805120910384,8.07254623044097,3.378378378378379,6.401137980085352,5.316500711237559,0.9068278805120897,2.702702702702709,0.6756756756756772,3.0405405405405332,0.0,3.378378378378372,3.378378378378372
1731,FDP,1000,19,0.0,1.0,4.181484115694647,1.0,1.0,2.308558558558559,8.001422475106686,3.44950213371267,1.0668563300142253,5.192034139402573,5.849928876244668,1.5291607396870575,2.0270270270270316,2.364864864864856,3.7162162162162176,0.6756756756756843,1.689189189189186,3.378378378378379
1289,FDP,1000,19,1.0,1.0,4.540066382171642,1.0,1.0,2.195945945945944,5.654338549075405,0.49786628733995997,5.618776671408241,3.182788051209087,10.11735419630157,2.1692745376955926,0.6756756756756772,1.689189189189186,3.378378378378372,3.0405405405405332,3.378378378378379,1.0135135135135158
492,Die Grünen,1000,19,0.0,0.0,5.669155998103371,0.0,0.0,1.632882882882883,2.275960170697026,0.6578947368421026,9.317211948790913,5.280938833570417,11.522048364153626,4.960881934566139,1.3513513513513473,1.3513513513513473,3.378378378378386,0.6756756756756701,1.689189189189186,1.3513513513513615
132,Die Grünen,1000,19,1.0,1.0,4.957918444760549,1.0,1.0,1.8581081081081077,4.943100995732571,1.1913229018492189,2.631578947368425,6.36557610241821,7.770270270270274,6.845661450924595,0.6756756756756772,2.702702702702709,2.3648648648648702,0.6756756756756772,3.378378378378372,1.3513513513513402
996,bunt.saar,1000,19,1.0,0.0,8.031057373162636,1.0,1.0,0.0,0.9957325746799413,8.570412517780944,8.32147937411095,0.5334281650071091,20.34139402560455,9.423897581792318,0.0,0.0,0.0,0.0,0.0,0.0
1561,FDP,1000,19,1.0,0.0,1.9440493124703682,1.0,1.0,2.8716216216216197,0.17780938833571014,2.631578947368425,1.6714082503556185,0.5334281650071233,2.3470839260312957,4.302987197724036,6.418918918918919,2.7027027027026946,0.3378378378378386,5.4054054054054035,1.3513513513513544,1.0135135135135087
2704,Die Grünen,1000,19,0.0,0.0,3.333926031294458,0.0,1.0,2.195945945945946,7.770270270270274,3.3250355618776624,2.951635846372696,0.2489331436699942,5.192034139402573,0.5156472261735487,2.0270270270270316,2.7027027027026946,0.6756756756756772,3.0405405405405475,2.0270270270270174,2.702702702702709
1411,bunt.saar,1000,19,0.0,0.0,6.890113798008535,1.0,0.0,2.0270270270270268,5.298719772403977,1.795874822190612,14.118065433854902,1.9914651493598896,8.463726884779526,9.672830725462305,0.3378378378378386,0.3378378378378386,3.7162162162162105,1.3513513513513544,3.0405405405405475,3.378378378378372
4113,Die Grünen,1000,19,0.0,1.0,2.7619724988146004,1.0,1.0,4.504504504504502,1.7780938833570303,2.0803698435277482,6.169985775248932,3.271692745376953,2.4537695590327075,0.8179231863442311,2.7027027027026946,0.3378378378378386,6.418918918918905,2.0270270270270245,7.432432432432435,8.108108108108112
1744,CDU,1000,19,1.0,1.0,9.14532954006638,1.0,1.0,3.096846846846843,9.477240398293027,10.828591749644367,9.174964438122338,10.384068278805124,9.70839260312944,5.298719772403977,0.3378378378378244,1.0135135135135087,5.405405405405411,1.3513513513513544,5.067567567567565,5.405405405405396
1675,Die Grünen,1000,19,1.0,1.0,6.1759127548601205,0.0,1.0,1.8018018018017976,4.516358463726888,4.249644381223341,3.982930298719765,4.142958748221901,14.544807965860585,5.618776671408241,1.3513513513513473,2.0270270270270174,0.6756756756756701,2.3648648648648702,1.689189189189186,2.7027027027026946
4210,SPD,1000,19,0.0,1.0,7.7435988620199145,0.0,1.0,2.6463963963963963,7.450213371266003,5.4054054054054035,7.912517780938828,0.37339971550497353,13.922475106685646,11.397581792318633,0.6756756756756772,0.6756756756756772,2.702702702702709,2.7027027027026946,5.405405405405411,3.7162162162162105
5041,bunt.saar,1000,19,0.0,0.0,7.139046941678523,0.0,0.0,4.166666666666664,2.9338549075391214,6.258890469416791,14.029160739687057,0.5334281650071233,6.561166429587473,12.517780938833575,3.7162162162162033,3.378378378378379,4.054054054054049,6.418918918918926,1.0135135135135087,6.418918918918919
2488,FDP,1000,19,0.0,1.0,6.928639165481269,1.0,1.0,1.0698198198198199,10.73968705547653,7.752489331436699,4.889758179231862,5.352062588904687,9.352773826458034,3.485064011379805,0.3378378378378315,0.3378378378378386,2.702702702702709,0.3378378378378386,1.3513513513513544,1.3513513513513473
4568,FDP,1000,19,0.0,1.0,4.039236605026079,0.0,1.0,3.716216216216219,1.6358463726884764,2.187055476529153,5.778805120910384,4.054054054054063,10.437411095305833,0.142247510668561,4.054054054054063,4.729729729729726,4.391891891891888,1.01351351351353,1.3513513513513473,6.756756756756758
640,bunt.saar,1000,19,0.0,0.0,3.977003319108583,0.0,0.0,4.729729729729731,1.191322901849226,5.138691322901856,3.6095305832147915,0.1422475106685539,6.863442389758184,6.916785206258886,4.729729729729726,2.3648648648648702,3.7162162162162176,6.081081081081088,3.0405405405405403,8.445945945945944
3097,SPD,1000,19,0.0,1.0,7.542081555239451,0.0,1.0,6.925675675675673,6.6678520625889135,10.08179231863442,8.748221906116648,4.534139402560456,8.108108108108098,7.112375533428171,8.783783783783782,4.391891891891888,4.391891891891895,6.0810810810810665,10.13513513513513,7.770270270270274
1931,bunt.saar,1000,19,0.0,0.0,4.285206258890473,1.0,0.0,1.8581081081081112,1.0668563300142253,3.9651493598862118,4.516358463726888,6.330014224751075,4.836415362731152,4.996443812233288,1.689189189189193,4.391891891891895,0.3378378378378386,3.0405405405405403,0.3378378378378386,1.3513513513513615
1832,bunt.saar,1000,19,1.0,1.0,4.279279279279282,1.0,1.0,1.8018018018018047,3.4317211948790884,6.614509246088197,3.165007112375534,1.9914651493598896,6.490042674253203,3.982930298719779,2.364864864864863,1.3513513513513473,1.3513513513513544,4.054054054054056,1.01351351351353,0.6756756756756772
2062,CDU,1000,19,1.0,1.0,3.467283072546232,1.0,1.0,1.1261261261261275,5.014224751066848,4.17852062588905,0.3378378378378386,4.996443812233288,5.2631578947368425,1.013513513513523,0.3378378378378386,0.3378378378378386,2.3648648648648702,0.3378378378378386,1.0135135135135087,2.3648648648648702
2100,DIE LINKE,1000,19,1.0,0.0,3.025723091512564,1.0,0.0,2.027027027027028,3.8584637268847715,2.6849217638691343,0.1422475106685539,3.8940256045519206,1.5291607396870575,6.045519203413946,0.0,0.0,2.702702702702709,2.0270270270270245,1.0135135135135158,6.418918918918919
671,SPD,1000,19,0.0,0.0,4.314841156946421,0.0,0.0,2.421171171171173,6.756756756756758,1.3513513513513473,3.413940256045514,0.3022759601707037,7.432432432432435,6.632290184921764,1.689189189189186,1.013513513513523,1.689189189189186,3.378378378378386,3.378378378378379,3.378378378378379
3195,bunt.saar,1000,19,1.0,0.0,4.726766239924135,1.0,1.0,8.164414414414418,5.138691322901856,4.889758179231862,2.2048364153627347,3.3961593172119535,6.650071123755325,6.081081081081081,6.418918918918926,4.054054054054049,11.486486486486484,8.445945945945951,6.081081081081095,12.5
909,FDP,1000,19,1.0,1.0,3.876244665718351,1.0,1.0,1.8018018018018012,12.802275960170704,0.26671408250356166,4.17852062588905,0.7112375533428192,0.7467994310099542,4.551920341394016,1.013513513513523,1.3513513513513473,3.7162162162162176,1.3513513513513402,1.689189189189193,1.689189189189186
5056,FDP,1000,19,1.0,0.0,3.250948316737791,1.0,1.0,3.7162162162162162,7.432432432432435,2.258179231863444,1.0490753911806507,3.058321479374108,0.9779516358463738,4.729729729729733,0.3378378378378386,2.364864864864863,6.418918918918919,2.7027027027027017,5.743243243243242,4.729729729729733
3779,bunt.saar,1000,19,1.0,0.0,3.022759601706966,1.0,0.0,1.970720720720718,2.7204836415362763,5.6899004267425255,5.334281650071112,0.49786628733995997,1.369132290184929,2.5248933143669916,3.378378378378379,0.3378378378378528,0.3378378378378386,1.0135135135135087,2.7027027027026946,4.054054054054035
4802,CDU,1000,19,0.0,1.0,2.616761498340447,1.0,1.0,1.6328828828828772,1.0490753911806578,2.9871977240398238,5.45874822190612,1.6358463726884764,3.44950213371267,1.1201991465149348,1.0135135135135016,2.364864864864856,1.0135135135135087,0.3378378378378386,2.0270270270270174,3.0405405405405403
3727,Die Grünen,1000,19,1.0,1.0,2.2255808440018954,0.0,1.0,3.265765765765766,3.0049786628733983,0.9957325746799413,4.463015647226172,0.7467994310099542,3.3961593172119606,0.7467994310099471,2.3648648648648702,3.0405405405405332,2.702702702702709,0.0,4.729729729729726,6.756756756756758
5021,bunt.saar,1000,19,0.0,0.0,5.2750118539592235,0.0,0.0,1.6891891891891884,0.3378378378378386,4.605263157894733,10.9352773826458,2.8982930298719793,1.8136557610241795,11.059743954480808,1.3513513513513473,2.3648648648648702,1.3513513513513402,1.689189189189186,2.3648648648648702,1.0135135135135158
2362,CDU,1000,19,0.0,1.0,5.479492650545279,0.0,1.0,1.4076576576576538,3.378378378378372,2.293741109530579,9.050497866287337,2.258179231863437,10.544096728307252,5.352062588904694,3.7162162162162105,0.0,2.7027027027026946,1.0135135135135016,0.6756756756756772,0.3378378378378386
531,FDP,1000,19,1.0,1.0,1.9055239449976262,1.0,1.0,2.6463963963963972,2.7560455192034112,2.6137980085348502,2.364864864864863,0.40896159317210845,2.044807965860592,1.244665718349932,3.378378378378379,4.054054054054056,2.3648648648648667,0.6756756756756772,1.689189189189186,3.7162162162162176
201,bunt.saar,1000,19,0.0,0.0,6.768610715979137,0.0,1.0,2.027027027027028,1.2802275960170704,0.9957325746799413,10.13513513513513,6.9523470839260355,10.099573257468002,11.148648648648646,3.0405405405405475,0.0,1.689189189189193,1.0135135135135087,1.689189189189193,4.729729729729726
999,Die Grünen,1000,19,0.0,0.0,6.368539592223801,1.0,0.0,2.6463963963963955,4.729729729729726,6.223328591749642,5.921052631578952,2.7560455192034112,11.78876244665718,6.792318634423893,2.364864864864856,0.0,6.081081081081081,0.6756756756756701,2.3648648648648702,4.391891891891895
4891,SPD,1000,19,0.0,1.0,5.144618302513039,0.0,1.0,1.126126126126125,5.4054054054054035,0.9601706970128063,8.819345661450917,2.1337126600284577,8.60597439544808,4.943100995732571,1.0135135135135087,1.0135135135135087,0.3378378378378386,1.689189189189186,2.3648648648648702,0.3378378378378386
1015,bunt.saar,1000,19,1.0,1.0,4.913466097676628,1.0,0.0,4.954954954954958,0.4445234708392647,6.045519203413939,4.729729729729726,3.9118065433855023,11.148648648648653,3.200568990042683,4.729729729729733,3.7162162162162176,4.391891891891888,7.0945945945945965,5.405405405405411,4.391891891891902
2412,FDP,1000,19,1.0,1.0,5.390587956377431,1.0,1.0,1.407657657657655,6.934566145092461,6.312233285917493,2.4537695590327218,6.970128022759603,3.3250355618776624,6.347795163584642,3.7162162162162033,1.3513513513513473,0.3378378378378457,2.364864864864856,0.0,0.6756756756756772
3130,FDP,1000,19,1.0,1.0,4.095542911332384,1.0,1.0,1.4076576576576585,5.209815078236119,3.982930298719772,0.6045519203413932,2.6849217638691343,10.135135135135137,1.9559032716927476,1.689189189189193,2.0270270270270316,2.3648648648648702,1.3513513513513402,0.6756756756756772,0.3378378378378386
2147,bunt.saar,1000,19,1.0,0.0,7.897700331910857,1.0,1.0,1.7454954954954947,4.17852062588905,8.25035561877666,7.485775248933152,3.982930298719772,16.607396870554766,6.881223328591744,0.3378378378378386,0.6756756756756701,1.689189189189193,0.3378378378378386,4.729729729729733,2.7027027027026946
3204,CDU,1000,19,1.0,1.0,1.8699620673304882,0.0,1.0,2.3648648648648645,2.418207681365587,0.7645803698435216,1.8847795163584635,1.0135135135135087,3.129445234708392,2.009246088193457,0.0,3.7162162162162176,1.3513513513513473,4.729729729729733,2.364864864864863,2.0270270270270245
2389,Die Grünen,1000,19,0.0,0.0,3.8021574205784696,0.0,1.0,0.7882882882882901,3.1827880512090942,4.640825035561882,7.005689900426745,0.9068278805120897,3.7162162162162105,3.3605974395447973,0.0,0.3378378378378386,1.0135135135135158,0.3378378378378386,1.0135135135135158,2.0270270270270316
111,SPD,1000,19,1.0,0.0,3.3102181128496895,1.0,0.0,4.504504504504499,1.4224751066856385,1.0135135135135087,2.8449502133712556,2.293741109530586,10.472972972972968,1.8136557610241795,4.729729729729726,4.391891891891881,2.364864864864863,2.3648648648648702,6.0810810810810665,7.094594594594589
2400,Die Grünen,1000,19,1.0,0.0,4.368183973447131,0.0,0.0,1.8581081081081088,4.943100995732571,7.859174964438118,2.400426742531998,0.9246088193456643,7.539118065433861,2.5426742532005733,0.3378378378378386,2.702702702702709,3.7162162162162105,0.0,3.0405405405405475,1.3513513513513473
2292,bunt.saar,1000,19,0.0,0.0,2.9516358463726875,1.0,0.0,3.4346846846846866,2.489331436699864,3.94736842105263,7.46799431009957,0.23115220483641252,3.165007112375541,0.40896159317210845,1.0135135135135087,4.054054054054063,2.3648648648648702,3.0405405405405403,5.743243243243235,4.391891891891902
2707,SPD,1000,19,1.0,0.0,6.087008060692271,1.0,0.0,3.040540540540539,1.6358463726884764,3.9295874822190555,11.326458036984356,2.044807965860592,4.391891891891902,13.193456614509245,0.3378378378378386,0.3378378378378315,5.067567567567565,0.3378378378378457,8.108108108108112,4.054054054054042
549,CDU,1000,19,1.0,0.0,5.029042200094833,1.0,0.0,1.6328828828828865,0.9601706970128063,8.214793741109531,4.320768136557611,1.1201991465149348,6.667852062588906,8.890469416785209,1.013513513513523,1.689189189189186,2.0270270270270316,4.054054054054056,0.6756756756756843,0.3378378378378386
5081,CDU,1000,19,1.0,1.0,3.796230440967283,1.0,1.0,1.914414414414414,2.560455192034155,4.12517780938834,4.605263157894733,5.618776671408241,3.200568990042669,2.6671408250355597,2.702702702702709,2.7027027027027017,0.6756756756756772,1.689189189189186,1.3513513513513473,2.364864864864863
1966,FDP,1000,19,1.0,0.0,4.8897581792318645,0.0,0.0,4.5608108108108105,9.672830725462298,5.014224751066855,0.21337126600283796,2.187055476529153,7.948079658605984,4.3029871977240575,0.6756756756756701,10.472972972972975,4.391891891891888,0.0,2.364864864864863,9.459459459459467
1263,bunt.saar,1000,19,1.0,1.0,3.6717638691322905,1.0,1.0,1.8581081081081063,2.8271692745377024,1.9203413940255984,1.831436699857747,0.9423897581792318,8.55263157894737,5.956614509246094,0.3378378378378386,1.0135135135135016,5.4054054054054035,1.689189189189186,2.3648648648648702,0.3378378378378386
5116,CDU,1000,19,1.0,1.0,3.052394499762922,1.0,1.0,2.5900900900900914,0.8712660028449477,1.5647226173541924,8.748221906116648,0.3911806543385552,0.017780938833574567,6.721194879089616,3.0405405405405332,0.6756756756756772,3.0405405405405403,3.378378378378379,2.702702702702709,2.702702702702709
3598,SPD,1000,19,1.0,0.0,3.3605974395448115,1.0,0.0,4.11036036036036,4.978662873399713,3.5384068278805074,6.54338549075392,1.2802275960170775,1.2802275960170775,2.5426742532005733,0.0,1.689189189189193,5.405405405405411,3.7162162162162176,7.094594594594589,6.756756756756751
3654,bunt.saar,1000,19,1.0,0.0,5.280938833570411,1.0,1.0,1.0135135135135098,3.5739687055476566,0.8001422475106637,8.303698435277383,0.12446657183500065,15.078236130867701,3.805120910384062,0.0,1.0135135135135016,0.0,4.054054054054056,0.0,1.0135135135135016
4704,bunt.saar,1000,19,1.0,0.0,4.9668089141773395,1.0,0.0,4.166666666666671,1.9559032716927476,2.507112375533424,5.938833570412527,1.2091038406827934,11.753200568990046,6.436699857752501,4.054054054054056,1.0135135135135158,3.0405405405405475,5.743243243243249,3.7162162162162247,7.432432432432435
920,CDU,1000,19,0.0,1.0,3.7665955429113325,0.0,1.0,1.2387387387387392,7.6635846372688405,6.6322901849217715,1.369132290184929,0.7112375533428192,3.982930298719772,2.2403982930298625,0.6756756756756772,2.0270270270270316,1.0135135135135087,2.3648648648648702,0.0,1.3513513513513473
2791,FDP,1000,19,1.0,0.0,7.130156472261738,1.0,0.0,3.7162162162162162,7.681365576102422,10.099573257467995,7.112375533428171,2.880512091038412,8.961593172119485,6.045519203413939,3.378378378378379,3.378378378378379,5.067567567567579,0.6756756756756772,7.432432432432428,2.364864864864856
3066,Die Grünen,1000,19,0.0,0.0,3.624348032242768,0.0,0.0,3.6036036036036023,5.4409672830725455,0.5689900426742511,4.231863442389766,2.187055476529153,1.831436699857747,7.485775248933145,7.770270270270267,2.0270270270270316,2.0270270270270316,7.094594594594589,1.0135135135135087,1.689189189189186
3023,FDP,1000,19,1.0,1.0,3.1353722143195832,1.0,1.0,2.815315315315317,0.16002844950213557,4.996443812233281,1.1557610241820768,4.196301564722617,5.0497866287340045,3.2539118065433854,4.7297297297297405,3.7162162162162105,2.7027027027027017,0.6756756756756772,2.0270270270270245,3.0405405405405475
2085,bunt.saar,1000,19,1.0,1.0,3.1946420104314854,1.0,1.0,2.5337837837837838,0.9601706970128063,1.6714082503556114,3.0405405405405332,3.6806543385490826,7.254623044096725,2.560455192034155,2.3648648648648702,2.7027027027027017,4.054054054054063,2.3648648648648702,3.0405405405405332,0.675675675675663
3540,SPD,1000,19,0.0,1.0,5.230559506875294,1.0,1.0,2.871621621621619,3.4317211948790884,6.970128022759603,9.850640113798008,2.400426742532005,5.6899004267425255,3.0405405405405332,3.0405405405405403,3.378378378378379,2.364864864864863,0.3378378378378386,4.054054054054049,4.054054054054042
673,CDU,1000,19,1.0,1.0,3.08202939781887,1.0,0.0,1.1824324324324376,5.334281650071112,0.6756756756756772,1.5291607396870575,4.960881934566139,4.374110953058327,1.618065433854909,1.3513513513513686,3.7162162162162176,0.6756756756756772,1.013513513513523,0.3378378378378386,0.0
3349,CDU,1000,19,1.0,0.0,9.394262683736368,1.0,0.0,6.137387387387386,2.0625889046941666,10.277382645803698,11.273115220483646,2.151493598862025,18.95448079658606,11.646514935988613,7.094594594594589,0.6756756756756701,5.405405405405411,7.094594594594589,9.45945945945946,7.0945945945945965
2561,CDU,1000,19,1.0,0.0,1.4135846372688405,1.0,1.0,4.3355855855855845,1.3513513513513473,0.07112375533427695,0.23115220483641252,0.49786628733995997,3.200568990042669,3.1294452347083777,4.391891891891881,1.3513513513513473,4.391891891891888,4.7297297297297405,6.418918918918926,4.729729729729726
4360,bunt.saar,1000,19,1.0,0.0,4.1429587482219015,1.0,0.0,3.0968468468468395,3.1294452347083777,0.07112375533427695,5.974395448079662,4.089615931721191,10.437411095305833,1.1557610241820697,3.0405405405405332,2.364864864864856,1.3513513513513402,3.378378378378372,4.391891891891888,4.054054054054049
3069,CDU,1000,19,0.0,0.0,4.11628733997155,0.0,1.0,3.3783783783783767,1.9381223328591872,4.747510668563301,1.3869132290184822,2.7560455192034112,8.943812233285918,4.925320056899004,3.0405405405405403,0.0,3.378378378378372,8.108108108108098,3.0405405405405475,2.7027027027027017
1766,FDP,1000,19,0.0,1.0,4.368183973447134,0.0,1.0,1.407657657657662,2.6849217638691343,2.489331436699864,5.743243243243242,6.3122332859175,8.17923186344239,0.8001422475106708,1.013513513513523,0.3378378378378386,0.6756756756756772,1.3513513513513615,3.0405405405405475,2.0270270270270245
2874,SPD,1000,19,0.0,1.0,5.912162162162164,1.0,1.0,2.5900900900900843,0.7823613086770962,2.0803698435277482,15.842816500711244,3.236130867709818,6.472261735419622,7.0590327169274545,2.364864864864856,2.0270270270270316,3.0405405405405403,2.0270270270270245,4.3918918918918735,1.6891891891891788
2522,bunt.saar,1000,19,1.0,0.0,4.640825035561876,1.0,1.0,1.5765765765765767,2.0625889046941666,1.4224751066856385,3.9295874822190626,3.022759601706966,10.739687055476516,6.667852062588906,1.0135135135135087,1.0135135135135016,2.3648648648648702,2.3648648648648702,2.3648648648648702,0.3378378378378386
3278,CDU,1000,19,1.0,0.0,4.169630156472259,1.0,0.0,1.126126126126125,5.28093883357041,3.1827880512090942,1.475817923186355,10.046230440967285,4.818634423897571,0.21337126600283796,0.3378378378378315,0.6756756756756772,2.3648648648648702,0.6756756756756701,0.0,2.7027027027027017
1369,DIE LINKE,1000,19,0.0,0.0,6.635253674727355,0.0,0.0,3.209459459459456,3.0761024182076824,5.334281650071112,10.50853485064011,3.0049786628733983,14.029160739687057,3.8584637268847715,4.729729729729726,4.054054054054042,3.7162162162162176,2.0270270270270245,3.7162162162162105,1.0135135135135158
4287,Die Grünen,1000,19,1.0,1.0,3.2390943575154054,1.0,1.0,2.2522522522522515,1.8136557610241795,4.285206258890469,1.8669985775248819,0.604551920341386,6.063300142247506,4.80085348506401,5.067567567567565,0.0,0.675675675675663,2.0270270270270245,1.689189189189193,4.054054054054063
639,FDP,1000,19,0.0,0.0,3.9029160739687043,0.0,1.0,2.139639639639636,1.653627311522051,1.973684210526315,2.6315789473684177,12.517780938833575,3.876244665718346,0.7645803698435216,2.7027027027026946,0.3378378378378386,4.054054054054049,1.3513513513513544,1.3513513513513473,3.0405405405405332
104,CDU,1000,19,1.0,1.0,2.477477477477475,1.0,0.0,2.7027027027027017,0.4267425320056759,1.2802275960170704,4.17852062588905,5.209815078236119,1.9381223328591872,1.831436699857747,0.0,6.081081081081088,1.3513513513513473,1.689189189189186,2.7027027027026946,4.391891891891895
3524,bunt.saar,1000,19,1.0,0.0,3.049431009957322,1.0,1.0,3.6599099099099077,3.805120910384062,0.9779516358463738,1.2446657183499354,4.2496443812233196,7.361308677098144,0.6578947368420955,3.7162162162162176,5.067567567567565,4.054054054054049,3.378378378378372,3.0405405405405475,2.7027027027026946
4760,bunt.saar,1000,19,1.0,1.0,4.48968705547653,1.0,1.0,1.3513513513513555,1.9203413940255984,0.5156472261735416,6.490042674253203,3.4672830725462305,10.633001422475111,3.911806543385495,2.702702702702709,0.3378378378378386,1.689189189189193,2.0270270270270245,0.6756756756756914,0.6756756756756772
4413,Die Grünen,1000,19,1.0,0.0,4.53413940256046,1.0,0.0,3.1531531531531556,0.46230440967283215,5.316500711237566,6.454480796586061,0.6756756756756772,7.62802275960172,6.667852062588906,3.378378378378379,2.0270270270270316,4.054054054054063,4.054054054054056,3.378378378378379,2.0270270270270245
3696,FDP,1000,19,0.0,0.0,3.6154575628259855,0.0,1.0,1.9707207207207216,1.0312944523470904,2.3826458036984377,1.4224751066856385,6.632290184921764,6.472261735419629,3.7517780938833525,3.378378378378372,3.7162162162162176,1.3513513513513615,1.013513513513523,1.3513513513513473,1.0135135135135087
4931,CDU,1000,19,1.0,1.0,1.3187529634898023,1.0,0.0,4.222972972972973,0.9957325746799413,0.6401137980085352,2.187055476529153,2.2403982930298625,0.017780938833574567,1.831436699857747,1.689189189189186,1.689189189189193,6.756756756756758,0.3378378378378244,9.121621621621628,5.743243243243249
1328,FDP,1000,19,0.0,0.0,4.113323850165959,0.0,0.0,6.081081081081081,1.0846372688477999,5.316500711237566,2.3826458036984377,10.152916073968711,5.423186344238971,0.32005689900427114,0.0,10.810810810810814,5.4054054054054035,7.0945945945945965,7.432432432432428,5.743243243243242
3070,bunt.saar,1000,19,1.0,0.0,3.4228307254623025,1.0,1.0,3.1531531531531507,0.32005689900426404,1.0490753911806578,9.334992887624459,4.534139402560456,4.089615931721191,1.2091038406827863,4.729729729729726,2.7027027027026946,1.0135135135135158,5.4054054054054035,3.0405405405405332,2.0270270270270316
1596,FDP,1000,19,0.0,1.0,2.8775486012328124,0.0,1.0,3.5472972972973005,0.9068278805120968,8.712660028449505,1.2268847795163538,3.09388335704125,0.8712660028449548,2.4537695590327147,4.391891891891902,4.054054054054056,3.7162162162162176,1.3513513513513544,1.689189189189193,6.081081081081081
4149,CDU,1000,19,1.0,1.0,4.747510668563302,1.0,1.0,1.1261261261261264,1.9559032716927405,3.876244665718353,4.374110953058327,3.9118065433855023,7.3790896159317185,6.98790896159317,3.0405405405405475,0.3378378378378244,1.0135135135135087,0.0,2.0270270270270316,0.3378378378378457
1965,FDP,1000,19,0.0,0.0,3.739924134660974,1.0,0.0,2.871621621621626,4.356330014224753,2.187055476529153,1.6358463726884764,6.347795163584628,7.2724039829302995,0.6401137980085352,5.405405405405411,6.756756756756765,2.0270270270270245,0.6756756756756914,0.0,2.364864864864863
2834,Die Grünen,1000,19,1.0,0.0,4.504504504504504,1.0,1.0,6.418918918918918,7.432432432432435,2.773826458036986,3.165007112375534,3.52062588904694,7.503556187766712,2.6315789473684177,0.3378378378378315,6.081081081081081,10.135135135135144,4.054054054054049,7.432432432432435,10.472972972972968
2063,CDU,1000,19,1.0,0.0,3.5087719298245617,1.0,1.0,1.5202702702702702,1.2091038406827863,8.179231863442396,0.8001422475106708,1.3869132290184822,4.783072546230443,4.694167852062591,2.364864864864856,1.689189189189193,0.0,2.0270270270270316,1.689189189189193,1.3513513513513473
3605,FDP,1000,19,1.0,1.0,4.113323850165961,1.0,1.0,1.2387387387387356,6.205547652916081,3.129445234708392,1.475817923186348,5.707681365576114,3.591749644381224,4.569701280227605,1.3513513513513473,1.3513513513513544,1.0135135135135158,2.364864864864856,1.0135135135135087,0.3378378378378315
4437,DIE LINKE,1000,19,1.0,0.0,4.074798482693218,1.0,0.0,2.759009009009006,1.8847795163584706,1.6714082503556114,7.183499288762434,3.840682788051211,6.027738264580371,3.840682788051211,5.4054054054054035,3.7162162162162033,3.0405405405405332,0.3378378378378386,0.6756756756756772,3.378378378378379
2265,DIE LINKE,1000,19,1.0,0.0,5.849928876244665,1.0,0.0,3.6599099099099113,0.7112375533428192,0.7823613086770962,13.53129445234709,1.2268847795163538,10.526315789473685,8.321479374110943,3.0405405405405403,2.0270270270270316,4.729729729729733,5.067567567567565,4.391891891891895,2.7027027027027017
43,CDU,1000,19,0.0,0.0,3.490990990990994,1.0,0.0,1.5765765765765718,4.534139402560456,1.7425320056899025,0.5867709815078399,8.445945945945944,4.12517780938834,1.511379800853483,2.7027027027026946,2.0270270270270245,0.0,2.364864864864856,1.689189189189186,0.6756756756756701
4116,CDU,1000,19,1.0,0.0,6.001066856330012,1.0,0.0,4.166666666666669,1.404694167852064,6.667852062588906,10.633001422475104,5.209815078236119,4.018492176386907,8.07254623044097,5.067567567567572,0.3378378378378386,2.3648648648648702,10.810810810810807,1.6891891891892001,4.729729729729726
3534,FDP,1000,19,1.0,1.0,6.143314366998581,1.0,0.0,5.518018018018019,4.658605974395456,7.556899004267429,8.090327169274545,3.271692745376953,5.2631578947368425,8.01920341394026,8.445945945945937,3.0405405405405403,6.418918918918919,3.378378378378386,4.729729729729733,7.0945945945945965
868,bunt.saar,1000,19,1.0,0.0,9.278686581318164,1.0,1.0,4.054054054054057,2.916073968705547,7.752489331436706,10.455192034139408,5.778805120910384,16.554054054054063,12.215504978662878,4.054054054054056,1.689189189189186,4.391891891891902,4.391891891891895,4.391891891891902,5.4054054054054035
14,FDP,1000,19,1.0,1.0,8.795637743006166,1.0,1.0,0.0,7.04125177809388,6.899004267425319,9.210526315789473,12.553342816500717,7.752489331436703,9.317211948790895,0.0,0.0,0.0,0.0,0.0,0.0
3168,CDU,1000,19,1.0,1.0,3.6243480322427715,0.0,0.0,2.027027027027026,4.978662873399728,4.729729729729726,2.6849217638691414,1.262446657183503,2.7916073968705533,5.298719772403977,0.6756756756756843,2.702702702702709,2.0270270270270245,5.4054054054054035,0.3378378378378244,1.0135135135135087
4864,FDP,1000,19,1.0,0.0,5.814366998577525,1.0,0.0,3.0405405405405452,7.788051209103841,5.352062588904694,6.116642958748223,2.720483641536269,6.650071123755332,6.258890469416791,3.7162162162162176,3.7162162162162176,1.0135135135135158,6.4189189189189335,1.0135135135135158,2.3648648648648702
1221,CDU,1000,19,0.0,0.0,3.3665244191559984,1.0,1.0,2.1959459459459487,6.276671408250358,2.578236130867701,0.1955903271692847,4.445234708392597,5.334281650071119,1.369132290184929,1.689189189189186,0.3378378378378386,2.702702702702709,2.0270270270270316,2.3648648648648702,4.054054054054056
3913,bunt.saar,1000,19,0.0,1.0,4.089615931721195,1.0,1.0,1.1261261261261215,4.42745376955903,5.903271692745378,4.9075391180654435,1.1201991465149348,5.156472261735409,3.022759601706973,1.689189189189193,2.0270270270270174,0.6756756756756701,0.0,1.689189189189186,0.675675675675663
2776,FDP,1000,19,1.0,0.0,4.107396870554765,1.0,0.0,3.8288288288288257,1.760312944523477,2.578236130867701,3.876244665718346,5.849928876244675,5.209815078236126,5.3698435277382615,3.7162162162162105,5.067567567567565,1.689189189189193,5.067567567567565,3.378378378378372,4.054054054054049
2530,SPD,1000,19,0.0,0.0,9.841749644381226,1.0,0.0,8.220720720720722,2.6137980085348502,6.1877667140825,19.87908961593172,6.330014224751075,15.700568990042676,8.339260312944532,5.743243243243242,0.3378378378378386,13.513513513513509,12.162162162162161,10.810810810810814,6.756756756756772
1868,bunt.saar,1000,19,1.0,0.0,5.023115220483645,1.0,1.0,1.4639639639639601,3.3250355618776624,5.369843527738276,2.631578947368425,2.6849217638691343,12.393314366998567,3.7339971550498063,1.3513513513513473,0.3378378378378386,1.3513513513513544,2.364864864864863,3.0405405405405332,0.3378378378378244
3732,SPD,1000,19,0.0,0.0,7.651730678046465,0.0,0.0,3.6599099099099064,3.165007112375534,3.805120910384062,9.566145092460879,3.307254623044095,14.544807965860592,11.522048364153626,5.743243243243242,0.6756756756756772,2.7027027027026946,1.689189189189186,7.432432432432421,3.7162162162162176
1606,SPD,1000,19,1.0,0.0,2.510075865339021,1.0,0.0,2.9842342342342385,1.0668563300142253,1.262446657183503,4.87197724039828,0.16002844950213557,3.485064011379805,4.2140825035561775,1.0135135135135087,1.689189189189193,4.054054054054063,1.3513513513513615,5.4054054054054035,4.391891891891902
4029,DIE LINKE,1000,19,1.0,0.0,1.6684447605500228,1.0,0.0,4.222972972972972,1.2802275960170704,1.3157894736842124,1.5291607396870575,2.2403982930298625,2.809388335704128,0.8357041251778057,1.0135135135135087,1.3513513513513473,7.0945945945945965,3.0405405405405332,7.0945945945945965,5.743243243243249
4858,Die Grünen,1000,19,0.0,0.0,5.307610241820768,0.0,1.0,2.195945945945945,0.32005689900426404,6.525604551920338,6.276671408250358,2.0270270270270316,7.859174964438118,8.837126600284499,1.0135135135135158,3.378378378378372,1.3513513513513473,2.7027027027026946,2.3648648648648702,2.3648648648648702
4738,Die Grünen,1000,19,0.0,0.0,6.925675675675677,0.0,0.0,8.164414414414416,1.3157894736842124,3.0761024182076895,11.201991465149362,6.632290184921764,12.464438122332858,6.863442389758177,6.756756756756758,3.378378378378393,11.148648648648646,7.432432432432435,12.162162162162154,8.108108108108112
4197,bunt.saar,1000,19,1.0,0.0,5.301683262209578,1.0,0.0,2.0833333333333357,0.37339971550497353,1.760312944523477,9.51280227596017,2.8449502133712627,11.16642958748222,6.152204836415365,2.364864864864863,0.3378378378378386,0.6756756756756772,2.0270270270270245,3.378378378378386,3.7162162162162247
3326,FDP,1000,19,0.0,1.0,4.463015647226174,1.0,1.0,2.3085585585585604,2.6849217638691343,1.689189189189186,4.960881934566153,7.752489331436699,7.628022759601706,2.0625889046941666,1.689189189189193,0.3378378378378386,2.702702702702709,0.6756756756756772,4.729729729729726,3.7162162162162176
5199,bunt.saar,1000,19,1.0,0.0,6.398174490279753,1.0,0.0,12.218468468468467,7.645803698435273,5.45874822190612,5.921052631578945,4.729729729729733,12.802275960170697,1.831436699857747,5.743243243243242,8.108108108108112,13.851351351351347,13.851351351351354,17.229729729729726,14.527027027027032
3857,FDP,1000,19,0.0,0.0,5.719535324798481,0.0,1.0,2.6463963963963963,2.7916073968705533,4.409672830725462,1.404694167852064,12.99786628733996,8.694879089615931,4.018492176386914,3.7162162162162176,3.7162162162162176,1.0135135135135087,1.689189189189186,1.0135135135135158,4.729729729729733
5029,FDP,1000,19,1.0,0.0,4.771218587008062,1.0,0.0,2.8153153153153148,3.8584637268847715,1.333570412517787,9.83285917496444,1.760312944523477,6.383357041251777,5.45874822190612,3.7162162162162176,1.3513513513513544,4.054054054054056,1.6891891891891788,4.391891891891888,1.689189189189193
4717,FDP,1000,19,0.0,1.0,2.438952110004744,1.0,1.0,2.4211711711711694,0.35561877667140607,0.07112375533427695,2.631578947368425,5.600995732574688,0.9423897581792389,5.03200568990043,2.0270270270270174,2.364864864864863,2.0270270270270316,3.0405405405405332,2.0270270270270316,3.0405405405405403
2094,SPD,1000,19,1.0,1.0,3.956258890469416,1.0,0.0,5.574324324324327,2.9694167852062563,3.1116642958748244,5.1031294452347,3.8940256045519206,2.6137980085348573,6.045519203413939,3.7162162162162176,4.054054054054063,7.0945945945945965,5.743243243243242,6.418918918918919,6.418918918918926
3610,Die Grünen,1000,19,0.0,1.0,6.1936936936936915,0.0,1.0,2.533783783783786,2.578236130867701,6.347795163584642,3.591749644381224,4.551920341394016,15.256045519203411,4.836415362731152,2.3648648648648702,2.0270270270270245,2.0270270270270316,1.3513513513513544,5.067567567567565,2.3648648648648702
4150,Die Grünen,1000,19,1.0,1.0,3.102773826458036,1.0,1.0,5.0675675675675675,1.475817923186355,8.001422475106693,1.9203413940255984,1.2268847795163538,4.125177809388333,1.8669985775248819,3.0405405405405332,6.4189189189189335,5.743243243243242,5.405405405405411,5.743243243243249,4.054054054054035
5205,FDP,1000,19,1.0,1.0,3.4524656235182527,0.0,1.0,4.279279279279277,2.9871977240398238,2.507112375533424,2.3470839260312886,5.103129445234707,6.54338549075392,1.2268847795163538,2.364864864864863,2.0270270270270316,8.108108108108098,4.729729729729726,3.0405405405405332,5.405405405405411
4620,FDP,1000,19,1.0,1.0,3.4613560929350413,1.0,0.0,1.9144144144144128,2.293741109530579,1.191322901849226,3.840682788051211,1.8136557610241795,10.06401137980086,1.5647226173541924,0.3378378378378386,1.3513513513513473,0.3378378378378386,4.054054054054049,3.7162162162162176,1.689189189189186
883,bunt.saar,1000,19,1.0,0.0,3.49691797060218,1.0,0.0,1.8581081081081088,0.017780938833574567,0.017780938833574567,4.87197724039828,1.4580369843527734,11.184210526315788,3.4317211948790884,1.3513513513513544,0.6756756756756772,1.013513513513523,2.0270270270270245,3.0405405405405403,3.0405405405405332
295,FDP,1000,19,0.0,1.0,3.028686581318162,1.0,1.0,1.5765765765765754,1.3157894736842124,2.631578947368425,1.511379800853483,6.970128022759603,1.511379800853483,4.231863442389766,1.689189189189193,0.6756756756756772,1.689189189189186,2.364864864864856,2.0270270270270316,1.0135135135135087
1959,bunt.saar,1000,19,1.0,0.0,2.441915599810334,1.0,1.0,1.6891891891891895,0.6401137980085352,0.7467994310099471,3.271692745376953,0.3911806543385481,6.827880512091042,2.7738264580369787,3.378378378378372,2.3648648648648702,0.3378378378378386,3.378378378378379,0.6756756756756772,0.0
3675,FDP,1000,19,1.0,1.0,4.839378852536748,1.0,1.0,2.3648648648648645,4.249644381223341,4.000711237553347,6.098862019914648,4.694167852062584,4.694167852062591,5.298719772403977,1.689189189189186,2.702702702702709,3.0405405405405403,1.3513513513513544,1.689189189189186,3.7162162162162105
3237,Die Grünen,1000,19,1.0,0.0,4.673423423423429,0.0,1.0,1.0698198198198234,3.2183499288762576,1.0312944523470904,6.97012802275961,0.8179231863442382,9.050497866287337,6.952347083926043,0.3378378378378457,2.702702702702709,0.6756756756756772,2.0270270270270316,0.3378378378378386,0.3378378378378386
1115,Die Grünen,1000,19,0.0,1.0,4.993480322427691,0.0,1.0,0.7319819819819813,6.13442389758179,2.916073968705547,5.600995732574688,4.978662873399713,7.752489331436706,2.578236130867701,0.3378378378378315,1.0135135135135087,1.0135135135135158,0.6756756756756843,1.3513513513513473,0.0
4951,FDP,1000,19,1.0,1.0,4.457088667614982,1.0,1.0,1.2950450450450457,7.841394025604551,1.1379800853485094,5.743243243243242,2.9871977240398238,6.756756756756758,2.2759601706970045,0.6756756756756843,0.3378378378378457,3.378378378378372,1.689189189189186,0.3378378378378457,1.3513513513513402
5123,bunt.saar,1000,19,0.0,0.0,4.024419155998104,0.0,0.0,2.364864864864863,0.49786628733995997,0.3022759601707037,4.623044096728307,2.809388335704128,7.556899004267429,8.3570412517781,4.391891891891902,0.3378378378378315,0.3378378378378315,2.7027027027027017,0.6756756756756701,5.743243243243242
3910,FDP,1000,19,0.0,1.0,7.399834044570885,0.0,1.0,4.166666666666668,1.973684210526315,2.7916073968705533,9.10384068278806,9.068278805120912,11.486486486486477,9.975106685632998,5.067567567567565,2.364864864864856,3.7162162162162105,9.121621621621628,0.3378378378378457,4.391891891891902
234,SPD,1000,19,1.0,0.0,4.3296586059743944,1.0,1.0,3.490990990990987,6.507823613086771,1.2268847795163538,1.5291607396870575,10.366287339971542,0.9601706970128063,5.387624466571836,1.3513513513513473,6.756756756756751,3.7162162162162176,2.364864864864856,4.391891891891881,2.3648648648648702
3710,bunt.saar,1000,19,1.0,0.0,6.214438122332855,1.0,0.0,2.4774774774774784,3.5384068278805074,2.080369843527741,7.930298719772395,7.3790896159317185,8.588193456614498,7.770270270270274,3.0405405405405475,4.729729729729733,0.6756756756756701,2.7027027027027017,1.0135135135135087,2.702702702702709
541,Die Grünen,1000,19,1.0,0.0,4.783072546230439,1.0,0.0,2.195945945945944,1.2268847795163538,1.9914651493598896,5.52987197724039,4.285206258890469,9.566145092460879,6.098862019914655,0.3378378378378386,3.378378378378372,1.3513513513513402,4.729729729729733,1.013513513513523,2.364864864864856
789,SPD,1000,19,1.0,1.0,2.3115220483641536,1.0,0.0,7.995495495495498,1.2802275960170704,2.5426742532005733,2.080369843527741,3.4672830725462305,2.9871977240398238,1.511379800853483,1.013513513513523,5.405405405405411,11.82432432432433,4.391891891891895,12.837837837837832,12.5
3861,bunt.saar,1000,19,1.0,0.0,4.889758179231868,1.0,1.0,2.3648648648648667,2.471550497866282,2.275960170697026,9.014935988620195,3.058321479374108,7.681365576102436,4.8364153627311595,3.0405405405405332,2.0270270270270174,2.3648648648648702,4.054054054054056,1.01351351351353,1.689189189189193
664,Die Grünen,1000,19,0.0,0.0,6.015884305357989,1.0,1.0,2.4211711711711743,0.4800853485063925,4.054054054054063,11.095305832147943,1.7069701280227534,12.393314366998567,6.365576102418217,2.0270270270270245,1.689189189189193,3.7162162162162247,2.7027027027027017,3.7162162162162105,0.6756756756756914
4258,Die Grünen,1000,19,1.0,0.0,6.730085348506403,1.0,1.0,2.139639639639642,2.8982930298719793,4.231863442389766,8.161450924608815,5.529871977240397,11.682076813655769,7.876955903271693,1.013513513513523,0.6756756756756843,3.7162162162162105,4.391891891891888,2.702702702702709,0.3378378378378386
4723,FDP,1000,19,1.0,0.0,4.273352299668087,1.0,1.0,3.209459459459463,3.3250355618776624,6.276671408250351,0.8001422475106708,6.347795163584635,4.463015647226172,4.42745376955903,2.702702702702716,2.7027027027026946,3.0405405405405475,6.081081081081081,2.0270270270270316,2.702702702702709
306,bunt.saar,1000,19,1.0,0.0,3.431721194879085,1.0,1.0,4.673423423423425,0.10668563300142608,2.0625889046941666,2.187055476529153,9.957325746799427,6.1877667140825,0.0889046941678373,2.7027027027027017,5.067567567567565,8.445945945945944,6.756756756756758,1.689189189189193,3.378378378378386
128,bunt.saar,1000,19,0.0,0.0,5.150545282124226,1.0,0.0,0.7882882882882877,4.480796586059739,0.3378378378378386,9.619487908961581,1.8136557610241795,8.908250355618776,5.743243243243242,0.3378378378378315,1.0135135135135087,1.689189189189186,1.013513513513523,0.3378378378378386,0.3378378378378386
3207,bunt.saar,1000,19,1.0,0.0,5.289829302987198,1.0,1.0,1.9707207207207205,2.044807965860592,5.992176386913229,7.876955903271693,1.1913229018492189,11.664295874822194,2.9694167852062634,1.0135135135135087,1.0135135135135016,0.3378378378378386,3.7162162162162176,1.689189189189193,4.054054054054063
3367,FDP,1000,19,0.0,1.0,3.061284969179706,0.0,0.0,6.137387387387387,0.17780938833571014,2.7027027027026946,0.7112375533428192,7.859174964438118,2.5426742532005733,4.37411095305832,4.729729729729733,3.7162162162162176,6.081081081081074,5.067567567567565,8.108108108108112,9.121621621621621
1725,Die Grünen,1000,19,0.0,0.0,3.7606685633001398,0.0,0.0,3.3220720720720713,2.5248933143669916,3.485064011379805,7.788051209103841,6.472261735419629,1.1379800853485094,1.1557610241820626,5.743243243243249,2.7027027027026946,0.6756756756756701,7.770270270270267,2.7027027027027017,0.3378378378378457
1384,CDU,1000,19,1.0,0.0,4.883831199620674,1.0,0.0,3.378378378378374,6.543385490753913,1.7425320056899025,5.529871977240397,1.2446657183499354,8.588193456614498,5.654338549075398,5.743243243243249,4.729729729729726,1.689189189189186,4.054054054054042,3.7162162162162176,0.3378378378378244
5017,FDP,1000,19,0.0,1.0,3.2094594594594583,1.0,1.0,1.2950450450450492,1.8136557610241795,3.6095305832147915,4.302987197724036,4.17852062588905,3.165007112375541,2.187055476529153,1.0135135135135158,0.3378378378378386,2.0270270270270245,0.6756756756756914,2.0270270270270316,1.689189189189193
4647,FDP,1000,19,1.0,0.0,4.300023707918444,1.0,1.0,2.3648648648648654,3.9651493598862118,1.2268847795163538,3.5384068278805074,6.721194879089616,3.09388335704125,7.254623044096725,1.3513513513513544,2.7027027027027017,2.364864864864863,0.3378378378378386,3.7162162162162176,3.7162162162162176
985,Die Grünen,1000,19,0.0,0.0,3.6154575628259793,0.0,1.0,1.2387387387387416,7.788051209103841,0.17780938833570303,4.089615931721184,1.2624466571834958,8.232574679943099,0.1422475106685539,0.0,1.3513513513513544,0.0,2.3648648648648702,0.3378378378378386,3.378378378378386
1619,CDU,1000,19,1.0,1.0,3.473210052157421,1.0,1.0,2.6463963963963955,0.9957325746799413,1.3869132290184822,2.631578947368425,6.863442389758184,5.921052631578952,3.0405405405405403,0.3378378378378386,2.0270270270270316,2.364864864864863,1.0135135135135087,5.743243243243242,4.391891891891888
193,bunt.saar,1000,19,0.0,0.0,5.968468468468469,1.0,0.0,1.4076576576576574,1.7780938833570303,3.1294452347083848,10.526315789473685,2.3293029871977353,12.428876244665723,5.618776671408256,0.3378378378378386,1.0135135135135158,2.7027027027026946,1.0135135135135087,2.702702702702709,0.6756756756756772
4746,FDP,1000,19,1.0,1.0,2.678994784257944,1.0,1.0,3.603603603603601,4.231863442389766,1.2802275960170775,0.8534850640113874,0.4267425320056759,3.876244665718353,5.4054054054054035,1.689189189189186,4.729729729729726,0.3378378378378386,2.0270270270270174,4.7297297297297405,8.108108108108098
4552,SPD,1000,19,0.0,0.0,2.907183499288763,0.0,1.0,2.0270270270270316,0.3911806543385552,3.627311522048366,0.16002844950213557,4.17852062588905,5.209815078236119,3.876244665718353,3.7162162162162176,2.0270270270270316,2.3648648648648702,0.6756756756756772,0.3378378378378457,3.0405405405405475
2406,bunt.saar,1000,19,0.0,0.0,6.036628733997154,0.0,1.0,2.421171171171173,6.027738264580371,0.053342816500716594,7.503556187766712,3.7517780938833525,11.36201991465149,7.5213371266002795,0.3378378378378386,2.702702702702709,4.7297297297297405,1.689189189189193,3.378378378378372,1.689189189189186
3624,FDP,1000,19,1.0,1.0,7.340564248458988,1.0,0.0,1.8581081081081088,7.788051209103841,7.574679943100996,8.428165007112383,1.2980085348506378,16.269559032716927,2.6849217638691414,2.0270270270270245,2.0270270270270316,4.391891891891895,1.0135135135135158,1.3513513513513473,0.3378378378378386
2722,FDP,1000,19,1.0,1.0,3.7488146040777637,0.0,0.0,3.0405405405405426,3.8940256045519206,5.707681365576107,1.191322901849226,2.258179231863444,6.934566145092461,2.507112375533424,0.3378378378378457,3.378378378378379,4.391891891891888,2.702702702702709,4.054054054054056,3.378378378378379
3533,bunt.saar,1000,19,1.0,1.0,3.517662399241349,1.0,1.0,5.912162162162161,3.6095305832147915,2.738264580369851,2.880512091038412,3.8584637268847786,7.005689900426745,1.0135135135135158,6.756756756756751,2.3648648648648702,5.067567567567565,10.810810810810807,5.067567567567558,5.405405405405418
3630,bunt.saar,1000,19,1.0,0.0,7.242769084874348,1.0,1.0,1.2387387387387452,5.03200568990043,7.02347083926032,9.10384068278804,3.1472261735419664,12.766714082503547,6.383357041251784,1.013513513513523,2.0270270270270316,0.3378378378378528,2.0270270270270316,1.689189189189193,0.3378378378378386
282,FDP,1000,19,0.0,1.0,4.1014698909435765,1.0,1.0,1.351351351351352,2.0270270270270316,2.6493598862019923,1.724751066856335,12.837837837837839,5.334281650071123,0.035561877667138475,2.364864864864863,3.0405405405405403,0.33783783783784216,1.3513513513513544,0.6756756756756737,0.3378378378378386
2644,CDU,1000,19,1.0,0.0,4.2407539118065385,1.0,1.0,4.05405405405405,3.1294452347083777,8.570412517780944,1.4224751066856243,6.294452347083919,5.814366998577526,0.21337126600283796,7.094594594594589,2.364864864864863,5.743243243243235,3.7162162162162176,3.0405405405405332,2.364864864864863
4321,CDU,1000,19,1.0,1.0,6.027738264580371,1.0,1.0,0.5630630630630655,5.95661450924608,5.45874822190612,6.081081081081088,7.82361308677099,5.778805120910384,5.067567567567565,0.6756756756756701,0.6756756756756701,0.3378378378378457,0.6756756756756843,0.6756756756756843,0.3378378378378386
1916,bunt.saar,1000,19,1.0,1.0,4.25557136083452,1.0,1.0,1.5202702702702677,10.028449502133718,0.5334281650071233,1.4935988620199083,1.511379800853483,10.68634423897582,1.2802275960170704,0.3378378378378244,3.0405405405405403,1.0135135135135158,0.6756756756756701,2.702702702702709,1.3513513513513473
4732,CDU,1000,19,0.0,1.0,2.4952584163110534,0.0,1.0,1.5765765765765838,2.0803698435277482,1.4224751066856385,0.8712660028449477,0.5867709815078399,7.94807965860598,2.0625889046941666,0.3378378378378528,0.3378378378378386,0.3378378378378457,6.4189189189189335,0.6756756756756843,1.3513513513513473
464,CDU,1000,19,0.0,1.0,3.1531531531531543,0.0,1.0,4.617117117117114,3.2894736842105345,5.298719772403977,2.987197724039838,1.1201991465149348,3.3250355618776624,2.8982930298719793,0.3378378378378386,4.054054054054042,7.432432432432435,3.378378378378379,6.756756756756751,5.743243243243235
3522,bunt.saar,1000,19,1.0,0.0,6.5285680417259355,1.0,0.0,3.153153153153157,5.387624466571829,1.0135135135135087,7.716927453769557,5.316500711237566,12.251066856329999,7.485775248933152,4.054054054054049,1.3513513513513615,2.3648648648648702,4.054054054054063,3.0405405405405332,4.054054054054063
980,Die Grünen,1000,19,0.0,0.0,5.627667140825037,1.0,0.0,6.644144144144144,4.12517780938834,4.302987197724043,6.258890469416784,0.23115220483641252,13.246799431009954,5.600995732574688,3.378378378378379,2.364864864864856,9.459459459459467,4.391891891891895,8.783783783783775,11.486486486486491
3173,SPD,1000,19,0.0,1.0,4.214082503556185,1.0,1.0,2.533783783783781,0.49786628733995997,4.836415362731152,8.268136557610234,2.0625889046941666,6.507823613086771,3.1116642958748244,3.378378378378372,0.3378378378378386,2.702702702702709,5.067567567567565,0.675675675675663,3.0405405405405403
3038,CDU,1000,19,1.0,0.0,4.5489568515884296,1.0,0.0,1.4639639639639601,6.223328591749642,2.080369843527741,2.6137980085348573,6.401137980085352,8.19701280227595,1.7780938833570374,0.6756756756756701,3.378378378378379,1.0135135135135087,3.0405405405405403,0.3378378378378244,0.3378378378378386
2112,bunt.saar,1000,19,1.0,1.0,6.26778093883357,1.0,1.0,0.675675675675676,8.17923186344239,4.107396870554766,4.480796586059739,4.054054054054049,14.49146514935989,2.293741109530586,0.0,1.0135135135135158,0.6756756756756772,0.6756756756756701,0.6756756756756772,1.0135135135135158
3680,bunt.saar,1000,19,1.0,0.0,3.3428165007112356,0.0,0.0,5.067567567567571,2.4537695590327075,2.7204836415362763,3.520625889046933,0.9957325746799413,8.463726884779518,1.902560455192038,4.054054054054063,3.378378378378379,4.391891891891888,7.432432432432435,6.081081081081081,5.067567567567579
3585,bunt.saar,1000,19,1.0,0.0,6.851588430535798,1.0,1.0,3.9977477477477463,4.338549075391185,3.413940256045514,9.939544807965845,1.2091038406827934,12.535561877667142,9.672830725462305,1.689189189189186,1.3513513513513544,5.743243243243228,3.0405405405405475,6.418918918918919,5.743243243243242
2038,Die Grünen,1000,19,0.0,0.0,6.350758653390233,1.0,1.0,1.8581081081081112,0.40896159317212266,3.236130867709818,7.6635846372688405,5.03200568990043,15.433854907539121,6.330014224751068,1.0135135135135158,1.689189189189193,3.378378378378386,0.3378378378378386,1.3513513513513473,3.378378378378386
4026,FDP,1000,19,1.0,1.0,4.886794689426265,0.0,1.0,1.1261261261261215,6.916785206258886,4.391891891891895,3.59174964438121,4.67638691322901,7.574679943100996,2.1692745376955926,1.689189189189193,2.364864864864863,1.0135135135135087,0.675675675675663,0.6756756756756701,0.3378378378378315
4341,Die Grünen,1000,19,0.0,0.0,4.4155998103366505,0.0,0.0,2.59009009009009,0.053342816500716594,8.090327169274545,5.885490753911803,1.1557610241820626,4.889758179231862,6.418918918918912,3.7162162162162247,1.3513513513513473,3.378378378378379,3.7162162162162176,0.3378378378378386,3.0405405405405332
2742,bunt.saar,1000,19,1.0,1.0,3.138335704125178,1.0,0.0,2.083333333333332,1.2268847795163538,0.1422475106685539,4.160739687055468,6.347795163584635,4.391891891891902,2.560455192034155,4.391891891891895,0.0,0.3378378378378386,5.4054054054054035,1.3513513513513402,1.0135135135135158
3938,bunt.saar,1000,19,1.0,0.0,2.723447131341866,0.0,1.0,2.0833333333333357,3.8584637268847715,0.604551920341386,0.6223328591749677,2.4182076813655797,5.8321479374110865,3.0049786628734054,1.3513513513513473,2.702702702702709,3.7162162162162176,0.3378378378378386,4.054054054054056,0.3378378378378457
545,bunt.saar,1000,19,1.0,0.0,2.2226173541962972,1.0,1.0,2.3085585585585555,3.7162162162162176,3.840682788051197,0.21337126600283796,1.3157894736842124,2.471550497866289,1.7780938833570303,0.0,4.3918918918918735,3.378378378378386,2.7027027027027017,2.3648648648648702,1.0135135135135016
95,bunt.saar,1000,19,1.0,1.0,5.580251303935509,1.0,1.0,2.1396396396396384,2.044807965860592,7.2724039829302995,5.476529160739673,0.03556187766713492,10.401849217638691,8.250355618776666,3.378378378378393,1.3513513513513473,0.3378378378378244,1.0135135135135087,3.0405405405405475,3.7162162162162105
308,FDP,1000,19,0.0,0.0,3.250948316737792,0.0,0.0,2.702702702702703,7.770270270270274,2.151493598862025,4.071834992887624,3.556187766714082,1.1024182076813602,0.8534850640113874,1.0135135135135087,5.067567567567572,2.0270270270270316,1.689189189189186,2.364864864864863,4.054054054054056
1836,Die Grünen,1000,19,1.0,0.0,3.968112849691797,1.0,1.0,0.9572072072072094,5.1209103840682815,0.6223328591749677,4.160739687055468,2.2048364153627347,8.339260312944532,3.3605974395447973,1.3513513513513544,1.0135135135135087,0.0,1.3513513513513473,1.01351351351353,1.0135135135135158
1935,CDU,1000,19,1.0,0.0,4.157776197249878,1.0,0.0,1.5202702702702713,0.12446657183498644,0.6756756756756772,7.307965860597427,3.556187766714082,6.027738264580371,7.254623044096725,1.0135135135135158,4.729729729729726,0.3378378378378457,2.0270270270270316,0.3378378378378386,0.6756756756756701
2296,Die Grünen,1000,19,0.0,1.0,4.753437648174491,0.0,1.0,2.5900900900900923,2.7027027027026946,4.409672830725462,4.463015647226172,5.849928876244675,10.526315789473685,0.5689900426742582,1.013513513513523,2.7027027027026946,2.3648648648648702,0.675675675675663,2.3648648648648702,6.4189189189189335
359,SPD,1000,19,0.0,0.0,5.452821242294924,0.0,0.0,2.477477477477477,0.7290184921763796,4.551920341394016,8.570412517780944,1.1735419630156443,11.237553342816497,6.454480796586061,3.378378378378372,2.702702702702709,2.364864864864863,0.6756756756756843,4.729729729729726,1.0135135135135087
635,FDP,1000,19,0.0,1.0,5.953651019440492,1.0,1.0,1.2387387387387367,7.23684210526315,4.551920341394016,6.774537695590325,7.930298719772395,1.6714082503556327,7.556899004267429,0.3378378378378386,1.3513513513513473,1.689189189189193,0.0,1.6891891891891788,2.364864864864863
1396,DIE LINKE,1000,19,1.0,0.0,3.1709340919867244,1.0,0.0,2.702702702702703,3.0761024182076824,0.32005689900426404,5.867709815078236,1.2268847795163538,3.8229018492176436,4.711948790896166,4.054054054054049,0.6756756756756772,0.3378378378378386,7.770270270270274,2.0270270270270316,1.3513513513513473
3027,CDU,1000,19,1.0,0.0,4.418563300142247,1.0,1.0,2.364864864864863,4.60526315789474,2.3115220483641536,4.018492176386907,8.766002844950215,5.743243243243242,1.0668563300142253,3.7162162162162105,2.702702702702709,2.0270270270270316,2.0270270270270174,1.3513513513513473,2.364864864864863
4194,DIE LINKE,1000,19,0.0,0.0,2.4952584163110494,1.0,1.0,3.0405405405405403,1.2446657183499354,3.2894736842105345,1.7780938833570303,5.0853485064011394,2.631578947368425,0.9423897581792318,2.7027027027026946,0.6756756756756772,4.7297297297297405,4.054054054054056,5.067567567567565,1.0135135135135087
5015,SPD,1000,19,0.0,1.0,5.663229018492181,0.0,1.0,2.0833333333333344,0.4445234708392647,3.022759601706973,9.566145092460886,2.400426742532005,10.91749644381224,7.62802275960172,1.0135135135135158,0.675675675675663,1.3513513513513544,2.7027027027027017,4.391891891891902,2.3648648648648702
5068,CDU,1000,19,0.0,0.0,3.6362019914651484,1.0,0.0,2.5337837837837847,5.156472261735409,1.546941678520632,1.4224751066856385,7.076813655761022,2.951635846372689,3.662873399715501,1.3513513513513615,0.6756756756756772,1.689189189189186,2.3648648648648702,3.378378378378379,5.743243243243235
4837,FDP,1000,19,0.0,1.0,6.53153153153153,1.0,1.0,0.5630630630630625,3.520625889046933,5.03200568990043,7.610241820768138,12.535561877667135,0.46230440967283215,10.02844950213371,0.3378378378378386,0.3378378378378315,0.0,1.689189189189186,0.6756756756756808,0.3378378378378386
4403,bunt.saar,1000,19,0.0,0.0,4.457088667614985,1.0,0.0,1.6891891891891895,2.5248933143669916,8.481507823613093,1.2802275960170704,0.46230440967283215,11.041963015647227,2.951635846372696,2.0270270270270245,2.702702702702709,1.3513513513513473,2.3648648648648702,1.0135135135135087,0.6756756756756772
2829,FDP,1000,19,1.0,0.0,4.528212422949263,1.0,1.0,0.7882882882882901,7.183499288762434,2.507112375533424,5.654338549075398,4.018492176386907,5.51209103840683,2.293741109530586,1.3513513513513544,2.0270270270270316,0.0,0.0,1.3513513513513544,0.0
3245,FDP,1000,19,0.0,1.0,2.2759601706970094,1.0,1.0,1.2950450450450468,0.21337126600283796,1.4402560455191917,1.4580369843527734,5.636557610241823,2.5604551920341407,2.3470839260312886,1.6891891891892001,1.0135135135135087,1.0135135135135087,0.3378378378378386,2.0270270270270316,1.689189189189193
4895,bunt.saar,1000,19,1.0,0.0,2.670104314841159,1.0,1.0,1.1824324324324362,4.587482219061165,0.2489331436700013,1.2980085348506378,0.1955903271692776,5.832147937411094,3.8584637268847786,1.0135135135135087,1.01351351351353,2.364864864864856,0.3378378378378386,1.3513513513513544,1.01351351351353
4397,FDP,1000,19,0.0,0.0,4.851232811759125,0.0,0.0,3.040540540540539,0.9957325746799413,9.121621621621621,2.5960170697012828,8.392603129445234,0.7645803698435216,7.23684210526315,3.7162162162162105,5.067567567567565,2.0270270270270316,4.054054054054049,0.3378378378378386,3.0405405405405403
3761,Die Grünen,1000,19,1.0,0.0,3.9236605026078712,1.0,1.0,2.9279279279279287,1.2268847795163538,3.0049786628734054,2.2403982930298696,5.067567567567565,9.726173541963014,2.2759601706970187,3.7162162162162176,0.6756756756756843,0.6756756756756772,6.756756756756751,2.7027027027026946,3.0405405405405475
4653,DIE LINKE,1000,19,0.0,0.0,5.346135609293505,1.0,1.0,2.364864864864861,4.2140825035561775,5.014224751066848,6.258890469416791,5.423186344238985,7.485775248933145,3.6806543385490826,7.094594594594589,1.0135135135135016,0.6756756756756701,4.054054054054056,1.0135135135135087,0.3378378378378386
1374,SPD,1000,19,0.0,1.0,3.449502133712661,0.0,1.0,5.1238738738738725,0.9246088193456643,4.142958748221901,8.01920341394026,0.2844950213371291,7.130156472261724,0.1955903271692847,7.094594594594589,1.3513513513513544,5.4054054054054035,6.756756756756751,7.432432432432428,2.702702702702709
3699,CDU,1000,19,0.0,1.0,4.139995258416314,1.0,1.0,2.984234234234234,2.951635846372696,2.151493598862025,5.51209103840683,4.623044096728307,5.707681365576107,3.8940256045519206,2.364864864864856,4.729729729729733,2.0270270270270316,1.0135135135135158,5.743243243243235,2.0270270270270316
2015,bunt.saar,1000,19,1.0,0.0,2.5871266002844955,1.0,0.0,3.3220720720720736,3.2539118065433854,0.40896159317212266,3.6450924608819335,1.9559032716927476,4.783072546230443,1.4758179231863409,8.445945945945958,4.391891891891895,2.7027027027027017,3.378378378378372,1.0135135135135158,0.0
4293,bunt.saar,1000,19,1.0,1.0,7.313892840208635,1.0,1.0,0.5630630630630643,3.627311522048373,11.201991465149362,7.059032716927462,1.2980085348506378,11.557610241820768,9.13940256045521,0.6756756756756772,0.3378378378378386,0.6756756756756772,0.6756756756756772,0.6756756756756772,0.3378378378378386
2410,SPD,1000,19,0.0,1.0,7.115339023233754,0.0,1.0,3.547297297297296,3.94736842105263,9.210526315789465,6.507823613086771,4.089615931721191,7.859174964438111,11.077524893314354,2.7027027027026946,1.3513513513513473,2.702702702702709,3.0405405405405403,5.743243243243242,5.743243243243242
1648,FDP,1000,19,1.0,1.0,2.530820293978183,1.0,1.0,1.1824324324324316,5.334281650071112,3.876244665718346,2.080369843527734,0.7823613086770962,1.689189189189186,1.4224751066856243,1.3513513513513473,0.6756756756756701,2.7027027027027017,0.6756756756756772,0.6756756756756843,1.0135135135135087
141,SPD,1000,19,0.0,1.0,4.181484115694638,0.0,1.0,4.617117117117118,2.8982930298719793,4.516358463726888,5.8677098150782285,0.7645803698435216,7.539118065433854,3.5028449502133583,0.6756756756756843,2.3648648648648702,7.0945945945945965,1.0135135135135158,10.135135135135137,6.418918918918905
788,FDP,1000,19,0.0,0.0,3.974039829302985,1.0,1.0,1.126126126126124,4.267425320056894,3.058321479374115,3.805120910384062,3.307254623044095,6.703413940256041,2.7027027027027017,1.0135135135135158,1.3513513513513473,1.0135135135135087,0.6756756756756701,0.0,2.7027027027027017
4999,bunt.saar,1000,19,0.0,1.0,5.621740161213847,1.0,1.0,1.1261261261261286,2.578236130867701,0.1955903271692847,4.249644381223334,4.80085348506401,14.27809388335703,7.62802275960172,1.0135135135135158,1.0135135135135158,1.689189189189193,1.0135135135135158,0.6756756756756772,1.3513513513513544
1754,bunt.saar,1000,19,1.0,0.0,10.422593646277855,1.0,1.0,1.8581081081081077,7.770270270270274,7.503556187766712,11.69985775248933,8.108108108108105,14.900426742531998,12.553342816500717,1.0135135135135158,1.689189189189186,1.689189189189193,2.7027027027027017,1.3513513513513402,2.702702702702709
1297,FDP,1000,19,0.0,1.0,8.869724988146045,1.0,1.0,1.295045045045048,4.640825035561882,3.0049786628733983,9.76173541963016,12.073257467994324,11.859886201991465,11.877667140825036,1.013513513513523,1.3513513513513473,1.3513513513513544,2.3648648648648702,1.0135135135135158,0.6756756756756772
2865,bunt.saar,1000,19,1.0,0.0,4.537102892366054,1.0,0.0,2.2522522522522537,1.866998577524896,0.26671408250355455,9.370554765291615,3.2894736842105345,6.454480796586061,5.974395448079662,3.378378378378379,3.378378378378372,2.3648648648648702,0.0,1.3513513513513544,3.0405405405405475
780,bunt.saar,1000,19,1.0,1.0,2.8182788051209116,1.0,1.0,2.0833333333333344,1.7069701280227676,4.67638691322901,4.125177809388333,1.4935988620199154,2.4893314366998567,2.418207681365587,0.6756756756756701,0.3378378378378386,1.6891891891891788,0.6756756756756772,2.702702702702709,6.4189189189189335
5172,Die Grünen,1000,19,1.0,0.0,6.673779042200088,1.0,1.0,1.9144144144144128,0.9068278805120897,5.8321479374110865,7.130156472261724,1.9203413940255984,13.904694167852057,10.348506401137975,0.3378378378378457,1.3513513513513473,2.364864864864856,0.3378378378378386,4.391891891891881,2.702702702702709
2262,Die Grünen,1000,19,1.0,0.0,3.9266239924134645,1.0,0.0,1.0698198198198199,6.792318634423893,0.46230440967283215,2.9338549075391214,4.071834992887624,5.0853485064011394,4.2140825035561775,2.364864864864863,1.689189189189186,0.0,0.6756756756756701,1.0135135135135158,0.6756756756756843
2202,bunt.saar,1000,19,1.0,1.0,4.691204362256993,1.0,1.0,7.7702702702702675,2.5426742532005733,2.43598862019914,6.863442389758177,1.4224751066856243,12.28662873399717,2.5960170697012757,5.067567567567565,4.729729729729726,9.797297297297298,7.094594594594589,10.810810810810814,9.121621621621614
1434,FDP,1000,19,1.0,0.0,3.6036036036036037,1.0,0.0,1.8581081081081063,1.831436699857747,0.7823613086770962,4.391891891891895,2.9694167852062563,10.988620199146517,0.6578947368421098,3.378378378378372,1.3513513513513473,1.0135135135135158,0.3378378378378386,3.7162162162162176,1.3513513513513473
4037,FDP,1000,19,1.0,0.0,4.676386913229024,1.0,1.0,1.632882882882883,7.69914651493599,4.000711237553347,1.3157894736842124,5.26315789473685,3.5028449502133725,6.2766714082503725,5.4054054054054035,1.013513513513523,0.6756756756756772,2.0270270270270316,0.0,0.675675675675663
2484,SPD,1000,19,1.0,0.0,3.4346846846846852,1.0,1.0,2.139639639639642,0.4800853485063925,0.12446657183499354,10.312944523470854,0.1422475106685539,2.258179231863437,7.290184921763881,2.364864864864863,2.7027027027026946,3.378378378378393,0.3378378378378386,2.3648648648648702,1.689189189189193
3625,DIE LINKE,1000,19,0.0,0.0,6.457444286391653,0.0,0.0,5.461711711711715,5.529871977240397,10.152916073968711,3.8584637268847715,3.378378378378379,11.735419630156471,4.089615931721191,0.6756756756756843,6.081081081081088,6.418918918918926,3.7162162162162176,10.13513513513513,5.743243243243242
1177,Die Grünen,1000,19,0.0,0.0,5.681009957325746,1.0,0.0,1.2950450450450433,4.42745376955903,3.307254623044095,4.658605974395449,0.7823613086770962,12.07325746799431,8.837126600284499,2.0270270270270316,1.3513513513513544,0.675675675675663,0.6756756756756701,2.0270270270270316,1.0135135135135087
617,FDP,1000,19,0.0,0.0,7.325746799431012,0.0,1.0,4.673423423423422,7.503556187766712,2.5248933143669916,4.445234708392604,9.530583214793744,5.583214793741114,14.366998577524903,3.0405405405405475,0.6756756756756701,7.432432432432428,1.3513513513513473,3.0405405405405332,12.500000000000007
2115,bunt.saar,1000,19,1.0,1.0,5.55357989568516,1.0,1.0,5.630630630630628,1.7069701280227676,4.107396870554766,7.396870554765293,2.4182076813655797,13.798008534850638,3.8940256045519135,4.729729729729726,6.081081081081081,5.743243243243242,7.432432432432435,5.743243243243235,4.054054054054049
102,FDP,1000,19,1.0,1.0,5.915125651967756,1.0,1.0,1.689189189189192,7.503556187766712,0.03556187766713492,0.10668563300141898,14.0647226173542,11.57539118065434,2.2048364153627347,1.3513513513513615,0.6756756756756843,1.3513513513513473,4.054054054054063,0.3378378378378315,2.364864864864863
4402,Die Grünen,1000,19,1.0,0.0,5.609886201991462,1.0,0.0,1.8581081081081077,5.903271692745371,11.504267425320059,1.7780938833570303,1.724751066856328,10.241820768136563,2.507112375533424,0.0,5.743243243243249,0.675675675675663,0.0,2.7027027027027017,2.0270270270270316
4926,Die Grünen,1000,19,1.0,1.0,5.529871977240397,1.0,1.0,3.5472972972972996,4.747510668563301,8.677098150782356,3.485064011379805,1.6714082503556256,8.872688477951627,5.7254623044096675,3.378378378378379,6.081081081081074,2.0270270270270316,4.391891891891902,3.0405405405405403,2.3648648648648702
4527,FDP,1000,19,0.0,0.0,4.350403034613557,1.0,0.0,4.504504504504502,8.748221906116648,4.142958748221901,3.6095305832147915,5.298719772403977,2.0625889046941666,2.2403982930298625,0.0,3.7162162162162176,8.783783783783782,2.7027027027026946,6.081081081081081,5.743243243243235
1664,Die Grünen,1000,19,0.0,1.0,2.69084874348032,0.0,1.0,1.3513513513513484,0.10668563300142608,0.07112375533426984,5.032005689900423,0.6401137980085352,5.921052631578952,4.374110953058313,2.0270270270270245,0.3378378378378244,0.6756756756756772,2.364864864864863,1.3513513513513473,1.3513513513513544
289,Die Grünen,1000,19,1.0,0.0,6.4574442863916515,1.0,0.0,6.5315315315315345,4.729729729729726,2.6671408250355597,5.832147937411094,6.578947368421048,11.575391180654336,7.361308677098144,3.7162162162162176,3.378378378378379,7.0945945945945965,9.797297297297305,8.108108108108112,7.0945945945945965
2352,CDU,1000,19,1.0,1.0,6.54338549075391,1.0,0.0,3.4346846846846844,0.9957325746799413,6.7745376955903325,4.818634423897571,3.7162162162162176,17.585348506401132,5.369843527738269,1.689189189189193,1.3513513513513473,2.364864864864863,6.081081081081088,7.432432432432428,1.689189189189186
947,FDP,1000,19,0.0,0.0,4.949027975343761,1.0,1.0,1.463963963963966,5.192034139402573,4.267425320056894,5.085348506401132,7.183499288762434,0.16002844950212847,7.805832147937409,1.3513513513513615,1.689189189189193,2.364864864864863,1.0135135135135087,1.0135135135135158,1.3513513513513544
2660,bunt.saar,1000,19,0.0,0.0,7.565789473684202,0.0,0.0,4.898648648648645,0.426742532005683,6.169985775248925,11.91322901849216,1.8492176386913144,12.78449502133713,12.251066856329999,4.391891891891888,0.6756756756756701,7.094594594594589,6.418918918918919,5.067567567567572,5.743243243243228
4877,Die Grünen,1000,19,1.0,0.0,3.7754860123281175,1.0,0.0,2.5900900900900923,1.511379800853483,2.3826458036984306,3.5384068278805216,3.3250355618776624,7.04125177809388,4.854196301564727,2.7027027027026946,1.01351351351353,2.3648648648648702,4.054054054054042,2.0270270270270316,3.378378378378386
82,bunt.saar,1000,19,0.0,0.0,6.750829777145568,0.0,0.0,8.164414414414413,0.7467994310099613,9.441678520625892,5.352062588904687,2.507112375533424,14.455903271692748,8.001422475106693,6.081081081081074,4.391891891891888,9.45945945945946,4.729729729729726,11.824324324324323,12.500000000000007
2043,FDP,1000,19,1.0,1.0,4.551920341394026,1.0,1.0,2.533783783783781,7.876955903271693,3.94736842105263,2.7560455192034183,9.58392603129446,0.7645803698435216,2.3826458036984306,1.689189189189193,2.0270270270270316,1.3513513513513473,1.0135135135135016,5.743243243243235,3.378378378378379
4786,bunt.saar,1000,19,0.0,0.0,5.532835467045995,0.0,1.0,1.9144144144144117,2.560455192034155,8.445945945945944,3.556187766714082,0.1422475106685539,10.935277382645808,7.556899004267429,2.364864864864856,1.3513513513513473,0.6756756756756701,3.7162162162162176,0.6756756756756772,2.7027027027027017
5108,Die Grünen,1000,19,1.0,0.0,5.971431958274064,1.0,1.0,1.238738738738738,1.013513513513523,1.689189189189193,7.716927453769557,5.672119487908958,11.486486486486484,8.250355618776666,1.6891891891892001,2.0270270270270174,0.0,0.6756756756756772,2.0270270270270174,1.0135135135135158
2427,DIE LINKE,1000,19,1.0,1.0,4.383001422475105,0.0,1.0,0.563063063063062,0.8712660028449548,4.640825035561882,5.298719772403977,1.7780938833570303,9.423897581792318,4.285206258890469,2.0270270270270245,0.6756756756756701,0.0,0.3378378378378386,0.3378378378378386,0.0
5121,FDP,1000,19,1.0,1.0,6.614509246088193,1.0,0.0,2.759009009009008,2.916073968705547,5.1209103840682815,10.384068278805124,2.5960170697012828,11.433143669985775,7.23684210526315,1.3513513513513473,3.378378378378372,2.3648648648648702,2.0270270270270245,3.7162162162162176,3.7162162162162176
2939,bunt.saar,1000,19,1.0,0.0,9.062351825509717,1.0,0.0,7.939189189189185,2.951635846372689,7.254623044096725,7.841394025604544,8.108108108108105,18.58108108108108,9.637268847795156,6.756756756756751,1.689189189189186,6.0810810810810665,12.162162162162161,10.135135135135137,10.810810810810807
2766,bunt.saar,1000,19,0.0,0.0,5.36095305832148,1.0,0.0,2.4211711711711708,3.09388335704125,3.5028449502133725,8.499288762446653,6.294452347083919,7.82361308677099,2.951635846372696,3.7162162162162176,2.0270270270270245,2.0270270270270245,5.743243243243242,0.0,1.0135135135135158
248,FDP,1000,19,1.0,0.0,3.087956377430062,0.0,0.0,1.6328828828828807,4.551920341394016,6.792318634423893,0.46230440967283215,4.9075391180654435,0.16002844950213557,1.653627311522051,0.0,2.0270270270270174,3.0405405405405403,1.013513513513523,3.0405405405405332,0.6756756756756701
4843,SPD,1000,19,0.0,0.0,4.7504741583689,0.0,1.0,1.2387387387387392,4.587482219061172,3.44950213371267,5.245376955903275,2.2226173541963092,7.574679943100989,5.423186344238985,0.3378378378378386,1.689189189189186,1.689189189189193,0.3378378378378386,1.689189189189186,1.689189189189193
3843,FDP,1000,19,0.0,0.0,3.5413703176861033,0.0,0.0,6.4752252252252225,0.1422475106685539,5.4054054054054035,4.071834992887624,4.605263157894733,1.2980085348506378,5.7254623044096675,3.7162162162162176,8.783783783783775,5.743243243243235,4.729729729729726,8.445945945945944,7.432432432432435
4445,DIE LINKE,1000,19,0.0,0.0,2.92792792792793,0.0,0.0,4.504504504504504,1.546941678520632,5.547652916073957,4.391891891891902,1.9914651493598896,0.23115220483641963,3.8584637268847786,1.0135135135135087,5.4054054054054035,5.067567567567565,1.3513513513513544,5.067567567567565,9.121621621621628
1157,bunt.saar,1000,19,1.0,0.0,5.512091038406827,1.0,0.0,4.391891891891895,1.333570412517787,0.9601706970128063,7.432432432432435,2.933854907539107,12.855618776671406,7.556899004267422,5.405405405405411,0.3378378378378386,4.7297297297297405,3.0405405405405546,4.729729729729726,8.108108108108098
4679,FDP,1000,19,1.0,1.0,5.802513039355142,1.0,1.0,1.4639639639639626,5.494310099573248,3.165007112375541,12.179943100995729,2.00924608819345,6.330014224751068,5.636557610241816,2.0270270270270316,1.0135135135135087,0.6756756756756701,2.364864864864856,0.3378378378378386,2.3648648648648702
542,bunt.saar,1000,19,0.0,1.0,4.116287339971553,0.0,0.0,2.2522522522522515,0.32005689900426404,3.165007112375541,5.778805120910384,2.951635846372696,5.867709815078236,6.614509246088197,1.3513513513513473,3.7162162162162176,2.0270270270270245,4.054054054054056,1.3513513513513544,1.0135135135135087
782,bunt.saar,1000,19,1.0,0.0,3.3694879089615917,1.0,1.0,2.8716216216216246,2.080369843527741,0.03556187766713492,2.4893314366998567,2.4537695590327147,8.943812233285918,4.214082503556185,0.6756756756756772,3.0405405405405546,4.729729729729726,0.3378378378378386,5.067567567567565,3.378378378378386
3275,DIE LINKE,1000,19,1.0,1.0,3.1561166429587466,0.0,1.0,1.9144144144144128,1.8492176386913215,2.6671408250355597,3.6450924608819335,3.5739687055476637,4.267425320056894,2.933854907539107,3.7162162162162176,3.7162162162162176,0.3378378378378315,0.6756756756756772,1.689189189189193,1.3513513513513402
1595,SPD,1000,19,1.0,0.0,6.6026552868658115,1.0,1.0,7.09459459459459,2.3115220483641536,2.6849217638691343,17.727596017069693,3.342816500711244,2.720483641536262,10.828591749644382,4.391891891891888,1.689189189189193,10.472972972972968,6.081081081081088,11.486486486486456,8.445945945945951
278,SPD,1000,19,1.0,0.0,3.304291133238498,1.0,1.0,1.689189189189193,0.32005689900426404,4.943100995732571,4.836415362731152,2.5248933143669916,3.413940256045514,3.7873399715504945,1.689189189189193,3.7162162162162176,2.0270270270270316,0.0,1.689189189189193,1.013513513513523
2072,Die Grünen,1000,19,0.0,0.0,8.650426742532003,0.0,0.0,6.137387387387389,2.0981507823613086,11.966571834992884,10.633001422475111,3.805120910384062,9.60170697012802,13.798008534850638,8.108108108108098,3.0405405405405403,10.135135135135151,2.0270270270270245,4.7297297297297405,8.783783783783782
1500,FDP,1000,19,1.0,1.0,3.7102892366050235,1.0,1.0,3.772522522522524,3.485064011379805,3.982930298719765,4.054054054054049,6.561166429587473,2.880512091038412,1.2980085348506378,4.054054054054056,1.0135135135135087,5.067567567567565,5.067567567567579,4.391891891891895,3.0405405405405403
242,Die Grünen,1000,19,1.0,0.0,3.461356092935039,1.0,1.0,1.6891891891891895,2.471550497866282,0.8179231863442382,0.7645803698435287,2.187055476529153,8.926031294452343,5.600995732574688,2.702702702702709,3.7162162162162176,2.7027027027026946,0.6756756756756701,0.3378378378378457,0.0
1808,Die Grünen,1000,19,0.0,0.0,5.200924608819343,0.0,0.0,6.081081081081081,2.115931721194869,1.2980085348506378,7.503556187766705,3.556187766714082,12.553342816500717,4.17852062588905,3.0405405405405403,0.6756756756756772,9.797297297297291,6.418918918918912,9.797297297297305,6.756756756756758
1886,CDU,1000,19,1.0,1.0,3.061284969179706,0.0,1.0,1.2950450450450468,0.8357041251778128,5.0853485064011394,2.5426742532005733,1.4758179231863409,5.2275960170697005,3.200568990042669,0.3378378378378386,1.3513513513513544,1.689189189189193,2.702702702702709,1.0135135135135087,0.6756756756756772
1566,SPD,1000,19,0.0,0.0,3.645092460881935,0.0,0.0,0.9009009009008982,4.605263157894733,3.591749644381224,6.454480796586061,3.342816500711244,0.32005689900426404,3.556187766714082,0.3378378378378386,1.689189189189186,0.6756756756756701,2.3648648648648702,0.0,0.3378378378378244
1880,FDP,1000,19,1.0,1.0,4.217045993361784,0.0,1.0,4.110360360360359,0.5156472261735487,1.1557610241820626,11.806543385490762,1.7069701280227676,6.827880512091035,3.2894736842105274,1.3513513513513473,6.756756756756751,1.3513513513513473,8.108108108108112,3.378378378378379,3.7162162162162176
1780,bunt.saar,1000,19,1.0,1.0,5.0557136083451875,1.0,1.0,2.252252252252253,1.9203413940255984,4.658605974395449,9.228307254623047,0.2489331436699871,12.197724039829296,2.0803698435277482,3.0405405405405403,0.0,4.054054054054049,4.729729729729726,0.3378378378378315,1.3513513513513686
4491,CDU,1000,19,1.0,0.0,6.433736367946893,1.0,1.0,3.9414414414414396,0.21337126600283796,7.450213371266003,2.6493598862019923,12.108819345661445,9.797297297297305,6.383357041251777,2.364864864864856,2.364864864864863,4.729729729729733,3.378378378378372,6.418918918918926,4.391891891891888
1908,bunt.saar,1000,19,1.0,1.0,2.5782361308677095,1.0,1.0,1.407657657657655,2.1692745376955855,1.8847795163584706,1.2980085348506378,5.298719772403977,3.8229018492176436,0.9957325746799413,2.0270270270270245,1.0135135135135087,1.3513513513513544,0.6756756756756701,1.689189189189186,1.689189189189186
634,bunt.saar,1000,19,0.0,1.0,5.467638691322903,1.0,1.0,1.5202702702702713,5.707681365576107,0.4800853485063925,7.0945945945945965,3.5739687055476637,9.352773826458034,6.596728307254622,1.3513513513513473,1.0135135135135158,1.0135135135135158,1.0135135135135087,1.689189189189193,3.0405405405405475
4627,Die Grünen,1000,19,1.0,0.0,6.54338549075391,1.0,1.0,2.1396396396396398,3.271692745376953,2.507112375533424,7.805832147937416,5.352062588904694,13.246799431009954,7.076813655761022,2.364864864864863,3.0405405405405403,0.6756756756756772,5.067567567567565,1.3513513513513544,0.3378378378378386
1510,CDU,1000,19,0.0,0.0,5.953651019440493,0.0,0.0,1.6328828828828794,1.6358463726884764,0.6756756756756772,11.450924608819342,4.498577524893314,11.397581792318633,6.063300142247513,0.6756756756756772,2.0270270270270245,3.0405405405405332,0.6756756756756701,2.364864864864863,1.0135135135135087
1013,FDP,1000,19,0.0,0.0,7.687292555713609,0.0,1.0,5.180180180180181,6.792318634423893,4.907539118065429,11.34423897581793,10.259601706970138,3.94736842105263,8.872688477951634,4.391891891891895,2.3648648648648702,8.783783783783775,2.3648648648648702,4.391891891891895,8.783783783783782
1733,FDP,1000,19,0.0,0.0,2.9545993361782856,1.0,0.0,3.0405405405405426,2.044807965860592,6.6678520625889135,2.364864864864863,4.356330014224746,1.2802275960170775,1.013513513513523,4.729729729729726,5.405405405405411,2.3648648648648702,0.3378378378378386,1.0135135135135087,4.391891891891902
826,FDP,1000,19,1.0,0.0,2.1633475580844,1.0,1.0,2.195945945945946,1.2802275960170704,0.5867709815078257,3.200568990042669,0.9957325746799413,0.12446657183500065,6.792318634423893,3.378378378378379,2.364864864864863,1.3513513513513544,3.0405405405405332,0.6756756756756843,2.364864864864863
3283,bunt.saar,1000,19,0.0,1.0,3.9118065433854903,0.0,1.0,1.126126126126131,1.795874822190612,1.1557610241820697,5.067567567567565,3.591749644381224,6.027738264580378,5.832147937411094,1.0135135135135158,0.3378378378378386,1.3513513513513544,0.3378378378378386,0.6756756756756914,3.0405405405405475
3343,CDU,1000,19,1.0,0.0,2.400426742532005,0.0,0.0,3.2094594594594645,0.6223328591749677,1.1735419630156443,3.7517780938833525,6.7745376955903325,1.2980085348506378,0.7823613086770962,0.3378378378378457,3.7162162162162176,3.378378378378379,2.3648648648648702,3.0405405405405475,6.418918918918926
5113,Die Grünen,1000,19,1.0,1.0,2.3352299668089125,1.0,0.0,2.195945945945946,2.2403982930298625,1.0846372688477999,2.7738264580369787,2.951635846372696,2.9871977240398238,1.973684210526315,0.0,6.756756756756751,0.3378378378378386,4.054054054054056,0.0,2.0270270270270316
2225,CDU,1000,19,0.0,1.0,3.778449502133713,0.0,0.0,2.0833333333333335,4.285206258890469,4.871977240398294,1.404694167852064,0.9957325746799413,10.188477951635846,0.9246088193456643,0.3378378378378386,3.0405405405405403,3.378378378378379,1.3513513513513544,2.7027027027027017,1.689189189189186
3356,bunt.saar,1000,19,1.0,0.0,4.302987197724039,1.0,0.0,9.90990990990991,1.3157894736842124,0.1422475106685539,7.04125177809388,6.490042674253196,7.610241820768138,3.2183499288762505,8.783783783783782,3.0405405405405332,12.162162162162161,13.175675675675677,10.13513513513513,12.162162162162176
4673,FDP,1000,19,1.0,0.0,7.198316737790422,1.0,0.0,8.108108108108105,2.080369843527741,8.019203413940254,10.544096728307252,1.404694167852064,9.690611664295872,11.45092460881935,6.418918918918912,6.081081081081074,8.783783783783782,6.756756756756751,8.445945945945944,12.162162162162168
1581,Die Grünen,1000,19,1.0,1.0,4.679350403034611,1.0,0.0,1.463963963963965,3.8584637268847715,2.471550497866282,5.387624466571829,1.6714082503556185,8.766002844950215,5.921052631578952,0.3378378378378386,2.702702702702709,0.675675675675663,1.013513513513523,2.0270270270270245,2.0270270270270316
1710,SPD,1000,19,0.0,1.0,8.081436699857752,0.0,1.0,2.195945945945945,5.03200568990043,5.352062588904694,11.522048364153626,4.534139402560456,13.851351351351347,8.197012802275957,1.3513513513513473,0.3378378378378386,3.0405405405405332,0.3378378378378386,5.067567567567565,3.0405405405405475
3157,Die Grünen,1000,19,1.0,1.0,3.9295874822190577,1.0,1.0,0.7319819819819801,7.450213371266003,4.943100995732571,0.7467994310099471,2.329302987197721,4.640825035561882,3.4672830725462234,0.3378378378378386,0.3378378378378386,1.3513513513513402,0.3378378378378386,1.3513513513513473,0.6756756756756772
4531,SPD,1000,19,0.0,0.0,5.805476529160742,0.0,0.0,2.871621621621621,1.4580369843527734,3.413940256045514,8.410384068278809,2.275960170697026,11.842105263157897,7.432432432432435,5.067567567567565,1.0135135135135087,1.689189189189193,3.0405405405405475,2.7027027027026946,3.7162162162162176
1823,CDU,1000,19,1.0,0.0,3.268729255571364,1.0,0.0,5.349099099099102,1.5647226173542066,6.54338549075392,1.3157894736842124,6.116642958748223,2.435988620199147,1.6358463726884764,1.3513513513513686,4.391891891891888,8.783783783783782,2.3648648648648702,6.756756756756758,8.445945945945944
2158,bunt.saar,1000,19,1.0,1.0,5.455784732100522,1.0,1.0,5.4617117117117155,4.036273115220489,5.636557610241823,4.125177809388333,1.2268847795163538,12.215504978662878,5.494310099573255,4.391891891891895,3.7162162162162247,6.081081081081081,6.418918918918919,7.0945945945945965,5.067567567567579
4348,bunt.saar,1000,19,0.0,0.0,5.32242769084874,0.0,1.0,1.85810810810811,2.1692745376955855,3.307254623044095,5.4054054054054035,3.7517780938833525,9.886201991465143,7.4146514935988606,3.0405405405405403,1.689189189189193,2.0270270270270316,1.3513513513513473,1.3513513513513544,1.689189189189193
1084,SPD,1000,19,1.0,1.0,8.653390232337602,1.0,1.0,1.5765765765765754,2.7027027027027017,8.108108108108105,14.43812233285918,2.916073968705547,12.553342816500717,11.201991465149362,0.0,1.3513513513513544,2.702702702702709,0.0,2.7027027027026946,2.7027027027026946
294,CDU,1000,19,1.0,1.0,1.4550734945471728,1.0,1.0,2.8153153153153156,0.284495021337122,3.1294452347083777,2.115931721194869,0.5334281650071233,0.5512091038406766,2.115931721194869,2.3648648648648702,2.3648648648648702,3.0405405405405332,4.054054054054049,3.7162162162162176,1.3513513513513544
4392,DIE LINKE,1000,19,1.0,1.0,1.8669985775248878,1.0,0.0,2.477477477477477,2.2226173541963092,0.7290184921763796,3.7517780938833525,3.1294452347083777,0.4800853485063925,0.8890469416785152,0.0,3.0405405405405332,2.702702702702709,0.0,5.743243243243242,3.378378378378379
568,Die Grünen,1000,19,0.0,1.0,3.867354196301566,0.0,1.0,2.7590090090090107,0.1422475106685539,3.0049786628734054,8.60597439544808,2.3293029871977353,7.5213371266002795,1.6002844950213415,3.7162162162162176,0.6756756756756772,3.378378378378379,4.054054054054063,0.0,4.729729729729726
2645,Die Grünen,1000,19,1.0,0.0,4.5074679943100975,1.0,0.0,7.939189189189192,7.681365576102422,2.115931721194869,4.747510668563308,0.21337126600283796,6.987908961593163,5.2987197724039845,1.3513513513513473,4.054054054054063,10.810810810810807,7.770270270270274,12.837837837837839,10.810810810810821
280,DIE LINKE,1000,19,1.0,1.0,6.999762920815557,0.0,1.0,4.335585585585586,1.3335704125177799,2.880512091038412,15.878378378378379,2.275960170697026,9.601706970128028,10.028449502133718,1.689189189189193,1.3513513513513402,8.445945945945944,1.689189189189186,7.094594594594604,5.743243243243249
4988,bunt.saar,1000,19,1.0,0.0,8.768966334755804,1.0,1.0,0.5067567567567579,2.6315789473684177,2.7027027027026946,10.95305832147936,8.854907539118052,19.98577524893315,7.485775248933152,0.3378378378378386,0.3378378378378386,0.3378378378378528,0.675675675675663,0.6756756756756772,0.6756756756756772
2795,FDP,1000,19,0.0,0.0,5.858819345661452,0.0,1.0,3.1531531531531507,3.165007112375541,5.2631578947368425,6.187766714082507,8.161450924608815,4.818634423897578,7.556899004267429,3.378378378378379,0.6756756756756772,5.067567567567572,0.3378378378378244,5.743243243243242,3.7162162162162105
480,bunt.saar,1000,19,0.0,1.0,4.599336178283548,0.0,1.0,1.182432432432434,0.6578947368421026,8.214793741109531,2.507112375533424,1.724751066856328,9.975106685633016,4.516358463726888,3.7162162162162176,0.3378378378378386,2.0270270270270316,0.6756756756756772,0.0,0.3378378378378386
184,FDP,1000,19,1.0,1.0,8.561522048364152,1.0,1.0,7.150900900900898,4.142958748221901,5.689900426742533,13.051209103840684,1.8847795163584706,13.886913229018482,12.713371266002838,3.0405405405405332,7.0945945945945965,7.432432432432435,7.094594594594589,8.108108108108098,10.135135135135137
5002,CDU,1000,19,1.0,1.0,3.473210052157423,1.0,0.0,2.5337837837837824,1.795874822190612,3.9118065433855023,3.840682788051211,2.6315789473684177,2.6137980085348573,6.045519203413939,3.378378378378372,0.3378378378378386,3.0405405405405475,4.729729729729726,2.0270270270270245,1.689189189189186
1324,SPD,1000,19,0.0,1.0,6.7508297771455625,1.0,0.0,2.308558558558557,0.8179231863442382,10.881934566145084,7.645803698435266,2.1337126600284577,10.348506401137975,8.677098150782356,4.054054054054042,1.0135135135135087,2.0270270270270245,2.702702702702709,2.3648648648648702,1.689189189189186
579,FDP,1000,19,1.0,0.0,4.993480322427693,1.0,1.0,2.1396396396396398,5.316500711237566,5.707681365576107,3.591749644381224,5.4409672830725455,7.254623044096725,2.6493598862019923,1.3513513513513402,1.3513513513513473,3.378378378378386,1.689189189189193,1.3513513513513544,3.7162162162162176
3250,Die Grünen,1000,19,1.0,1.0,5.473565670934093,1.0,1.0,2.9842342342342376,0.01778093883356746,3.9651493598862118,6.116642958748216,3.5739687055476566,10.881934566145091,8.285917496443815,3.0405405405405475,0.0,5.067567567567565,4.729729729729733,3.0405405405405475,2.0270270270270316
65,bunt.saar,1000,19,1.0,0.0,4.9697724039829305,1.0,1.0,1.0135135135135147,0.8890469416785152,8.036984352773821,1.262446657183503,3.627311522048366,11.415362731152207,4.587482219061172,1.0135135135135158,1.0135135135135158,2.0270270270270316,1.0135135135135087,0.0,1.0135135135135158
210,SPD,1000,19,1.0,0.0,6.845661450924609,1.0,1.0,3.2094594594594645,6.454480796586061,2.7382645803698438,11.024182076813652,4.943100995732571,7.432432432432435,8.481507823613093,1.0135135135135158,2.7027027027027017,3.7162162162162247,7.770270270270274,2.3648648648648702,1.6891891891892001
2396,bunt.saar,1000,19,0.0,1.0,5.070531057373163,0.0,1.0,3.3783783783783803,1.795874822190612,5.1920341394025655,5.014224751066848,6.347795163584642,11.201991465149362,0.8712660028449477,5.067567567567572,2.3648648648648702,3.0405405405405332,0.0,6.081081081081081,3.7162162162162247
2860,DIE LINKE,1000,19,1.0,0.0,3.0435040303461363,0.0,1.0,2.139639639639635,0.9601706970128063,2.00924608819345,0.5689900426742511,2.916073968705547,4.463015647226179,7.343527738264584,4.054054054054042,2.364864864864856,0.0,2.7027027027026946,1.3513513513513473,2.3648648648648702
931,bunt.saar,1000,19,1.0,1.0,6.6708155523945,0.0,1.0,1.1261261261261264,0.6578947368421026,9.263869132290182,6.863442389758177,3.165007112375534,12.784495021337122,7.290184921763881,1.0135135135135087,0.0,3.7162162162162247,1.3513513513513473,0.3378378378378386,0.3378378378378386
3414,FDP,1000,19,1.0,1.0,3.8525367472735907,1.0,1.0,2.5337837837837824,2.880512091038412,3.449502133712656,3.94736842105263,7.165718349928881,0.26671408250356166,5.4054054054054035,1.0135135135135087,1.689189189189186,4.729729729729733,0.3378378378378386,3.7162162162162105,3.7162162162162176
1635,FDP,1000,19,1.0,1.0,2.77382645803698,1.0,1.0,1.1261261261261264,0.7467994310099471,0.32005689900426404,2.151493598862025,6.899004267425312,3.7517780938833525,2.7738264580369787,1.01351351351353,1.3513513513513473,1.0135135135135087,0.0,0.6756756756756701,2.7027027027027017
101,CDU,1000,19,1.0,0.0,3.4169037458511142,0.0,0.0,2.6463963963963955,0.2844950213371291,0.17780938833571014,0.604551920341386,13.282361308677096,5.4765291607396875,0.6756756756756772,1.3513513513513473,3.7162162162162176,2.702702702702709,4.054054054054049,0.0,4.054054054054049
3538,FDP,1000,19,1.0,0.0,5.932906590801328,1.0,0.0,2.421171171171173,5.743243243243242,5.014224751066855,4.534139402560456,0.37339971550498063,14.758179231863444,5.174253200568991,3.378378378378379,0.3378378378378386,2.3648648648648702,0.3378378378378386,4.054054054054056,4.054054054054056
2973,FDP,1000,19,0.0,0.0,4.8897581792318645,0.0,1.0,5.968468468468472,0.8890469416785152,1.4935988620199083,6.863442389758184,3.2183499288762576,5.28093883357041,11.59317211948791,3.378378378378379,4.054054054054063,8.10810810810812,2.0270270270270174,8.445945945945951,9.797297297297298
4642,Die Grünen,1000,19,1.0,1.0,6.214438122332855,1.0,1.0,0.7882882882882901,0.8890469416785152,4.836415362731152,5.814366998577512,8.090327169274538,8.036984352773828,9.619487908961588,1.3513513513513473,1.3513513513513473,0.3378378378378528,0.0,1.3513513513513544,0.3378378378378386
1428,FDP,1000,19,0.0,1.0,2.364864864864862,1.0,1.0,2.139639639639641,2.2403982930298696,2.435988620199147,0.8712660028449477,4.071834992887624,3.3961593172119393,1.1735419630156443,0.675675675675663,2.702702702702709,3.0405405405405475,0.6756756756756772,3.0405405405405475,2.7027027027027017
1431,CDU,1000,19,1.0,1.0,6.961237553342816,1.0,1.0,2.364864864864863,7.5924608819345565,5.014224751066855,4.569701280227605,9.334992887624459,12.233285917496445,3.022759601706973,2.364864864864856,2.364864864864863,1.0135135135135158,4.391891891891895,3.7162162162162176,0.3378378378378315
2359,bunt.saar,1000,19,0.0,0.0,7.595424371740163,0.0,0.0,4.335585585585587,6.063300142247506,4.000711237553347,11.557610241820775,0.08890469416785152,11.522048364153626,12.339971550497872,5.4054054054054035,1.013513513513523,3.0405405405405403,7.0945945945945965,3.378378378378379,6.081081081081081
3700,DIE LINKE,1000,19,0.0,0.0,5.251303935514461,0.0,1.0,1.407657657657656,10.330725462304407,3.94736842105263,6.525604551920338,1.511379800853483,7.876955903271693,1.3157894736842124,0.0,0.3378378378378386,2.7027027027026946,1.0135135135135087,2.364864864864863,2.0270270270270316
2060,DIE LINKE,1000,19,1.0,0.0,3.7695590327169293,1.0,1.0,1.4076576576576538,7.112375533428171,0.9779516358463738,0.17780938833571014,4.17852062588905,7.69914651493599,2.471550497866282,2.364864864864856,0.3378378378378386,1.0135135135135158,1.689189189189186,0.6756756756756701,2.364864864864856
1281,bunt.saar,1000,19,1.0,1.0,2.021100047415833,1.0,0.0,1.7454954954954935,0.35561877667140607,1.5825035561877598,3.449502133712656,1.9559032716927405,4.658605974395449,0.12446657183498644,1.3513513513513615,1.0135135135135016,1.689189189189193,1.0135135135135158,2.7027027027026946,2.7027027027026946
3578,SPD,1000,19,1.0,1.0,6.063300142247507,1.0,1.0,1.9144144144144117,7.894736842105267,8.60597439544808,7.183499288762434,1.3513513513513473,3.1294452347083848,8.214793741109531,1.0135135135135087,0.675675675675663,2.364864864864863,1.689189189189193,3.378378378378386,2.364864864864856
438,CDU,1000,19,1.0,0.0,4.913466097676623,1.0,0.0,1.8581081081081088,0.7645803698435287,5.867709815078236,6.525604551920338,0.426742532005683,6.827880512091042,9.068278805120912,2.3648648648648702,0.0,2.7027027027026946,2.702702702702709,2.0270270270270245,1.3513513513513544
3866,FDP,1000,19,1.0,1.0,3.8199383594120406,1.0,1.0,0.9572072072072034,8.161450924608815,1.653627311522051,0.5512091038406837,5.209815078236119,0.8357041251778057,6.507823613086771,0.3378378378378244,2.0270270270270316,1.0135135135135087,0.675675675675663,0.0,1.689189189189193
1485,SPD,1000,19,0.0,0.0,6.94049312470365,0.0,0.0,4.222972972972972,1.9203413940255984,5.707681365576107,9.210526315789465,3.3961593172119535,8.01920341394026,13.389046941678515,2.702702702702709,0.3378378378378315,5.4054054054054035,3.7162162162162176,8.783783783783782,4.391891891891888
4973,SPD,1000,19,0.0,0.0,5.194997629208156,1.0,1.0,4.7860360360360374,8.392603129445227,1.4224751066856385,6.472261735419629,7.983641536273112,0.9601706970128063,5.93883357041252,7.432432432432421,5.067567567567565,1.3513513513513615,9.459459459459467,1.3513513513513615,4.054054054054049
3226,Die Grünen,1000,19,0.0,0.0,3.3131816026552854,0.0,0.0,4.166666666666669,0.9068278805120897,2.2048364153627347,5.565433854907539,0.08890469416784441,6.223328591749642,4.889758179231862,4.391891891891888,0.6756756756756772,5.067567567567579,4.729729729729726,4.391891891891895,5.743243243243249
1564,bunt.saar,1000,19,1.0,1.0,6.241109530583216,1.0,1.0,1.1824324324324376,6.578947368421048,6.365576102418217,5.938833570412527,5.28093883357041,7.521337126600272,5.761024182076824,2.3648648648648702,0.6756756756756914,1.3513513513513544,1.3513513513513544,0.6756756756756772,0.6756756756756772
4133,FDP,1000,19,0.0,1.0,3.8851351351351346,1.0,1.0,5.180180180180179,2.2403982930298625,3.342816500711244,3.8584637268847786,8.890469416785209,3.8229018492176365,1.1557610241820768,2.3648648648648702,4.729729729729733,8.108108108108105,3.0405405405405332,4.729729729729726,8.108108108108105
3701,FDP,1000,19,1.0,1.0,1.668444760550025,1.0,1.0,1.5765765765765813,1.4046941678520568,1.5291607396870575,0.9601706970128063,2.809388335704128,1.973684210526315,1.333570412517787,0.6756756756756914,1.0135135135135158,2.0270270270270316,1.0135135135135158,3.378378378378379,1.3513513513513544
3555,bunt.saar,1000,19,0.0,1.0,4.424490279753436,1.0,1.0,0.675675675675676,2.0270270270270316,5.885490753911803,1.9559032716927405,3.1472261735419664,8.534850640113788,4.996443812233288,0.6756756756756843,0.6756756756756701,2.0270270270270245,0.3378378378378386,0.0,0.3378378378378386
3429,FDP,1000,19,0.0,1.0,2.7175201517306795,0.0,0.0,8.614864864864865,1.0846372688477999,2.115931721194876,0.8890469416785152,1.902560455192038,4.30298719772405,6.009957325746797,6.418918918918912,12.5,8.783783783783782,1.0135135135135087,12.500000000000007,10.472972972972975
4401,Die Grünen,1000,19,1.0,0.0,6.3566856330014225,0.0,1.0,0.5630630630630632,0.9423897581792318,3.058321479374108,8.961593172119478,3.485064011379805,13.762446657183503,7.930298719772409,0.3378378378378457,1.0135135135135158,0.0,0.0,0.0,2.0270270270270174
2088,SPD,1000,19,1.0,0.0,4.409672830725463,0.0,1.0,1.9144144144144153,1.3157894736842124,5.529871977240397,7.610241820768145,0.7645803698435216,4.747510668563301,6.490042674253203,1.689189189189193,0.3378378378378244,3.7162162162162247,1.3513513513513615,3.7162162162162105,0.6756756756756772
2234,FDP,1000,19,1.0,0.0,4.504504504504506,1.0,1.0,3.378378378378384,4.463015647226179,9.655049786628737,1.6180654338549019,1.4224751066856385,7.805832147937409,2.0625889046941666,4.391891891891895,3.0405405405405475,0.3378378378378457,8.10810810810812,0.3378378378378386,4.054054054054056
880,CDU,1000,19,1.0,1.0,5.479492650545285,0.0,1.0,6.249999999999997,5.352062588904694,9.992887624466583,0.6045519203413967,5.138691322901856,10.010668563300136,1.7780938833570374,4.729729729729726,7.432432432432428,6.418918918918916,7.0945945945945965,7.094594594594589,4.729729729729726
1616,FDP,1000,19,0.0,0.0,3.6954717875770484,0.0,1.0,1.1824324324324362,1.3869132290184822,4.2496443812233196,3.52062588904694,6.365576102418217,1.2446657183499283,5.4054054054054035,1.0135135135135158,0.3378378378378457,3.0405405405405403,1.01351351351353,1.3513513513513473,0.3378378378378386
4638,FDP,1000,19,1.0,1.0,4.439307728781411,1.0,1.0,2.308558558558557,4.089615931721191,3.1116642958748173,3.8940256045519206,0.5156472261735416,6.152204836415358,8.872688477951634,5.067567567567565,2.364864864864863,2.3648648648648702,2.7027027027026946,0.3378378378378315,1.0135135135135158
4383,SPD,1000,19,1.0,0.0,2.3441204362256998,1.0,1.0,2.9279279279279335,1.475817923186355,0.6223328591749677,4.445234708392604,2.115931721194869,0.9068278805120968,4.498577524893307,2.0270270270270316,2.364864864864863,3.378378378378386,4.391891891891902,4.391891891891888,1.01351351351353
570,Die Grünen,1000,19,1.0,1.0,3.342816500711239,0.0,0.0,2.871621621621621,1.262446657183503,3.09388335704125,3.200568990042683,4.605263157894733,6.045519203413939,1.8492176386913286,5.743243243243242,2.3648648648648702,2.0270270270270316,5.4054054054054035,1.0135135135135158,0.675675675675663
4803,FDP,1000,19,1.0,0.0,3.2628022759601727,1.0,1.0,2.702702702702703,1.6714082503556114,8.303698435277383,0.6045519203413932,1.3157894736842124,4.658605974395456,3.02275960170698,4.391891891891881,1.0135135135135087,0.6756756756756843,5.743243243243242,2.0270270270270316,2.3648648648648702
3554,bunt.saar,1000,19,1.0,0.0,4.759364627785685,1.0,0.0,1.6328828828828794,4.605263157894733,4.391891891891902,8.961593172119485,3.058321479374108,5.316500711237566,2.2226173541963163,2.7027027027026946,1.3513513513513402,0.6756756756756772,2.3648648648648702,2.0270270270270316,0.675675675675663
4777,CDU,1000,19,1.0,0.0,2.963489805595067,1.0,0.0,2.083333333333337,1.7780938833570303,1.7425320056899025,4.107396870554773,1.7425320056898954,5.0853485064011394,3.3250355618776624,1.689189189189193,2.3648648648648702,3.378378378378393,2.3648648648648702,0.0,2.7027027027026946
3083,SPD,1000,19,0.0,0.0,5.420222854433376,0.0,1.0,1.4639639639639626,2.8449502133712556,7.450213371266003,3.9295874822190555,2.507112375533424,8.55263157894737,7.23684210526315,1.0135135135135158,1.3513513513513473,4.391891891891888,0.0,1.3513513513513473,0.6756756756756772
4814,Die Grünen,1000,19,1.0,0.0,4.480796586059746,1.0,1.0,1.5765765765765731,0.03556187766713492,4.587482219061172,4.445234708392604,4.516358463726888,7.02347083926032,6.276671408250358,1.0135135135135087,1.0135135135135087,2.0270270270270174,2.364864864864863,2.0270270270270316,1.0135135135135087
2794,bunt.saar,1000,19,0.0,0.0,7.942152678994788,1.0,0.0,1.5765765765765767,5.956614509246087,7.201280227596023,11.201991465149362,2.3648648648648702,10.810810810810814,10.11735419630157,1.0135135135135087,1.0135135135135087,1.689189189189193,3.0405405405405475,2.0270270270270245,0.6756756756756772
3936,DIE LINKE,1000,19,0.0,0.0,5.473565670934096,1.0,0.0,4.560810810810813,1.475817923186355,4.231863442389766,6.952347083926028,5.1209103840682815,12.908961593172116,2.151493598862025,1.013513513513523,3.378378378378379,7.0945945945945965,7.432432432432435,1.3513513513513544,7.094594594594589
850,Die Grünen,1000,19,0.0,0.0,5.7076813655761,1.0,0.0,1.4076576576576596,1.4935988620199083,0.5512091038406766,10.401849217638691,5.796586059743959,10.330725462304414,5.672119487908951,1.689189189189193,0.0,2.3648648648648702,1.3513513513513473,1.3513513513513544,1.689189189189193
3711,bunt.saar,1000,19,0.0,0.0,7.272403982930303,1.0,1.0,1.8018018018018058,5.45874822190612,4.054054054054063,8.55263157894737,5.369843527738269,11.842105263157897,8.3570412517781,1.0135135135135087,1.689189189189193,2.0270270270270316,1.3513513513513615,2.3648648648648702,2.3648648648648702
1879,bunt.saar,1000,19,1.0,1.0,6.386320531057367,1.0,1.0,1.9144144144144104,0.26671408250354744,8.214793741109531,7.841394025604544,0.9068278805120897,10.810810810810807,10.277382645803684,0.6756756756756701,1.3513513513513473,1.6891891891891788,2.364864864864863,2.702702702702709,2.7027027027026946
4347,CDU,1000,19,0.0,1.0,2.6256519677572308,0.0,1.0,4.166666666666668,3.591749644381224,1.0490753911806578,1.4935988620199083,5.014224751066855,3.556187766714089,1.0490753911806507,0.6756756756756701,2.702702702702709,3.0405405405405475,5.067567567567572,7.094594594594589,6.418918918918919
2592,CDU,1000,19,1.0,0.0,3.277619724988149,1.0,0.0,4.673423423423428,3.627311522048373,9.690611664295872,1.831436699857747,0.8534850640113874,2.1337126600284577,1.5291607396870575,4.391891891891902,2.364864864864863,6.081081081081088,4.7297297297297405,5.067567567567565,5.405405405405411
4342,bunt.saar,1000,19,1.0,1.0,4.214082503556187,1.0,1.0,3.2094594594594597,5.387624466571836,5.974395448079662,3.1472261735419664,3.2539118065433854,6.081081081081081,1.4402560455191917,2.0270270270270316,1.0135135135135016,4.054054054054049,3.0405405405405475,2.702702702702709,6.418918918918919
566,bunt.saar,1000,19,1.0,1.0,2.341156946420105,1.0,0.0,2.4211711711711685,1.1201991465149348,0.8534850640113802,3.200568990042683,4.196301564722617,3.342816500711244,1.3335704125177728,1.3513513513513473,0.6756756756756772,1.3513513513513402,0.3378378378378386,4.391891891891888,6.418918918918919
3923,bunt.saar,1000,19,1.0,0.0,2.7353010905642514,1.0,0.0,6.193693693693693,3.733997155049792,0.8534850640113874,4.711948790896159,1.5647226173541924,2.6849217638691343,2.8627311522048444,2.364864864864863,6.418918918918912,10.135135135135137,4.729729729729733,5.067567567567565,8.445945945945951
1382,CDU,1000,19,1.0,1.0,5.177216690374585,1.0,1.0,2.3085585585585604,6.063300142247506,7.21906116642959,6.294452347083919,2.2048364153627347,4.089615931721191,5.1920341394025655,3.7162162162162105,2.702702702702709,2.0270270270270316,1.3513513513513473,0.6756756756756843,3.378378378378379
1869,Die Grünen,1000,19,0.0,0.0,7.343527738264579,0.0,0.0,3.434684684684678,3.378378378378379,1.9559032716927476,11.610953058321478,3.982930298719765,14.171408250355618,8.961593172119485,2.364864864864863,0.6756756756756701,4.729729729729719,6.081081081081074,4.391891891891888,2.364864864864856
4367,bunt.saar,1000,19,0.0,0.0,5.72249881460408,0.0,0.0,2.4774774774774806,6.7745376955903325,1.2980085348506378,9.014935988620195,1.1735419630156443,9.317211948790913,6.756756756756758,2.0270270270270316,1.689189189189193,2.3648648648648702,2.0270270270270316,2.3648648648648702,4.391891891891888
3656,Die Grünen,1000,19,1.0,0.0,3.1650071123755326,1.0,1.0,3.265765765765766,4.160739687055475,1.7069701280227676,0.03556187766713492,4.516358463726888,4.142958748221901,4.42745376955903,1.0135135135135158,4.391891891891888,2.0270270270270245,2.702702702702709,7.0945945945945965,2.364864864864863
1450,SPD,1000,19,0.0,1.0,6.561166429587483,0.0,1.0,1.8018018018017976,10.437411095305833,4.231863442389766,4.071834992887624,5.636557610241816,10.348506401137975,4.640825035561882,1.0135135135135158,1.0135135135135087,0.675675675675663,1.0135135135135087,4.729729729729733,2.364864864864856
5194,FDP,1000,19,1.0,1.0,4.302987197724041,0.0,1.0,2.421171171171167,0.6578947368421026,6.063300142247513,2.916073968705547,3.5739687055476566,8.766002844950215,3.840682788051211,3.0405405405405332,0.3378378378378386,2.702702702702709,1.3513513513513402,5.743243243243235,1.3513513513513473
1819,Die Grünen,1000,19,0.0,0.0,3.94736842105263,0.0,0.0,2.927927927927924,6.650071123755325,0.23115220483641252,2.00924608819345,2.1337126600284577,8.143669985775247,4.516358463726888,7.432432432432421,4.729729729729726,0.3378378378378386,2.364864864864856,2.364864864864863,0.3378378378378386
1301,FDP,1000,19,1.0,1.0,7.310929350403033,1.0,0.0,2.3648648648648645,5.4409672830725455,9.192745376955898,6.952347083926028,5.636557610241823,11.824324324324323,4.818634423897578,2.7027027027027017,1.0135135135135087,5.4054054054054035,0.3378378378378457,1.689189189189186,3.0405405405405403
902,CDU,1000,19,1.0,0.0,3.4346846846846852,0.0,0.0,3.547297297297297,4.338549075391185,8.837126600284499,0.40896159317211556,2.6493598862019923,3.271692745376953,1.1024182076813673,0.675675675675663,2.702702702702709,5.405405405405411,4.391891891891888,4.054054054054056,4.054054054054056
2886,FDP,1000,19,1.0,0.0,2.92792792792793,1.0,0.0,2.139639639639641,6.54338549075392,1.1735419630156443,1.1557610241820768,3.0049786628734054,1.511379800853483,4.17852062588905,1.3513513513513473,4.729729729729733,0.6756756756756772,0.3378378378378386,3.378378378378386,2.364864864864863
2724,CDU,1000,19,1.0,0.0,2.800497866287344,1.0,1.0,2.5337837837837847,1.618065433854916,2.951635846372696,0.9068278805120897,1.0668563300142253,5.138691322901856,5.1209103840682815,1.3513513513513615,0.6756756756756772,5.067567567567572,1.0135135135135158,4.054054054054049,3.0405405405405332
2719,CDU,1000,19,0.0,0.0,2.7204836415362776,0.0,0.0,4.335585585585588,3.2894736842105345,0.9957325746799413,2.489331436699864,1.8847795163584706,4.17852062588905,3.485064011379805,0.3378378378378386,4.391891891891902,6.418918918918919,0.3378378378378386,8.108108108108105,6.418918918918926
296,FDP,1000,19,0.0,0.0,2.877548601232809,0.0,0.0,1.4639639639639614,2.5960170697012828,4.818634423897571,1.0312944523470833,2.6493598862019923,3.591749644381224,2.578236130867701,2.364864864864856,1.0135135135135087,0.6756756756756772,1.0135135135135158,1.689189189189186,2.0270270270270245
2640,FDP,1000,19,0.0,1.0,3.082029397818868,1.0,0.0,2.9842342342342367,2.400426742531998,2.115931721194876,2.2759601706970045,3.413940256045514,5.387624466571836,2.8982930298719793,0.6756756756756914,2.0270270270270316,3.040540540540526,4.054054054054063,4.729729729729726,3.3783783783783825
5076,FDP,1000,19,0.0,0.0,6.033665244191556,1.0,1.0,0.8445945945945924,4.19630156472261,1.8136557610241866,5.3342816500711265,9.939544807965845,7.539118065433847,7.3790896159317185,1.0135135135135158,0.3378378378378386,0.0,2.7027027027026946,0.675675675675663,0.33783783783784216
1871,FDP,1000,19,1.0,0.0,5.242413466097678,1.0,0.0,1.8018018018018036,7.876955903271693,4.498577524893321,1.5647226173541924,8.37482219061166,6.258890469416791,2.880512091038412,1.689189189189193,2.364864864864863,0.3378378378378386,2.3648648648648702,4.054054054054056,0.0
4493,bunt.saar,1000,19,0.0,1.0,6.3300142247510705,0.0,1.0,2.2522522522522537,1.191322901849226,5.796586059743959,7.681365576102436,1.5825035561877598,10.686344238975813,11.041963015647227,1.0135135135135158,3.378378378378379,2.364864864864856,2.702702702702709,0.6756756756756772,3.378378378378386
1231,DIE LINKE,1000,19,1.0,0.0,4.468942626837364,1.0,1.0,1.9144144144144104,1.0846372688477999,4.320768136557611,7.3968705547653,0.12446657183499354,9.690611664295872,4.19630156472261,3.378378378378379,3.0405405405405332,3.0405405405405332,1.0135135135135087,0.0,1.0135135135135087
1525,DIE LINKE,1000,19,0.0,1.0,4.0866524419156,0.0,1.0,4.222972972972975,0.1955903271692847,5.867709815078236,4.071834992887624,5.387624466571829,6.276671408250351,2.7204836415362763,5.743243243243242,0.3378378378378457,3.378378378378379,6.081081081081074,5.067567567567579,4.729729729729726
159,bunt.saar,1000,19,0.0,0.0,12.393314366998576,1.0,1.0,2.646396396396394,5.049786628733997,7.46799431009957,17.2475106685633,3.5739687055476637,22.11948790896158,18.901137980085352,2.0270270270270245,0.3378378378378386,4.729729729729726,1.3513513513513544,3.7162162162162105,3.7162162162162105
4750,CDU,1000,19,1.0,1.0,2.6938122332859167,0.0,1.0,3.1531531531531556,4.409672830725462,1.5647226173541924,2.151493598862025,3.3605974395447973,0.8357041251778057,3.840682788051218,1.689189189189193,1.689189189189186,3.7162162162162176,4.7297297297297405,3.7162162162162105,3.378378378378386
3141,FDP,1000,19,1.0,1.0,5.675082977714556,1.0,1.0,0.7882882882882889,6.792318634423893,3.058321479374115,3.0405405405405403,8.926031294452343,10.099573257467995,2.1337126600284506,1.0135135135135087,0.6756756756756772,0.6756756756756772,2.3648648648648702,0.0,0.0
1633,bunt.saar,1000,19,1.0,1.0,3.571005215742055,1.0,0.0,2.5337837837837847,5.4765291607396875,3.1116642958748173,0.23115220483641963,0.6934566145092447,10.615220483641522,1.2980085348506378,3.7162162162162105,0.6756756756756772,4.054054054054063,2.7027027027026946,2.0270270270270316,2.0270270270270316
5055,CDU,1000,19,1.0,1.0,3.2568752963489813,0.0,1.0,4.617117117117118,1.6002844950213415,2.86273115220483,4.587482219061165,0.40896159317212266,6.205547652916081,3.876244665718346,4.729729729729726,0.6756756756756772,3.0405405405405403,11.82432432432433,4.729729729729733,2.7027027027027017
2337,bunt.saar,1000,19,1.0,1.0,4.430417259364624,1.0,1.0,1.2387387387387332,4.391891891891895,2.115931721194869,11.450924608819342,0.32005689900426404,7.699146514935983,0.6045519203413932,0.0,0.3378378378378386,3.378378378378372,1.689189189189186,1.0135135135135016,1.0135135135135016
2538,FDP,1000,19,1.0,1.0,2.0033191085822666,1.0,1.0,3.4346846846846795,3.485064011379805,1.0490753911806578,2.7916073968705533,0.35561877667140607,3.0761024182076824,1.2624466571834958,3.0405405405405332,3.0405405405405332,3.7162162162162176,0.3378378378378315,3.378378378378372,7.094594594594589
3194,FDP,1000,19,0.0,1.0,2.8153153153153148,1.0,0.0,2.3085585585585626,3.982930298719765,0.35561877667140607,2.0270270270270316,6.294452347083926,3.4317211948790884,0.8001422475106708,2.702702702702716,2.3648648648648702,1.689189189189193,4.054054054054049,2.702702702702709,0.3378378378378386
592,bunt.saar,1000,19,1.0,0.0,6.075154101469887,1.0,1.0,2.0270270270270316,1.1735419630156443,1.0846372688477857,10.97083926031295,3.6450924608819406,10.615220483641522,8.961593172119478,1.689189189189193,0.6756756756756772,1.6891891891892072,1.013513513513523,2.364864864864863,4.729729729729726
1835,FDP,1000,19,1.0,1.0,5.026078710289233,1.0,1.0,2.477477477477477,3.4672830725462234,6.650071123755325,7.307965860597427,2.6671408250355597,5.369843527738269,4.694167852062591,5.067567567567565,0.6756756756756843,3.378378378378372,1.3513513513513473,0.0,4.391891891891895
3566,CDU,1000,19,1.0,0.0,4.074798482693221,0.0,0.0,4.11036036036036,0.9601706970128063,0.8001422475106708,7.112375533428171,5.156472261735409,3.307254623044095,7.112375533428171,2.0270270270270174,5.405405405405411,3.0405405405405403,5.4054054054054035,3.378378378378386,5.4054054054054035
1192,CDU,1000,19,1.0,0.0,4.107396870554762,1.0,1.0,1.1824324324324305,1.6714082503556114,6.116642958748223,2.507112375533424,6.1877667140825,5.174253200568991,2.9871977240398238,2.0270270270270245,2.3648648648648702,0.3378378378378315,1.3513513513513473,0.0,1.0135135135135087
1998,DIE LINKE,1000,19,1.0,0.0,3.760668563300142,1.0,0.0,5.236486486486489,3.307254623044102,3.058321479374115,3.0761024182076824,4.925320056899004,1.6180654338549019,6.578947368421048,4.729729729729726,6.081081081081088,6.756756756756765,6.081081081081081,2.702702702702709,5.067567567567565
1858,FDP,1000,19,0.0,1.0,4.714912280701757,1.0,1.0,2.4774774774774797,3.236130867709818,2.987197724039838,5.849928876244668,8.25035561877666,3.307254623044102,4.658605974395456,1.3513513513513544,3.378378378378393,3.7162162162162176,0.6756756756756701,1.0135135135135087,4.729729729729733
533,SPD,1000,19,1.0,1.0,5.666192508297773,1.0,1.0,1.2387387387387367,5.2631578947368425,8.214793741109531,6.436699857752494,1.1379800853485094,4.516358463726888,8.428165007112376,1.689189189189186,1.0135135135135158,0.6756756756756772,1.3513513513513473,1.6891891891891788,1.0135135135135158
3092,CDU,1000,19,1.0,1.0,5.5506164058795635,0.0,1.0,4.391891891891897,1.3335704125177799,5.352062588904694,5.849928876244675,3.698435277382643,10.08179231863442,6.98790896159317,4.7297297297297405,0.6756756756756843,4.391891891891902,7.432432432432442,5.743243243243235,3.378378378378379
2267,bunt.saar,1000,19,0.0,1.0,2.7175201517306804,0.0,1.0,2.364864864864862,0.23115220483641252,3.9651493598862118,3.6450924608819264,2.2226173541963092,3.5739687055476637,2.6671408250355597,0.3378378378378386,4.391891891891888,2.364864864864863,0.3378378378378386,4.391891891891881,2.364864864864863
1339,CDU,1000,19,0.0,1.0,3.1709340919867266,0.0,0.0,3.0968468468468457,4.231863442389766,4.463015647226179,0.5867709815078399,5.0497866287340045,3.5384068278805074,1.1557610241820626,0.0,1.689189189189186,4.729729729729726,2.0270270270270245,4.054054054054049,6.081081081081088
778,DIE LINKE,1000,19,0.0,0.0,7.4798482693219555,0.0,0.0,3.7162162162162162,4.587482219061172,0.9601706970128063,10.953058321479375,3.982930298719772,17.887624466571836,6.507823613086771,8.445945945945944,3.0405405405405403,1.013513513513523,4.054054054054042,4.391891891891888,1.3513513513513615
3568,CDU,1000,19,1.0,0.0,5.568397344713134,1.0,0.0,1.407657657657656,0.0889046941678373,4.925320056899011,8.054765291607403,1.1735419630156443,8.07254623044097,11.095305832147936,0.3378378378378386,0.3378378378378386,3.0405405405405332,1.3513513513513544,2.0270270270270245,1.3513513513513473
4817,bunt.saar,1000,19,1.0,1.0,2.8538406827880523,1.0,1.0,3.040540540540539,8.339260312944525,2.3648648648648702,1.0846372688477857,1.3157894736842124,3.3961593172119606,0.6223328591749606,2.702702702702709,2.7027027027026946,4.391891891891888,2.7027027027027017,3.378378378378372,2.3648648648648702
3697,Die Grünen,1000,19,1.0,0.0,3.6628733997155067,1.0,0.0,3.3783783783783803,4.036273115220489,5.2275960170697005,1.4580369843527734,0.32005689900427114,4.711948790896166,6.223328591749642,4.729729729729726,1.013513513513523,3.0405405405405332,5.067567567567565,4.054054054054063,2.3648648648648702
2393,FDP,1000,19,1.0,1.0,2.7234471313418673,1.0,1.0,1.6328828828828879,6.578947368421048,0.03556187766713492,1.440256045519206,3.662873399715508,0.8001422475106708,3.8229018492176365,0.3378378378378386,1.013513513513523,3.378378378378386,2.702702702702709,1.3513513513513544,1.0135135135135158
1198,bunt.saar,1000,19,0.0,0.0,4.84826932195353,1.0,1.0,1.2387387387387332,2.86273115220483,1.3513513513513473,8.926031294452343,0.9246088193456643,7.930298719772395,7.0945945945945965,1.3513513513513473,1.3513513513513473,1.3513513513513402,1.0135135135135158,1.3513513513513473,1.0135135135135016
584,DIE LINKE,1000,19,0.0,0.0,5.464675201517307,0.0,1.0,1.3513513513513498,1.4935988620199083,2.3470839260312957,7.2724039829302995,6.756756756756758,9.45945945945946,5.45874822190612,1.689189189189186,1.3513513513513544,0.6756756756756701,2.7027027027027017,0.3378378378378386,1.3513513513513473
3383,bunt.saar,1000,19,1.0,1.0,3.1027738264580407,1.0,1.0,3.378378378378379,2.8271692745377024,0.9779516358463738,3.236130867709818,5.51209103840683,5.423186344238985,0.6401137980085352,0.3378378378378386,2.0270270270270316,2.702702702702709,6.756756756756765,4.391891891891881,4.054054054054049
3902,CDU,1000,19,1.0,1.0,3.6510194404931213,1.0,1.0,2.3085585585585604,1.404694167852064,3.1827880512090942,4.729729729729726,1.3869132290184822,6.027738264580371,5.174253200568991,3.0405405405405403,0.6756756756756772,1.0135135135135087,3.378378378378393,3.7162162162162176,2.0270270270270245
370,DIE LINKE,1000,19,1.0,1.0,3.5739687055476566,1.0,1.0,1.970720720720723,6.009957325746804,0.3022759601707037,2.489331436699864,0.9423897581792318,9.495021337126602,2.2048364153627347,1.689189189189186,0.6756756756756843,1.3513513513513473,4.391891891891902,2.7027027027026946,1.013513513513523
4053,Die Grünen,1000,19,0.0,0.0,4.350403034613559,0.0,0.0,3.547297297297297,0.4800853485063925,4.623044096728307,11.290896159317214,1.3335704125177799,7.983641536273105,0.3911806543385552,3.378378378378372,6.081081081081081,3.0405405405405546,2.702702702702709,3.0405405405405332,3.0405405405405332
893,bunt.saar,1000,19,1.0,0.0,5.117946894262681,1.0,1.0,1.3513513513513509,0.07112375533427695,3.698435277382636,8.19701280227595,0.142247510668561,12.695590327169285,5.903271692745378,2.0270270270270316,0.675675675675663,0.6756756756756772,2.7027027027027017,1.689189189189193,0.3378378378378386
1859,FDP,1000,19,1.0,1.0,5.855855855855858,1.0,1.0,2.252252252252253,0.9246088193456643,0.10668563300142608,12.5,3.2894736842105345,12.482219061166433,5.832147937411094,4.391891891891902,2.0270270270270245,0.6756756756756772,3.378378378378372,0.3378378378378386,2.7027027027027017
843,Die Grünen,1000,19,1.0,1.0,6.466334755808442,1.0,0.0,10.867117117117118,1.653627311522051,11.842105263157897,3.378378378378372,0.9423897581792389,14.366998577524889,6.614509246088204,7.770270270270267,7.770270270270274,10.472972972972968,12.837837837837846,14.527027027027025,11.824324324324323
3464,FDP,1000,19,1.0,1.0,4.8482693219535316,1.0,1.0,1.576576576576579,9.83285917496444,0.4800853485063996,2.507112375533424,6.169985775248932,4.55192034139402,5.547652916073972,1.689189189189193,2.364864864864863,1.0135135135135087,2.3648648648648702,0.6756756756756843,1.3513513513513544
1817,DIE LINKE,1000,19,1.0,1.0,5.08831199620673,0.0,0.0,3.322072072072076,1.689189189189186,4.125177809388333,4.125177809388333,5.583214793741114,9.939544807965845,5.067567567567565,0.3378378378378457,4.054054054054063,5.743243243243242,2.364864864864856,4.7297297297297405,2.702702702702709
2757,DIE LINKE,1000,19,0.0,1.0,4.323731626363209,0.0,1.0,1.4076576576576574,1.404694167852064,1.9381223328591872,6.685633001422481,4.463015647226179,5.689900426742533,5.7610241820768096,4.054054054054056,1.013513513513523,1.0135135135135087,1.3513513513513473,0.3378378378378386,0.6756756756756701
1062,Die Grünen,1000,19,0.0,1.0,3.117591275486015,0.0,1.0,1.407657657657655,4.783072546230443,3.307254623044102,4.000711237553347,0.7467994310099613,4.854196301564727,1.0135135135135087,0.3378378378378386,1.689189189189186,0.675675675675663,0.3378378378378386,3.378378378378379,2.0270270270270245
4784,Die Grünen,1000,19,0.0,1.0,7.3316737790421955,1.0,1.0,2.4211711711711743,0.49786628733995997,6.650071123755325,7.21906116642959,3.876244665718346,13.65576102418207,12.091038406827884,1.3513513513513615,0.6756756756756843,3.0405405405405403,2.0270270270270245,3.7162162162162176,3.7162162162162176
2665,SPD,1000,19,1.0,1.0,3.5650782361308693,1.0,1.0,2.702702702702704,6.258890469416791,6.685633001422481,3.8229018492176436,2.3826458036984306,1.1024182076813673,1.1379800853485023,3.378378378378379,0.3378378378378386,1.689189189189193,1.0135135135135087,5.067567567567579,4.729729729729726
5158,FDP,1000,19,1.0,1.0,2.607871028923661,1.0,1.0,1.5765765765765767,2.400426742531998,1.2802275960170775,0.6934566145092376,3.911806543385495,4.018492176386914,3.342816500711244,1.689189189189193,1.0135135135135087,2.7027027027026946,1.3513513513513544,1.0135135135135158,1.689189189189193
2006,SPD,1000,19,0.0,0.0,9.219416785206258,0.0,0.0,5.743243243243242,4.17852062588905,8.730440967283073,9.388335704125183,2.1692745376955855,19.754623044096725,11.095305832147936,9.797297297297291,2.0270270270270316,3.0405405405405403,5.067567567567565,7.432432432432435,7.094594594594589
2128,Die Grünen,1000,19,0.0,1.0,3.179824561403508,0.0,1.0,4.673423423423426,3.3605974395448044,5.316500711237566,1.8136557610241795,3.165007112375534,4.2140825035561775,1.2091038406827863,5.405405405405411,3.0405405405405403,6.418918918918919,5.405405405405411,5.4054054054054035,2.3648648648648702
2998,bunt.saar,1000,19,1.0,1.0,7.6813655761024195,1.0,1.0,1.4076576576576596,7.859174964438125,1.226884779516368,10.02844950213371,3.1472261735419664,18.189900426742525,5.636557610241823,0.3378378378378315,1.01351351351353,0.0,2.0270270270270316,3.0405405405405332,2.0270270270270316
4262,FDP,1000,19,1.0,1.0,3.568041725936465,1.0,1.0,2.6463963963963955,6.294452347083926,0.1955903271692847,1.546941678520625,6.685633001422481,5.814366998577526,0.8712660028449477,0.3378378378378457,1.0135135135135087,5.067567567567565,1.3513513513513402,2.702702702702709,5.4054054054054035
3930,bunt.saar,1000,19,0.0,0.0,5.9269796111901405,1.0,1.0,0.6756756756756749,1.4935988620199083,10.775248933143672,2.631578947368425,3.485064011379805,11.895448079658614,5.280938833570417,0.6756756756756772,0.0,0.3378378378378386,1.3513513513513544,0.675675675675663,1.0135135135135158
4708,bunt.saar,1000,19,1.0,0.0,4.374110953058323,0.0,0.0,2.308558558558559,0.6934566145092447,3.342816500711244,6.667852062588906,0.8179231863442382,8.97937411095306,5.743243243243242,1.689189189189186,0.3378378378378386,2.364864864864863,1.013513513513523,4.054054054054049,4.391891891891895
502,CDU,1000,19,1.0,1.0,1.4343290659080097,1.0,1.0,1.2950450450450444,4.729729729729726,0.8179231863442382,0.08890469416784441,1.3157894736842124,1.3513513513513473,0.3022759601706895,0.0,2.0270270270270174,0.3378378378378386,2.7027027027026946,1.689189189189193,1.013513513513523
1138,CDU,1000,19,0.0,1.0,3.150189663347556,0.0,0.0,4.335585585585588,3.022759601706973,0.8890469416785152,4.42745376955903,3.627311522048373,4.480796586059739,2.4537695590327075,2.702702702702709,4.391891891891895,5.405405405405411,2.0270270270270316,5.743243243243235,5.743243243243249
2607,DIE LINKE,1000,19,0.0,1.0,3.1264817449027986,0.0,0.0,5.518018018018015,8.819345661450917,0.6756756756756772,1.1379800853485094,1.2268847795163538,2.9338549075391214,3.9651493598862118,3.378378378378372,3.7162162162162105,9.121621621621614,5.743243243243242,2.7027027027027017,8.445945945945951
4265,Die Grünen,1000,19,0.0,0.0,3.0346135609293463,0.0,0.0,2.195945945945945,0.07112375533427695,1.1024182076813602,5.636557610241823,1.2268847795163538,6.1877667140825,3.982930298719765,2.7027027027026946,5.067567567567572,2.0270270270270316,0.3378378378378386,1.0135135135135087,2.0270270270270245
4122,DIE LINKE,1000,19,1.0,0.0,3.793266951161693,1.0,1.0,2.4211711711711708,3.7162162162162176,6.54338549075392,2.435988620199147,1.6002844950213486,8.054765291607403,0.40896159317212266,2.3648648648648702,3.378378378378379,1.689189189189193,4.054054054054056,0.3378378378378244,2.7027027027027017
2481,Die Grünen,1000,19,1.0,0.0,6.318160265528687,1.0,1.0,3.153153153153152,0.46230440967283215,7.21906116642959,7.076813655761022,2.916073968705547,11.557610241820775,8.677098150782356,2.7027027027026946,2.364864864864863,2.702702702702709,3.7162162162162176,2.7027027027027017,4.729729729729726
4652,FDP,1000,19,0.0,0.0,4.095542911332383,0.0,0.0,7.263513513513517,3.69843527738265,2.0625889046941666,4.534139402560456,6.845661450924595,4.711948790896159,2.720483641536269,3.0405405405405475,2.3648648648648702,12.5,3.7162162162162176,11.148648648648653,10.810810810810814
1538,bunt.saar,1000,19,1.0,0.0,5.598032242769079,1.0,1.0,2.0833333333333344,6.881223328591744,4.960881934566139,5.938833570412527,1.4224751066856243,12.32219061166429,2.0625889046941523,1.6891891891891788,2.7027027027027017,0.6756756756756772,4.391891891891902,0.3378378378378386,2.702702702702709
1290,CDU,1000,19,1.0,1.0,1.380986249407299,1.0,1.0,1.8581081081081112,0.35561877667140607,2.258179231863444,1.7780938833570303,1.724751066856328,1.3513513513513473,0.8179231863442382,2.7027027027027017,0.3378378378378386,0.3378378378378386,4.729729729729733,1.689189189189193,1.3513513513513615
3480,bunt.saar,1000,19,1.0,1.0,4.47190611664296,1.0,1.0,0.7882882882882877,3.165007112375541,1.1024182076813673,6.098862019914655,1.3157894736842124,10.295163584637258,4.854196301564727,0.3378378378378386,0.3378378378378244,1.689189189189193,0.6756756756756772,0.6756756756756914,1.0135135135135016
287,FDP,1000,19,1.0,1.0,5.595068752963491,1.0,1.0,2.5900900900900887,6.827880512091042,0.46230440967283215,4.729729729729733,8.712660028449498,5.2631578947368425,7.574679943100996,0.6756756756756772,4.054054054054056,4.054054054054049,1.0135135135135158,4.054054054054049,1.689189189189186
3946,FDP,1000,19,1.0,1.0,8.262209577999052,1.0,1.0,1.1824324324324322,10.437411095305833,5.4409672830725455,9.672830725462298,11.593172119487903,2.0270270270270316,10.401849217638695,1.3513513513513473,1.3513513513513544,1.3513513513513473,0.0,1.689189189189193,1.3513513513513509
2476,CDU,1000,19,1.0,0.0,2.1040777619725013,0.0,0.0,1.8581081081081077,1.6714082503556114,0.7467994310099613,3.9651493598862118,3.0761024182076824,2.560455192034155,0.604551920341386,0.3378378378378315,2.3648648648648702,0.3378378378378315,1.0135135135135158,4.729729729729726,2.3648648648648702
1425,FDP,1000,19,1.0,1.0,2.2729966808914166,1.0,1.0,0.9572072072072094,1.9559032716927405,1.2446657183499283,0.9246088193456643,5.796586059743959,0.9601706970127921,2.756045519203415,2.0270270270270245,0.6756756756756772,0.6756756756756772,1.3513513513513544,0.3378378378378457,0.6756756756756772
2289,DIE LINKE,1000,19,0.0,0.0,2.587126600284494,0.0,0.0,1.1824324324324327,7.201280227596023,1.973684210526315,1.3513513513513473,0.3022759601707037,2.187055476529153,2.507112375533424,1.689189189189193,1.689189189189186,0.3378378378378386,0.0,0.3378378378378315,3.0405405405405475
3292,Die Grünen,1000,19,1.0,0.0,6.845661450924612,1.0,0.0,1.9144144144144164,11.34423897581793,3.485064011379805,2.9338549075391214,5.138691322901856,12.108819345661445,6.063300142247513,2.0270270270270316,0.6756756756756701,2.7027027027027017,2.0270270270270316,2.3648648648648702,1.689189189189193
1201,Die Grünen,1000,19,1.0,0.0,7.491702228544338,1.0,1.0,1.8018018018018,4.374110953058327,3.7873399715504945,9.975106685633016,1.7425320056899025,12.553342816500717,12.517780938833575,0.6756756756756772,4.054054054054056,0.0,4.054054054054056,1.3513513513513402,0.6756756756756701
3931,FDP,1000,19,1.0,1.0,4.054054054054053,1.0,1.0,2.0833333333333353,9.886201991465143,0.142247510668561,0.9246088193456607,5.067567567567565,4.018492176386914,4.285206258890472,2.702702702702709,2.364864864864863,2.364864864864863,2.702702702702709,2.027027027027028,0.3378378378378386
3789,Die Grünen,1000,19,0.0,0.0,2.5397107633949716,1.0,0.0,3.9977477477477437,1.5647226173541924,0.1422475106685539,3.2183499288762576,2.7027027027026946,6.792318634423893,0.8179231863442382,0.6756756756756772,5.067567567567565,5.743243243243228,2.364864864864856,3.378378378378386,6.756756756756751
1534,bunt.saar,1000,19,1.0,1.0,4.780109056424845,1.0,1.0,2.9842342342342376,4.338549075391185,4.0362731152204745,6.863442389758177,0.9246088193456643,8.85490753911806,3.662873399715508,4.054054054054056,0.6756756756756914,1.3513513513513544,5.743243243243242,1.3513513513513544,4.729729729729726
4883,bunt.saar,1000,19,1.0,0.0,5.42614983404457,1.0,1.0,3.6036036036036037,0.6578947368421026,3.3250355618776624,5.992176386913229,3.840682788051218,13.335704125177806,5.4054054054054035,4.054054054054056,0.0,3.0405405405405332,6.418918918918919,4.054054054054063,4.054054054054049
2334,Die Grünen,1000,19,1.0,0.0,6.285561877667138,1.0,1.0,2.3648648648648645,2.6137980085348502,5.796586059743959,10.206258890469414,1.4224751066856243,10.170697012802272,7.503556187766705,1.3513513513513544,4.054054054054063,3.0405405405405332,1.689189189189186,3.0405405405405475,1.0135135135135016
4599,bunt.saar,1000,19,1.0,1.0,2.717520151730676,1.0,1.0,3.5472972972973005,1.831436699857747,1.262446657183503,3.1116642958748173,1.6002844950213415,3.6806543385490826,4.818634423897564,2.7027027027027017,2.0270270270270316,3.378378378378386,3.378378378378379,5.4054054054054035,4.391891891891902
1929,bunt.saar,1000,19,1.0,1.0,4.679350403034609,1.0,1.0,2.590090090090095,11.308677098150785,2.187055476529153,5.245376955903268,1.5647226173541924,7.361308677098144,0.40896159317210845,0.0,1.01351351351353,2.3648648648648702,3.7162162162162176,3.0405405405405475,5.4054054054054035
513,bunt.saar,1000,19,1.0,1.0,8.51706970128023,1.0,1.0,0.7882882882882853,1.5291607396870575,16.145092460881934,3.8762446657183602,0.6756756756756737,17.532005689900423,11.34423897581793,1.0135135135135087,0.3378378378378315,0.675675675675663,1.0135135135135158,1.0135135135135158,0.6756756756756772
1140,Die Grünen,1000,19,0.0,0.0,6.202584163110477,1.0,1.0,1.8018018018018,2.809388335704128,6.098862019914655,5.636557610241823,3.1294452347083777,10.757467994310097,8.783783783783782,1.689189189189186,1.0135135135135158,2.0270270270270174,1.0135135135135087,3.0405405405405403,2.0270270270270316
1841,FDP,1000,19,1.0,0.0,5.497273589378853,1.0,1.0,5.236486486486487,10.028449502133718,2.115931721194876,1.5647226173541924,11.522048364153626,2.4182076813655797,5.3342816500711265,0.0,5.743243243243242,7.432432432432435,2.364864864864856,8.78378378378379,7.0945945945945965
3987,FDP,1000,19,1.0,1.0,2.2878141299193935,1.0,1.0,2.8716216216216224,0.9957325746799413,1.404694167852064,1.3691322901849219,2.6493598862019923,3.94736842105263,3.3605974395448115,8.445945945945944,3.7162162162162176,0.6756756756756701,3.378378378378386,0.3378378378378386,0.6756756756756772
2731,FDP,1000,19,1.0,1.0,3.0849928876244674,1.0,1.0,1.9144144144144153,6.827880512091042,2.0625889046941666,4.747510668563294,2.8627311522048444,1.546941678520625,0.46230440967283215,0.3378378378378386,0.3378378378378386,2.7027027027027017,1.689189189189193,2.7027027027027017,3.7162162162162176
1007,bunt.saar,1000,19,1.0,0.0,4.744547178757703,0.0,0.0,5.630630630630631,5.4054054054054035,2.044807965860592,8.321479374110943,0.23115220483641252,8.001422475106693,4.463015647226172,3.7162162162162176,2.7027027027026946,6.081081081081081,6.081081081081088,7.094594594594604,8.108108108108105
5065,bunt.saar,1000,19,1.0,0.0,7.082740635372221,1.0,1.0,1.5765765765765778,1.0846372688477999,4.640825035561882,10.046230440967292,9.192745376955905,10.384068278805131,7.147937411095313,0.6756756756756772,1.0135135135135087,1.689189189189193,2.7027027027027017,1.689189189189193,1.689189189189193
5155,DIE LINKE,1000,19,0.0,1.0,5.476529160739683,0.0,0.0,2.7590090090090107,4.445234708392597,4.19630156472261,10.241820768136556,1.1024182076813602,8.054765291607403,4.818634423897571,3.7162162162162176,0.6756756756756772,3.0405405405405332,3.378378378378386,3.0405405405405475,2.7027027027027017
499,Die Grünen,1000,19,1.0,1.0,5.049786628733998,1.0,1.0,1.2950450450450457,2.6671408250355597,6.899004267425312,2.951635846372696,1.7069701280227534,7.290184921763881,8.78378378378379,0.3378378378378315,1.689189189189193,0.6756756756756772,2.0270270270270245,1.3513513513513544,1.689189189189193
5104,bunt.saar,1000,19,1.0,0.0,8.028093883357036,1.0,0.0,7.2072072072072055,2.115931721194869,6.845661450924595,12.32219061166429,3.6450924608819406,15.487197724039824,7.752489331436699,2.702702702702709,2.7027027027026946,10.472972972972968,7.770270270270281,11.486486486486477,8.108108108108105
1223,bunt.saar,1000,19,0.0,1.0,2.3470839260312935,1.0,1.0,1.9707207207207216,2.4537695590327147,4.445234708392604,2.5960170697012757,1.7425320056899025,0.7112375533428121,2.1337126600284506,3.0405405405405403,1.0135135135135158,1.6891891891891788,2.0270270270270316,2.3648648648648702,1.689189189189193
4847,SPD,1000,19,1.0,0.0,4.975699383594115,1.0,0.0,1.5765765765765767,6.916785206258886,6.027738264580371,1.1557610241820626,8.445945945945944,3.556187766714075,3.7517780938833525,0.3378378378378386,1.689189189189186,2.702702702702709,2.7027027027027017,1.0135135135135016,1.013513513513523
2091,CDU,1000,19,1.0,0.0,2.243361782835469,1.0,0.0,1.407657657657655,3.3961593172119606,0.9423897581792389,2.0625889046941666,3.6450924608819264,0.2844950213371291,3.129445234708392,3.378378378378372,0.3378378378378386,0.6756756756756701,2.7027027027027017,1.0135135135135087,0.3378378378378386
1651,FDP,1000,19,1.0,1.0,2.465623518255095,1.0,1.0,1.8581081081081088,1.511379800853483,2.4537695590327075,3.8940256045519206,1.618065433854909,4.196301564722617,1.1201991465149348,3.378378378378379,2.0270270270270316,0.0,3.0405405405405403,0.6756756756756772,2.0270270270270245
2342,DIE LINKE,1000,19,0.0,1.0,3.3635609293504025,0.0,1.0,4.729729729729731,3.4317211948790884,3.2539118065433854,1.6180654338549019,5.352062588904694,1.2446657183499354,5.28093883357041,4.729729729729726,1.0135135135135087,7.094594594594611,3.378378378378379,7.432432432432435,4.729729729729726
2585,DIE LINKE,1000,19,1.0,0.0,2.1692745376955913,1.0,0.0,3.0968468468468457,0.426742532005683,2.9694167852062563,1.511379800853483,2.6671408250355597,2.560455192034155,2.880512091038412,3.378378378378379,2.0270270270270316,4.054054054054056,7.7702702702702595,1.0135135135135087,0.3378378378378386
3909,CDU,1000,19,1.0,0.0,4.471906116642959,1.0,0.0,2.083333333333332,1.3157894736842124,2.9338549075391214,0.9957325746799413,7.681365576102422,8.677098150782356,5.2275960170697005,3.0405405405405332,0.3378378378378386,3.378378378378379,3.0405405405405403,1.689189189189186,1.0135135135135158
875,CDU,1000,19,1.0,1.0,4.199265054528212,1.0,1.0,2.083333333333331,1.3335704125177799,1.653627311522051,4.054054054054049,7.130156472261731,5.849928876244668,5.174253200568991,3.7162162162162105,3.0405405405405332,1.689189189189186,3.7162162162162176,0.0,0.3378378378378386
5174,FDP,1000,19,1.0,0.0,2.38264580369844,1.0,1.0,7.432432432432434,0.0,3.9118065433855023,2.8271692745377024,3.769559032716927,2.987197724039838,0.8001422475106708,9.797297297297305,1.689189189189186,8.108108108108112,10.135135135135144,6.418918918918912,8.445945945945944
3352,Die Grünen,1000,19,0.0,1.0,4.771218587008061,1.0,1.0,1.4639639639639614,1.689189189189193,8.214793741109531,3.3605974395447973,3.5028449502133725,6.614509246088197,5.245376955903275,1.3513513513513544,2.7027027027027017,1.3513513513513473,0.0,2.364864864864856,1.0135135135135087
5176,Die Grünen,1000,19,0.0,1.0,4.3118776671408225,0.0,1.0,6.024774774774772,5.298719772403977,3.1294452347083848,4.231863442389752,6.401137980085345,6.418918918918919,0.3911806543385552,3.7162162162162176,6.081081081081081,6.418918918918905,10.135135135135137,6.418918918918919,3.378378378378372
219,CDU,1000,19,1.0,1.0,5.2098150782361285,1.0,1.0,3.6036036036036023,1.9914651493598896,5.494310099573248,9.903982930298717,1.795874822190612,11.539829302987194,0.5334281650071091,1.689189189189186,4.729729729729726,2.364864864864863,5.067567567567572,4.054054054054049,3.7162162162162176
1277,bunt.saar,1000,19,0.0,0.0,6.075154101469894,1.0,1.0,1.6891891891891884,1.8492176386913215,4.320768136557611,8.232574679943106,3.733997155049792,10.704125177809388,7.610241820768145,3.7162162162162176,3.378378378378379,1.0135135135135158,0.3378378378378315,1.3513513513513473,0.3378378378378386
1989,bunt.saar,1000,19,1.0,0.0,4.910502607871034,1.0,1.0,2.3648648648648645,0.32005689900427114,5.174253200568991,1.5469416785206391,1.6002844950213415,17.745376955903275,3.0761024182076824,2.702702702702709,0.0,3.378378378378372,0.3378378378378457,3.378378378378372,4.391891891891888
3140,bunt.saar,1000,19,1.0,0.0,7.12126600284495,1.0,1.0,2.8716216216216193,4.107396870554766,2.400426742531998,9.583926031294453,1.7069701280227534,19.523470839260327,5.4054054054054035,2.364864864864863,1.689189189189193,1.6891891891891788,3.3783783783783825,4.054054054054035,4.054054054054063
4220,SPD,1000,19,1.0,0.0,3.686581318160266,1.0,1.0,1.0135135135135205,1.0312944523470833,2.2226173541963092,6.276671408250358,4.107396870554773,2.791607396870546,5.6899004267425255,0.3378378378378457,2.364864864864863,1.3513513513513615,0.3378378378378457,1.3513513513513544,0.3378378378378528
1416,CDU,1000,19,0.0,0.0,6.276671408250358,1.0,1.0,4.391891891891888,5.245376955903275,4.196301564722617,4.036273115220482,10.455192034139415,5.867709815078236,7.859174964438125,3.7162162162162105,3.0405405405405403,5.067567567567565,2.0270270270270174,4.391891891891881,8.108108108108112
547,bunt.saar,1000,19,0.0,0.0,6.650071123755335,0.0,0.0,4.842342342342344,0.9423897581792318,0.2489331436700013,11.36201991465149,5.974395448079662,12.304409672830715,9.068278805120912,5.743243243243249,1.0135135135135016,4.054054054054063,7.0945945945945965,5.067567567567565,6.081081081081088
3378,CDU,1000,19,1.0,1.0,1.5202702702702784,1.0,1.0,1.238738738738738,0.5867709815078399,3.2183499288762576,0.2489331436699942,0.9957325746799413,3.02275960170698,1.0490753911806578,2.702702702702709,0.675675675675663,1.3513513513513544,2.0270270270270316,0.6756756756756701,0.0
796,FDP,1000,19,0.0,0.0,5.052750118539589,0.0,0.0,8.614864864864867,2.507112375533424,1.3869132290184822,11.006401137980092,3.4672830725462234,4.783072546230443,7.1657183499288735,8.445945945945951,2.702702702702709,12.5,6.418918918918919,10.810810810810814,10.810810810810807
4721,bunt.saar,1000,19,1.0,0.0,4.403745851114274,1.0,0.0,5.799549549549547,5.725462304409675,5.227596017069708,5.1209103840682815,2.6493598862019923,7.62802275960172,0.07112375533426984,1.013513513513523,0.6756756756756701,7.770270270270274,5.743243243243242,8.783783783783782,10.810810810810793
3360,Die Grünen,1000,19,0.0,1.0,2.8212422949265084,1.0,0.0,1.2387387387387356,3.8584637268847715,1.9381223328591872,2.0270270270270316,2.7916073968705533,3.627311522048373,2.6849217638691343,1.3513513513513473,0.3378378378378457,1.6891891891891788,0.6756756756756843,2.7027027027026946,0.675675675675663
3939,Die Grünen,1000,19,1.0,1.0,5.915125651967756,1.0,1.0,3.378378378378373,0.17780938833571014,0.9068278805120897,9.850640113798008,3.3605974395448044,12.091038406827884,9.10384068278804,0.0,4.391891891891888,5.067567567567565,1.689189189189186,5.067567567567565,4.054054054054035
721,FDP,1000,19,0.0,1.0,3.938477951635845,1.0,1.0,4.27927927927928,2.187055476529153,3.3961593172119535,0.3378378378378386,8.55263157894737,4.943100995732571,4.214082503556185,4.729729729729733,5.743243243243242,2.7027027027027017,2.3648648648648702,2.7027027027027017,7.432432432432435
2257,Die Grünen,1000,19,1.0,1.0,2.4300616405879603,1.0,0.0,2.646396396396393,3.165007112375541,2.9694167852062563,0.9423897581792318,1.9381223328591801,3.5739687055476637,1.9914651493598896,1.689189189189186,2.3648648648648702,2.702702702702709,4.054054054054042,2.7027027027026946,2.364864864864856
4576,FDP,1000,19,1.0,0.0,4.021455666192511,1.0,0.0,4.33558558558558,1.3157894736842124,1.546941678520632,1.4224751066856385,2.418207681365587,13.22901849217638,4.196301564722617,3.378378378378372,1.689189189189186,5.743243243243242,2.7027027027026946,7.7702702702702595,4.729729729729726
646,bunt.saar,1000,19,1.0,0.0,6.564129919393076,1.0,0.0,1.6328828828828783,1.511379800853483,6.667852062588906,5.52987197724039,0.8357041251778057,17.58534850640114,7.254623044096732,0.6756756756756772,1.0135135135135016,1.0135135135135016,1.0135135135135087,4.054054054054049,2.0270270270270316
5048,FDP,1000,19,1.0,1.0,2.4982219061166404,1.0,1.0,3.4346846846846852,3.1472261735419664,1.0490753911806507,1.724751066856328,4.67638691322901,3.165007112375534,1.2268847795163538,5.4054054054054035,0.3378378378378315,4.054054054054056,4.391891891891902,4.729729729729726,1.689189189189193
2390,FDP,1000,19,1.0,1.0,5.7699146514935995,1.0,1.0,1.5202702702702677,5.4054054054054035,2.5426742532005733,8.534850640113795,3.8584637268847786,8.677098150782363,5.600995732574681,1.3513513513513402,2.0270270270270245,2.0270270270270245,0.6756756756756772,1.3513513513513473,1.689189189189193
4146,FDP,1000,19,1.0,0.0,3.3072546230441,1.0,0.0,3.265765765765765,3.733997155049792,1.5647226173541924,4.694167852062591,0.8534850640113874,6.401137980085352,2.5960170697012828,4.729729729729726,2.0270270270270245,3.0405405405405403,6.081081081081074,1.3513513513513544,2.3648648648648702
3825,Die Grünen,1000,19,0.0,1.0,5.346135609293502,0.0,1.0,4.617117117117119,1.653627311522051,5.95661450924608,6.685633001422481,3.9295874822190555,9.83285917496444,4.018492176386907,7.432432432432435,2.7027027027026946,4.7297297297297405,6.418918918918919,4.7297297297297405,1.689189189189186
670,bunt.saar,1000,19,0.0,0.0,8.567449027975341,1.0,0.0,5.292792792792789,0.6756756756756772,3.058321479374108,16.92745376955903,4.338549075391178,15.007112375533424,11.397581792318633,5.743243243243235,1.3513513513513402,6.756756756756751,6.418918918918919,6.756756756756765,4.729729729729726
1405,FDP,1000,19,0.0,1.0,4.9342105263157885,1.0,1.0,0.7882882882882912,0.08890469416784441,4.80085348506401,4.391891891891895,12.32219061166429,1.4580369843527734,6.54338549075392,2.0270270270270316,1.0135135135135158,0.3378378378378457,0.0,0.3378378378378386,1.0135135135135158
2663,Die Grünen,1000,19,0.0,1.0,3.8703176861071533,0.0,1.0,2.7027027027027066,1.8847795163584706,5.334281650071112,3.5028449502133583,5.2275960170697005,4.42745376955903,2.8449502133712485,4.391891891891895,1.689189189189186,2.702702702702709,0.0,3.7162162162162247,3.7162162162162247
2786,CDU,1000,19,1.0,1.0,2.6582503556187773,1.0,0.0,6.25,1.8847795163584706,1.3513513513513473,5.1564722617354235,0.8712660028449548,4.765291607396868,1.9203413940255984,2.7027027027027017,9.797297297297291,7.432432432432428,0.0,8.78378378378379,8.78378378378379
3634,CDU,1000,19,1.0,0.0,3.434684684684683,1.0,1.0,4.279279279279279,3.4317211948790884,4.2140825035561775,1.511379800853483,5.369843527738269,4.107396870554766,1.973684210526315,5.4054054054054035,4.391891891891888,2.0270270270270316,5.4054054054054035,6.756756756756758,1.689189189189186
236,bunt.saar,1000,19,0.0,0.0,3.298364153627311,0.0,1.0,2.308558558558559,1.0490753911806578,2.1692745376955855,3.8584637268847786,2.4182076813655797,4.107396870554766,6.1877667140825,2.364864864864856,1.3513513513513544,2.0270270270270316,3.0405405405405475,1.0135135135135158,4.054054054054049
4703,Die Grünen,1000,19,0.0,0.0,4.276315789473682,1.0,1.0,1.5765765765765778,1.2091038406827934,1.973684210526315,6.365576102418217,3.1294452347083777,10.615220483641522,2.3648648648648702,1.3513513513513615,1.0135135135135087,0.6756756756756914,4.729729729729726,1.6891891891891788,0.0
1479,FDP,1000,19,1.0,1.0,6.427809388335703,1.0,0.0,3.4909909909909875,14.740398293029862,2.044807965860592,5.0853485064011394,7.290184921763881,7.1301564722617385,2.275960170697008,1.3513513513513473,2.7027027027027017,3.716216216216207,4.391891891891888,4.391891891891888,4.391891891891895
4021,FDP,1000,19,1.0,1.0,4.252607871028924,1.0,1.0,3.3783783783783803,2.0625889046941666,0.2844950213371291,6.738975817923187,11.877667140825032,3.6095305832147915,0.9423897581792353,0.0,1.0135135135135087,5.743243243243242,3.0405405405405546,7.0945945945945965,3.378378378378379
960,FDP,1000,19,0.0,1.0,5.9506875296348944,1.0,1.0,3.5472972972972947,7.361308677098144,2.00924608819345,7.539118065433847,9.050497866287337,1.582503556187767,8.161450924608822,5.067567567567565,5.4054054054054035,4.729729729729719,0.3378378378378386,2.7027027027027017,3.0405405405405403
2398,bunt.saar,1000,19,1.0,0.0,2.652323376007588,1.0,1.0,2.7027027027027017,1.0490753911806578,2.738264580369851,4.214082503556185,2.1692745376955926,5.067567567567565,0.6756756756756772,3.378378378378372,2.3648648648648702,2.0270270270270316,4.391891891891888,2.0270270270270316,2.0270270270270174
3737,bunt.saar,1000,19,0.0,0.0,7.076813655761022,0.0,0.0,8.614864864864867,0.7290184921763796,3.4672830725462234,12.802275960170697,2.809388335704128,15.024893314366984,7.62802275960172,6.418918918918926,0.3378378378378386,12.162162162162161,10.472972972972975,12.162162162162154,10.135135135135144
1607,bunt.saar,1000,19,1.0,0.0,5.547652916073971,1.0,1.0,2.9842342342342305,2.0270270270270316,2.3826458036984306,6.241109530583216,4.498577524893321,13.602418207681367,4.534139402560456,0.3378378378378315,3.7162162162162247,4.7297297297297405,3.7162162162162105,3.7162162162161962,1.6891891891891788
4222,Die Grünen,1000,19,1.0,0.0,3.615457562825983,1.0,1.0,2.027027027027028,4.160739687055475,2.3470839260312957,1.9559032716927476,2.3826458036984377,6.027738264580378,4.818634423897564,3.0405405405405403,0.6756756756756772,2.702702702702709,1.3513513513513544,2.364864864864856,2.0270270270270316
5171,Die Grünen,1000,19,0.0,0.0,5.93290659080133,0.0,1.0,0.9009009009009041,3.3605974395448044,2.6849217638691343,9.77951635846373,3.2894736842105345,12.660028449502128,3.8229018492176436,0.3378378378378457,0.0,2.0270270270270316,0.0,3.0405405405405475,0.0
2320,DIE LINKE,1000,19,0.0,0.0,4.460052157420578,0.0,0.0,6.137387387387387,9.957325746799427,3.556187766714082,3.8229018492176436,6.454480796586061,1.1201991465149348,1.8492176386913215,1.689189189189193,1.3513513513513473,11.486486486486484,5.743243243243242,7.432432432432435,9.121621621621621
3551,FDP,1000,19,1.0,1.0,1.4698909435751553,1.0,1.0,2.1396396396396384,0.9423897581792318,0.8712660028449548,0.3022759601707037,0.7645803698435287,3.3250355618776624,2.6137980085348502,3.0405405405405332,2.364864864864863,2.0270270270270316,2.7027027027026946,2.3648648648648702,0.3378378378378386
2327,DIE LINKE,1000,19,0.0,0.0,5.9121621621621605,0.0,0.0,1.7454954954954935,1.8136557610241795,7.503556187766712,4.800853485064017,3.8584637268847715,9.761735419630156,7.734708392603125,3.0405405405405475,2.364864864864856,0.6756756756756772,1.0135135135135087,1.689189189189186,1.689189189189186
169,CDU,1000,19,1.0,0.0,3.2835467045993383,1.0,0.0,2.81531531531531,3.0049786628734054,3.627311522048366,7.610241820768138,0.8890469416785152,1.2802275960170775,3.2894736842105274,2.0270270270270174,2.364864864864856,5.743243243243235,3.7162162162162176,0.6756756756756701,2.364864864864863
5110,SPD,1000,19,1.0,0.0,5.283902323376008,1.0,0.0,1.5202702702702713,4.516358463726888,12.286628733997162,3.876244665718353,0.1955903271692847,5.672119487908951,5.156472261735409,0.0,1.0135135135135087,4.391891891891888,0.3378378378378386,1.3513513513513686,2.0270270270270245
1634,CDU,1000,19,1.0,0.0,5.90919867235657,1.0,0.0,4.335585585585586,1.653627311522051,4.925320056899011,8.517069701280235,1.2802275960170704,10.384068278805124,8.694879089615931,2.7027027027026946,1.689189189189193,7.0945945945945965,3.0405405405405403,6.081081081081088,5.4054054054054035
4898,FDP,1000,19,1.0,0.0,9.886201991465144,1.0,1.0,1.3513513513513462,7.734708392603125,6.650071123755325,13.335704125177806,4.605263157894733,19.025604551920335,7.965860597439537,0.3378378378378244,0.3378378378378244,3.378378378378379,1.689189189189186,2.0270270270270174,0.3378378378378457
5024,FDP,1000,19,1.0,1.0,3.793266951161686,1.0,1.0,1.520270270270269,7.503556187766712,1.8136557610241795,3.0049786628733983,1.3513513513513473,6.330014224751068,2.7560455192034112,1.689189189189193,0.0,1.3513513513513544,4.391891891891881,1.3513513513513544,0.3378378378378315
3177,bunt.saar,1000,19,0.0,0.0,5.998103366524418,0.0,0.0,7.376126126126123,2.5248933143669916,0.07112375533426984,11.94879089615933,0.07112375533427695,13.30014224751067,8.07254623044097,6.081081081081074,2.0270270270270174,9.459459459459467,7.770270270270267,11.148648648648646,7.770270270270267
2752,CDU,1000,19,1.0,1.0,1.7514224751066874,1.0,1.0,1.689189189189186,0.21337126600283796,1.475817923186355,2.2759601706970045,2.275960170697026,1.9381223328591801,2.329302987197721,0.675675675675663,3.7162162162162176,0.6756756756756843,2.364864864864856,1.0135135135135087,1.689189189189186
3547,CDU,1000,19,1.0,0.0,6.753793266951161,1.0,0.0,1.2950450450450457,2.8271692745376953,5.298719772403977,6.632290184921764,3.058321479374108,8.285917496443822,14.420341394025598,1.0135135135135158,2.0270270270270316,0.0,1.0135135135135158,0.3378378378378386,3.378378378378372
3119,bunt.saar,1000,19,1.0,0.0,6.57894736842105,1.0,1.0,3.3783783783783767,5.529871977240397,4.943100995732571,12.660028449502128,1.9381223328591801,6.223328591749642,8.179231863442382,4.729729729729726,0.0,3.7162162162162105,7.094594594594604,1.689189189189186,3.0405405405405332
2604,FDP,1000,19,0.0,1.0,2.264106211474635,1.0,1.0,3.490990990990993,0.17780938833571014,2.3470839260312957,2.5960170697012863,7.21906116642959,0.7823613086770962,0.46230440967283215,3.0405405405405475,2.0270270270270316,3.378378378378372,3.0405405405405475,4.72972972972973,4.729729729729728
2175,bunt.saar,1000,19,1.0,1.0,2.569345661450933,1.0,1.0,3.547297297297303,2.4182076813655797,5.369843527738276,2.4893314366998567,3.2183499288762576,1.226884779516368,0.6934566145092589,1.0135135135135087,3.7162162162162247,3.378378378378386,3.378378378378393,5.405405405405418,4.391891891891888
3569,bunt.saar,1000,19,1.0,0.0,4.925320056899,1.0,0.0,4.166666666666669,0.6934566145092447,1.3513513513513473,7.183499288762434,1.7425320056899025,12.32219061166429,6.258890469416784,3.7162162162162176,3.378378378378379,4.729729729729726,3.7162162162162176,4.729729729729733,4.7297297297297405
2425,Die Grünen,1000,19,1.0,1.0,4.919393077287815,1.0,0.0,1.9707207207207194,3.485064011379805,2.0270270270270316,7.112375533428171,3.9295874822190555,7.2724039829302995,5.6899004267425255,1.689189189189186,0.3378378378378386,3.7162162162162105,3.7162162162162176,0.6756756756756843,1.6891891891891788
5149,CDU,1000,19,1.0,0.0,4.054054054054052,1.0,0.0,2.0270270270270268,0.3378378378378386,7.3790896159317185,0.1422475106685539,7.859174964438118,7.165718349928888,1.4402560455191917,1.689189189189193,1.0135135135135087,2.364864864864863,1.3513513513513473,3.7162162162162176,2.0270270270270316
4153,Die Grünen,1000,19,1.0,1.0,6.03366524419156,1.0,1.0,3.265765765765765,0.9068278805120897,6.98790896159317,9.477240398293027,2.364864864864863,11.059743954480808,5.4054054054054035,2.0270270270270245,5.067567567567565,1.689189189189193,2.0270270270270316,3.378378378378372,5.4054054054054035
4378,CDU,1000,19,1.0,1.0,4.154812707444286,0.0,1.0,1.8018018018017987,0.6045519203413932,1.0312944523470904,5.4409672830725455,3.520625889046933,8.641536273115221,5.689900426742533,0.3378378378378386,1.6891891891891788,2.0270270270270245,3.378378378378379,2.0270270270270245,1.3513513513513473
17,Die Grünen,1000,19,1.0,1.0,4.424490279753439,0.0,0.0,3.2657657657657673,0.3911806543385552,3.3961593172119606,3.5739687055476566,3.058321479374108,12.571123755334277,3.556187766714075,1.689189189189193,1.0135135135135016,4.391891891891888,1.689189189189186,4.391891891891902,6.4189189189189335
4443,CDU,1000,19,0.0,1.0,4.341512565196773,1.0,1.0,2.7590090090090116,8.588193456614498,2.3470839260312957,4.640825035561882,3.9295874822190555,0.9068278805120897,5.636557610241816,0.3378378378378386,2.702702702702709,5.743243243243242,0.6756756756756772,3.0405405405405475,4.054054054054056
4514,FDP,1000,19,0.0,1.0,4.996443812233287,1.0,1.0,3.6036036036036,0.1955903271692847,9.566145092460879,2.3115220483641536,4.2140825035561775,6.827880512091042,6.863442389758184,8.108108108108098,1.689189189189186,0.6756756756756701,5.743243243243242,3.378378378378372,2.0270270270270316
3143,Die Grünen,1000,19,1.0,1.0,3.4702465623518237,1.0,1.0,1.4076576576576574,4.338549075391185,4.0362731152204745,1.0490753911806507,0.8890469416785152,4.569701280227591,5.938833570412527,2.3648648648648702,0.3378378378378386,2.7027027027026946,1.689189189189186,0.6756756756756772,0.6756756756756772
879,FDP,1000,19,0.0,1.0,4.442271218587007,1.0,1.0,1.1261261261261264,3.413940256045514,1.511379800853483,6.952347083926028,9.459459459459467,2.916073968705547,2.400426742532005,0.0,2.364864864864863,0.6756756756756701,0.3378378378378386,2.702702702702709,0.6756756756756772
3669,SPD,1000,19,0.0,1.0,6.08108108108108,1.0,0.0,1.1261261261261264,7.432432432432435,8.036984352773828,5.529871977240397,5.334281650071119,9.263869132290182,0.8890469416785152,1.3513513513513473,1.689189189189193,0.3378378378378244,1.3513513513513615,2.0270270270270316,0.0
4508,FDP,1000,19,1.0,0.0,6.43669985775249,1.0,0.0,1.9144144144144164,1.9203413940255984,3.1116642958748244,6.027738264580371,4.391891891891902,12.731152204836413,10.437411095305833,0.3378378378378457,0.6756756756756772,0.6756756756756772,2.702702702702709,5.067567567567565,2.0270270270270245
3450,SPD,1000,19,0.0,0.0,4.311877667140826,0.0,0.0,3.096846846846842,2.6493598862019923,4.711948790896166,3.307254623044095,0.5867709815078399,6.650071123755325,7.965860597439537,4.7297297297297405,0.3378378378378386,3.378378378378372,4.054054054054042,4.054054054054042,2.0270270270270174
2676,SPD,1000,19,1.0,0.0,11.098269321953538,1.0,0.0,6.813063063063066,7.290184921763874,13.869132290184929,14.473684210526315,3.9118065433855023,14.43812233285918,12.606685633001433,4.054054054054056,7.770270270270274,5.4054054054054035,6.081081081081088,10.135135135135137,7.432432432432442
2301,FDP,1000,19,1.0,1.0,4.877904220009481,1.0,0.0,3.772522522522524,0.0,4.2496443812233196,6.045519203413939,1.4580369843527734,10.953058321479375,6.56116642958748,3.0405405405405332,1.6891891891892001,5.4054054054054035,2.0270270270270316,7.432432432432435,3.0405405405405403
3964,Die Grünen,1000,19,0.0,0.0,6.3685395922238035,0.0,1.0,1.0135135135135123,2.9694167852062634,1.7780938833570303,9.903982930298724,5.174253200568991,12.446657183499283,5.938833570412527,1.3513513513513473,0.3378378378378386,1.3513513513513544,0.0,0.3378378378378386,2.7027027027026946
426,FDP,1000,19,1.0,0.0,3.6954717875770484,1.0,1.0,1.3513513513513509,2.6315789473684177,6.596728307254629,1.7069701280227534,3.3605974395447973,6.721194879089616,1.1557610241820768,1.689189189189193,0.6756756756756772,2.7027027027027017,0.3378378378378386,1.0135135135135087,1.689189189189186
39,Die Grünen,1000,19,0.0,1.0,4.347439544807966,1.0,1.0,2.5337837837837824,3.662873399715501,3.1294452347083848,3.591749644381224,2.7560455192034183,10.668563300142253,2.2759601706970187,1.0135135135135087,0.6756756756756772,2.7027027027026946,3.7162162162162176,3.7162162162162105,3.378378378378386
2913,FDP,1000,19,1.0,1.0,3.9029160739687065,0.0,1.0,1.4639639639639614,6.614509246088197,5.03200568990043,3.662873399715501,3.662873399715508,0.10668563300142608,4.338549075391178,1.3513513513513473,0.3378378378378386,3.0405405405405332,0.3378378378378386,1.3513513513513473,2.364864864864863
3667,bunt.saar,1000,19,0.0,1.0,3.1264817449027986,0.0,0.0,2.5337837837837824,0.5867709815078399,4.445234708392597,4.605263157894733,0.6756756756756772,4.142958748221901,4.302987197724043,0.6756756756756843,3.7162162162162176,3.7162162162162105,1.0135135135135087,4.391891891891888,1.689189189189186
5157,FDP,1000,19,1.0,0.0,4.261498340445708,1.0,1.0,2.3648648648648645,8.214793741109531,1.2091038406827934,2.916073968705547,3.698435277382636,6.507823613086771,3.022759601706966,1.3513513513513473,2.364864864864856,4.391891891891902,2.0270270270270245,2.0270270270270316,2.0270270270270245
539,Die Grünen,1000,19,1.0,1.0,4.065908013276435,1.0,0.0,1.8581081081081088,3.1472261735419664,2.2226173541963092,3.1116642958748173,0.1422475106685539,7.02347083926032,8.748221906116648,1.689189189189186,0.3378378378378386,3.378378378378372,2.364864864864863,2.3648648648648702,1.013513513513523
1872,CDU,1000,19,1.0,0.0,3.17389758179232,0.0,0.0,5.574324324324326,5.867709815078236,1.0668563300142253,1.7425320056899025,2.9338549075391214,3.733997155049785,3.69843527738265,7.094594594594589,7.770270270270274,4.729729729729733,9.797297297297305,2.364864864864863,1.689189189189193
1343,CDU,1000,19,1.0,1.0,2.335229966808915,1.0,1.0,2.1396396396396398,1.369132290184929,1.7425320056899025,3.2539118065433854,1.653627311522051,4.747510668563294,1.2446657183499283,2.0270270270270316,2.702702702702709,2.0270270270270245,0.6756756756756701,3.378378378378379,2.0270270270270245
3986,CDU,1000,19,0.0,0.0,3.3813418681839758,0.0,0.0,2.0833333333333335,4.605263157894733,6.578947368421048,0.9601706970128063,4.231863442389766,3.2183499288762576,0.6934566145092447,0.6756756756756772,0.0,2.7027027027027017,2.0270270270270316,3.378378378378372,3.7162162162162176
1203,FDP,1000,19,1.0,1.0,3.6006401137980077,1.0,1.0,1.407657657657656,3.2894736842105345,2.471550497866289,0.8179231863442382,6.792318634423886,5.2275960170697005,3.0049786628733983,2.3648648648648702,1.0135135135135158,2.7027027027027017,0.675675675675663,1.689189189189186,0.0
3335,Die Grünen,1000,19,1.0,1.0,2.9694167852062514,1.0,1.0,3.040540540540537,1.7780938833570303,5.298719772403977,0.32005689900425693,2.86273115220483,2.0625889046941595,5.494310099573255,1.3513513513513473,1.0135135135135087,5.4054054054054035,3.378378378378379,4.729729729729726,2.364864864864856
3418,CDU,1000,19,1.0,0.0,1.8284732100521595,1.0,0.0,5.405405405405407,0.6934566145092447,0.8357041251778057,3.165007112375541,1.9559032716927405,1.9381223328591872,2.3826458036984377,0.0,5.067567567567565,8.445945945945951,3.0405405405405403,10.135135135135144,5.743243243243242
3423,Die Grünen,1000,19,0.0,0.0,6.839734471313418,1.0,1.0,1.126126126126131,1.2446657183499354,3.378378378378372,12.304409672830715,3.5739687055476637,10.9352773826458,9.60170697012802,3.378378378378393,0.0,1.0135135135135016,0.3378378378378386,1.01351351351353,1.013513513513523
4452,CDU,1000,19,1.0,0.0,1.3869132290184882,0.0,0.0,2.1396396396396375,0.4978662873399742,3.0049786628733983,2.115931721194876,1.5291607396870432,0.3022759601706895,0.8712660028449477,1.3513513513513544,2.0270270270270245,2.0270270270270245,3.378378378378372,3.378378378378372,0.6756756756756772
913,Die Grünen,1000,19,1.0,1.0,5.177216690374579,1.0,1.0,3.3783783783783767,0.1422475106685539,6.561166429587473,5.992176386913229,1.3869132290184893,11.077524893314354,5.903271692745378,2.3648648648648702,0.6756756756756701,4.729729729729726,3.0405405405405403,4.729729729729726,4.729729729729726
4633,FDP,1000,19,1.0,0.0,3.5858226647700335,1.0,0.0,1.9144144144144128,3.556187766714082,1.8136557610241795,4.338549075391185,0.3022759601707037,8.392603129445227,3.1116642958748244,1.3513513513513615,3.0405405405405332,1.689189189189186,1.3513513513513473,1.689189189189186,2.364864864864863
4201,CDU,1000,19,1.0,0.0,5.109056424845902,1.0,1.0,1.2950450450450468,1.4224751066856385,5.583214793741114,1.191322901849226,10.206258890469421,6.490042674253203,5.7610241820768096,0.6756756756756914,1.3513513513513473,0.6756756756756701,0.3378378378378386,4.391891891891895,0.3378378378378386
3517,bunt.saar,1000,19,1.0,0.0,3.0879563774300607,1.0,1.0,2.1959459459459474,1.2268847795163538,2.0981507823613015,5.4409672830725455,1.475817923186348,5.743243243243242,2.5426742532005733,1.689189189189186,0.0,2.0270270270270316,1.3513513513513544,4.054054054054063,4.054054054054049
3488,SPD,1000,19,0.0,0.0,3.4672830725462283,1.0,1.0,0.7319819819819825,0.3022759601707037,1.2980085348506378,5.583214793741114,0.4800853485063925,6.294452347083926,6.845661450924595,0.3378378378378315,0.6756756756756772,1.0135135135135158,0.3378378378378457,1.0135135135135016,1.013513513513523
3681,FDP,1000,19,1.0,1.0,1.6477003319108607,1.0,1.0,2.9842342342342314,1.3335704125177799,2.1337126600284577,0.7467994310099613,0.9423897581792318,1.653627311522051,3.0761024182076824,2.3648648648648702,4.391891891891881,4.054054054054056,0.3378378378378386,4.729729729729726,2.0270270270270174
2049,bunt.saar,1000,19,1.0,1.0,4.646752015173065,1.0,1.0,3.096846846846843,2.6493598862019923,2.7027027027026946,6.792318634423886,0.2489331436699871,12.535561877667135,2.951635846372696,4.391891891891888,2.364864864864856,2.7027027027026946,5.743243243243242,1.689189189189186,1.689189189189193
2466,bunt.saar,1000,19,0.0,0.0,5.5861782835467,0.0,1.0,3.040540540540539,0.7645803698435216,3.3605974395447973,6.3122332859175,4.694167852062591,11.077524893314354,7.3079658605974345,2.0270270270270316,0.3378378378378244,3.7162162162162247,3.7162162162162176,3.7162162162162105,4.729729729729726
3827,bunt.saar,1000,19,1.0,1.0,6.338904694167849,1.0,1.0,1.6891891891891906,4.854196301564727,6.294452347083926,11.184210526315788,0.9601706970127921,10.064011379800853,4.67638691322901,3.378378378378379,0.6756756756756772,3.7162162162162105,1.3513513513513615,0.3378378378378386,0.6756756756756772
4794,DIE LINKE,1000,19,0.0,1.0,2.922000948316738,0.0,0.0,5.349099099099099,3.09388335704125,1.0490753911806578,1.7069701280227676,1.1735419630156443,3.236130867709818,7.272403982930292,0.3378378378378386,2.364864864864856,5.067567567567565,6.081081081081088,7.0945945945945965,11.148648648648653
4096,FDP,1000,19,1.0,1.0,7.429468942626837,1.0,1.0,1.914414414414414,5.4765291607396875,7.23684210526315,8.570412517780944,5.4054054054054035,3.69843527738265,14.189189189189186,0.3378378378378386,3.0405405405405403,2.702702702702709,0.0,1.0135135135135087,4.391891891891888
3435,FDP,1000,19,1.0,1.0,2.6730678046467506,1.0,1.0,0.0,3.09388335704125,0.8890469416785152,0.21337126600284506,9.068278805120912,0.5689900426742547,2.2048364153627276,0.0,0.0,0.0,0.0,0.0,0.0
3954,CDU,1000,19,1.0,0.0,1.7988383119962077,1.0,1.0,1.5765765765765778,2.3115220483641536,1.475817923186355,0.604551920341386,5.1209103840682815,0.26671408250354744,1.013513513513523,1.3513513513513544,0.3378378378378244,2.7027027027026946,0.6756756756756772,1.013513513513523,3.378378378378393
3351,bunt.saar,1000,19,1.0,0.0,8.854907539118066,1.0,1.0,0.6756756756756772,2.293741109530586,5.4054054054054035,11.21977240398293,5.51209103840683,19.967994310099577,8.730440967283073,0.6756756756756772,0.0,1.0135135135135158,0.3378378378378386,1.0135135135135158,1.0135135135135158
1452,SPD,1000,19,0.0,0.0,9.746917970602178,1.0,0.0,3.490990990990993,7.04125177809388,6.792318634423893,16.091749644381224,5.743243243243242,11.450924608819342,11.36201991465149,3.7162162162162176,1.0135135135135158,2.702702702702709,5.4054054054054035,4.729729729729726,3.378378378378386
5080,CDU,1000,19,1.0,1.0,7.168681839734471,1.0,0.0,4.222972972972973,1.262446657183503,7.21906116642959,6.952347083926028,12.766714082503555,11.717638691322897,3.09388335704125,2.0270270270270316,2.364864864864863,8.108108108108105,0.6756756756756843,5.4054054054054035,6.756756756756751
203,DIE LINKE,1000,19,1.0,1.0,4.397818871503083,1.0,1.0,1.407657657657656,7.02347083926032,4.960881934566139,1.4580369843527734,3.058321479374115,9.014935988620195,0.8712660028449548,0.6756756756756701,1.3513513513513473,3.378378378378372,1.3513513513513473,0.0,1.6891891891892001
4182,CDU,1000,19,1.0,0.0,4.5430298719772395,1.0,1.0,2.8153153153153156,1.5647226173541924,2.6137980085348573,4.160739687055475,6.436699857752494,8.943812233285911,3.5384068278805074,7.432432432432442,0.6756756756756701,1.3513513513513544,3.378378378378372,2.7027027027027017,1.3513513513513544
4982,FDP,1000,19,1.0,0.0,3.8377192982456165,0.0,0.0,1.1261261261261264,4.320768136557611,7.183499288762434,5.423186344238985,1.369132290184929,3.2183499288762576,1.511379800853483,0.3378378378378457,3.378378378378372,0.0,1.3513513513513544,0.0,1.689189189189186
5014,CDU,1000,19,1.0,0.0,2.7145566619250814,1.0,1.0,1.2387387387387356,2.7738264580369787,4.783072546230443,1.1557610241820626,3.4317211948790884,2.773826458036986,1.369132290184929,0.0,2.0270270270270245,1.3513513513513473,1.0135135135135016,1.689189189189193,1.3513513513513473
28,bunt.saar,1000,19,0.0,0.0,3.896989094357515,1.0,1.0,4.617117117117117,4.231863442389766,4.960881934566139,5.334281650071119,1.2624466571834958,5.636557610241823,1.9559032716927476,1.689189189189193,6.081081081081088,5.067567567567565,2.0270270270270316,6.418918918918905,6.418918918918919
2483,FDP,1000,19,1.0,0.0,4.614153627311524,1.0,1.0,2.3648648648648667,8.97937411095306,9.921763869132299,1.689189189189186,2.3648648648648702,2.773826458036986,1.9559032716927405,4.054054054054056,1.3513513513513544,2.702702702702709,3.378378378378379,0.6756756756756843,2.0270270270270174
3704,FDP,1000,19,1.0,1.0,4.969772403982927,1.0,1.0,1.3513513513513462,5.565433854907539,0.8534850640113874,5.138691322901842,6.347795163584628,8.19701280227595,3.7162162162162176,1.689189189189186,1.3513513513513473,0.6756756756756701,1.3513513513513402,2.364864864864856,0.6756756756756772
3799,CDU,1000,19,1.0,0.0,4.8867946894262735,0.0,1.0,1.5202702702702726,2.9338549075391214,6.827880512091042,3.9118065433855023,1.6714082503556185,10.828591749644389,3.1472261735419664,0.0,1.0135135135135158,1.689189189189186,3.0405405405405475,0.6756756756756772,2.702702702702709
2338,bunt.saar,1000,19,1.0,1.0,2.960526315789476,1.0,0.0,2.7027027027027066,4.516358463726888,5.316500711237566,3.6450924608819264,0.12446657183499354,2.916073968705547,1.2446657183499354,2.0270270270270316,2.0270270270270316,1.689189189189186,2.702702702702709,4.054054054054056,3.7162162162162247
2171,CDU,1000,19,1.0,0.0,4.095542911332383,1.0,1.0,0.844594594594593,5.903271692745371,6.063300142247513,0.46230440967283215,5.1031294452347,6.970128022759603,0.07112375533427695,1.0135135135135087,1.0135135135135087,0.3378378378378386,1.689189189189193,0.3378378378378386,0.6756756756756701
2691,FDP,1000,19,1.0,0.0,4.5430298719772395,1.0,1.0,1.8018018018017987,0.3378378378378386,10.010668563300136,2.6671408250355597,3.4317211948790884,10.419630156472266,0.3911806543385481,3.0405405405405332,2.0270270270270245,1.0135135135135087,2.7027027027026946,0.6756756756756843,1.3513513513513473
2709,bunt.saar,1000,19,1.0,0.0,8.288880986249415,1.0,1.0,1.8018018018018012,10.455192034139408,4.587482219061172,9.317211948790913,5.2275960170697005,10.77524893314368,9.370554765291615,3.0405405405405475,1.3513513513513544,1.689189189189193,2.3648648648648702,0.675675675675663,1.6891891891891788
2192,FDP,1000,19,1.0,1.0,1.837363679468942,1.0,1.0,1.5765765765765767,0.2489331436699942,2.471550497866282,1.5647226173541924,3.3250355618776624,1.3157894736842124,2.0981507823613086,4.391891891891888,0.6756756756756701,0.3378378378378386,1.013513513513523,0.3378378378378386,2.7027027027027017
1778,SPD,1000,19,0.0,0.0,5.826220957799908,0.0,0.0,3.9414414414414445,2.7916073968705533,6.223328591749642,8.428165007112383,6.152204836415365,4.623044096728307,6.7389758179231976,6.081081081081088,4.054054054054056,1.689189189189186,7.432432432432435,3.7162162162162176,0.6756756756756843
3662,Die Grünen,1000,19,0.0,0.0,3.9325509720246514,0.0,1.0,1.970720720720724,1.1735419630156443,5.974395448079662,3.378378378378372,3.7873399715504945,8.872688477951627,0.40896159317210845,3.7162162162162176,0.3378378378378386,2.0270270270270316,0.3378378378378457,1.3513513513513473,4.054054054054063
3915,FDP,1000,19,0.0,1.0,5.233522996680892,1.0,1.0,2.8716216216216224,4.623044096728307,1.618065433854909,6.490042674253196,10.988620199146517,3.69843527738265,3.982930298719772,5.4054054054054035,2.3648648648648702,1.3513513513513544,1.3513513513513544,5.743243243243242,1.0135135135135087
2207,SPD,1000,19,0.0,1.0,4.637861545756286,0.0,1.0,1.5202702702702713,4.783072546230443,3.662873399715508,3.1472261735419664,3.342816500711244,7.770270270270274,5.1209103840682815,1.0135135135135158,1.0135135135135158,4.054054054054049,0.0,1.0135135135135158,2.0270270270270316
972,CDU,1000,19,1.0,1.0,0.942389758179233,1.0,1.0,2.0833333333333335,1.369132290184929,1.0668563300142253,1.6358463726884764,0.6223328591749677,0.01778093883356746,0.9423897581792318,2.0270270270270316,2.364864864864863,3.0405405405405403,2.7027027027026946,1.689189189189186,0.6756756756756843
1345,CDU,1000,19,1.0,1.0,3.067211948790893,1.0,1.0,1.2387387387387403,1.4580369843527734,3.4672830725462234,3.236130867709811,1.7425320056898954,7.2368421052631575,1.2624466571834958,0.3378378378378386,2.7027027027027017,1.0135135135135158,1.3513513513513544,0.3378378378378386,1.689189189189193
787,FDP,1000,19,1.0,1.0,3.339853010905646,1.0,1.0,2.646396396396391,4.267425320056901,1.2446657183499283,4.960881934566153,3.200568990042683,2.6493598862019923,3.7162162162162176,2.364864864864856,2.364864864864863,2.0270270270270174,2.364864864864856,3.378378378378379,3.3783783783783754
1125,CDU,1000,19,1.0,1.0,3.1353722143195832,1.0,1.0,4.673423423423425,3.6806543385490826,4.214082503556185,5.867709815078236,1.8136557610241795,1.2980085348506378,1.9381223328591801,5.067567567567565,4.729729729729733,5.067567567567565,3.0405405405405475,6.418918918918919,3.7162162162162176
3829,FDP,1000,19,0.0,1.0,7.85324798482693,0.0,1.0,4.2229729729729755,4.658605974395456,4.87197724039828,10.579658605974402,10.899715504978658,9.957325746799427,6.152204836415358,3.7162162162162247,4.054054054054042,6.418918918918926,0.6756756756756843,5.743243243243242,4.729729729729733
3521,FDP,1000,19,0.0,1.0,4.53117591275486,0.0,0.0,3.6599099099099086,11.646514935988613,2.773826458036986,2.809388335704128,3.200568990042669,3.058321479374115,3.69843527738265,1.689189189189186,3.378378378378372,5.067567567567572,2.0270270270270245,6.756756756756751,3.0405405405405475
3243,CDU,1000,19,1.0,1.0,4.383001422475107,1.0,1.0,1.8581081081081052,2.400426742531998,4.071834992887624,3.342816500711244,9.637268847795163,4.569701280227605,2.2759601706970045,0.3378378378378386,0.6756756756756701,3.7162162162162176,3.378378378378372,1.0135135135135158,2.0270270270270174
1454,FDP,1000,19,1.0,0.0,3.7636320531057357,1.0,1.0,1.5202702702702677,12.624466571834994,0.3378378378378386,0.9601706970127921,1.1201991465149348,2.7027027027027017,4.836415362731152,0.6756756756756772,2.0270270270270245,1.3513513513513402,0.3378378378378386,3.0405405405405403,1.689189189189186
2685,FDP,1000,19,0.0,1.0,4.027382645803697,0.0,0.0,3.1531531531531543,6.330014224751075,2.0981507823613086,6.276671408250351,4.623044096728307,2.115931721194869,2.720483641536269,4.729729729729733,3.378378378378379,3.0405405405405475,0.3378378378378386,2.7027027027027017,4.729729729729726
2215,CDU,1000,19,0.0,1.0,1.4284020862968205,1.0,1.0,1.2950450450450492,0.32005689900426404,1.3335704125177799,1.8136557610241795,1.724751066856328,2.2226173541963092,1.1557610241820626,2.0270270270270316,0.0,2.0270270270270316,2.364864864864863,0.3378378378378457,1.013513513513523
3734,bunt.saar,1000,19,0.0,0.0,6.101825509720246,0.0,0.0,2.6463963963963955,3.7162162162162176,1.760312944523477,9.619487908961581,1.0668563300142253,9.174964438122338,11.27311522048364,2.702702702702709,5.067567567567572,1.689189189189186,1.689189189189186,1.689189189189186,3.0405405405405332
1225,FDP,1000,19,0.0,1.0,4.682313892840203,1.0,1.0,1.3513513513513544,1.8136557610241795,9.512802275960162,0.08890469416784441,6.525604551920338,6.916785206258886,3.236130867709811,3.0405405405405475,7.105427357601002e-15,0.3378378378378386,1.013513513513523,3.378378378378379,0.3378378378378315
4689,CDU,1000,19,1.0,1.0,2.8479137031768573,1.0,1.0,4.166666666666665,0.07112375533427695,2.6137980085348502,2.4537695590327147,6.169985775248925,3.271692745376953,2.507112375533424,5.067567567567565,4.054054054054056,6.081081081081081,4.729729729729733,2.0270270270270245,3.0405405405405332
4318,Die Grünen,1000,19,0.0,0.0,6.9493835941204365,0.0,0.0,2.3085585585585613,3.200568990042669,4.623044096728307,4.960881934566139,7.734708392603125,11.806543385490762,9.370554765291615,2.0270270270270316,2.364864864864863,3.0405405405405403,0.6756756756756843,3.378378378378379,2.3648648648648702
2910,bunt.saar,1000,19,1.0,0.0,4.747510668563305,1.0,1.0,2.3648648648648654,6.632290184921764,6.365576102418217,3.627311522048373,1.0846372688477928,9.743954480796589,1.0312944523470975,1.0135135135135087,2.3648648648648702,2.3648648648648702,2.7027027027027017,3.378378378378372,2.3648648648648702
2023,CDU,1000,19,1.0,1.0,5.352062588904695,1.0,1.0,5.518018018018018,3.982930298719772,3.1472261735419664,6.063300142247513,1.2091038406827934,7.076813655761022,10.633001422475104,6.418918918918912,2.0270270270270316,5.067567567567565,5.743243243243249,4.729729729729726,9.121621621621621
2753,FDP,1000,19,1.0,1.0,2.3559743954480794,1.0,1.0,2.421171171171172,4.2140825035561775,3.9651493598862046,0.4267425320056901,0.1955903271692847,3.1116642958748173,2.222617354196302,3.0405405405405475,1.689189189189193,2.7027027027027017,4.391891891891888,1.3513513513513473,1.3513513513513544
3330,Die Grünen,1000,19,1.0,1.0,5.716571834992888,1.0,1.0,2.083333333333337,1.475817923186355,10.099573257467995,3.236130867709818,3.022759601706966,7.752489331436699,8.712660028449498,0.6756756756756843,1.689189189189186,4.391891891891902,1.689189189189186,2.702702702702709,1.3513513513513544
2184,Die Grünen,1000,19,0.0,1.0,3.5887861545756246,1.0,1.0,1.2950450450450408,0.5689900426742511,6.916785206258886,5.156472261735402,0.5867709815078399,6.472261735419622,1.831436699857747,2.0270270270270245,1.0135135135135087,2.3648648648648702,0.675675675675663,0.3378378378378386,1.3513513513513402
4632,SPD,1000,19,0.0,0.0,3.944404931247032,1.0,1.0,2.5337837837837873,0.1422475106685539,0.08890469416784441,6.827880512091042,8.766002844950208,4.996443812233288,2.8449502133712556,3.378378378378379,4.054054054054056,2.0270270270270316,3.378378378378379,0.6756756756756772,1.6891891891892001
227,FDP,1000,19,1.0,0.0,6.691559981033666,1.0,0.0,3.4346846846846866,5.743243243243242,5.1209103840682815,1.1735419630156443,10.91749644381224,13.762446657183496,3.4317211948790884,4.054054054054063,0.0,4.391891891891895,2.3648648648648702,5.743243243243235,4.054054054054056
1506,FDP,1000,19,1.0,1.0,5.600995732574681,1.0,1.0,1.6891891891891906,4.658605974395449,7.005689900426752,3.8406827880512147,5.138691322901849,6.294452347083919,6.667852062588906,0.6756756756756843,2.7027027027027017,1.3513513513513544,2.0270270270270316,2.0270270270270245,1.3513513513513473
2728,bunt.saar,1000,19,0.0,1.0,1.8106922712185896,1.0,0.0,2.871621621621616,0.5689900426742511,0.6401137980085352,1.653627311522051,1.4224751066856385,4.249644381223341,2.329302987197721,5.067567567567565,1.689189189189186,2.364864864864856,1.689189189189186,3.7162162162162033,2.7027027027027017
4117,CDU,1000,19,1.0,1.0,3.5354433380749164,1.0,0.0,3.0405405405405417,2.3115220483641536,5.1031294452347,4.854196301564727,0.8890469416785152,1.618065433854909,6.436699857752494,4.054054054054049,0.3378378378378457,2.364864864864863,6.081081081081088,1.689189189189186,3.7162162162162176
167,FDP,1000,19,1.0,1.0,3.899952584163111,0.0,0.0,2.0833333333333335,6.561166429587473,1.440256045519206,2.7738264580369787,5.636557610241823,6.045519203413946,0.9423897581792389,0.3378378378378386,2.0270270270270245,3.378378378378379,2.0270270270270316,2.7027027027027017,2.0270270270270245
2693,bunt.saar,1000,19,1.0,0.0,3.6628733997154996,1.0,1.0,2.759009009009006,8.641536273115221,2.4893314366998567,0.32005689900425693,1.1735419630156443,7.183499288762434,2.1692745376955855,3.378378378378379,1.0135135135135016,5.067567567567565,1.0135135135135087,3.0405405405405475,3.0405405405405332
3076,Die Grünen,1000,19,1.0,1.0,1.5113798008534864,1.0,1.0,2.5337837837837767,2.5248933143669916,0.9601706970128063,1.1024182076813673,0.03556187766713492,2.0270270270270316,2.418207681365587,1.0135135135135087,1.689189189189186,4.054054054054035,1.0135135135135087,4.391891891891888,3.0405405405405332
3559,CDU,1000,19,1.0,0.0,4.691204362257,1.0,1.0,1.9144144144144153,4.711948790896166,6.7389758179231976,2.8982930298719793,6.827880512091042,5.369843527738269,1.6002844950213486,0.6756756756756914,1.3513513513513473,5.067567567567565,0.0,1.0135135135135087,3.378378378378379
1094,Die Grünen,1000,19,0.0,0.0,6.006993835941202,0.0,1.0,0.731981981981986,5.174253200568991,0.4978662873399742,8.339260312944532,7.770270270270267,10.224039829302981,4.036273115220467,0.6756756756756772,0.3378378378378386,1.3513513513513686,0.3378378378378386,0.3378378378378386,1.3513513513513544
4706,Die Grünen,1000,19,0.0,0.0,7.856211474632526,0.0,0.0,4.729729729729729,3.3961593172119535,6.258890469416791,11.575391180654336,4.818634423897571,12.197724039829296,8.890469416785209,3.378378378378379,3.7162162162162176,6.081081081081088,4.054054054054049,6.081081081081074,5.067567567567565
5013,bunt.saar,1000,19,1.0,1.0,6.860478899952585,1.0,1.0,4.279279279279279,2.6315789473684177,4.587482219061172,10.633001422475118,2.933854907539107,11.664295874822187,8.712660028449505,3.0405405405405403,0.3378378378378315,5.405405405405418,6.081081081081074,6.418918918918919,4.391891891891888
2448,Die Grünen,1000,19,0.0,0.0,4.729729729729727,1.0,0.0,3.3783783783783754,2.5248933143669916,2.773826458036986,7.965860597439544,1.9559032716927405,6.934566145092461,6.223328591749642,4.729729729729726,4.054054054054056,2.7027027027026946,2.0270270270270174,4.729729729729726,2.0270270270270316
4949,DIE LINKE,1000,19,1.0,1.0,5.1298008534850625,1.0,0.0,2.3648648648648654,7.201280227596023,0.5512091038406766,5.494310099573248,6.241109530583209,10.312944523470847,0.9779516358463738,3.0405405405405475,0.3378378378378386,2.702702702702709,5.4054054054054035,1.0135135135135087,1.689189189189186
554,SPD,1000,19,1.0,1.0,3.6806543385490755,1.0,0.0,1.463963963963966,1.5291607396870575,4.818634423897571,7.930298719772395,2.435988620199147,1.8847795163584777,3.485064011379805,0.6756756756756772,1.0135135135135087,1.013513513513523,0.6756756756756701,3.0405405405405475,2.3648648648648702
4176,bunt.saar,1000,19,0.0,0.0,3.719179706021817,0.0,0.0,1.0698198198198223,4.249644381223341,0.053342816500716594,4.463015647226179,2.258179231863444,3.733997155049792,7.556899004267429,1.3513513513513615,1.689189189189193,0.0,0.6756756756756772,1.0135135135135087,1.689189189189193
4533,Die Grünen,1000,19,0.0,1.0,2.4419155998103377,1.0,0.0,3.941441441441443,3.1827880512090942,3.5384068278805074,0.5867709815078399,2.1692745376955855,3.44950213371267,1.724751066856328,3.0405405405405475,2.7027027027027017,5.067567567567565,1.013513513513523,6.418918918918912,5.405405405405411
4776,bunt.saar,1000,19,0.0,1.0,3.3724513987671876,0.0,0.0,2.4774774774774735,0.6578947368421026,5.245376955903275,2.9694167852062634,5.209815078236119,5.796586059743959,0.35561877667140607,0.6756756756756772,1.3513513513513544,4.054054054054049,4.391891891891881,2.364864864864856,2.0270270270270245
3015,CDU,1000,19,1.0,1.0,4.830488383119964,1.0,1.0,2.8716216216216246,4.569701280227598,0.32005689900426404,7.5213371266002795,1.475817923186355,9.83285917496444,5.26315789473685,3.7162162162162176,2.702702702702709,2.3648648648648702,3.7162162162162176,4.391891891891895,0.3378378378378386
727,SPD,1000,19,1.0,1.0,4.9045756282598445,1.0,1.0,1.238738738738738,3.591749644381224,2.0803698435277482,9.583926031294453,3.769559032716927,3.7339971550498063,6.667852062588906,0.6756756756756701,0.3378378378378386,2.3648648648648702,0.3378378378378386,1.3513513513513402,2.3648648648648702
424,bunt.saar,1000,19,0.0,1.0,2.2552157420578474,0.0,1.0,4.673423423423425,7.69914651493599,1.2802275960170775,2.151493598862018,0.12446657183499354,1.4402560455191917,0.8357041251778128,2.3648648648648702,2.364864864864863,7.770270270270274,3.7162162162162176,7.0945945945945965,4.729729729729726
4090,FDP,1000,19,0.0,1.0,2.6967757230915126,0.0,0.0,4.617117117117117,1.6358463726884764,1.6002844950213486,0.017780938833574567,5.618776671408241,2.8982930298719793,4.409672830725455,2.3648648648648702,4.391891891891902,5.743243243243235,0.6756756756756701,6.418918918918919,8.108108108108105
3225,FDP,1000,19,1.0,0.0,3.8199383594120433,1.0,1.0,3.378378378378372,7.21906116642959,3.733997155049792,3.662873399715501,6.650071123755325,0.46230440967283215,1.1913229018492189,0.3378378378378386,1.3513513513513473,4.729729729729726,0.3378378378378244,7.7702702702702595,5.743243243243235
4447,CDU,1000,19,0.0,1.0,3.2302038880986275,0.0,1.0,1.6891891891891906,2.8982930298719793,0.16002844950213557,0.9068278805120897,5.7610241820768096,7.948079658605984,1.7069701280227676,0.0,2.3648648648648702,2.0270270270270316,0.3378378378378457,2.364864864864863,3.0405405405405332
1137,CDU,1000,19,1.0,0.0,6.922712185870085,1.0,1.0,2.7027027027027053,2.275960170697026,11.770981507823613,8.748221906116648,1.5291607396870575,10.73968705547653,6.472261735419636,3.7162162162162176,1.3513513513513544,2.3648648648648702,5.743243243243242,1.6891891891892001,1.3513513513513473
394,bunt.saar,1000,19,0.0,1.0,4.294096728307257,0.0,1.0,3.7162162162162176,1.0490753911806578,2.400426742531998,7.62802275960172,2.2403982930298696,4.711948790896166,7.734708392603132,4.729729729729726,1.689189189189193,3.378378378378379,4.054054054054049,3.378378378378386,5.067567567567572
800,FDP,1000,19,0.0,0.0,6.36557610241821,1.0,1.0,1.8581081081081028,9.370554765291615,1.4224751066856385,6.970128022759596,13.549075391180658,0.8001422475106708,6.081081081081081,0.3378378378378244,2.364864864864856,1.3513513513513473,3.378378378378379,0.6756756756756701,3.0405405405405403
2455,bunt.saar,1000,19,1.0,0.0,4.276315789473688,1.0,1.0,1.126126126126125,2.6493598862019923,0.4445234708392718,3.591749644381224,2.2403982930298696,9.370554765291615,7.361308677098151,2.0270270270270245,0.3378378378378244,1.3513513513513544,2.3648648648648702,0.3378378378378386,0.3378378378378386
2813,bunt.saar,1000,19,1.0,1.0,4.371147463252726,1.0,1.0,1.8581081081081123,4.765291607396875,3.485064011379805,5.761024182076817,2.578236130867701,8.872688477951627,0.7645803698435287,0.0,2.3648648648648702,0.6756756756756772,2.0270270270270316,2.702702702702709,3.378378378378386
836,bunt.saar,1000,19,1.0,0.0,3.5117354196301585,1.0,0.0,2.3085585585585604,7.539118065433861,0.3911806543385552,4.12517780938834,1.4935988620199083,7.130156472261731,0.3911806543385552,3.7162162162162176,1.689189189189193,4.391891891891895,1.689189189189193,1.3513513513513615,1.0135135135135016
1053,Die Grünen,1000,19,0.0,0.0,7.150900900900901,0.0,0.0,6.644144144144145,0.5512091038406766,10.099573257467995,6.596728307254629,4.036273115220482,11.486486486486491,10.13513513513513,7.094594594594589,2.7027027027026946,7.770270270270274,7.432432432432442,6.081081081081088,8.783783783783782
4139,CDU,1000,19,1.0,1.0,5.052750118539591,1.0,1.0,1.351351351351352,2.3648648648648702,3.4317211948790884,3.627311522048366,6.241109530583209,8.623755334281647,6.027738264580364,1.689189189189193,1.3513513513513544,0.3378378378378386,1.689189189189186,1.0135135135135087,2.0270270270270316
4249,bunt.saar,1000,19,0.0,1.0,2.1159317211948774,0.0,1.0,2.8716216216216224,1.4935988620199083,1.3157894736842124,3.4317211948790884,3.6450924608819335,1.9559032716927405,0.8534850640113802,4.391891891891895,0.0,2.7027027027026946,3.0405405405405475,1.0135135135135087,6.081081081081088
5159,DIE LINKE,1000,19,0.0,0.0,5.168326220957801,0.0,0.0,2.9279279279279273,6.703413940256041,1.1201991465149348,5.316500711237566,9.334992887624459,4.516358463726888,4.018492176386914,3.7162162162162176,1.689189189189186,5.743243243243249,1.689189189189186,2.364864864864863,2.364864864864863
710,SPD,1000,19,1.0,0.0,7.6932195353248005,0.0,1.0,4.279279279279277,2.9338549075391214,11.006401137980085,12.571123755334277,2.560455192034155,8.054765291607396,9.03271692745377,2.364864864864856,2.364864864864863,6.418918918918912,4.7297297297297405,7.432432432432428,2.364864864864863
3837,bunt.saar,1000,19,0.0,1.0,2.8064248458985297,0.0,1.0,10.022522522522523,2.0981507823613086,1.653627311522051,2.258179231863444,2.044807965860592,5.903271692745371,2.880512091038412,9.797297297297298,9.45945945945946,12.837837837837846,2.364864864864863,14.527027027027017,11.148648648648653
1199,Die Grünen,1000,19,1.0,0.0,1.6773352299668123,0.0,0.0,3.4909909909909893,1.9914651493598896,0.6934566145092447,1.0312944523470904,4.800853485064017,0.3378378378378386,1.2091038406827934,0.3378378378378386,5.067567567567558,0.6756756756756772,4.054054054054056,3.378378378378372,7.432432432432435
4193,Die Grünen,1000,19,0.0,0.0,5.888454243717402,1.0,0.0,1.126126126126124,3.09388335704125,4.0362731152204745,7.0590327169274545,4.587482219061172,10.579658605974402,5.974395448079662,0.3378378378378386,1.6891891891891788,0.3378378378378386,2.0270270270270174,2.0270270270270316,0.3378378378378386
228,CDU,1000,19,1.0,1.0,4.516358463726881,1.0,1.0,2.8153153153153148,2.044807965860592,4.160739687055475,6.632290184921764,0.0,9.281650071123742,4.978662873399713,2.702702702702709,2.7027027027027017,2.702702702702709,2.7027027027026946,3.7162162162162105,2.364864864864863
4080,FDP,1000,19,1.0,0.0,3.8317923186344203,1.0,0.0,3.0405405405405426,2.6493598862019923,1.0135135135135087,4.445234708392597,5.547652916073957,2.435988620199147,6.899004267425319,3.378378378378372,4.391891891891895,1.689189189189193,2.3648648648648702,3.7162162162162176,2.702702702702709
3893,Die Grünen,1000,19,0.0,1.0,4.8779042200094835,1.0,1.0,0.7882882882882889,1.1024182076813602,5.0853485064011394,4.302987197724043,3.1116642958748244,7.254623044096725,8.410384068278809,1.3513513513513544,0.3378378378378457,0.0,2.364864864864863,0.3378378378378315,0.3378378378378386
3332,FDP,1000,19,1.0,0.0,3.6391654812707444,1.0,0.0,4.4481981981982015,5.28093883357041,3.805120910384069,3.6450924608819406,3.0405405405405332,0.9957325746799484,5.067567567567565,0.0,2.0270270270270316,8.108108108108098,1.3513513513513686,8.78378378378379,6.418918918918919
174,bunt.saar,1000,19,1.0,1.0,2.0240635372214313,1.0,1.0,0.9572072072072105,2.0981507823613086,2.7027027027026946,3.182788051209087,2.880512091038412,1.262446657183503,0.017780938833581672,1.0135135135135158,2.3648648648648702,0.3378378378378528,1.0135135135135087,0.3378378378378386,0.6756756756756772
5211,Die Grünen,1000,19,0.0,1.0,2.0892603129445213,1.0,1.0,2.92792792792793,0.07112375533427695,3.271692745376953,4.374110953058313,0.5156472261735487,2.329302987197721,1.973684210526315,0.3378378378378457,2.0270270270270245,3.0405405405405475,1.0135135135135087,5.067567567567572,6.081081081081081
2130,FDP,1000,19,1.0,1.0,2.6019440493124724,1.0,1.0,4.898648648648652,1.3513513513513473,3.982930298719765,1.2091038406827899,0.3911806543385552,1.7425320056899025,6.934566145092475,8.783783783783782,3.7162162162162176,4.391891891891898,5.4054054054054035,2.3648648648648702,4.7297297297297405
1265,FDP,1000,19,0.0,0.0,2.2403982930298745,0.0,0.0,3.4346846846846866,0.6401137980085352,1.3157894736842124,3.627311522048373,5.0497866287340045,1.1735419630156443,1.6358463726884764,4.054054054054049,5.4054054054054035,3.378378378378379,1.01351351351353,5.067567567567565,1.689189189189193
3486,CDU,1000,19,0.0,0.0,5.153508771929826,1.0,0.0,4.11036036036036,1.3335704125177799,0.6401137980085352,10.277382645803698,5.672119487908965,7.805832147937409,5.192034139402573,2.7027027027026946,2.364864864864863,4.729729729729726,5.067567567567572,5.067567567567565,4.7297297297297405
1073,bunt.saar,1000,19,1.0,1.0,8.490398293029873,1.0,1.0,2.6463963963963963,1.2446657183499354,12.624466571834994,12.32219061166429,1.9381223328591801,11.397581792318633,11.415362731152207,2.0270270270270316,0.6756756756756772,3.378378378378372,5.067567567567572,2.7027027027026946,2.0270270270270316
1262,FDP,1000,19,0.0,1.0,3.7636320531057357,1.0,1.0,2.477477477477477,0.5512091038406766,1.9559032716927405,2.4537695590327147,12.179943100995736,4.196301564722617,1.2446657183499283,4.054054054054056,0.6756756756756772,3.378378378378379,0.3378378378378386,2.364864864864863,4.054054054054049
2584,FDP,1000,19,1.0,1.0,2.63157894736842,1.0,1.0,2.364864864864862,0.6934566145092447,0.6223328591749677,3.8229018492176365,2.258179231863437,5.1920341394025655,3.200568990042669,2.0270270270270245,1.3513513513513473,4.391891891891888,4.729729729729726,1.3513513513513473,0.3378378378378386
4225,bunt.saar,1000,19,1.0,1.0,4.602299668089144,1.0,1.0,2.2522522522522563,2.293741109530586,2.880512091038412,4.267425320056901,3.449502133712656,10.650782361308679,4.071834992887631,1.689189189189193,0.3378378378378386,2.0270270270270316,4.391891891891895,2.0270270270270316,3.0405405405405475
4728,CDU,1000,19,1.0,0.0,5.832147937411098,1.0,0.0,2.646396396396394,1.618065433854916,12.837837837837839,1.7069701280227676,1.2091038406827934,11.255334281650065,6.36557610241821,6.081081081081088,0.3378378378378386,0.3378378378378244,4.729729729729733,2.364864864864856,2.0270270270270245
4983,FDP,1000,19,1.0,1.0,5.583214793741111,1.0,1.0,2.2522522522522492,3.5739687055476566,1.8492176386913144,5.3342816500711265,10.152916073968711,5.512091038406826,7.076813655761029,6.418918918918912,2.364864864864863,0.6756756756756701,3.0405405405405332,0.6756756756756772,0.3378378378378386
241,CDU,1000,19,1.0,1.0,1.884779516358466,1.0,0.0,6.418918918918922,3.0049786628734054,1.4224751066856385,0.8712660028449477,4.534139402560456,1.3513513513513473,0.12446657183500065,1.689189189189193,6.418918918918912,8.445945945945951,5.067567567567579,7.432432432432435,9.45945945945946
2237,Die Grünen,1000,19,1.0,0.0,9.743954480796587,1.0,0.0,2.1959459459459487,13.086770981507826,4.089615931721191,11.664295874822194,1.3513513513513473,18.8122332859175,9.45945945945946,0.3378378378378386,2.0270270270270316,2.0270270270270316,3.378378378378379,2.702702702702709,2.7027027027027017
799,FDP,1000,19,0.0,0.0,3.476173541963013,0.0,0.0,4.448198198198202,2.00924608819345,0.21337126600283796,3.0761024182076824,12.482219061166433,2.3470839260312957,0.7290184921763796,3.378378378378379,1.0135135135135158,6.081081081081088,6.081081081081081,4.391891891891902,5.743243243243249
4311,SPD,1000,19,1.0,1.0,8.128852536747278,1.0,0.0,2.3648648648648654,9.370554765291615,8.97937411095306,9.441678520625892,4.516358463726888,5.600995732574688,10.864153627311524,1.3513513513513615,3.0405405405405403,2.0270270270270245,0.3378378378378386,3.0405405405405332,4.391891891891895
2914,FDP,1000,19,1.0,1.0,4.548956851588431,1.0,1.0,2.195945945945948,4.249644381223341,4.765291607396868,4.089615931721198,6.543385490753906,1.0668563300142253,6.578947368421051,1.3513513513513615,2.0270270270270245,3.378378378378379,0.6756756756756772,3.378378378378379,2.3648648648648667
2418,SPD,1000,19,1.0,0.0,2.578236130867713,1.0,0.0,4.954954954954956,1.8847795163584706,3.627311522048373,1.653627311522051,0.9957325746799413,3.9295874822190626,3.378378378378379,1.3513513513513473,1.0135135135135087,6.418918918918919,5.067567567567565,8.108108108108112,7.770270270270281
2558,bunt.saar,1000,19,1.0,1.0,5.135727833096252,0.0,1.0,2.5337837837837838,0.37339971550497353,8.926031294452343,9.17496443812233,4.125177809388333,4.267425320056901,3.94736842105263,5.067567567567565,0.0,2.702702702702709,3.378378378378379,1.0135135135135158,3.0405405405405332
156,bunt.saar,1000,19,1.0,1.0,4.4155998103366505,1.0,1.0,0.7882882882882877,0.0,0.37339971550498063,7.930298719772409,4.214082503556185,8.872688477951627,5.1031294452347,0.6756756756756772,1.6891891891891788,0.6756756756756772,0.6756756756756772,0.6756756756756772,0.3378378378378386
2988,SPD,1000,19,1.0,1.0,4.196301564722617,0.0,0.0,1.5765765765765778,4.551920341394016,4.409672830725462,3.2183499288762576,5.494310099573248,2.6493598862019923,4.854196301564727,3.378378378378379,0.3378378378378386,1.013513513513523,0.6756756756756772,2.0270270270270245,2.0270270270270245
2370,FDP,1000,19,0.0,1.0,5.844001896633473,1.0,1.0,1.9144144144144164,2.6671408250355597,0.32005689900426404,1.8492176386913144,9.743954480796589,13.798008534850638,6.685633001422474,0.0,1.689189189189193,0.3378378378378386,4.054054054054063,4.054054054054056,1.3513513513513473
1514,FDP,1000,19,1.0,1.0,1.5350877192982466,0.0,0.0,4.222972972972972,1.8847795163584706,0.4800853485063925,0.4445234708392647,0.9068278805120968,4.089615931721191,1.404694167852064,1.0135135135135087,4.729729729729726,6.081081081081088,3.0405405405405332,5.405405405405411,5.067567567567565
1587,Die Grünen,1000,19,1.0,0.0,3.5621147463252747,1.0,1.0,2.4774774774774797,1.0846372688477999,1.0490753911806578,1.262446657183503,4.338549075391185,9.850640113798008,3.7873399715504945,0.6756756756756772,3.378378378378379,3.0405405405405475,1.689189189189193,2.3648648648648702,3.7162162162162105
908,CDU,1000,19,1.0,0.0,5.023115220483644,1.0,1.0,1.9707207207207216,0.3911806543385552,5.529871977240397,11.077524893314369,0.9423897581792318,7.485775248933145,4.711948790896166,1.013513513513523,0.3378378378378386,3.0405405405405403,2.3648648648648702,3.378378378378372,1.689189189189186
3203,FDP,1000,19,0.0,1.0,2.5930535798956846,0.0,1.0,5.405405405405408,1.3157894736842124,5.885490753911803,2.4182076813655797,4.356330014224746,0.1955903271692776,1.3869132290184893,4.054054054054063,6.081081081081088,7.770270270270274,2.0270270270270245,6.756756756756758,5.743243243243242
1048,Die Grünen,1000,19,0.0,0.0,4.910502607871032,1.0,1.0,0.5630630630630632,1.0135135135135087,0.4445234708392718,6.294452347083933,5.03200568990043,11.379800853485065,5.2987197724039845,0.3378378378378386,0.0,0.6756756756756772,1.3513513513513473,0.3378378378378386,0.6756756756756772
2762,FDP,1000,19,1.0,0.0,3.4169037458511107,1.0,1.0,2.3085585585585604,4.267425320056894,1.4580369843527734,2.4537695590327147,2.4537695590327075,5.95661450924608,3.911806543385495,1.0135135135135158,4.054054054054056,3.7162162162162105,1.689189189189193,0.0,3.378378378378386
1318,bunt.saar,1000,19,1.0,0.0,6.324087245139876,1.0,0.0,1.3513513513513509,6.027738264580371,1.4046941678520568,10.081792318634413,1.3335704125177799,14.580369843527748,4.516358463726888,1.3513513513513615,0.6756756756756772,2.7027027027026946,0.3378378378378386,1.689189189189193,1.3513513513513402
2805,DIE LINKE,1000,19,1.0,0.0,3.843646277856807,1.0,1.0,1.3513513513513498,6.081081081081088,0.0,6.347795163584642,5.423186344238985,2.86273115220483,2.3470839260312957,3.0405405405405332,0.3378378378378386,1.0135135135135087,0.6756756756756701,0.6756756756756772,2.3648648648648702
3633,SPD,1000,19,1.0,1.0,6.220365101944046,0.0,0.0,11.37387387387387,0.6578947368421026,1.0846372688477999,9.832859174964433,9.103840682788054,8.19701280227595,8.445945945945937,10.472972972972968,1.3513513513513473,13.513513513513516,17.567567567567572,13.513513513513516,11.824324324324316
1110,Die Grünen,1000,19,1.0,0.0,7.865101944049314,1.0,1.0,2.8716216216216233,3.6806543385490826,5.885490753911803,7.876955903271693,2.0625889046941666,17.58534850640114,10.099573257468002,1.689189189189186,0.6756756756756843,3.7162162162162247,1.3513513513513473,7.094594594594589,2.702702702702709
4941,bunt.saar,1000,19,0.0,1.0,3.271692745376954,1.0,1.0,2.1396396396396398,1.2446657183499354,0.7112375533428192,3.6450924608819264,3.6095305832147915,5.352062588904687,5.067567567567565,6.081081081081088,1.0135135135135016,1.013513513513523,4.391891891891888,0.0,0.3378378378378386
478,FDP,1000,19,0.0,0.0,3.6806543385490733,1.0,1.0,1.2950450450450468,0.6934566145092447,1.8492176386913144,5.832147937411094,6.970128022759603,2.720483641536269,4.018492176386914,0.3378378378378457,0.0,2.0270270270270245,2.0270270270270316,2.0270270270270245,1.3513513513513544
4223,bunt.saar,1000,19,1.0,0.0,6.798245614035086,1.0,0.0,1.8018018018018012,2.115931721194869,3.556187766714082,10.757467994310105,2.187055476529153,16.518492176386907,5.654338549075405,1.0135135135135087,3.0405405405405475,1.689189189189193,2.364864864864863,2.0270270270270174,0.6756756756756772
666,CDU,1000,19,1.0,0.0,4.252607871028922,1.0,1.0,1.6891891891891884,0.3378378378378386,1.7780938833570303,1.2802275960170704,5.796586059743959,11.575391180654343,4.747510668563294,0.6756756756756701,2.3648648648648702,1.3513513513513473,2.364864864864856,3.0405405405405475,0.3378378378378386
889,DIE LINKE,1000,19,1.0,1.0,4.06887150308203,0.0,1.0,2.4211711711711708,3.7162162162162176,1.226884779516368,7.556899004267429,0.07112375533427695,10.437411095305833,1.4046941678520568,3.378378378378379,0.3378378378378386,3.0405405405405403,4.729729729729733,3.0405405405405332,0.0
987,FDP,1000,19,0.0,0.0,3.5413703176861113,1.0,1.0,1.5202702702702713,3.2539118065433925,2.0270270270270316,2.8982930298719793,1.760312944523477,6.347795163584635,4.960881934566153,2.702702702702716,1.3513513513513544,1.0135135135135158,3.7162162162161962,0.0,0.3378378378378457
3719,CDU,1000,19,1.0,0.0,9.311284969179706,1.0,0.0,6.531531531531532,1.653627311522051,6.507823613086771,14.08250355618776,0.9068278805120897,18.97226173541963,13.744665718349935,3.378378378378372,2.0270270270270316,8.783783783783782,5.067567567567572,10.13513513513513,9.797297297297305
865,CDU,1000,19,1.0,0.0,4.531175912754861,1.0,0.0,2.477477477477475,6.472261735419622,4.783072546230443,4.409672830725462,0.1955903271692847,5.0497866287340045,6.276671408250351,6.0810810810810665,0.0,0.3378378378378386,5.743243243243249,1.3513513513513473,1.3513513513513473
4935,FDP,1000,19,0.0,1.0,8.170341394025606,0.0,1.0,5.292792792792793,2.880512091038412,5.2631578947368425,7.4502133712659955,5.849928876244675,14.331436699857754,13.246799431009954,2.702702702702709,5.743243243243242,5.4054054054054035,11.148648648648653,3.378378378378372,3.378378378378379
373,FDP,1000,19,1.0,1.0,2.791607396870551,0.0,1.0,2.7590090090090107,1.1557610241820626,1.2980085348506378,7.3790896159317185,2.916073968705547,3.52062588904694,0.4800853485063996,2.0270270270270316,4.391891891891895,2.364864864864863,2.702702702702709,0.3378378378378386,4.729729729729726
3386,bunt.saar,1000,19,1.0,1.0,2.910146989094359,1.0,0.0,1.5765765765765754,5.974395448079662,1.1735419630156514,3.2183499288762505,2.044807965860592,4.445234708392604,0.6045519203413932,0.0,0.6756756756756772,1.6891891891891788,0.6756756756756772,3.378378378378386,3.0405405405405332
1599,SPD,1000,19,0.0,1.0,4.643788525367473,1.0,1.0,1.2950450450450457,0.17780938833571014,4.694167852062584,7.325746799431002,1.404694167852064,8.339260312944532,5.921052631578945,0.6756756756756772,1.6891891891891788,1.6891891891891788,0.6756756756756772,1.6891891891892072,1.3513513513513544
1914,bunt.saar,1000,19,1.0,0.0,3.330962541488855,1.0,0.0,2.4211711711711685,2.0625889046941666,3.5384068278805074,0.32005689900426404,3.6095305832147915,9.957325746799427,0.4978662873399742,2.7027027027027017,2.364864864864863,4.054054054054049,1.3513513513513473,3.0405405405405332,1.0135135135135158
626,CDU,1000,19,0.0,0.0,7.5183736367946885,1.0,0.0,6.193693693693692,2.293741109530579,7.841394025604551,11.433143669985775,3.09388335704125,11.326458036984356,9.121621621621621,2.3648648648648702,4.391891891891881,8.783783783783782,5.4054054054054035,7.432432432432435,8.783783783783782
4778,SPD,1000,19,1.0,1.0,4.205192034139404,1.0,0.0,1.9707207207207205,4.320768136557611,6.934566145092461,5.600995732574688,0.6045519203413932,3.1116642958748173,4.658605974395449,2.0270270270270316,2.0270270270270174,1.3513513513513544,2.702702702702709,2.0270270270270316,1.6891891891891788
5214,FDP,1000,19,1.0,1.0,6.427809388335706,1.0,1.0,6.587837837837838,6.223328591749642,4.676386913229017,3.0761024182076824,0.12446657183499354,15.842816500711244,8.623755334281654,7.432432432432435,6.756756756756758,5.067567567567572,5.743243243243235,7.770270270270274,6.756756756756751
74,Die Grünen,1000,19,0.0,0.0,3.819938359412042,0.0,1.0,1.9144144144144188,2.7560455192034112,1.3513513513513473,8.78378378378379,1.2802275960170704,7.983641536273105,0.7645803698435287,0.6756756756756772,1.3513513513513473,2.0270270270270316,2.364864864864863,1.01351351351353,4.054054054054063
3444,CDU,1000,19,1.0,1.0,2.3885727833096246,1.0,1.0,1.0698198198198223,1.3869132290184822,7.46799431009957,0.017780938833574567,1.689189189189193,3.3961593172119535,0.37339971550497353,1.6891891891892072,1.0135135135135087,2.0270270270270174,0.3378378378378386,1.0135135135135158,0.3378378378378457
5177,FDP,1000,19,1.0,0.0,5.36095305832148,1.0,1.0,1.8581081081081063,5.26315789473685,0.6756756756756772,8.392603129445234,9.388335704125176,3.165007112375534,5.28093883357041,1.3513513513513473,1.0135135135135158,1.689189189189186,2.364864864864856,2.0270270270270245,2.702702702702709
3337,SPD,1000,19,0.0,1.0,8.19701280227596,0.0,1.0,7.263513513513517,3.876244665718346,9.423897581792318,7.930298719772409,2.916073968705547,12.553342816500717,12.482219061166425,5.743243243243242,2.364864864864863,7.770270270270274,7.0945945945945965,11.824324324324337,8.78378378378379
487,Die Grünen,1000,19,1.0,0.0,6.25,1.0,1.0,0.957207207207207,2.115931721194869,7.04125177809388,3.7339971550497992,4.889758179231862,9.850640113798008,9.868421052631582,1.3513513513513544,0.3378378378378386,3.0405405405405332,0.0,1.0135135135135158,0.0
870,bunt.saar,1000,19,1.0,0.0,5.177216690374586,1.0,1.0,1.2387387387387392,0.9068278805120897,0.6578947368421026,9.068278805120912,2.151493598862025,10.668563300142253,7.610241820768138,0.6756756756756772,2.7027027027026946,1.3513513513513544,0.6756756756756772,0.6756756756756772,1.3513513513513544
3743,FDP,1000,19,1.0,1.0,5.43800379326695,1.0,1.0,2.533783783783786,4.818634423897571,5.2275960170697005,3.02275960170698,3.307254623044095,10.615220483641536,5.636557610241816,3.378378378378386,2.3648648648648702,1.689189189189193,1.689189189189193,3.0405405405405403,3.0405405405405332
1207,FDP,1000,19,1.0,1.0,2.747155049786629,1.0,1.0,1.2950450450450433,4.658605974395449,3.4317211948790884,1.3335704125177799,4.391891891891902,1.6180654338549019,1.0490753911806507,0.3378378378378386,2.364864864864863,1.0135135135135087,2.364864864864856,1.3513513513513615,0.3378378378378315
2511,CDU,1000,19,1.0,0.0,1.706970128022758,1.0,1.0,3.5472972972972947,1.3157894736842124,0.03556187766713492,2.293741109530586,4.089615931721191,1.9559032716927405,0.5512091038406837,3.378378378378372,5.067567567567565,3.0405405405405332,2.3648648648648702,3.7162162162162176,3.7162162162162105
1287,FDP,1000,19,0.0,0.0,3.8969890943575165,1.0,0.0,2.5337837837837873,0.5334281650071233,6.009957325746804,6.916785206258886,2.5248933143669916,7.02347083926032,0.37339971550497353,6.418918918918919,1.0135135135135158,0.3378378378378386,6.418918918918926,0.6756756756756772,0.3378378378378457
2168,bunt.saar,1000,19,1.0,0.0,5.725462304409675,1.0,0.0,5.236486486486487,0.6578947368421098,2.400426742531998,12.411095305832163,4.196301564722617,8.481507823613093,6.205547652916067,5.4054054054054035,1.689189189189193,6.756756756756758,8.108108108108112,5.743243243243242,3.7162162162162105
4540,bunt.saar,1000,19,1.0,0.0,6.7152678994784205,1.0,1.0,0.7319819819819801,6.205547652916081,5.067567567567565,6.987908961593163,2.2759601706970045,14.02916073968705,5.72546230440966,1.0135135135135158,0.675675675675663,0.3378378378378386,0.6756756756756843,1.3513513513513402,0.3378378378378386
3529,Die Grünen,1000,19,1.0,0.0,2.1692745376955904,1.0,1.0,1.9144144144144188,2.7560455192034112,1.9559032716927476,3.1472261735419664,0.6045519203413932,3.769559032716927,0.7823613086770962,2.3648648648648702,0.0,3.378378378378386,1.689189189189193,3.0405405405405475,1.0135135135135158
569,CDU,1000,19,0.0,0.0,4.40374585111427,1.0,0.0,3.3220720720720727,8.801564722617357,1.582503556187767,0.7645803698435216,1.689189189189186,6.116642958748223,7.46799431009957,2.364864864864863,7.094594594594589,2.702702702702709,5.067567567567572,0.6756756756756772,2.0270270270270245
5168,bunt.saar,1000,19,1.0,0.0,4.614153627311521,1.0,1.0,1.0135135135135134,6.187766714082507,0.0889046941678373,7.2724039829302995,0.5156472261735487,7.539118065433854,6.081081081081081,0.3378378378378315,1.01351351351353,2.364864864864856,1.0135135135135087,0.6756756756756772,0.6756756756756772
3627,Die Grünen,1000,19,0.0,0.0,8.309625414888577,1.0,1.0,0.4504504504504503,2.6137980085348573,6.3122332859175,12.26884779516358,5.3698435277382615,16.678520625889057,6.614509246088204,0.0,0.3378378378378386,0.0,1.3513513513513473,0.0,1.0135135135135158
705,SPD,1000,19,1.0,0.0,4.957918444760552,1.0,0.0,1.5765765765765754,3.378378378378379,7.130156472261731,9.192745376955905,0.5334281650071233,1.4580369843527734,8.054765291607403,5.743243243243242,1.689189189189186,1.0135135135135087,0.3378378378378315,0.3378378378378386,0.3378378378378457
4685,bunt.saar,1000,19,1.0,0.0,2.643432906590803,1.0,0.0,9.29054054054054,4.356330014224753,6.578947368421048,1.8136557610241866,0.6578947368421098,1.3157894736842124,1.1379800853485094,12.5,5.743243243243242,11.148648648648646,10.135135135135137,8.445945945945944,7.770270270270274
5038,CDU,1000,19,1.0,1.0,3.7162162162162162,1.0,1.0,1.8018018018018023,1.9914651493598896,4.640825035561875,2.400426742532005,2.916073968705547,3.378378378378379,6.970128022759603,1.0135135135135158,3.0405405405405475,3.378378378378379,0.0,2.364864864864863,1.0135135135135087
3996,CDU,1000,19,1.0,1.0,2.5367472735893783,0.0,1.0,1.2950450450450468,1.4224751066856385,1.9203413940255984,5.103129445234707,1.0490753911806578,3.058321479374108,2.6671408250355597,0.6756756756756914,0.3378378378378386,0.0,2.364864864864856,2.7027027027027017,1.689189189189193
170,Die Grünen,1000,19,1.0,0.0,6.504860123281177,0.0,0.0,4.1666666666666705,0.8534850640113874,4.943100995732571,7.02347083926032,3.3605974395448044,11.877667140825032,10.97083926031295,4.054054054054056,0.0,4.054054054054063,4.054054054054063,5.743243243243242,7.0945945945945965
5165,SPD,1000,19,1.0,0.0,2.8123518255097246,1.0,1.0,2.702702702702703,0.9601706970128063,2.809388335704128,6.952347083926043,3.44950213371267,0.8534850640113802,1.8492176386913215,1.3513513513513473,3.7162162162162105,0.3378378378378457,4.054054054054056,2.3648648648648702,4.391891891891888
4424,Die Grünen,1000,19,0.0,1.0,4.842342342342348,1.0,1.0,1.5765765765765754,3.7873399715504945,0.17780938833571014,8.01920341394026,4.018492176386907,7.343527738264598,5.707681365576114,0.6756756756756701,5.067567567567572,0.675675675675663,2.364864864864856,0.3378378378378528,0.3378378378378386
4331,CDU,1000,19,1.0,0.0,4.30002370791845,0.0,1.0,2.2522522522522515,2.2226173541963163,4.516358463726888,5.245376955903275,2.151493598862025,9.40611664295875,2.258179231863444,1.0135135135135016,1.3513513513513473,3.0405405405405475,0.0,4.054054054054056,4.054054054054056
4634,FDP,1000,19,1.0,1.0,3.9770033191085816,1.0,1.0,4.560810810810807,5.814366998577526,2.364864864864863,4.160739687055475,2.578236130867708,2.809388335704128,6.13442389758179,1.0135135135135158,6.756756756756758,6.081081081081074,0.675675675675663,6.756756756756758,6.081081081081074
4676,FDP,1000,19,1.0,1.0,6.078117591275485,1.0,1.0,3.322072072072069,5.4765291607396875,7.005689900426745,6.1877667140825,0.35561877667140607,11.397581792318633,6.045519203413939,4.729729729729733,1.013513513513523,4.054054054054042,2.364864864864856,3.7162162162162105,4.054054054054049
2823,bunt.saar,1000,19,1.0,0.0,5.260194404931247,1.0,1.0,0.9572072072072094,5.1209103840682815,0.23115220483641963,4.80085348506401,5.583214793741114,11.273115220483632,4.551920341394023,0.6756756756756772,0.3378378378378386,1.3513513513513544,0.6756756756756772,1.3513513513513544,1.3513513513513544
143,FDP,1000,19,0.0,0.0,5.790659080132766,0.0,1.0,3.5472972972972996,3.840682788051211,5.085348506401132,7.574679943100996,13.442389758179239,4.374110953058327,0.4267425320056901,4.729729729729726,2.702702702702709,4.054054054054056,2.0270270270270316,3.0405405405405403,4.729729729729733
272,FDP,1000,19,1.0,1.0,4.030346135609293,1.0,1.0,1.4639639639639626,4.623044096728307,6.36557610241821,1.1024182076813673,5.014224751066848,1.6002844950213415,5.476529160739684,3.0405405405405332,2.702702702702709,0.3378378378378386,1.3513513513513402,0.0,1.3513513513513544
2473,CDU,1000,19,0.0,0.0,6.484115694642013,0.0,1.0,3.7162162162162176,11.877667140825032,2.7916073968705533,1.9914651493598896,7.876955903271693,13.833570412517787,0.5334281650071233,3.378378378378379,4.391891891891902,2.0270270270270245,0.6756756756756772,6.756756756756758,5.067567567567565
340,SPD,1000,19,0.0,1.0,3.588786154575627,0.0,0.0,1.6891891891891906,0.9601706970128063,5.1209103840682815,4.534139402560456,3.1827880512090942,6.970128022759603,0.7645803698435216,1.689189189189186,0.0,3.0405405405405475,1.0135135135135158,3.0405405405405475,1.3513513513513473
3622,DIE LINKE,1000,19,0.0,1.0,2.821242294926504,1.0,0.0,5.686936936936935,7.325746799431009,0.26671408250354744,3.09388335704125,2.2048364153627347,1.831436699857747,2.2048364153627347,4.391891891891888,5.067567567567565,6.081081081081088,4.729729729729726,5.067567567567565,8.783783783783782
2980,bunt.saar,1000,19,0.0,0.0,9.118658131816023,1.0,1.0,1.520270270270269,4.054054054054056,8.12588904694168,12.304409672830715,6.881223328591759,12.926742532005676,10.419630156472252,0.6756756756756772,0.6756756756756772,2.3648648648648702,2.0270270270270316,2.0270270270270174,1.3513513513513402
1623,CDU,1000,19,0.0,0.0,7.4324324324324325,0.0,0.0,2.3085585585585577,8.463726884779518,6.756756756756758,8.392603129445227,5.0853485064011394,12.07325746799431,3.8229018492176436,2.702702702702709,0.0,2.7027027027026946,2.364864864864863,5.743243243243242,0.3378378378378386
3792,CDU,1000,19,1.0,1.0,2.415244191559978,0.0,0.0,1.8018018018018036,1.4224751066856385,4.17852062588905,2.86273115220483,2.2403982930298625,2.3470839260312957,1.4402560455191917,1.3513513513513686,0.3378378378378386,3.0405405405405403,1.3513513513513473,1.6891891891891788,3.0405405405405475
4969,Die Grünen,1000,19,1.0,1.0,4.522285443338077,1.0,1.0,1.7454954954954947,2.5960170697012828,3.6806543385490826,2.418207681365587,4.214082503556185,10.50853485064011,3.7162162162162105,0.3378378378378386,0.0,4.054054054054035,1.3513513513513544,1.689189189189193,3.0405405405405475
4039,FDP,1000,19,1.0,1.0,5.0557136083451875,1.0,1.0,3.3783783783783767,1.2446657183499354,2.7916073968705533,6.721194879089616,2.5426742532005733,15.078236130867701,1.9559032716927476,4.391891891891888,0.6756756756756701,1.0135135135135087,6.081081081081095,4.729729729729726,3.378378378378372
811,CDU,1000,19,1.0,0.0,3.8495732574679935,1.0,1.0,1.238738738738738,1.3335704125177799,0.7645803698435216,5.4765291607396875,0.7112375533428192,8.943812233285918,5.867709815078236,1.3513513513513544,2.7027027027027017,0.6756756756756772,1.689189189189186,1.0135135135135087,0.0
2494,Die Grünen,1000,19,0.0,0.0,4.504504504504502,1.0,0.0,6.70045045045045,0.9779516358463738,2.0981507823613015,5.476529160739673,1.2268847795163538,13.424608819345664,3.8229018492176436,5.067567567567565,1.0135135135135158,7.7702702702702595,7.770270270270274,8.783783783783782,9.797297297297305
176,SPD,1000,19,1.0,1.0,5.251303935514463,1.0,0.0,2.364864864864862,5.4054054054054035,7.752489331436706,4.943100995732571,1.1379800853485094,3.022759601706973,9.246088193456615,3.7162162162162176,4.391891891891888,3.0405405405405332,0.3378378378378386,2.364864864864856,0.3378378378378386
3269,Die Grünen,1000,19,0.0,1.0,5.669155998103371,1.0,1.0,1.745495495495496,0.053342816500716594,7.414651493598868,2.951635846372696,10.224039829302981,3.9118065433855023,9.45945945945946,1.689189189189193,2.364864864864863,1.3513513513513473,2.0270270270270245,1.689189189189193,1.3513513513513544
795,bunt.saar,1000,19,1.0,1.0,6.93752963489806,1.0,1.0,6.756756756756759,5.316500711237559,5.707681365576114,10.348506401137975,0.12446657183500065,11.94879089615933,8.179231863442382,4.054054054054056,5.067567567567579,5.743243243243242,9.45945945945946,7.770270270270281,8.445945945945937
984,bunt.saar,1000,19,0.0,0.0,7.331673779042198,1.0,1.0,2.421171171171172,3.1116642958748244,6.13442389758179,11.433143669985775,7.46799431009957,9.548364153627304,6.294452347083926,4.054054054054056,3.0405405405405475,2.364864864864863,2.0270270270270245,0.6756756756756701,2.3648648648648702
4195,bunt.saar,1000,19,0.0,1.0,6.08700806069227,1.0,1.0,0.9572072072072046,0.7467994310099613,6.650071123755325,6.258890469416784,4.054054054054049,9.868421052631575,8.943812233285925,2.0270270270270316,0.675675675675663,1.3513513513513544,1.0135135135135158,0.3378378378378386,0.3378378378378244
461,FDP,1000,19,0.0,1.0,6.558202939781886,1.0,1.0,1.1261261261261233,8.659317211948789,5.529871977240397,2.115931721194876,11.842105263157897,2.6137980085348502,8.588193456614505,0.6756756756756701,1.3513513513513473,1.6891891891891895,0.3378378378378386,2.364864864864863,0.3378378378378315
2878,CDU,1000,19,1.0,1.0,3.2035324798482705,1.0,0.0,2.5900900900900914,0.6578947368421026,8.357041251778092,2.5960170697012828,0.053342816500716594,4.498577524893314,3.058321479374115,3.7162162162162105,1.0135135135135087,2.702702702702709,4.391891891891902,2.3648648648648702,1.3513513513513473
4998,FDP,1000,19,1.0,1.0,7.565789473684208,1.0,1.0,3.0968468468468466,7.076813655761022,3.449502133712656,11.308677098150781,5.494310099573248,6.650071123755332,11.415362731152207,0.0,3.0405405405405403,4.391891891891895,3.378378378378379,2.0270270270270245,5.743243243243242
3765,bunt.saar,1000,19,1.0,1.0,6.727121858700808,1.0,1.0,0.8445945945945988,0.6401137980085352,8.197012802275957,9.76173541963015,2.009246088193457,12.748933143670001,7.005689900426745,1.689189189189186,1.0135135135135087,0.3378378378378528,0.0,1.689189189189193,0.3378378378378528
4306,bunt.saar,1000,19,1.0,1.0,3.007942152678995,1.0,1.0,3.9977477477477485,1.0312944523470833,6.436699857752494,0.3378378378378386,4.160739687055475,4.267425320056901,1.8136557610241795,4.054054054054049,1.3513513513513544,5.067567567567565,3.378378378378379,2.702702702702709,7.432432432432435
299,SPD,1000,19,0.0,0.0,5.903271692745377,0.0,0.0,5.855855855855861,1.0846372688477999,6.632290184921764,9.850640113798008,2.916073968705547,6.685633001422481,8.25035561877666,5.405405405405411,3.7162162162162176,6.081081081081081,8.10810810810812,6.4189189189189335,5.4054054054054035
4169,CDU,1000,19,1.0,0.0,3.8584637268847772,0.0,1.0,3.1531531531531543,3.982930298719765,7.716927453769557,7.503556187766712,0.10668563300141898,0.9246088193456643,2.916073968705547,5.743243243243242,0.6756756756756772,1.3513513513513544,9.459459459459453,1.3513513513513544,0.3378378378378457
1565,FDP,1000,19,1.0,1.0,2.581199620673305,1.0,1.0,2.815315315315317,0.16002844950213557,2.7027027027027017,3.378378378378379,1.902560455192038,5.7610241820768096,1.582503556187767,5.067567567567579,1.3513513513513544,1.3513513513513473,5.067567567567565,1.0135135135135158,3.0405405405405403
3002,Die Grünen,1000,19,0.0,1.0,1.8877430061640592,0.0,1.0,4.898648648648649,1.1735419630156443,1.582503556187767,6.223328591749642,0.6756756756756772,0.9601706970128063,0.7112375533428192,4.391891891891902,8.108108108108105,1.3513513513513473,3.7162162162162176,5.067567567567572,6.756756756756751
964,FDP,1000,19,1.0,1.0,7.4442863916548125,0.0,1.0,1.407657657657656,1.3513513513513473,3.9118065433855023,14.758179231863444,0.3911806543385552,11.682076813655755,12.57112375533427,1.013513513513523,1.689189189189186,1.0135135135135087,3.0405405405405475,1.3513513513513473,0.3378378378378244
4724,bunt.saar,1000,19,0.0,1.0,6.3537221431958315,0.0,1.0,1.4076576576576596,0.46230440967283215,4.391891891891902,8.001422475106693,3.982930298719772,11.575391180654336,9.708392603129454,1.0135135135135087,2.3648648648648702,0.3378378378378386,0.3378378378378386,0.6756756756756772,3.7162162162162247
1721,bunt.saar,1000,19,1.0,1.0,5.2513039355144615,1.0,1.0,2.6463963963963977,0.9601706970128063,4.302987197724043,8.161450924608815,5.1209103840682815,8.054765291607396,4.907539118065429,4.054054054054056,1.3513513513513615,0.675675675675663,7.0945945945945965,1.3513513513513544,1.3513513513513544
407,FDP,1000,19,1.0,1.0,3.3902323376007595,1.0,0.0,3.4346846846846866,2.151493598862025,2.951635846372689,1.9914651493598896,4.374110953058313,5.974395448079662,2.8982930298719793,4.391891891891895,7.770270270270267,0.3378378378378386,0.6756756756756772,6.756756756756765,0.6756756756756772
83,FDP,1000,19,1.0,0.0,1.9825746799431023,1.0,1.0,2.027027027027028,2.916073968705547,2.2226173541963092,0.12446657183499354,1.4046941678520568,0.46230440967283215,4.765291607396875,2.7027027027026946,0.3378378378378457,3.0405405405405475,1.3513513513513402,2.702702702702709,2.0270270270270316
2212,bunt.saar,1000,19,1.0,1.0,7.198316737790422,1.0,1.0,9.909909909909913,6.13442389758179,4.391891891891902,11.557610241820768,4.80085348506401,7.912517780938828,8.392603129445234,8.445945945945951,3.0405405405405546,12.5,11.486486486486491,11.486486486486484,12.5
3686,FDP,1000,19,1.0,1.0,4.237790422000949,1.0,1.0,1.8018018018018012,4.000711237553347,4.498577524893321,2.0981507823613086,2.5248933143669916,9.637268847795166,2.6671408250355597,1.689189189189193,0.6756756756756843,2.7027027027027017,1.3513513513513402,1.3513513513513544,3.0405405405405332
3510,Die Grünen,1000,19,1.0,0.0,4.205192034139401,1.0,0.0,1.0135135135135158,1.689189189189186,3.342816500711244,4.445234708392604,1.0846372688477999,9.939544807965845,4.729729729729726,0.6756756756756843,0.6756756756756843,0.3378378378378386,1.689189189189186,1.3513513513513473,1.3513513513513544
1883,Die Grünen,1000,19,1.0,1.0,3.7458511142721647,0.0,1.0,3.434684684684681,2.3115220483641536,5.138691322901856,2.0625889046941595,2.400426742532005,7.859174964438118,2.7027027027026946,0.6756756756756701,0.6756756756756772,4.391891891891881,4.729729729729726,6.418918918918926,3.7162162162162033
4290,FDP,1000,19,1.0,0.0,8.706733048838311,1.0,1.0,1.8581081081081077,10.49075391180655,5.903271692745371,7.2724039829302995,11.379800853485065,5.7610241820768096,11.433143669985775,1.3513513513513473,3.378378378378379,0.3378378378378315,2.3648648648648702,2.364864864864863,1.3513513513513544
429,FDP,1000,19,0.0,1.0,2.38560929350403,0.0,1.0,1.2950450450450468,0.46230440967282505,0.4445234708392647,2.4537695590327147,8.78378378378379,0.8712660028449477,1.2980085348506378,2.3648648648648702,0.3378378378378386,1.3513513513513473,2.0270270270270316,0.3378378378378386,1.3513513513513544
668,bunt.saar,1000,19,1.0,1.0,2.305595068752963,1.0,1.0,3.0968468468468444,7.69914651493599,0.8534850640113802,1.2980085348506378,2.3115220483641536,1.6002844950213486,0.07112375533426984,1.3513513513513473,2.0270270270270316,4.729729729729726,1.3513513513513544,5.067567567567558,4.054054054054049
921,CDU,1000,19,1.0,1.0,2.65528686581318,1.0,1.0,4.448198198198198,1.973684210526315,0.6934566145092376,6.098862019914648,3.1472261735419664,2.471550497866289,1.546941678520625,5.743243243243242,2.364864864864856,5.067567567567572,7.432432432432435,4.391891891891895,1.689189189189186
2259,DIE LINKE,1000,19,1.0,1.0,2.7797534376481736,0.0,0.0,5.518018018018015,1.2091038406827934,5.067567567567565,3.2183499288762505,4.747510668563301,0.32005689900426404,2.115931721194869,8.445945945945944,4.054054054054056,5.405405405405396,4.729729729729726,6.081081081081074,4.391891891891895
1077,FDP,1000,19,1.0,1.0,4.993480322427694,1.0,0.0,1.7454954954954947,5.0853485064011394,2.489331436699864,1.2091038406827934,0.0,12.606685633001426,8.570412517780944,1.689189189189193,0.0,0.6756756756756701,3.0405405405405332,3.0405405405405475,2.0270270270270245
358,Die Grünen,1000,19,0.0,0.0,5.7432432432432465,1.0,1.0,1.7454954954954924,7.343527738264584,0.1955903271692847,5.600995732574688,7.663584637268848,11.486486486486491,2.1692745376955855,0.3378378378378386,5.067567567567565,2.7027027027026946,1.3513513513513473,0.0,1.0135135135135087
3811,bunt.saar,1000,19,1.0,1.0,2.9457088667614975,1.0,0.0,3.2094594594594574,1.2446657183499354,2.5248933143669916,3.485064011379805,3.485064011379805,6.650071123755325,0.284495021337122,1.013513513513523,2.364864864864856,4.391891891891888,0.3378378378378315,5.743243243243242,5.4054054054054035
3361,CDU,1000,19,1.0,1.0,7.159791370317688,1.0,1.0,13.400900900900902,4.783072546230443,9.388335704125176,6.045519203413946,2.9694167852062563,10.597439544807969,9.174964438122338,8.445945945945951,13.17567567567567,14.86486486486487,10.810810810810807,19.256756756756758,13.851351351351347
2095,bunt.saar,1000,19,1.0,0.0,3.028686581318155,1.0,1.0,2.3648648648648667,1.9914651493598896,2.0981507823613015,3.36059743954479,4.729729729729733,5.245376955903268,0.7467994310099471,1.689189189189193,0.675675675675663,3.0405405405405475,1.689189189189186,2.702702702702709,4.391891891891902
1990,CDU,1000,19,1.0,0.0,4.78307254623044,1.0,1.0,2.027027027027026,6.3122332859175,4.42745376955903,1.4580369843527734,8.55263157894737,5.885490753911803,2.0625889046941666,1.3513513513513402,1.0135135135135158,2.0270270270270245,1.689189189189193,3.378378378378379,2.7027027027027017
3468,Die Grünen,1000,19,1.0,0.0,5.77584163110479,1.0,1.0,1.1824324324324362,5.4765291607396875,1.9559032716927405,7.165718349928881,4.231863442389766,10.064011379800853,5.761024182076817,1.689189189189193,0.3378378378378315,1.3513513513513686,2.0270270270270316,1.3513513513513544,0.3378378378378386
2767,SPD,1000,19,1.0,0.0,6.96420104314841,1.0,0.0,3.5472972972973005,7.734708392603125,5.992176386913229,10.277382645803684,2.560455192034155,5.494310099573255,9.726173541963014,1.689189189189193,1.3513513513513473,3.7162162162162105,1.6891891891892001,9.459459459459467,3.378378378378386
5095,FDP,1000,19,1.0,1.0,2.2848506401138002,1.0,1.0,2.5337837837837824,1.9914651493598896,1.0135135135135087,0.8001422475106708,4.054054054054063,5.707681365576107,0.142247510668561,1.689189189189193,1.0135135135135087,2.7027027027027017,3.7162162162162105,3.378378378378379,2.7027027027027017
4686,CDU,1000,19,1.0,0.0,6.119606448553815,1.0,0.0,3.2094594594594574,1.3869132290184822,3.378378378378379,8.445945945945944,7.450213371266003,8.410384068278809,7.645803698435273,5.405405405405389,2.0270270270270245,4.054054054054049,3.0405405405405475,0.6756756756756772,4.054054054054056
3545,CDU,1000,19,1.0,1.0,3.03461356092935,1.0,1.0,1.4076576576576596,0.7290184921763796,1.1379800853485094,3.200568990042669,2.6671408250355597,5.814366998577526,4.658605974395456,1.6891891891892072,1.3513513513513544,0.3378378378378386,2.0270270270270245,1.3513513513513473,1.689189189189186
712,Die Grünen,1000,19,1.0,0.0,6.279634898055949,1.0,1.0,1.745495495495496,0.40896159317211556,2.0803698435277482,8.374822190611667,4.338549075391178,10.277382645803684,12.197724039829303,0.3378378378378386,0.3378378378378386,3.0405405405405475,2.364864864864863,3.7162162162162105,0.6756756756756772
1763,bunt.saar,1000,19,1.0,0.0,7.868065433854908,1.0,1.0,1.0698198198198199,4.818634423897578,0.8001422475106637,9.370554765291615,4.320768136557611,19.150071123755325,8.748221906116655,0.6756756756756772,0.6756756756756772,1.3513513513513544,1.0135135135135158,2.364864864864856,0.3378378378378386
2651,bunt.saar,1000,19,1.0,1.0,4.377074442863915,1.0,1.0,1.9144144144144175,2.7382645803698438,3.556187766714082,5.298719772403977,3.0405405405405403,9.45945945945946,2.1692745376955855,3.7162162162162176,3.0405405405405475,0.3378378378378457,1.689189189189186,0.3378378378378386,2.3648648648648702
586,FDP,1000,19,1.0,0.0,3.7991939307728813,0.0,1.0,1.8018018018018,4.551920341394016,7.343527738264584,3.342816500711244,1.9381223328591872,4.285206258890469,1.333570412517787,3.0405405405405403,0.6756756756756772,1.0135135135135087,2.0270270270270245,2.364864864864856,1.689189189189193
970,CDU,1000,19,1.0,0.0,3.298364153627316,1.0,1.0,2.0270270270270268,0.8534850640113874,1.3157894736842124,2.951635846372689,6.7389758179231976,6.685633001422481,1.2446657183499283,4.391891891891888,0.3378378378378386,1.0135135135135158,4.729729729729726,1.0135135135135158,0.6756756756756772
4544,CDU,1000,19,1.0,1.0,3.333926031294453,1.0,1.0,1.2387387387387403,2.0270270270270316,4.587482219061172,5.618776671408241,1.2446657183499354,1.4580369843527734,5.067567567567565,0.6756756756756843,1.689189189189193,1.0135135135135087,0.3378378378378457,2.364864864864863,1.3513513513513473
4158,DIE LINKE,1000,19,1.0,0.0,3.790303461356095,1.0,0.0,4.166666666666669,11.006401137980085,5.014224751066855,0.6756756756756772,3.44950213371267,1.511379800853483,1.0846372688477999,0.6756756756756772,5.405405405405411,6.756756756756758,3.0405405405405475,6.418918918918926,2.7027027027026946
1934,FDP,1000,19,1.0,1.0,2.8538406827880487,1.0,1.0,1.9144144144144128,1.7247510668563208,4.054054054054049,1.6358463726884764,2.2048364153627347,5.725462304409675,1.7780938833570374,1.01351351351353,4.391891891891888,1.0135135135135087,1.3513513513513402,2.364864864864863,1.3513513513513473
1331,SPD,1000,19,0.0,0.0,6.605618776671406,1.0,1.0,3.209459459459463,0.7823613086770962,4.125177809388333,7.6635846372688405,5.494310099573248,10.50853485064011,11.059743954480808,4.729729729729733,1.689189189189193,0.6756756756756772,2.3648648648648702,5.4054054054054035,4.391891891891902
3492,SPD,1000,19,0.0,1.0,4.3355855855855845,0.0,1.0,5.461711711711712,5.672119487908965,5.032005689900423,3.2183499288762505,3.9651493598862046,7.521337126600272,0.6045519203413932,3.7162162162162176,5.067567567567558,6.4189189189189335,4.054054054054049,8.108108108108112,5.4054054054054035
4393,CDU,1000,19,1.0,0.0,4.501541014698911,1.0,0.0,1.6328828828828865,6.365576102418217,1.689189189189186,3.0761024182076824,7.183499288762434,0.053342816500716594,8.641536273115229,3.0405405405405546,1.689189189189193,1.0135135135135087,1.689189189189193,1.689189189189193,0.6756756756756772
2247,CDU,1000,19,0.0,1.0,1.8047652916073993,0.0,0.0,5.011261261261258,3.627311522048373,0.7645803698435216,2.151493598862025,0.6934566145092447,3.307254623044102,0.2844950213371291,1.689189189189186,5.4054054054054035,8.78378378378379,1.3513513513513473,8.445945945945944,4.391891891891881
550,Die Grünen,1000,19,0.0,0.0,4.323731626363204,1.0,1.0,4.560810810810808,5.1920341394025655,0.1422475106685539,4.196301564722617,3.9651493598862046,9.921763869132292,2.5248933143669916,3.378378378378379,1.689189189189193,5.4054054054054035,7.0945945945945965,5.4054054054054035,4.3918918918918735
4964,FDP,1000,19,1.0,1.0,4.0303461356092924,1.0,1.0,4.0540540540540535,2.471550497866282,5.298719772403977,6.258890469416791,0.5512091038406766,4.996443812233295,4.605263157894733,7.432432432432435,1.689189189189186,6.081081081081081,2.7027027027026946,1.689189189189193,4.729729729729733
598,CDU,1000,19,1.0,0.0,3.090919867235661,1.0,0.0,2.92792792792793,1.902560455192038,0.10668563300142608,4.3029871977240575,5.725462304409675,3.2539118065433854,3.2539118065433854,1.0135135135135087,4.391891891891888,4.391891891891902,0.3378378378378386,4.391891891891895,3.0405405405405475
4688,bunt.saar,1000,19,1.0,1.0,6.475225225225227,1.0,1.0,0.9572072072072059,2.0981507823613086,11.859886201991465,4.018492176386914,2.1337126600284506,14.349217638691321,4.391891891891902,1.3513513513513473,0.3378378378378386,0.6756756756756772,1.3513513513513544,0.3378378378378386,1.6891891891891788
1505,CDU,1000,19,1.0,0.0,6.5285680417259355,1.0,1.0,2.6463963963963963,1.3335704125177799,8.890469416785209,0.08890469416784441,9.192745376955905,7.485775248933145,12.179943100995729,4.729729729729726,0.3378378378378386,1.0135135135135158,0.3378378378378315,3.0405405405405475,6.418918918918919
4455,Die Grünen,1000,19,0.0,0.0,4.860123281175913,1.0,0.0,1.1824324324324256,3.876244665718353,7.841394025604551,3.591749644381224,2.471550497866282,4.231863442389766,7.147937411095306,0.3378378378378244,1.689189189189186,0.6756756756756701,2.0270270270270174,1.0135135135135087,1.3513513513513473
3714,bunt.saar,1000,19,1.0,1.0,1.546941678520625,1.0,1.0,3.153153153153152,0.3556187766714132,3.378378378378372,3.4139402560455068,1.404694167852064,0.5867709815078399,0.1422475106685539,2.7027027027026946,2.3648648648648702,2.3648648648648702,3.378378378378379,3.7162162162162105,4.391891891891888
1502,FDP,1000,19,1.0,1.0,2.151493598862018,0.0,1.0,2.3085585585585613,5.529871977240397,0.21337126600283796,2.0270270270270316,0.6223328591749677,0.7645803698435216,3.7517780938833525,4.7297297297297405,4.054054054054056,1.689189189189193,1.013513513513523,1.0135135135135087,1.3513513513513473
1236,DIE LINKE,1000,19,1.0,1.0,3.3843053579895646,0.0,1.0,1.6328828828828783,8.926031294452343,0.4267425320056759,3.165007112375534,3.342816500711244,3.1116642958748173,1.3335704125177728,0.3378378378378386,3.0405405405405332,0.675675675675663,0.6756756756756701,2.364864864864856,2.702702702702709
3921,FDP,1000,19,0.0,0.0,5.206851588430536,1.0,1.0,1.5202702702702708,0.10668563300142608,0.8357041251778057,7.005689900426745,11.290896159317214,7.1657183499288735,4.836415362731152,1.3513513513513615,1.3513513513513473,3.0405405405405403,0.0,2.364864864864863,1.0135135135135123
2031,FDP,1000,19,1.0,1.0,4.113323850165955,1.0,1.0,2.4211711711711708,4.534139402560456,0.8712660028449477,3.911806543385495,4.729729729729726,5.689900426742533,4.943100995732571,3.378378378378372,4.391891891891888,1.3513513513513544,1.3513513513513544,2.0270270270270316,2.0270270270270245
3889,bunt.saar,1000,19,0.0,1.0,5.805476529160742,1.0,0.0,2.4211711711711708,5.03200568990043,3.840682788051211,7.414651493598868,0.9779516358463738,11.34423897581793,6.223328591749642,2.0270270270270316,1.0135135135135158,3.378378378378372,1.3513513513513544,3.378378378378372,3.378378378378379
1921,FDP,1000,19,1.0,1.0,3.1976055002370813,1.0,1.0,2.3085585585585577,2.9338549075391214,0.3022759601707037,1.4580369843527734,7.89473684210526,6.347795163584642,0.2489331436699871,0.3378378378378315,1.3513513513513615,3.0405405405405403,3.378378378378372,2.7027027027027017,3.0405405405405403
196,Die Grünen,1000,19,1.0,0.0,5.755097202465625,1.0,1.0,3.434684684684683,0.46230440967283215,9.850640113798008,1.0668563300142182,1.0846372688477928,14.580369843527748,7.485775248933152,2.3648648648648702,2.0270270270270174,3.0405405405405332,3.0405405405405403,5.067567567567572,5.067567567567565
2710,FDP,1000,19,0.0,0.0,5.378733997155053,0.0,0.0,2.3648648648648645,2.560455192034155,4.480796586059739,4.640825035561875,5.26315789473685,9.512802275960176,5.814366998577526,5.405405405405389,0.3378378378378386,0.6756756756756843,2.7027027027026946,4.729729729729733,0.3378378378378457
2990,FDP,1000,19,1.0,0.0,3.3605974395448093,0.0,0.0,3.322072072072069,2.3648648648648702,2.8271692745377024,7.432432432432435,2.578236130867701,4.498577524893314,0.46230440967283215,4.391891891891888,3.0405405405405332,3.0405405405405332,1.689189189189186,4.054054054054056,3.7162162162162176
1489,CDU,1000,19,1.0,0.0,6.252963489805594,1.0,0.0,4.729729729729731,10.472972972972968,3.413940256045514,6.1877667140825,3.769559032716927,3.271692745376953,10.401849217638699,7.0945945945945965,3.7162162162162176,3.7162162162162176,6.081081081081081,3.7162162162162176,4.054054054054056
2236,FDP,1000,19,0.0,0.0,7.417614983404461,1.0,1.0,2.364864864864868,12.766714082503555,7.432432432432435,0.3911806543385481,9.655049786628751,4.854196301564727,9.40611664295875,3.378378378378372,4.054054054054056,1.0135135135135158,0.6756756756756914,3.7162162162162176,1.3513513513513544
2149,bunt.saar,1000,19,0.0,0.0,3.215386439070649,0.0,0.0,1.970720720720718,2.044807965860592,3.1472261735419664,5.814366998577526,0.21337126600283796,5.4765291607396875,2.5960170697012828,3.0405405405405332,2.702702702702709,0.3378378378378386,4.729729729729726,0.3378378378378315,0.6756756756756701
726,Die Grünen,1000,19,1.0,1.0,9.468349928876243,1.0,1.0,0.4504504504504491,3.9295874822190555,8.214793741109531,10.68634423897582,4.747510668563294,16.39402560455192,12.837837837837839,0.3378378378378315,0.3378378378378386,0.3378378378378386,0.6756756756756701,0.6756756756756772,0.3378378378378386
1202,bunt.saar,1000,19,0.0,0.0,5.515054528212421,1.0,0.0,1.3513513513513509,10.099573257467995,2.0625889046941523,2.0803698435277482,1.9203413940255984,11.46870554765291,5.45874822190612,1.3513513513513473,2.7027027027026946,0.3378378378378528,2.3648648648648702,0.6756756756756772,0.675675675675663
1788,SPD,1000,19,0.0,0.0,8.063655761024183,0.0,1.0,2.5337837837837824,1.0668563300142253,9.477240398293027,10.384068278805131,4.498577524893314,14.704836415362742,8.25035561877666,1.3513513513513544,1.689189189189186,1.689189189189193,4.391891891891888,4.391891891891888,1.689189189189186
798,CDU,1000,19,0.0,0.0,2.9545993361782834,0.0,0.0,2.5900900900900865,1.9381223328591872,2.00924608819345,4.19630156472261,7.805832147937409,0.5689900426742511,1.2091038406827934,2.0270270270270245,2.364864864864856,5.743243243243242,1.3513513513513473,2.0270270270270245,2.0270270270270245
2477,FDP,1000,19,1.0,1.0,3.7577050734945474,1.0,1.0,1.5202702702702713,0.23115220483641252,6.045519203413946,0.9601706970127992,5.4409672830725455,5.3342816500711265,4.534139402560456,1.3513513513513473,1.689189189189193,2.027027027027028,0.6756756756756772,1.3513513513513544,2.027027027027028
1286,DIE LINKE,1000,19,1.0,0.0,6.475225225225224,1.0,0.0,2.702702702702704,3.7517780938833525,0.6578947368421026,9.530583214793744,1.7425320056899025,15.398293029871972,7.770270270270274,3.378378378378379,0.0,3.378378378378379,3.7162162162162176,4.391891891891888,1.3513513513513615
5097,Die Grünen,1000,19,1.0,0.0,4.510431484115695,1.0,1.0,1.238738738738738,4.338549075391185,0.46230440967283215,4.17852062588905,2.578236130867701,12.179943100995736,3.3250355618776624,1.0135135135135087,1.3513513513513473,1.0135135135135158,2.702702702702709,0.0,1.3513513513513473
4659,FDP,1000,19,1.0,1.0,4.940137505926982,1.0,1.0,1.632882882882883,6.294452347083926,7.0945945945945965,3.2361308677098144,2.3293029871977353,2.1692745376955926,8.517069701280228,1.6891891891891788,2.0270270270270316,1.0135135135135158,0.3378378378378386,2.7027027027027017,2.0270270270270316
4919,CDU,1000,19,1.0,1.0,5.971431958274061,0.0,0.0,4.335585585585586,1.1557610241820697,5.174253200568991,10.06401137980086,0.32005689900426404,11.984352773826451,7.130156472261731,6.418918918918919,3.0405405405405403,3.378378378378379,5.4054054054054035,3.378378378378379,4.391891891891895
3368,bunt.saar,1000,19,1.0,0.0,2.3322664770033215,0.0,0.0,2.2522522522522537,0.2489331436699942,3.627311522048373,1.689189189189193,0.1422475106685539,6.54338549075392,1.7425320056898954,2.0270270270270316,2.0270270270270245,0.6756756756756843,2.364864864864863,2.702702702702709,3.7162162162162105
2840,Die Grünen,1000,19,1.0,1.0,3.953295400663824,1.0,0.0,2.590090090090088,6.152204836415365,5.7610241820768096,0.3911806543385552,1.2446657183499354,3.8940256045519206,6.276671408250358,1.689189189189186,1.3513513513513473,0.6756756756756772,6.081081081081088,0.675675675675663,5.067567567567565
2978,bunt.saar,1000,19,0.0,1.0,6.774537695590329,1.0,1.0,2.195945945945946,5.298719772403977,1.3157894736842124,9.850640113798008,10.135135135135137,4.658605974395456,9.388335704125183,3.378378378378379,1.689189189189193,0.3378378378378386,4.054054054054056,1.6891891891891788,2.0270270270270316
2789,bunt.saar,1000,19,1.0,0.0,3.1264817449027924,1.0,1.0,5.912162162162162,2.7560455192034112,0.6578947368421026,3.5028449502133583,3.485064011379805,4.996443812233288,3.36059743954479,2.0270270270270316,5.067567567567565,5.067567567567579,6.081081081081088,8.108108108108098,9.121621621621614
329,Die Grünen,1000,19,0.0,0.0,7.248696064485533,1.0,1.0,1.6328828828828819,0.4800853485063925,9.317211948790899,5.209815078236119,4.071834992887624,11.966571834992884,12.446657183499283,4.391891891891888,0.6756756756756772,0.6756756756756843,0.0,1.0135135135135087,3.0405405405405332
2217,FDP,1000,19,1.0,1.0,4.145922238027502,0.0,1.0,2.1396396396396384,2.8271692745377024,2.7916073968705533,5.334281650071119,0.6756756756756772,7.04125177809388,6.205547652916081,3.7162162162162176,2.364864864864856,2.3648648648648702,1.689189189189193,0.0,2.7027027027026946
1953,FDP,1000,19,1.0,1.0,5.506164058795637,1.0,1.0,2.477477477477476,1.2446657183499354,1.7780938833570374,8.872688477951634,6.881223328591744,5.867709815078236,8.392603129445234,3.0405405405405332,0.0,2.7027027027027017,3.0405405405405475,3.0405405405405332,3.0405405405405403
4247,FDP,1000,19,0.0,1.0,1.7899478425794204,0.0,1.0,2.9279279279279264,0.03556187766713492,1.9203413940255984,0.8712660028449477,3.9651493598862118,2.8449502133712627,1.1024182076813673,0.3378378378378386,3.7162162162162105,3.7162162162162176,3.378378378378372,1.0135135135135158,5.4054054054054035
3772,CDU,1000,19,1.0,1.0,3.6154575628259855,0.0,1.0,1.2387387387387392,3.0049786628734054,2.3115220483641536,4.925320056899011,2.5426742532005733,6.578947368421048,2.329302987197721,1.689189189189193,2.0270270270270316,0.3378378378378386,0.0,1.3513513513513473,2.0270270270270245
3752,bunt.saar,1000,19,0.0,1.0,2.681958274063535,0.0,1.0,1.3513513513513509,0.3911806543385552,3.3250355618776624,3.7873399715504945,1.76031294452347,0.6045519203413932,6.223328591749635,2.0270270270270245,0.3378378378378457,2.0270270270270174,2.364864864864863,1.0135135135135158,0.3378378378378386
3557,Die Grünen,1000,19,0.0,0.0,5.867709815078239,0.0,0.0,3.8288288288288292,0.6045519203413932,7.485775248933145,8.285917496443822,0.17780938833571014,11.824324324324323,6.827880512091042,1.3513513513513402,1.689189189189186,5.405405405405411,5.405405405405411,6.081081081081081,3.0405405405405475
4640,Die Grünen,1000,19,0.0,0.0,7.1834992887624445,0.0,0.0,7.0382882882882845,2.3470839260312886,6.899004267425312,10.419630156472252,6.7745376955903325,8.3570412517781,8.303698435277383,2.0270270270270245,5.4054054054054035,11.486486486486477,4.391891891891895,10.472972972972968,8.445945945945937
1458,FDP,1000,19,1.0,1.0,4.137031768610715,0.0,1.0,3.0405405405405417,4.036273115220482,8.517069701280228,2.8449502133712627,2.631578947368425,4.054054054054056,2.7382645803698367,8.445945945945944,0.6756756756756701,1.3513513513513544,5.067567567567565,2.3648648648648702,0.3378378378378457
127,FDP,1000,19,0.0,1.0,2.7649359886201985,1.0,1.0,2.3085585585585613,2.9694167852062634,0.49786628733995997,1.6714082503556185,4.302987197724043,5.867709815078236,1.2802275960170704,3.7162162162162105,3.7162162162162176,0.3378378378378386,3.378378378378393,1.0135135135135158,1.689189189189193
173,bunt.saar,1000,19,0.0,0.0,4.5282124229492675,1.0,1.0,1.914414414414414,1.6714082503556256,0.9957325746799413,0.03556187766713492,4.80085348506401,14.580369843527748,5.0853485064011466,3.0405405405405546,2.7027027027026946,3.0405405405405475,0.3378378378378315,1.3513513513513402,1.0135135135135158
1667,FDP,1000,19,0.0,1.0,2.1307491702228574,1.0,1.0,1.3513513513513533,0.9779516358463738,1.3335704125177799,0.8534850640113874,5.974395448079662,1.902560455192038,1.7425320056899025,2.3648648648648702,0.3378378378378386,1.3513513513513473,0.3378378378378386,3.0405405405405475,0.6756756756756772
4725,bunt.saar,1000,19,0.0,0.0,2.99312470365102,1.0,1.0,1.7454954954954982,1.866998577524896,6.8100995732574745,6.152204836415365,0.03556187766713492,2.471550497866289,0.6223328591749606,2.0270270270270316,4.054054054054063,0.3378378378378528,0.6756756756756701,1.6891891891891788,1.689189189189193
5196,SPD,1000,19,1.0,1.0,5.639521100047418,1.0,1.0,0.900900900900897,1.8847795163584706,2.951635846372696,10.25960170697013,1.7069701280227534,8.072546230440977,8.961593172119478,1.3513513513513473,1.3513513513513473,0.3378378378378244,1.689189189189186,0.6756756756756772,0.0
3390,FDP,1000,19,1.0,0.0,2.3915362731152214,1.0,0.0,4.617117117117121,5.814366998577526,1.8136557610241795,3.591749644381224,0.4445234708392718,1.5647226173541924,1.1201991465149348,1.3513513513513615,4.391891891891881,7.770270270270274,3.0405405405405546,7.770270270270274,3.378378378378379
1751,bunt.saar,1000,19,1.0,0.0,5.802513039355148,1.0,0.0,3.096846846846848,4.249644381223341,0.1955903271692847,9.423897581792318,5.743243243243242,9.423897581792318,5.778805120910384,2.702702702702709,4.391891891891888,2.7027027027027017,2.364864864864863,2.7027027027027017,3.7162162162162247
3668,CDU,1000,19,1.0,0.0,2.483404457088668,0.0,1.0,1.1824324324324358,2.9338549075391214,0.1955903271692776,1.3157894736842124,8.143669985775247,1.475817923186348,0.8357041251778021,1.3513513513513615,0.3378378378378386,1.0135135135135158,3.378378378378379,0.6756756756756772,0.33783783783784216
3683,DIE LINKE,1000,19,1.0,0.0,5.9151256519677595,1.0,0.0,2.308558558558557,1.795874822190612,1.9381223328591872,12.624466571834994,3.5028449502133725,9.797297297297305,5.8321479374110865,5.4054054054054035,1.3513513513513473,1.0135135135135158,3.0405405405405403,0.675675675675663,2.3648648648648702
3786,bunt.saar,1000,19,0.0,0.0,4.134068278805123,0.0,0.0,3.8851351351351346,3.733997155049792,1.0490753911806578,6.792318634423893,5.138691322901856,7.46799431009957,0.6223328591749677,2.364864864864863,5.743243243243242,4.729729729729733,2.702702702702709,3.0405405405405403,4.729729729729719
5079,bunt.saar,1000,19,1.0,0.0,6.0307017543859684,1.0,1.0,0.9572072072072094,4.996443812233295,1.1379800853485023,8.926031294452343,4.3029871977240575,12.802275960170697,4.018492176386914,1.689189189189193,0.0,0.3378378378378386,2.0270270270270174,0.3378378378378386,1.3513513513513686
519,CDU,1000,19,1.0,0.0,3.147226173541965,1.0,0.0,1.9144144144144164,1.3157894736842124,5.192034139402573,1.1201991465149348,6.810099573257467,1.4224751066856385,3.022759601706966,0.6756756756756772,4.054054054054063,0.3378378378378386,4.391891891891895,0.0,2.0270270270270245
40,bunt.saar,1000,19,0.0,0.0,2.687885253674724,0.0,1.0,3.096846846846848,7.02347083926032,2.2403982930298625,0.5689900426742511,1.6358463726884764,1.2980085348506378,3.3605974395447973,4.729729729729733,3.378378378378379,4.054054054054056,0.3378378378378386,4.054054054054049,2.0270270270270316
3340,Die Grünen,1000,19,1.0,1.0,4.270388809862496,1.0,1.0,2.4774774774774784,2.4182076813655797,5.032005689900423,4.391891891891902,1.831436699857747,5.974395448079662,5.974395448079662,4.054054054054049,4.729729729729719,1.01351351351353,1.3513513513513544,0.3378378378378386,3.378378378378379
2730,FDP,1000,19,1.0,1.0,3.2331673779042185,1.0,1.0,2.9842342342342327,2.151493598862025,3.09388335704125,1.6180654338549019,0.6578947368421026,9.868421052631575,2.009246088193457,5.067567567567572,3.378378378378379,4.391891891891881,1.689189189189193,1.3513513513513473,2.0270270270270245
994,Die Grünen,1000,19,1.0,0.0,7.936225699383591,1.0,1.0,1.5202702702702702,5.334281650071119,6.952347083926043,8.19701280227595,3.6806543385490755,12.660028449502128,10.793029871977232,0.3378378378378457,1.689189189189193,0.0,3.378378378378372,1.6891891891891788,2.0270270270270316
1729,Die Grünen,1000,19,0.0,1.0,2.130749170222856,1.0,1.0,2.4211711711711685,1.831436699857747,2.916073968705547,0.6934566145092447,1.2091038406827934,3.44950213371267,2.6849217638691343,3.0405405405405332,1.689189189189186,1.689189189189186,4.729729729729726,1.3513513513513473,2.0270270270270316
4289,SPD,1000,19,0.0,0.0,4.8038169748696085,0.0,0.0,1.689189189189187,4.516358463726888,4.800853485064017,7.414651493598868,3.1294452347083777,7.165718349928888,1.795874822190612,1.0135135135135158,1.3513513513513473,1.689189189189186,0.3378378378378244,2.0270270270270316,3.7162162162162176
2195,Die Grünen,1000,19,1.0,0.0,3.4287577050735023,1.0,1.0,3.941441441441436,8.961593172119493,0.5156472261735487,0.10668563300143319,4.765291607396875,5.192034139402573,1.0312944523470904,0.6756756756756701,4.729729729729726,5.067567567567565,4.054054054054056,5.743243243243228,3.378378378378372
3087,CDU,1000,19,1.0,0.0,2.684921763869132,1.0,0.0,3.490990990990992,4.907539118065436,3.165007112375541,0.426742532005683,3.6095305832147915,2.471550497866282,1.5291607396870575,5.067567567567572,5.743243243243242,3.378378378378379,3.378378378378379,1.3513513513513615,2.0270270270270174
781,Die Grünen,1000,19,1.0,1.0,3.8614272166903754,0.0,0.0,4.560810810810813,3.485064011379805,8.001422475106693,3.7873399715504945,0.5512091038406837,4.19630156472261,3.1472261735419664,2.364864864864863,1.689189189189193,7.432432432432435,0.3378378378378315,7.094594594594604,8.445945945945951
2637,CDU,1000,19,0.0,1.0,8.780820293978184,0.0,1.0,9.234234234234233,8.872688477951627,13.513513513513509,7.965860597439537,1.1024182076813602,10.79302987197724,10.437411095305833,2.0270270270270316,9.45945945945946,12.162162162162154,6.081081081081088,14.189189189189179,11.486486486486484
1049,CDU,1000,19,1.0,0.0,4.039236605026076,1.0,0.0,2.4211711711711708,1.3335704125177799,1.2091038406827934,3.733997155049792,6.845661450924595,8.250355618776666,2.86273115220483,2.3648648648648702,3.378378378378379,2.0270270270270174,2.7027027027026946,2.0270270270270316,2.0270270270270316
4733,CDU,1000,19,1.0,1.0,3.891062114746326,1.0,0.0,3.1531531531531543,4.356330014224753,3.9295874822190555,4.19630156472261,1.475817923186355,4.374110953058327,5.014224751066855,3.7162162162162176,0.3378378378378386,2.7027027027027017,4.391891891891902,4.391891891891888,3.378378378378379
2778,bunt.saar,1000,19,0.0,0.0,4.83641536273115,1.0,0.0,2.3648648648648667,2.773826458036986,2.115931721194869,10.79302987197724,2.2403982930298696,6.810099573257467,4.285206258890469,2.702702702702709,5.405405405405411,1.689189189189186,4.391891891891895,0.0,0.0
4570,Die Grünen,1000,19,1.0,0.0,3.245021337126603,1.0,0.0,3.65990990990991,1.5291607396870575,5.334281650071119,4.978662873399728,0.8712660028449548,4.569701280227605,2.187055476529153,0.3378378378378386,5.405405405405411,3.7162162162162105,0.0,6.418918918918912,6.081081081081088
317,FDP,1000,19,0.0,1.0,2.2226173541963035,1.0,1.0,3.490990990990994,0.017780938833574567,0.0,0.2489331436699871,11.77098150782362,0.3022759601706895,0.9957325746799484,3.0405405405405475,3.0405405405405403,5.4054054054054035,2.3648648648648702,0.6756756756756843,6.418918918918919
834,FDP,1000,19,1.0,1.0,3.5621147463252734,0.0,0.0,4.4481981981982015,6.009957325746804,3.485064011379805,2.773826458036986,2.7382645803698438,1.724751066856328,4.640825035561875,1.0135135135135158,5.4054054054054035,6.081081081081088,0.3378378378378386,8.445945945945951,5.405405405405411
1497,FDP,1000,19,1.0,0.0,5.399478425794218,1.0,1.0,0.9009009009009029,1.2446657183499354,2.2403982930298696,3.058321479374108,5.832147937411094,9.566145092460893,10.455192034139408,1.689189189189186,0.6756756756756772,0.6756756756756772,0.3378378378378386,1.013513513513523,1.0135135135135158
4591,FDP,1000,19,1.0,0.0,4.083688952110002,1.0,1.0,4.279279279279279,6.632290184921764,7.539118065433847,1.4935988620199083,5.672119487908951,2.8271692745377024,0.3378378378378386,0.675675675675663,5.067567567567558,5.067567567567572,4.054054054054063,3.378378378378379,7.432432432432435
315,Die Grünen,1000,19,1.0,0.0,4.723802750118537,0.0,1.0,1.2387387387387392,3.058321479374115,1.2802275960170704,7.0945945945945965,0.8890469416785152,9.939544807965845,6.081081081081081,2.0270270270270316,1.3513513513513473,1.3513513513513544,0.6756756756756772,1.3513513513513473,0.6756756756756772
2971,DIE LINKE,1000,19,1.0,1.0,3.0820293978188715,1.0,0.0,8.333333333333334,0.2844950213371291,1.2268847795163538,4.854196301564727,1.689189189189186,4.107396870554766,6.330014224751068,1.689189189189193,4.729729729729726,12.162162162162161,1.0135135135135087,14.189189189189193,16.216216216216218
4151,Die Grünen,1000,19,1.0,1.0,2.272996680891417,1.0,1.0,3.3783783783783803,3.0761024182076824,3.94736842105263,2.5960170697012757,0.37339971550497353,0.8357041251778128,2.809388335704128,1.6891891891892001,0.6756756756756772,5.067567567567565,0.6756756756756772,6.081081081081081,6.081081081081081
3572,CDU,1000,19,1.0,0.0,3.09388335704125,1.0,1.0,1.4076576576576596,3.7517780938833525,4.2496443812233196,1.6714082503556256,1.7247510668563208,2.6493598862019923,4.516358463726888,1.0135135135135158,1.3513513513513615,0.3378378378378244,3.0405405405405475,1.3513513513513544,1.3513513513513544
4335,CDU,1000,19,0.0,1.0,5.408368895210999,1.0,1.0,1.126126126126125,7.254623044096725,7.254623044096725,0.4800853485063925,3.9118065433855023,11.859886201991465,1.689189189189186,0.3378378378378315,1.3513513513513544,0.3378378378378457,2.364864864864856,2.364864864864863,0.0
4449,bunt.saar,1000,19,0.0,1.0,2.6760312944523483,1.0,1.0,2.2522522522522492,2.6671408250355597,4.338549075391185,3.165007112375534,0.8357041251778057,5.032005689900423,0.017780938833581672,4.391891891891895,1.3513513513513402,0.6756756756756772,4.729729729729726,0.3378378378378386,2.0270270270270174
3138,CDU,1000,19,1.0,1.0,3.0138691322901843,1.0,1.0,4.448198198198195,7.076813655761022,0.8001422475106708,0.8534850640113874,6.347795163584628,0.6401137980085352,2.364864864864863,4.391891891891888,4.729729729729726,5.4054054054054035,3.0405405405405332,3.7162162162162176,5.4054054054054035
3660,FDP,1000,19,1.0,1.0,3.3042911332385074,1.0,1.0,1.069819819819821,5.938833570412527,0.12446657183499354,1.191322901849226,3.7339971550497992,7.894736842105267,0.9423897581792318,1.0135135135135158,2.0270270270270316,1.0135135135135158,0.0,1.0135135135135087,1.3513513513513544
3908,FDP,1000,19,1.0,1.0,3.200568990042676,1.0,1.0,4.72972972972973,0.16002844950213557,3.9651493598862118,6.13442389758179,4.285206258890469,3.911806543385495,0.7467994310099542,8.445945945945944,7.432432432432435,0.3378378378378457,5.743243243243242,2.7027027027026946,3.7162162162162176
1874,Die Grünen,1000,19,1.0,1.0,5.313537221431954,1.0,1.0,1.1824324324324316,5.2631578947368425,1.9914651493598896,5.156472261735402,4.836415362731152,8.85490753911806,5.778805120910377,0.6756756756756772,1.689189189189193,1.3513513513513402,1.689189189189186,0.3378378378378386,1.3513513513513544
5058,FDP,1000,19,0.0,0.0,3.0197961119013725,1.0,0.0,4.054054054054052,1.1557610241820697,2.86273115220483,0.7645803698435216,5.832147937411094,6.845661450924609,0.6578947368421098,0.0,2.7027027027027017,6.756756756756751,2.0270270270270174,9.797297297297298,3.0405405405405403
4761,FDP,1000,19,1.0,1.0,4.270388809862493,1.0,1.0,1.520270270270269,7.841394025604551,0.21337126600283796,4.67638691322901,0.017780938833574567,9.921763869132299,2.951635846372689,0.3378378378378457,2.0270270270270174,2.0270270270270174,0.3378378378378315,2.702702702702709,1.689189189189193
319,bunt.saar,1000,19,1.0,1.0,4.071834992887619,1.0,1.0,0.8445945945945953,2.5426742532005733,0.40896159317210845,8.534850640113788,2.4537695590327075,8.303698435277383,2.187055476529153,0.6756756756756772,0.0,0.6756756756756701,0.3378378378378386,2.7027027027026946,0.6756756756756914
1615,FDP,1000,19,1.0,1.0,2.516002844950215,1.0,1.0,2.0270270270270268,0.1955903271692847,3.200568990042669,0.12446657183500065,5.103129445234707,4.107396870554766,2.364864864864863,3.0405405405405403,3.0405405405405332,1.0135135135135087,3.0405405405405475,1.0135135135135158,1.0135135135135158
1524,Die Grünen,1000,19,1.0,0.0,8.318515884305357,0.0,0.0,9.009009009009011,3.5384068278805074,4.054054054054063,7.361308677098151,6.152204836415358,22.510668563300136,6.294452347083933,5.405405405405411,4.391891891891902,12.5,7.770270270270267,15.540540540540533,8.445945945945951
1722,bunt.saar,1000,19,1.0,1.0,5.793622569938361,1.0,1.0,1.8581081081081052,3.02275960170698,4.960881934566139,5.707681365576114,2.7382645803698367,11.468705547652924,6.863442389758177,2.0270270270270245,2.364864864864863,2.0270270270270174,1.689189189189186,2.364864864864863,0.6756756756756772
4012,Die Grünen,1000,19,1.0,1.0,2.741228070175442,1.0,1.0,1.9707207207207216,1.6002844950213486,5.5476529160739645,0.35561877667140607,1.1379800853485094,5.26315789473685,2.5426742532005733,2.364864864864863,2.702702702702709,2.0270270270270245,2.364864864864863,0.3378378378378386,2.0270270270270316
3402,bunt.saar,1000,19,1.0,1.0,4.913466097676621,1.0,1.0,1.5202702702702702,7.46799431009957,1.3513513513513473,4.000711237553347,5.992176386913222,8.872688477951627,1.795874822190612,1.3513513513513473,0.6756756756756843,2.3648648648648702,3.378378378378372,0.6756756756756701,0.6756756756756772
1759,SPD,1000,19,0.0,1.0,4.43634423897582,0.0,1.0,1.5765765765765778,8.694879089615931,3.6095305832147915,3.556187766714082,4.765291607396875,5.707681365576114,0.284495021337122,1.0135135135135087,1.689189189189186,0.6756756756756843,1.689189189189193,3.378378378378393,1.0135135135135016
645,SPD,1000,19,1.0,0.0,3.8021574205784723,1.0,0.0,4.4481981981982015,5.156472261735409,0.6578947368421026,1.8136557610241795,8.517069701280235,3.307254623044102,3.3605974395448044,1.689189189189186,7.770270270270274,4.7297297297297405,6.081081081081088,4.054054054054049,2.3648648648648702
4376,SPD,1000,19,1.0,0.0,2.812351825509721,1.0,1.0,2.4211711711711708,2.6493598862019923,4.107396870554773,4.480796586059739,0.8357041251778057,0.6223328591749677,4.17852062588905,1.0135135135135158,1.3513513513513473,3.378378378378379,1.3513513513513473,3.378378378378379,4.054054054054056
2485,CDU,1000,19,1.0,0.0,3.4287577050734925,1.0,0.0,3.0968468468468444,2.6137980085348573,0.21337126600283796,2.9694167852062563,0.35561877667140607,10.633001422475104,3.7873399715504945,5.067567567567565,1.3513513513513473,3.0405405405405332,7.770270270270274,0.3378378378378386,1.0135135135135087
587,FDP,1000,19,0.0,1.0,1.5024893314366974,1.0,1.0,2.984234234234234,2.3826458036984377,1.902560455192031,1.1201991465149312,2.2403982930298625,0.6223328591749677,0.7467994310099542,3.7162162162162176,3.0405405405405403,0.0,6.081081081081081,2.0270270270270245,3.0405405405405403
1090,CDU,1000,19,1.0,0.0,2.557491702228544,1.0,1.0,1.970720720720718,0.9779516358463738,0.8357041251778057,1.8136557610241795,5.565433854907539,5.067567567567565,1.0846372688477999,1.689189189189186,2.7027027027027017,2.7027027027026946,1.0135135135135087,2.0270270270270316,1.689189189189186
3295,SPD,1000,19,0.0,0.0,4.89864864864865,1.0,0.0,3.2094594594594597,0.21337126600283796,3.022759601706973,4.925320056899011,2.809388335704128,10.046230440967292,8.37482219061166,3.378378378378386,3.7162162162162176,0.0,3.7162162162162176,4.729729729729726,3.7162162162162105
4592,Die Grünen,1000,19,1.0,0.0,4.39189189189189,1.0,0.0,1.745495495495496,6.276671408250358,6.1877667140825,1.8847795163584777,1.1557610241820626,7.930298719772395,2.916073968705547,1.3513513513513473,0.6756756756756701,0.3378378378378386,0.3378378378378457,5.067567567567565,2.702702702702709
757,bunt.saar,1000,19,0.0,0.0,3.1768610715979193,1.0,0.0,1.6891891891891835,0.5156472261735487,7.165718349928888,0.6223328591749677,2.0270270270270316,7.112375533428171,1.618065433854909,3.0405405405405332,0.3378378378378244,1.689189189189186,3.0405405405405332,0.3378378378378386,1.689189189189186
3192,bunt.saar,1000,19,0.0,0.0,6.374466571834991,1.0,0.0,2.1959459459459487,3.342816500711244,3.378378378378372,7.219061166429583,4.747510668563294,12.802275960170697,6.756756756756758,1.689189189189186,0.6756756756756914,1.689189189189193,1.689189189189186,3.7162162162162105,3.7162162162162247
4813,CDU,1000,19,1.0,1.0,3.4080132764343305,1.0,1.0,4.898648648648649,0.017780938833574567,0.6578947368421026,6.472261735419636,5.600995732574688,3.236130867709811,4.463015647226172,0.3378378378378315,7.0945945945945965,4.391891891891888,4.391891891891895,5.405405405405411,7.770270270270274
612,CDU,1000,19,1.0,0.0,2.5219298245614055,1.0,0.0,2.421171171171173,3.2539118065433925,3.3961593172119535,0.7823613086770962,6.454480796586061,0.5156472261735487,0.7290184921763796,3.378378378378379,0.3378378378378386,1.0135135135135158,9.121621621621621,0.6756756756756843,0.0
2756,FDP,1000,19,1.0,1.0,2.361901375059271,1.0,1.0,1.5765765765765742,3.591749644381224,0.8001422475106708,1.333570412517787,6.490042674253203,0.3022759601706895,1.653627311522051,0.3378378378378315,3.378378378378372,1.0135135135135158,2.0270270270270316,2.0270270270270174,0.6756756756756772
2671,FDP,1000,19,0.0,0.0,4.0629445234708355,0.0,1.0,2.1396396396396398,2.00924608819345,4.587482219061165,3.3250355618776624,7.361308677098144,6.063300142247513,1.0312944523470762,2.702702702702716,3.7162162162162176,3.378378378378379,0.675675675675663,0.0,2.364864864864863
3948,CDU,1000,19,0.0,0.0,2.880512091038413,1.0,1.0,1.4639639639639614,3.2183499288762576,3.165007112375541,3.627311522048366,2.489331436699864,2.8271692745377024,1.9559032716927476,3.0405405405405332,0.6756756756756701,1.0135135135135158,2.364864864864863,0.0,1.689189189189186
3611,FDP,1000,19,0.0,0.0,1.9647937411095313,0.0,0.0,3.7162162162162176,1.1735419630156443,0.9423897581792318,2.8271692745377024,5.885490753911803,0.3911806543385552,0.5689900426742511,3.7162162162162176,1.0135135135135087,3.7162162162162176,3.378378378378379,4.7297297297297405,5.743243243243242
2371,FDP,1000,19,1.0,1.0,3.9799668089141753,0.0,1.0,2.3085585585585577,2.6315789473684177,3.378378378378379,5.88549075391181,4.018492176386907,1.689189189189186,6.276671408250351,2.0270270270270316,2.0270270270270245,2.7027027027026946,4.054054054054042,2.0270270270270316,1.013513513513523
2695,bunt.saar,1000,19,1.0,1.0,1.6210289236605,1.0,0.0,3.7162162162162153,5.654338549075398,0.284495021337122,0.5512091038406766,0.03556187766713492,2.1337126600284506,1.0668563300142182,4.391891891891888,2.3648648648648702,3.7162162162162105,5.4054054054054035,2.364864864864856,4.054054054054063
3258,SPD,1000,19,0.0,0.0,5.633594120436226,0.0,0.0,3.547297297297297,1.191322901849226,0.2844950213371291,13.122332859174968,0.8001422475106708,9.619487908961581,8.783783783783782,3.7162162162162176,0.0,5.405405405405411,2.364864864864863,5.067567567567565,4.729729729729726
3447,FDP,1000,19,1.0,1.0,2.2433617828354664,1.0,1.0,1.4076576576576574,0.1422475106685539,1.2802275960170704,3.94736842105263,3.662873399715508,4.160739687055475,0.26671408250356166,1.3513513513513544,1.0135135135135087,2.364864864864863,0.0,2.0270270270270316,1.689189189189186
1716,CDU,1000,19,1.0,0.0,3.1768610715979193,1.0,0.0,3.6036036036036045,3.022759601706973,7.770270270270274,0.5867709815078399,3.5739687055476637,3.342816500711244,0.7645803698435216,1.689189189189193,0.6756756756756701,6.756756756756765,1.689189189189193,5.4054054054054035,5.4054054054054035
1041,CDU,1000,19,1.0,0.0,5.58321479374111,1.0,0.0,2.8716216216216233,4.747510668563301,0.8890469416785152,1.760312944523477,9.548364153627304,9.530583214793744,7.02347083926032,3.0405405405405332,1.013513513513523,0.3378378378378386,0.6756756756756772,7.432432432432435,4.729729729729733
3482,FDP,1000,19,1.0,0.0,5.568397344713136,1.0,1.0,1.351351351351352,6.081081081081088,5.067567567567565,8.17923186344239,9.708392603129454,3.662873399715501,0.7112375533428192,1.0135135135135087,2.3648648648648702,1.3513513513513544,0.6756756756756772,1.0135135135135087,1.689189189189193
231,SPD,1000,19,1.0,1.0,2.2433617828354735,1.0,1.0,2.646396396396394,2.560455192034155,0.23115220483641252,1.5291607396870575,1.475817923186355,1.6002844950213486,6.063300142247513,2.0270270270270174,6.418918918918912,3.7162162162162176,1.689189189189186,1.3513513513513473,0.6756756756756843
595,bunt.saar,1000,19,0.0,1.0,3.2657657657657624,0.0,0.0,4.279279279279276,1.3335704125177799,0.6401137980085352,5.867709815078236,0.8712660028449548,7.183499288762434,3.698435277382636,1.0135135135135158,0.3378378378378386,5.067567567567565,5.067567567567565,6.418918918918912,7.7702702702702595
2329,bunt.saar,1000,19,1.0,1.0,3.73992413466098,1.0,1.0,6.362612612612613,0.07112375533427695,0.1422475106685539,5.761024182076824,3.556187766714089,8.997155049786642,3.911806543385495,6.081081081081081,0.3378378378378386,7.770270270270274,7.0945945945945965,7.0945945945945965,9.797297297297291
2064,bunt.saar,1000,19,1.0,0.0,6.190730203888097,1.0,1.0,1.4639639639639686,1.9559032716927405,0.40896159317210845,10.50853485064011,3.7162162162162176,13.30014224751067,7.254623044096732,2.364864864864863,1.3513513513513686,3.378378378378386,0.6756756756756772,0.3378378378378386,0.6756756756756772
1079,Die Grünen,1000,19,1.0,1.0,5.855855855855854,1.0,1.0,1.8018018018018023,0.7645803698435216,3.6450924608819264,4.214082503556185,8.623755334281654,9.76173541963015,8.125889046941687,1.689189189189186,0.0,4.7297297297297405,0.0,1.689189189189193,2.7027027027026946
1278,CDU,1000,19,1.0,0.0,3.399122807017541,1.0,0.0,3.153153153153158,0.03556187766713492,0.6934566145092447,7.450213371266003,0.4800853485063925,6.418918918918912,5.316500711237559,1.0135135135135087,8.445945945945958,1.6891891891892001,1.0135135135135158,1.3513513513513615,5.4054054054054035
4212,CDU,1000,19,1.0,1.0,2.827169274537694,0.0,1.0,2.8716216216216224,0.6223328591749677,2.578236130867701,5.138691322901842,1.866998577524896,3.5384068278805074,3.2183499288762505,2.0270270270270245,2.702702702702709,2.364864864864863,5.743243243243249,2.0270270270270245,2.364864864864863
4796,Die Grünen,1000,19,1.0,0.0,4.528212422949266,1.0,0.0,1.914414414414414,6.54338549075392,1.191322901849226,2.400426742531998,4.17852062588905,8.534850640113788,4.320768136557611,0.0,3.7162162162162176,1.3513513513513402,1.0135135135135087,1.689189189189193,3.7162162162162247
543,FDP,1000,19,1.0,0.0,3.049431009957322,1.0,1.0,2.3085585585585604,1.2268847795163538,3.485064011379805,1.1557610241820626,1.724751066856328,9.192745376955898,1.511379800853483,2.3648648648648702,1.689189189189186,1.013513513513523,5.067567567567572,3.378378378378372,0.3378378378378386
1161,CDU,1000,19,1.0,1.0,1.3987671882408748,0.0,0.0,3.7162162162162162,0.9068278805120968,3.058321479374115,1.3691322901849219,1.973684210526315,0.9246088193456643,0.16002844950213557,1.01351351351353,1.689189189189186,7.0945945945945965,5.743243243243242,6.081081081081074,0.6756756756756701
4583,FDP,1000,19,1.0,1.0,5.621740161213844,1.0,1.0,0.8445945945945965,9.281650071123742,1.369132290184929,0.5512091038406837,9.334992887624459,12.393314366998581,0.8001422475106708,0.0,1.3513513513513544,1.3513513513513544,0.0,0.6756756756756843,1.689189189189186
1743,FDP,1000,19,1.0,1.0,3.7488146040777592,1.0,1.0,3.2094594594594583,5.209815078236119,4.42745376955903,0.9068278805120897,8.694879089615938,1.0312944523470762,2.222617354196302,1.013513513513523,0.6756756756756701,4.729729729729726,5.743243243243242,2.364864864864863,4.729729729729726
3365,bunt.saar,1000,19,1.0,0.0,3.582859174964439,1.0,1.0,1.0135135135135112,6.009957325746804,1.51137980085349,4.783072546230443,1.0490753911806507,5.476529160739673,2.667140825035574,0.3378378378378386,1.0135135135135158,1.6891891891891788,1.0135135135135158,0.675675675675663,1.3513513513513544
887,CDU,1000,19,1.0,1.0,2.8182788051209093,1.0,1.0,3.322072072072069,2.951635846372696,0.49786628733995997,1.0490753911806507,5.778805120910384,1.902560455192031,4.729729729729733,0.3378378378378386,4.391891891891881,4.729729729729733,1.0135135135135087,3.7162162162162105,5.743243243243242
4901,bunt.saar,1000,19,0.0,0.0,2.7738264580369822,0.0,1.0,1.745495495495491,2.3470839260312957,2.187055476529153,6.756756756756758,0.6756756756756772,0.5156472261735416,4.160739687055468,1.0135135135135087,1.3513513513513402,1.6891891891891788,0.0,3.7162162162162105,2.702702702702709
2200,bunt.saar,1000,19,1.0,0.0,5.915125651967757,1.0,1.0,0.7882882882882901,1.9203413940255984,0.10668563300143319,9.566145092460886,7.699146514935983,11.397581792318633,4.80085348506401,1.3513513513513544,1.0135135135135016,0.6756756756756772,0.3378378378378386,0.6756756756756914,0.6756756756756772
2349,CDU,1000,19,1.0,1.0,4.483760075865338,1.0,1.0,5.686936936936941,2.880512091038412,3.840682788051211,1.1735419630156443,4.996443812233288,7.912517780938828,6.098862019914648,1.3513513513513686,6.081081081081074,5.743243243243242,1.013513513513523,8.108108108108112,11.824324324324323
309,DIE LINKE,1000,19,1.0,1.0,4.175557136083454,1.0,1.0,1.5765765765765767,3.4317211948790884,1.1201991465149348,5.583214793741114,1.404694167852064,8.197012802275957,5.316500711237566,0.3378378378378386,3.0405405405405332,0.6756756756756701,0.6756756756756772,2.702702702702709,2.0270270270270316
3305,FDP,1000,19,1.0,1.0,3.92366050260787,1.0,0.0,1.0698198198198174,6.561166429587473,0.3911806543385481,4.17852062588905,6.401137980085345,2.0270270270270316,3.982930298719772,1.3513513513513544,0.3378378378378315,1.3513513513513473,1.0135135135135158,2.0270270270270174,0.3378378378378386
4502,Die Grünen,1000,19,1.0,1.0,4.113323850165952,1.0,1.0,3.434684684684681,2.435988620199147,5.334281650071112,4.498577524893307,4.000711237553347,6.650071123755325,1.760312944523477,3.378378378378379,3.378378378378372,3.7162162162162105,6.418918918918926,3.378378378378372,0.3378378378378244
1773,SPD,1000,19,0.0,0.0,4.966808914177336,1.0,1.0,1.9707207207207251,3.0761024182076824,0.9068278805120897,6.365576102418217,5.7254623044096675,5.067567567567565,8.659317211948796,4.391891891891895,2.0270270270270316,1.01351351351353,1.0135135135135087,0.0,3.378378378378386
3197,bunt.saar,1000,19,0.0,0.0,5.977358937885259,1.0,0.0,2.6463963963963955,1.6002844950213486,1.1735419630156514,7.112375533428171,6.009957325746797,12.695590327169285,7.2724039829302995,4.054054054054056,0.0,1.0135135135135158,3.7162162162162176,3.0405405405405332,4.054054054054049
3042,FDP,1000,19,1.0,0.0,3.2657657657657624,1.0,1.0,1.2950450450450457,6.952347083926043,1.973684210526315,1.4935988620199083,5.352062588904687,3.520625889046933,0.3022759601706895,0.3378378378378386,4.391891891891895,1.3513513513513473,0.3378378378378386,1.0135135135135087,0.3378378378378457
3221,bunt.saar,1000,19,1.0,0.0,5.366880037932668,1.0,1.0,1.3513513513513509,1.9559032716927405,7.894736842105267,4.071834992887624,1.0668563300142253,12.997866287339967,4.214082503556185,0.3378378378378315,0.6756756756756772,0.0,1.3513513513513544,3.378378378378386,2.364864864864856
2252,FDP,1000,19,0.0,0.0,5.275011853959221,1.0,1.0,3.547297297297297,4.836415362731152,3.5384068278805074,0.8357041251778057,7.485775248933145,12.517780938833567,2.435988620199147,3.378378378378379,4.054054054054049,3.0405405405405475,3.7162162162162176,4.391891891891895,2.7027027027026946
1709,bunt.saar,1000,19,0.0,1.0,2.0388809862494064,0.0,1.0,5.743243243243246,3.307254623044095,0.1422475106685539,1.9559032716927476,3.911806543385495,2.7916073968705533,0.12446657183499354,8.108108108108112,4.391891891891895,7.770270270270274,1.689189189189186,7.770270270270281,4.729729729729726
2859,CDU,1000,19,1.0,1.0,2.1011142721669054,1.0,1.0,1.9707207207207216,1.7247510668563208,1.1379800853485094,1.6002844950213415,3.342816500711244,1.902560455192038,2.8982930298719793,2.702702702702709,3.0405405405405475,0.6756756756756701,3.0405405405405332,1.6891891891892001,0.6756756756756701
4050,FDP,1000,19,1.0,0.0,6.872332859174964,1.0,0.0,1.745495495495497,4.160739687055475,4.338549075391185,7.2724039829302995,5.992176386913229,5.334281650071119,14.135846372688476,1.3513513513513544,3.0405405405405332,1.013513513513523,4.391891891891888,0.3378378378378457,0.3378378378378386
581,CDU,1000,19,1.0,1.0,3.2153864390706466,0.0,1.0,2.815315315315322,2.5960170697012828,4.285206258890469,2.933854907539107,1.973684210526315,2.578236130867701,4.925320056899004,2.702702702702716,0.6756756756756772,1.3513513513513615,7.0945945945945965,2.702702702702709,2.3648648648648702
3411,bunt.saar,1000,19,1.0,0.0,5.029042200094831,1.0,0.0,2.2522522522522537,7.5924608819345565,1.5825035561877598,9.992887624466576,1.1735419630156443,9.637268847795163,0.1955903271692847,1.689189189189186,4.391891891891902,2.0270270270270316,1.689189189189193,3.378378378378372,0.3378378378378386
488,FDP,1000,19,0.0,0.0,4.217045993361783,0.0,1.0,2.421171171171173,3.1294452347083777,1.191322901849226,2.3470839260312886,12.42887624466573,1.76031294452347,4.445234708392604,2.702702702702709,2.0270270270270316,2.0270270270270245,2.3648648648648702,1.689189189189186,3.7162162162162176
1519,FDP,1000,19,1.0,1.0,3.4317211948790898,1.0,1.0,8.502252252252251,1.404694167852064,3.7517780938833525,5.600995732574681,1.226884779516368,6.970128022759596,1.6358463726884764,5.067567567567565,12.837837837837839,10.810810810810814,3.0405405405405332,7.432432432432435,11.824324324324323
4435,bunt.saar,1000,19,1.0,1.0,2.190018966334756,1.0,1.0,1.295045045045048,0.16002844950213557,1.2802275960170775,0.21337126600283796,2.880512091038412,8.517069701280235,0.0889046941678373,1.689189189189186,2.0270270270270245,1.01351351351353,0.3378378378378457,2.0270270270270245,0.6756756756756772
3741,bunt.saar,1000,19,0.0,0.0,3.834755808440022,1.0,1.0,2.3085585585585604,1.0312944523470833,2.560455192034155,1.1913229018492189,6.258890469416791,6.401137980085345,5.565433854907539,1.3513513513513544,3.7162162162162247,4.054054054054049,1.0135135135135087,3.0405405405405475,0.6756756756756772
3796,DIE LINKE,1000,19,1.0,1.0,3.5858226647700326,1.0,1.0,2.702702702702704,5.814366998577526,2.1692745376955855,3.8940256045519206,4.800853485064017,4.19630156472261,0.6401137980085352,0.3378378378378386,0.6756756756756772,3.378378378378379,2.702702702702709,3.7162162162162176,5.4054054054054035
4763,FDP,1000,19,0.0,1.0,6.356685633001419,0.0,1.0,2.1396396396396398,2.2403982930298625,5.95661450924608,2.3826458036984377,7.841394025604551,11.84210526315789,7.876955903271693,1.013513513513523,1.689189189189193,0.3378378378378386,2.7027027027026946,4.054054054054049,3.0405405405405403
4475,bunt.saar,1000,19,1.0,0.0,5.194997629208153,0.0,1.0,1.6328828828828819,3.6806543385490826,2.578236130867701,10.348506401137975,0.12446657183499354,7.2012802275960155,7.23684210526315,1.0135135135135087,3.7162162162162247,0.6756756756756772,1.0135135135135087,0.0,3.378378378378372
2686,SPD,1000,19,1.0,1.0,4.6674964438122295,1.0,0.0,2.533783783783781,4.19630156472261,6.294452347083926,7.307965860597427,1.5291607396870575,3.449502133712656,5.2275960170697005,2.364864864864863,3.0405405405405403,3.0405405405405332,3.0405405405405403,1.6891891891891788,2.0270270270270316
1279,bunt.saar,1000,19,0.0,1.0,4.211119013750593,0.0,1.0,5.1238738738738725,0.5334281650071091,2.9338549075391214,1.795874822190612,3.022759601706973,9.886201991465143,7.0945945945945965,7.432432432432428,1.3513513513513473,4.729729729729726,4.391891891891895,5.743243243243242,7.0945945945945965
3314,DIE LINKE,1000,19,1.0,1.0,6.7656472261735425,1.0,1.0,1.6328828828828783,6.703413940256041,4.391891891891902,12.108819345661445,6.205547652916081,4.089615931721191,7.0945945945945965,2.364864864864856,1.0135135135135016,0.6756756756756843,2.0270270270270316,1.0135135135135016,2.7027027027026946
4032,Die Grünen,1000,19,1.0,0.0,6.8990042674253145,1.0,0.0,2.139639639639642,0.26671408250354744,7.5924608819345565,9.566145092460879,1.9203413940255984,11.450924608819342,10.597439544807962,3.7162162162162176,2.0270270270270316,2.0270270270270245,1.3513513513513473,2.0270270270270316,1.6891891891892001
4377,bunt.saar,1000,19,0.0,0.0,6.9464201043148455,0.0,0.0,1.8581081081081063,2.7382645803698438,3.6806543385490826,11.006401137980092,1.618065433854909,13.264580369843529,9.370554765291615,0.6756756756756701,0.3378378378378244,2.702702702702709,0.0,3.7162162162162247,3.7162162162162105
4912,SPD,1000,19,0.0,1.0,6.804172593646278,0.0,1.0,2.590090090090088,9.743954480796589,7.147937411095306,8.60597439544808,3.627311522048366,8.97937411095306,2.720483641536269,1.0135135135135087,0.6756756756756772,3.7162162162162176,3.0405405405405403,4.391891891891888,2.7027027027026946
4670,SPD,1000,19,0.0,0.0,6.27963489805595,1.0,0.0,3.547297297297296,4.391891891891895,14.295874822190612,5.03200568990043,1.1557610241820626,8.143669985775247,4.658605974395456,5.067567567567565,2.0270270270270245,3.378378378378379,3.378378378378372,2.0270270270270316,5.4054054054054035
786,DIE LINKE,1000,19,1.0,1.0,2.530820293978189,1.0,0.0,3.153153153153152,0.46230440967283215,3.7162162162162105,1.3157894736842124,0.8357041251778057,4.9075391180654435,3.94736842105263,4.054054054054056,3.378378378378372,1.689189189189186,3.378378378378372,2.3648648648648702,4.054054054054056
1353,FDP,1000,19,1.0,0.0,3.010905642484586,1.0,0.0,1.9144144144144153,4.605263157894733,0.5334281650071091,4.089615931721191,3.6095305832147915,4.551920341394016,0.6756756756756772,2.0270270270270316,0.3378378378378386,2.7027027027027017,0.3378378378378386,2.364864864864863,3.7162162162162176
1711,FDP,1000,19,0.0,1.0,8.528923660502608,1.0,1.0,2.1396396396396398,2.00924608819345,7.699146514935983,9.63726884779517,8.054765291607396,10.810810810810814,12.962304409672832,1.013513513513523,2.364864864864863,2.3648648648648702,2.364864864864856,2.364864864864863,2.364864864864863
4232,FDP,1000,19,1.0,1.0,2.5100758653390245,1.0,0.0,2.027027027027026,4.338549075391185,2.0270270270270316,0.12446657183499354,0.9068278805120968,6.294452347083919,1.3691322901849219,2.364864864864856,1.3513513513513473,2.7027027027026946,4.391891891891902,1.0135135135135087,0.3378378378378457
41,Die Grünen,1000,19,1.0,1.0,5.408368895210995,0.0,1.0,3.603603603603601,5.743243243243242,4.960881934566139,3.840682788051197,3.2894736842105274,9.548364153627304,5.067567567567565,0.6756756756756701,0.0,7.432432432432428,4.729729729729726,5.067567567567565,3.7162162162162176
1114,bunt.saar,1000,19,1.0,1.0,5.870673304883831,1.0,0.0,2.0833333333333335,4.67638691322901,7.0945945945945965,7.556899004267422,3.3250355618776624,8.837126600284492,3.7339971550498063,1.3513513513513615,0.0,3.0405405405405332,0.6756756756756701,5.4054054054054035,2.0270270270270316
1574,Die Grünen,1000,19,1.0,1.0,6.3329777145566615,1.0,1.0,1.2387387387387416,1.866998577524896,6.205547652916081,7.467994310099577,6.650071123755332,9.014935988620195,6.792318634423886,0.3378378378378386,0.3378378378378457,1.6891891891891788,0.6756756756756701,2.702702702702709,1.6891891891892072
1247,FDP,1000,19,0.0,1.0,2.56638217164533,1.0,1.0,1.8018018018018012,2.916073968705547,1.5825035561877598,1.5291607396870575,5.1209103840682815,2.0981507823613086,2.151493598862025,0.6756756756756772,2.364864864864856,4.054054054054056,1.0135135135135158,2.0270270270270245,0.6756756756756772
4522,SPD,1000,19,1.0,1.0,6.531531531531535,0.0,1.0,3.547297297297296,5.974395448079662,12.9800853485064,3.9118065433855023,1.653627311522051,10.384068278805131,4.285206258890469,5.743243243243242,3.378378378378372,3.378378378378379,3.0405405405405403,5.067567567567565,0.6756756756756772
3379,FDP,1000,19,0.0,1.0,6.1729492650545295,0.0,1.0,1.463963963963965,2.3648648648648702,6.098862019914655,8.392603129445227,6.205547652916081,7.361308677098151,6.61450924608819,3.7162162162162176,0.3378378378378457,0.3378378378378244,2.3648648648648702,1.3513513513513615,0.6756756756756701
1530,Die Grünen,1000,19,0.0,0.0,5.20092460881935,0.0,1.0,4.673423423423423,4.285206258890469,3.1472261735419664,6.045519203413946,3.129445234708392,10.864153627311524,3.7339971550498063,3.7162162162162176,1.0135135135135016,7.432432432432421,2.0270270270270316,7.432432432432435,6.4189189189189335
1257,CDU,1000,19,1.0,1.0,2.2077999051683306,1.0,1.0,4.8423423423423415,1.8847795163584777,3.3961593172119535,1.76031294452347,2.2403982930298696,3.1827880512091085,0.7823613086771033,0.6756756756756772,4.391891891891888,9.121621621621621,0.6756756756756772,5.405405405405396,8.78378378378379
2922,FDP,1000,19,1.0,1.0,2.951635846372689,0.0,1.0,1.9707207207207194,1.618065433854909,6.116642958748223,3.9651493598862046,1.973684210526315,4.000711237553347,0.03556187766713492,4.054054054054042,1.013513513513523,1.0135135135135087,1.689189189189193,2.364864864864863,1.689189189189186
354,CDU,1000,19,1.0,0.0,4.211119013750594,1.0,1.0,1.1824324324324316,1.653627311522051,2.560455192034155,4.445234708392597,7.894736842105267,8.623755334281647,0.08890469416784441,2.7027027027026946,1.3513513513513473,0.0,1.3513513513513473,1.3513513513513615,0.3378378378378386
2110,CDU,1000,19,1.0,1.0,3.9799668089141775,1.0,1.0,2.8716216216216224,0.017780938833574567,7.325746799431009,8.339260312944525,0.9246088193456643,0.21337126600283796,7.0590327169274545,3.378378378378386,1.0135135135135087,1.3513513513513544,5.067567567567565,0.6756756756756772,5.743243243243242
3425,FDP,1000,19,0.0,1.0,4.483760075865337,1.0,1.0,1.0698198198198205,1.9559032716927405,2.151493598862025,1.440256045519206,10.686344238975813,4.551920341394016,6.116642958748223,1.3513513513513544,1.0135135135135087,0.3378378378378386,1.689189189189193,1.3513513513513544,0.6756756756756737
1113,bunt.saar,1000,19,1.0,0.0,4.661569464201038,1.0,1.0,1.7454954954955018,1.3691322901849219,0.0889046941678373,7.876955903271693,3.1472261735419664,9.42389758179231,6.063300142247499,0.6756756756756843,0.6756756756756914,2.702702702702709,2.0270270270270245,2.702702702702709,1.689189189189193
687,bunt.saar,1000,19,1.0,1.0,3.1709340919867266,1.0,1.0,3.209459459459462,7.716927453769557,3.2183499288762505,0.8890469416785294,2.0270270270270316,4.658605974395449,0.5156472261735416,0.6756756756756772,3.378378378378386,5.405405405405418,2.0270270270270316,3.0405405405405332,4.729729729729726
334,CDU,1000,19,1.0,1.0,3.3309625414888573,1.0,1.0,3.3783783783783767,2.951635846372696,2.7027027027026946,1.1735419630156443,7.254623044096725,1.795874822190612,4.107396870554773,1.689189189189193,6.081081081081088,4.729729729729726,0.0,3.7162162162162105,4.054054054054042
4481,bunt.saar,1000,19,1.0,1.0,5.032005689900426,1.0,1.0,3.1531531531531507,8.392603129445227,5.636557610241823,3.342816500711244,5.921052631578952,4.498577524893314,2.400426742531998,2.7027027027026946,1.3513513513513544,3.0405405405405332,3.0405405405405403,4.391891891891895,4.391891891891888
107,SPD,1000,19,1.0,1.0,5.781768610715976,1.0,1.0,2.195945945945951,3.4672830725462234,5.156472261735409,8.997155049786635,4.356330014224753,2.00924608819345,10.704125177809388,1.689189189189186,1.689189189189186,1.6891891891892072,2.0270270270270316,2.0270270270270316,4.054054054054063
1322,SPD,1000,19,1.0,1.0,4.931247036510194,1.0,1.0,2.9279279279279287,10.259601706970138,8.108108108108105,1.0668563300142182,4.889758179231862,1.8492176386913286,3.413940256045514,2.3648648648648702,1.3513513513513544,5.067567567567565,3.7162162162162176,2.364864864864856,2.702702702702709
936,CDU,1000,19,1.0,0.0,7.503556187766715,1.0,0.0,3.716216216216219,0.6223328591749677,6.241109530583209,2.933854907539107,7.432432432432435,17.211948790896166,10.579658605974402,5.405405405405411,4.729729729729733,2.0270270270270316,2.7027027027026946,4.391891891891895,3.0405405405405475
3965,bunt.saar,1000,19,0.0,0.0,4.406709340919865,0.0,0.0,2.4774774774774806,0.9246088193456643,4.818634423897571,5.885490753911803,7.503556187766712,0.426742532005683,6.881223328591759,2.0270270270270316,0.6756756756756772,1.013513513513523,7.432432432432435,1.3513513513513473,2.3648648648648702
5145,bunt.saar,1000,19,1.0,0.0,3.0197961119013725,1.0,0.0,1.970720720720723,5.494310099573255,1.4935988620199083,1.9914651493598967,0.8890469416785152,6.792318634423886,1.4580369843527734,0.6756756756756772,4.391891891891888,2.364864864864856,2.0270270270270316,1.01351351351353,1.3513513513513544
2080,bunt.saar,1000,19,1.0,1.0,6.451517306780466,1.0,0.0,5.123873873873875,5.672119487908965,9.77951635846373,1.3335704125177799,5.88549075391181,12.713371266002838,3.3250355618776695,3.7162162162162176,1.689189189189193,6.081081081081081,6.081081081081088,7.094594594594589,6.081081081081081
2509,bunt.saar,1000,19,1.0,1.0,3.7369606448553854,1.0,1.0,2.984234234234235,6.330014224751068,2.6137980085348573,3.9651493598862118,2.9338549075391214,6.54338549075392,0.03556187766713492,1.689189189189186,1.689189189189193,3.0405405405405475,5.4054054054054035,4.391891891891895,1.689189189189186
4285,bunt.saar,1000,19,0.0,0.0,4.623044096728306,0.0,0.0,3.8851351351351346,6.347795163584642,6.13442389758179,1.9559032716927405,2.7382645803698367,2.5960170697012828,7.965860597439544,5.405405405405411,4.054054054054056,4.391891891891888,6.081081081081088,3.0405405405405403,0.3378378378378244
1307,bunt.saar,1000,19,1.0,0.0,8.333333333333329,1.0,0.0,7.150900900900905,0.23115220483641252,0.7467994310099471,13.780227596017063,10.117354196301562,15.433854907539114,9.690611664295872,5.743243243243249,0.6756756756756914,8.108108108108112,9.121621621621621,9.121621621621614,10.135135135135144
1670,DIE LINKE,1000,19,1.0,0.0,3.541370317686109,1.0,1.0,2.4774774774774806,3.876244665718353,0.7112375533428192,6.845661450924595,1.795874822190612,4.800853485064017,3.2183499288762576,7.094594594594611,4.054054054054063,0.6756756756756843,0.6756756756756772,2.0270270270270245,0.3378378378378244
2323,FDP,1000,19,0.0,1.0,4.220009483167377,1.0,1.0,2.984234234234235,3.3250355618776624,4.249644381223341,4.729729729729726,0.03556187766713492,6.36557610241821,6.61450924608819,5.743243243243249,4.391891891891895,1.0135135135135087,3.7162162162162176,1.3513513513513544,1.689189189189186
3319,bunt.saar,1000,19,0.0,0.0,5.523944997629209,0.0,0.0,6.193693693693697,1.1735419630156443,2.6137980085348573,7.699146514935983,2.258179231863444,11.575391180654336,7.82361308677099,5.067567567567565,0.6756756756756772,7.432432432432435,4.054054054054056,9.459459459459467,10.472972972972983
3724,DIE LINKE,1000,19,0.0,1.0,3.025723091512564,0.0,1.0,4.222972972972971,4.818634423897571,0.10668563300142608,2.7916073968705533,1.866998577524896,7.46799431009957,1.1024182076813673,9.121621621621614,1.0135135135135158,3.7162162162162176,9.459459459459453,0.3378378378378386,1.689189189189186
1828,FDP,1000,19,1.0,1.0,5.642484589853015,1.0,1.0,1.1824324324324305,6.863442389758184,7.076813655761022,1.973684210526315,10.259601706970138,7.02347083926032,0.6578947368421098,0.6756756756756772,1.3513513513513473,1.3513513513513473,0.3378378378378244,1.3513513513513544,2.0270270270270316
5166,bunt.saar,1000,19,0.0,0.0,2.800497866287339,0.0,1.0,3.434684684684683,2.1337126600284577,0.40896159317210845,6.827880512091042,1.3335704125177799,2.5426742532005733,3.556187766714075,4.054054054054042,1.0135135135135016,4.054054054054063,4.391891891891895,3.0405405405405475,4.054054054054049
1593,CDU,1000,19,1.0,1.0,3.010905642484586,1.0,1.0,1.1261261261261275,0.1422475106685539,0.8179231863442382,6.578947368421048,1.3513513513513473,5.245376955903275,3.9295874822190555,1.689189189189193,3.0405405405405475,0.0,1.0135135135135087,1.0135135135135158,0.0
3072,Die Grünen,1000,19,1.0,0.0,6.89307728781413,1.0,1.0,2.7027027027027017,1.404694167852064,5.6899004267425255,6.116642958748216,1.7425320056899025,17.798719772403985,8.605974395448087,1.0135135135135158,2.0270270270270174,3.0405405405405332,2.0270270270270316,6.081081081081081,2.0270270270270316
3398,Die Grünen,1000,19,1.0,0.0,5.325391180654338,1.0,0.0,4.11036036036036,2.151493598862025,3.9295874822190555,5.014224751066848,4.018492176386914,10.864153627311524,5.974395448079662,4.054054054054056,3.0405405405405403,2.364864864864856,8.445945945945944,4.391891891891895,2.3648648648648702
4073,SPD,1000,19,1.0,0.0,4.018492176386913,1.0,0.0,3.040540540540539,0.1422475106685539,6.685633001422481,4.836415362731152,6.792318634423893,0.2489331436699942,5.4054054054054035,2.7027027027027017,2.0270270270270245,2.7027027027026946,2.364864864864863,1.0135135135135158,7.432432432432435
2447,bunt.saar,1000,19,1.0,1.0,6.872332859174965,1.0,1.0,0.8445945945945965,4.818634423897578,8.339260312944532,8.392603129445234,5.600995732574681,11.16642958748222,2.916073968705547,0.6756756756756772,0.3378378378378386,0.3378378378378386,0.3378378378378386,1.689189189189193,1.689189189189193
1088,Die Grünen,1000,19,0.0,0.0,6.973091512565197,0.0,1.0,1.9144144144144175,0.4445234708392647,0.9957325746799413,14.0647226173542,3.6095305832147915,14.935988620199147,7.788051209103834,2.7027027027027017,2.702702702702709,0.3378378378378386,1.689189189189193,1.3513513513513544,2.702702702702709
3810,DIE LINKE,1000,19,1.0,1.0,1.6625177809388323,1.0,1.0,2.4211711711711708,0.26671408250354744,1.0668563300142182,0.9246088193456643,1.1379800853485094,6.13442389758179,0.4445234708392647,3.378378378378379,1.0135135135135016,3.0405405405405475,2.0270270270270245,2.0270270270270245,3.0405405405405475
5209,bunt.saar,1000,19,1.0,1.0,2.7471550497866297,0.0,1.0,6.362612612612611,2.6493598862019923,4.249644381223341,1.4758179231863409,4.356330014224753,3.3605974395447973,0.3911806543385552,4.054054054054049,5.4054054054054035,3.7162162162162247,8.783783783783782,7.432432432432421,8.783783783783782
1002,Die Grünen,1000,19,0.0,0.0,5.698790896159316,1.0,1.0,0.5630630630630667,7.788051209103841,5.2275960170697005,7.948079658605984,2.044807965860592,7.254623044096725,3.9295874822190555,0.3378378378378386,0.6756756756756843,1.013513513513523,0.6756756756756843,0.3378378378378315,0.3378378378378386
3229,FDP,1000,19,1.0,1.0,3.2954006638217153,1.0,1.0,4.6171171171171155,1.3157894736842124,2.631578947368425,3.236130867709811,0.8890469416785152,9.03271692745377,2.6671408250355597,8.108108108108105,0.6756756756756772,6.756756756756751,8.445945945945944,0.3378378378378386,3.378378378378379
1160,FDP,1000,19,1.0,1.0,4.089615931721195,1.0,1.0,2.8716216216216197,11.21977240398293,0.4978662873399671,3.6095305832147915,6.3122332859175,0.6578947368421098,2.2403982930298696,2.7027027027026946,2.0270270270270245,3.378378378378379,0.3378378378378386,6.756756756756758,2.0270270270270245
1476,FDP,1000,19,1.0,0.0,6.504860123281175,1.0,1.0,1.5202702702702726,11.753200568990046,4.374110953058327,4.80085348506401,7.912517780938828,9.139402560455189,1.0490753911806507,0.6756756756756772,0.6756756756756772,1.0135135135135158,2.702702702702709,3.0405405405405403,1.0135135135135158
1909,Die Grünen,1000,19,1.0,1.0,4.368183973447131,1.0,0.0,3.040540540540544,2.3648648648648702,5.0853485064011394,2.9694167852062634,0.9957325746799413,12.588904694167837,2.2048364153627347,2.702702702702709,0.0,3.7162162162162247,4.391891891891895,2.702702702702709,4.729729729729726
1471,CDU,1000,19,1.0,1.0,1.7336415362731177,0.0,1.0,2.59009009009009,0.21337126600283796,1.9381223328591872,1.2446657183499283,3.9651493598862118,1.0135135135135087,2.0270270270270316,1.6891891891891788,1.689189189189193,1.3513513513513473,6.756756756756758,0.0,4.054054054054063
3853,CDU,1000,19,1.0,1.0,4.377074442863912,1.0,1.0,2.5337837837837838,1.0668563300142182,2.86273115220483,7.130156472261731,0.9957325746799413,6.418918918918912,7.788051209103841,2.702702702702709,2.0270270270270316,2.7027027027027017,2.7027027027026946,1.689189189189186,3.378378378378379
3814,bunt.saar,1000,19,1.0,1.0,7.349454717875772,1.0,1.0,2.8716216216216233,2.5960170697012828,2.9871977240398238,10.668563300142253,9.743954480796582,14.135846372688476,3.9651493598862118,4.391891891891888,1.013513513513523,1.689189189189193,7.432432432432428,0.0,2.702702702702709
1833,Die Grünen,1000,19,1.0,0.0,1.6358463726884764,0.0,0.0,3.716216216216221,0.5156472261735487,4.551920341394016,0.03556187766713492,1.795874822190612,2.5426742532005733,0.37339971550497353,2.702702702702709,1.013513513513523,5.405405405405411,1.689189189189186,5.405405405405411,6.081081081081088
1023,FDP,1000,19,1.0,1.0,4.682313892840206,1.0,1.0,1.6891891891891937,9.992887624466569,5.334281650071119,1.2802275960170775,5.156472261735402,0.4267425320056901,5.903271692745378,2.0270270270270316,2.0270270270270245,2.0270270270270316,0.3378378378378528,1.0135135135135158,2.7027027027027053
4857,bunt.saar,1000,19,1.0,1.0,5.482456140350877,1.0,1.0,2.8716216216216224,4.623044096728307,7.432432432432435,3.94736842105263,6.187766714082507,6.347795163584628,4.356330014224753,4.054054054054056,2.0270270270270316,1.689189189189193,6.418918918918919,0.0,3.0405405405405332
4909,FDP,1000,19,1.0,0.0,4.104433380749175,1.0,1.0,2.6463963963963977,5.138691322901856,4.285206258890469,1.333570412517787,5.867709815078236,0.9957325746799484,7.005689900426752,4.391891891891888,3.378378378378379,1.3513513513513544,3.378378378378379,2.3648648648648702,1.0135135135135158
444,FDP,1000,19,1.0,1.0,2.3648648648648636,1.0,0.0,3.6599099099099113,1.2980085348506378,0.9957325746799484,5.2453769559032715,0.46230440967282505,3.805120910384069,2.3826458036984306,4.7297297297297405,4.391891891891888,2.364864864864863,2.3648648648648702,3.7162162162162176,4.391891891891888
766,bunt.saar,1000,19,1.0,1.0,2.880512091038406,1.0,1.0,1.7454954954954947,3.09388335704125,5.352062588904687,2.43598862019914,1.0490753911806507,3.3961593172119606,1.9559032716927476,3.378378378378379,0.6756756756756772,0.0,4.391891891891895,0.0,2.0270270270270174
3806,FDP,1000,19,1.0,1.0,2.7619724988146044,1.0,1.0,2.9842342342342363,4.694167852062591,2.3826458036984306,1.1735419630156478,0.3378378378378386,3.2539118065433854,4.729729729729733,4.391891891891895,3.7162162162162176,2.364864864864863,3.7162162162162247,1.3513513513513473,2.3648648648648702
3974,CDU,1000,19,1.0,0.0,6.593764817449029,1.0,1.0,4.898648648648649,3.982930298719765,5.992176386913236,9.032716927453777,12.731152204836413,1.7780938833570374,6.045519203413946,1.013513513513523,7.432432432432428,6.081081081081081,0.6756756756756772,6.081081081081074,8.108108108108112
205,CDU,1000,19,1.0,1.0,3.1146277856804176,1.0,1.0,1.1824324324324327,1.9381223328591872,1.5825035561877598,1.1735419630156443,7.930298719772395,1.2091038406827934,4.854196301564727,2.0270270270270245,1.0135135135135087,1.3513513513513544,2.0270270270270245,0.3378378378378457,0.3378378378378386
1627,FDP,1000,19,1.0,0.0,5.254267425320054,1.0,1.0,1.238738738738735,9.26386913229019,1.724751066856328,4.694167852062591,2.43598862019914,1.7069701280227534,11.699857752489326,1.0135135135135087,1.0135135135135087,0.0,3.378378378378372,0.3378378378378315,1.6891891891891895
2458,FDP,1000,19,1.0,0.0,2.145566619250829,1.0,0.0,1.8581081081081063,4.071834992887624,4.623044096728307,0.16002844950212847,1.1735419630156514,1.0490753911806507,1.795874822190612,1.0135135135135158,2.0270270270270245,1.0135135135135158,3.7162162162162105,2.0270270270270245,1.3513513513513473
4772,bunt.saar,1000,19,0.0,0.0,9.373518255097203,1.0,1.0,3.99774774774775,3.59174964438121,0.10668563300143319,16.038406827880515,7.2724039829302995,16.073968705547657,13.157894736842103,3.7162162162162176,1.01351351351353,4.391891891891902,4.054054054054042,5.4054054054054035,5.4054054054054035
2528,FDP,1000,19,0.0,0.0,2.8301327643432885,0.0,1.0,2.3648648648648654,1.7425320056898954,4.018492176386907,0.8001422475106708,7.4146514935988606,2.3826458036984306,0.6223328591749677,1.689189189189193,0.3378378378378457,4.729729729729726,4.391891891891888,3.0405405405405403,0.0
2243,FDP,1000,19,1.0,0.0,4.960881934566145,1.0,1.0,2.364864864864862,7.859174964438118,6.899004267425319,2.258179231863444,4.996443812233288,6.56116642958748,1.1913229018492189,0.6756756756756701,2.0270270270270245,3.378378378378379,1.689189189189193,3.378378378378372,3.0405405405405332
2614,bunt.saar,1000,19,1.0,0.0,5.307610241820765,1.0,1.0,1.1261261261261264,0.03556187766713492,1.653627311522051,7.325746799431002,2.3115220483641536,16.35846372688478,4.160739687055468,1.689189189189186,0.6756756756756701,0.0,2.3648648648648702,0.0,2.0270270270270316
1517,FDP,1000,19,0.0,1.0,4.531175912754865,0.0,1.0,1.4076576576576574,1.653627311522051,4.569701280227605,4.391891891891895,4.623044096728307,7.290184921763874,4.658605974395456,2.364864864864856,1.3513513513513473,2.0270270270270245,0.0,1.013513513513523,1.689189189189193
3342,FDP,1000,19,0.0,1.0,4.065908013276434,0.0,1.0,2.139639639639642,1.831436699857747,3.7517780938833525,5.849928876244668,7.076813655761022,3.556187766714089,2.329302987197721,0.3378378378378386,0.6756756756756772,1.689189189189186,3.378378378378386,5.743243243243242,1.013513513513523
613,SPD,1000,19,0.0,0.0,7.272403982930299,0.0,0.0,12.781531531531533,1.0668563300142253,0.5689900426742511,14.011379800853483,4.551920341394016,9.743954480796589,13.691322901849226,1.689189189189193,7.094594594594589,14.86486486486487,9.797297297297291,21.62162162162162,21.62162162162162
907,FDP,1000,19,0.0,0.0,6.934566145092464,1.0,1.0,4.279279279279282,7.894736842105267,6.436699857752487,4.231863442389766,12.0199146514936,5.51209103840683,5.51209103840683,3.7162162162162176,7.0945945945945965,5.405405405405411,0.3378378378378457,4.391891891891895,4.729729729729726
5037,FDP,1000,19,0.0,0.0,5.675082977714561,0.0,0.0,1.576576576576579,8.748221906116648,5.316500711237559,0.4445234708392647,7.450213371266003,6.436699857752494,5.654338549075398,1.013513513513523,1.3513513513513473,1.3513513513513473,1.689189189189193,3.0405405405405403,1.013513513513523
2345,DIE LINKE,1000,19,0.0,0.0,5.6158131816026575,0.0,1.0,1.85810810810811,7.610241820768138,10.579658605974402,3.7162162162162176,2.9694167852062634,7.076813655761022,1.7425320056899025,0.6756756756756843,5.067567567567572,0.3378378378378386,1.3513513513513473,1.3513513513513473,2.3648648648648702
3280,Die Grünen,1000,19,0.0,1.0,6.602655286865812,0.0,1.0,2.0833333333333357,2.773826458036986,5.600995732574688,8.481507823613093,2.86273115220483,17.371977240398287,2.5248933143669916,2.364864864864863,0.0,0.3378378378378386,3.378378378378379,1.689189189189193,4.7297297297297405
1012,FDP,1000,19,1.0,1.0,5.180180180180185,1.0,1.0,2.871621621621616,9.45945945945946,1.8136557610241866,4.30298719772405,6.863442389758184,3.556187766714089,5.0853485064011394,0.0,2.7027027027027017,4.391891891891881,3.0405405405405332,3.7162162162162105,3.378378378378372
896,bunt.saar,1000,19,1.0,1.0,8.013276434329068,1.0,1.0,0.0,7.361308677098158,6.650071123755325,9.032716927453777,0.7823613086771033,14.509246088193457,9.743954480796589,0.0,0.0,0.0,0.0,0.0,0.0
3389,Die Grünen,1000,19,0.0,0.0,4.830488383119967,0.0,1.0,4.391891891891894,0.2489331436699942,5.796586059743959,2.3826458036984306,8.161450924608822,8.517069701280235,3.8762446657183602,4.054054054054056,6.081081081081074,4.7297297297297405,1.0135135135135158,3.0405405405405403,7.432432432432435
1291,bunt.saar,1000,19,1.0,0.0,5.313537221431962,1.0,1.0,1.126126126126131,2.951635846372689,6.027738264580378,4.8364153627311595,2.364864864864863,11.34423897581793,4.356330014224753,0.3378378378378386,0.6756756756756914,1.6891891891891788,2.3648648648648702,0.3378378378378386,1.3513513513513686
3161,FDP,1000,19,0.0,0.0,4.551920341394024,0.0,1.0,4.448198198198198,0.5512091038406766,8.019203413940254,4.871977240398294,8.07254623044097,3.0405405405405403,2.7560455192034112,1.3513513513513402,3.7162162162162176,5.067567567567572,1.3513513513513544,6.756756756756758,8.445945945945944
4423,DIE LINKE,1000,19,1.0,0.0,3.4672830725462327,0.0,0.0,4.504504504504506,0.2489331436699942,2.3470839260312957,3.7873399715504945,7.46799431009957,4.12517780938834,2.8271692745377024,3.378378378378379,1.3513513513513544,5.743243243243235,2.3648648648648702,7.432432432432435,6.756756756756758
983,SPD,1000,19,0.0,0.0,4.37114746325273,0.0,1.0,1.4639639639639637,1.973684210526315,3.165007112375541,6.667852062588906,2.7204836415362763,8.3570412517781,3.342816500711244,0.3378378378378386,3.378378378378379,1.01351351351353,0.3378378378378386,0.675675675675663,3.0405405405405332
3081,Die Grünen,1000,19,1.0,1.0,8.3540777619725,1.0,1.0,2.5900900900900865,2.258179231863444,3.876244665718353,11.61095305832147,4.80085348506401,16.749644381223334,10.828591749644382,2.0270270270270316,2.364864864864856,3.7162162162162105,1.0135135135135158,3.7162162162162105,2.7027027027026946
2849,FDP,1000,19,0.0,1.0,3.754741583688954,1.0,1.0,1.5202702702702748,4.285206258890469,2.560455192034155,1.3691322901849219,7.254623044096725,2.6849217638691343,4.37411095305832,1.3513513513513544,3.0405405405405475,0.6756756756756843,1.689189189189193,2.0270270270270316,0.3378378378378386
614,FDP,1000,19,1.0,1.0,7.722854433380749,1.0,1.0,2.195945945945944,0.8534850640113874,6.98790896159317,11.59317211948791,2.258179231863444,15.078236130867701,9.566145092460879,3.378378378378379,1.3513513513513544,2.7027027027027017,1.689189189189186,1.689189189189186,2.364864864864856
3145,Die Grünen,1000,19,1.0,0.0,7.530227596017064,0.0,1.0,1.9144144144144117,8.97937411095306,8.623755334281647,5.156472261735409,8.659317211948789,12.375533428165,1.3869132290184822,2.7027027027026946,0.0,1.689189189189186,2.7027027027027017,2.7027027027027017,1.689189189189186
823,bunt.saar,1000,19,1.0,1.0,7.106448553816975,1.0,1.0,6.644144144144143,2.2048364153627347,6.0099573257467895,12.144381223328587,4.160739687055475,11.504267425320059,6.614509246088204,1.3513513513513473,5.4054054054054035,11.824324324324323,0.3378378378378457,11.486486486486484,9.459459459459453
2249,CDU,1000,19,1.0,1.0,2.6938122332859167,1.0,1.0,1.0135135135135134,0.7112375533428192,2.3470839260312957,3.769559032716927,6.899004267425312,0.9068278805120897,1.5291607396870575,1.0135135135135016,1.0135135135135087,0.3378378378378457,0.0,1.689189189189193,2.0270270270270316
3738,Die Grünen,1000,19,1.0,0.0,7.7584163110478945,1.0,1.0,1.632882882882883,2.435988620199147,8.374822190611667,9.086059743954486,4.160739687055475,9.975106685633016,12.517780938833575,0.3378378378378386,0.6756756756756772,1.0135135135135158,3.378378378378379,1.6891891891891788,2.702702702702709
3819,bunt.saar,1000,19,1.0,0.0,6.567093409198676,1.0,1.0,0.7882882882882889,6.116642958748223,4.409672830725469,8.268136557610248,4.587482219061165,10.846372688477949,5.174253200568998,0.6756756756756701,1.689189189189193,0.3378378378378386,0.6756756756756772,0.0,1.3513513513513544
4622,SPD,1000,19,1.0,0.0,5.719535324798479,1.0,1.0,4.110360360360358,2.0625889046941666,0.7112375533428192,12.055476529160728,6.258890469416791,5.156472261735402,8.07254623044097,3.7162162162162176,1.689189189189193,6.0810810810810665,4.391891891891895,3.7162162162162105,5.067567567567565
339,bunt.saar,1000,19,1.0,1.0,4.513394973921289,0.0,1.0,0.9572072072072094,1.7425320056899025,0.6934566145092447,5.743243243243242,1.8847795163584706,10.561877667140813,6.454480796586061,0.6756756756756772,1.013513513513523,0.0,0.0,1.0135135135135087,3.0405405405405475
3191,FDP,1000,19,0.0,1.0,9.311284969179708,1.0,1.0,0.7319819819819818,7.201280227596023,9.441678520625885,4.996443812233288,12.944523470839272,8.943812233285911,12.339971550497872,0.6756756756756843,0.6756756756756772,0.3378378378378315,0.3378378378378386,1.689189189189186,0.6756756756756737
2863,Die Grünen,1000,19,1.0,1.0,3.843646277856801,1.0,1.0,2.6463963963963977,5.778805120910384,2.7027027027026946,3.4672830725462234,3.058321479374115,6.276671408250358,1.7780938833570303,0.6756756756756772,1.3513513513513473,3.378378378378386,2.3648648648648702,3.378378378378379,4.729729729729726
4419,FDP,1000,19,1.0,1.0,7.293148411569464,1.0,0.0,1.85810810810811,6.987908961593163,9.939544807965852,5.93883357041252,4.391891891891902,7.325746799431009,9.174964438122338,2.364864864864856,1.3513513513513473,1.689189189189193,1.01351351351353,2.7027027027027017,2.0270270270270316
2127,Die Grünen,1000,19,0.0,0.0,6.741939307728788,0.0,0.0,4.054054054054057,1.4224751066856385,2.6137980085348573,9.655049786628751,4.285206258890469,11.842105263157897,10.633001422475111,4.729729729729733,1.0135135135135087,5.743243243243249,3.0405405405405403,3.378378378378379,6.4189189189189335
391,Die Grünen,1000,19,0.0,1.0,5.16239924134661,0.0,1.0,2.4774774774774797,0.49786628733995997,1.7780938833570303,8.463726884779526,4.249644381223341,11.593172119487903,4.391891891891902,1.3513513513513615,2.3648648648648702,4.391891891891902,2.702702702702709,3.0405405405405332,1.0135135135135016
2680,CDU,1000,19,1.0,0.0,3.5176623992413467,1.0,1.0,3.265765765765765,1.973684210526315,1.8847795163584706,1.795874822190612,6.116642958748223,2.080369843527734,7.254623044096725,2.0270270270270316,4.054054054054056,3.7162162162162105,3.0405405405405332,4.054054054054049,2.702702702702709
2206,FDP,1000,19,0.0,0.0,4.534139402560459,0.0,1.0,1.6891891891891884,1.9381223328591872,6.454480796586061,4.356330014224753,3.0049786628734054,5.1209103840682815,6.330014224751068,4.054054054054056,0.6756756756756701,0.0,1.3513513513513402,2.0270270270270316,2.0270270270270316
81,bunt.saar,1000,19,0.0,0.0,7.396870554765297,1.0,1.0,2.0270270270270245,8.3570412517781,3.9118065433855023,9.068278805120912,0.2844950213371291,10.988620199146517,11.77098150782362,0.6756756756756701,0.0,2.702702702702709,4.054054054054056,3.0405405405405332,1.6891891891891788
1447,Die Grünen,1000,19,1.0,0.0,8.36593172119488,1.0,1.0,7.094594594594593,4.089615931721191,4.960881934566139,8.659317211948803,5.600995732574688,15.433854907539114,11.450924608819342,2.364864864864863,3.7162162162162033,10.135135135135144,6.081081081081081,11.148648648648646,9.121621621621621
5073,CDU,1000,19,1.0,1.0,2.471550497866288,1.0,1.0,1.351351351351352,1.9203413940255984,3.627311522048373,2.880512091038412,1.3335704125177799,2.8449502133712556,2.2226173541963092,2.7027027027026946,2.702702702702709,0.0,1.3513513513513544,0.0,1.3513513513513544
2003,SPD,1000,19,0.0,1.0,8.004385964912283,0.0,1.0,5.067567567567569,1.3157894736842124,6.703413940256041,14.989331436699864,5.334281650071119,10.544096728307252,9.139402560455203,4.391891891891895,1.0135135135135158,7.770270270270274,5.405405405405396,7.770270270270274,4.054054054054063
1699,DIE LINKE,1000,19,1.0,0.0,5.037932669511618,0.0,1.0,1.0698198198198223,6.934566145092461,0.6934566145092447,10.188477951635846,0.8534850640113874,8.890469416785209,2.6671408250355597,2.0270270270270316,1.0135135135135087,1.689189189189193,0.0,1.0135135135135158,0.6756756756756843
2308,bunt.saar,1000,19,1.0,1.0,2.7175201517306795,1.0,1.0,3.265765765765765,6.54338549075392,0.053342816500716594,6.507823613086771,0.08890469416785152,0.1422475106685539,2.9694167852062634,1.689189189189193,2.7027027027026946,3.7162162162162105,2.0270270270270245,5.743243243243242,3.7162162162162247
973,Die Grünen,1000,19,0.0,1.0,4.181484115694644,0.0,1.0,2.4774774774774797,10.73968705547653,1.3335704125177799,3.5384068278805216,4.569701280227605,2.151493598862018,2.7560455192034112,2.7027027027027017,3.378378378378386,0.6756756756756772,1.689189189189193,2.0270270270270316,4.391891891891888
67,FDP,1000,19,1.0,1.0,4.202228544333809,1.0,1.0,1.8018018018018012,3.6095305832147915,5.26315789473685,3.8584637268847786,5.743243243243242,2.151493598862025,4.587482219061165,1.3513513513513473,1.3513513513513473,2.0270270270270316,1.3513513513513544,1.3513513513513473,3.378378378378379
5084,FDP,1000,19,1.0,0.0,6.904931247036509,1.0,1.0,1.4639639639639672,0.8890469416785152,9.050497866287337,10.259601706970138,3.6450924608819335,6.027738264580371,11.557610241820761,0.3378378378378386,1.013513513513523,2.364864864864856,1.3513513513513615,2.0270270270270316,1.689189189189193
1235,FDP,1000,19,1.0,1.0,2.7234471313418696,1.0,1.0,1.8581081081081063,1.1379800853485094,0.6401137980085352,0.7112375533428192,2.5960170697012828,9.850640113798008,1.404694167852064,3.7162162162162105,2.0270270270270245,0.3378378378378315,3.7162162162162176,1.0135135135135158,0.3378378378378386
2622,FDP,1000,19,1.0,1.0,6.964201043148414,1.0,1.0,0.8445945945945965,6.7745376955903325,6.027738264580364,3.9651493598862046,9.370554765291615,5.654338549075391,9.992887624466576,1.689189189189193,0.3378378378378457,0.3378378378378386,1.3513513513513544,1.3513513513513473,0.0
1602,FDP,1000,19,1.0,1.0,1.70400663821716,1.0,1.0,2.252252252252253,1.6714082503556114,0.03556187766713492,2.115931721194876,1.7780938833570303,4.42745376955903,0.1955903271692776,2.364864864864863,2.0270270270270316,1.0135135135135087,4.391891891891902,2.0270270270270245,1.689189189189186
851,bunt.saar,1000,19,1.0,0.0,5.117946894262686,1.0,1.0,1.1824324324324316,1.8847795163584706,2.916073968705547,7.948079658605984,2.364864864864863,10.259601706970138,5.334281650071112,0.6756756756756843,0.6756756756756772,0.675675675675663,4.054054054054049,0.3378378378378386,0.6756756756756772
3692,SPD,1000,19,0.0,1.0,2.1248221906116633,1.0,1.0,1.5765765765765767,1.5647226173541924,3.1827880512090942,0.3911806543385552,1.511379800853483,3.6095305832147915,2.489331436699864,2.7027027027027017,2.0270270270270245,2.3648648648648702,0.0,1.0135135135135158,1.3513513513513473
2837,DIE LINKE,1000,19,0.0,0.0,3.440611664295872,0.0,1.0,5.6306306306306295,0.21337126600283796,1.724751066856328,0.8890469416785152,3.378378378378379,5.885490753911803,8.55263157894737,6.756756756756758,3.0405405405405403,5.067567567567565,6.756756756756751,5.743243243243249,6.418918918918912
1888,bunt.saar,1000,19,0.0,0.0,5.239449976292082,1.0,1.0,2.308558558558559,2.7382645803698438,1.2091038406827863,6.738975817923183,1.7425320056899025,9.77951635846373,9.228307254623047,2.0270270270270316,0.675675675675663,3.7162162162162105,2.3648648648648702,2.3648648648648702,2.702702702702709
4272,FDP,1000,19,0.0,1.0,3.894025604551924,1.0,1.0,2.4211711711711708,0.8712660028449548,4.12517780938834,0.6223328591749677,8.854907539118074,1.0668563300142253,7.823613086770983,3.7162162162162176,2.0270270270270316,1.3513513513513544,4.054054054054042,0.3378378378378386,3.0405405405405403
4438,FDP,1000,19,1.0,0.0,2.1011142721669054,1.0,1.0,1.4076576576576574,3.8229018492176436,1.1557610241820626,3.165007112375534,3.9651493598862118,0.32005689900427114,0.17780938833571014,3.7162162162162176,2.7027027027026946,0.3378378378378386,0.3378378378378386,0.3378378378378386,1.0135135135135158
934,Die Grünen,1000,19,1.0,1.0,7.005689900426739,1.0,1.0,3.2094594594594583,1.5825035561877598,4.19630156472261,8.268136557610248,4.854196301564727,14.02916073968705,9.10384068278804,3.0405405405405332,0.3378378378378386,3.7162162162162247,4.054054054054056,5.4054054054054035,2.7027027027026946
3580,FDP,1000,19,1.0,0.0,3.351706970128023,1.0,1.0,2.421171171171172,6.205547652916081,2.578236130867701,0.2844950213371291,1.9914651493598896,4.231863442389766,4.818634423897571,0.3378378378378386,1.013513513513523,4.729729729729726,0.3378378378378386,4.054054054054056,4.054054054054049
1420,FDP,1000,19,1.0,0.0,3.0197961119013734,1.0,0.0,2.5337837837837824,1.0135135135135087,0.5512091038406837,4.729729729729733,5.4409672830725455,0.9068278805120897,5.47652916073968,2.7027027027027017,4.054054054054049,2.3648648648648702,1.689189189189193,1.0135135135135087,3.378378378378372
4921,FDP,1000,19,0.0,1.0,3.9592223802750133,1.0,1.0,3.7162162162162162,1.546941678520632,5.796586059743959,3.5028449502133725,3.6095305832147915,3.8940256045519206,5.4054054054054035,0.6756756756756772,4.729729729729733,4.729729729729726,2.702702702702709,4.391891891891888,5.067567567567565
37,bunt.saar,1000,19,0.0,1.0,7.328710289236601,0.0,1.0,1.5202702702702702,0.23115220483641252,0.4267425320056759,10.401849217638691,5.618776671408256,18.11877667140824,9.17496443812233,1.689189189189186,0.3378378378378528,0.3378378378378244,1.3513513513513615,1.689189189189186,3.7162162162162105
2935,bunt.saar,1000,19,1.0,0.0,3.864390706495969,1.0,1.0,1.970720720720723,2.631578947368425,0.23115220483641963,5.156472261735402,2.4182076813655797,8.730440967283073,4.018492176386914,0.3378378378378386,3.378378378378386,5.405405405405418,0.0,2.3648648648648702,0.3378378378378244
2305,CDU,1000,19,1.0,1.0,3.007942152678998,0.0,1.0,2.646396396396392,6.276671408250358,0.8534850640113874,0.2844950213371291,3.2539118065433854,5.921052631578952,1.4580369843527734,4.054054054054042,0.0,0.6756756756756701,6.081081081081074,4.391891891891895,0.6756756756756701
4457,CDU,1000,19,0.0,1.0,3.227240398293026,1.0,0.0,2.646396396396399,5.494310099573248,1.724751066856328,2.6137980085348502,3.840682788051211,1.1557610241820626,4.534139402560456,4.391891891891895,4.054054054054056,2.0270270270270245,3.0405405405405475,0.6756756756756843,1.689189189189186
3506,SPD,1000,19,0.0,0.0,3.772522522522525,0.0,0.0,1.8581081081081123,4.978662873399728,0.6934566145092447,2.6671408250355597,0.6223328591749677,6.063300142247506,7.610241820768145,0.3378378378378457,0.6756756756756843,1.689189189189186,0.3378378378378386,4.054054054054056,4.054054054054063
2848,FDP,1000,19,0.0,0.0,5.064604077761975,0.0,0.0,3.265765765765766,2.5960170697012828,6.952347083926028,7.005689900426752,8.570412517780944,3.271692745376953,1.9914651493598896,3.0405405405405403,3.378378378378379,5.067567567567565,3.7162162162162176,1.3513513513513544,3.0405405405405403
2392,FDP,1000,19,1.0,1.0,4.134068278805117,1.0,1.0,3.8851351351351355,4.089615931721191,3.1294452347083777,5.583214793741114,2.115931721194869,8.517069701280228,1.3691322901849219,2.7027027027027017,3.0405405405405475,3.378378378378379,5.067567567567565,2.0270270270270245,7.0945945945945965
1724,FDP,1000,19,1.0,1.0,2.5723091512565204,1.0,1.0,1.8581081081081088,2.6137980085348573,4.854196301564727,1.689189189189186,3.52062588904694,2.080369843527734,0.6756756756756772,4.391891891891888,0.6756756756756772,1.0135135135135158,0.3378378378378386,3.7162162162162176,1.0135135135135158
4179,bunt.saar,1000,19,0.0,0.0,5.870673304883829,0.0,1.0,2.477477477477476,0.37339971550497353,3.4672830725462234,7.6635846372688405,9.014935988620195,5.316500711237566,9.388335704125176,3.7162162162162176,1.689189189189193,0.6756756756756772,6.081081081081074,0.0,2.7027027027026946
1100,bunt.saar,1000,19,1.0,0.0,6.255926979611195,0.0,0.0,9.403153153153157,2.009246088193457,4.711948790896166,4.391891891891902,5.529871977240404,14.118065433854902,6.77453769559034,8.108108108108112,3.0405405405405546,7.770270270270274,11.824324324324323,11.824324324324323,13.851351351351354
2318,SPD,1000,19,0.0,0.0,3.1887150308202905,1.0,0.0,2.195945945945946,7.254623044096725,1.831436699857747,3.1294452347083777,0.5512091038406766,4.569701280227605,1.795874822190612,3.378378378378379,1.0135135135135087,3.378378378378393,2.364864864864856,1.3513513513513473,1.689189189189193
4476,FDP,1000,19,0.0,1.0,4.883831199620673,0.0,1.0,2.1396396396396398,0.9068278805120897,2.3648648648648702,8.357041251778092,5.2275960170697005,6.703413940256041,5.743243243243242,2.7027027027027017,3.7162162162162176,1.3513513513513473,0.3378378378378386,2.3648648648648702,2.364864864864863
1391,bunt.saar,1000,19,1.0,1.0,4.84826932195353,1.0,1.0,2.364864864864868,1.1735419630156443,6.863442389758184,5.2275960170697005,0.7467994310099542,11.717638691322904,3.36059743954479,2.3648648648648702,0.0,3.0405405405405475,4.729729729729726,1.0135135135135158,3.0405405405405475
555,DIE LINKE,1000,19,0.0,1.0,2.361901375059271,1.0,0.0,5.180180180180177,4.391891891891895,2.0625889046941666,2.1337126600284577,1.191322901849226,3.8940256045519206,0.49786628733995997,2.364864864864863,4.729729729729726,7.432432432432435,1.0135135135135158,8.108108108108098,7.432432432432421
3167,SPD,1000,19,1.0,1.0,5.962541488857277,1.0,0.0,3.65990990990991,6.578947368421048,7.46799431009957,6.54338549075392,4.42745376955903,4.089615931721191,6.667852062588906,5.743243243243242,1.013513513513523,6.756756756756751,2.0270270270270245,4.729729729729726,1.689189189189193
1532,FDP,1000,19,1.0,0.0,4.267425320056899,1.0,0.0,3.603603603603601,6.756756756756758,3.0049786628733983,3.911806543385495,8.534850640113788,1.9914651493598896,1.404694167852064,0.6756756756756772,8.445945945945944,1.3513513513513473,4.054054054054049,3.378378378378372,3.7162162162162176
2657,bunt.saar,1000,19,1.0,1.0,4.433380749170223,1.0,1.0,2.5337837837837838,1.2980085348506378,0.8179231863442311,8.3570412517781,2.7560455192034183,12.517780938833575,0.8534850640113802,5.067567567567572,2.0270270270270174,1.0135135135135158,4.054054054054056,0.6756756756756701,2.3648648648648702
742,CDU,1000,19,1.0,1.0,1.300972024656236,1.0,1.0,3.0968468468468466,1.1557610241820697,1.4935988620199083,2.1692745376955926,1.7069701280227676,1.1557610241820768,0.12446657183500065,0.6756756756756772,1.3513513513513544,5.4054054054054035,3.0405405405405332,5.067567567567565,3.0405405405405475
6,Die Grünen,1000,19,1.0,0.0,8.022166903745855,1.0,1.0,2.6463963963963977,1.2446657183499354,3.6806543385490826,10.312944523470847,5.26315789473685,18.083214793741114,9.548364153627304,2.3648648648648702,0.0,5.067567567567579,0.3378378378378386,5.067567567567565,3.0405405405405332
63,FDP,1000,19,0.0,1.0,6.691559981033663,1.0,1.0,3.434684684684685,1.7780938833570303,1.0312944523470762,10.455192034139408,11.130867709815078,4.551920341394023,11.201991465149359,3.0405405405405403,2.364864864864863,4.054054054054053,2.702702702702709,4.054054054054053,4.391891891891891
225,DIE LINKE,1000,19,1.0,1.0,3.6124940730203896,1.0,1.0,2.0833333333333335,2.435988620199147,0.8001422475106637,3.5739687055476637,2.4537695590327075,10.704125177809388,1.7069701280227676,4.054054054054056,1.3513513513513402,0.6756756756756772,3.0405405405405403,2.364864864864863,1.013513513513523
4060,FDP,1000,19,1.0,0.0,5.906235182550972,1.0,0.0,2.083333333333331,2.0270270270270316,8.890469416785209,4.036273115220489,7.912517780938828,9.619487908961588,2.951635846372689,8.108108108108098,1.0135135135135158,1.0135135135135087,1.0135135135135158,0.6756756756756701,0.6756756756756772
1790,FDP,1000,19,0.0,1.0,5.0053342816500725,1.0,1.0,2.0833333333333335,0.9601706970128063,0.46230440967283215,3.0405405405405403,14.63371266002845,9.299431009957328,1.6358463726884764,2.7027027027027017,0.0,2.7027027027027017,0.3378378378378386,3.7162162162162176,3.0405405405405403
1214,FDP,1000,19,0.0,1.0,3.8051209103840704,0.0,0.0,1.4076576576576574,3.6095305832147915,1.7069701280227676,1.902560455192038,2.9694167852062563,6.827880512091042,5.814366998577526,1.3513513513513473,2.3648648648648702,1.689189189189186,1.3513513513513473,0.3378378378378457,1.3513513513513473
2508,SPD,1000,19,0.0,0.0,6.564129919393075,0.0,1.0,1.970720720720723,3.1294452347083777,2.7916073968705533,10.97083926031295,2.7560455192034183,11.36201991465149,8.37482219061166,1.689189189189186,4.391891891891881,1.01351351351353,2.3648648648648702,2.0270270270270316,0.3378378378378386
822,bunt.saar,1000,19,1.0,1.0,3.8466097676623945,1.0,1.0,1.2387387387387392,0.17780938833571014,8.321479374110943,5.476529160739673,1.3513513513513473,5.494310099573255,2.258179231863437,2.7027027027027017,0.3378378378378386,1.3513513513513402,1.013513513513523,1.3513513513513544,0.6756756756756772
2230,CDU,1000,19,0.0,0.0,3.1946420104314783,0.0,1.0,1.914414414414414,4.960881934566139,1.6714082503556114,1.9559032716927476,0.604551920341386,6.792318634423893,3.1827880512090942,1.3513513513513473,0.6756756756756701,3.7162162162162247,1.0135135135135087,3.0405405405405475,1.689189189189186
2760,bunt.saar,1000,19,1.0,0.0,5.298719772403985,0.0,1.0,2.0833333333333335,1.1557610241820626,4.054054054054063,8.232574679943099,5.316500711237566,6.081081081081081,6.952347083926043,0.3378378378378244,0.3378378378378528,1.689189189189193,4.729729729729726,1.6891891891891788,3.7162162162162247
4765,SPD,1000,19,0.0,1.0,3.0642484589853005,0.0,1.0,5.292792792792792,2.5248933143669916,2.8449502133712556,1.4935988620199083,7.752489331436706,3.200568990042683,0.5689900426742582,0.3378378378378386,2.0270270270270245,7.770270270270274,8.108108108108112,5.4054054054054035,8.108108108108098
773,FDP,1000,19,0.0,0.0,3.651019440493126,0.0,0.0,5.630630630630631,6.330014224751068,2.2048364153627347,1.2802275960170704,3.733997155049792,5.067567567567565,3.2894736842105274,2.7027027027027017,7.0945945945945965,9.459459459459467,0.3378378378378386,8.783783783783782,5.4054054054054035
103,FDP,1000,19,0.0,1.0,5.4794926505452795,1.0,1.0,1.970720720720717,4.42745376955903,4.818634423897571,1.3513513513513473,6.507823613086771,12.588904694167852,3.1827880512091085,2.364864864864863,2.0270270270270174,0.3378378378378386,0.3378378378378244,4.729729729729726,2.0270270270270316
2317,FDP,1000,19,1.0,1.0,3.360597439544812,1.0,1.0,2.027027027027023,4.054054054054056,0.2489331436699871,2.5604551920341407,11.059743954480808,0.2844950213371291,1.9559032716927511,2.364864864864856,1.3513513513513544,4.054054054054053,0.3378378378378244,2.364864864864863,1.6891891891891895
2771,bunt.saar,1000,19,1.0,0.0,6.20258416311048,1.0,1.0,2.0270270270270196,4.356330014224753,1.3335704125177799,7.983641536273112,2.151493598862025,16.998577524893307,4.391891891891902,0.6756756756756701,2.0270270270270174,3.7162162162162105,3.7162162162162176,1.0135135135135016,1.0135135135135016
4929,CDU,1000,19,1.0,1.0,0.8742294926505471,1.0,1.0,2.5337837837837847,0.3378378378378386,2.6137980085348573,0.8712660028449548,0.26671408250354744,0.6401137980085352,0.5156472261735487,4.054054054054049,0.3378378378378315,2.364864864864863,4.054054054054063,3.7162162162162176,0.6756756756756843
3218,bunt.saar,1000,19,1.0,1.0,4.128141299193931,1.0,1.0,1.2950450450450444,0.8712660028449548,5.2275960170697005,4.747510668563301,5.138691322901842,3.0049786628734054,5.778805120910384,2.7027027027027017,0.6756756756756701,0.0,3.7162162162162176,0.3378378378378386,0.3378378378378386
2354,FDP,1000,19,1.0,1.0,3.5117354196301576,1.0,0.0,2.5900900900900905,2.3115220483641536,1.8492176386913144,6.347795163584642,3.7339971550497992,3.1116642958748173,3.7162162162162176,0.0,1.3513513513513544,2.0270270270270316,4.391891891891888,3.378378378378379,4.391891891891891
20,Die Grünen,1000,19,1.0,1.0,2.0388809862494086,1.0,0.0,2.759009009009008,0.8534850640113874,4.0362731152204745,0.1955903271692847,1.7069701280227534,4.978662873399728,0.46230440967282505,3.7162162162162176,4.391891891891881,0.6756756756756772,6.081081081081081,1.689189189189193,0.0
3945,bunt.saar,1000,19,0.0,0.0,2.598980559506875,0.0,1.0,3.7725225225225216,5.974395448079662,4.142958748221901,0.7467994310099471,1.2268847795163538,0.8890469416785294,2.6137980085348573,1.3513513513513544,2.702702702702709,7.094594594594582,4.391891891891888,4.391891891891888,2.702702702702709
3880,DIE LINKE,1000,19,1.0,1.0,4.080725462304414,0.0,0.0,2.8153153153153134,2.7382645803698438,3.876244665718353,3.5028449502133725,4.391891891891895,5.849928876244675,4.12517780938834,5.067567567567565,0.6756756756756843,2.364864864864863,3.7162162162162105,2.7027027027026946,2.364864864864863
824,CDU,1000,19,0.0,1.0,5.820293978188709,1.0,0.0,1.2950450450450444,7.965860597439544,3.805120910384062,1.1024182076813602,8.25035561877666,11.024182076813645,2.773826458036986,1.3513513513513473,2.702702702702709,0.0,0.0,3.0405405405405332,0.6756756756756772
2467,CDU,1000,19,1.0,0.0,6.131460407776196,1.0,0.0,3.490990990990993,1.2980085348506378,3.876244665718353,9.174964438122338,3.1294452347083777,10.988620199146517,8.32147937411095,0.3378378378378386,2.702702702702709,6.756756756756758,4.729729729729726,4.054054054054056,2.3648648648648702
3128,CDU,1000,19,1.0,0.0,3.0701754385964932,0.0,1.0,1.9144144144144128,0.017780938833574567,1.8136557610241795,1.6358463726884764,6.009957325746804,3.8229018492176436,5.1209103840682815,0.6756756756756701,3.7162162162162176,2.3648648648648702,0.6756756756756772,2.7027027027026946,1.3513513513513473
5161,FDP,1000,19,1.0,1.0,4.297060218112846,1.0,1.0,7.038288288288286,7.859174964438118,0.9601706970127921,4.054054054054049,4.338549075391185,4.445234708392604,4.125177809388326,11.148648648648653,5.405405405405396,4.729729729729726,9.121621621621628,7.770270270270267,4.054054054054049
505,FDP,1000,19,1.0,1.0,4.821597913703176,0.0,1.0,2.646396396396394,3.591749644381224,4.818634423897571,6.347795163584642,1.3335704125177799,8.55263157894737,4.285206258890469,0.6756756756756701,1.3513513513513544,3.378378378378379,0.3378378378378315,4.729729729729726,5.4054054054054035
4027,bunt.saar,1000,19,1.0,0.0,4.51339497392129,1.0,1.0,0.675675675675676,1.9381223328591801,3.165007112375534,4.054054054054063,4.196301564722617,11.859886201991465,1.8669985775248819,0.0,1.0135135135135158,1.0135135135135016,1.0135135135135087,0.0,1.01351351351353
4842,bunt.saar,1000,19,1.0,0.0,4.898648648648646,1.0,1.0,0.563063063063062,2.7204836415362763,7.3790896159317185,1.618065433854909,2.5248933143669987,12.71337126600283,2.43598862019914,0.6756756756756843,0.3378378378378386,0.6756756756756772,0.3378378378378315,0.675675675675663,0.6756756756756772
4578,Die Grünen,1000,19,1.0,0.0,2.278923660502611,1.0,0.0,2.7590090090090116,3.805120910384062,4.978662873399728,2.2226173541963163,0.40896159317212266,0.3378378378378386,1.9203413940255984,1.0135135135135087,2.3648648648648702,3.7162162162162247,2.0270270270270316,3.7162162162162247,3.7162162162162105
1080,bunt.saar,1000,19,1.0,0.0,7.293148411569468,1.0,1.0,0.22522522522522573,3.5739687055476637,2.3648648648648702,9.637268847795156,1.333570412517787,19.701280227596015,7.147937411095313,0.0,0.0,1.0135135135135158,0.3378378378378386,0.0,0.0
4976,Die Grünen,1000,19,1.0,1.0,4.006638217164533,1.0,1.0,1.2387387387387403,6.401137980085352,1.618065433854909,2.3826458036984306,0.9068278805120897,7.2724039829302995,5.45874822190612,0.6756756756756701,1.013513513513523,1.689189189189193,0.6756756756756772,0.6756756756756843,2.7027027027026946
411,bunt.saar,1000,19,1.0,0.0,5.387624466571837,1.0,0.0,8.614864864864865,4.569701280227605,4.142958748221901,5.654338549075405,3.3250355618776624,9.17496443812233,5.45874822190612,5.4054054054054035,4.7297297297297405,7.770270270270274,12.5,10.472972972972968,10.810810810810807
4019,FDP,1000,19,1.0,1.0,4.697131341868187,1.0,1.0,3.1531531531531543,8.694879089615931,2.293741109530586,4.871977240398294,6.685633001422481,1.404694167852064,4.231863442389766,3.0405405405405403,1.0135135135135158,3.7162162162162176,2.3648648648648702,4.391891891891888,4.391891891891895
2030,DIE LINKE,1000,19,1.0,0.0,3.408013276434332,1.0,0.0,1.9707207207207194,2.275960170697026,1.4224751066856385,3.876244665718353,0.23115220483641252,6.756756756756758,5.885490753911803,2.364864864864856,2.3648648648648702,0.3378378378378244,3.0405405405405403,0.3378378378378457,3.378378378378379
481,bunt.saar,1000,19,0.0,1.0,2.6967757230915126,0.0,0.0,3.4346846846846844,0.2844950213371291,1.1557610241820626,0.4445234708392647,4.747510668563301,4.036273115220489,5.51209103840683,10.13513513513513,3.0405405405405475,0.6756756756756701,0.0,0.6756756756756772,6.081081081081081
3756,DIE LINKE,1000,19,0.0,0.0,2.6760312944523434,1.0,1.0,1.914414414414414,2.3826458036984377,3.3605974395447973,2.9694167852062563,0.7112375533428192,3.6450924608819264,2.9871977240398238,4.054054054054049,1.0135135135135158,1.0135135135135087,2.364864864864863,2.0270270270270245,1.013513513513523
1165,DIE LINKE,1000,19,1.0,0.0,4.300023707918448,0.0,1.0,2.646396396396399,5.0853485064011394,1.7069701280227676,4.960881934566139,2.3648648648648702,6.703413940256041,4.978662873399728,4.391891891891895,1.689189189189193,3.378378378378393,0.0,4.729729729729733,1.6891891891891788
4221,Die Grünen,1000,19,0.0,1.0,9.542437174016117,0.0,1.0,1.4639639639639601,2.6315789473684177,9.886201991465143,11.593172119487903,5.1564722617354235,17.389758179231855,10.597439544807955,1.3513513513513473,0.3378378378378315,2.7027027027026946,0.0,2.702702702702709,1.6891891891891788
517,FDP,1000,19,1.0,1.0,1.849217638691324,1.0,1.0,1.9144144144144128,0.6934566145092447,1.9381223328591801,1.0490753911806507,0.053342816500716594,4.338549075391178,3.022759601706973,1.3513513513513473,1.0135135135135158,2.0270270270270245,4.391891891891888,2.0270270270270245,0.6756756756756772
864,CDU,1000,19,0.0,1.0,3.5710052157420598,1.0,1.0,1.9707207207207216,5.51209103840683,6.187766714082507,2.5960170697012828,0.8712660028449548,2.7560455192034112,3.5028449502133725,2.7027027027027017,0.3378378378378315,2.3648648648648702,2.702702702702709,2.0270270270270316,1.689189189189186
4316,FDP,1000,19,0.0,1.0,5.192034139402561,1.0,1.0,2.9279279279279304,8.712660028449513,5.689900426742533,1.546941678520625,6.0099573257467895,5.014224751066855,4.17852062588905,5.067567567567579,1.689189189189186,2.0270270270270316,3.0405405405405475,2.7027027027027017,3.040540540540537
1288,SPD,1000,19,1.0,1.0,4.8690137505927,1.0,1.0,3.8288288288288292,0.5334281650071233,3.0049786628733983,8.321479374110943,0.6756756756756772,9.708392603129454,6.970128022759603,4.391891891891895,0.6756756756756843,4.729729729729719,2.0270270270270245,5.743243243243242,5.405405405405411
1822,bunt.saar,1000,19,1.0,0.0,5.639521100047417,1.0,1.0,1.5202702702702713,2.258179231863444,4.338549075391185,6.596728307254622,1.0490753911806507,13.762446657183503,5.832147937411094,0.6756756756756701,1.689189189189193,1.689189189189193,1.689189189189186,2.702702702702709,0.6756756756756772
4416,bunt.saar,1000,19,1.0,1.0,5.224632527264107,1.0,0.0,2.1396396396396398,6.667852062588906,3.413940256045514,7.396870554765293,0.7823613086771033,8.303698435277383,4.783072546230443,0.6756756756756772,1.0135135135135158,1.0135135135135158,1.0135135135135158,5.067567567567565,4.054054054054049
3944,bunt.saar,1000,19,1.0,0.0,7.770270270270273,1.0,0.0,7.657657657657659,0.3378378378378386,0.1422475106685539,9.903982930298724,8.623755334281654,19.274537695590332,8.339260312944532,6.756756756756751,1.689189189189193,8.445945945945951,8.108108108108105,10.472972972972975,10.472972972972983
3504,FDP,1000,19,1.0,0.0,5.357989568515884,1.0,1.0,4.560810810810814,0.6578947368421026,0.9068278805120897,9.334992887624466,1.51137980085349,10.810810810810814,8.926031294452343,4.391891891891902,4.054054054054056,8.108108108108112,0.6756756756756772,5.067567567567572,5.067567567567565
1898,FDP,1000,19,1.0,1.0,4.818634423897582,1.0,1.0,2.3648648648648654,8.766002844950215,4.37411095305832,0.07112375533427695,2.471550497866289,0.6045519203413932,12.624466571835,1.3513513513513473,1.689189189189186,1.3513513513513473,3.7162162162162247,1.689189189189193,4.391891891891895
3198,FDP,1000,19,1.0,0.0,6.20258416311048,1.0,0.0,6.024774774774772,6.916785206258886,6.258890469416791,5.93883357041252,4.338549075391185,8.588193456614505,5.174253200568991,3.0405405405405332,3.0405405405405403,8.783783783783782,4.391891891891888,7.432432432432428,9.45945945945946
4286,CDU,1000,19,0.0,0.0,4.249644381223324,0.0,0.0,7.038288288288292,5.156472261735409,3.4317211948790884,4.142958748221901,0.4800853485063925,10.419630156472259,1.866998577524896,0.3378378378378386,6.081081081081088,11.486486486486498,1.0135135135135158,13.17567567567567,10.135135135135137
3420,FDP,1000,19,1.0,0.0,4.6615694642010475,1.0,0.0,2.8153153153153183,5.0497866287340045,0.2489331436699942,10.295163584637265,1.0490753911806578,8.712660028449513,2.6137980085348502,4.054054054054049,4.729729729729733,0.3378378378378386,1.3513513513513615,0.3378378378378457,6.081081081081081
4002,SPD,1000,19,0.0,0.0,4.711948790896154,0.0,0.0,4.673423423423422,0.08890469416784441,4.142958748221901,9.121621621621628,0.9423897581792318,10.793029871977232,3.182788051209087,0.6756756756756843,3.0405405405405332,8.445945945945951,1.0135135135135087,9.459459459459453,5.4054054054054035
3616,CDU,1000,19,1.0,1.0,4.6852773826458,0.0,1.0,6.813063063063063,1.0846372688477857,10.330725462304407,5.636557610241816,0.6934566145092447,4.800853485064017,5.565433854907525,2.0270270270270316,6.756756756756751,8.445945945945944,7.432432432432442,8.783783783783782,7.432432432432428
2201,bunt.saar,1000,19,1.0,0.0,4.623044096728308,1.0,0.0,3.5472972972972983,4.516358463726888,6.0099573257467895,1.0490753911806578,6.418918918918919,6.063300142247506,3.6806543385490897,2.0270270270270316,3.0405405405405475,5.4054054054054035,0.0,6.418918918918919,4.391891891891888
5208,bunt.saar,1000,19,1.0,1.0,4.874940730203888,1.0,1.0,0.8445945945945917,3.9651493598862046,2.187055476529153,5.209815078236119,0.7823613086771033,12.517780938833575,4.587482219061172,0.6756756756756701,1.6891891891891788,0.3378378378378386,1.0135135135135158,0.6756756756756701,0.6756756756756772
5077,FDP,1000,19,0.0,1.0,4.356330014224752,1.0,1.0,2.984234234234234,0.17780938833571014,5.583214793741114,4.018492176386911,13.40682788051209,2.133712660028447,0.8179231863442382,0.6756756756756701,3.378378378378379,5.4054054054054035,2.0270270270270316,3.0405405405405403,3.378378378378379
4553,bunt.saar,1000,19,1.0,0.0,5.349099099099104,1.0,0.0,2.477477477477482,8.428165007112383,4.409672830725462,2.5426742532005733,2.080369843527741,8.97937411095306,5.654338549075405,1.3513513513513615,2.3648648648648702,0.6756756756756772,2.7027027027027017,2.0270270270270316,5.743243243243249
3089,CDU,1000,19,1.0,1.0,3.74881460407776,0.0,1.0,1.970720720720718,3.0761024182076895,1.9203413940255984,3.6806543385490755,8.641536273115221,0.03556187766713492,5.138691322901842,2.0270270270270316,3.0405405405405332,1.689189189189186,0.6756756756756772,0.3378378378378315,4.054054054054049
2708,CDU,1000,19,1.0,0.0,4.972735893788524,1.0,1.0,2.0833333333333357,5.45874822190612,7.716927453769557,5.014224751066855,1.6714082503556114,2.0625889046941666,7.912517780938835,3.7162162162162247,0.6756756756756772,0.0,5.067567567567572,1.689189189189186,1.3513513513513544
647,bunt.saar,1000,19,1.0,1.0,6.89900426742532,1.0,1.0,0.45045045045045146,3.627311522048366,9.263869132290182,9.495021337126595,2.258179231863444,7.165718349928881,9.583926031294453,0.3378378378378386,0.3378378378378386,0.6756756756756772,0.3378378378378386,0.3378378378378386,0.6756756756756772
3445,CDU,1000,19,1.0,0.0,5.547652916073967,1.0,1.0,1.9707207207207216,5.014224751066848,8.961593172119493,3.769559032716927,2.187055476529153,7.3968705547653,5.95661450924608,0.3378378378378386,2.0270270270270316,1.689189189189186,5.4054054054054035,0.6756756756756843,1.689189189189186
212,bunt.saar,1000,19,1.0,0.0,5.461711711711711,1.0,0.0,1.0698198198198199,2.1692745376955855,0.284495021337122,5.761024182076817,4.640825035561882,13.21123755334282,6.703413940256041,0.0,2.3648648648648702,0.0,1.0135135135135158,1.3513513513513402,1.689189189189193
2101,FDP,1000,19,1.0,0.0,4.673423423423425,1.0,1.0,1.8018018018018036,6.863442389758184,8.819345661450924,0.5156472261735487,3.09388335704125,7.0590327169274545,1.689189189189186,0.6756756756756843,2.7027027027027017,3.0405405405405475,0.6756756756756772,1.0135135135135087,2.7027027027027017
1590,bunt.saar,1000,19,1.0,0.0,6.664888572783311,1.0,1.0,1.5765765765765731,2.6315789473684177,8.285917496443822,6.507823613086771,0.07112375533427695,13.602418207681367,8.890469416785209,0.3378378378378386,0.675675675675663,0.3378378378378386,1.0135135135135158,2.364864864864856,4.729729729729726
915,bunt.saar,1000,19,0.0,1.0,3.3368895211000478,1.0,1.0,4.6171171171171155,4.231863442389766,6.578947368421055,0.6401137980085352,4.445234708392597,2.2048364153627347,1.9203413940255984,2.0270270270270316,5.067567567567565,5.067567567567565,4.391891891891881,6.081081081081088,5.067567567567565
1496,CDU,1000,19,1.0,0.0,3.3042911332385017,1.0,1.0,2.4211711711711743,1.3335704125177799,0.8001422475106708,1.0135135135135087,8.036984352773828,5.849928876244668,2.7916073968705533,2.702702702702709,2.0270270270270316,1.3513513513513615,3.378378378378379,2.364864864864863,2.7027027027027017
723,bunt.saar,1000,19,1.0,0.0,1.8877430061640592,1.0,1.0,1.6328828828828819,0.604551920341386,0.7645803698435287,3.8762446657183602,4.783072546230443,0.23115220483641963,1.0668563300142182,2.364864864864863,0.0,1.6891891891891788,2.364864864864863,2.364864864864856,1.01351351351353
4984,CDU,1000,19,1.0,1.0,1.4758179231863469,1.0,0.0,2.702702702702704,1.9381223328591872,2.080369843527741,2.7916073968705533,0.21337126600283796,1.475817923186355,0.35561877667140607,4.391891891891881,1.689189189189186,2.0270270270270316,3.378378378378386,2.702702702702709,2.0270270270270316
4124,FDP,1000,19,1.0,0.0,6.531531531531528,1.0,0.0,3.0968468468468466,0.08890469416784441,5.0497866287340045,10.384068278805124,9.281650071123742,8.357041251778092,6.027738264580364,6.418918918918926,2.364864864864863,4.054054054054056,1.689189189189186,1.0135135135135158,3.0405405405405332
2759,CDU,1000,19,1.0,1.0,5.363916548127076,1.0,1.0,2.477477477477475,1.2091038406827863,1.7069701280227676,7.894736842105267,6.276671408250358,10.650782361308679,4.445234708392597,1.0135135135135016,0.6756756756756772,2.7027027027027017,2.364864864864863,4.391891891891888,3.7162162162162176
75,bunt.saar,1000,19,1.0,0.0,5.598032242769084,1.0,1.0,1.8581081081081088,1.618065433854909,2.4893314366998567,6.578947368421055,6.009957325746797,7.521337126600272,9.370554765291615,3.0405405405405475,0.0,0.6756756756756772,3.0405405405405403,0.3378378378378386,4.054054054054049
3470,Die Grünen,1000,19,1.0,0.0,9.071242294926506,0.0,1.0,2.590090090090096,3.307254623044095,0.7112375533428192,11.895448079658607,7.983641536273112,19.310099573257475,11.21977240398293,1.3513513513513544,2.0270270270270316,4.054054054054063,2.0270270270270316,4.054054054054063,2.0270270270270316
771,bunt.saar,1000,19,1.0,1.0,8.048838311996205,1.0,1.0,3.716216216216214,2.5426742532005733,5.1209103840682815,7.0590327169274545,8.090327169274538,13.886913229018482,11.593172119487903,3.7162162162162176,1.3513513513513544,4.729729729729733,3.7162162162162176,2.364864864864856,6.418918918918905
927,FDP,1000,19,1.0,1.0,4.984589853010903,1.0,1.0,1.8581081081081077,5.636557610241823,3.3961593172119535,1.5647226173541924,9.42389758179231,8.036984352773828,1.8492176386913144,1.3513513513513544,0.6756756756756772,2.364864864864863,2.7027027027026946,1.3513513513513544,2.7027027027027017
1740,FDP,1000,19,0.0,0.0,4.326695116168801,0.0,0.0,5.51801801801802,1.2091038406827934,6.330014224751068,0.6045519203413932,6.792318634423893,8.036984352773821,2.987197724039838,8.445945945945944,4.391891891891895,1.689189189189193,3.0405405405405475,10.472972972972968,5.067567567567572
3715,Die Grünen,1000,19,0.0,0.0,5.156472261735423,0.0,0.0,4.054054054054056,1.404694167852064,6.810099573257467,6.54338549075392,0.9068278805120897,8.410384068278809,6.863442389758184,4.054054054054056,2.7027027027026946,4.7297297297297405,5.067567567567565,2.0270270270270316,5.743243243243249
1021,SPD,1000,19,0.0,1.0,2.30263157894737,0.0,1.0,2.25225225225225,7.450213371266003,3.5384068278805074,0.1955903271692847,0.5156472261735487,1.4580369843527734,0.6578947368421026,1.3513513513513473,0.3378378378378386,3.0405405405405332,1.0135135135135087,5.4054054054054035,2.3648648648648702
2631,Die Grünen,1000,19,1.0,1.0,3.5354433380749164,1.0,1.0,6.1936936936936915,0.7290184921763867,4.498577524893314,5.067567567567565,4.107396870554766,4.996443812233288,1.8136557610241795,2.364864864864863,5.067567567567565,10.810810810810807,3.0405405405405403,8.445945945945937,7.432432432432435
4719,SPD,1000,19,1.0,0.0,6.798245614035085,1.0,0.0,1.9144144144144153,1.9559032716927405,0.8001422475106637,12.660028449502128,11.931009957325749,3.271692745376953,10.170697012802272,3.7162162162162176,0.3378378378378386,1.3513513513513544,4.729729729729726,0.0,1.3513513513513544
182,CDU,1000,19,1.0,1.0,8.342223802750118,0.0,1.0,7.9954954954955,2.293741109530579,8.179231863442396,7.343527738264584,5.903271692745371,21.052631578947366,5.28093883357041,0.3378378378378386,8.10810810810812,10.472972972972975,5.067567567567579,13.851351351351347,10.135135135135137
717,bunt.saar,1000,19,0.0,0.0,5.446894262683732,0.0,0.0,1.632882882882889,3.1827880512090942,1.3513513513513473,5.476529160739673,4.623044096728307,11.237553342816497,6.8100995732574745,3.378378378378379,0.6756756756756843,1.01351351351353,2.702702702702709,0.0,2.0270270270270316
4660,CDU,1000,19,1.0,0.0,5.17425320056899,1.0,0.0,3.6599099099099077,0.37339971550498063,4.623044096728307,9.70839260312944,3.556187766714082,11.84210526315789,0.9423897581792389,3.0405405405405332,1.3513513513513544,7.094594594594589,5.067567567567565,4.729729729729733,0.6756756756756701
2732,bunt.saar,1000,19,1.0,1.0,6.454480796586059,1.0,1.0,5.180180180180179,10.384068278805124,0.4978662873399742,10.13513513513513,2.258179231863444,13.317923186344231,2.1337126600284506,3.378378378378372,3.378378378378386,5.067567567567565,9.797297297297298,4.391891891891888,5.067567567567565
1641,Die Grünen,1000,19,1.0,0.0,7.52726410621147,1.0,1.0,3.9414414414414396,3.805120910384062,8.321479374110943,6.081081081081081,4.480796586059739,13.851351351351347,8.623755334281647,6.081081081081088,4.054054054054049,2.3648648648648702,5.743243243243242,3.0405405405405332,2.364864864864856
3619,bunt.saar,1000,19,0.0,1.0,3.7814129919393076,0.0,1.0,3.547297297297296,6.685633001422481,1.8136557610241795,1.9203413940255984,5.618776671408241,3.627311522048373,3.022759601706973,0.3378378378378386,4.391891891891902,6.0810810810810665,5.743243243243242,3.0405405405405332,1.689189189189193
4751,FDP,1000,19,0.0,1.0,4.148885727833092,1.0,1.0,4.335585585585587,6.454480796586061,2.1692745376955855,6.91678520625889,5.209815078236119,4.071834992887624,0.07112375533427695,1.689189189189186,3.378378378378379,5.743243243243242,4.391891891891902,7.0945945945945965,3.7162162162162176
2515,FDP,1000,19,0.0,0.0,2.927927927927932,0.0,0.0,3.8851351351351355,1.1024182076813602,1.902560455192038,0.17780938833571014,11.468705547652924,1.3157894736842124,1.6002844950213486,5.743243243243235,6.081081081081088,2.364864864864863,4.391891891891902,3.0405405405405403,1.689189189189186
2189,SPD,1000,19,1.0,1.0,7.5005926979611175,1.0,1.0,1.914414414414414,8.55263157894737,7.5213371266002795,11.041963015647227,1.3691322901849219,6.881223328591744,9.637268847795163,2.3648648648648702,0.3378378378378386,1.689189189189193,1.3513513513513544,1.6891891891891788,4.054054054054049
520,Die Grünen,1000,19,1.0,1.0,3.7073257467994303,1.0,1.0,1.0698198198198223,0.5689900426742511,8.410384068278809,1.3869132290184822,2.3826458036984377,7.805832147937409,1.689189189189193,3.0405405405405403,1.0135135135135087,0.3378378378378386,1.0135135135135158,0.6756756756756843,0.3378378378378457
3451,Die Grünen,1000,19,1.0,0.0,7.894736842105264,1.0,1.0,1.1824324324324351,6.223328591749635,4.765291607396875,5.832147937411094,4.765291607396868,16.891891891891902,8.890469416785209,1.013513513513523,3.0405405405405332,0.6756756756756772,0.3378378378378386,1.3513513513513686,0.6756756756756701
4851,Die Grünen,1000,19,1.0,0.0,1.6654812707444318,0.0,0.0,6.418918918918919,1.2802275960170775,0.053342816500716594,0.17780938833571014,1.902560455192038,5.352062588904694,1.2268847795163538,7.7702702702702595,8.78378378378379,4.729729729729726,5.743243243243249,3.7162162162162176,7.770270270270274
4025,bunt.saar,1000,19,1.0,1.0,5.36391654812707,1.0,1.0,1.74549549549549,7.556899004267429,3.5028449502133583,6.827880512091042,0.9957325746799413,11.575391180654336,1.7247510668563137,1.3513513513513473,4.054054054054035,1.01351351351353,2.0270270270270245,1.0135135135135016,1.0135135135135016
4442,FDP,1000,19,1.0,1.0,5.672119487908962,1.0,1.0,2.195945945945945,3.165007112375541,5.903271692745371,1.76031294452347,8.730440967283073,6.507823613086771,7.965860597439544,3.0405405405405403,2.7027027027027017,2.364864864864863,0.0,1.3513513513513473,3.7162162162162176
4226,Die Grünen,1000,19,1.0,0.0,4.780109056424847,1.0,0.0,4.335585585585587,2.009246088193457,2.3470839260312957,3.09388335704125,2.3826458036984306,14.580369843527748,4.267425320056901,3.7162162162162176,0.0,5.067567567567565,4.729729729729726,6.081081081081095,6.418918918918919
2133,bunt.saar,1000,19,1.0,1.0,2.6049075391180643,0.0,1.0,3.209459459459461,3.4672830725462234,2.2048364153627347,5.743243243243242,0.8712660028449477,0.7112375533428192,2.6315789473684177,5.743243243243249,3.378378378378379,2.0270270270270245,5.067567567567572,1.0135135135135087,2.0270270270270316
2086,FDP,1000,19,1.0,1.0,2.6908487434803248,1.0,1.0,2.3648648648648645,0.10668563300142608,8.534850640113795,3.6806543385490826,0.6401137980085352,2.5426742532005733,0.6401137980085352,2.702702702702709,1.0135135135135158,4.391891891891888,0.3378378378378315,1.3513513513513473,4.391891891891895
728,FDP,1000,19,1.0,1.0,6.279634898055953,1.0,1.0,2.5337837837837847,3.3250355618776624,9.921763869132299,6.312233285917493,7.467994310099577,0.9423897581792389,9.708392603129447,2.0270270270270245,2.7027027027027017,2.0270270270270316,1.3513513513513544,3.7162162162162176,3.378378378378379
2070,CDU,1000,19,0.0,1.0,2.6997392128971085,0.0,1.0,2.702702702702704,5.032005689900423,4.160739687055475,2.115931721194876,2.560455192034155,0.4267425320056901,1.902560455192031,1.3513513513513544,1.3513513513513473,2.7027027027027017,6.081081081081095,3.378378378378379,1.3513513513513473
3455,DIE LINKE,1000,19,1.0,0.0,2.806424845898524,0.0,1.0,1.6891891891891941,0.9779516358463738,1.3869132290184751,7.0590327169274545,2.7738264580369787,1.795874822190612,2.8449502133712485,4.054054054054056,1.3513513513513686,0.3378378378378386,3.378378378378372,0.3378378378378386,0.6756756756756914
4296,FDP,1000,19,1.0,1.0,3.3783783783783776,1.0,1.0,1.5202702702702702,2.5426742532005733,3.8584637268847786,0.8890469416785152,0.8179231863442311,8.32147937411095,3.840682788051218,3.7162162162162176,1.689189189189193,0.6756756756756772,1.689189189189193,0.3378378378378315,1.0135135135135087
2194,CDU,1000,19,1.0,1.0,1.129089615931722,1.0,1.0,2.5337837837837824,0.32005689900426404,2.258179231863444,1.831436699857747,0.4445234708392647,1.0490753911806578,0.8712660028449548,4.054054054054049,0.6756756756756772,0.3378378378378386,6.081081081081088,2.0270270270270245,2.0270270270270174
2155,Die Grünen,1000,19,0.0,0.0,8.525960170697013,0.0,0.0,3.096846846846848,0.8179231863442382,8.837126600284499,14.455903271692748,4.516358463726888,9.815078236130866,12.713371266002838,1.013513513513523,5.743243243243249,3.7162162162162176,2.364864864864863,1.689189189189186,4.054054054054049
1820,FDP,1000,19,1.0,1.0,2.7353010905642514,0.0,0.0,1.463963963963965,1.9914651493598896,2.1337126600284577,4.854196301564727,0.6045519203413932,3.591749644381224,3.236130867709818,1.0135135135135158,2.7027027027026946,1.689189189189186,0.6756756756756843,0.6756756756756772,2.0270270270270316
5004,FDP,1000,19,0.0,1.0,5.375770507349451,0.0,0.0,2.815315315315319,3.6806543385490826,3.662873399715501,3.1294452347083777,9.939544807965845,5.174253200568991,6.667852062588906,2.0270270270270316,2.702702702702709,0.6756756756756843,6.756756756756751,2.702702702702709,2.0270270270270316
748,Die Grünen,1000,19,1.0,0.0,5.269084874348034,1.0,1.0,1.7454954954954924,1.2980085348506378,2.6315789473684177,6.294452347083933,0.7467994310099542,13.033428165007123,7.610241820768138,0.6756756756756701,0.0,3.378378378378372,1.689189189189186,2.364864864864856,2.3648648648648702
1190,SPD,1000,19,0.0,1.0,5.698790896159316,1.0,1.0,1.5202702702702726,8.357041251778092,4.836415362731152,1.6358463726884764,7.770270270270274,8.677098150782356,2.916073968705547,2.0270270270270316,0.6756756756756772,0.6756756756756772,1.0135135135135158,4.054054054054049,0.6756756756756843
5067,FDP,1000,19,0.0,0.0,3.399122807017543,0.0,0.0,2.759009009009008,4.054054054054056,1.973684210526315,2.080369843527741,8.019203413940254,2.6315789473684177,1.6358463726884764,5.4054054054054035,4.729729729729726,0.3378378378378386,1.0135135135135158,4.054054054054056,1.0135135135135087
3800,CDU,1000,19,1.0,1.0,3.0672119487908973,1.0,1.0,1.6328828828828807,0.35561877667140607,3.9118065433855023,4.498577524893314,0.7467994310099613,4.142958748221901,4.747510668563301,3.378378378378379,0.0,1.689189189189186,3.0405405405405403,0.6756756756756701,1.0135135135135087
4264,bunt.saar,1000,19,1.0,1.0,3.5769321953532476,1.0,1.0,3.0968468468468466,3.876244665718353,9.530583214793744,0.4800853485063925,1.9203413940255984,4.409672830725462,1.2446657183499354,2.702702702702709,0.3378378378378386,5.743243243243242,2.0270270270270174,4.391891891891902,3.378378378378372
1204,CDU,1000,19,0.0,0.0,4.036273115220482,1.0,0.0,1.6891891891891884,7.503556187766712,0.9779516358463738,0.23115220483641252,4.2140825035561775,8.641536273115221,2.6493598862019923,3.0405405405405475,3.378378378378379,3.0405405405405403,0.3378378378378244,0.3378378378378386,0.0
4336,FDP,1000,19,0.0,0.0,9.352773826458039,0.0,1.0,2.8716216216216233,8.12588904694168,14.171408250355618,10.970839260312943,9.174964438122338,6.863442389758184,6.810099573257467,0.6756756756756772,1.0135135135135087,4.729729729729733,1.689189189189193,5.405405405405411,3.7162162162162176
4465,FDP,1000,19,0.0,1.0,5.162399241346608,1.0,1.0,1.4076576576576574,7.183499288762434,0.26671408250356166,0.2489331436699871,11.539829302987194,11.201991465149362,0.5334281650071091,0.6756756756756843,3.7162162162162105,0.3378378378378386,0.6756756756756701,0.3378378378378386,2.7027027027027017
2210,DIE LINKE,1000,19,0.0,0.0,5.307610241820775,0.0,1.0,1.6328828828828819,0.5867709815078399,7.290184921763881,7.805832147937409,0.8712660028449548,9.441678520625892,5.849928876244675,2.364864864864856,2.702702702702709,0.0,3.0405405405405403,0.6756756756756772,1.0135135135135087
2854,bunt.saar,1000,19,1.0,0.0,4.457088667614982,1.0,1.0,3.1531531531531534,0.4800853485063925,8.766002844950215,1.2268847795163538,0.3911806543385481,7.130156472261731,8.748221906116648,1.3513513513513473,1.3513513513513544,6.756756756756751,2.0270270270270316,5.4054054054054035,2.0270270270270316
3641,bunt.saar,1000,19,0.0,0.0,4.694167852062589,0.0,0.0,3.5472972972972983,3.3961593172119535,0.8357041251778057,5.672119487908951,1.4580369843527734,10.775248933143672,6.027738264580378,6.081081081081088,0.0,3.0405405405405332,3.378378378378372,4.054054054054056,4.7297297297297405
2434,FDP,1000,19,1.0,0.0,8.632645803698438,1.0,0.0,4.054054054054056,2.5426742532005733,9.45945945945946,9.495021337126602,1.9381223328591872,17.7275960170697,10.633001422475104,0.3378378378378386,4.391891891891895,5.067567567567572,1.689189189189186,8.108108108108112,4.729729729729733
523,bunt.saar,1000,19,1.0,0.0,7.195353247984829,1.0,1.0,1.6891891891891884,0.35561877667140607,5.4054054054054035,12.695590327169285,7.076813655761022,10.348506401137975,7.290184921763881,1.689189189189186,0.3378378378378386,1.0135135135135016,4.729729729729733,0.0,2.3648648648648702
5107,DIE LINKE,1000,19,0.0,0.0,4.510431484115695,1.0,0.0,1.3513513513513498,1.369132290184929,2.329302987197721,7.414651493598868,2.115931721194869,9.992887624466569,3.840682788051211,2.0270270270270316,0.6756756756756701,0.3378378378378386,3.0405405405405332,1.3513513513513473,0.6756756756756772
1060,FDP,1000,19,0.0,0.0,4.581555239449979,1.0,1.0,2.815315315315317,0.6223328591749677,3.200568990042669,5.778805120910384,11.842105263157897,4.17852062588905,1.8669985775249032,2.702702702702716,3.0405405405405403,2.364864864864863,4.729729729729726,2.7027027027027017,1.3513513513513544
2929,FDP,1000,19,1.0,1.0,3.8851351351351346,1.0,1.0,6.362612612612613,3.556187766714082,3.4317211948790884,4.640825035561875,1.2980085348506378,4.765291607396868,5.618776671408256,10.13513513513513,2.7027027027027017,8.783783783783782,6.418918918918919,5.4054054054054035,4.7297297297297405
1543,Die Grünen,1000,19,0.0,0.0,4.569701280227597,0.0,0.0,2.1959459459459496,3.3961593172119535,0.03556187766713492,6.970128022759603,2.9338549075391214,4.889758179231862,9.192745376955905,2.702702702702709,2.0270270270270245,1.689189189189193,5.067567567567579,0.0,1.689189189189193
556,FDP,1000,19,1.0,0.0,3.1264817449027986,1.0,0.0,2.5337837837837824,3.805120910384062,6.258890469416791,1.1024182076813673,0.6401137980085352,6.472261735419636,0.4800853485063996,4.054054054054056,1.689189189189186,3.7162162162162176,3.0405405405405332,0.0,2.7027027027027017
4363,bunt.saar,1000,19,1.0,1.0,4.981626363205316,1.0,0.0,2.1396396396396375,2.560455192034155,4.978662873399728,6.987908961593163,1.2091038406827934,11.077524893314369,3.0761024182076895,1.3513513513513473,1.689189189189193,4.729729729729719,3.378378378378379,1.3513513513513473,0.3378378378378386
4832,FDP,1000,19,1.0,1.0,2.9664532954006604,1.0,1.0,1.1824324324324351,2.916073968705547,5.209815078236126,2.86273115220483,0.03556187766713492,3.982930298719772,2.7916073968705533,1.689189189189186,0.6756756756756843,0.0,3.0405405405405546,0.6756756756756701,1.0135135135135158
290,CDU,1000,19,1.0,1.0,1.81661925082978,0.0,1.0,1.5765765765765754,0.9601706970128063,2.258179231863444,3.8229018492176436,0.8001422475106708,0.8357041251778057,2.2226173541963092,1.3513513513513473,0.3378378378378386,1.0135135135135087,0.3378378378378386,2.7027027027027017,3.7162162162162176
3543,bunt.saar,1000,19,0.0,0.0,4.765291607396871,0.0,1.0,2.4774774774774726,7.503556187766712,2.3115220483641536,0.1955903271692847,5.423186344238971,6.365576102418217,6.792318634423886,5.4054054054054035,2.364864864864856,1.689189189189193,3.0405405405405403,1.6891891891891788,0.675675675675663
3820,bunt.saar,1000,19,1.0,1.0,4.131104788999526,1.0,1.0,4.222972972972972,4.480796586059739,4.658605974395449,6.081081081081081,3.982930298719772,5.423186344238978,0.16002844950213557,2.7027027027026946,3.378378378378379,5.743243243243242,2.702702702702709,6.756756756756758,4.054054054054049
903,CDU,1000,19,1.0,0.0,4.940137505926981,1.0,1.0,2.646396396396399,1.3335704125177799,7.69914651493599,6.187766714082507,7.450213371266003,5.974395448079662,0.9957325746799484,1.689189189189193,3.378378378378379,1.0135135135135158,4.054054054054056,3.0405405405405475,2.7027027027027017
1234,bunt.saar,1000,19,0.0,0.0,4.996443812233282,1.0,0.0,2.308558558558557,1.0846372688477999,2.8449502133712485,8.054765291607396,3.307254623044095,8.108108108108098,6.578947368421055,3.378378378378379,2.7027027027026946,0.0,4.054054054054056,1.3513513513513402,2.3648648648648702
2796,Die Grünen,1000,19,0.0,1.0,2.913110478899958,0.0,1.0,2.083333333333332,2.560455192034155,3.9651493598862118,3.165007112375534,1.3513513513513473,4.925320056899011,1.51137980085349,2.0270270270270174,1.0135135135135158,3.0405405405405475,5.067567567567565,1.3513513513513473,0.0
3891,Die Grünen,1000,19,0.0,0.0,3.176861071597911,0.0,0.0,1.4639639639639637,3.200568990042669,1.404694167852064,5.529871977240397,7.610241820768138,1.2268847795163538,0.08890469416784441,2.3648648648648702,3.7162162162162176,0.3378378378378244,0.6756756756756843,0.3378378378378386,1.3513513513513473
4630,SPD,1000,19,0.0,0.0,3.1590801327643425,0.0,0.0,2.927927927927923,0.4800853485063925,2.275960170697026,7.5924608819345565,3.8940256045519206,2.0981507823613015,2.6137980085348573,4.054054054054056,2.364864864864863,2.364864864864856,6.081081081081074,2.364864864864856,0.3378378378378315
3663,CDU,1000,19,0.0,1.0,7.263513513513512,1.0,0.0,1.5202702702702726,3.307254623044095,10.775248933143672,9.743954480796589,1.689189189189186,9.014935988620195,9.050497866287337,1.689189189189186,4.054054054054056,0.3378378378378315,0.3378378378378457,2.3648648648648702,0.3378378378378457
2010,FDP,1000,19,1.0,0.0,6.626363205310575,1.0,1.0,3.3783783783783776,8.285917496443822,5.689900426742533,10.668563300142246,13.442389758179239,0.2489331436699871,1.4224751066856243,1.0135135135135087,5.4054054054054035,2.0270270270270245,2.0270270270270245,5.067567567567572,4.729729729729733
4181,bunt.saar,1000,19,0.0,0.0,3.0109056424845875,1.0,1.0,1.9144144144144164,5.832147937411094,1.795874822190612,0.46230440967282505,0.26671408250356166,9.495021337126595,0.21337126600283796,0.6756756756756772,0.0,2.7027027027026946,0.6756756756756772,4.054054054054063,3.378378378378386
2539,FDP,1000,19,1.0,1.0,3.565078236130867,1.0,1.0,1.745495495495497,2.773826458036986,5.832147937411094,3.538406827880511,2.00924608819345,6.934566145092472,0.3022759601706895,3.0405405405405332,1.0135135135135158,1.0135135135135087,3.378378378378379,1.3513513513513615,0.6756756756756843
4366,FDP,1000,19,0.0,1.0,4.806780464675199,1.0,0.0,2.5337837837837838,1.689189189189193,0.8890469416785152,7.3790896159317185,8.321479374110943,4.80085348506401,5.7610241820768096,4.391891891891888,1.689189189189186,4.054054054054056,3.7162162162162247,0.3378378378378315,1.0135135135135158
3350,Die Grünen,1000,19,1.0,0.0,4.806780464675202,0.0,0.0,1.8581081081081112,3.8229018492176436,1.2980085348506378,8.410384068278809,2.293741109530579,5.636557610241823,7.3790896159317185,1.0135135135135087,1.689189189189186,4.054054054054063,2.0270270270270316,0.6756756756756843,1.689189189189193
3037,bunt.saar,1000,19,0.0,1.0,4.095542911332387,1.0,1.0,1.6891891891891906,1.6714082503556185,2.791607396870546,2.8271692745376953,0.23115220483641252,9.708392603129454,7.343527738264598,0.6756756756756772,1.3513513513513544,3.378378378378372,1.0135135135135158,1.0135135135135158,2.702702702702709
2643,SPD,1000,19,0.0,0.0,6.857515410146991,0.0,0.0,2.3085585585585555,4.054054054054056,8.108108108108105,8.854907539118074,3.769559032716927,10.91749644381224,5.4409672830725455,0.3378378378378386,0.6756756756756701,6.081081081081074,0.3378378378378457,1.3513513513513402,5.067567567567565
3838,CDU,1000,19,1.0,0.0,2.916073968705547,1.0,1.0,3.6036036036036023,3.698435277382643,4.320768136557611,0.40896159317211556,6.970128022759603,0.0,2.0981507823613086,5.405405405405411,3.0405405405405403,3.7162162162162176,4.054054054054042,1.689189189189186,3.7162162162162176
157,bunt.saar,1000,19,0.0,0.0,5.485419630156471,1.0,1.0,1.9144144144144117,7.04125177809388,0.9957325746799413,1.973684210526315,9.548364153627311,10.02844950213371,3.3250355618776695,2.7027027027026946,3.0405405405405332,1.0135135135135158,4.391891891891888,0.3378378378378386,0.0
2712,DIE LINKE,1000,19,0.0,0.0,2.6019440493124733,0.0,1.0,4.8423423423423415,0.8001422475106708,0.37339971550497353,2.1337126600284577,7.539118065433861,2.0270270270270316,2.7382645803698438,1.689189189189193,1.689189189189186,7.7702702702702595,4.391891891891895,6.756756756756758,6.756756756756758
1069,FDP,1000,19,0.0,1.0,2.7590090090090094,1.0,1.0,2.3085585585585577,3.9651493598862118,1.1379800853485094,3.0049786628733983,1.7425320056898954,3.2539118065433854,3.449502133712656,2.0270270270270245,0.6756756756756772,2.0270270270270316,2.0270270270270174,3.378378378378379,3.7162162162162176
4322,SPD,1000,19,0.0,0.0,6.570056899004265,1.0,1.0,2.195945945945944,1.262446657183503,4.480796586059739,8.961593172119485,1.4224751066856385,11.308677098150774,11.984352773826451,2.3648648648648702,0.6756756756756772,4.054054054054042,1.0135135135135158,3.0405405405405332,2.0270270270270245
5016,FDP,1000,19,0.0,0.0,6.365576102418207,0.0,1.0,1.74549549549549,4.534139402560456,5.2275960170697005,4.231863442389766,14.900426742531998,5.298719772403977,4.000711237553347,2.0270270270270174,1.0135135135135087,1.0135135135135087,5.067567567567558,0.0,1.3513513513513473
862,SPD,1000,19,1.0,0.0,4.8215979137031795,0.0,0.0,5.4617117117117155,3.3961593172119535,4.640825035561875,7.681365576102422,1.0668563300142253,4.800853485064017,7.343527738264584,5.743243243243249,2.0270270270270316,7.0945945945945965,6.081081081081081,5.743243243243249,6.081081081081088
1555,bunt.saar,1000,19,1.0,1.0,4.4570886676149835,1.0,1.0,1.7454954954954995,7.556899004267429,0.7823613086770962,1.795874822190612,5.725462304409675,6.561166429587473,4.320768136557618,2.702702702702709,1.3513513513513544,1.0135135135135158,3.378378378378386,1.3513513513513544,0.6756756756756772
1912,CDU,1000,19,0.0,1.0,4.086652441915601,1.0,1.0,1.8018018018018012,2.0981507823613015,2.6849217638691414,10.188477951635846,2.0270270270270316,3.94736842105263,3.5739687055476566,0.6756756756756772,3.378378378378372,2.7027027027027017,2.0270270270270316,0.3378378378378386,1.689189189189186
2497,FDP,1000,19,0.0,0.0,3.5680417259364603,0.0,0.0,3.0968468468468444,0.604551920341386,5.636557610241816,3.0405405405405403,0.3022759601707037,11.326458036984356,0.49786628733995997,1.689189189189193,5.067567567567558,5.743243243243235,0.6756756756756701,1.689189189189193,3.7162162162162176
2855,FDP,1000,19,0.0,1.0,2.4478425794215255,1.0,1.0,1.0135135135135134,1.1024182076813673,0.1955903271692847,2.364864864864863,4.42745376955903,4.2496443812233196,2.3470839260312886,1.3513513513513402,1.013513513513523,0.6756756756756772,0.6756756756756772,2.0270270270270174,0.3378378378378457
2952,bunt.saar,1000,19,0.0,1.0,6.036628733997156,1.0,1.0,2.0270270270270294,1.2802275960170704,4.783072546230443,9.139402560455203,4.071834992887624,10.010668563300136,6.934566145092461,2.3648648648648702,2.364864864864856,2.3648648648648702,1.689189189189193,0.3378378378378386,3.0405405405405475
5051,FDP,1000,19,0.0,1.0,2.9220009483167373,0.0,1.0,6.306306306306311,4.196301564722617,1.3335704125177799,4.320768136557611,0.12446657183498644,4.498577524893321,3.058321479374108,3.0405405405405475,6.756756756756765,8.783783783783782,1.3513513513513544,10.810810810810821,7.0945945945945965
4831,Die Grünen,1000,19,0.0,0.0,6.066263632053104,1.0,1.0,4.391891891891894,0.12446657183499354,1.0135135135135087,10.455192034139408,2.7027027027026946,14.118065433854916,7.983641536273105,1.3513513513513473,1.3513513513513473,9.459459459459467,2.3648648648648702,6.418918918918926,5.4054054054054035
1975,Die Grünen,1000,19,1.0,0.0,6.6856330014224765,1.0,1.0,1.407657657657661,2.3470839260312957,4.711948790896166,9.28165007112375,4.623044096728307,12.73115220483642,6.418918918918919,0.6756756756756843,0.3378378378378528,2.364864864864856,1.0135135135135087,1.3513513513513544,2.702702702702709
4205,Die Grünen,1000,19,0.0,0.0,8.116998577524896,0.0,0.0,4.448198198198199,6.863442389758184,1.7425320056899025,12.87339971550498,1.9381223328591801,17.01635846372689,8.26813655761024,0.3378378378378386,0.3378378378378386,10.135135135135137,1.3513513513513473,8.783783783783782,5.743243243243249
2424,bunt.saar,1000,19,1.0,0.0,5.541725936462776,1.0,0.0,9.62837837837838,1.3335704125177799,3.840682788051197,4.391891891891902,1.724751066856328,14.43812233285918,7.521337126600272,8.445945945945951,0.3378378378378528,11.486486486486498,7.432432432432428,14.527027027027025,15.540540540540533
2966,FDP,1000,19,1.0,0.0,3.4939544807965888,1.0,0.0,2.027027027027026,9.797297297297305,3.165007112375541,4.534139402560456,2.6493598862019923,0.426742532005683,0.3911806543385552,1.0135135135135087,0.0,2.3648648648648702,1.3513513513513544,4.391891891891888,3.0405405405405332
3813,CDU,1000,19,0.0,1.0,2.4033902323375997,0.0,0.0,2.9279279279279287,5.565433854907539,0.26671408250354744,1.7780938833570303,0.6223328591749677,6.009957325746804,0.17780938833571014,2.0270270270270316,7.7702702702702595,3.7162162162162176,0.6756756756756843,0.3378378378378386,3.0405405405405403
3886,Die Grünen,1000,19,1.0,1.0,7.470957799905171,1.0,1.0,1.8018018018018,0.8179231863442382,9.868421052631582,9.263869132290182,1.2980085348506378,12.073257467994324,11.504267425320059,2.0270270270270174,0.0,3.378378378378386,0.6756756756756701,1.689189189189193,3.0405405405405332
762,SPD,1000,19,0.0,0.0,6.75082977714557,1.0,1.0,1.2387387387387416,0.5867709815078399,6.152204836415365,12.26884779516358,1.2980085348506378,8.01920341394026,12.179943100995736,1.3513513513513615,0.0,2.364864864864863,1.3513513513513544,1.3513513513513544,1.0135135135135158
2804,CDU,1000,19,0.0,0.0,2.5723091512565204,1.0,0.0,5.461711711711715,2.8982930298719793,0.6223328591749677,2.578236130867701,1.8136557610241795,0.9779516358463738,6.54338549075392,4.054054054054063,7.432432432432435,4.054054054054056,7.094594594594589,5.4054054054054035,4.7297297297297405
764,bunt.saar,1000,19,0.0,0.0,3.8051209103840677,0.0,0.0,1.4076576576576596,3.805120910384062,0.32005689900426404,6.276671408250358,3.09388335704125,4.623044096728307,4.711948790896166,1.0135135135135087,1.3513513513513544,1.3513513513513615,2.3648648648648702,0.3378378378378315,2.0270270270270316
3290,bunt.saar,1000,19,0.0,0.0,6.193693693693699,0.0,0.0,1.9144144144144164,0.7112375533428192,3.9118065433855023,7.414651493598868,3.3250355618776624,14.91820768136558,6.881223328591759,3.378378378378379,0.3378378378378386,0.0,2.702702702702709,4.391891891891895,0.6756756756756772
1164,bunt.saar,1000,19,1.0,0.0,7.408724513987675,1.0,1.0,2.195945945945945,0.46230440967283215,0.3911806543385552,13.851351351351354,7.1657183499288735,13.83357041251778,8.748221906116655,2.364864864864863,1.0135135135135016,3.0405405405405475,0.6756756756756772,3.0405405405405475,3.0405405405405332
1249,FDP,1000,19,1.0,1.0,4.234826932195351,1.0,1.0,3.1531531531531534,3.200568990042669,4.2140825035561775,3.6095305832147915,2.2048364153627347,8.872688477951634,3.307254623044102,2.7027027027027017,2.7027027027026946,3.378378378378379,2.702702702702709,3.378378378378379,4.054054054054056
1653,FDP,1000,19,0.0,1.0,8.754148885727831,1.0,1.0,1.7454954954954982,4.0362731152204745,10.384068278805131,6.063300142247513,9.76173541963015,10.544096728307252,11.735419630156475,1.689189189189193,2.7027027027027017,0.6756756756756701,1.3513513513513686,2.364864864864863,1.689189189189193
2946,SPD,1000,19,1.0,0.0,4.036273115220485,1.0,1.0,3.0405405405405417,0.10668563300142608,1.6358463726884764,6.152204836415365,2.3293029871977353,3.5739687055476566,10.419630156472252,2.3648648648648702,1.3513513513513544,3.0405405405405475,3.0405405405405546,2.0270270270270174,6.418918918918905
854,bunt.saar,1000,19,1.0,0.0,3.120554765291608,1.0,1.0,2.9279279279279273,2.258179231863444,1.4758179231863409,1.0490753911806507,2.6137980085348502,9.121621621621628,2.2048364153627347,2.7027027027026946,1.3513513513513544,2.0270270270270316,5.4054054054054035,1.689189189189193,4.391891891891888
3320,SPD,1000,19,1.0,0.0,4.2081555239449955,1.0,0.0,1.9144144144144153,8.303698435277383,7.450213371266003,3.09388335704125,1.0312944523470833,4.551920341394016,0.8179231863442382,3.378378378378372,3.0405405405405403,2.3648648648648702,1.3513513513513544,1.0135135135135087,0.3378378378378457
1741,bunt.saar,1000,19,1.0,1.0,2.8953295400663825,1.0,1.0,3.3220720720720713,0.16002844950213557,0.10668563300142608,3.236130867709818,2.471550497866282,8.410384068278809,2.9871977240398238,2.0270270270270316,5.067567567567565,4.391891891891902,3.378378378378372,3.378378378378372,1.689189189189186
1796,Die Grünen,1000,19,0.0,0.0,4.815670934091986,1.0,0.0,0.9009009009008982,0.9601706970128063,4.943100995732571,7.005689900426745,1.1557610241820626,10.54409672830726,4.285206258890469,0.6756756756756701,0.3378378378378386,2.364864864864863,0.3378378378378244,1.3513513513513544,0.3378378378378386
1660,DIE LINKE,1000,19,0.0,0.0,2.924964438122329,0.0,0.0,2.9279279279279287,0.5512091038406766,8.481507823613093,0.49786628733995997,5.0497866287340045,0.7290184921763796,2.2403982930298625,4.729729729729733,1.3513513513513615,0.6756756756756701,5.067567567567565,2.3648648648648702,3.378378378378372
1456,FDP,1000,19,1.0,0.0,4.913466097676621,1.0,1.0,1.1824324324324376,9.903982930298717,4.516358463726888,5.298719772403977,0.0889046941678373,8.55263157894737,1.1201991465149348,1.013513513513523,0.3378378378378386,0.6756756756756843,3.7162162162162247,0.6756756756756772,0.6756756756756772
1769,DIE LINKE,1000,19,1.0,0.0,5.1535087719298245,0.0,1.0,1.0135135135135087,4.231863442389766,2.6137980085348573,5.867709815078236,7.183499288762434,7.21906116642959,3.805120910384062,1.0135135135135087,0.0,0.675675675675663,2.0270270270270245,1.0135135135135087,1.3513513513513473
1400,FDP,1000,19,0.0,1.0,4.907539118065432,1.0,1.0,1.3513513513513555,3.236130867709818,6.54338549075392,1.724751066856328,10.615220483641522,5.636557610241816,1.689189189189186,0.3378378378378457,0.3378378378378386,0.3378378378378386,1.01351351351353,2.7027027027027017,3.378378378378379
230,SPD,1000,19,0.0,0.0,8.309625414888574,0.0,0.0,3.096846846846848,4.356330014224753,0.5334281650071233,13.22901849217638,9.121621621621621,12.375533428165006,10.241820768136563,1.0135135135135158,0.0,5.067567567567565,1.3513513513513473,7.432432432432435,3.7162162162162247
362,FDP,1000,19,1.0,0.0,4.018492176386913,1.0,0.0,2.139639639639642,4.783072546230443,6.881223328591744,3.6806543385490755,3.307254623044095,5.174253200568991,0.2844950213371291,5.743243243243242,1.013513513513523,3.0405405405405403,1.689189189189193,1.0135135135135158,0.3378378378378386
4001,Die Grünen,1000,19,1.0,1.0,3.482100521574207,1.0,1.0,2.7027027027027017,2.578236130867701,3.271692745376953,0.26671408250355455,5.423186344238985,6.063300142247513,3.2894736842105345,0.675675675675663,0.3378378378378315,4.054054054054049,3.0405405405405475,6.081081081081088,2.0270270270270316
4309,CDU,1000,19,1.0,0.0,3.5146989094357473,1.0,1.0,1.6328828828828807,3.022759601706973,4.87197724039828,4.17852062588905,4.267425320056894,2.1692745376955855,2.578236130867701,1.0135135135135016,1.0135135135135087,3.0405405405405403,0.6756756756756772,2.0270270270270316,2.0270270270270245
2333,DIE LINKE,1000,19,1.0,0.0,6.448553816974869,1.0,0.0,2.646396396396399,6.952347083926028,4.658605974395449,10.50853485064011,0.8712660028449548,9.886201991465143,5.814366998577526,3.7162162162162176,4.054054054054063,4.391891891891888,0.6756756756756772,2.702702702702709,0.3378378378378386
4035,Die Grünen,1000,19,1.0,1.0,1.6565908013276385,1.0,1.0,3.3220720720720736,1.2091038406827934,3.6450924608819264,0.17780938833570303,1.4224751066856243,1.4402560455191917,2.044807965860592,0.0,0.6756756756756701,5.067567567567565,3.0405405405405332,5.067567567567579,6.081081081081095
3691,bunt.saar,1000,19,1.0,1.0,2.6315789473684212,0.0,1.0,1.6328828828828854,2.7916073968705533,0.7823613086770962,2.987197724039831,2.2403982930298696,2.2759601706970187,4.711948790896159,3.378378378378379,1.0135135135135158,2.0270270270270174,0.6756756756756772,1.689189189189193,1.01351351351353
2668,CDU,1000,19,0.0,1.0,3.8377192982456108,1.0,1.0,4.448198198198199,1.831436699857747,5.334281650071119,5.1031294452347,4.925320056899004,2.400426742532005,3.4317211948790884,4.729729729729726,1.013513513513523,5.743243243243235,3.7162162162162176,4.054054054054056,7.432432432432435
1327,FDP,1000,19,0.0,1.0,5.357989568515886,0.0,1.0,3.8851351351351355,2.1692745376955855,0.5156472261735487,4.463015647226172,7.254623044096725,13.015647226173545,4.729729729729733,3.7162162162162176,3.7162162162162176,5.743243243243242,3.0405405405405475,1.3513513513513544,5.743243243243235
1550,FDP,1000,19,1.0,1.0,2.9042200094831663,1.0,1.0,2.3648648648648654,0.6756756756756772,8.908250355618776,0.23115220483641252,1.0668563300142182,6.009957325746804,0.5334281650071091,3.0405405405405332,0.6756756756756772,2.3648648648648702,3.7162162162162247,0.3378378378378386,4.054054054054049
2068,CDU,1000,19,1.0,0.0,3.114627785680413,1.0,0.0,2.0833333333333335,0.35561877667140607,0.604551920341386,2.8449502133712556,3.6095305832147915,7.5924608819345565,3.6806543385490826,2.0270270270270245,1.0135135135135087,1.0135135135135158,0.3378378378378386,5.067567567567565,3.0405405405405475
1213,CDU,1000,19,1.0,0.0,4.24075391180654,0.0,1.0,1.6328828828828783,1.3869132290184822,4.285206258890469,6.685633001422467,5.654338549075405,2.00924608819345,5.423186344238971,0.3378378378378244,1.689189189189193,2.7027027027027017,2.364864864864856,0.3378378378378315,2.364864864864863
1714,Die Grünen,1000,19,1.0,1.0,3.668800379326689,1.0,1.0,3.0405405405405417,3.413940256045514,5.885490753911803,0.03556187766713492,3.200568990042669,7.699146514935983,1.7780938833570303,1.689189189189186,0.3378378378378386,4.391891891891888,1.0135135135135158,4.391891891891902,6.418918918918919
1910,SPD,1000,19,0.0,0.0,6.226292081555241,0.0,0.0,5.011261261261264,5.387624466571836,7.201280227596023,9.210526315789465,1.546941678520632,10.864153627311524,3.1472261735419664,2.3648648648648702,5.743243243243249,6.756756756756758,2.3648648648648702,10.472972972972968,2.3648648648648702
2838,FDP,1000,19,1.0,1.0,1.7810573731626367,0.0,0.0,7.432432432432434,2.3470839260312957,2.222617354196302,3.8584637268847786,0.7645803698435287,1.2802275960170775,0.21337126600283796,1.3513513513513544,9.797297297297298,8.783783783783782,4.7297297297297405,8.108108108108105,11.824324324324323
2748,bunt.saar,1000,19,1.0,1.0,3.985893788525369,1.0,1.0,2.3085585585585604,3.8229018492176365,4.391891891891902,2.6493598862019923,3.8940256045519206,8.392603129445234,0.7645803698435287,2.7027027027027017,2.702702702702709,2.702702702702709,0.0,4.054054054054049,1.689189189189193
1734,bunt.saar,1000,19,1.0,0.0,4.910502607871028,1.0,0.0,2.6463963963963963,8.07254623044097,7.930298719772395,0.6756756756756772,2.7204836415362763,9.903982930298717,0.16002844950213557,1.689189189189193,1.689189189189186,5.067567567567565,3.0405405405405403,0.3378378378378457,4.054054054054049
3321,FDP,1000,19,1.0,0.0,3.283546704599337,1.0,0.0,1.4639639639639672,2.720483641536269,2.044807965860592,2.9694167852062634,1.4580369843527734,8.641536273115221,1.8669985775249032,3.0405405405405475,0.3378378378378457,1.689189189189186,2.0270270270270316,1.3513513513513473,0.3378378378378457
3146,Die Grünen,1000,19,1.0,0.0,5.497273589378852,1.0,1.0,1.463963963963959,9.992887624466569,0.7290184921763796,5.7254623044096675,4.67638691322901,7.610241820768145,4.249644381223341,2.0270270270270316,0.675675675675663,0.3378378378378386,3.0405405405405332,1.3513513513513402,1.3513513513513473
5148,FDP,1000,19,1.0,1.0,3.6332385016595565,1.0,1.0,2.6463963963963977,4.587482219061172,1.7425320056899025,3.52062588904694,5.174253200568998,1.475817923186348,5.298719772403977,0.3378378378378386,5.067567567567565,4.391891891891888,2.3648648648648702,3.0405405405405403,0.6756756756756843
974,Die Grünen,1000,19,0.0,1.0,3.9621858700806087,1.0,0.0,2.308558558558559,0.017780938833574567,1.973684210526315,3.662873399715508,5.689900426742533,7.841394025604551,4.587482219061172,1.689189189189186,3.378378378378372,3.0405405405405332,2.0270270270270316,1.013513513513523,2.702702702702709
2690,FDP,1000,19,0.0,0.0,3.375414888572782,0.0,0.0,3.153153153153152,2.329302987197721,1.1379800853485094,6.614509246088197,7.325746799431002,2.0981507823613086,0.7467994310099542,4.054054054054042,0.0,8.108108108108105,0.6756756756756772,1.3513513513513615,4.729729729729726
2831,bunt.saar,1000,19,1.0,1.0,1.132053105737313,1.0,0.0,3.0405405405405426,4.142958748221901,0.6578947368421026,1.0490753911806578,0.07112375533427695,0.32005689900426404,0.5512091038406766,0.0,4.391891891891902,4.729729729729726,1.0135135135135158,6.081081081081081,2.0270270270270316
4472,Die Grünen,1000,19,0.0,1.0,4.125177809388338,0.0,1.0,3.434684684684681,3.165007112375541,3.9651493598862046,4.854196301564727,1.404694167852064,7.343527738264584,4.018492176386907,5.067567567567565,0.3378378378378315,4.391891891891895,6.081081081081074,0.6756756756756772,4.054054054054042
4213,CDU,1000,19,1.0,1.0,2.664177335229965,1.0,1.0,1.4076576576576574,0.16002844950213557,3.0049786628733983,4.67638691322901,2.4537695590327075,1.4580369843527734,4.231863442389766,2.0270270270270174,0.6756756756756843,1.3513513513513473,1.0135135135135158,2.0270270270270245,1.3513513513513544
593,SPD,1000,19,1.0,1.0,3.351706970128024,1.0,1.0,1.5765765765765778,0.6401137980085352,8.339260312944525,1.369132290184929,1.831436699857747,0.5156472261735416,7.414651493598868,1.3513513513513544,0.3378378378378315,3.378378378378372,0.6756756756756843,3.7162162162162247,0.0
3005,bunt.saar,1000,19,1.0,1.0,5.343172119487909,1.0,0.0,12.33108108108108,0.26671408250356166,2.400426742531998,10.91749644381224,3.8940256045519206,7.539118065433854,7.04125177809388,9.797297297297298,4.391891891891888,16.554054054054056,14.527027027027025,12.162162162162161,16.554054054054056
3052,Die Grünen,1000,19,1.0,0.0,6.377430061640588,1.0,1.0,0.7319819819819801,1.2091038406827934,9.157183499288756,7.734708392603132,2.258179231863444,9.619487908961581,8.285917496443822,0.0,0.675675675675663,0.6756756756756772,0.6756756756756843,0.675675675675663,1.689189189189193
2154,CDU,1000,19,0.0,1.0,3.612494073020393,0.0,1.0,1.6328828828828843,3.627311522048373,3.0761024182076824,3.840682788051218,2.3115220483641536,6.596728307254629,2.222617354196302,2.0270270270270245,0.3378378378378386,0.6756756756756843,0.6756756756756701,4.391891891891895,1.689189189189193
4769,bunt.saar,1000,19,1.0,0.0,4.5252489331436685,1.0,1.0,0.9009009009008947,1.3869132290184822,0.12446657183498644,6.507823613086771,5.7610241820768096,10.384068278805131,2.987197724039831,0.6756756756756843,0.3378378378378244,1.0135135135135016,0.3378378378378386,1.0135135135135016,2.0270270270270174
180,bunt.saar,1000,19,1.0,0.0,3.2983641536273134,1.0,0.0,7.826576576576579,1.8847795163584635,1.831436699857747,2.293741109530586,2.2048364153627347,10.72190611664297,0.8534850640113802,7.770270270270274,4.391891891891902,7.0945945945945965,9.45945945945946,9.797297297297305,8.445945945945937
725,CDU,1000,19,1.0,1.0,5.2127785680417285,1.0,1.0,2.7027027027027017,3.2539118065433925,3.378378378378379,3.6806543385490826,12.517780938833575,8.232574679943106,0.21337126600283796,3.7162162162162176,0.0,3.7162162162162176,2.0270270270270174,4.729729729729733,2.0270270270270245
2021,SPD,1000,19,1.0,1.0,4.643788525367474,1.0,1.0,3.1531531531531507,5.903271692745371,4.996443812233288,6.116642958748223,3.5384068278805074,0.5334281650071233,6.7745376955903325,7.0945945945945965,0.3378378378378386,2.3648648648648702,6.081081081081081,2.364864864864856,0.675675675675663
