person_id,true_best_party,n_train,n_items_asked_50,obs_top1,obs_top3,obs_mae_mean,pred_top1,pred_top3,pred_mae_mean,obs_mae_CDU,obs_mae_DIE LINKE,obs_mae_Die Grünen,obs_mae_FDP,obs_mae_SPD,obs_mae_bunt.saar,pred_mae_CDU,pred_mae_DIE LINKE,pred_mae_Die Grünen,pred_mae_FDP,pred_mae_SPD,pred_mae_bunt.saar
118,CDU,1750,19,1.0,0.0,4.439307728781416,1.0,0.0,1.8581081081081063,2.418207681365587,1.9381223328591872,1.724751066856328,13.477951635846374,1.724751066856328,5.352062588904694,0.3378378378378244,5.405405405405411,0.0,0.6756756756756701,0.3378378378378457,4.391891891891888
1588,FDP,1750,19,1.0,1.0,5.132764343290657,1.0,0.0,0.6193693693693708,5.1031294452347,2.222617354196302,3.3605974395448044,11.201991465149362,3.7873399715504945,5.1209103840682815,1.013513513513523,0.6756756756756772,0.0,1.689189189189186,0.0,0.3378378378378386
919,SPD,1750,19,1.0,0.0,3.084992887624466,1.0,1.0,1.0135135135135147,6.703413940256041,2.2226173541963092,1.9203413940255984,1.1201991465149348,2.6493598862019923,3.8940256045519206,1.0135135135135158,0.3378378378378386,3.0405405405405403,0.3378378378378386,1.3513513513513544,0.0
2723,CDU,1750,19,1.0,1.0,2.4656235182550965,1.0,1.0,3.040540540540539,2.6493598862019923,1.4402560455191917,4.338549075391185,0.40896159317212266,3.0405405405405403,2.916073968705547,3.7162162162162105,4.391891891891895,3.0405405405405332,3.7162162162162176,3.0405405405405403,0.3378378378378386
2630,CDU,1750,19,0.0,1.0,3.4672830725462283,1.0,1.0,1.7454954954954995,7.183499288762434,5.1920341394025655,1.5825035561877598,0.12446657183499354,3.236130867709811,3.485064011379805,2.0270270270270316,2.364864864864863,0.6756756756756843,4.729729729729733,0.6756756756756843,0.0
1106,FDP,1750,19,1.0,0.0,5.331318160265535,1.0,1.0,1.8581081081081063,6.952347083926043,4.480796586059739,8.979374110953067,6.436699857752494,2.3293029871977353,2.809388335704128,0.6756756756756772,1.689189189189186,1.3513513513513473,0.6756756756756772,2.7027027027026946,4.054054054054056
4764,FDP,1750,19,1.0,1.0,3.8317923186344274,1.0,1.0,2.871621621621626,7.539118065433861,1.6714082503556185,1.4935988620199154,9.708392603129454,0.053342816500716594,2.5248933143669987,1.3513513513513615,4.054054054054056,3.378378378378379,2.702702702702709,2.0270270270270316,3.7162162162162176
3782,DIE LINKE,1750,19,1.0,1.0,2.6760312944523457,1.0,1.0,6.869369369369367,3.1827880512090942,4.320768136557611,1.6002844950213415,0.6045519203413932,2.880512091038412,3.4672830725462234,7.0945945945945965,7.094594594594589,6.756756756756751,8.445945945945944,7.0945945945945965,4.729729729729726
2758,Die Grünen,1750,19,0.0,0.0,6.424845898530108,1.0,1.0,1.5765765765765802,2.86273115220483,6.632290184921764,9.726173541963014,0.32005689900426404,10.9352773826458,8.07254623044097,2.7027027027027017,0.3378378378378386,2.0270270270270316,2.7027027027027017,1.3513513513513686,0.3378378378378386
1618,Die Grünen,1750,19,0.0,0.0,7.402797534376479,0.0,0.0,4.448198198198198,3.0049786628733983,10.526315789473685,5.298719772403977,6.650071123755325,9.548364153627304,9.388335704125183,3.378378378378379,4.729729729729726,4.391891891891888,2.3648648648648702,7.432432432432435,4.391891891891888
4886,SPD,1750,19,0.0,0.0,7.633949739212897,0.0,0.0,7.882882882882881,3.5028449502133725,10.206258890469421,8.01920341394026,5.7610241820768096,11.984352773826451,6.330014224751068,2.364864864864863,4.054054054054056,10.472972972972968,8.783783783783782,14.189189189189186,7.432432432432428
3260,Die Grünen,1750,19,0.0,1.0,3.073138928402082,1.0,1.0,2.2522522522522515,3.520625889046933,1.7069701280227676,2.00924608819345,3.1294452347083777,6.116642958748223,1.9559032716927405,0.3378378378378386,2.702702702702709,3.378378378378379,0.3378378378378244,4.391891891891888,2.3648648648648702
3339,CDU,1750,19,0.0,0.0,2.8034613560929316,0.0,0.0,2.421171171171167,5.618776671408241,2.6493598862019923,0.40896159317212266,2.2403982930298625,1.973684210526315,3.9295874822190555,1.689189189189186,3.378378378378372,4.391891891891888,1.689189189189186,3.378378378378372,0.0
2972,DIE LINKE,1750,19,1.0,0.0,4.990516832622099,1.0,1.0,0.5630630630630632,3.200568990042669,3.662873399715508,7.876955903271693,1.8847795163584706,10.099573257467995,3.2183499288762576,1.0135135135135087,0.0,0.3378378378378386,0.0,1.013513513513523,1.0135135135135087
989,FDP,1750,19,1.0,1.0,4.359293504030345,1.0,1.0,1.3513513513513498,2.187055476529153,9.903982930298714,4.836415362731152,4.783072546230443,0.07112375533427695,4.374110953058327,3.7162162162162176,0.3378378378378386,0.3378378378378386,1.3513513513513402,2.364864864864863,0.0
2141,SPD,1750,19,0.0,0.0,4.000711237553346,0.0,1.0,1.5765765765765754,1.4935988620199083,2.5960170697012828,2.275960170697026,1.5647226173541924,6.952347083926043,9.121621621621621,4.054054054054056,2.364864864864856,1.3513513513513473,0.6756756756756701,0.6756756756756843,0.3378378378378386
2948,SPD,1750,19,1.0,0.0,3.597676623992418,1.0,1.0,2.421171171171172,4.107396870554773,3.805120910384062,6.952347083926043,2.5248933143669987,1.8847795163584777,2.3115220483641536,2.702702702702709,5.067567567567565,1.0135135135135158,2.0270270270270174,2.0270270270270316,1.689189189189193
2322,Die Grünen,1750,19,0.0,0.0,4.566737790422003,1.0,0.0,1.632882882882883,2.1337126600284577,3.4672830725462234,5.600995732574688,1.1024182076813602,8.55263157894737,6.54338549075392,3.7162162162162176,2.7027027027027017,0.3378378378378386,1.0135135135135087,0.3378378378378386,1.689189189189193
2073,CDU,1750,19,1.0,1.0,2.7560455192034135,0.0,1.0,3.6036036036036037,0.6756756756756772,1.2446657183499354,4.498577524893314,0.6756756756756772,4.142958748221901,5.298719772403977,2.0270270270270174,1.3513513513513615,6.418918918918912,3.7162162162162247,3.378378378378379,4.729729729729726
1802,Die Grünen,1750,19,1.0,0.0,8.060692271218587,0.0,1.0,2.1396396396396447,1.902560455192038,7.0945945945945965,11.69985775248933,5.7254623044096675,11.34423897581793,10.597439544807962,4.054054054054063,0.6756756756756772,1.0135135135135158,4.391891891891888,1.3513513513513544,1.3513513513513686
2079,Die Grünen,1750,19,1.0,0.0,6.196657183499286,1.0,0.0,1.914414414414414,1.4935988620199083,2.3470839260312957,7.183499288762434,2.86273115220483,14.580369843527748,8.712660028449498,0.6756756756756772,0.6756756756756843,3.7162162162162105,1.0135135135135087,3.7162162162162247,1.6891891891891788
166,FDP,1750,19,1.0,1.0,5.965504978662872,1.0,1.0,2.984234234234235,3.165007112375541,7.930298719772395,4.089615931721191,7.0945945945945965,7.0590327169274545,6.454480796586054,5.743243243243235,0.0,4.391891891891895,0.6756756756756772,1.3513513513513544,5.743243243243249
703,DIE LINKE,1750,19,1.0,0.0,3.9592223802750106,1.0,1.0,1.3513513513513509,2.578236130867701,0.6045519203413932,0.9068278805120897,5.174253200568991,10.864153627311524,3.627311522048366,1.3513513513513544,1.013513513513523,1.0135135135135087,1.0135135135135158,1.3513513513513473,2.364864864864856
3381,Die Grünen,1750,19,1.0,0.0,7.482811759127549,1.0,1.0,3.2094594594594597,2.1337126600284577,10.188477951635846,7.521337126600272,4.711948790896152,10.97083926031295,9.370554765291615,2.702702702702709,2.7027027027027017,3.0405405405405332,5.743243243243235,2.0270270270270316,3.0405405405405475
3041,SPD,1750,19,0.0,0.0,5.248340445708865,1.0,0.0,5.123873873873872,11.646514935988613,0.10668563300142608,0.2489331436699871,9.992887624466569,3.4317211948790884,6.063300142247506,0.6756756756756701,4.054054054054049,8.783783783783782,2.364864864864856,5.743243243243249,9.121621621621621
1336,bunt.saar,1750,19,1.0,0.0,4.548956851588429,1.0,0.0,3.209459459459461,1.7069701280227676,0.1422475106685539,10.704125177809388,2.115931721194869,6.525604551920338,6.098862019914655,3.0405405405405475,2.702702702702709,2.364864864864863,2.364864864864863,3.378378378378372,5.405405405405411
4555,bunt.saar,1750,19,1.0,0.0,7.156827880512093,1.0,1.0,0.45045045045045146,1.404694167852064,2.6137980085348573,8.605974395448087,1.689189189189186,18.31436699857752,10.312944523470847,0.6756756756756843,0.6756756756756772,0.0,1.3513513513513473,0.0,0.0
4307,FDP,1750,19,0.0,1.0,4.747510668563297,1.0,1.0,2.759009009009013,4.338549075391185,2.8449502133712627,2.7916073968705533,12.037695590327168,1.0312944523470762,5.440967283072538,2.702702702702709,1.0135135135135158,3.7162162162162176,2.3648648648648702,4.729729729729733,2.0270270270270316
378,CDU,1750,19,1.0,1.0,2.673067804646756,1.0,1.0,2.1396396396396384,0.1422475106685539,2.3648648648648702,3.7162162162162176,2.951635846372696,4.249644381223341,2.6137980085348573,1.3513513513513544,4.054054054054042,0.0,0.6756756756756772,2.3648648648648702,4.391891891891888
1251,CDU,1750,19,1.0,0.0,2.5930535798956895,1.0,0.0,2.195945945945944,1.6002844950213486,3.5028449502133725,3.876244665718353,0.16002844950213557,3.2183499288762576,3.200568990042669,3.7162162162162176,2.0270270270270245,0.3378378378378244,3.378378378378393,2.0270270270270174,1.689189189189186
4206,FDP,1750,19,1.0,0.0,2.6226884779516353,1.0,1.0,1.3513513513513509,5.95661450924608,4.391891891891895,0.4267425320056901,1.7069701280227676,1.5647226173541924,1.689189189189186,0.3378378378378386,1.3513513513513473,2.0270270270270316,0.6756756756756772,0.6756756756756772,3.0405405405405332
259,SPD,1750,19,0.0,1.0,6.410028449502135,0.0,1.0,2.3648648648648645,0.6401137980085352,8.232574679943106,4.605263157894733,8.641536273115221,6.7745376955903325,9.566145092460879,3.378378378378386,0.6756756756756701,1.3513513513513473,2.0270270270270245,4.054054054054063,2.7027027027026946
2802,Die Grünen,1750,19,0.0,0.0,7.067923186344243,1.0,1.0,2.927927927927931,1.0312944523470833,10.721906116642963,7.02347083926032,0.2489331436699942,15.23826458036985,8.143669985775247,2.364864864864863,1.3513513513513473,2.702702702702709,6.418918918918919,4.391891891891902,0.3378378378378457
142,FDP,1750,19,1.0,1.0,8.360004741583687,1.0,1.0,5.405405405405408,7.841394025604551,5.636557610241816,9.032716927453777,3.4672830725462234,11.184210526315788,12.997866287339967,2.3648648648648702,8.783783783783782,4.729729729729733,3.378378378378386,7.432432432432435,5.743243243243242
2557,bunt.saar,1750,19,1.0,1.0,5.482456140350876,1.0,1.0,0.3941441441441462,1.3513513513513473,4.551920341394016,10.099573257468002,0.5689900426742511,8.07254623044097,8.250355618776666,0.0,1.013513513513523,0.0,0.3378378378378386,1.0135135135135158,0.0
2131,bunt.saar,1750,19,1.0,1.0,5.040896159317214,0.0,0.0,2.083333333333331,4.12517780938834,5.352062588904687,5.0853485064011394,4.925320056899011,5.636557610241823,5.1209103840682815,1.0135135135135158,3.0405405405405332,4.054054054054063,0.3378378378378386,3.0405405405405332,1.0135135135135016
3182,FDP,1750,19,0.0,1.0,5.648411569464202,1.0,1.0,1.8581081081081088,2.2403982930298625,4.249644381223341,1.6002844950213415,12.891180654338555,7.645803698435273,5.2631578947368425,2.0270270270270316,3.378378378378386,1.3513513513513544,1.0135135135135016,0.3378378378378386,3.0405405405405403
2908,DIE LINKE,1750,19,0.0,0.0,4.285206258890475,0.0,0.0,3.772522522522525,4.42745376955903,2.560455192034155,1.4224751066856385,9.139402560455203,5.0853485064011394,3.0761024182076824,1.3513513513513544,1.689189189189186,5.743243243243249,5.067567567567579,3.378378378378379,5.4054054054054035
4585,bunt.saar,1750,19,1.0,1.0,5.135727833096252,1.0,0.0,1.632882882882883,3.1294452347083777,7.770270270270274,2.5960170697012757,3.4672830725462305,9.068278805120912,4.783072546230443,2.364864864864856,1.689189189189193,0.3378378378378386,3.378378378378379,1.689189189189193,0.3378378378378386
806,bunt.saar,1750,19,0.0,0.0,5.4202228544333835,1.0,1.0,1.914414414414414,1.973684210526315,4.285206258890469,4.249644381223334,5.1920341394025655,10.91749644381224,5.903271692745378,0.0,0.0,3.378378378378386,0.3378378378378386,4.391891891891888,3.378378378378372
268,Die Grünen,1750,19,1.0,0.0,7.01458036984353,1.0,0.0,2.590090090090088,4.19630156472261,2.418207681365587,7.965860597439544,6.330014224751075,14.313655761024187,6.863442389758177,3.378378378378372,1.6891891891891788,4.391891891891888,2.364864864864863,1.3513513513513544,2.3648648648648702
4914,FDP,1750,19,0.0,0.0,4.49561403508772,1.0,1.0,1.238738738738732,3.2183499288762576,3.0761024182076824,2.9871977240398238,14.135846372688476,3.200568990042669,0.3556187766714132,0.675675675675663,1.3513513513513473,1.0135135135135087,1.3513513513513473,1.3513513513513473,1.6891891891891788
2092,CDU,1750,19,1.0,1.0,3.7073257467994303,0.0,1.0,1.5202702702702677,6.241109530583209,3.556187766714089,1.6180654338549019,7.5213371266002795,2.4537695590327147,0.8534850640113874,1.0135135135135158,0.3378378378378315,2.0270270270270174,3.378378378378379,0.6756756756756772,1.689189189189186
3327,CDU,1750,19,1.0,1.0,3.526552868658129,1.0,0.0,1.4639639639639672,0.5334281650071233,4.818634423897571,1.8136557610241795,5.209815078236119,2.916073968705547,5.867709815078236,0.3378378378378386,0.6756756756756772,1.3513513513513615,0.6756756756756843,2.0270270270270316,3.7162162162162105
525,Die Grünen,1750,19,1.0,0.0,3.7606685633001398,1.0,1.0,1.6891891891891906,0.26671408250354744,1.0490753911806578,5.4054054054054035,6.845661450924595,4.000711237553347,4.996443812233288,0.3378378378378386,2.0270270270270316,1.0135135135135016,3.7162162162162176,2.0270270270270316,1.013513513513523
1272,CDU,1750,19,0.0,0.0,5.432076813655761,1.0,0.0,2.8153153153153156,2.560455192034155,3.1294452347083777,0.3022759601706895,15.629445234708385,7.82361308677099,3.1472261735419664,0.675675675675663,2.0270270270270316,2.3648648648648702,4.391891891891881,3.378378378378393,4.054054054054056
839,FDP,1750,19,1.0,1.0,3.6865813181602696,1.0,1.0,0.9572072072072059,7.681365576102436,8.214793741109531,0.8534850640113874,1.0490753911806507,1.2091038406827934,3.1116642958748173,0.3378378378378244,2.0270270270270316,1.3513513513513544,0.6756756756756772,1.3513513513513473,0.0
1920,SPD,1750,19,0.0,1.0,3.6243480322427715,0.0,1.0,1.1824324324324305,4.160739687055475,2.293741109530586,3.0049786628734054,4.338549075391185,1.369132290184929,6.578947368421048,0.6756756756756701,3.378378378378372,0.0,0.6756756756756701,0.0,2.3648648648648702
2440,bunt.saar,1750,19,1.0,0.0,6.241109530583215,1.0,1.0,2.0270270270270303,0.6578947368421098,1.831436699857747,8.125889046941687,10.401849217638684,10.757467994310105,5.672119487908958,3.378378378378379,0.0,0.6756756756756914,4.391891891891888,0.6756756756756914,3.0405405405405332
3090,Die Grünen,1750,19,1.0,1.0,3.6213845424371685,1.0,0.0,6.813063063063065,4.818634423897571,4.67638691322901,4.427453769559023,0.3378378378378386,5.600995732574688,1.8669985775248819,7.432432432432428,1.3513513513513686,10.810810810810807,5.067567567567572,7.432432432432435,8.783783783783775
741,FDP,1750,19,1.0,0.0,5.064604077761969,1.0,1.0,0.6756756756756737,8.25035561877666,7.147937411095306,2.916073968705547,4.089615931721191,2.720483641536269,5.2631578947368425,0.0,0.6756756756756701,1.0135135135135087,1.3513513513513544,0.6756756756756701,0.3378378378378386
1133,Die Grünen,1750,19,0.0,0.0,3.8910621147463225,1.0,1.0,2.3648648648648645,5.529871977240397,2.916073968705547,5.4054054054054035,0.8357041251778057,7.254623044096725,1.4046941678520568,2.0270270270270245,2.364864864864863,1.689189189189193,2.0270270270270245,2.7027027027026946,3.378378378378386
1219,FDP,1750,19,1.0,1.0,2.8538406827880514,1.0,1.0,3.8288288288288292,1.2268847795163538,1.475817923186348,5.494310099573255,0.9246088193456643,2.6671408250355597,5.3342816500711265,7.094594594594589,2.364864864864863,0.6756756756756772,8.445945945945951,2.0270270270270316,2.364864864864863
5100,CDU,1750,19,1.0,0.0,3.002015173067805,0.0,0.0,4.335585585585584,4.960881934566139,0.426742532005683,0.1955903271692847,6.827880512091042,4.694167852062591,0.9068278805120897,2.364864864864856,4.391891891891888,7.432432432432435,3.7162162162162176,4.729729729729726,3.378378378378379
3807,DIE LINKE,1750,19,0.0,1.0,5.070531057373157,0.0,1.0,3.4909909909909858,5.52987197724039,7.983641536273105,5.4409672830725455,0.03556187766713492,6.703413940256041,4.729729729729726,4.054054054054049,6.0810810810810665,2.364864864864863,3.0405405405405403,3.0405405405405403,2.364864864864856
4621,CDU,1750,19,1.0,1.0,4.679350403034614,0.0,1.0,1.5765765765765767,5.369843527738276,4.925320056899011,3.200568990042669,9.299431009957324,4.409672830725455,0.8712660028449477,3.0405405405405546,1.689189189189193,0.0,1.3513513513513402,1.3513513513513473,2.0270270270270245
3315,Die Grünen,1750,19,0.0,0.0,5.962541488857276,1.0,0.0,0.731981981981979,1.0135135135135087,5.992176386913229,7.076813655761022,2.151493598862025,12.926742532005676,6.614509246088197,0.6756756756756701,0.675675675675663,0.0,1.0135135135135158,0.6756756756756772,1.3513513513513473
3185,Die Grünen,1750,19,1.0,0.0,5.411332385016596,0.0,0.0,3.3220720720720736,4.729729729729726,3.342816500711244,2.8271692745377024,2.7027027027026946,10.988620199146517,7.876955903271693,4.054054054054056,0.3378378378378457,5.067567567567565,4.054054054054063,1.689189189189186,4.729729729729726
4461,bunt.saar,1750,19,1.0,1.0,5.1179468942626825,1.0,1.0,1.5202702702702677,2.3115220483641536,2.7738264580369787,4.729729729729726,6.881223328591744,7.574679943100989,6.436699857752501,1.0135135135135087,1.0135135135135016,1.0135135135135158,2.0270270270270174,2.0270270270270316,2.0270270270270316
4848,SPD,1750,19,1.0,0.0,4.623044096728306,1.0,1.0,1.7454954954954935,1.618065433854909,6.081081081081088,6.899004267425312,1.831436699857747,6.827880512091042,4.480796586059739,1.0135135135135087,2.7027027027026946,0.6756756756756701,1.689189189189193,3.7162162162162247,0.6756756756756701
2344,bunt.saar,1750,19,1.0,0.0,6.169985775248932,1.0,0.0,3.6036036036036045,3.165007112375534,0.07112375533426984,9.60170697012802,0.4267425320056901,13.371266002844948,10.384068278805131,2.7027027027027017,1.0135135135135158,4.054054054054063,4.054054054054056,4.729729729729726,5.067567567567565
4593,bunt.saar,1750,19,0.0,0.0,6.490042674253195,1.0,0.0,2.815315315315312,0.6401137980085352,3.840682788051197,8.926031294452343,8.143669985775247,9.548364153627304,7.841394025604544,5.067567567567565,2.0270270270270174,1.3513513513513544,3.7162162162162176,0.6756756756756701,4.054054054054049
1052,SPD,1750,19,0.0,0.0,6.759720246562355,1.0,1.0,2.815315315315317,1.8492176386913215,0.37339971550498063,12.428876244665723,0.6934566145092447,13.53129445234709,11.682076813655769,1.0135135135135087,0.0,4.391891891891902,1.3513513513513473,6.081081081081095,4.054054054054049
44,FDP,1750,19,1.0,1.0,4.371147463252723,1.0,1.0,2.4774774774774784,5.903271692745371,1.0668563300142253,1.902560455192031,7.6635846372688405,2.115931721194876,7.574679943100996,3.0405405405405475,1.0135135135135087,3.378378378378379,1.0135135135135158,2.7027027027027017,3.7162162162162176
1276,bunt.saar,1750,19,1.0,0.0,5.138691322901845,1.0,1.0,0.7882882882882877,1.1201991465149348,1.7780938833570303,1.3869132290184751,7.69914651493599,13.015647226173549,5.832147937411094,1.3513513513513473,1.0135135135135158,0.0,1.689189189189186,0.6756756756756772,0.0
2600,bunt.saar,1750,19,1.0,1.0,6.5819108582266495,1.0,1.0,1.1824324324324305,1.1024182076813673,6.116642958748223,7.770270270270274,0.6401137980085352,12.837837837837839,11.02418207681366,1.0135135135135087,2.0270270270270316,0.675675675675663,1.3513513513513544,0.6756756756756701,1.3513513513513544
3862,SPD,1750,19,0.0,0.0,5.094238975817923,0.0,0.0,2.7590090090090107,5.8321479374110865,3.9295874822190555,4.978662873399728,0.8357041251778057,10.579658605974402,4.409672830725462,2.364864864864863,0.0,5.743243243243249,1.0135135135135158,7.0945945945945965,0.3378378378378386
1732,SPD,1750,19,1.0,0.0,4.99348032242769,1.0,1.0,4.954954954954958,7.716927453769557,3.6095305832147915,1.618065433854909,4.960881934566139,3.378378378378379,8.677098150782363,2.0270270270270316,5.743243243243242,5.067567567567579,3.0405405405405475,4.391891891891888,9.45945945945946
3897,Die Grünen,1750,19,0.0,0.0,6.869369369369365,0.0,1.0,1.1824324324324291,0.03556187766713492,1.5825035561877598,8.961593172119478,6.418918918918919,16.251778093883352,7.965860597439544,0.3378378378378386,2.0270270270270316,2.0270270270270174,1.689189189189186,1.0135135135135016,0.0
926,bunt.saar,1750,19,1.0,0.0,5.7936225699383606,1.0,1.0,1.0135135135135123,1.0668563300142253,3.6806543385490826,7.82361308677099,3.8229018492176365,11.717638691322904,6.650071123755325,0.6756756756756772,1.013513513513523,0.3378378378378386,3.0405405405405332,0.3378378378378386,0.675675675675663
3490,FDP,1750,19,1.0,1.0,4.37411095305832,1.0,1.0,3.040540540540538,7.147937411095306,1.2624466571834958,4.871977240398294,8.961593172119485,1.6358463726884764,2.364864864864863,2.7027027027027017,1.3513513513513544,5.4054054054054035,3.0405405405405332,1.689189189189186,4.054054054054049
3581,CDU,1750,19,1.0,0.0,3.043504030346137,1.0,0.0,1.6891891891891895,0.6223328591749677,2.8982930298719793,3.022759601706973,7.147937411095306,2.6137980085348573,1.9559032716927405,0.6756756756756701,2.3648648648648702,2.0270270270270316,1.3513513513513473,2.364864864864863,1.3513513513513544
4554,CDU,1750,19,1.0,0.0,3.8821716453295423,1.0,1.0,1.2387387387387367,1.0312944523470904,5.707681365576107,1.3157894736842124,5.95661450924608,6.596728307254629,2.6849217638691343,2.0270270270270174,0.0,1.3513513513513473,1.3513513513513473,2.364864864864863,0.3378378378378457
3105,CDU,1750,19,1.0,1.0,4.87790422000948,1.0,1.0,2.0833333333333344,4.818634423897571,3.0405405405405403,5.1031294452347,6.063300142247513,4.818634423897571,5.423186344238985,2.364864864864863,4.054054054054056,1.3513513513513615,1.3513513513513544,2.364864864864863,1.0135135135135087
2293,FDP,1750,19,1.0,1.0,3.4524656235182527,1.0,1.0,1.4076576576576592,12.055476529160735,1.9914651493598896,4.196301564722617,0.8001422475106637,0.37339971550497353,1.2980085348506378,0.6756756756756701,0.3378378378378386,2.7027027027027053,2.3648648648648702,0.6756756756756772,1.689189189189193
13,SPD,1750,19,0.0,0.0,3.7903034613560926,0.0,0.0,3.4909909909909893,0.7823613086770962,3.662873399715501,8.392603129445227,1.4224751066856385,3.0049786628734054,5.4765291607396875,1.689189189189186,3.7162162162162176,3.0405405405405332,4.054054054054049,6.081081081081088,2.364864864864863
4893,CDU,1750,19,0.0,1.0,0.6993835941204374,0.0,1.0,2.6463963963963977,1.6358463726884764,0.3378378378378386,0.46230440967283215,0.2489331436699942,1.3513513513513473,0.16002844950213557,0.3378378378378386,0.6756756756756772,3.7162162162162176,3.0405405405405403,5.067567567567565,3.0405405405405475
2577,FDP,1750,19,1.0,0.0,6.063300142247511,1.0,1.0,2.9842342342342363,8.357041251778092,2.6137980085348573,0.2489331436699871,11.984352773826451,3.0405405405405403,10.135135135135137,3.0405405405405403,2.702702702702709,3.0405405405405403,2.0270270270270316,3.7162162162162176,3.378378378378379
3244,bunt.saar,1750,19,1.0,0.0,6.436699857752487,1.0,1.0,1.6328828828828819,6.899004267425319,4.480796586059739,8.623755334281647,1.5291607396870575,12.731152204836413,4.356330014224746,0.3378378378378386,2.364864864864856,0.3378378378378386,2.364864864864863,1.689189189189186,2.702702702702709
2474,CDU,1750,19,0.0,0.0,2.406353722143198,1.0,1.0,1.689189189189187,4.978662873399728,1.4224751066856385,0.1422475106685539,0.6934566145092447,3.485064011379805,3.7162162162162176,1.0135135135135158,2.7027027027027017,1.689189189189186,1.3513513513513473,2.7027027027026946,0.6756756756756772
284,Die Grünen,1750,19,1.0,0.0,7.971787577050736,1.0,1.0,1.1824324324324305,0.8357041251778057,9.743954480796589,7.82361308677099,4.463015647226172,13.673541963015644,11.290896159317214,0.0,0.3378378378378386,3.0405405405405332,0.0,0.3378378378378386,3.378378378378372
4586,DIE LINKE,1750,19,1.0,0.0,5.0171882408724535,1.0,0.0,1.745495495495497,6.13442389758179,4.925320056899011,0.49786628733995997,8.214793741109531,6.881223328591759,3.44950213371267,0.3378378378378315,0.3378378378378386,0.6756756756756701,1.0135135135135158,6.756756756756765,1.3513513513513615
2350,FDP,1750,19,0.0,1.0,4.5282124229492675,1.0,1.0,1.8581081081081081,2.151493598862025,1.2802275960170775,0.40896159317211556,12.624466571834994,6.258890469416787,4.445234708392604,4.729729729729733,0.0,1.3513513513513544,2.364864864864856,1.3513513513513544,1.3513513513513509
630,Die Grünen,1750,19,1.0,1.0,7.764343290659084,1.0,1.0,1.689189189189192,2.8271692745377024,0.23115220483641963,8.694879089615938,4.480796586059739,18.8122332859175,11.5398293029872,1.3513513513513473,2.0270270270270316,3.0405405405405332,0.6756756756756843,1.013513513513523,2.0270270270270316
4868,bunt.saar,1750,19,1.0,0.0,5.168326220957799,1.0,0.0,2.308558558558559,2.6671408250355597,0.46230440967282505,9.17496443812233,0.21337126600283796,12.411095305832163,6.081081081081081,1.3513513513513473,1.689189189189193,2.0270270270270174,2.364864864864863,3.7162162162162247,2.702702702702709
3285,FDP,1750,19,1.0,1.0,3.704362256993834,1.0,1.0,1.576576576576578,8.036984352773828,0.3911806543385481,0.0711237553342805,12.304409672830715,0.5689900426742547,0.8534850640113767,0.0,1.3513513513513544,2.7027027027027053,0.0,2.7027027027027053,2.7027027027027035
1521,SPD,1750,19,1.0,0.0,6.703413940256044,1.0,0.0,1.8581081081081123,1.4402560455191917,5.8321479374110865,10.312944523470854,3.6095305832147915,8.837126600284492,10.188477951635846,3.378378378378379,0.6756756756756843,1.01351351351353,0.6756756756756701,2.702702702702709,2.7027027027027017
4601,CDU,1750,19,1.0,0.0,7.269440493124704,1.0,0.0,3.6036036036036045,0.03556187766713492,9.45945945945946,11.095305832147936,0.12446657183499354,14.100284495021342,8.801564722617357,3.7162162162162176,0.3378378378378386,3.7162162162162176,5.4054054054054035,3.7162162162162176,4.729729729729733
1147,CDU,1750,19,0.0,0.0,3.5354433380749186,0.0,0.0,3.0405405405405417,4.943100995732571,2.880512091038412,2.2226173541963092,1.9559032716927405,6.98790896159317,2.2226173541963092,3.378378378378379,3.0405405405405403,3.378378378378379,1.3513513513513544,4.391891891891895,2.7027027027027017
5070,Die Grünen,1750,19,0.0,0.0,4.548956851588429,1.0,0.0,1.6328828828828807,0.3378378378378386,1.9914651493598896,5.032005689900423,1.7425320056899025,7.5924608819345565,10.597439544807962,1.0135135135135087,0.3378378378378386,1.0135135135135158,2.0270270270270245,0.3378378378378315,5.067567567567565
2399,FDP,1750,19,0.0,0.0,3.686581318160266,1.0,0.0,3.040540540540539,0.7823613086770962,3.342816500711244,2.631578947368425,13.193456614509245,0.6756756756756772,1.4935988620199083,4.729729729729733,3.378378378378379,5.4054054054054035,1.3513513513513473,0.3378378378378386,3.0405405405405332
563,FDP,1750,19,1.0,0.0,3.5354433380749177,1.0,1.0,1.2950450450450457,2.9871977240398238,6.667852062588906,2.5960170697012828,1.7069701280227676,3.8940256045519206,3.3605974395448044,0.3378378378378315,3.0405405405405332,0.0,1.013513513513523,0.3378378378378457,3.0405405405405403
805,SPD,1750,19,0.0,0.0,4.471906116642958,1.0,1.0,1.745495495495491,0.8534850640113874,6.632290184921764,4.356330014224746,4.42745376955903,7.325746799431002,3.236130867709818,2.7027027027026946,3.0405405405405403,1.0135135135135016,3.378378378378372,0.3378378378378386,0.0
98,CDU,1750,19,1.0,0.0,6.3003793266951185,1.0,0.0,4.11036036036036,0.9068278805120968,2.773826458036986,12.091038406827884,0.46230440967283215,15.665007112375541,5.903271692745371,1.689189189189193,2.7027027027027017,6.418918918918919,5.4054054054054035,5.4054054054054035,3.0405405405405403
1243,CDU,1750,19,0.0,0.0,5.669155998103368,0.0,1.0,2.5900900900900914,9.60170697012802,6.756756756756758,2.329302987197721,2.951635846372696,7.02347083926032,5.352062588904694,3.378378378378379,5.067567567567565,2.0270270270270316,1.689189189189186,1.0135135135135158,2.3648648648648702
3709,bunt.saar,1750,19,0.0,0.0,5.598032242769082,0.0,0.0,4.673423423423426,6.205547652916081,1.9203413940255984,7.574679943100989,11.326458036984356,4.818634423897571,1.7425320056898954,2.3648648648648702,5.4054054054054035,6.756756756756758,5.743243243243242,5.067567567567572,2.702702702702709
1299,FDP,1750,19,1.0,1.0,5.023115220483639,1.0,1.0,2.3085585585585604,7.183499288762434,4.2140825035561775,4.605263157894733,6.436699857752494,3.02275960170698,4.676386913229017,2.702702702702709,0.3378378378378386,5.4054054054054035,0.3378378378378386,2.702702702702709,2.364864864864863
413,bunt.saar,1750,19,0.0,0.0,6.247036510194405,0.0,1.0,2.8716216216216233,0.9423897581792389,4.498577524893314,4.60526315789474,7.983641536273112,13.193456614509245,6.258890469416784,0.3378378378378386,3.7162162162162176,6.081081081081081,0.0,6.081081081081088,1.0135135135135158
1803,bunt.saar,1750,19,0.0,0.0,5.603959222380278,0.0,1.0,1.7454954954954924,1.0846372688477999,0.6401137980085352,6.899004267425312,2.987197724039838,11.77098150782362,10.241820768136563,0.6756756756756772,3.378378378378372,1.3513513513513544,2.0270270270270174,0.3378378378378244,2.702702702702709
1569,FDP,1750,19,1.0,1.0,6.768610715979139,1.0,1.0,0.5630630630630643,1.5291607396870575,7.21906116642959,6.86344238975818,6.045519203413939,11.628733997155052,7.325746799431013,0.6756756756756772,0.3378378378378386,0.3378378378378386,0.6756756756756772,0.6756756756756772,0.6756756756756772
89,DIE LINKE,1750,19,0.0,0.0,3.4732100521574196,0.0,0.0,5.349099099099103,4.854196301564727,3.662873399715508,4.2140825035561775,2.7204836415362763,5.245376955903275,0.1422475106685539,3.7162162162162176,1.689189189189193,8.445945945945951,2.702702702702709,5.743243243243242,9.797297297297305
1341,Die Grünen,1750,19,1.0,0.0,6.81899004267425,1.0,1.0,1.2387387387387438,2.080369843527741,4.960881934566139,10.828591749644382,0.03556187766713492,15.22048364153627,7.788051209103834,0.6756756756756701,1.3513513513513473,1.0135135135135158,2.3648648648648702,1.01351351351353,1.01351351351353
1737,CDU,1750,19,0.0,1.0,3.5976766239924154,1.0,0.0,1.4076576576576525,5.0497866287340045,9.441678520625892,2.3115220483641536,1.0490753911806578,2.6137980085348502,1.1201991465149348,4.054054054054035,0.3378378378378315,0.6756756756756772,2.7027027027026946,0.6756756756756772,0.0
809,FDP,1750,19,1.0,1.0,3.153153153153152,1.0,1.0,1.2387387387387403,4.160739687055475,0.08890469416785152,1.973684210526315,5.032005689900423,2.044807965860592,5.618776671408256,1.6891891891892001,1.0135135135135158,0.3378378378378386,1.3513513513513544,1.3513513513513544,1.6891891891891788
2358,bunt.saar,1750,19,1.0,1.0,2.7501185395922243,1.0,0.0,2.7027027027027017,2.6137980085348502,0.10668563300143319,5.387624466571829,4.747510668563294,2.6671408250355597,0.9779516358463809,0.3378378378378386,1.0135135135135016,4.054054054054063,0.6756756756756701,5.067567567567572,5.067567567567565
1083,CDU,1750,19,1.0,1.0,3.888098624940728,1.0,1.0,1.126126126126124,2.7027027027026946,8.090327169274545,3.200568990042669,0.40896159317212266,5.8321479374110865,3.09388335704125,0.6756756756756772,0.3378378378378386,1.0135135135135087,2.364864864864863,1.0135135135135087,1.3513513513513473
3276,SPD,1750,19,1.0,1.0,3.849573257467996,1.0,1.0,1.3513513513513498,2.2403982930298696,2.00924608819345,7.89473684210526,2.151493598862025,3.9651493598862118,4.8364153627311595,2.0270270270270245,2.0270270270270245,0.6756756756756772,0.6756756756756772,1.3513513513513544,1.3513513513513402
1078,CDU,1750,19,1.0,1.0,3.490990990990992,1.0,1.0,3.3220720720720736,5.03200568990043,8.339260312944525,0.8179231863442382,0.12446657183499354,4.267425320056894,2.3648648648648702,8.445945945945944,0.0,1.3513513513513615,6.756756756756758,1.3513513513513473,2.0270270270270316
2575,DIE LINKE,1750,19,0.0,0.0,6.593764817449027,0.0,0.0,2.815315315315319,0.7645803698435216,7.23684210526315,6.490042674253203,2.5426742532005733,14.20697012802276,8.32147937411095,3.7162162162162176,2.0270270270270316,2.702702702702709,4.054054054054056,1.013513513513523,3.378378378378379
3493,SPD,1750,19,1.0,0.0,2.8182788051209093,1.0,0.0,1.126126126126125,1.2091038406827934,3.3250355618776624,6.330014224751068,1.5647226173541924,2.471550497866289,2.00924608819345,1.0135135135135158,0.0,0.675675675675663,1.3513513513513544,1.3513513513513544,2.364864864864863
321,DIE LINKE,1750,19,1.0,0.0,3.778449502133713,0.0,1.0,1.3513513513513533,0.5689900426742511,3.2894736842105345,4.267425320056894,1.1379800853485094,8.854907539118074,4.551920341394016,1.689189189189193,0.6756756756756772,2.3648648648648702,0.6756756756756772,1.3513513513513473,1.3513513513513544
4618,Die Grünen,1750,19,0.0,1.0,3.3131816026552863,1.0,1.0,3.716216216216221,1.724751066856328,2.0270270270270316,3.698435277382636,2.275960170697026,9.423897581792318,0.7290184921763796,3.0405405405405475,1.3513513513513402,4.054054054054063,3.378378378378386,6.756756756756765,3.7162162162162247
3612,bunt.saar,1750,19,1.0,0.0,6.54634898055951,1.0,1.0,1.7454954954954947,3.2183499288762505,4.089615931721191,14.384779516358478,3.1827880512091085,10.13513513513513,4.267425320056901,2.0270270270270316,1.0135135135135158,1.6891891891891788,3.0405405405405475,0.675675675675663,2.0270270270270316
3956,bunt.saar,1750,19,0.0,1.0,3.867354196301566,1.0,1.0,2.4774774774774784,6.596728307254629,5.45874822190612,3.0405405405405332,1.4580369843527734,2.258179231863437,4.391891891891902,4.391891891891895,2.702702702702709,3.0405405405405475,2.0270270270270245,0.6756756756756772,2.0270270270270174
4009,bunt.saar,1750,19,1.0,1.0,4.003674727358938,0.0,1.0,1.745495495495497,1.4402560455191917,2.0981507823613015,4.889758179231862,1.3513513513513473,9.655049786628751,4.587482219061172,0.6756756756756772,2.702702702702709,2.702702702702709,1.3513513513513544,2.7027027027026946,0.3378378378378386
2576,bunt.saar,1750,19,1.0,1.0,2.892366050260783,1.0,0.0,3.434684684684683,3.236130867709811,2.720483641536269,2.471550497866289,3.2183499288762505,3.982930298719765,1.7247510668563137,2.3648648648648702,1.3513513513513402,3.0405405405405475,3.7162162162162176,4.391891891891895,5.743243243243228
3933,CDU,1750,19,1.0,1.0,4.202228544333806,1.0,0.0,2.3648648648648667,3.6095305832147915,4.12517780938834,6.063300142247513,1.5825035561877598,4.142958748221901,5.689900426742533,1.0135135135135158,1.689189189189186,3.7162162162162176,1.013513513513523,3.0405405405405403,3.7162162162162176
1005,bunt.saar,1750,19,1.0,1.0,3.3309625414888564,1.0,1.0,1.407657657657662,2.400426742532005,0.5334281650071233,6.169985775248932,3.413940256045521,5.067567567567565,2.400426742531991,1.689189189189186,0.6756756756756772,1.3513513513513686,3.378378378378386,1.0135135135135158,0.3378378378378386
743,CDU,1750,19,1.0,1.0,2.717520151730677,0.0,1.0,4.11036036036036,0.8179231863442311,2.151493598862025,4.818634423897578,0.26671408250355455,6.009957325746804,2.2403982930298696,0.0,3.378378378378379,5.067567567567565,5.4054054054054035,6.081081081081081,4.729729729729733
693,FDP,1750,19,1.0,0.0,2.8360597439544777,1.0,1.0,3.434684684684683,0.4800853485063925,4.569701280227605,0.8179231863442382,3.4672830725462234,0.5689900426742511,7.112375533428157,6.418918918918919,0.6756756756756701,4.054054054054049,2.0270270270270316,2.364864864864863,5.067567567567565
1924,CDU,1750,19,1.0,0.0,3.6273115220483647,0.0,0.0,1.9707207207207205,5.156472261735409,7.112375533428171,0.3378378378378386,3.7873399715504945,5.1209103840682815,0.2489331436699942,2.0270270270270245,0.3378378378378386,2.364864864864856,4.391891891891902,2.0270270270270316,0.6756756756756701
512,FDP,1750,19,0.0,0.0,3.953295400663824,0.0,0.0,3.153153153153152,6.7745376955903325,1.8847795163584706,4.054054054054056,3.876244665718353,3.1116642958748244,4.018492176386907,0.3378378378378386,2.7027027027027017,4.391891891891895,3.0405405405405475,2.7027027027027017,5.743243243243228
3297,bunt.saar,1750,19,1.0,0.0,4.7178757705073435,1.0,1.0,0.9572072072072153,3.8584637268847715,3.8940256045519206,2.400426742531998,1.4224751066856243,10.561877667140813,6.169985775248932,2.702702702702709,0.3378378378378457,0.3378378378378528,0.6756756756756701,0.3378378378378457,1.3513513513513686
460,FDP,1750,19,0.0,1.0,3.2064959696538637,0.0,1.0,1.3513513513513484,0.7112375533428192,6.418918918918912,0.17780938833571014,7.6635846372688405,0.6401137980085352,3.627311522048366,3.378378378378372,0.0,0.3378378378378386,2.0270270270270174,1.689189189189193,0.6756756756756701
2699,SPD,1750,19,1.0,0.0,2.483404457088664,1.0,1.0,4.279279279279282,1.3513513513513473,0.32005689900426404,5.600995732574688,1.1557610241820626,0.7823613086770962,5.6899004267425255,5.4054054054054035,2.702702702702709,6.081081081081081,4.391891891891902,5.743243243243242,1.3513513513513544
4860,FDP,1750,19,1.0,0.0,2.676031294452349,1.0,0.0,3.2094594594594597,2.809388335704128,2.293741109530586,0.053342816500716594,2.880512091038412,4.605263157894733,3.413940256045521,5.4054054054054035,3.0405405405405332,1.689189189189193,5.067567567567572,1.689189189189186,2.3648648648648702
4462,FDP,1750,19,1.0,1.0,6.187766714082504,1.0,1.0,1.9707207207207198,7.450213371266003,8.55263157894737,4.160739687055479,9.370554765291615,6.13442389758179,1.4580369843527734,1.0135135135135087,1.0135135135135087,4.05405405405406,0.6756756756756772,3.3783783783783754,1.6891891891891895
2368,FDP,1750,19,1.0,0.0,7.159791370317684,1.0,0.0,5.405405405405406,4.12517780938834,3.662873399715501,7.930298719772395,4.623044096728307,15.860597439544804,6.756756756756758,2.7027027027027017,4.054054054054056,7.770270270270267,3.378378378378386,10.13513513513513,4.391891891891895
2983,DIE LINKE,1750,19,1.0,1.0,4.934210526315785,1.0,0.0,2.5900900900900865,9.939544807965852,1.1557610241820697,3.769559032716927,2.044807965860592,8.908250355618776,3.7873399715504945,3.0405405405405332,1.3513513513513544,4.391891891891895,0.675675675675663,4.391891891891888,1.689189189189186
982,Die Grünen,1750,19,1.0,0.0,5.74917022285443,0.0,0.0,2.25225225225225,1.689189189189186,5.921052631578952,6.543385490753906,4.605263157894733,12.251066856329999,3.485064011379805,3.0405405405405403,1.689189189189193,3.7162162162162105,3.378378378378379,1.3513513513513402,0.3378378378378386
1259,bunt.saar,1750,19,1.0,1.0,4.388928402086297,1.0,1.0,1.407657657657661,1.653627311522051,5.672119487908951,9.548364153627304,0.17780938833571014,5.45874822190612,3.8229018492176436,1.689189189189193,0.6756756756756772,2.702702702702709,0.6756756756756772,1.3513513513513544,1.3513513513513544
2065,FDP,1750,19,1.0,1.0,3.9266239924134667,1.0,1.0,4.8986486486486465,9.70839260312944,1.3157894736842124,3.307254623044102,3.8229018492176436,0.4800853485063996,4.925320056899004,0.6756756756756701,5.4054054054054035,4.391891891891888,5.067567567567565,6.756756756756758,7.094594594594593
3604,Die Grünen,1750,19,1.0,1.0,6.288525367472737,1.0,1.0,1.9144144144144153,0.7467994310099542,9.83285917496444,5.938833570412527,4.160739687055475,11.148648648648646,5.903271692745378,1.3513513513513473,0.6756756756756843,2.7027027027026946,1.3513513513513473,2.702702702702709,2.702702702702709
5182,Die Grünen,1750,19,1.0,1.0,3.7339971550497886,1.0,1.0,1.8581081081081063,4.711948790896166,1.902560455192038,2.3293029871977353,0.21337126600283796,6.685633001422481,6.561166429587473,0.3378378378378386,4.054054054054042,0.6756756756756772,3.0405405405405475,2.7027027027026946,0.3378378378378386
1388,CDU,1750,19,1.0,1.0,2.827169274537699,1.0,0.0,3.040540540540538,0.3022759601707037,3.3961593172119535,5.8321479374110865,1.902560455192038,2.080369843527741,3.44950213371267,3.0405405405405403,3.0405405405405403,3.378378378378379,3.7162162162162033,2.364864864864856,2.702702702702709
4937,Die Grünen,1750,19,0.0,0.0,5.1446183025130345,0.0,0.0,9.684684684684683,0.5689900426742511,3.0405405405405332,9.868421052631575,3.3605974395448044,8.445945945945937,5.5832147937411065,5.743243243243242,5.067567567567565,13.175675675675677,10.135135135135137,12.499999999999993,11.486486486486484
2353,CDU,1750,19,0.0,0.0,4.468942626837364,1.0,0.0,2.3085585585585613,9.157183499288756,2.6137980085348573,3.982930298719772,5.0853485064011394,4.960881934566139,1.013513513513523,0.0,7.0945945945945965,0.3378378378378386,1.3513513513513544,1.689189189189186,3.378378378378393
1282,bunt.saar,1750,19,1.0,1.0,2.6878852536747266,1.0,0.0,3.4346846846846915,1.2446657183499354,0.6756756756756772,5.28093883357041,1.3513513513513473,6.490042674253203,1.0846372688477857,3.0405405405405475,2.3648648648648702,3.7162162162162247,0.0,5.743243243243249,5.743243243243256
4876,SPD,1750,19,1.0,0.0,2.9783072546230414,1.0,0.0,2.308558558558554,4.498577524893314,4.747510668563301,5.423186344238978,0.9423897581792318,2.1692745376955855,0.0889046941678373,1.3513513513513473,3.0405405405405332,0.6756756756756772,1.3513513513513473,2.7027027027026946,4.729729729729726
355,Die Grünen,1750,19,1.0,1.0,9.575035561877662,1.0,1.0,1.2950450450450386,7.503556187766712,8.303698435277383,11.450924608819342,1.3513513513513473,16.251778093883352,12.588904694167837,0.0,4.054054054054056,1.0135135135135016,0.3378378378378315,0.675675675675663,1.6891891891891788
300,FDP,1750,19,1.0,1.0,6.436699857752487,0.0,1.0,0.8445945945945953,5.885490753911803,5.725462304409675,1.4935988620199083,7.930298719772395,14.580369843527741,3.0049786628733983,1.3513513513513473,0.6756756756756701,0.3378378378378457,2.0270270270270245,0.3378378378378386,0.3378378378378457
1312,FDP,1750,19,1.0,1.0,5.36095305832148,1.0,1.0,2.3648648648648645,1.8847795163584706,5.138691322901842,7.983641536273112,5.423186344238978,2.293741109530586,9.441678520625892,3.0405405405405403,2.7027027027027017,3.0405405405405403,0.3378378378378386,2.364864864864863,2.7027027027027017
4992,FDP,1750,19,1.0,0.0,4.1696301564722615,1.0,0.0,2.1959459459459474,5.529871977240397,0.8001422475106708,3.165007112375541,2.578236130867701,10.56187766714082,2.3826458036984377,1.689189189189193,5.067567567567565,0.3378378378378386,3.378378378378379,1.013513513513523,1.689189189189186
4454,CDU,1750,19,1.0,0.0,3.399122807017541,1.0,0.0,2.927927927927924,0.3022759601707037,2.400426742532005,3.8584637268847715,2.187055476529153,6.436699857752494,5.209815078236119,2.364864864864856,4.054054054054056,2.7027027027027017,4.391891891891888,3.0405405405405332,1.0135135135135087
2544,CDU,1750,19,0.0,0.0,3.144262683736372,1.0,1.0,2.0270270270270245,0.8534850640113874,3.840682788051211,5.1920341394025655,5.1209103840682815,2.275960170697026,1.5825035561877598,1.689189189189186,5.067567567567565,0.6756756756756701,0.0,2.0270270270270316,2.7027027027026946
704,FDP,1750,19,0.0,1.0,2.2878141299193957,1.0,1.0,2.477477477477477,2.3115220483641536,1.475817923186355,1.3157894736842124,2.7560455192034112,4.534139402560456,1.333570412517787,5.743243243243242,0.0,2.364864864864863,2.702702702702709,0.6756756756756701,3.378378378378379
2123,CDU,1750,19,1.0,1.0,1.9410858226647736,1.0,0.0,3.3783783783783767,2.9694167852062563,0.6578947368421098,0.9246088193456643,1.191322901849226,1.262446657183503,4.640825035561882,3.7162162162162247,4.054054054054056,0.3378378378378386,8.108108108108098,0.675675675675663,3.378378378378379
1578,bunt.saar,1750,19,0.0,0.0,7.586533902323377,1.0,0.0,1.3513513513513555,1.2446657183499354,0.4267425320056759,10.02844950213371,9.797297297297305,14.260312944523484,9.76173541963015,3.0405405405405475,0.3378378378378528,0.0,1.3513513513513615,2.0270270270270316,1.3513513513513402
2164,CDU,1750,19,1.0,1.0,3.108700806069224,1.0,1.0,0.9009009009009006,5.067567567567565,1.4224751066856243,2.1337126600284506,5.387624466571829,1.3869132290184893,3.2539118065433854,0.3378378378378386,1.689189189189186,1.0135135135135158,0.3378378378378244,1.3513513513513544,0.6756756756756843
4017,FDP,1750,19,1.0,1.0,5.112019914651493,1.0,1.0,2.9842342342342363,2.7560455192034112,0.053342816500716594,9.26386913229019,4.0362731152204745,3.236130867709811,11.326458036984356,4.391891891891895,1.689189189189193,3.0405405405405475,3.7162162162162247,0.3378378378378315,4.729729729729726
1173,SPD,1750,19,0.0,0.0,5.209815078236132,1.0,0.0,1.520270270270269,3.733997155049792,1.6002844950213486,6.863442389758184,6.490042674253203,6.0099573257467895,6.561166429587473,1.3513513513513473,1.0135135135135087,1.3513513513513473,3.7162162162162176,0.0,1.689189189189193
2416,FDP,1750,19,1.0,1.0,6.804172593646279,1.0,1.0,1.745495495495496,6.827880512091042,7.1301564722617385,5.992176386913229,6.970128022759603,9.93954480796586,3.9651493598862046,1.689189189189186,0.6756756756756701,3.378378378378379,1.013513513513523,1.3513513513513544,2.364864864864863
682,bunt.saar,1750,19,0.0,0.0,6.990872451398768,1.0,0.0,2.3085585585585577,6.13442389758179,5.1209103840682815,9.690611664295872,2.5426742532005733,12.997866287339967,5.45874822190612,3.378378378378379,2.7027027027026946,2.0270270270270316,1.0135135135135158,4.054054054054049,0.6756756756756772
1250,bunt.saar,1750,19,1.0,1.0,3.9177335229966794,1.0,1.0,0.7319819819819836,0.142247510668561,5.369843527738276,4.018492176386914,4.285206258890469,5.476529160739673,4.214082503556185,0.0,2.0270270270270174,0.6756756756756772,0.3378378378378386,1.3513513513513686,0.0
2811,SPD,1750,19,1.0,0.0,5.473565670934092,1.0,0.0,3.2657657657657615,4.356330014224753,4.658605974395456,8.25035561877666,10.650782361308679,2.187055476529153,2.738264580369851,2.7027027027027017,8.78378378378379,0.0,6.081081081081074,0.3378378378378244,1.6891891891891788
5062,bunt.saar,1750,19,1.0,0.0,6.620436225699386,1.0,0.0,2.759009009009008,2.8271692745377024,2.0625889046941595,6.614509246088204,1.973684210526315,18.243243243243242,8.001422475106693,2.7027027027027017,0.3378378378378386,4.054054054054049,2.364864864864863,3.378378378378372,3.7162162162162247
4064,CDU,1750,19,1.0,0.0,3.3576339497392134,1.0,0.0,2.984234234234234,0.32005689900426404,9.050497866287337,1.475817923186355,2.916073968705547,3.1116642958748244,3.271692745376953,3.7162162162162247,1.0135135135135087,4.054054054054056,1.689189189189186,3.378378378378372,4.054054054054056
2104,bunt.saar,1750,19,1.0,0.0,2.759009009009008,1.0,0.0,3.265765765765766,2.7204836415362763,0.32005689900426404,1.3335704125177799,1.4580369843527734,7.912517780938828,2.809388335704128,2.702702702702709,5.743243243243242,5.743243243243242,2.7027027027027017,0.6756756756756701,2.0270270270270316
3526,FDP,1750,19,1.0,0.0,2.0774063537221443,1.0,0.0,1.7454954954954982,0.40896159317210845,1.9381223328591801,0.8712660028449477,0.5689900426742582,5.921052631578952,2.7560455192034183,1.3513513513513686,1.3513513513513473,1.3513513513513473,3.7162162162162247,1.3513513513513473,1.3513513513513544
752,FDP,1750,19,0.0,0.0,2.670104314841159,0.0,0.0,3.772522522522523,1.760312944523477,0.8001422475106708,0.16002844950213557,9.121621621621621,1.1379800853485094,3.0405405405405403,4.729729729729733,4.729729729729726,3.7162162162162176,2.702702702702709,3.378378378378379,3.378378378378372
4587,FDP,1750,19,0.0,0.0,6.816026552868659,0.0,0.0,3.2094594594594597,5.245376955903275,10.526315789473685,2.9694167852062563,14.49146514935989,3.94736842105263,3.7162162162162176,1.689189189189186,1.0135135135135087,4.054054054054056,4.729729729729733,3.378378378378379,4.391891891891895
1217,bunt.saar,1750,19,0.0,1.0,9.014935988620199,0.0,1.0,2.871621621621621,4.534139402560456,3.058321479374108,6.578947368421048,2.2048364153627347,23.115220483641536,14.598150782361309,0.6756756756756701,1.0135135135135158,3.378378378378379,0.3378378378378386,5.405405405405411,6.418918918918912
455,bunt.saar,1750,19,0.0,0.0,5.443930772878139,1.0,1.0,1.4076576576576596,3.2183499288762576,1.3335704125177799,6.596728307254622,2.1337126600284506,8.7660028449502,10.615220483641522,1.3513513513513615,2.3648648648648702,0.6756756756756772,0.3378378378378386,2.0270270270270316,1.6891891891891788
3536,FDP,1750,19,0.0,1.0,5.046823138928402,1.0,0.0,1.970720720720718,14.509246088193457,3.9651493598862046,2.00924608819345,3.1116642958748244,4.42745376955903,2.258179231863444,0.3378378378378386,0.6756756756756701,4.391891891891888,4.729729729729726,0.3378378378378386,1.3513513513513473
1621,Die Grünen,1750,19,1.0,1.0,2.2581792318634384,1.0,1.0,4.786036036036034,1.7780938833570303,5.156472261735409,2.4893314366998567,1.973684210526315,0.40896159317212266,1.7425320056898954,0.6756756756756772,8.445945945945944,5.067567567567565,1.689189189189186,8.445945945945944,4.391891891891888
3966,Die Grünen,1750,19,1.0,0.0,4.56081081081081,1.0,1.0,2.139639639639642,1.3513513513513473,3.6450924608819264,5.2987197724039845,0.142247510668561,11.682076813655769,5.245376955903268,2.702702702702709,1.689189189189186,1.689189189189193,2.364864864864863,0.6756756756756772,3.7162162162162247
1513,CDU,1750,19,1.0,0.0,3.819938359412044,1.0,1.0,2.3085585585585555,0.017780938833574567,4.42745376955903,2.0270270270270316,11.69985775248933,0.6401137980085352,4.107396870554766,2.0270270270270174,2.7027027027027017,1.0135135135135087,1.689189189189186,3.0405405405405403,3.378378378378379
2812,FDP,1750,19,1.0,0.0,3.019796111901371,1.0,1.0,3.941441441441441,4.089615931721191,3.5384068278805074,2.7738264580369787,3.4672830725462234,0.08890469416785152,4.160739687055475,2.0270270270270316,5.067567567567572,4.729729729729726,2.364864864864856,3.7162162162162176,5.743243243243242
5185,Die Grünen,1750,19,1.0,1.0,3.351706970128024,0.0,0.0,7.038288288288289,2.951635846372696,4.854196301564727,0.604551920341386,4.249644381223341,6.169985775248925,1.2802275960170704,10.472972972972975,8.445945945945951,0.3378378378378386,7.0945945945945965,10.810810810810807,5.067567567567565
133,SPD,1750,19,1.0,0.0,6.501896633475585,1.0,1.0,1.126126126126124,3.342816500711244,3.9118065433855023,12.87339971550498,0.7112375533428192,7.005689900426745,11.16642958748222,2.7027027027026946,1.689189189189193,1.689189189189193,0.3378378378378315,0.0,0.3378378378378315
777,FDP,1750,19,0.0,0.0,4.178520625889047,0.0,0.0,4.729729729729727,0.9957325746799413,2.044807965860592,1.5291607396870575,10.899715504978658,7.04125177809388,2.560455192034155,1.0135135135135158,4.391891891891888,6.081081081081088,8.108108108108105,5.067567567567565,3.7162162162162033
1181,FDP,1750,19,1.0,1.0,4.6704599336178285,0.0,0.0,3.659909909909905,4.623044096728307,6.827880512091042,5.2275960170697005,2.7027027027026946,6.205547652916081,2.435988620199147,2.364864864864863,0.6756756756756701,3.378378378378379,5.405405405405389,4.391891891891881,5.743243243243249
3975,Die Grünen,1750,19,1.0,1.0,3.796230440967282,1.0,1.0,2.139639639639641,2.489331436699864,7.5924608819345565,0.3378378378378386,5.600995732574681,5.636557610241816,1.1201991465149348,2.0270270270270245,2.702702702702709,2.0270270270270316,4.391891891891888,1.3513513513513544,0.3378378378378386
715,FDP,1750,19,1.0,0.0,4.8186344238975805,0.0,0.0,2.364864864864868,4.729729729729726,5.583214793741114,4.12517780938834,5.5476529160739645,8.499288762446653,0.426742532005683,4.729729729729733,2.3648648648648702,1.0135135135135158,2.0270270270270316,1.689189189189186,2.3648648648648702
402,Die Grünen,1750,19,1.0,1.0,5.2246325272641085,1.0,1.0,1.2950450450450397,2.951635846372689,5.0497866287340045,3.805120910384062,5.832147937411094,7.610241820768138,6.098862019914662,1.3513513513513473,1.0135135135135016,1.0135135135135016,1.3513513513513544,1.0135135135135016,2.0270270270270316
3050,CDU,1750,19,1.0,0.0,5.091275486012326,1.0,1.0,1.3513513513513498,0.7290184921763796,2.578236130867701,2.044807965860592,10.455192034139415,10.988620199146517,3.7517780938833525,2.364864864864856,2.702702702702709,0.675675675675663,0.0,2.3648648648648702,0.0
4320,Die Grünen,1750,19,0.0,0.0,4.531175912754864,0.0,1.0,2.308558558558557,4.107396870554773,0.2489331436699942,6.970128022759603,4.925320056899011,4.960881934566139,5.974395448079662,2.0270270270270174,3.378378378378379,0.3378378378378386,4.729729729729726,2.0270270270270245,1.3513513513513544
4507,Die Grünen,1750,19,1.0,0.0,7.521337126600283,1.0,1.0,1.407657657657656,8.517069701280235,2.2403982930298625,6.454480796586054,5.1564722617354235,12.766714082503547,9.992887624466576,2.702702702702709,2.3648648648648702,0.3378378378378244,0.0,2.3648648648648702,0.675675675675663
530,bunt.saar,1750,19,1.0,1.0,4.540066382171644,1.0,1.0,3.885135135135137,1.3869132290184822,5.921052631578952,4.249644381223334,5.209815078236126,5.814366998577512,4.658605974395456,3.0405405405405332,2.0270270270270316,6.756756756756758,1.0135135135135158,5.743243243243256,4.729729729729726
1597,bunt.saar,1750,19,1.0,1.0,4.833451872925562,1.0,1.0,1.0135135135135183,7.859174964438125,4.17852062588905,5.423186344238985,0.9957325746799484,6.614509246088204,3.9295874822190626,1.0135135135135158,0.6756756756756914,0.6756756756756772,2.3648648648648702,0.6756756756756772,0.6756756756756772
857,Die Grünen,1750,19,1.0,1.0,5.953651019440493,1.0,1.0,1.1261261261261275,1.760312944523477,4.267425320056894,8.872688477951627,2.6315789473684177,11.379800853485065,6.8100995732574745,0.3378378378378315,0.0,2.0270270270270316,2.3648648648648702,1.0135135135135158,1.0135135135135158
1723,Die Grünen,1750,19,1.0,0.0,4.602299668089141,1.0,0.0,1.0135135135135134,4.800853485064017,0.604551920341386,1.7247510668563208,2.4537695590327075,9.174964438122338,8.854907539118074,0.3378378378378386,2.0270270270270316,0.3378378378378386,0.6756756756756772,1.0135135135135087,1.689189189189186
1885,Die Grünen,1750,19,0.0,0.0,5.106092935040305,0.0,1.0,2.646396396396392,4.089615931721191,7.628022759601713,4.889758179231862,6.045519203413939,6.507823613086771,1.475817923186355,2.7027027027027017,1.0135135135135087,1.689189189189186,4.391891891891888,3.0405405405405332,3.0405405405405332
1172,SPD,1750,19,1.0,0.0,2.104077761972499,1.0,1.0,2.7590090090090116,1.0846372688477999,0.4445234708392647,6.987908961593163,1.013513513513523,0.7467994310099471,2.3470839260312957,3.0405405405405403,3.7162162162162176,1.01351351351353,1.6891891891892001,5.067567567567565,2.0270270270270174
3417,FDP,1750,19,0.0,1.0,3.4613560929350364,0.0,1.0,4.054054054054055,0.6401137980085352,4.480796586059739,0.4267425320056901,8.588193456614498,0.8357041251778057,5.796586059743952,1.3513513513513544,2.702702702702709,5.4054054054054035,3.378378378378379,4.391891891891895,7.094594594594589
3639,bunt.saar,1750,19,1.0,0.0,8.034020862968232,1.0,1.0,0.6193693693693719,3.5384068278805074,3.0761024182076895,10.579658605974402,5.049786628733997,17.97652916073968,7.983641536273112,0.3378378378378386,1.01351351351353,1.0135135135135158,0.3378378378378457,1.0135135135135016,0.0
4611,FDP,1750,19,1.0,1.0,5.31946420104315,1.0,0.0,1.914414414414414,6.205547652916081,4.054054054054056,4.089615931721191,1.3157894736842124,13.602418207681367,2.6493598862019923,0.0,0.6756756756756701,3.7162162162162176,3.378378378378372,2.702702702702709,1.0135135135135158
2599,Die Grünen,1750,19,0.0,0.0,7.894736842105266,1.0,1.0,2.308558558558557,1.1735419630156443,5.7254623044096675,9.921763869132299,4.516358463726888,12.944523470839265,13.086770981507833,0.0,6.418918918918912,2.0270270270270316,2.702702702702709,2.364864864864863,0.3378378378378244
4878,FDP,1750,19,1.0,1.0,3.550260787102893,1.0,1.0,3.378378378378373,4.87197724039828,3.911806543385495,1.9914651493598896,2.418207681365587,5.014224751066855,3.09388335704125,6.081081081081081,2.364864864864863,2.364864864864863,3.7162162162161962,2.7027027027027017,3.0405405405405332
791,CDU,1750,19,0.0,0.0,3.653982930298721,1.0,1.0,1.3513513513513533,3.342816500711244,5.743243243243242,3.09388335704125,1.689189189189193,5.743243243243242,2.3115220483641536,2.0270270270270316,2.0270270270270316,0.6756756756756772,0.6756756756756772,0.3378378378378457,2.364864864864856
4045,bunt.saar,1750,19,1.0,1.0,5.6543385490753915,1.0,1.0,1.3513513513513544,2.7916073968705533,10.988620199146517,2.9338549075391143,2.080369843527734,11.113086770981518,4.018492176386914,2.0270270270270316,2.3648648648648702,1.3513513513513544,1.689189189189193,0.6756756756756772,0.0
2449,CDU,1750,19,0.0,1.0,4.480796586059749,0.0,1.0,3.1531531531531543,1.7069701280227676,4.800853485064017,2.631578947368425,6.721194879089616,7.290184921763874,3.733997155049792,4.7297297297297405,0.3378378378378386,1.3513513513513473,8.108108108108098,1.689189189189193,2.702702702702709
2526,Die Grünen,1750,19,0.0,0.0,5.017188240872447,0.0,0.0,3.6036036036036023,1.724751066856328,5.156472261735409,7.183499288762434,2.3648648648648702,4.854196301564727,8.819345661450917,4.729729729729733,0.6756756756756701,5.067567567567565,2.702702702702709,1.689189189189186,6.756756756756751
978,bunt.saar,1750,19,1.0,0.0,2.2374348032242763,1.0,1.0,2.81531531531531,0.8712660028449477,1.0490753911806507,2.418207681365587,0.3911806543385481,6.543385490753906,2.151493598862018,1.689189189189186,2.364864864864856,4.054054054054035,2.7027027027027017,2.0270270270270316,4.054054054054049
2089,CDU,1750,19,1.0,1.0,5.186107159791372,1.0,1.0,3.040540540540544,0.9601706970128063,4.12517780938834,2.3115220483641536,9.797297297297305,12.535561877667135,1.3869132290184893,3.378378378378379,3.0405405405405475,3.0405405405405403,1.6891891891892001,2.0270270270270245,5.067567567567572
1704,FDP,1750,19,0.0,0.0,6.531531531531531,1.0,1.0,4.11036036036036,9.495021337126602,8.60597439544808,0.03556187766713492,5.921052631578952,9.050497866287337,6.081081081081081,4.054054054054056,3.0405405405405332,3.0405405405405475,3.7162162162162105,6.756756756756758,4.054054054054056
3063,FDP,1750,19,0.0,1.0,5.2957562825983855,1.0,1.0,2.927927927927924,1.9914651493598896,0.32005689900427114,6.490042674253196,12.251066856329999,2.8449502133712627,7.876955903271693,0.0,2.0270270270270245,6.081081081081081,1.0135135135135016,3.378378378378372,5.067567567567565
349,FDP,1750,19,1.0,1.0,3.111664295874823,1.0,1.0,3.265765765765767,2.5248933143669916,2.7738264580369787,1.1379800853485165,7.3968705547653,0.3911806543385481,4.445234708392604,7.0945945945945965,0.3378378378378386,2.702702702702709,7.0945945945945965,1.689189189189186,0.6756756756756737
1292,DIE LINKE,1750,19,1.0,0.0,2.3648648648648645,1.0,0.0,3.3220720720720736,1.475817923186355,0.7467994310099613,5.209815078236119,4.445234708392597,1.6358463726884764,0.6756756756756772,3.378378378378372,2.0270270270270316,5.067567567567565,0.6756756756756843,4.054054054054056,4.729729729729733
4480,CDU,1750,19,1.0,1.0,2.978307254623047,1.0,0.0,1.5202702702702713,0.2489331436700013,3.627311522048366,2.275960170697026,7.645803698435266,0.9779516358463738,3.09388335704125,3.378378378378386,0.0,0.6756756756756772,0.6756756756756772,3.7162162162162176,0.6756756756756701
1451,Die Grünen,1750,19,1.0,1.0,3.9118065433854903,1.0,1.0,3.040540540540538,2.4182076813655797,5.618776671408241,0.7467994310099471,3.6806543385490755,5.192034139402573,5.814366998577526,2.7027027027027017,1.689189189189186,3.378378378378386,5.067567567567558,3.378378378378372,2.0270270270270245
3574,CDU,1750,19,1.0,1.0,2.1337126600284493,1.0,1.0,3.040540540540538,1.3869132290184822,1.333570412517787,3.200568990042669,2.151493598862025,1.973684210526315,2.7560455192034183,0.0,5.743243243243235,1.3513513513513473,5.4054054054054035,1.689189189189186,4.054054054054056
3678,CDU,1750,19,0.0,0.0,1.6536273115220474,1.0,1.0,3.8288288288288257,1.2268847795163538,2.471550497866282,0.9957325746799413,4.765291607396875,0.01778093883356746,0.4445234708392647,4.054054054054056,5.4054054054054035,5.067567567567565,2.0270270270270174,5.4054054054054035,1.0135135135135087
3091,SPD,1750,19,1.0,0.0,2.2048364153627324,1.0,1.0,2.6463963963963955,3.5028449502133725,2.009246088193457,4.480796586059739,0.16002844950213557,1.9914651493598896,1.0846372688477999,1.3513513513513544,4.7297297297297405,2.0270270270270316,3.0405405405405332,2.0270270270270174,2.7027027027026946
2451,Die Grünen,1750,19,0.0,1.0,4.359293504030346,0.0,0.0,3.4346846846846852,2.8982930298719793,1.3513513513513473,5.6899004267425255,1.404694167852064,8.517069701280235,6.294452347083926,2.0270270270270316,1.3513513513513473,3.7162162162162105,4.729729729729726,3.0405405405405475,5.743243243243249
467,bunt.saar,1750,19,1.0,1.0,4.057017543859646,1.0,1.0,0.9572072072072059,2.293741109530579,5.796586059743959,3.6450924608819264,1.0668563300142253,9.477240398293027,2.0625889046941595,0.3378378378378386,1.0135135135135087,0.3378378378378315,2.7027027027027017,0.3378378378378244,1.01351351351353
4955,bunt.saar,1750,19,0.0,0.0,8.597083926031297,1.0,0.0,1.6328828828828854,0.5689900426742511,6.0099573257467895,11.059743954480808,5.921052631578952,15.611664295874824,12.411095305832163,1.689189189189186,0.0,1.689189189189193,2.0270270270270316,2.3648648648648702,2.0270270270270316
4381,FDP,1750,19,1.0,1.0,3.0257230915125626,1.0,1.0,2.195945945945944,3.5028449502133725,1.1913229018492189,0.40896159317211556,7.912517780938828,2.7382645803698367,2.400426742532005,1.6891891891892001,1.689189189189186,3.0405405405405403,2.0270270270270174,3.0405405405405332,1.689189189189186
3883,Die Grünen,1750,19,0.0,1.0,6.146277856804172,1.0,1.0,2.927927927927925,1.4224751066856385,0.9068278805120968,8.51706970128022,3.627311522048373,14.544807965860592,7.859174964438111,1.689189189189186,3.0405405405405475,3.378378378378372,3.7162162162162176,2.0270270270270174,3.7162162162162105
1669,bunt.saar,1750,19,0.0,0.0,3.8317923186344225,0.0,1.0,2.8153153153153134,0.16002844950213557,1.9559032716927405,4.302987197724043,4.783072546230443,6.116642958748223,5.672119487908951,2.364864864864856,2.702702702702709,2.364864864864863,3.0405405405405403,4.729729729729726,1.689189189189186
2315,DIE LINKE,1750,19,1.0,0.0,4.809743954480801,1.0,0.0,1.8018018018018047,4.889758179231862,1.51137980085349,4.054054054054063,5.921052631578952,9.530583214793744,2.951635846372696,0.3378378378378457,1.0135135135135158,2.3648648648648702,2.0270270270270316,4.391891891891888,0.6756756756756772
1397,Die Grünen,1750,19,1.0,1.0,2.3826458036984426,1.0,0.0,2.8153153153153134,1.8847795163584706,3.1472261735419664,0.2489331436700013,4.925320056899011,0.8534850640113874,3.236130867709818,2.0270270270270316,1.3513513513513473,2.0270270270270245,8.108108108108105,2.0270270270270245,1.3513513513513473
3658,bunt.saar,1750,19,0.0,0.0,2.930891417733521,0.0,0.0,2.027027027027021,1.2980085348506378,0.9423897581792318,1.4046941678520568,3.5384068278805074,5.992176386913229,4.409672830725462,1.0135135135135158,1.0135135135135016,1.0135135135135016,1.689189189189186,2.364864864864856,5.067567567567565
4646,FDP,1750,19,0.0,1.0,5.295756282598396,1.0,1.0,1.5202702702702713,7.82361308677099,4.249644381223341,0.8534850640113874,11.290896159317214,6.54338549075392,1.013513513513523,0.6756756756756843,3.0405405405405475,0.6756756756756701,2.3648648648648702,1.689189189189193,0.675675675675663
4292,Die Grünen,1750,19,1.0,0.0,2.640469416785205,1.0,1.0,3.8288288288288306,0.1422475106685539,0.053342816500716594,3.307254623044102,0.7823613086771033,9.690611664295872,1.8669985775248819,2.0270270270270245,3.378378378378379,4.729729729729726,3.378378378378372,3.0405405405405475,6.4189189189189335
1601,FDP,1750,19,1.0,1.0,4.584518729255573,1.0,0.0,1.5202702702702713,2.151493598862025,1.8492176386913215,11.34423897581793,0.6223328591749677,11.326458036984356,0.21337126600283796,2.364864864864863,2.0270270270270316,1.689189189189193,0.3378378378378386,1.689189189189186,1.0135135135135158
5138,bunt.saar,1750,19,0.0,0.0,8.594120436225703,0.0,1.0,3.3220720720720727,7.343527738264584,7.788051209103841,12.5,1.9914651493598896,16.180654338549083,5.761024182076817,0.0,3.378378378378372,4.391891891891895,5.067567567567572,4.7297297297297405,2.364864864864856
3558,FDP,1750,19,0.0,1.0,8.926031294452345,1.0,1.0,5.686936936936941,0.9957325746799413,14.278093883357037,7.805832147937409,4.018492176386907,17.81650071123756,8.641536273115221,4.054054054054049,5.743243243243242,8.108108108108112,1.3513513513513686,7.0945945945945965,7.770270270270274
3787,FDP,1750,19,1.0,1.0,4.279279279279279,1.0,1.0,2.0270270270270303,4.018492176386907,4.783072546230443,2.293741109530586,0.1422475106685539,12.837837837837839,1.6002844950213415,1.3513513513513686,3.378378378378379,2.0270270270270245,2.0270270270270316,1.689189189189186,1.689189189189193
1256,FDP,1750,19,0.0,1.0,4.797889995258418,0.0,1.0,1.9707207207207265,3.022759601706973,1.5291607396870575,3.129445234708392,8.659317211948796,5.2275960170697005,7.21906116642959,1.689189189189193,2.0270270270270316,2.3648648648648702,0.3378378378378528,1.689189189189193,3.7162162162162176
202,DIE LINKE,1750,19,1.0,0.0,3.977003319108583,1.0,0.0,1.2387387387387427,2.2226173541963092,1.3335704125177799,7.183499288762434,0.5867709815078399,7.254623044096725,5.28093883357041,1.3513513513513544,0.6756756756756772,0.3378378378378457,0.6756756756756843,1.689189189189186,2.702702702702709
3036,bunt.saar,1750,19,1.0,0.0,5.9003082029397795,1.0,1.0,1.4076576576576596,3.627311522048366,6.383357041251777,4.285206258890469,1.0846372688477928,15.647226173541966,4.374110953058306,0.3378378378378386,2.3648648648648702,2.0270270270270316,1.689189189189186,0.0,2.0270270270270316
3026,FDP,1750,19,0.0,1.0,8.54374110953058,1.0,1.0,1.8018018018018036,6.418918918918912,9.228307254623047,6.418918918918919,11.966571834992877,7.450213371265999,9.77951635846373,0.3378378378378457,2.364864864864863,2.027027027027028,0.6756756756756772,3.3783783783783754,2.0270270270270316
3590,CDU,1750,19,1.0,0.0,4.711948790896158,1.0,1.0,2.8153153153153156,4.889758179231862,4.729729729729726,2.4182076813655797,4.87197724039828,5.014224751066855,6.347795163584642,1.689189189189186,0.6756756756756701,4.054054054054056,1.689189189189193,1.689189189189193,7.0945945945945965
1936,Die Grünen,1750,19,0.0,0.0,6.821953532479853,0.0,0.0,3.2657657657657686,1.475817923186355,7.82361308677099,8.55263157894737,1.760312944523477,10.79302987197724,10.526315789473685,4.7297297297297405,1.3513513513513615,3.378378378378379,4.054054054054049,1.689189189189186,4.391891891891895
2224,CDU,1750,19,1.0,1.0,5.292792792792795,1.0,1.0,0.7882882882882889,3.271692745376953,6.063300142247513,4.463015647226179,6.863442389758184,6.401137980085352,4.694167852062591,0.3378378378378315,0.3378378378378386,0.6756756756756772,1.3513513513513544,1.3513513513513544,0.6756756756756772
2372,FDP,1750,19,0.0,1.0,4.537102892366048,1.0,1.0,1.1824324324324305,5.885490753911803,2.3115220483641536,2.809388335704128,10.277382645803684,0.17780938833571014,5.7610241820768096,0.6756756756756701,1.689189189189186,0.3378378378378386,2.7027027027026946,1.689189189189193,0.0
368,bunt.saar,1750,19,1.0,0.0,7.438359412043622,1.0,1.0,2.0833333333333344,0.8890469416785152,0.8890469416785294,14.88264580369843,4.107396870554766,15.184921763869134,8.677098150782356,1.0135135135135158,1.3513513513513544,3.378378378378372,1.3513513513513473,3.378378378378386,2.0270270270270316
3693,FDP,1750,19,1.0,0.0,5.414295874822191,1.0,0.0,2.477477477477477,7.752489331436706,4.569701280227605,2.8982930298719793,7.6635846372688405,9.530583214793737,0.07112375533427695,3.0405405405405332,0.0,2.3648648648648702,2.364864864864863,2.7027027027027017,4.391891891891895
3628,FDP,1750,19,1.0,1.0,5.42022285443338,1.0,1.0,1.8018018018018,10.91749644381224,2.7560455192034183,4.480796586059739,5.476529160739673,2.987197724039838,5.903271692745371,1.013513513513523,2.364864864864863,1.0135135135135158,0.3378378378378244,3.7162162162162105,2.364864864864863
4790,bunt.saar,1750,19,0.0,0.0,7.915481270744429,1.0,0.0,2.1396396396396398,8.872688477951634,0.1955903271692847,10.419630156472252,2.489331436699864,16.945234708392604,8.570412517780937,3.378378378378379,1.3513513513513544,0.3378378378378386,0.3378378378378386,5.405405405405411,2.0270270270270174
2871,SPD,1750,19,1.0,0.0,5.00237079184448,1.0,0.0,2.9279279279279287,0.2844950213371291,9.26386913229019,8.32147937411095,2.489331436699864,3.6806543385490826,5.974395448079662,5.743243243243249,1.3513513513513473,3.7162162162162176,3.0405405405405403,1.689189189189193,2.0270270270270245
4798,bunt.saar,1750,19,0.0,1.0,4.990516832622098,1.0,1.0,1.8018018018018023,3.5384068278805074,0.5689900426742582,6.347795163584628,3.485064011379805,10.152916073968711,5.849928876244675,3.0405405405405403,2.3648648648648702,0.3378378378378528,3.7162162162162176,1.0135135135135087,0.3378378378378244
4835,SPD,1750,19,0.0,0.0,3.514698909435753,1.0,1.0,1.0135135135135112,6.881223328591759,2.1337126600284577,0.5867709815078399,0.49786628733995997,7.23684210526315,3.7517780938833525,0.6756756756756772,2.364864864864856,1.3513513513513473,1.3513513513513473,0.0,0.3378378378378386
4215,CDU,1750,19,1.0,1.0,3.040540540540544,1.0,1.0,1.4076576576576596,1.6002844950213415,4.054054054054056,1.9559032716927405,3.2183499288762576,0.053342816500716594,7.361308677098151,2.702702702702709,3.7162162162162176,0.3378378378378386,0.0,1.689189189189193,0.0
2698,FDP,1750,19,1.0,0.0,3.2124229492650564,1.0,1.0,1.8581081081081063,0.5334281650071233,5.3698435277382615,5.245376955903275,6.365576102418217,1.3513513513513473,0.40896159317211556,3.0405405405405403,0.6756756756756701,1.3513513513513544,1.0135135135135016,2.0270270270270316,3.0405405405405403
121,DIE LINKE,1750,19,1.0,0.0,4.285206258890468,1.0,0.0,7.713963963963962,4.196301564722617,2.3470839260312886,6.276671408250351,2.86273115220483,0.6401137980085352,9.388335704125183,11.148648648648646,4.729729729729726,8.783783783783775,4.729729729729726,5.4054054054054035,11.486486486486491
4340,bunt.saar,1750,19,1.0,1.0,2.54860123281176,1.0,0.0,1.2387387387387392,1.333570412517787,0.4978662873399742,5.8677098150782285,0.12446657183500065,2.1337126600284506,5.334281650071119,0.6756756756756701,0.6756756756756772,1.689189189189193,0.6756756756756843,3.378378378378386,0.3378378378378244
494,FDP,1750,19,1.0,0.0,3.905879563774299,0.0,0.0,1.069819819819828,1.3513513513513473,7.307965860597427,4.018492176386907,2.418207681365587,5.672119487908965,2.6671408250355597,0.6756756756756843,0.6756756756756843,0.6756756756756843,3.378378378378393,0.3378378378378386,0.6756756756756843
2339,FDP,1750,19,1.0,0.0,3.422830725462299,1.0,1.0,1.8018018018018012,1.9559032716927405,1.0668563300142253,5.565433854907525,2.8449502133712485,1.0668563300142253,8.036984352773828,2.702702702702709,3.0405405405405403,0.675675675675663,2.3648648648648702,0.3378378378378386,1.689189189189186
1104,FDP,1750,19,1.0,1.0,4.308914177335228,1.0,0.0,3.6599099099099135,6.845661450924595,3.733997155049785,4.729729729729733,1.3335704125177799,2.987197724039838,6.223328591749635,0.3378378378378386,2.364864864864863,6.418918918918919,5.743243243243242,1.6891891891892001,5.405405405405418
1338,Die Grünen,1750,19,0.0,0.0,5.606922712185869,1.0,1.0,0.6756756756756749,2.7560455192034112,1.9025604551920452,8.51706970128022,2.5426742532005733,9.815078236130866,8.108108108108098,0.3378378378378386,1.3513513513513686,0.0,0.3378378378378386,1.0135135135135016,1.0135135135135016
3525,CDU,1750,19,1.0,1.0,2.2759601706970103,0.0,0.0,2.5900900900900865,3.3250355618776624,1.2446657183499283,1.653627311522051,3.6095305832147915,1.0312944523470762,2.7916073968705533,2.0270270270270245,3.7162162162162105,0.3378378378378386,4.054054054054049,2.7027027027026946,2.7027027027027017
2627,Die Grünen,1750,19,1.0,1.0,5.2513039355144615,1.0,1.0,1.7454954954954995,2.86273115220483,5.369843527738276,5.796586059743959,4.160739687055475,9.60170697012802,3.7162162162162105,1.3513513513513473,2.702702702702716,2.0270270270270316,2.364864864864863,1.013513513513523,1.0135135135135158
360,FDP,1750,19,1.0,1.0,1.9618302513039307,1.0,1.0,2.1396396396396398,1.5647226173541924,1.8492176386913144,1.3157894736842124,2.00924608819345,1.6358463726884764,3.3961593172119393,3.0405405405405403,2.0270270270270316,1.0135135135135158,3.7162162162162176,1.0135135135135158,2.0270270270270174
3006,CDU,1750,19,1.0,1.0,2.8745851114272205,1.0,1.0,2.308558558558557,2.951635846372696,0.46230440967283215,1.6002844950213415,6.54338549075392,2.0270270270270316,3.662873399715501,0.6756756756756772,3.7162162162162176,3.7162162162162176,1.0135135135135087,1.689189189189186,3.0405405405405332
4499,Die Grünen,1750,19,1.0,1.0,7.678402086296821,1.0,1.0,0.7882882882882877,3.2539118065433854,6.223328591749642,10.277382645803684,4.018492176386914,14.722617354196316,7.574679943100989,1.689189189189193,2.0270270270270174,0.0,0.0,0.0,1.0135135135135158
5111,Die Grünen,1750,19,0.0,0.0,4.3296586059743944,1.0,1.0,1.6891891891891906,1.653627311522051,1.7780938833570303,6.738975817923183,0.01778093883356746,10.526315789473685,5.26315789473685,1.0135135135135087,3.7162162162162176,0.6756756756756772,0.6756756756756772,1.689189189189193,2.3648648648648702
4052,FDP,1750,19,1.0,0.0,3.9532954006638215,1.0,0.0,3.6036036036036045,7.343527738264598,7.254623044096725,1.9559032716927405,5.067567567567565,0.37339971550497353,1.724751066856328,2.0270270270270316,2.702702702702709,5.067567567567572,2.7027027027026946,4.729729729729726,4.391891891891895
1649,bunt.saar,1750,19,1.0,0.0,5.980322427690848,1.0,1.0,0.9572072072072094,0.9423897581792389,2.7738264580369787,8.659317211948803,0.7290184921763867,15.647226173541966,7.130156472261717,0.3378378378378386,0.6756756756756772,1.01351351351353,1.0135135135135158,0.6756756756756772,2.0270270270270174
3764,Die Grünen,1750,19,1.0,0.0,5.135727833096255,1.0,1.0,1.463963963963959,1.3513513513513473,0.32005689900426404,6.294452347083933,1.76031294452347,13.264580369843529,7.82361308677099,0.3378378378378386,4.391891891891888,0.3378378378378386,1.0135135135135087,1.3513513513513402,1.3513513513513402
1806,bunt.saar,1750,19,1.0,1.0,5.755097202465625,1.0,0.0,0.5067567567567579,0.16002844950212847,4.480796586059739,7.62802275960172,6.312233285917493,11.059743954480808,4.889758179231862,0.6756756756756772,1.0135135135135158,0.3378378378378386,0.3378378378378386,0.6756756756756772,0.0
3934,FDP,1750,19,0.0,1.0,9.646159317211945,1.0,1.0,6.137387387387387,5.618776671408241,9.743954480796582,11.095305832147936,9.441678520625892,9.317211948790892,12.660028449502128,3.0405405405405475,7.432432432432428,8.783783783783782,1.689189189189186,7.770270270270267,8.108108108108112
2877,Die Grünen,1750,19,0.0,0.0,4.495614035087713,1.0,1.0,3.3783783783783803,5.93883357041252,2.2403982930298696,4.818634423897564,0.5334281650071091,10.277382645803684,3.165007112375534,2.0270270270270245,3.0405405405405332,4.391891891891902,2.0270270270270316,4.391891891891902,4.391891891891888
4394,SPD,1750,19,1.0,1.0,3.9147700331910813,1.0,0.0,2.1396396396396398,2.489331436699864,3.6450924608819264,7.23684210526315,1.2268847795163538,3.058321479374108,5.8321479374110865,1.3513513513513473,3.378378378378379,1.3513513513513473,2.702702702702709,0.3378378378378386,3.7162162162162176
1646,bunt.saar,1750,19,0.0,0.0,6.635253674727356,0.0,1.0,2.7027027027027075,1.8492176386913215,2.044807965860592,10.95305832147936,0.8534850640113874,14.100284495021342,10.010668563300136,2.702702702702709,1.3513513513513686,2.7027027027027017,5.743243243243249,0.6756756756756843,3.0405405405405332
90,CDU,1750,19,1.0,0.0,2.074442863916547,1.0,1.0,2.4774774774774797,2.7027027027026946,1.4935988620199083,1.8492176386913215,3.236130867709818,0.6756756756756772,2.489331436699864,2.364864864864856,4.391891891891895,2.702702702702709,0.6756756756756843,2.364864864864863,2.3648648648648702
2595,FDP,1750,19,1.0,1.0,3.627311522048364,1.0,1.0,2.5900900900900914,2.9871977240398238,1.5291607396870575,5.689900426742533,0.9068278805120968,3.7517780938833525,6.899004267425319,0.6756756756756843,5.4054054054054035,1.3513513513513544,3.0405405405405475,1.3513513513513473,3.7162162162162105
3978,FDP,1750,19,1.0,1.0,4.753437648174491,1.0,0.0,2.421171171171172,9.637268847795163,2.6671408250355597,1.1201991465149348,9.655049786628751,2.5248933143669916,2.916073968705547,2.7027027027027017,2.7027027027026946,2.364864864864863,3.0405405405405546,3.378378378378379,0.3378378378378386
627,Die Grünen,1750,19,1.0,0.0,5.698790896159317,1.0,0.0,5.51801801801802,1.0846372688477999,0.32005689900426404,7.165718349928881,5.28093883357041,11.610953058321478,8.730440967283073,5.067567567567565,1.689189189189186,6.081081081081095,8.108108108108112,6.081081081081081,6.081081081081081
446,bunt.saar,1750,19,1.0,0.0,4.791963015647226,1.0,0.0,1.8581081081081088,8.961593172119493,2.4537695590327075,0.8001422475106708,7.485775248933145,7.69914651493599,1.3513513513513473,0.6756756756756772,4.729729729729726,3.378378378378379,1.689189189189186,0.3378378378378386,0.3378378378378457
2714,SPD,1750,19,0.0,0.0,3.8406827880512076,1.0,0.0,2.2522522522522563,7.361308677098151,6.152204836415365,0.7645803698435216,3.591749644381224,4.623044096728307,0.5512091038406766,2.3648648648648702,1.013513513513523,2.3648648648648702,5.743243243243249,0.3378378378378386,1.689189189189186
1932,CDU,1750,19,1.0,0.0,2.6819582740635384,1.0,1.0,4.1103603603603664,2.951635846372696,0.6045519203413932,5.387624466571843,2.2759601706970045,2.8449502133712627,2.0270270270270316,5.743243243243249,6.418918918918926,2.364864864864863,7.094594594594611,2.0270270270270316,1.0135135135135158
3983,FDP,1750,19,1.0,1.0,3.087956377430062,1.0,1.0,2.5900900900900923,2.6137980085348573,0.7290184921763796,2.916073968705547,2.9694167852062634,8.143669985775247,1.1557610241820768,2.3648648648648702,2.364864864864856,2.702702702702709,4.7297297297297405,0.6756756756756772,2.7027027027027017
2254,bunt.saar,1750,19,1.0,0.0,3.221313418681833,1.0,1.0,1.1824324324324316,3.59174964438121,1.1557610241820697,6.827880512091042,1.5647226173541924,4.80085348506401,1.3869132290184751,0.3378378378378244,0.6756756756756772,0.6756756756756772,3.0405405405405403,1.0135135135135016,1.3513513513513686
4643,Die Grünen,1750,19,1.0,0.0,7.0323613086771,1.0,1.0,1.745495495495503,4.018492176386907,2.6493598862019923,5.761024182076824,3.805120910384069,16.038406827880515,9.921763869132292,1.013513513513523,1.689189189189193,1.3513513513513544,1.689189189189193,1.3513513513513686,3.378378378378386
4641,FDP,1750,19,0.0,1.0,4.949027975343764,0.0,0.0,6.981981981981982,3.6450924608819335,5.7254623044096675,4.9075391180654435,5.672119487908951,5.2275960170697005,4.516358463726888,3.378378378378379,7.432432432432435,9.797297297297305,4.391891891891881,8.108108108108112,8.783783783783782
3501,Die Grünen,1750,19,0.0,0.0,7.257586533902319,1.0,1.0,2.6463963963963906,4.480796586059739,1.5825035561877598,10.864153627311524,9.619487908961588,10.739687055476516,6.258890469416784,2.7027027027027017,1.3513513513513402,3.7162162162162105,2.0270270270270245,2.364864864864856,3.7162162162162105
335,CDU,1750,19,1.0,0.0,3.9147700331910875,1.0,1.0,1.463963963963965,0.053342816500716594,7.04125177809388,2.4182076813655797,6.401137980085352,6.009957325746804,1.5647226173541924,0.0,2.0270270270270316,0.6756756756756772,1.3513513513513544,1.0135135135135087,3.7162162162162176
2314,SPD,1750,19,1.0,1.0,2.3796823138928374,1.0,0.0,1.632882882882883,1.4935988620199083,0.7823613086770962,5.387624466571829,1.5825035561877598,2.8627311522048444,2.1692745376955855,0.3378378378378457,1.0135135135135158,2.702702702702709,0.3378378378378386,2.7027027027026946,2.7027027027026946
2926,DIE LINKE,1750,19,0.0,1.0,3.4554291133238486,0.0,1.0,3.716216216216219,4.480796586059739,2.9694167852062563,3.982930298719772,6.703413940256048,0.9068278805120897,1.689189189189186,1.3513513513513615,3.7162162162162247,4.729729729729719,1.3513513513513473,5.067567567567572,6.081081081081088
4623,FDP,1750,19,1.0,1.0,3.2805832147937437,1.0,1.0,4.335585585585587,1.973684210526315,3.5028449502133725,4.409672830725462,2.275960170697026,5.45874822190612,2.0625889046941666,6.418918918918919,1.0135135135135087,4.054054054054056,6.418918918918926,4.391891891891895,3.7162162162162176
1749,bunt.saar,1750,19,1.0,0.0,7.42650545282124,0.0,0.0,3.153153153153152,1.3869132290184822,2.0625889046941595,8.748221906116648,10.224039829302988,13.30014224751067,8.837126600284492,2.702702702702709,1.0135135135135016,1.0135135135135158,6.081081081081088,3.0405405405405332,5.067567567567565
441,bunt.saar,1750,19,0.0,1.0,3.6628733997155023,0.0,1.0,2.421171171171172,0.4800853485063925,4.551920341394016,3.3250355618776624,0.32005689900426404,6.276671408250358,7.02347083926032,0.3378378378378386,1.3513513513513544,5.405405405405411,1.0135135135135158,4.391891891891895,2.0270270270270174
1986,DIE LINKE,1750,19,1.0,1.0,3.979966808914176,1.0,1.0,3.1531531531531534,2.400426742532005,2.9694167852062634,3.0049786628733983,3.8584637268847715,10.241820768136556,1.404694167852064,4.729729729729726,2.3648648648648702,2.0270270270270245,4.054054054054056,4.054054054054049,1.689189189189193
901,bunt.saar,1750,19,1.0,0.0,6.685633001422475,1.0,1.0,1.5202702702702702,3.3961593172119535,3.378378378378372,10.081792318634413,2.720483641536269,9.655049786628751,10.881934566145091,0.6756756756756701,1.0135135135135016,2.364864864864856,1.0135135135135158,1.01351351351353,3.0405405405405475
5010,SPD,1750,19,1.0,1.0,5.82029397818872,1.0,1.0,2.139639639639642,1.3513513513513473,4.302987197724043,9.317211948790913,1.6002844950213415,9.352773826458034,8.997155049786642,0.6756756756756843,2.7027027027027017,2.3648648648648702,1.3513513513513544,3.378378378378372,2.3648648648648702
2226,FDP,1750,19,0.0,1.0,6.436699857752487,1.0,1.0,2.195945945945945,3.6450924608819264,3.058321479374108,10.152916073968704,8.623755334281647,2.5248933143669987,10.615220483641536,0.0,2.364864864864863,2.7027027027027017,3.378378378378386,2.0270270270270174,2.7027027027027017
3970,DIE LINKE,1750,19,1.0,0.0,3.0494310099573254,0.0,1.0,1.2950450450450444,0.9957325746799413,1.1379800853485023,4.356330014224746,2.7916073968705533,6.276671408250358,2.738264580369851,1.0135135135135087,2.0270270270270316,2.0270270270270316,0.6756756756756701,2.0270270270270245,0.0
2493,Die Grünen,1750,19,0.0,0.0,5.067567567567565,1.0,1.0,1.8018018018018058,2.951635846372689,2.2048364153627347,8.214793741109531,3.0405405405405403,8.108108108108098,5.885490753911796,2.702702702702709,3.7162162162162247,0.3378378378378386,0.6756756756756772,2.702702702702709,0.6756756756756772
2379,Die Grünen,1750,19,1.0,1.0,4.534139402560456,1.0,1.0,2.139639639639641,5.1209103840682815,4.302987197724043,0.4800853485063925,7.663584637268848,9.370554765291615,0.26671408250355455,0.3378378378378386,1.0135135135135087,4.054054054054049,0.3378378378378386,4.391891891891902,2.702702702702709
397,bunt.saar,1750,19,1.0,1.0,3.541370317686104,1.0,1.0,1.4076576576576525,2.187055476529153,8.321479374110943,0.1422475106685539,0.46230440967283215,9.246088193456615,0.8890469416785294,1.0135135135135087,1.3513513513513402,2.7027027027026946,0.0,0.6756756756756772,2.7027027027026946
1283,FDP,1750,19,0.0,1.0,3.351706970128022,1.0,1.0,4.560810810810813,4.60526315789474,4.694167852062591,3.1116642958748173,5.672119487908951,1.3157894736842124,0.7112375533428192,4.054054054054063,3.7162162162162176,5.4054054054054035,1.689189189189193,7.432432432432435,5.067567567567565
5179,FDP,1750,19,1.0,1.0,2.4152441915599776,1.0,1.0,4.673423423423422,3.022759601706973,0.40896159317211556,0.8534850640113838,4.818634423897564,3.9295874822190555,1.4580369843527734,3.378378378378379,2.0270270270270245,7.0945945945945965,3.378378378378372,6.418918918918919,5.743243243243242
2602,Die Grünen,1750,19,0.0,1.0,4.205192034139401,1.0,1.0,2.0270270270270268,3.4672830725462234,1.3513513513513473,4.925320056899011,1.1024182076813602,10.11735419630157,4.267425320056894,0.0,3.0405405405405403,3.378378378378372,1.6891891891892001,2.364864864864863,1.689189189189186
5090,Die Grünen,1750,19,1.0,1.0,4.051090564248461,1.0,1.0,2.9842342342342376,1.795874822190612,4.285206258890469,4.925320056899011,6.241109530583209,3.1472261735419664,3.911806543385495,3.0405405405405475,1.689189189189193,2.702702702702709,3.378378378378379,4.054054054054049,3.0405405405405475
4520,FDP,1750,19,0.0,0.0,4.231863442389759,0.0,0.0,5.3490990990991,6.721194879089616,6.36557610241821,3.8229018492176436,2.578236130867701,4.694167852062591,1.2091038406827934,1.0135135135135087,6.418918918918926,8.445945945945951,2.7027027027026946,6.418918918918926,7.0945945945945965
131,SPD,1750,19,0.0,1.0,7.462067330488382,1.0,0.0,2.5337837837837838,11.130867709815078,5.1031294452347,2.8449502133712556,12.126600284495026,8.179231863442396,5.387624466571836,2.3648648648648702,1.0135135135135087,4.054054054054056,2.364864864864863,3.0405405405405332,2.3648648648648702
4118,Die Grünen,1750,19,0.0,0.0,9.367591275486014,1.0,1.0,4.729729729729736,2.1337126600284577,6.916785206258886,11.717638691322904,6.223328591749642,16.2339971550498,12.980085348506393,3.378378378378393,3.378378378378379,5.743243243243242,4.391891891891895,6.756756756756772,4.729729729729733
2277,SPD,1750,19,1.0,0.0,3.7577050734945465,1.0,0.0,3.603603603603601,7.5213371266002795,2.7916073968705533,3.165007112375541,3.2894736842105274,4.267425320056894,1.511379800853483,1.689189189189193,5.067567567567565,4.729729729729726,0.6756756756756772,3.0405405405405332,6.418918918918912
4467,FDP,1750,19,1.0,1.0,2.59009009009009,1.0,1.0,3.0968468468468457,0.053342816500716594,7.3790896159317185,2.187055476529153,1.618065433854909,2.2048364153627347,2.0981507823613086,6.0810810810810665,2.0270270270270245,3.7162162162162105,1.0135135135135158,2.3648648648648702,3.378378378378386
2443,bunt.saar,1750,19,1.0,1.0,4.5548838311996205,1.0,1.0,0.9572072072072082,2.7027027027026946,4.498577524893307,9.050497866287337,3.2183499288762576,5.26315789473685,2.5960170697012757,0.0,1.6891891891891788,0.6756756756756772,0.3378378378378457,2.3648648648648702,0.6756756756756772
297,SPD,1750,19,1.0,0.0,3.1146277856804154,1.0,0.0,2.195945945945946,0.49786628733995997,1.0490753911806578,7.2724039829302995,1.0312944523470833,0.1422475106685539,8.694879089615938,0.6756756756756843,4.7297297297297405,1.0135135135135087,3.0405405405405332,0.3378378378378386,3.378378378378372
1917,bunt.saar,1750,19,1.0,0.0,3.7073257467994316,1.0,1.0,2.027027027027028,3.1472261735419664,2.3115220483641536,3.342816500711244,0.8357041251778057,9.228307254623047,3.378378378378372,0.3378378378378386,1.3513513513513544,3.7162162162162105,2.7027027027027017,1.3513513513513544,2.702702702702709
842,DIE LINKE,1750,19,0.0,0.0,8.774893314366999,0.0,0.0,3.7725225225225203,3.769559032716927,6.987908961593163,12.837837837837839,6.347795163584642,15.718349928876258,6.987908961593163,2.7027027027027017,3.7162162162162105,4.054054054054056,4.391891891891895,3.7162162162162176,4.054054054054042
737,CDU,1750,19,0.0,0.0,4.605263157894736,0.0,0.0,3.6036036036036037,8.534850640113788,3.165007112375541,2.5248933143669916,2.6137980085348573,6.383357041251777,4.409672830725462,4.054054054054049,1.0135135135135087,4.054054054054056,5.405405405405411,4.054054054054056,3.0405405405405403
2524,Die Grünen,1750,19,1.0,0.0,5.352062588904695,1.0,1.0,0.9572072072072118,2.151493598862025,2.6849217638691343,7.183499288762434,2.258179231863444,13.033428165007123,4.80085348506401,0.3378378378378457,0.3378378378378386,0.3378378378378386,0.6756756756756843,1.689189189189193,2.3648648648648702
3881,CDU,1750,19,0.0,1.0,3.994784257942149,1.0,0.0,6.024774774774772,4.160739687055475,6.792318634423893,0.9601706970128063,0.5512091038406766,10.08179231863442,1.4224751066856243,2.0270270270270245,5.4054054054054035,9.121621621621621,1.0135135135135087,8.108108108108112,10.472972972972961
5044,SPD,1750,19,1.0,0.0,5.778805120910389,1.0,0.0,2.1959459459459474,6.490042674253203,3.44950213371267,7.859174964438118,0.1955903271692847,7.610241820768145,9.068278805120912,1.3513513513513473,0.0,3.7162162162162176,2.702702702702709,1.689189189189193,3.7162162162162176
776,CDU,1750,19,1.0,1.0,2.604907539118063,1.0,1.0,1.6328828828828807,3.449502133712656,1.2446657183499354,4.018492176386907,1.7247510668563208,4.356330014224753,0.8357041251778057,1.6891891891891788,2.0270270270270174,1.3513513513513615,0.0,2.0270270270270245,2.7027027027027017
4961,bunt.saar,1750,19,1.0,0.0,6.116642958748225,1.0,1.0,0.39414414414414384,3.02275960170698,3.1116642958748173,6.525604551920338,10.579658605974402,11.379800853485065,2.0803698435277482,0.0,0.0,0.0,0.3378378378378457,1.0135135135135158,1.0135135135135016
164,bunt.saar,1750,19,1.0,1.0,1.967757230915127,1.0,1.0,3.997747747747747,1.475817923186355,0.03556187766713492,3.591749644381224,0.5689900426742511,2.1692745376955855,3.9651493598862118,3.7162162162162176,4.054054054054056,2.0270270270270316,5.743243243243242,4.054054054054049,4.391891891891888
2608,bunt.saar,1750,19,0.0,0.0,6.584874348032245,0.0,0.0,4.05405405405405,0.1955903271692847,2.951635846372696,11.041963015647227,0.9957325746799413,13.53129445234709,10.793029871977232,2.7027027027026946,2.0270270270270316,5.4054054054054035,3.0405405405405332,3.378378378378379,7.7702702702702595
4668,SPD,1750,19,0.0,0.0,4.305950687529635,1.0,1.0,1.407657657657656,3.342816500711244,9.83285917496444,2.044807965860592,1.9914651493598896,5.7254623044096675,2.8982930298719793,1.3513513513513544,2.3648648648648702,1.0135135135135016,0.6756756756756772,3.0405405405405332,0.0
5220,bunt.saar,1750,19,0.0,0.0,5.381697486960647,0.0,1.0,1.0698198198198188,0.5156472261735487,3.5739687055476637,8.908250355618776,1.1024182076813602,10.561877667140813,7.62802275960172,1.3513513513513473,1.689189189189186,2.0270270270270245,1.3513513513513544,0.0,0.0
4612,FDP,1750,19,1.0,0.0,4.451161688003793,0.0,0.0,6.306306306306304,7.04125177809388,5.689900426742533,5.921052631578952,0.604551920341386,1.013513513513523,6.436699857752487,3.0405405405405403,1.3513513513513473,10.13513513513513,0.675675675675663,11.486486486486491,11.148648648648653
1943,FDP,1750,19,1.0,1.0,5.414295874822191,0.0,1.0,0.5067567567567591,6.525604551920338,5.174253200568991,6.490042674253203,0.9957325746799413,8.232574679943106,5.067567567567565,1.013513513513523,1.0135135135135158,0.3378378378378386,0.3378378378378386,0.0,0.3378378378378386
674,Die Grünen,1750,19,0.0,0.0,4.522285443338077,0.0,0.0,1.8018018018018012,0.40896159317212266,3.5028449502133725,4.640825035561882,3.1294452347083777,8.570412517780944,6.881223328591759,4.054054054054049,0.6756756756756772,1.3513513513513473,1.013513513513523,2.0270270270270245,1.689189189189186
4671,CDU,1750,19,1.0,1.0,3.98885727833096,0.0,1.0,3.2657657657657673,2.275960170697026,2.7027027027026946,0.49786628733995997,5.95661450924608,10.010668563300136,2.489331436699864,0.0,3.378378378378393,6.418918918918912,0.3378378378378386,5.067567567567565,4.391891891891895
4056,bunt.saar,1750,19,1.0,1.0,4.863086770981508,1.0,1.0,4.673423423423423,0.3556187766714132,4.391891891891902,5.796586059743959,0.5867709815078257,13.886913229018482,4.160739687055468,4.054054054054063,0.3378378378378386,6.756756756756758,4.391891891891895,6.756756756756758,5.743243243243228
4965,FDP,1750,19,1.0,0.0,3.9325509720246536,1.0,1.0,4.2792792792792795,1.2802275960170775,6.899004267425319,4.42745376955903,0.8179231863442311,5.7610241820768096,4.409672830725455,5.743243243243249,2.3648648648648702,4.054054054054056,2.364864864864856,6.418918918918919,4.729729729729726
5019,bunt.saar,1750,19,1.0,1.0,2.907183499288763,1.0,1.0,1.689189189189187,1.0490753911806578,0.9068278805120968,4.498577524893307,4.391891891891895,5.95661450924608,0.6401137980085423,1.689189189189186,2.0270270270270316,1.0135135135135016,2.364864864864863,2.0270270270270245,1.0135135135135158
1791,FDP,1750,19,1.0,1.0,5.802513039355143,1.0,1.0,0.8445945945945942,7.752489331436706,7.361308677098151,1.3157894736842124,3.805120910384062,4.551920341394016,10.02844950213371,0.6756756756756772,1.689189189189193,0.6756756756756772,0.3378378378378386,0.3378378378378315,1.3513513513513473
4420,CDU,1750,19,1.0,1.0,2.296704599336177,1.0,1.0,1.970720720720724,2.0803698435277482,2.115931721194869,3.4317211948790884,0.3378378378378386,1.7780938833570303,4.036273115220489,1.01351351351353,3.7162162162162176,1.689189189189186,2.0270270270270316,1.689189189189186,1.689189189189193
4256,bunt.saar,1750,19,0.0,0.0,5.99217638691323,0.0,0.0,2.6463963963963955,0.5156472261735487,7.69914651493599,6.685633001422481,6.578947368421048,9.334992887624459,5.138691322901856,3.378378378378379,1.689189189189193,2.364864864864856,5.4054054054054035,2.3648648648648702,0.6756756756756701
4482,CDU,1750,19,1.0,0.0,3.224276908487436,1.0,1.0,0.8445945945945965,0.5334281650071233,4.836415362731152,1.191322901849226,1.9914651493598896,3.1294452347083777,7.663584637268848,0.3378378378378386,0.3378378378378386,0.3378378378378386,1.3513513513513544,0.0,2.702702702702709
3941,bunt.saar,1750,19,1.0,0.0,6.484115694642008,1.0,1.0,1.2387387387387367,2.7204836415362763,1.9203413940255984,12.980085348506393,0.16002844950212847,11.984352773826451,9.139402560455203,0.3378378378378386,1.689189189189193,1.0135135135135158,0.3378378378378386,3.0405405405405332,1.0135135135135016
1412,bunt.saar,1750,19,1.0,1.0,2.5841631104788974,1.0,1.0,1.1261261261261275,2.5248933143669916,2.9871977240398238,2.6315789473684177,2.3470839260312957,3.5739687055476637,1.4402560455191917,0.3378378378378386,1.689189189189186,2.0270270270270316,0.6756756756756843,2.0270270270270245,0.0
2178,FDP,1750,19,0.0,0.0,2.7797534376481736,0.0,1.0,2.027027027027023,0.40896159317210845,6.685633001422481,2.3115220483641536,2.720483641536269,1.7425320056899025,2.809388335704128,0.0,2.364864864864856,2.364864864864856,0.6756756756756772,2.7027027027026946,4.054054054054056
244,DIE LINKE,1750,19,1.0,0.0,4.433380749170226,1.0,0.0,3.7725225225225216,1.7425320056899025,2.418207681365587,10.08179231863442,2.489331436699864,4.569701280227605,5.298719772403977,0.6756756756756772,2.0270270270270316,5.743243243243235,3.378378378378379,5.067567567567565,5.743243243243242
3751,DIE LINKE,1750,19,1.0,0.0,0.6490042674253225,1.0,1.0,2.364864864864862,0.9779516358463738,0.3378378378378386,0.16002844950213557,1.511379800853483,0.3911806543385552,0.5156472261735487,0.0,1.0135135135135087,3.0405405405405332,3.378378378378379,4.391891891891888,2.364864864864863
4956,DIE LINKE,1750,19,0.0,0.0,6.261853959222377,1.0,1.0,1.970720720720718,3.4672830725462234,5.352062588904687,7.503556187766712,5.014224751066855,9.103840682788054,7.130156472261731,2.0270270270270245,2.364864864864863,1.0135135135135087,2.364864864864863,1.0135135135135087,3.0405405405405403
991,bunt.saar,1750,19,1.0,1.0,2.2463252726410587,1.0,0.0,8.614864864864868,4.729729729729726,1.7247510668563208,0.32005689900426404,4.889758179231862,0.7467994310099613,1.0668563300142182,7.770270270270267,1.3513513513513686,9.459459459459467,9.121621621621628,11.486486486486477,12.5
2423,FDP,1750,19,0.0,0.0,2.1811284969179723,1.0,1.0,1.689189189189187,1.618065433854916,3.982930298719772,0.4978662873399671,3.3961593172119606,0.16002844950212847,3.4317211948790884,0.6756756756756701,0.3378378378378386,3.0405405405405403,1.6891891891891788,2.0270270270270316,2.364864864864863
4881,FDP,1750,19,1.0,1.0,4.264461830251303,1.0,0.0,3.4909909909909858,6.0099573257467895,9.512802275960162,1.8136557610241866,5.369843527738276,1.973684210526315,0.9068278805120897,1.0135135135135016,4.054054054054042,4.054054054054056,3.378378378378372,5.4054054054054035,3.0405405405405403
4838,bunt.saar,1750,19,1.0,0.0,4.771218587008057,1.0,1.0,1.8018018018018036,2.9338549075391214,0.12446657183498644,8.19701280227595,3.1116642958748173,9.530583214793737,4.729729729729726,2.0270270270270316,0.3378378378378386,3.7162162162162105,1.689189189189193,1.689189189189193,1.3513513513513544
4727,DIE LINKE,1750,19,1.0,0.0,5.772878141299192,0.0,0.0,5.123873873873877,2.951635846372689,1.902560455192038,10.68634423897582,1.5825035561877598,9.530583214793737,7.983641536273112,8.783783783783782,1.013513513513523,5.743243243243249,9.121621621621621,0.6756756756756772,5.405405405405411
2764,DIE LINKE,1750,19,0.0,1.0,3.3961593172119513,0.0,0.0,5.236486486486489,1.369132290184929,3.2894736842105345,5.636557610241816,6.098862019914655,2.489331436699864,1.4935988620199083,1.3513513513513544,2.0270270270270316,9.45945945945946,2.364864864864863,7.770270270270274,8.445945945945951
1756,FDP,1750,19,1.0,1.0,5.556543385490755,1.0,0.0,3.6599099099099086,5.192034139402573,5.725462304409675,8.712660028449498,3.09388335704125,5.103129445234707,5.51209103840683,5.405405405405389,2.0270270270270316,2.7027027027027017,2.702702702702709,6.081081081081081,3.0405405405405403
265,Die Grünen,1750,19,1.0,0.0,5.568397344713136,1.0,1.0,0.5630630630630632,1.1379800853485094,7.752489331436706,7.0590327169274545,0.5867709815078257,5.974395448079662,10.899715504978658,0.3378378378378457,1.0135135135135087,0.0,0.0,1.6891891891891788,0.3378378378378457
2442,FDP,1750,19,0.0,0.0,6.279634898055952,1.0,1.0,1.6328828828828812,12.251066856330013,4.338549075391178,3.09388335704125,13.175675675675677,0.2489331436699871,4.569701280227605,0.3378378378378386,0.3378378378378315,0.6756756756756808,1.689189189189186,3.0405405405405403,3.7162162162162105
2160,FDP,1750,19,0.0,1.0,4.640825035561877,0.0,1.0,2.59009009009009,4.658605974395449,1.689189189189186,3.5739687055476566,8.677098150782356,1.724751066856328,7.521337126600287,0.3378378378378386,0.6756756756756772,3.378378378378379,4.391891891891888,2.7027027027027017,4.054054054054056
2867,bunt.saar,1750,19,0.0,0.0,5.749170222854431,1.0,0.0,2.477477477477475,1.689189189189186,3.3250355618776624,6.916785206258886,5.28093883357041,8.55263157894737,8.730440967283073,2.7027027027026946,1.3513513513513473,0.6756756756756701,5.4054054054054035,1.0135135135135087,3.7162162162162247
32,DIE LINKE,1750,19,1.0,0.0,5.5446894262683735,1.0,0.0,2.0833333333333344,2.2048364153627347,1.4046941678520568,8.214793741109531,10.295163584637265,6.827880512091042,4.320768136557611,2.0270270270270316,1.3513513513513544,4.729729729729726,0.6756756756756772,2.364864864864863,1.3513513513513544
4038,bunt.saar,1750,19,1.0,1.0,3.5117354196301585,1.0,0.0,2.7027027027027004,1.5647226173541924,6.383357041251777,0.017780938833581672,4.285206258890469,6.685633001422481,2.1337126600284506,2.0270270270270245,0.3378378378378386,3.7162162162162105,2.3648648648648702,4.3918918918918735,3.378378378378386
4997,CDU,1750,19,0.0,0.0,4.800853485064013,1.0,0.0,2.139639639639642,6.241109530583209,1.795874822190612,4.17852062588905,0.9068278805120897,12.42887624466573,3.2539118065433854,0.3378378378378386,3.0405405405405403,0.0,2.364864864864863,4.7297297297297405,2.3648648648648702
2462,CDU,1750,19,1.0,0.0,4.320768136557607,1.0,0.0,2.92792792792793,2.720483641536269,8.872688477951634,4.623044096728307,2.00924608819345,3.9295874822190555,3.769559032716927,1.01351351351353,1.3513513513513473,4.391891891891895,1.3513513513513473,4.391891891891895,5.067567567567565
73,FDP,1750,19,1.0,1.0,3.9740398293029835,1.0,1.0,0.5067567567567531,4.67638691322901,0.7645803698435216,3.556187766714089,6.472261735419622,3.7517780938833525,4.623044096728307,0.0,1.3513513513513473,0.3378378378378386,0.675675675675663,0.6756756756756701,0.0
1099,CDU,1750,19,1.0,1.0,2.735301090564249,0.0,1.0,2.8153153153153156,0.7112375533428192,0.7290184921763796,0.6578947368421098,7.841394025604551,6.009957325746804,0.46230440967283215,3.7162162162162247,0.0,4.729729729729733,5.067567567567565,0.3378378378378386,3.0405405405405332
3471,FDP,1750,19,1.0,1.0,2.990161213845422,1.0,0.0,2.5337837837837873,2.791607396870546,2.0981507823613086,8.339260312944525,1.5291607396870432,0.4978662873399671,2.6849217638691414,0.6756756756756772,0.6756756756756701,7.432432432432435,1.01351351351353,1.0135135135135158,4.391891891891895
251,Die Grünen,1750,19,1.0,0.0,4.457088667614985,1.0,0.0,1.5202702702702726,1.546941678520632,1.4046941678520568,4.80085348506401,0.5867709815078399,9.672830725462298,8.730440967283073,0.6756756756756772,1.3513513513513544,0.6756756756756772,1.0135135135135087,1.689189189189193,3.7162162162162247
2430,bunt.saar,1750,19,1.0,1.0,3.2568752963489764,1.0,1.0,2.4774774774774797,4.87197724039828,6.507823613086771,0.03556187766713492,1.5647226173541924,5.334281650071112,1.226884779516368,1.3513513513513473,1.689189189189186,5.067567567567572,0.3378378378378386,1.3513513513513686,5.067567567567565
4783,Die Grünen,1750,19,1.0,0.0,6.202584163110475,1.0,1.0,3.828828828828828,1.0135135135135087,2.0625889046941595,6.401137980085338,5.387624466571836,13.4601706970128,8.890469416785209,3.7162162162162176,0.3378378378378386,5.067567567567565,4.729729729729733,5.067567567567565,4.054054054054049
4606,bunt.saar,1750,19,1.0,0.0,6.412991939307726,1.0,1.0,0.5630630630630643,0.32005689900426404,4.463015647226172,10.597439544807955,2.258179231863444,11.148648648648646,9.690611664295872,0.0,2.0270270270270316,0.0,1.0135135135135158,0.3378378378378386,0.0
1839,DIE LINKE,1750,19,1.0,0.0,1.3632053105737292,1.0,1.0,3.0405405405405403,2.880512091038412,0.37339971550497353,0.35561877667140607,1.1024182076813602,1.2980085348506378,2.1692745376955855,1.3513513513513544,1.3513513513513473,4.054054054054056,4.054054054054056,4.391891891891888,3.0405405405405403
1051,SPD,1750,19,1.0,1.0,2.8330962541488858,1.0,1.0,1.8018018018018072,1.9203413940255984,0.9068278805120897,5.1209103840682815,3.69843527738265,2.0625889046941595,3.2894736842105345,2.0270270270270316,1.3513513513513544,2.702702702702709,2.364864864864863,0.6756756756756914,1.689189189189193
4074,bunt.saar,1750,19,0.0,1.0,2.966453295400663,1.0,1.0,1.2387387387387367,2.9871977240398238,4.142958748221901,4.516358463726888,1.546941678520625,2.7027027027026946,1.9025604551920452,0.6756756756756701,1.3513513513513544,1.0135135135135016,1.3513513513513473,1.3513513513513686,1.6891891891891788
2138,bunt.saar,1750,19,0.0,1.0,4.048127074442868,1.0,1.0,3.8288288288288292,2.560455192034155,4.285206258890469,3.2894736842105345,5.352062588904694,7.69914651493599,1.1024182076813673,4.391891891891902,6.756756756756758,3.378378378378372,0.3378378378378386,5.743243243243249,2.364864864864856
365,bunt.saar,1750,19,1.0,1.0,3.956258890469421,1.0,1.0,1.407657657657655,3.1472261735419664,4.000711237553347,4.658605974395449,0.6401137980085352,9.068278805120912,2.2226173541963163,1.3513513513513473,0.6756756756756843,2.0270270270270316,0.3378378378378315,3.378378378378372,0.675675675675663
5053,DIE LINKE,1750,19,1.0,0.0,5.052750118539595,1.0,0.0,1.914414414414414,3.1472261735419664,4.320768136557611,5.796586059743959,0.7823613086770962,11.415362731152207,4.854196301564727,6.081081081081088,0.6756756756756843,0.3378378378378315,1.689189189189186,1.689189189189186,1.0135135135135087
3834,FDP,1750,19,1.0,1.0,1.404694167852064,1.0,1.0,3.5472972972972996,0.3911806543385552,2.8982930298719793,0.5334281650071233,1.6714082503556114,0.03556187766713492,2.8982930298719793,4.054054054054063,1.3513513513513473,6.418918918918926,6.081081081081088,0.6756756756756701,2.7027027027027017
2505,FDP,1750,19,0.0,1.0,7.281294452347083,0.0,1.0,4.3355855855855845,0.5867709815078399,8.997155049786628,5.494310099573255,8.819345661450917,11.78876244665718,8.00142247510668,3.0405405405405332,3.378378378378386,5.4054054054054035,2.3648648648648702,5.4054054054054035,6.418918918918912
4463,Die Grünen,1750,19,0.0,0.0,9.358700806069232,1.0,1.0,2.871621621621621,3.058321479374115,7.610241820768145,12.357752489331446,7.503556187766712,16.62517780938834,8.997155049786635,2.0270270270270245,2.0270270270270316,2.3648648648648702,4.054054054054042,4.391891891891888,2.3648648648648702
3932,Die Grünen,1750,19,1.0,1.0,4.560810810810814,1.0,1.0,2.195945945945946,1.475817923186355,6.276671408250358,4.285206258890469,4.356330014224753,6.116642958748223,4.854196301564727,1.689189189189193,1.0135135135135087,3.0405405405405332,3.378378378378379,1.0135135135135158,3.0405405405405475
3408,FDP,1750,19,0.0,0.0,7.687292555713608,1.0,1.0,0.7882882882882889,7.876955903271693,0.7645803698435216,11.39758179231864,11.21977240398293,4.925320056899004,9.93954480796586,1.3513513513513544,1.0135135135135158,0.0,2.0270270270270245,0.0,0.3378378378378386
1134,SPD,1750,19,0.0,0.0,5.606922712185867,1.0,1.0,1.8581081081081112,5.707681365576107,3.1827880512090942,9.210526315789465,0.3556187766714132,5.298719772403977,9.886201991465143,3.7162162162162176,2.702702702702709,0.0,1.6891891891892001,2.364864864864863,0.6756756756756772
2747,bunt.saar,1750,19,1.0,1.0,6.673779042200095,1.0,1.0,1.4076576576576574,6.436699857752487,0.8001422475106637,10.864153627311524,2.222617354196302,12.002133712660033,7.716927453769557,0.3378378378378386,2.3648648648648702,1.689189189189193,2.0270270270270245,0.3378378378378386,1.6891891891891788
136,FDP,1750,19,0.0,1.0,5.073494547178761,0.0,1.0,3.2657657657657686,6.632290184921764,0.8534850640113874,3.342816500711244,11.628733997155052,3.058321479374108,4.925320056899011,0.6756756756756843,3.378378378378379,4.729729729729726,3.7162162162162247,4.391891891891895,2.7027027027027017
2636,bunt.saar,1750,19,1.0,1.0,2.581199620673304,1.0,1.0,1.745495495495496,4.925320056899004,1.7247510668563208,2.880512091038412,2.489331436699864,3.1472261735419664,0.32005689900425693,1.0135135135135087,1.3513513513513686,2.364864864864856,0.3378378378378386,1.0135135135135016,4.391891891891902
678,CDU,1750,19,0.0,0.0,5.935870080606922,0.0,0.0,4.786036036036035,11.522048364153626,2.880512091038412,5.51209103840683,11.024182076813645,0.08890469416784441,4.587482219061172,3.0405405405405332,0.3378378378378386,8.108108108108112,5.4054054054054035,4.054054054054056,7.770270270270267
5039,DIE LINKE,1750,19,1.0,0.0,5.3728070175438605,1.0,1.0,0.8445945945945988,6.472261735419629,1.226884779516368,6.205547652916081,4.12517780938834,11.682076813655755,2.5248933143669916,0.0,0.6756756756756914,1.689189189189193,1.0135135135135158,0.6756756756756843,1.0135135135135087
4408,Die Grünen,1750,19,0.0,0.0,3.597676623992413,0.0,0.0,1.8581081081081063,1.0490753911806578,2.6849217638691343,5.95661450924608,3.662873399715501,6.596728307254629,1.6358463726884764,1.0135135135135087,5.067567567567565,0.6756756756756843,0.6756756756756772,0.6756756756756701,3.0405405405405332
2124,FDP,1750,19,0.0,0.0,7.954006638217163,1.0,1.0,3.0968468468468466,9.139402560455189,6.827880512091035,8.748221906116648,8.143669985775247,4.054054054054049,10.810810810810814,3.378378378378379,7.0945945945945965,2.0270270270270316,0.3378378378378386,2.0270270270270174,3.7162162162162176
1612,Die Grünen,1750,19,0.0,0.0,3.876244665718346,0.0,0.0,1.7454954954954935,2.578236130867701,6.1877667140825,2.329302987197721,3.6806543385490826,6.899004267425312,1.5825035561877598,2.0270270270270316,1.3513513513513473,1.689189189189186,2.3648648648648702,2.364864864864856,0.6756756756756701
797,DIE LINKE,1750,19,1.0,0.0,5.9921763869132265,1.0,0.0,2.477477477477476,2.5426742532005733,3.3250355618776624,8.410384068278809,2.1692745376955855,11.646514935988613,7.859174964438118,0.0,2.0270270270270245,2.7027027027027017,1.0135135135135087,5.4054054054054035,3.7162162162162176
558,FDP,1750,19,1.0,1.0,1.6743717401612106,1.0,1.0,1.4639639639639637,0.604551920341386,0.6401137980085352,1.4224751066856243,1.1379800853485023,5.103129445234707,1.1379800853485094,2.702702702702709,0.0,1.689189189189186,1.6891891891891788,1.3513513513513544,1.3513513513513544
565,SPD,1750,19,1.0,0.0,3.4228307254623047,1.0,0.0,2.646396396396394,5.565433854907539,2.86273115220483,1.2446657183499354,1.7780938833570303,5.45874822190612,3.627311522048373,1.689189189189186,2.3648648648648702,3.7162162162162033,1.689189189189186,3.7162162162162247,2.7027027027026946
1344,CDU,1750,19,1.0,1.0,2.5071123755334255,1.0,1.0,3.9414414414414396,2.8982930298719793,0.1422475106685539,1.0312944523470762,4.623044096728307,2.916073968705547,3.4317211948790884,3.0405405405405332,3.7162162162162176,5.4054054054054035,1.0135135135135158,4.054054054054056,6.418918918918912
2772,Die Grünen,1750,19,0.0,0.0,3.21538643907065,0.0,0.0,1.6891891891891884,2.0981507823613086,1.3513513513513473,4.67638691322901,0.26671408250356166,3.6095305832147915,7.290184921763881,1.689189189189186,1.3513513513513473,1.0135135135135016,3.0405405405405403,2.0270270270270316,1.013513513513523
4488,SPD,1750,19,1.0,0.0,3.597676623992411,0.0,0.0,2.4774774774774833,1.8492176386913215,1.6358463726884764,8.26813655761024,0.01778093883356746,5.778805120910384,4.0362731152204745,3.7162162162162176,3.0405405405405332,0.6756756756756843,3.0405405405405475,3.7162162162162247,0.6756756756756914
4385,FDP,1750,19,0.0,0.0,7.36130867709815,1.0,1.0,3.3783783783783776,1.4935988620199083,8.285917496443815,5.618776671408256,7.770270270270274,9.779516358463724,11.219772403982923,2.0270270270270245,5.4054054054054035,3.378378378378386,2.364864864864856,3.7162162162162176,3.378378378378379
4529,FDP,1750,19,0.0,1.0,2.8064248458985284,1.0,1.0,1.182432432432434,1.8847795163584777,0.4800853485063925,0.8357041251778057,8.108108108108098,2.7738264580369787,2.7560455192034183,0.6756756756756914,0.6756756756756772,2.364864864864863,0.3378378378378386,1.0135135135135087,2.0270270270270245
5035,CDU,1750,19,0.0,0.0,4.987553342816503,1.0,0.0,1.6328828828828854,9.850640113798008,0.3022759601707037,7.663584637268848,0.8001422475106708,6.507823613086771,4.800853485064017,1.3513513513513544,2.702702702702709,0.3378378378378386,3.378378378378379,0.0,2.0270270270270316
4280,FDP,1750,19,1.0,0.0,4.228899952584161,1.0,0.0,5.743243243243246,2.6315789473684177,7.04125177809388,5.138691322901856,1.6714082503556114,2.4537695590327075,6.436699857752494,5.4054054054054035,2.0270270270270245,8.78378378378379,5.743243243243249,3.0405405405405475,9.45945945945946
4160,CDU,1750,19,1.0,0.0,3.819938359412042,1.0,0.0,1.9144144144144093,0.7290184921763796,2.275960170697026,6.1877667140825,3.4672830725462234,6.418918918918912,3.840682788051211,0.3378378378378244,2.364864864864856,3.378378378378372,3.0405405405405475,1.3513513513513473,1.0135135135135087
4692,CDU,1750,19,1.0,0.0,5.174253200568991,1.0,1.0,2.0270270270270245,6.241109530583209,4.498577524893314,2.5426742532005733,12.162162162162161,2.6493598862019923,2.951635846372696,0.3378378378378386,1.3513513513513473,3.0405405405405332,2.0270270270270316,3.0405405405405403,2.364864864864856
2018,bunt.saar,1750,19,1.0,0.0,4.786036036036031,1.0,0.0,2.25225225225225,4.818634423897571,3.0049786628733983,8.943812233285918,2.7560455192034112,5.387624466571829,3.805120910384062,0.6756756756756772,4.391891891891881,3.0405405405405475,1.689189189189186,2.364864864864856,1.3513513513513544
4548,bunt.saar,1750,19,0.0,0.0,5.304646752015176,0.0,0.0,3.5472972972972983,2.809388335704128,6.614509246088197,6.561166429587473,1.2091038406827934,8.712660028449513,5.921052631578952,5.743243243243249,2.364864864864856,2.364864864864863,5.067567567567565,1.3513513513513615,4.391891891891895
4302,CDU,1750,19,1.0,0.0,3.1679706021811262,1.0,0.0,3.09684684684685,1.973684210526315,1.6714082503556185,7.361308677098151,1.4402560455191917,4.480796586059739,2.080369843527741,4.054054054054063,4.729729729729733,1.3513513513513615,3.0405405405405475,3.0405405405405403,2.364864864864856
878,bunt.saar,1750,19,1.0,0.0,6.549312470365101,1.0,1.0,1.463963963963965,5.618776671408256,3.6806543385490826,10.650782361308671,1.4224751066856243,13.424608819345664,4.498577524893307,7.105427357601002e-15,1.0135135135135016,2.0270270270270316,2.7027027027027017,1.0135135135135158,2.0270270270270316
2380,SPD,1750,19,1.0,0.0,6.575983878615454,1.0,0.0,8.445945945945947,4.2140825035561775,0.23115220483641963,13.780227596017063,10.561877667140813,1.1024182076813673,9.566145092460886,8.108108108108098,1.0135135135135158,12.162162162162154,8.783783783783782,8.445945945945965,12.162162162162168
283,bunt.saar,1750,19,1.0,1.0,8.096254148885729,1.0,1.0,0.6193693693693719,8.712660028449505,1.4758179231863409,9.797297297297305,2.222617354196302,18.77667140825035,7.592460881934571,0.0,0.3378378378378386,1.3513513513513686,0.0,1.0135135135135087,1.0135135135135158
1357,FDP,1750,19,0.0,1.0,9.269796111901375,1.0,1.0,1.1842378929335002e-15,12.233285917496445,7.539118065433847,9.139402560455189,16.073968705547657,1.9559032716927476,8.677098150782363,0.0,7.105427357601002e-15,0.0,0.0,0.0,0.0
4097,SPD,1750,19,1.0,0.0,4.1311047889995285,1.0,1.0,1.970720720720718,5.707681365576107,3.556187766714082,7.450213371266003,3.02275960170698,4.943100995732571,0.10668563300142608,2.364864864864863,0.6756756756756701,1.0135135135135158,2.0270270270270245,2.364864864864856,3.378378378378379
3156,FDP,1750,19,1.0,0.0,6.294452347083926,1.0,0.0,3.941441441441441,0.08890469416785152,5.138691322901842,5.2631578947368425,9.495021337126602,13.086770981507826,4.694167852062591,10.810810810810814,5.743243243243242,1.0135135135135087,3.0405405405405403,2.0270270270270316,1.0135135135135087
3308,Die Grünen,1750,19,1.0,0.0,2.332266477003317,1.0,1.0,1.126126126126124,1.4224751066856385,0.6578947368421026,2.115931721194869,0.07112375533427695,4.658605974395449,5.067567567567565,1.689189189189186,0.0,2.3648648648648702,0.3378378378378457,1.3513513513513402,1.0135135135135016
2521,CDU,1750,19,1.0,0.0,2.634542437174017,1.0,0.0,3.209459459459461,1.9203413940255984,0.2489331436699871,0.4445234708392647,3.2894736842105345,8.108108108108105,1.795874822190612,1.013513513513523,6.418918918918919,6.756756756756758,0.6756756756756772,0.6756756756756701,3.7162162162162176
2048,FDP,1750,19,0.0,0.0,3.6421289710763354,1.0,1.0,1.5765765765765742,3.662873399715508,3.271692745376953,5.423186344238971,5.352062588904687,3.449502133712656,0.6934566145092376,1.0135135135135016,2.364864864864863,1.689189189189186,1.3513513513513544,2.0270270270270316,1.0135135135135087
3223,bunt.saar,1750,19,1.0,0.0,2.3856092935040287,1.0,1.0,1.3513513513513498,0.46230440967283215,3.8940256045519135,4.8364153627311595,3.6450924608819406,0.1422475106685539,1.3335704125177728,0.3378378378378386,3.7162162162162105,0.6756756756756772,0.3378378378378244,1.3513513513513544,1.689189189189193
1474,Die Grünen,1750,19,1.0,0.0,6.318160265528686,1.0,1.0,2.4211711711711708,0.3911806543385552,6.507823613086771,4.640825035561882,4.551920341394016,14.633712660028458,7.183499288762434,3.378378378378372,0.675675675675663,3.0405405405405546,1.0135135135135087,3.7162162162162176,2.702702702702709
1659,CDU,1750,19,1.0,1.0,3.330962541488853,1.0,0.0,1.5202702702702702,0.37339971550497353,10.295163584637265,2.3826458036984377,0.5512091038406766,3.5384068278805074,2.8449502133712556,1.0135135135135087,0.6756756756756772,2.7027027027027017,3.0405405405405403,1.0135135135135158,0.6756756756756772
1242,FDP,1750,19,1.0,1.0,2.8686581318160207,1.0,1.0,2.9279279279279273,1.4402560455191917,2.7027027027026946,1.4224751066856243,0.4267425320056759,8.036984352773828,3.1827880512091085,3.378378378378379,3.378378378378372,3.0405405405405475,0.0,6.418918918918919,1.3513513513513473
1556,CDU,1750,19,1.0,1.0,4.101469890943577,1.0,1.0,2.477477477477476,0.3911806543385552,5.4054054054054035,1.653627311522051,8.481507823613093,6.667852062588906,2.009246088193457,0.675675675675663,5.4054054054054035,4.729729729729726,0.6756756756756843,1.3513513513513473,2.0270270270270316
2797,bunt.saar,1750,19,0.0,0.0,5.002370791844476,1.0,1.0,0.619369369369366,1.0312944523470833,5.352062588904687,5.26315789473685,0.3911806543385481,10.36628733997155,7.610241820768138,0.0,1.0135135135135016,1.3513513513513544,0.0,0.0,1.3513513513513402
4273,bunt.saar,1750,19,1.0,1.0,4.6882408724513995,1.0,1.0,1.1824324324324362,5.600995732574681,1.2091038406827863,4.943100995732578,0.37339971550497353,11.610953058321478,4.391891891891902,1.689189189189186,2.364864864864856,0.3378378378378386,0.6756756756756772,0.3378378378378528,1.6891891891892072
2040,Die Grünen,1750,19,1.0,1.0,6.475225225225227,1.0,1.0,0.9572072072072082,4.018492176386907,2.5426742532005733,8.499288762446653,2.6137980085348502,13.08677098150784,8.090327169274538,0.0,3.0405405405405403,0.0,0.6756756756756772,2.0270270270270316,0.0
256,bunt.saar,1750,19,0.0,1.0,6.247036510194403,1.0,1.0,4.279279279279283,5.51209103840683,4.267425320056894,3.840682788051197,9.566145092460893,5.7254623044096675,8.570412517780937,3.378378378378379,0.3378378378378386,5.743243243243256,5.743243243243256,6.081081081081081,4.391891891891888
2125,CDU,1750,19,1.0,1.0,1.8047652916073993,1.0,1.0,1.745495495495496,0.017780938833574567,3.1472261735419664,1.6002844950213415,0.9601706970128063,3.662873399715501,1.440256045519206,2.0270270270270245,2.3648648648648702,0.3378378378378386,1.3513513513513473,2.0270270270270245,2.3648648648648702
4022,FDP,1750,19,0.0,0.0,5.100165955429111,1.0,1.0,4.279279279279279,2.6493598862019923,8.001422475106686,3.0049786628733983,3.7162162162162105,7.005689900426745,6.223328591749635,6.418918918918919,3.7162162162162176,4.391891891891888,3.0405405405405475,3.7162162162162176,4.391891891891881
2955,FDP,1750,19,0.0,1.0,5.87067330488383,1.0,1.0,1.2950450450450497,3.485064011379805,1.831436699857754,2.8627311522048338,16.145092460881934,4.747510668563294,6.152204836415358,1.013513513513523,1.3513513513513544,1.3513513513513544,1.013513513513523,1.6891891891891895,1.3513513513513544
2105,bunt.saar,1750,19,1.0,1.0,4.17852062588905,1.0,0.0,1.2950450450450444,1.6002844950213415,2.43598862019914,7.432432432432435,1.3157894736842124,6.685633001422481,5.600995732574688,1.3513513513513473,1.0135135135135158,1.3513513513513544,0.3378378378378386,2.364864864864856,1.3513513513513544
2330,FDP,1750,19,0.0,1.0,5.363916548127069,1.0,1.0,2.027027027027026,1.618065433854909,4.2140825035561775,1.0668563300142253,12.588904694167837,5.903271692745371,6.792318634423893,1.689189189189186,3.7162162162162176,0.0,2.0270270270270245,1.689189189189186,3.0405405405405403
1482,SPD,1750,19,0.0,0.0,7.316856330014225,1.0,0.0,1.0698198198198188,7.450213371266003,6.490042674253203,6.454480796586061,6.490042674253203,12.87339971550498,4.142958748221901,0.3378378378378386,0.6756756756756772,0.3378378378378315,1.689189189189186,1.689189189189193,1.689189189189186
1443,Die Grünen,1750,19,1.0,0.0,2.2463252726410623,1.0,1.0,5.686936936936939,2.293741109530579,1.6358463726884764,4.196301564722617,0.46230440967283215,2.9871977240398238,1.9025604551920452,5.067567567567565,1.3513513513513473,10.135135135135144,4.054054054054056,5.405405405405411,8.108108108108112
1039,Die Grünen,1750,19,0.0,0.0,4.122214319582736,0.0,1.0,2.8153153153153205,1.4935988620199083,2.916073968705547,6.792318634423886,3.3961593172119393,8.961593172119485,1.1735419630156514,1.3513513513513544,4.054054054054056,1.6891891891892072,0.0,4.391891891891902,5.4054054054054035
3421,bunt.saar,1750,19,1.0,1.0,3.2242769084874348,1.0,1.0,1.463963963963966,2.3648648648648702,3.769559032716927,5.618776671408256,0.21337126600283796,6.863442389758177,0.5156472261735416,2.3648648648648702,2.0270270270270316,1.3513513513513544,1.0135135135135087,0.3378378378378386,1.689189189189193
2167,Die Grünen,1750,19,1.0,0.0,4.871977240398295,0.0,0.0,2.1396396396396398,1.831436699857747,5.138691322901856,5.583214793741114,7.948079658605984,3.556187766714082,5.174253200568991,3.7162162162162176,0.3378378378378315,2.7027027027027017,4.054054054054056,0.6756756756756843,1.3513513513513473
3393,FDP,1750,19,0.0,0.0,4.048127074442867,0.0,0.0,2.92792792792793,3.698435277382643,7.485775248933145,1.475817923186355,1.369132290184929,7.3790896159317185,2.880512091038412,4.729729729729733,0.3378378378378386,6.418918918918926,1.689189189189193,3.7162162162162176,0.6756756756756701
4619,FDP,1750,19,0.0,1.0,4.2318634423897565,0.0,0.0,3.65990990990991,1.3335704125177799,11.539829302987194,2.507112375533424,4.409672830725462,0.0,5.600995732574681,0.3378378378378386,3.378378378378386,3.7162162162162176,8.108108108108105,2.7027027027026946,3.7162162162162176
2659,bunt.saar,1750,19,1.0,1.0,4.937174016121385,1.0,1.0,0.6193693693693673,3.4672830725462305,2.560455192034155,6.027738264580378,0.37339971550497353,9.10384068278804,8.09032716927453,0.3378378378378386,0.3378378378378386,0.3378378378378386,0.6756756756756701,0.675675675675663,1.3513513513513544
3890,FDP,1750,19,1.0,1.0,5.769914651493598,1.0,1.0,2.0833333333333344,9.761735419630156,2.2759601706970045,0.21337126600283796,11.34423897581793,7.076813655761029,3.94736842105263,0.6756756756756772,0.3378378378378457,1.3513513513513473,5.067567567567572,1.689189189189186,3.378378378378379
4991,bunt.saar,1750,19,1.0,1.0,6.558202939781887,1.0,1.0,3.3783783783783767,4.142958748221908,0.40896159317210845,10.846372688477949,5.51209103840683,10.02844950213371,8.410384068278816,3.7162162162162176,0.675675675675663,3.378378378378372,4.391891891891895,2.702702702702709,5.4054054054054035
4549,FDP,1750,19,1.0,0.0,5.9862494073020365,1.0,1.0,3.3220720720720727,9.050497866287337,1.4580369843527734,2.7027027027027017,8.623755334281647,7.4502133712659955,6.632290184921764,1.689189189189193,4.054054054054056,4.391891891891888,0.0,5.4054054054054035,4.391891891891895
398,FDP,1750,19,1.0,1.0,1.3869132290184918,1.0,1.0,3.8288288288288292,3.733997155049792,0.16002844950212847,0.142247510668561,0.37339971550498063,1.4224751066856243,2.489331436699864,3.7162162162162176,2.3648648648648702,1.0135135135135087,7.770270270270274,4.729729729729726,3.378378378378379
2245,bunt.saar,1750,19,0.0,1.0,2.1663110478899945,1.0,0.0,2.3085585585585604,0.7823613086770962,0.37339971550498063,4.302987197724043,1.5291607396870575,3.94736842105263,2.0625889046941595,2.0270270270270316,2.0270270270270174,2.364864864864863,0.6756756756756772,4.391891891891902,2.3648648648648702
4033,FDP,1750,19,0.0,0.0,4.05405405405405,0.0,0.0,6.475225225225223,7.23684210526315,1.0490753911806578,0.37339971550497353,9.281650071123742,5.369843527738269,1.0135135135135087,4.054054054054056,2.0270270270270316,7.432432432432428,10.13513513513513,7.770270270270267,7.432432432432428
4682,DIE LINKE,1750,19,0.0,0.0,3.1146277856804168,0.0,0.0,4.279279279279277,4.42745376955903,4.889758179231862,0.17780938833571014,4.569701280227605,4.480796586059739,0.1422475106685539,3.378378378378372,1.0135135135135087,7.432432432432435,3.378378378378379,5.067567567567565,5.4054054054054035
4582,CDU,1750,19,1.0,1.0,2.7441915599810343,1.0,1.0,1.8581081081081077,1.369132290184929,3.485064011379805,1.262446657183503,3.1294452347083777,3.7162162162162176,3.5028449502133725,0.3378378378378386,0.6756756756756701,3.0405405405405403,0.6756756756756701,3.378378378378379,3.0405405405405475
181,Die Grünen,1750,19,1.0,0.0,6.964201043148411,1.0,1.0,1.576576576576579,0.3022759601706895,5.903271692745371,5.796586059743959,0.6756756756756772,18.705547652916074,10.401849217638699,0.6756756756756843,2.3648648648648702,0.6756756756756772,1.3513513513513544,1.6891891891891788,2.702702702702709
965,bunt.saar,1750,19,0.0,0.0,4.397818871503078,1.0,0.0,1.2950450450450433,0.9423897581792318,2.293741109530579,6.899004267425312,1.404694167852064,8.197012802275957,6.650071123755325,1.689189189189186,0.3378378378378386,1.3513513513513473,2.7027027027027017,0.0,1.689189189189186
1902,FDP,1750,19,1.0,1.0,4.949027975343765,1.0,0.0,2.252252252252253,3.876244665718353,7.485775248933145,3.1472261735419664,4.196301564722617,7.3968705547653,3.59174964438121,3.378378378378372,1.3513513513513544,2.7027027027027017,3.0405405405405475,2.0270270270270174,1.013513513513523
1795,bunt.saar,1750,19,1.0,0.0,4.436344238975821,1.0,1.0,1.295045045045048,1.973684210526315,2.9338549075391214,6.294452347083926,0.5867709815078399,10.455192034139415,4.374110953058313,0.0,0.6756756756756772,1.689189189189193,0.6756756756756843,2.0270270270270316,2.7027027027027017
4129,FDP,1750,19,0.0,1.0,5.870673304883831,1.0,1.0,1.1824324324324305,7.663584637268848,4.018492176386914,1.1557610241820768,12.126600284495026,0.01778093883356746,10.241820768136556,2.0270270270270245,1.0135135135135158,0.6756756756756772,2.7027027027026946,0.0,0.6756756756756701
3209,bunt.saar,1750,19,1.0,0.0,6.543385490753914,1.0,1.0,1.2387387387387416,0.6578947368421098,4.480796586059739,8.588193456614505,5.743243243243242,14.704836415362742,5.0853485064011466,0.3378378378378386,1.0135135135135158,2.0270270270270174,2.702702702702709,0.3378378378378528,1.0135135135135158
1526,bunt.saar,1750,19,1.0,0.0,3.6480559506875294,1.0,1.0,1.1261261261261275,1.2624466571834958,0.17780938833570303,3.94736842105263,5.1564722617354235,9.086059743954486,2.258179231863437,0.0,0.6756756756756772,1.689189189189193,1.689189189189186,1.0135135135135158,1.689189189189193
3472,FDP,1750,19,1.0,1.0,2.2077999051683257,1.0,1.0,2.477477477477476,1.2980085348506378,0.9246088193456643,1.2624466571834958,5.743243243243242,1.76031294452347,2.258179231863444,2.702702702702709,2.7027027027026946,3.0405405405405332,1.3513513513513544,3.378378378378372,1.689189189189193
1712,FDP,1750,19,1.0,0.0,3.508771929824558,0.0,0.0,2.5337837837837838,8.179231863442396,0.49786628733995997,0.426742532005683,3.591749644381224,6.792318634423893,1.5647226173541924,2.0270270270270316,3.7162162162162176,3.7162162162162176,1.689189189189186,1.3513513513513473,2.7027027027027017
1554,bunt.saar,1750,19,1.0,1.0,5.206851588430534,1.0,1.0,1.632882882882883,0.6578947368421026,3.0405405405405332,8.179231863442382,3.165007112375534,7.467994310099577,8.730440967283073,2.7027027027026946,2.0270270270270316,2.0270270270270174,0.3378378378378315,0.6756756756756914,2.0270270270270316
1047,CDU,1750,19,1.0,1.0,3.126481744902795,1.0,1.0,1.8581081081081063,4.42745376955903,1.9203413940255984,0.7823613086771033,7.23684210526315,2.5426742532005733,1.8492176386913144,3.0405405405405475,2.0270270270270245,1.3513513513513473,2.7027027027026946,2.0270270270270245,0.0
3484,FDP,1750,19,0.0,0.0,2.5811996206733063,1.0,1.0,0.9572072072072011,1.1379800853485023,3.02275960170698,3.022759601706966,6.454480796586061,1.3335704125177799,0.5156472261735487,1.689189189189193,0.3378378378378244,0.3378378378378315,0.675675675675663,2.0270270270270245,0.6756756756756701
4196,CDU,1750,19,0.0,1.0,6.472261735419629,1.0,1.0,4.7297297297297325,6.561166429587473,1.1735419630156443,5.28093883357041,10.099573257467995,12.766714082503562,2.951635846372689,1.0135135135135087,1.689189189189193,8.108108108108112,1.013513513513523,9.797297297297298,6.756756756756758
1460,SPD,1750,19,1.0,0.0,2.883475580844005,1.0,1.0,1.8581081081081088,0.9601706970128063,2.7560455192034112,5.600995732574688,0.07112375533427695,1.369132290184929,6.54338549075392,2.364864864864856,3.7162162162162176,0.6756756756756772,0.6756756756756843,0.0,3.7162162162162176
5054,FDP,1750,19,0.0,0.0,3.6776908487434796,0.0,0.0,7.319819819819819,2.2048364153627347,4.391891891891895,3.0049786628733983,0.03556187766713492,8.26813655761024,4.160739687055475,0.3378378378378386,7.770270270270267,8.445945945945944,5.743243243243249,10.472972972972975,11.148648648648638
3010,SPD,1750,19,0.0,1.0,10.976766239924137,0.0,1.0,4.054054054054053,7.02347083926032,9.761735419630156,16.92745376955903,2.471550497866289,19.630156472261724,10.046230440967292,3.7162162162162105,1.689189189189186,4.391891891891895,2.7027027027027017,8.445945945945937,3.378378378378386
3608,FDP,1750,19,0.0,1.0,4.05405405405405,0.0,1.0,2.646396396396399,2.3826458036984306,6.294452347083919,1.2268847795163538,9.068278805120912,4.943100995732571,0.40896159317211556,1.01351351351353,2.0270270270270316,2.364864864864863,4.729729729729726,1.689189189189193,4.054054054054049
5034,DIE LINKE,1750,19,0.0,0.0,4.30891417733523,0.0,0.0,2.927927927927924,1.9914651493598896,8.641536273115221,2.5604551920341407,0.03556187766713492,9.246088193456615,3.378378378378379,4.054054054054049,1.0135135135135087,3.378378378378379,6.418918918918912,2.7027027027026946,0.0
347,FDP,1750,19,1.0,1.0,3.2657657657657624,1.0,1.0,1.8018018018018,4.089615931721191,0.9957325746799413,2.1692745376955926,4.480796586059739,7.112375533428157,0.7467994310099542,2.3648648648648702,1.3513513513513473,3.378378378378386,0.3378378378378244,3.378378378378372,0.0
4266,Die Grünen,1750,19,0.0,0.0,4.151849217638692,1.0,0.0,1.4076576576576585,1.689189189189186,3.271692745376953,4.338549075391185,2.773826458036986,8.179231863442396,4.658605974395449,2.7027027027026946,0.0,1.013513513513523,1.689189189189193,1.0135135135135087,2.0270270270270316
2471,bunt.saar,1750,19,1.0,0.0,3.4909909909909884,1.0,1.0,1.8018018018018012,1.0668563300142253,1.9203413940255984,3.307254623044102,3.698435277382643,7.503556187766705,3.449502133712656,1.0135135135135087,3.378378378378372,1.3513513513513544,2.364864864864863,2.3648648648648702,0.3378378378378386
462,FDP,1750,19,1.0,1.0,4.919393077287812,1.0,0.0,3.6599099099099086,3.520625889046933,9.566145092460879,4.605263157894733,4.587482219061172,4.551920341394016,2.6849217638691414,5.067567567567565,1.3513513513513473,3.7162162162162176,5.067567567567565,1.0135135135135087,5.743243243243249
4631,bunt.saar,1750,19,1.0,0.0,4.190374585111427,1.0,1.0,1.238738738738738,3.94736842105263,0.3911806543385552,8.908250355618776,0.07112375533427695,8.78378378378379,3.0405405405405332,1.3513513513513473,1.0135135135135016,3.0405405405405475,0.6756756756756772,0.3378378378378528,1.0135135135135016
4519,FDP,1750,19,1.0,1.0,3.529516358463725,1.0,1.0,3.8851351351351346,2.7204836415362763,9.939544807965852,4.996443812233295,0.9779516358463738,0.49786628733995997,2.044807965860592,8.108108108108112,2.364864864864856,3.378378378378386,5.4054054054054035,2.0270270270270316,2.0270270270270174
3160,FDP,1750,19,1.0,1.0,2.184091986723564,1.0,1.0,3.6599099099099113,1.3513513513513473,1.9914651493598896,7.876955903271693,0.1422475106685539,1.546941678520625,0.1955903271692776,7.432432432432435,0.6756756756756772,4.054054054054056,7.0945945945945965,2.7027027027027017,0.0
1636,bunt.saar,1750,19,1.0,1.0,4.679350403034609,1.0,1.0,0.7882882882882866,0.3911806543385481,10.561877667140813,5.03200568990043,3.6095305832147915,1.6358463726884764,6.845661450924595,1.0135135135135158,0.6756756756756843,1.3513513513513402,0.0,0.3378378378378386,1.3513513513513402
3613,Die Grünen,1750,19,0.0,0.0,5.689900426742532,0.0,0.0,3.434684684684683,0.2489331436699942,4.089615931721191,8.25035561877666,2.5248933143669916,9.512802275960176,9.512802275960176,4.391891891891888,4.729729729729726,4.729729729729726,2.0270270270270245,0.0,4.729729729729733
3021,FDP,1750,19,0.0,1.0,2.024063537221433,1.0,1.0,1.7454954954954995,0.2489331436700013,0.37339971550497353,4.089615931721191,4.694167852062584,2.222617354196302,0.5156472261735452,0.6756756756756772,0.6756756756756772,1.3513513513513544,4.391891891891902,1.3513513513513544,2.0270270270270316
4015,CDU,1750,19,1.0,0.0,4.566737790422002,0.0,1.0,1.9144144144144164,5.0497866287340045,7.5924608819345565,0.4800853485063996,6.3122332859175,7.414651493598868,0.5512091038406837,3.378378378378393,1.013513513513523,3.378378378378379,2.364864864864856,0.6756756756756772,0.6756756756756701
1963,bunt.saar,1750,19,1.0,1.0,1.8966334755808358,1.0,0.0,3.378378378378381,0.21337126600283796,3.7162162162162105,2.151493598862018,0.21337126600283796,3.3605974395447973,1.7247510668563137,0.3378378378378386,2.0270270270270316,5.067567567567565,3.378378378378372,7.094594594594611,2.3648648648648702
2377,SPD,1750,19,0.0,0.0,6.152204836415362,1.0,0.0,2.2522522522522537,4.818634423897571,5.45874822190612,8.161450924608815,2.809388335704128,9.228307254623047,6.436699857752494,1.6891891891892001,0.3378378378378386,3.0405405405405332,2.7027027027027017,2.702702702702709,3.0405405405405403
4709,CDU,1750,19,1.0,0.0,7.035324798482697,1.0,0.0,3.1531531531531556,3.307254623044095,7.82361308677099,6.454480796586061,2.151493598862025,16.607396870554773,5.867709815078236,0.0,1.6891891891892001,3.0405405405405475,3.7162162162162105,5.743243243243249,4.729729729729726
3503,Die Grünen,1750,19,1.0,0.0,2.0329540066382195,1.0,0.0,5.292792792792793,3.307254623044095,2.080369843527741,2.1337126600284577,0.426742532005683,2.3115220483641536,1.9381223328591872,8.783783783783782,3.7162162162162176,4.054054054054056,4.391891891891888,4.729729729729726,6.081081081081088
4008,SPD,1750,19,0.0,1.0,4.6704599336178285,0.0,1.0,3.997747747747747,4.87197724039828,4.249644381223341,6.650071123755325,4.943100995732571,7.112375533428171,0.1955903271692847,3.7162162162162176,1.3513513513513473,5.4054054054054035,5.743243243243242,1.0135135135135158,6.756756756756758
524,FDP,1750,19,0.0,1.0,5.387624466571833,1.0,1.0,2.3648648648648614,2.5426742532005733,2.7027027027027017,7.0945945945945965,12.588904694167837,4.054054054054049,3.342816500711244,1.0135135135135158,0.0,3.040540540540544,1.3513513513513402,5.405405405405396,3.378378378378372
4091,bunt.saar,1750,19,0.0,0.0,5.3876244665718405,1.0,0.0,1.0698198198198188,0.1955903271692847,0.053342816500716594,10.828591749644389,3.2894736842105345,11.593172119487903,6.365576102418217,1.0135135135135087,2.3648648648648702,0.0,2.0270270270270316,0.0,1.0135135135135016
400,Die Grünen,1750,19,0.0,0.0,3.6036036036036023,0.0,1.0,3.209459459459461,2.2403982930298625,2.151493598862025,4.960881934566139,2.435988620199147,1.9914651493598896,7.841394025604551,2.0270270270270245,3.7162162162162105,3.378378378378393,1.689189189189186,6.418918918918919,2.0270270270270316
2280,FDP,1750,19,1.0,0.0,4.424490279753439,1.0,0.0,2.4211711711711694,4.658605974395449,4.569701280227605,4.196301564722617,2.400426742531998,10.277382645803698,0.4445234708392647,0.3378378378378386,3.378378378378379,1.3513513513513544,1.6891891891891788,5.4054054054054035,2.364864864864863
4127,CDU,1750,19,0.0,0.0,4.059981033665241,1.0,1.0,1.4639639639639626,5.8321479374110865,2.507112375533424,0.40896159317212266,3.7517780938833525,10.56187766714082,1.2980085348506378,1.3513513513513473,0.0,0.6756756756756772,3.378378378378379,2.364864864864863,1.0135135135135087
4695,Die Grünen,1750,19,0.0,0.0,6.768610715979136,0.0,0.0,4.673423423423423,3.2894736842105345,1.6714082503556114,10.757467994310105,4.551920341394016,12.26884779516358,8.07254623044097,7.0945945945945965,0.3378378378378386,7.0945945945945965,5.4054054054054035,4.729729729729719,3.378378378378386
4510,FDP,1750,19,0.0,1.0,5.05867709815078,1.0,1.0,1.8581081081081077,5.156472261735409,1.5647226173541924,3.7162162162162176,10.561877667140813,2.951635846372689,6.401137980085359,0.3378378378378386,2.364864864864863,2.364864864864863,1.013513513513523,4.729729729729726,0.3378378378378315
15,CDU,1750,19,1.0,0.0,4.741583688952107,1.0,0.0,2.8153153153153148,0.32005689900426404,3.0049786628733983,5.95661450924608,15.73613086770981,1.795874822190612,1.6358463726884764,1.0135135135135087,0.6756756756756843,4.054054054054049,5.743243243243242,5.4054054054054035,0.0
1642,bunt.saar,1750,19,1.0,0.0,3.3813418681839758,1.0,1.0,1.8581081081081028,1.760312944523477,0.32005689900426404,5.654338549075405,1.8847795163584706,8.55263157894737,2.115931721194869,0.3378378378378386,2.7027027027026946,2.7027027027026946,0.0,2.7027027027026946,2.7027027027026946
2673,Die Grünen,1750,19,0.0,1.0,4.649715504978663,0.0,1.0,1.8581081081081077,4.17852062588905,1.0312944523470904,6.721194879089616,2.3648648648648702,9.886201991465143,3.7162162162162105,0.3378378378378386,2.3648648648648702,3.378378378378372,1.689189189189186,2.364864864864863,1.0135135135135158
1255,bunt.saar,1750,19,0.0,0.0,5.92994310099573,1.0,1.0,2.0833333333333357,6.454480796586054,3.378378378378372,4.978662873399728,2.86273115220483,12.517780938833575,5.387624466571822,0.3378378378378315,1.01351351351353,4.391891891891888,3.0405405405405403,1.3513513513513544,2.3648648648648702
2672,bunt.saar,1750,19,0.0,0.0,7.257586533902323,0.0,0.0,3.3220720720720736,7.3790896159317185,2.8271692745377024,11.077524893314369,1.9203413940255984,12.446657183499283,7.894736842105267,9.459459459459467,0.3378378378378386,2.7027027027027017,1.3513513513513544,1.689189189189186,4.391891891891895
3791,bunt.saar,1750,19,1.0,1.0,6.063300142247514,1.0,1.0,1.2387387387387392,6.827880512091042,5.600995732574688,10.526315789473685,4.463015647226179,6.614509246088197,2.3470839260312957,0.3378378378378386,0.6756756756756772,2.3648648648648702,2.7027027027027017,0.6756756756756701,0.6756756756756772
2844,bunt.saar,1750,19,1.0,1.0,3.7428876244665723,1.0,1.0,1.407657657657655,3.3605974395448044,3.1472261735419664,1.9025604551920452,5.103129445234707,6.241109530583216,2.7027027027026946,1.0135135135135087,0.0,2.0270270270270174,1.0135135135135158,2.364864864864856,2.0270270270270316
2228,bunt.saar,1750,19,1.0,0.0,4.806780464675203,1.0,1.0,1.5202702702702677,2.507112375533424,1.1201991465149348,6.365576102418217,3.2539118065433854,10.099573257468002,5.494310099573255,0.0,2.0270270270270316,2.0270270270270174,2.364864864864863,0.6756756756756772,2.0270270270270174
722,bunt.saar,1750,19,1.0,0.0,6.282598387861545,1.0,1.0,1.3513513513513498,2.3826458036984306,2.0803698435277482,8.588193456614505,1.0490753911806507,13.63798008534851,9.957325746799427,1.0135135135135087,0.3378378378378528,2.702702702702709,1.3513513513513473,1.3513513513513402,1.3513513513513402
597,bunt.saar,1750,19,1.0,1.0,1.5410146989094369,1.0,1.0,3.1531531531531534,3.1472261735419664,0.6578947368421026,0.4445234708392718,2.7204836415362763,0.9423897581792318,1.3335704125177728,0.6756756756756843,5.4054054054054035,3.0405405405405332,3.378378378378379,4.054054054054049,2.3648648648648702
3500,CDU,1750,19,1.0,0.0,6.501896633475582,1.0,0.0,2.759009009009008,1.9914651493598896,9.210526315789465,9.03271692745377,3.2183499288762576,8.197012802275957,7.361308677098151,0.6756756756756772,3.7162162162162176,3.0405405405405475,0.3378378378378244,6.418918918918926,2.364864864864856
1076,FDP,1750,19,1.0,1.0,4.237790422000946,1.0,1.0,0.9572072072072094,1.4580369843527734,1.3513513513513473,6.596728307254629,5.209815078236119,4.854196301564727,5.95661450924608,0.0,1.689189189189193,1.3513513513513544,0.3378378378378386,1.3513513513513544,1.0135135135135158
332,SPD,1750,19,0.0,0.0,5.938833570412523,0.0,0.0,3.0968468468468493,1.0846372688477999,3.5028449502133725,12.144381223328601,0.8534850640113874,7.610241820768145,10.437411095305833,2.0270270270270316,0.3378378378378386,4.054054054054056,3.378378378378379,4.729729729729733,4.054054054054056
3553,SPD,1750,19,0.0,1.0,5.506164058795643,0.0,1.0,2.4211711711711756,3.876244665718353,2.6671408250355597,8.55263157894737,2.987197724039838,9.655049786628751,5.2987197724039845,3.7162162162162105,0.0,4.054054054054063,1.3513513513513615,1.3513513513513686,4.054054054054049
3655,FDP,1750,19,1.0,1.0,3.437648174490279,1.0,1.0,1.9144144144144175,0.3911806543385552,1.9914651493598896,5.7610241820768096,4.160739687055468,6.081081081081081,2.2403982930298696,2.702702702702709,1.3513513513513544,1.689189189189186,1.6891891891892072,2.0270270270270245,2.0270270270270245
4165,FDP,1750,19,1.0,1.0,4.922356567093411,1.0,1.0,2.871621621621621,1.760312944523477,1.0312944523470762,6.7389758179231904,0.8534850640113802,14.17140825035563,4.978662873399713,5.743243243243235,0.6756756756756701,3.378378378378379,1.3513513513513544,3.378378378378386,2.7027027027027017
2428,FDP,1750,19,1.0,1.0,2.376718824087247,0.0,1.0,5.574324324324327,4.391891891891895,1.8847795163584635,1.724751066856328,4.569701280227605,1.1379800853485094,0.5512091038406837,4.054054054054049,6.756756756756758,7.0945945945945965,2.702702702702709,4.054054054054063,8.78378378378379
3869,SPD,1750,19,0.0,0.0,5.8647463252726375,1.0,0.0,1.6891891891891906,4.729729729729726,3.0761024182076824,3.1294452347083777,8.659317211948789,12.126600284495026,3.4672830725462234,3.0405405405405475,1.3513513513513473,0.0,0.6756756756756772,2.3648648648648702,2.7027027027027017
353,bunt.saar,1750,19,1.0,1.0,5.660265528686581,1.0,1.0,5.180180180180184,12.055476529160735,5.867709815078236,7.396870554765293,4.765291607396875,3.591749644381224,0.284495021337122,8.783783783783782,2.3648648648648702,3.0405405405405475,8.78378378378379,2.0270270270270316,6.081081081081081
5046,Die Grünen,1750,19,1.0,1.0,5.144618302513042,1.0,1.0,2.0270270270270245,0.10668563300142608,7.62802275960172,6.596728307254622,4.996443812233281,8.01920341394026,3.52062588904694,2.364864864864856,1.3513513513513402,3.7162162162162105,3.7162162162162105,0.3378378378378386,0.6756756756756914
4561,FDP,1750,19,1.0,1.0,4.353366524419154,1.0,1.0,3.2657657657657673,2.2403982930298625,2.7560455192034183,5.298719772403977,1.4935988620199083,7.628022759601706,6.703413940256048,3.7162162162162176,2.7027027027027017,4.729729729729726,3.7162162162162247,0.6756756756756772,4.054054054054056
2918,Die Grünen,1750,19,1.0,1.0,5.695827406353719,1.0,1.0,1.6328828828828794,0.49786628733995997,6.970128022759603,9.246088193456615,0.10668563300141898,10.828591749644382,6.525604551920338,0.3378378378378244,0.0,3.0405405405405475,1.3513513513513544,4.054054054054049,1.0135135135135016
916,FDP,1750,19,0.0,0.0,4.551920341394031,0.0,1.0,1.5765765765765778,4.338549075391185,8.534850640113795,0.23115220483641252,7.343527738264598,6.7389758179231976,0.12446657183500065,2.0270270270270316,0.3378378378378386,2.0270270270270316,0.0,4.054054054054056,1.0135135135135087
1568,bunt.saar,1750,19,1.0,0.0,7.841394025604554,1.0,1.0,1.689189189189192,0.6934566145092447,2.0270270270270316,12.748933143670001,6.312233285917493,17.283072546230443,7.983641536273112,1.013513513513523,0.0,3.0405405405405475,1.0135135135135158,3.0405405405405475,2.0270270270270174
68,bunt.saar,1750,19,0.0,1.0,8.084400189663347,1.0,1.0,1.745495495495497,0.08890469416785152,2.3826458036984306,13.389046941678522,3.662873399715501,16.500711237553347,12.482219061166425,2.0270270270270316,0.3378378378378386,3.0405405405405475,1.3513513513513544,1.689189189189193,2.0270270270270174
2906,Die Grünen,1750,19,0.0,0.0,7.865101944049312,0.0,0.0,2.6463963963963977,4.302987197724036,4.17852062588905,11.504267425320059,6.756756756756758,16.002844950213372,4.445234708392597,2.3648648648648702,1.689189189189186,3.378378378378379,3.7162162162162105,1.689189189189193,3.0405405405405475
1237,DIE LINKE,1750,19,1.0,0.0,2.678994784257943,0.0,1.0,3.6036036036036045,0.8357041251778057,3.94736842105263,3.236130867709818,1.724751066856328,3.840682788051211,2.489331436699864,1.0135135135135158,0.6756756756756772,6.081081081081095,0.6756756756756701,7.094594594594589,6.081081081081081
698,DIE LINKE,1750,19,0.0,0.0,4.051090564248457,0.0,0.0,3.7162162162162162,5.7254623044096675,8.108108108108105,1.511379800853483,2.435988620199147,2.8449502133712556,3.6806543385490826,10.13513513513513,1.689189189189193,1.3513513513513473,7.0945945945945965,0.0,2.0270270270270316
4978,FDP,1750,19,0.0,0.0,5.369843527738264,1.0,0.0,1.2950450450450468,9.690611664295872,1.973684210526315,1.2446657183499354,9.45945945945946,8.890469416785209,0.9601706970127921,1.0135135135135158,3.378378378378379,0.3378378378378457,1.0135135135135087,2.0270270270270245,7.105427357601002e-15
1348,FDP,1750,19,0.0,1.0,3.571005215742056,1.0,0.0,2.083333333333332,3.556187766714075,3.5739687055476566,1.9203413940255984,7.485775248933152,2.9871977240398238,1.902560455192031,5.067567567567565,2.0270270270270245,1.689189189189186,0.3378378378378386,1.689189189189186,1.689189189189193
1379,bunt.saar,1750,19,1.0,1.0,6.06330014224751,1.0,1.0,1.407657657657661,1.831436699857747,4.943100995732571,6.436699857752494,7.592460881934571,8.036984352773821,7.539118065433854,1.3513513513513544,1.0135135135135087,2.3648648648648702,1.6891891891892001,1.3513513513513544,0.6756756756756772
1182,bunt.saar,1750,19,0.0,0.0,5.648411569464201,0.0,0.0,2.6463963963963955,0.8890469416785152,4.711948790896166,5.921052631578952,5.2631578947368425,7.841394025604551,9.263869132290182,6.756756756756751,1.3513513513513473,0.6756756756756772,2.0270270270270316,0.675675675675663,4.391891891891902
4425,CDU,1750,19,1.0,1.0,3.3368895211000464,1.0,1.0,1.2950450450450468,2.329302987197721,3.4317211948790884,3.4317211948790884,0.9068278805120897,6.578947368421048,3.342816500711244,1.013513513513523,2.0270270270270316,1.3513513513513544,2.364864864864863,1.0135135135135087,0.0
4042,bunt.saar,1750,19,1.0,0.0,9.266832622095775,0.0,1.0,4.898648648648645,5.174253200568991,3.058321479374108,12.482219061166425,13.264580369843515,10.739687055476516,10.881934566145091,5.067567567567565,0.6756756756756772,5.067567567567565,7.770270270270267,3.7162162162161962,7.0945945945945965
3188,FDP,1750,19,1.0,1.0,5.014224751066859,1.0,1.0,2.927927927927927,8.07254623044097,0.3556187766714132,3.627311522048366,7.716927453769557,0.6756756756756772,9.63726884779517,1.0135135135135158,4.391891891891881,4.391891891891895,0.3378378378378386,4.054054054054056,3.3783783783783754
4417,FDP,1750,19,1.0,0.0,7.616168800379325,1.0,1.0,1.0135135135135158,11.130867709815078,2.9694167852062563,10.08179231863442,6.436699857752494,4.320768136557604,10.757467994310097,0.6756756756756843,0.6756756756756772,1.3513513513513473,0.0,2.0270270270270316,1.3513513513513544
175,FDP,1750,19,0.0,0.0,5.873636794689424,1.0,0.0,5.461711711711708,4.640825035561875,3.1294452347083777,7.112375533428171,8.161450924608815,6.063300142247513,6.13442389758179,5.067567567567565,5.4054054054054035,7.432432432432435,2.0270270270270245,3.0405405405405332,9.797297297297291
4655,FDP,1750,19,1.0,0.0,6.558202939781887,0.0,0.0,2.8153153153153156,6.418918918918912,7.663584637268848,4.000711237553347,0.5156472261735487,12.055476529160735,8.694879089615931,2.0270270270270174,2.3648648648648702,6.081081081081074,1.3513513513513544,4.391891891891895,0.6756756756756843
4189,SPD,1750,19,1.0,0.0,1.9499762920815549,1.0,0.0,5.630630630630635,3.982930298719772,1.653627311522051,3.271692745376953,0.8890469416785152,0.23115220483641252,1.6714082503556256,3.378378378378379,8.108108108108112,4.391891891891895,6.081081081081088,4.729729729729726,7.094594594594611
2219,Die Grünen,1750,19,0.0,0.0,3.905879563774304,0.0,1.0,2.1396396396396375,0.3022759601707037,0.6045519203413932,9.17496443812233,0.12446657183500065,7.716927453769557,5.512091038406837,1.3513513513513615,2.7027027027026946,0.6756756756756772,0.6756756756756701,2.7027027027026946,4.729729729729726
3344,FDP,1750,19,0.0,0.0,3.879208155523944,0.0,1.0,2.533783783783781,1.724751066856328,4.12517780938834,2.6849217638691343,4.267425320056894,8.161450924608815,2.3115220483641536,5.743243243243235,3.0405405405405403,1.689189189189193,1.689189189189186,1.3513513513513473,1.689189189189186
2364,Die Grünen,1750,19,0.0,1.0,3.1146277856804168,1.0,1.0,1.2950450450450433,0.5156472261735487,4.889758179231862,3.7873399715504945,0.4445234708392647,7.23684210526315,1.8136557610241795,2.364864864864863,3.0405405405405332,0.0,0.3378378378378315,2.0270270270270316,0.0
4651,Die Grünen,1750,19,1.0,1.0,6.451517306780462,1.0,1.0,1.6328828828828759,0.6756756756756772,5.565433854907539,7.005689900426745,6.223328591749635,9.957325746799427,9.28165007112375,1.0135135135135087,2.0270270270270174,1.0135135135135158,2.7027027027026946,2.0270270270270174,1.0135135135135016
3514,FDP,1750,19,1.0,1.0,4.56081081081081,1.0,1.0,2.1396396396396398,6.899004267425312,4.623044096728307,1.013513513513523,6.543385490753906,1.0490753911806507,7.2368421052631575,1.0135135135135158,3.0405405405405403,2.364864864864856,2.702702702702709,0.6756756756756772,3.0405405405405403
3324,bunt.saar,1750,19,1.0,0.0,5.844001896633479,1.0,1.0,1.069819819819821,1.3335704125177799,4.943100995732571,8.463726884779526,0.5867709815078257,13.015647226173549,6.721194879089623,1.689189189189186,1.3513513513513544,0.6756756756756914,1.0135135135135158,1.3513513513513402,0.3378378378378386
1042,bunt.saar,1750,19,1.0,0.0,5.648411569464198,1.0,1.0,2.8716216216216233,5.565433854907525,4.960881934566139,5.974395448079662,0.2489331436699871,14.08250355618776,3.058321479374115,2.364864864864856,3.0405405405405546,2.0270270270270316,4.054054054054056,0.675675675675663,5.067567567567579
1185,bunt.saar,1750,19,0.0,0.0,5.811403508771929,0.0,1.0,4.110360360360363,0.46230440967283215,5.903271692745371,3.8762446657183602,3.413940256045521,13.65576102418207,7.556899004267422,2.702702702702709,2.364864864864863,2.3648648648648702,5.067567567567572,6.418918918918919,5.743243243243242
4281,SPD,1750,19,0.0,0.0,8.377785680417258,1.0,1.0,3.2094594594594574,1.8847795163584706,6.7745376955903325,9.495021337126602,1.7425320056899025,15.682788051209087,14.687055476529153,2.0270270270270316,0.0,3.0405405405405403,2.7027027027026946,7.432432432432428,4.054054054054049
5137,FDP,1750,19,0.0,1.0,2.459696538643904,0.0,1.0,1.0135135135135183,0.2844950213371291,3.1827880512090942,1.3513513513513473,5.565433854907539,4.302987197724036,0.07112375533427695,2.364864864864863,1.3513513513513615,0.6756756756756843,0.6756756756756772,0.6756756756756772,0.3378378378378457
3830,bunt.saar,1750,19,0.0,1.0,3.8080844001896614,0.0,1.0,1.9144144144144128,4.000711237553347,1.6002844950213415,4.480796586059739,1.7069701280227676,6.241109530583209,4.818634423897564,1.3513513513513473,3.7162162162162105,1.0135135135135158,1.689189189189193,3.378378378378372,0.3378378378378386
5089,bunt.saar,1750,19,1.0,0.0,5.515054528212424,0.0,1.0,3.772522522522524,2.916073968705547,0.16002844950213557,6.578947368421055,7.076813655761022,11.69985775248933,4.658605974395456,4.729729729729726,1.6891891891891788,2.3648648648648702,7.0945945945945965,2.3648648648648702,4.391891891891902
1054,bunt.saar,1750,19,1.0,0.0,3.316145092460881,1.0,1.0,0.1126126126126105,0.426742532005683,1.0846372688477857,4.996443812233295,0.8357041251778057,7.82361308677099,4.729729729729726,0.0,0.0,0.0,0.3378378378378386,0.3378378378378244,0.0
4663,FDP,1750,19,0.0,1.0,3.1916785206258873,1.0,1.0,1.1824324324324327,1.0668563300142182,5.03200568990043,4.42745376955903,6.703413940256041,1.1201991465149348,0.8001422475106708,0.3378378378378386,0.3378378378378386,2.364864864864863,1.689189189189193,2.364864864864863,0.0
4966,bunt.saar,1750,19,1.0,1.0,4.264461830251303,1.0,1.0,1.3513513513513484,3.307254623044095,4.9075391180654435,5.494310099573248,2.7382645803698438,9.103840682788054,0.03556187766713492,2.364864864864863,0.6756756756756772,1.3513513513513473,0.6756756756756701,0.6756756756756701,2.364864864864863
2161,bunt.saar,1750,19,0.0,1.0,4.234826932195355,1.0,1.0,1.2950450450450444,0.6934566145092376,6.330014224751068,3.6450924608819406,0.3022759601706895,7.0945945945945965,7.343527738264598,0.0,1.689189189189193,1.6891891891891788,0.6756756756756843,2.0270270270270316,1.6891891891891788
3560,FDP,1750,19,0.0,1.0,1.3009720246562384,1.0,1.0,2.3085585585585604,0.9779516358463738,0.5156472261735487,0.9779516358463738,3.022759601706973,1.653627311522051,0.6578947368421098,2.0270270270270316,0.3378378378378386,3.0405405405405403,1.689189189189193,3.7162162162162176,3.0405405405405403
1206,FDP,1750,19,1.0,1.0,2.9308914177335232,1.0,1.0,4.2792792792792795,0.21337126600283796,2.560455192034155,3.0405405405405403,5.4409672830725455,0.6045519203413932,5.7254623044096675,4.729729729729733,6.756756756756765,4.391891891891888,0.6756756756756772,3.0405405405405403,6.081081081081074
4511,bunt.saar,1750,19,0.0,0.0,5.666192508297772,0.0,1.0,2.0270270270270268,7.503556187766712,2.3826458036984377,9.655049786628737,3.1472261735419664,9.690611664295872,1.618065433854909,3.7162162162162176,4.391891891891888,0.3378378378378386,2.3648648648648702,0.6756756756756772,0.6756756756756701
270,bunt.saar,1750,19,0.0,0.0,6.76268373636795,0.0,0.0,5.180180180180185,4.000711237553347,2.2403982930298625,9.63726884779517,4.516358463726888,11.664295874822194,8.517069701280235,6.4189189189189335,0.6756756756756843,6.081081081081081,4.054054054054056,6.081081081081081,7.770270270270274
1037,bunt.saar,1750,19,1.0,1.0,3.6036036036036023,1.0,1.0,2.083333333333338,7.432432432432435,2.1692745376955855,4.409672830725462,1.0312944523470833,4.374110953058313,2.2048364153627347,4.391891891891895,2.3648648648648702,1.689189189189193,2.7027027027027017,0.3378378378378528,1.0135135135135158
3872,CDU,1750,19,1.0,1.0,1.4787814129919379,1.0,1.0,2.8716216216216246,2.329302987197721,2.7027027027026946,0.6223328591749677,1.546941678520632,1.2624466571834958,0.40896159317211556,2.7027027027027017,1.6891891891892001,3.7162162162162176,3.7162162162162176,3.7162162162162176,1.689189189189193
1174,Die Grünen,1750,19,0.0,0.0,5.728425794215268,0.0,0.0,3.885135135135132,0.07112375533427695,4.569701280227605,7.6635846372688405,0.40896159317212266,13.193456614509245,8.463726884779518,2.7027027027026946,0.3378378378378386,6.756756756756751,5.067567567567565,5.067567567567565,3.378378378378379
585,bunt.saar,1750,19,1.0,0.0,9.37055476529161,1.0,1.0,3.09684684684685,1.2268847795163538,6.614509246088197,15.04267425320058,9.83285917496444,15.327169274537702,8.179231863442382,2.702702702702709,1.689189189189186,3.7162162162162247,5.067567567567565,2.702702702702709,2.702702702702709
3100,bunt.saar,1750,19,0.0,1.0,3.5146989094357566,0.0,0.0,2.702702702702698,5.192034139402573,3.165007112375541,2.293741109530586,1.262446657183503,4.516358463726888,4.658605974395449,0.3378378378378244,2.7027027027026946,5.067567567567565,2.7027027027026946,4.054054054054056,1.3513513513513544
4439,FDP,1750,19,1.0,0.0,4.697131341868185,1.0,1.0,1.5202702702702677,10.06401137980086,0.8001422475106708,3.3250355618776624,1.0312944523470904,9.903982930298717,3.058321479374108,0.0,2.3648648648648702,1.689189189189186,1.6891891891891788,1.0135135135135087,2.364864864864863
655,DIE LINKE,1750,19,0.0,0.0,3.0020151730678015,0.0,1.0,3.547297297297296,1.831436699857747,7.130156472261731,0.6401137980085352,3.7517780938833525,3.3250355618776624,1.3335704125177799,4.054054054054056,2.364864864864856,2.0270270270270245,4.054054054054056,4.729729729729726,4.054054054054056
1688,Die Grünen,1750,19,0.0,0.0,7.3405642484589855,0.0,1.0,2.1396396396396447,1.0312944523470833,8.036984352773828,12.179943100995736,1.8492176386913215,10.50853485064011,10.437411095305833,4.391891891891902,1.3513513513513544,2.702702702702709,2.0270270270270316,1.3513513513513544,1.0135135135135158
4745,FDP,1750,19,1.0,1.0,2.4745139876718825,1.0,1.0,3.5472972972972983,0.7467994310099471,0.8357041251778057,0.9779516358463738,5.174253200568998,3.342816500711244,3.769559032716927,0.3378378378378386,2.7027027027027017,3.7162162162162176,5.743243243243256,1.3513513513513473,7.432432432432428
4102,bunt.saar,1750,19,1.0,0.0,8.096254148885722,1.0,0.0,3.3783783783783776,7.5924608819345565,1.3869132290184822,9.726173541963014,0.10668563300141898,19.87908961593172,9.886201991465143,0.6756756756756701,1.3513513513513473,4.054054054054063,1.3513513513513544,7.094594594594589,5.743243243243242
2740,CDU,1750,19,0.0,0.0,3.236130867709813,0.0,1.0,1.8581081081081041,4.960881934566139,4.463015647226179,1.4580369843527734,1.6714082503556114,5.423186344238985,1.4402560455191917,1.0135135135135087,1.0135135135135087,2.0270270270270245,3.7162162162162033,1.013513513513523,2.364864864864856
3942,FDP,1750,19,0.0,0.0,2.9160739687055504,1.0,0.0,1.8018018018018023,0.1955903271692847,1.0846372688477999,2.115931721194869,1.618065433854909,9.601706970128028,2.880512091038412,4.391891891891888,2.3648648648648702,2.0270270270270316,0.6756756756756701,0.3378378378378386,1.0135135135135158
4910,Die Grünen,1750,19,0.0,0.0,9.213489805595065,0.0,0.0,2.984234234234234,5.280938833570417,3.8584637268847715,11.308677098150774,1.4402560455191917,17.425320056899004,15.96728307254623,1.689189189189186,0.3378378378378386,3.7162162162162176,3.7162162162162176,4.729729729729726,3.7162162162162176
2182,FDP,1750,19,1.0,1.0,6.273707918444759,1.0,1.0,8.164414414414415,0.37339971550497353,4.498577524893314,15.309388335704124,1.6358463726884764,3.6450924608819335,12.179943100995729,5.405405405405411,5.4054054054054035,12.837837837837839,5.067567567567565,7.094594594594589,13.175675675675677
1065,bunt.saar,1750,19,1.0,1.0,4.110360360360361,1.0,0.0,1.8581081081081028,0.3911806543385552,2.1337126600284506,10.02844950213371,2.3826458036984306,9.655049786628751,0.07112375533426984,2.7027027027026946,0.3378378378378386,1.3513513513513544,4.391891891891888,0.675675675675663,1.6891891891891788
571,CDU,1750,19,1.0,0.0,2.5071123755334312,0.0,0.0,2.702702702702703,2.6671408250355597,0.7823613086770962,0.8712660028449548,5.387624466571836,2.773826458036986,2.560455192034155,1.689189189189186,4.729729729729726,2.702702702702709,2.0270270270270316,3.7162162162162176,1.3513513513513473
2422,bunt.saar,1750,19,1.0,0.0,4.196301564722617,1.0,1.0,1.3513513513513498,6.952347083926028,3.0405405405405332,4.8364153627311595,1.8847795163584635,7.04125177809388,1.4224751066856385,1.3513513513513473,1.01351351351353,1.6891891891891788,2.0270270270270245,0.3378378378378386,1.6891891891891788
4547,SPD,1750,19,0.0,0.0,7.63987671882409,0.0,0.0,3.434684684684688,4.463015647226179,7.02347083926032,8.783783783783782,0.1955903271692847,17.389758179231862,7.983641536273112,3.7162162162162176,0.0,3.378378378378379,4.7297297297297405,5.067567567567572,3.7162162162162176
3358,SPD,1750,19,0.0,0.0,2.3233760075865377,1.0,0.0,2.4774774774774784,2.8982930298719793,0.1955903271692847,4.747510668563301,2.3826458036984377,2.1692745376955855,1.5469416785206391,1.3513513513513473,0.3378378378378386,2.0270270270270316,2.364864864864863,3.7162162162162105,5.067567567567579
3576,FDP,1750,19,0.0,1.0,4.22593646277857,0.0,0.0,2.702702702702703,2.7916073968705533,2.1337126600284577,4.729729729729726,3.165007112375541,9.03271692745377,3.5028449502133725,4.054054054054056,1.0135135135135087,2.3648648648648702,1.689189189189186,2.7027027027027017,4.391891891891895
4710,bunt.saar,1750,19,1.0,0.0,6.220365101944047,1.0,0.0,3.997747747747752,3.058321479374115,2.0625889046941595,9.726173541963014,1.1735419630156443,11.69985775248933,9.60170697012802,2.7027027027026946,0.6756756756756914,3.378378378378386,5.067567567567565,5.4054054054054035,6.756756756756772
3496,CDU,1750,19,1.0,1.0,2.5071123755334255,0.0,1.0,3.3783783783783767,2.400426742531998,2.6315789473684177,1.973684210526315,4.943100995732571,3.0761024182076824,0.01778093883356746,1.3513513513513402,4.054054054054056,4.391891891891895,3.378378378378372,4.391891891891895,2.7027027027027017
3153,CDU,1750,19,1.0,0.0,4.620080606922713,1.0,1.0,1.5202702702702666,1.0490753911806578,6.827880512091042,5.494310099573248,0.9779516358463738,9.317211948790899,4.054054054054056,1.3513513513513402,2.364864864864863,2.0270270270270245,2.364864864864856,0.3378378378378386,0.6756756756756772
71,bunt.saar,1750,19,1.0,0.0,2.4537695590327124,1.0,1.0,1.12612612612613,0.37339971550497353,0.0889046941678373,0.284495021337122,3.840682788051218,10.010668563300136,0.12446657183498644,1.3513513513513544,1.689189189189193,0.6756756756756772,0.6756756756756843,1.689189189189193,0.6756756756756772
2684,bunt.saar,1750,19,1.0,0.0,7.319819819819817,1.0,0.0,2.3648648648648667,3.6450924608819335,4.018492176386907,7.716927453769557,3.733997155049785,14.88264580369843,9.921763869132292,2.0270270270270316,2.0270270270270316,2.0270270270270316,1.0135135135135158,2.0270270270270245,5.067567567567565
31,FDP,1750,19,1.0,1.0,7.2546230440967285,1.0,1.0,0.7882882882882889,6.578947368421048,8.623755334281654,9.921763869132299,7.3790896159317185,1.0312944523470762,9.992887624466576,1.689189189189186,0.3378378378378386,0.3378378378378457,0.0,2.364864864864863,0.0
2986,CDU,1750,19,1.0,0.0,4.827524893314365,1.0,1.0,1.8018018018018023,6.738975817923183,5.796586059743959,1.4224751066856385,3.982930298719765,5.4054054054054035,5.618776671408241,2.702702702702709,0.0,3.7162162162162176,1.3513513513513473,1.0135135135135087,2.0270270270270316
4257,FDP,1750,19,1.0,0.0,2.8479137031768595,1.0,1.0,3.65990990990991,2.9694167852062563,0.03556187766713492,3.4317211948790884,5.1920341394025655,0.6401137980085352,4.818634423897578,2.7027027027026946,2.364864864864856,5.4054054054054035,1.6891891891892072,4.054054054054056,5.743243243243242
1844,FDP,1750,19,0.0,1.0,4.821597913703175,1.0,1.0,0.9009009009008982,6.632290184921764,0.26671408250354744,2.6493598862019923,8.623755334281647,9.317211948790892,1.440256045519206,1.689189189189193,2.0270270270270245,0.3378378378378386,0.675675675675663,0.3378378378378315,0.3378378378378386
1736,bunt.saar,1750,19,1.0,1.0,5.023115220483644,1.0,1.0,1.1824324324324362,5.618776671408256,2.2226173541963163,7.752489331436692,2.9694167852062634,6.365576102418217,5.209815078236119,7.105427357601002e-15,1.01351351351353,2.0270270270270316,1.0135135135135158,2.0270270270270174,1.0135135135135158
3694,SPD,1750,19,0.0,0.0,6.540422000948321,0.0,1.0,1.1824324324324351,4.142958748221901,3.7873399715504945,11.201991465149362,4.107396870554773,9.317211948790913,6.685633001422481,2.0270270270270316,2.702702702702709,0.6756756756756701,0.6756756756756701,1.01351351351353,0.0
1629,DIE LINKE,1750,19,1.0,1.0,2.231507823613088,0.0,0.0,2.7027027027027017,0.37339971550497353,3.5739687055476637,0.49786628733995997,4.391891891891895,4.036273115220489,0.5156472261735487,8.445945945945944,1.689189189189193,1.3513513513513473,3.378378378378379,1.0135135135135087,0.3378378378378386
4797,bunt.saar,1750,19,1.0,1.0,2.0448079658605933,1.0,1.0,5.799549549549551,2.86273115220483,3.271692745376953,1.1201991465149348,2.0981507823613086,1.7780938833570303,1.1379800853485023,5.4054054054054035,0.6756756756756772,6.756756756756758,6.756756756756758,7.770270270270274,7.432432432432435
343,Die Grünen,1750,19,0.0,0.0,6.066263632053107,0.0,0.0,1.8018018018018012,4.071834992887624,1.4935988620199083,4.800853485064017,9.050497866287337,13.015647226173549,3.9651493598862046,3.0405405405405475,3.7162162162162176,1.689189189189186,1.0135135135135087,0.3378378378378386,1.0135135135135087
4110,CDU,1750,19,1.0,1.0,2.856804172593646,1.0,1.0,4.617117117117122,5.4409672830725455,2.3470839260312957,2.0625889046941666,1.618065433854909,4.445234708392604,1.2268847795163538,4.054054054054063,4.054054054054056,5.4054054054054035,5.067567567567579,5.067567567567572,4.054054054054056
395,CDU,1750,19,1.0,1.0,1.9825746799431012,0.0,0.0,2.421171171171173,0.5334281650071233,3.271692745376953,3.9295874822190555,0.26671408250355455,1.2624466571834958,2.631578947368425,1.0135135135135158,4.054054054054056,0.3378378378378386,4.729729729729726,4.054054054054063,0.3378378378378386
2165,DIE LINKE,1750,19,1.0,1.0,1.67733522996681,0.0,1.0,2.7027027027027053,0.4445234708392647,0.5512091038406766,0.3911806543385552,2.1337126600284577,3.840682788051211,2.7027027027026946,2.7027027027027017,0.3378378378378528,4.729729729729726,1.3513513513513473,4.729729729729733,2.3648648648648702
475,SPD,1750,19,0.0,0.0,8.5941204362257,0.0,0.0,6.137387387387387,2.3648648648648702,5.0853485064011394,17.7275960170697,5.547652916073957,10.02844950213371,10.810810810810814,3.378378378378379,6.081081081081081,9.459459459459467,3.378378378378372,8.783783783783775,5.743243243243249
746,FDP,1750,19,1.0,1.0,3.233167377904221,1.0,1.0,3.1531531531531543,3.0761024182076824,1.902560455192038,8.214793741109531,2.275960170697026,0.604551920341386,3.3250355618776624,3.7162162162162176,2.0270270270270316,4.729729729729726,4.054054054054056,2.3648648648648702,2.0270270270270245
1121,bunt.saar,1750,19,1.0,0.0,6.848624940730203,1.0,1.0,1.126126126126131,1.191322901849226,6.258890469416791,12.980085348506393,4.747510668563294,10.295163584637258,5.618776671408256,1.0135135135135158,1.0135135135135158,2.0270270270270316,1.3513513513513544,0.3378378378378528,1.0135135135135158
5183,Die Grünen,1750,19,0.0,0.0,5.3313181602655275,1.0,1.0,2.0833333333333344,0.3378378378378386,3.3250355618776624,8.7660028449502,2.5426742532005733,10.97083926031295,6.045519203413939,3.0405405405405403,0.3378378378378386,2.0270270270270316,0.0,3.0405405405405332,4.054054054054063
2176,FDP,1750,19,0.0,1.0,4.418563300142243,1.0,1.0,2.4211711711711708,0.4800853485063925,1.4224751066856385,7.645803698435273,3.1827880512090942,12.713371266002838,1.0668563300142253,4.391891891891895,1.0135135135135087,1.0135135135135087,5.4054054054054035,1.0135135135135158,1.689189189189193
1166,CDU,1750,19,1.0,0.0,2.462660028449504,1.0,1.0,2.53378378378378,2.880512091038412,3.840682788051211,0.9068278805120897,0.4445234708392647,2.7916073968705533,3.911806543385495,2.0270270270270316,1.0135135135135087,3.7162162162162176,2.0270270270270174,3.378378378378372,3.0405405405405332
4333,CDU,1750,19,0.0,1.0,1.7751303935514475,0.0,0.0,6.024774774774774,1.3335704125177799,1.3157894736842124,0.37339971550497353,0.2489331436699942,2.0981507823613086,5.280938833570417,3.0405405405405475,0.3378378378378386,8.783783783783782,2.364864864864863,10.810810810810807,10.810810810810807
3291,Die Grünen,1750,19,1.0,0.0,7.112375533428164,1.0,1.0,2.25225225225225,1.1735419630156443,6.223328591749642,8.303698435277383,1.4224751066856243,14.704836415362742,10.846372688477949,1.689189189189193,2.0270270270270174,4.054054054054049,0.0,2.702702702702709,3.0405405405405332
2173,CDU,1750,19,0.0,1.0,1.3602418207681346,0.0,0.0,4.89864864864865,1.6358463726884764,0.9246088193456643,2.187055476529153,1.9559032716927405,1.4224751066856385,0.03556187766713492,0.3378378378378386,4.391891891891902,8.445945945945944,3.378378378378379,8.445945945945958,4.391891891891881
211,DIE LINKE,1750,19,0.0,1.0,1.8225462304409679,0.0,0.0,3.040540540540544,1.1379800853485094,3.236130867709818,1.4224751066856385,0.1422475106685539,4.818634423897578,0.17780938833571014,1.0135135135135158,1.689189189189193,4.054054054054056,0.3378378378378386,6.756756756756765,4.391891891891895
1132,bunt.saar,1750,19,1.0,1.0,6.578947368421056,1.0,1.0,1.0135135135135147,1.8136557610241866,0.5334281650071233,10.25960170697013,6.312233285917493,13.691322901849226,6.863442389758177,1.3513513513513473,0.6756756756756772,1.0135135135135158,1.0135135135135158,1.3513513513513544,0.6756756756756772
1000,Die Grünen,1750,19,0.0,0.0,7.2101706970128,1.0,1.0,1.5765765765765767,2.7560455192034112,5.494310099573248,7.076813655761022,7.4146514935988606,10.91749644381224,9.60170697012802,1.3513513513513615,1.3513513513513473,0.6756756756756772,1.689189189189193,0.675675675675663,3.7162162162162176
269,SPD,1750,19,0.0,0.0,2.996088193456618,0.0,0.0,3.2657657657657673,4.800853485064017,3.5384068278805074,0.16002844950213557,3.165007112375541,5.192034139402573,1.1201991465149348,3.378378378378379,2.364864864864863,2.0270270270270316,3.7162162162162176,5.067567567567579,3.0405405405405332
2985,Die Grünen,1750,19,1.0,1.0,5.692863916548124,1.0,1.0,1.5765765765765767,3.7162162162162176,7.21906116642959,3.7517780938833454,0.10668563300141898,14.45590327169274,4.907539118065429,1.689189189189186,0.3378378378378386,0.6756756756756772,1.3513513513513544,2.7027027027026946,2.702702702702709
2717,FDP,1750,19,1.0,1.0,3.7754860123281127,1.0,1.0,2.9279279279279273,5.2275960170697005,3.6095305832147915,4.196301564722617,2.7027027027026946,6.223328591749635,0.6934566145092376,1.3513513513513473,1.0135135135135158,3.0405405405405403,4.391891891891902,2.0270270270270174,5.743243243243242
5083,CDU,1750,19,0.0,0.0,2.818278805120913,0.0,1.0,3.209459459459456,3.876244665718353,2.009246088193457,1.404694167852064,0.7467994310099613,4.854196301564727,4.018492176386914,3.378378378378372,1.0135135135135087,1.689189189189186,8.783783783783782,2.0270270270270245,2.364864864864863
2475,CDU,1750,19,1.0,0.0,2.7678994784257944,0.0,0.0,1.2950450450450408,0.3022759601707037,3.627311522048373,1.3335704125177799,4.87197724039828,6.152204836415365,0.32005689900426404,0.3378378378378315,2.0270270270270245,0.6756756756756701,2.364864864864856,0.6756756756756772,1.689189189189186
3552,SPD,1750,19,0.0,0.0,4.4481981981982,0.0,1.0,1.2387387387387367,7.165718349928888,6.098862019914655,0.053342816500716594,6.045519203413939,6.223328591749642,1.1024182076813602,0.675675675675663,1.0135135135135158,2.3648648648648702,0.0,0.6756756756756701,2.7027027027027017
3863,FDP,1750,19,0.0,0.0,8.68302513039355,1.0,0.0,10.247747747747752,5.885490753911803,7.965860597439551,10.953058321479375,1.1735419630156443,15.576102418207682,10.544096728307252,12.837837837837846,7.0945945945945965,12.837837837837839,7.770270270270274,10.472972972972983,10.472972972972975
1681,CDU,1750,19,0.0,1.0,2.2403982930298745,1.0,1.0,2.1396396396396375,2.738264580369851,3.6095305832147915,2.293741109530586,1.8847795163584777,2.578236130867701,0.3378378378378386,3.0405405405405332,0.0,2.0270270270270245,2.0270270270270316,3.7162162162162105,2.0270270270270245
2633,Die Grünen,1750,19,1.0,0.0,5.301683262209579,1.0,0.0,1.4076576576576585,8.463726884779518,4.516358463726888,0.26671408250355455,9.210526315789473,4.249644381223341,5.1031294452347,1.0135135135135158,0.6756756756756843,1.689189189189193,1.0135135135135087,2.0270270270270174,2.0270270270270316
5210,Die Grünen,1750,19,1.0,0.0,6.036628733997155,1.0,0.0,5.9684684684684735,1.8136557610241795,3.058321479374108,7.2012802275960155,3.7162162162162176,13.602418207681367,6.827880512091042,3.7162162162162176,3.0405405405405332,7.770270270270274,7.770270270270274,6.756756756756772,6.756756756756772
2800,FDP,1750,19,1.0,0.0,4.344476055002367,1.0,1.0,1.0135135135135158,7.912517780938828,8.445945945945944,0.37339971550497353,1.4046941678520568,6.61450924608819,1.3157894736842124,0.6756756756756772,3.0405405405405403,0.3378378378378386,1.01351351351353,0.6756756756756701,0.3378378378378386
4795,bunt.saar,1750,19,1.0,1.0,3.6243480322427692,1.0,0.0,5.405405405405404,7.965860597439537,0.8890469416785294,4.374110953058313,0.32005689900426404,4.249644381223341,3.94736842105263,2.0270270270270174,2.3648648648648702,6.418918918918919,6.418918918918919,7.770270270270267,7.432432432432435
387,FDP,1750,19,1.0,0.0,3.8169748696064474,1.0,1.0,0.39414414414414506,4.302987197724043,3.236130867709811,4.160739687055475,1.8492176386913286,5.103129445234707,4.2496443812233196,0.3378378378378315,0.0,0.3378378378378386,1.689189189189193,0.0,7.105427357601002e-15
1814,FDP,1750,19,1.0,0.0,9.127548601232817,1.0,1.0,1.7454954954954947,6.7389758179231976,6.54338549075392,9.423897581792321,12.357752489331446,10.206258890469414,9.495021337126598,1.3513513513513473,1.689189189189186,2.7027027027027053,0.3378378378378386,2.7027027027027017,1.6891891891891895
2567,Die Grünen,1750,19,0.0,0.0,3.4613560929350426,1.0,1.0,1.2950450450450468,0.26671408250354744,0.017780938833574567,8.125889046941687,0.1955903271692847,9.014935988620195,3.1472261735419664,0.0,1.3513513513513544,2.702702702702709,1.0135135135135087,1.3513513513513544,1.3513513513513544
2634,bunt.saar,1750,19,0.0,1.0,1.8047652916073968,0.0,1.0,2.9279279279279264,2.578236130867701,0.3911806543385552,1.9559032716927476,2.1692745376955855,2.3115220483641536,1.4224751066856385,0.3378378378378386,3.7162162162162105,5.067567567567565,3.0405405405405403,4.054054054054063,1.3513513513513402
3875,FDP,1750,19,1.0,1.0,3.508771929824558,0.0,1.0,1.8581081081081063,4.534139402560456,6.899004267425319,2.0625889046941666,0.26671408250354744,4.587482219061165,2.7027027027026946,4.391891891891888,0.6756756756756772,1.0135135135135158,2.0270270270270316,2.364864864864863,0.675675675675663
2139,FDP,1750,19,1.0,0.0,3.846609767662399,1.0,1.0,2.364864864864865,1.4580369843527734,1.6002844950213415,1.2091038406827899,4.729729729729726,6.899004267425319,7.1834992887624445,5.067567567567565,0.3378378378378386,0.3378378378378386,5.067567567567565,1.0135135135135158,2.3648648648648667
2117,DIE LINKE,1750,19,0.0,0.0,10.256638217164534,0.0,0.0,5.405405405405406,6.009957325746804,9.921763869132299,8.60597439544808,1.6358463726884764,22.49288762446657,12.87339971550498,3.0405405405405332,6.081081081081088,4.729729729729726,5.4054054054054035,5.4054054054054035,7.770270270270281
3406,FDP,1750,19,1.0,1.0,3.289473684210529,1.0,1.0,3.2094594594594628,1.653627311522051,3.840682788051218,3.52062588904694,3.307254623044102,1.529160739687054,5.88549075391181,3.7162162162162247,4.054054054054056,3.7162162162162176,0.3378378378378386,3.378378378378379,4.05405405405406
25,bunt.saar,1750,19,1.0,1.0,5.689900426742535,1.0,1.0,2.3085585585585577,0.6934566145092447,3.9651493598862118,9.441678520625892,3.8229018492176365,9.068278805120912,7.147937411095313,2.702702702702709,0.3378378378378315,4.391891891891888,3.378378378378372,1.3513513513513544,1.689189189189193
5139,Die Grünen,1750,19,1.0,0.0,9.071242294926508,1.0,0.0,9.34684684684685,2.5604551920341407,4.836415362731152,10.668563300142253,5.138691322901842,18.99004267425321,12.233285917496445,8.445945945945944,0.3378378378378386,12.162162162162161,9.797297297297298,13.175675675675684,12.162162162162176
2662,bunt.saar,1750,19,1.0,1.0,6.027738264580375,1.0,1.0,2.5337837837837838,5.707681365576107,0.4978662873399742,6.241109530583216,6.934566145092475,10.633001422475111,6.152204836415365,4.054054054054056,1.0135135135135158,2.7027027027026946,3.7162162162162247,0.675675675675663,3.0405405405405475
5221,FDP,1750,19,1.0,1.0,3.728070175438597,1.0,1.0,3.885135135135139,1.9914651493598896,0.3378378378378386,6.116642958748223,4.17852062588905,2.8449502133712627,6.899004267425319,1.3513513513513544,4.054054054054056,5.743243243243249,2.702702702702709,2.702702702702709,6.756756756756758
85,Die Grünen,1750,19,1.0,0.0,5.171289710763392,1.0,0.0,1.520270270270269,1.1557610241820626,2.00924608819345,4.569701280227591,3.307254623044095,13.549075391180658,6.436699857752494,2.364864864864856,0.0,2.364864864864856,1.689189189189186,1.3513513513513615,1.3513513513513544
1837,CDU,1750,19,1.0,1.0,5.423186344238978,1.0,1.0,6.644144144144145,7.62802275960172,0.7290184921763796,1.3691322901849219,11.557610241820775,6.187766714082507,5.067567567567565,4.391891891891902,6.081081081081088,8.445945945945944,6.418918918918919,4.054054054054049,10.472972972972968
3354,CDU,1750,19,1.0,0.0,3.3102181128496917,1.0,0.0,1.7454954954954947,0.7645803698435287,5.95661450924608,3.485064011379805,2.9871977240398238,4.107396870554773,2.5604551920341407,1.6891891891891788,0.0,1.0135135135135087,4.391891891891895,2.3648648648648702,1.0135135135135158
1296,Die Grünen,1750,19,1.0,1.0,2.8034613560929302,0.0,1.0,3.09684684684685,0.03556187766713492,3.378378378378372,2.9338549075391143,6.081081081081081,4.071834992887624,0.32005689900425693,1.0135135135135087,0.6756756756756914,5.4054054054054035,0.3378378378378386,4.7297297297297405,6.418918918918919
396,FDP,1750,19,1.0,1.0,1.2594831673779094,1.0,1.0,3.603603603603606,0.3911806543385552,1.475817923186355,0.9246088193456643,3.591749644381231,0.3022759601707037,0.8712660028449477,4.054054054054063,1.0135135135135087,3.0405405405405332,5.067567567567572,5.067567567567579,3.378378378378379
793,CDU,1750,19,1.0,1.0,2.8805120910384083,1.0,1.0,2.364864864864862,0.6578947368421026,5.03200568990043,2.507112375533424,6.54338549075392,0.9246088193456643,1.618065433854909,3.378378378378372,0.6756756756756772,1.689189189189186,1.3513513513513473,5.4054054054054035,1.689189189189186
2934,FDP,1750,19,1.0,1.0,2.702702702702703,1.0,1.0,3.3783783783783776,2.8271692745377024,1.831436699857747,2.2403982930298696,5.387624466571829,2.489331436699864,1.440256045519206,3.7162162162162176,2.702702702702709,2.364864864864863,0.675675675675663,5.743243243243242,5.067567567567572
2059,FDP,1750,19,1.0,1.0,1.8907064959696545,1.0,1.0,1.6891891891891895,1.0135135135135087,0.3556187766714132,1.8136557610241866,2.3826458036984306,2.8982930298719793,2.8805120910384083,1.3513513513513473,7.105427357601002e-15,3.378378378378379,3.0405405405405475,1.3513513513513473,1.0135135135135087
490,bunt.saar,1750,19,1.0,0.0,2.6760312944523448,1.0,1.0,1.4076576576576574,0.6934566145092447,0.40896159317210845,6.881223328591744,1.1379800853485094,5.138691322901849,1.795874822190612,1.013513513513523,1.689189189189193,2.0270270270270174,0.3378378378378386,2.364864864864856,1.0135135135135158
4374,Die Grünen,1750,19,0.0,0.0,5.532835467045998,0.0,0.0,1.9144144144144128,0.9601706970128063,4.9075391180654435,5.245376955903275,2.2226173541963092,11.824324324324323,8.036984352773828,2.364864864864856,1.3513513513513615,1.0135135135135087,2.364864864864863,3.378378378378379,1.0135135135135087
3589,FDP,1750,19,1.0,1.0,2.444879089615931,1.0,1.0,3.265765765765771,4.996443812233288,2.773826458036986,2.578236130867701,1.226884779516368,0.37339971550497353,2.720483641536269,1.013513513513523,2.0270270270270316,4.391891891891902,1.689189189189193,4.729729729729726,5.743243243243249
3797,Die Grünen,1750,19,1.0,1.0,4.913466097676626,0.0,1.0,3.6036036036036037,8.268136557610234,7.628022759601713,1.7069701280227676,6.685633001422481,2.9871977240398238,2.2048364153627347,0.0,1.689189189189186,3.0405405405405332,6.418918918918919,5.067567567567572,5.405405405405411
4496,FDP,1750,19,1.0,0.0,3.959222380275007,1.0,0.0,2.139639639639641,1.9559032716927405,1.4402560455191917,2.7916073968705533,1.831436699857747,12.07325746799431,3.662873399715501,3.0405405405405475,1.0135135135135158,3.7162162162162176,0.3378378378378386,3.0405405405405403,1.689189189189186
4543,DIE LINKE,1750,19,1.0,0.0,6.658961593172119,0.0,0.0,7.713963963963965,1.0668563300142253,3.022759601706973,11.379800853485065,3.1827880512090942,11.130867709815078,10.170697012802279,5.067567567567572,5.405405405405411,8.783783783783782,8.108108108108105,9.45945945945946,9.45945945945946
2468,SPD,1750,19,1.0,0.0,4.391891891891895,1.0,1.0,1.2950450450450421,1.7069701280227676,3.2894736842105345,10.401849217638699,5.0853485064011394,0.32005689900426404,5.5476529160739645,2.0270270270270245,1.0135135135135087,1.689189189189186,1.689189189189186,0.3378378378378386,1.0135135135135087
1472,CDU,1750,19,1.0,1.0,5.245376955903269,1.0,0.0,1.85810810810811,5.5476529160739645,6.881223328591744,2.471550497866282,5.743243243243242,3.805120910384062,7.02347083926032,0.0,1.6891891891892001,1.0135135135135087,1.689189189189193,2.7027027027027017,4.054054054054056
4879,CDU,1750,19,1.0,1.0,2.7056661925082977,1.0,0.0,1.8018018018018,3.307254623044095,2.5248933143669916,1.546941678520632,2.5960170697012828,5.4765291607396875,0.7823613086770962,2.7027027027026946,2.0270270270270245,1.0135135135135087,1.3513513513513473,2.364864864864863,1.3513513513513615
3884,CDU,1750,19,1.0,0.0,4.957918444760549,1.0,1.0,0.844594594594593,7.610241820768145,6.383357041251777,0.32005689900426404,5.494310099573248,7.2368421052631575,2.7027027027027017,0.0,0.3378378378378386,0.3378378378378386,1.689189189189186,1.0135135135135087,1.689189189189186
2625,bunt.saar,1750,19,1.0,1.0,5.322427690848742,1.0,1.0,2.139639639639641,0.08890469416785152,2.00924608819345,6.347795163584635,7.770270270270267,10.91749644381224,4.80085348506401,0.3378378378378386,2.364864864864863,2.3648648648648702,2.3648648648648702,2.0270270270270316,3.378378378378372
4819,FDP,1750,19,0.0,1.0,4.28520625889047,0.0,1.0,6.475225225225227,3.0049786628733983,6.810099573257467,1.76031294452347,8.570412517780944,0.8357041251778057,4.729729729729733,3.378378378378379,8.445945945945944,8.108108108108112,2.702702702702709,7.770270270270267,8.445945945945951
2269,bunt.saar,1750,19,0.0,0.0,4.273352299668086,0.0,0.0,1.520270270270269,2.9694167852062563,5.51209103840683,3.022759601706973,0.49786628733995997,7.307965860597427,6.330014224751068,0.3378378378378386,0.0,0.0,2.3648648648648702,3.0405405405405332,3.378378378378372
4329,DIE LINKE,1750,19,1.0,1.0,3.971076339497389,1.0,0.0,1.8581081081081063,5.796586059743959,1.973684210526315,3.840682788051211,3.200568990042669,5.209815078236119,3.805120910384062,2.0270270270270316,1.3513513513513473,1.3513513513513473,0.6756756756756772,4.391891891891881,1.3513513513513544
3968,FDP,1750,19,1.0,1.0,4.445234708392602,1.0,1.0,1.3513513513513484,2.4537695590327075,2.3470839260312886,3.09388335704125,7.539118065433861,2.418207681365576,8.819345661450924,1.689189189189193,1.0135135135135087,0.6756756756756701,2.0270270270270174,0.6756756756756737,2.027027027027028
3095,CDU,1750,19,1.0,1.0,2.8745851114272134,0.0,1.0,3.7725225225225194,4.42745376955903,2.5248933143669916,2.8449502133712627,2.9871977240398238,3.8940256045519206,0.5689900426742511,3.7162162162162105,3.0405405405405403,3.7162162162162105,3.7162162162162176,4.054054054054049,4.391891891891888
4203,FDP,1750,19,0.0,1.0,5.432076813655762,1.0,1.0,1.9707207207207216,6.507823613086771,6.116642958748223,0.9779516358463738,10.206258890469421,1.0846372688477928,7.69914651493599,0.3378378378378457,1.0135135135135158,2.7027027027027017,2.364864864864856,4.054054054054056,1.3513513513513544
1761,bunt.saar,1750,19,0.0,0.0,2.8686581318160265,0.0,0.0,5.743243243243243,4.409672830725462,0.7645803698435216,5.03200568990043,3.876244665718353,2.3470839260312957,0.7823613086770962,5.067567567567565,6.418918918918912,3.378378378378379,8.445945945945958,6.418918918918919,4.729729729729726
906,CDU,1750,19,1.0,0.0,3.8258653390232347,1.0,0.0,2.477477477477475,2.3470839260312957,2.9871977240398238,1.6180654338549019,7.539118065433861,5.316500711237559,3.1472261735419664,1.0135135135135016,0.3378378378378315,3.7162162162162105,1.3513513513513473,4.054054054054063,4.391891891891895
3233,bunt.saar,1750,19,1.0,0.0,4.513394973921289,1.0,1.0,1.7454954954954947,0.8179231863442382,2.329302987197721,6.738975817923183,5.8321479374110865,5.0497866287340045,6.3122332859175,1.3513513513513615,3.0405405405405403,0.6756756756756772,0.0,0.3378378378378244,5.067567567567565
1329,SPD,1750,19,0.0,0.0,6.866405879563772,1.0,0.0,2.0833333333333335,2.1337126600284577,10.13513513513513,9.477240398293027,1.4580369843527734,10.224039829302974,7.770270270270274,2.3648648648648702,1.689189189189186,2.364864864864856,1.3513513513513473,3.378378378378379,1.3513513513513615
4238,bunt.saar,1750,19,1.0,1.0,2.8894025604551934,1.0,0.0,4.27927927927928,0.3022759601707037,4.605263157894733,1.1735419630156514,2.364864864864863,7.325746799431002,1.5647226173542066,6.418918918918926,1.3513513513513473,2.0270270270270316,6.756756756756758,5.067567567567558,4.054054054054063
4532,CDU,1750,19,1.0,1.0,3.381341868183977,1.0,0.0,1.4076576576576585,0.37339971550498063,2.1692745376955855,3.876244665718353,2.275960170697026,3.840682788051211,7.752489331436706,0.6756756756756772,1.3513513513513473,1.0135135135135087,2.702702702702709,2.3648648648648702,0.3378378378378386
5028,CDU,1750,19,0.0,0.0,4.605263157894735,1.0,0.0,3.0968468468468457,4.818634423897571,0.4445234708392647,5.156472261735409,9.388335704125183,5.2275960170697005,2.5960170697012828,2.364864864864863,2.0270270270270245,5.4054054054054035,1.3513513513513473,3.7162162162162176,3.7162162162162176
3629,CDU,1750,19,0.0,1.0,5.8291844476055035,0.0,1.0,5.011261261261263,10.312944523470847,1.3335704125177799,7.2546230440967285,4.054054054054056,8.677098150782363,3.342816500711244,0.3378378378378386,3.0405405405405403,7.0945945945945965,7.432432432432435,8.445945945945951,3.716216216216214
3812,CDU,1750,19,1.0,0.0,4.086652441915603,1.0,1.0,3.7162162162162176,2.8982930298719793,2.151493598862025,1.6358463726884764,7.503556187766712,5.369843527738269,4.960881934566153,3.378378378378379,3.7162162162162105,5.743243243243249,0.6756756756756843,2.364864864864856,6.418918918918926
1326,DIE LINKE,1750,19,1.0,0.0,3.4109767662399264,1.0,0.0,3.3220720720720736,1.4935988620199083,2.9694167852062634,6.934566145092461,0.16002844950213557,5.689900426742533,3.2183499288762576,4.054054054054056,0.3378378378378386,3.378378378378372,3.7162162162162176,4.054054054054056,4.391891891891902
5059,DIE LINKE,1750,19,0.0,1.0,3.4702465623518286,0.0,0.0,2.139639639639642,3.165007112375541,3.9118065433855023,6.241109530583209,1.5291607396870575,4.071834992887624,1.902560455192038,3.378378378378379,0.0,2.0270270270270245,1.6891891891892001,2.0270270270270316,3.7162162162162176
2169,CDU,1750,19,1.0,0.0,2.951635846372691,1.0,0.0,3.6036036036036094,1.5469416785206391,0.37339971550497353,4.285206258890469,6.027738264580371,1.760312944523477,3.7162162162162176,5.405405405405418,2.702702702702709,2.702702702702709,5.4054054054054035,1.6891891891892001,3.7162162162162176
4136,FDP,1750,19,1.0,0.0,4.249644381223329,1.0,0.0,1.5202702702702677,2.560455192034155,2.7738264580369787,2.5248933143669987,5.565433854907539,7.805832147937409,4.267425320056894,3.378378378378372,0.0,0.3378378378378315,0.0,3.378378378378379,2.0270270270270245
3507,CDU,1750,19,0.0,1.0,3.7843764817448986,1.0,1.0,3.9414414414414396,4.19630156472261,4.818634423897578,4.285206258890469,4.818634423897571,2.5426742532005733,2.044807965860592,5.405405405405411,5.743243243243242,1.0135135135135158,5.743243243243242,3.0405405405405332,2.7027027027026946
233,CDU,1750,19,0.0,1.0,2.8508771929824577,0.0,1.0,1.5765765765765754,4.658605974395449,0.03556187766713492,1.191322901849226,4.747510668563301,5.51209103840683,0.9601706970128063,2.3648648648648702,0.3378378378378386,2.364864864864856,1.689189189189193,1.689189189189186,1.0135135135135087
1355,CDU,1750,19,1.0,0.0,3.4672830725462283,1.0,1.0,0.7319819819819825,4.623044096728307,3.236130867709818,0.1422475106685539,6.899004267425312,3.1472261735419664,2.7560455192034112,0.6756756756756701,1.3513513513513544,0.6756756756756843,0.3378378378378386,0.0,1.3513513513513473
2554,CDU,1750,19,1.0,0.0,2.234471313418684,1.0,0.0,2.815315315315312,5.067567567567565,2.7204836415362763,1.475817923186355,2.1692745376955855,1.795874822190612,0.17780938833571014,3.0405405405405332,3.0405405405405332,3.0405405405405332,1.3513513513513473,2.364864864864863,4.054054054054063
4833,Die Grünen,1750,19,1.0,1.0,4.916429587482219,1.0,1.0,1.6328828828828843,2.2048364153627347,9.263869132290182,5.280938833570417,2.7560455192034183,4.818634423897564,5.174253200568998,0.6756756756756772,1.013513513513523,0.6756756756756772,0.3378378378378315,3.7162162162162247,3.378378378378372
2501,Die Grünen,1750,19,1.0,0.0,5.04682313892841,1.0,1.0,2.7590090090090142,1.475817923186355,1.760312944523477,4.747510668563301,4.711948790896166,12.606685633001433,4.978662873399728,4.391891891891902,2.7027027027027017,2.3648648648648702,2.0270270270270245,2.702702702702716,2.3648648648648702
4894,bunt.saar,1750,19,1.0,0.0,7.906590801327643,1.0,1.0,2.5900900900900865,0.7467994310099613,7.503556187766712,12.108819345661445,6.152204836415365,11.522048364153626,9.40611664295875,2.702702702702709,0.3378378378378244,0.3378378378378244,3.0405405405405403,2.0270270270270245,7.0945945945945965
845,CDU,1750,19,1.0,0.0,2.4270981507823577,1.0,0.0,2.8716216216216246,1.3513513513513473,4.160739687055475,0.5512091038406766,4.534139402560456,2.4537695590327075,1.511379800853483,0.3378378378378457,1.0135135135135158,4.729729729729726,0.0,5.405405405405411,5.743243243243249
77,DIE LINKE,1750,19,1.0,1.0,2.815315315315317,0.0,1.0,1.0135135135135076,1.7069701280227676,1.4758179231863409,0.5512091038406766,4.80085348506401,6.596728307254629,1.760312944523477,0.3378378378378244,0.6756756756756772,1.3513513513513402,0.3378378378378386,0.3378378378378315,3.0405405405405332
223,FDP,1750,19,1.0,0.0,5.301683262209579,1.0,1.0,0.7882882882882901,8.161450924608815,3.9651493598862046,2.4182076813655797,9.050497866287337,4.036273115220489,4.17852062588905,0.6756756756756843,1.689189189189193,2.0270270270270245,0.3378378378378386,0.0,0.0
3687,CDU,1750,19,1.0,0.0,0.9068278805120945,1.0,0.0,3.9977477477477485,1.5647226173542066,0.16002844950213557,1.4935988620199083,1.2446657183499354,0.8712660028449548,0.10668563300142608,0.3378378378378386,3.378378378378372,6.418918918918919,1.3513513513513615,7.0945945945945965,5.4054054054054035
869,FDP,1750,19,1.0,1.0,4.163703176861072,1.0,1.0,2.6463963963963963,1.7425320056899025,0.1955903271692847,5.600995732574681,3.3250355618776624,9.708392603129447,4.409672830725455,4.729729729729726,2.702702702702709,1.0135135135135158,6.418918918918912,0.0,1.0135135135135158
4859,FDP,1750,19,0.0,1.0,3.997747747747752,0.0,0.0,2.027027027027026,0.3022759601707037,9.708392603129447,1.973684210526315,4.978662873399728,5.88549075391181,1.1379800853485094,4.729729729729719,0.3378378378378386,3.378378378378379,1.3513513513513402,0.6756756756756843,1.689189189189193
1757,FDP,1750,19,1.0,1.0,1.7306780464675207,1.0,1.0,0.7319819819819801,1.4046941678520568,4.107396870554773,4.018492176386907,0.5156472261735416,0.053342816500716594,0.2844950213371291,0.3378378378378386,0.6756756756756701,1.3513513513513473,0.6756756756756772,0.3378378378378386,1.0135135135135087
2028,Die Grünen,1750,19,1.0,1.0,7.820649596965389,1.0,1.0,2.027027027027028,1.369132290184929,9.77951635846373,8.997155049786642,5.352062588904694,9.28165007112375,12.144381223328587,1.689189189189186,0.3378378378378386,1.6891891891892072,2.0270270270270316,2.7027027027026946,3.7162162162162105
4691,Die Grünen,1750,19,1.0,1.0,4.554883831199617,1.0,1.0,2.815315315315319,6.3122332859175,3.7517780938833525,5.2275960170697005,0.3378378378378386,5.814366998577512,5.885490753911796,3.378378378378386,0.0,2.702702702702709,5.067567567567565,3.0405405405405475,2.702702702702709
3224,Die Grünen,1750,19,1.0,0.0,2.4804409672830694,0.0,0.0,4.2229729729729755,0.8357041251778057,7.0590327169274545,0.37339971550497353,1.831436699857747,0.37339971550497353,4.409672830725462,0.3378378378378386,0.0,6.081081081081088,5.405405405405411,7.432432432432428,6.081081081081088
2903,Die Grünen,1750,19,1.0,0.0,2.9634898055950694,1.0,0.0,2.8153153153153148,5.192034139402573,0.32005689900426404,2.418207681365587,2.435988620199147,1.7247510668563208,5.6899004267425255,2.7027027027026946,0.0,2.3648648648648702,2.702702702702709,3.0405405405405332,6.081081081081081
4712,FDP,1750,19,1.0,0.0,3.239094357515409,0.0,1.0,1.351351351351352,2.6315789473684177,4.409672830725462,3.0049786628733983,5.352062588904687,1.9381223328591801,2.0981507823613086,4.391891891891902,1.689189189189186,0.0,0.6756756756756772,1.3513513513513473,0.0
5130,FDP,1750,19,1.0,1.0,9.112731152204839,1.0,1.0,0.22522522522522456,6.152204836415365,8.090327169274538,8.392603129445234,9.637268847795163,9.63726884779517,12.766714082503562,0.3378378378378386,0.3378378378378315,0.3378378378378386,0.3378378378378386,0.0,0.0
3901,FDP,1750,19,1.0,0.0,3.4939544807965857,1.0,1.0,1.0135135135135112,2.9871977240398238,5.7610241820768096,1.831436699857754,1.8136557610241795,7.94807965860598,0.6223328591749677,1.3513513513513615,0.0,1.0135135135135087,1.6891891891891788,1.3513513513513473,0.6756756756756701
501,FDP,1750,19,1.0,0.0,6.0247747747747775,1.0,1.0,1.6891891891891884,10.419630156472259,0.3911806543385552,5.93883357041252,5.0497866287340045,12.268847795163587,2.080369843527741,0.6756756756756701,0.3378378378378386,2.0270270270270174,3.7162162162162247,3.0405405405405403,0.3378378378378386
1020,CDU,1750,19,1.0,0.0,6.291488857278332,1.0,0.0,2.0833333333333344,0.2489331436699942,3.7517780938833525,9.352773826458034,6.490042674253203,14.527027027027032,3.378378378378379,2.0270270270270316,2.702702702702709,0.3378378378378386,2.364864864864863,2.0270270270270316,3.0405405405405332
1643,Die Grünen,1750,19,1.0,0.0,4.4304172593646305,1.0,0.0,3.2094594594594583,7.485775248933145,1.0312944523470833,3.876244665718353,0.7467994310099613,8.07254623044097,5.369843527738269,3.0405405405405475,2.0270270270270316,3.7162162162162033,2.0270270270270245,5.067567567567565,3.378378378378379
3043,bunt.saar,1750,19,0.0,0.0,4.869013750592696,0.0,1.0,2.083333333333331,1.1735419630156443,2.6849217638691343,5.387624466571829,4.587482219061172,9.95732574679942,5.423186344238978,1.3513513513513473,2.3648648648648702,0.3378378378378244,4.054054054054049,2.0270270270270245,2.3648648648648702
3950,CDU,1750,19,0.0,0.0,4.3444760550023735,1.0,1.0,4.279279279279277,2.2048364153627347,6.934566145092461,1.973684210526315,0.10668563300142608,10.277382645803698,4.569701280227605,7.432432432432428,1.3513513513513473,1.689189189189186,7.432432432432428,2.7027027027027017,5.067567567567572
3742,FDP,1750,19,1.0,1.0,6.756756756756755,1.0,1.0,4.560810810810811,5.565433854907539,4.729729729729726,7.432432432432435,1.3157894736842124,14.384779516358464,7.112375533428157,1.0135135135135087,3.7162162162162176,4.391891891891895,4.391891891891902,6.081081081081081,7.770270270270267
217,CDU,1750,19,0.0,0.0,2.969416785206255,1.0,0.0,1.689189189189187,2.258179231863444,2.507112375533424,2.8449502133712556,5.174253200568991,4.42745376955903,0.604551920341386,1.689189189189186,1.689189189189186,1.3513513513513473,2.3648648648648702,0.0,3.0405405405405332
482,bunt.saar,1750,19,1.0,0.0,6.172949265054527,1.0,0.0,1.9144144144144128,5.725462304409675,5.0853485064011394,8.143669985775254,4.960881934566153,9.42389758179231,3.698435277382629,0.3378378378378386,0.6756756756756772,2.702702702702709,1.3513513513513615,3.7162162162161962,2.7027027027026946
4810,CDU,1750,19,1.0,0.0,2.032954006638215,1.0,0.0,1.1261261261261286,3.449502133712656,0.8179231863442382,3.02275960170698,0.7290184921763796,3.805120910384062,0.37339971550497353,0.6756756756756772,1.0135135135135087,0.0,1.3513513513513686,1.3513513513513544,2.364864864864863
4740,CDU,1750,19,1.0,0.0,3.6036036036036023,0.0,0.0,3.547297297297296,1.2802275960170775,3.9295874822190555,0.8357041251778057,6.561166429587473,3.9118065433855023,5.1031294452347,0.0,1.689189189189186,6.756756756756758,3.7162162162162176,1.0135135135135087,8.108108108108105
4927,bunt.saar,1750,19,0.0,1.0,6.380393551446184,0.0,0.0,2.815315315315317,4.17852062588905,1.2802275960170704,8.12588904694168,5.796586059743959,11.664295874822194,7.23684210526315,0.0,0.0,5.067567567567565,1.0135135135135158,4.729729729729733,6.081081081081088
4375,FDP,1750,19,0.0,1.0,3.532479848269324,1.0,1.0,4.391891891891892,4.694167852062591,2.6137980085348573,3.840682788051218,4.480796586059739,4.943100995732571,0.6223328591749677,2.702702702702709,5.405405405405411,3.7162162162162105,4.729729729729726,2.7027027027027017,7.094594594594593
1153,FDP,1750,19,0.0,0.0,4.531175912754862,0.0,0.0,3.8851351351351355,10.277382645803698,7.503556187766712,0.8712660028449548,0.5156472261735487,7.681365576102422,0.3378378378378386,1.3513513513513544,7.094594594594589,5.405405405405411,2.3648648648648702,3.7162162162162105,3.378378378378379
3169,bunt.saar,1750,19,1.0,0.0,5.802513039355144,1.0,1.0,1.9144144144144117,2.916073968705547,1.7780938833570303,8.534850640113788,2.987197724039838,11.486486486486484,7.112375533428178,2.0270270270270316,3.0405405405405332,1.689189189189193,3.7162162162162105,0.6756756756756772,0.3378378378378244
5180,CDU,1750,19,1.0,0.0,4.350403034613564,1.0,1.0,1.6891891891891884,3.7339971550497992,8.232574679943106,0.8712660028449548,8.161450924608815,3.2539118065433854,1.8492176386913215,2.702702702702709,1.3513513513513473,0.6756756756756772,2.364864864864856,1.689189189189193,1.3513513513513473
1464,FDP,1750,19,1.0,1.0,3.390232337600756,1.0,1.0,2.4774774774774784,3.556187766714082,2.507112375533424,7.5924608819345565,0.7112375533428192,5.28093883357041,0.6934566145092447,3.0405405405405475,3.0405405405405475,2.364864864864856,4.729729729729726,1.689189189189193,0.0
3911,CDU,1750,19,1.0,1.0,3.1235182550972076,0.0,1.0,1.9144144144144153,3.0049786628733983,2.2226173541963092,1.6002844950213486,6.685633001422481,3.7517780938833525,1.475817923186355,0.6756756756756772,3.7162162162162176,0.6756756756756772,1.0135135135135158,2.3648648648648702,3.0405405405405332
5027,CDU,1750,19,0.0,1.0,5.070531057373162,1.0,0.0,1.5202702702702677,4.534139402560456,4.836415362731152,2.86273115220483,6.294452347083919,7.112375533428171,4.783072546230443,2.364864864864856,0.3378378378378386,1.0135135135135087,2.0270270270270316,0.3378378378378315,3.0405405405405403
1151,FDP,1750,19,1.0,1.0,3.1590801327643487,1.0,0.0,1.9707207207207187,4.9786628733997205,5.725462304409675,1.4580369843527734,1.8847795163584777,2.987197724039838,1.920341394025609,3.0405405405405332,4.391891891891888,0.6756756756756737,1.01351351351353,0.3378378378378244,2.364864864864863
2151,SPD,1750,19,0.0,1.0,3.339853010905646,1.0,0.0,1.689189189189192,0.9246088193456643,3.6806543385490826,5.636557610241823,0.8179231863442382,6.703413940256041,2.275960170697026,1.3513513513513615,0.3378378378378386,2.3648648648648702,0.3378378378378457,1.3513513513513544,4.391891891891881
3867,bunt.saar,1750,19,1.0,0.0,6.1255334281650065,1.0,1.0,0.619369369369366,3.7162162162162176,4.302987197724043,10.259601706970138,2.7027027027027017,9.939544807965845,5.832147937411094,0.6756756756756772,0.3378378378378386,0.675675675675663,0.6756756756756772,0.3378378378378386,1.0135135135135016
2019,Die Grünen,1750,19,0.0,0.0,7.580606922712188,0.0,0.0,5.3490990990991,1.795874822190612,8.07254623044097,12.233285917496453,3.2894736842105274,9.903982930298717,10.188477951635846,5.743243243243242,0.3378378378378386,8.445945945945958,5.4054054054054035,5.4054054054054035,6.756756756756758
3284,CDU,1750,19,1.0,0.0,2.370791844476058,1.0,0.0,1.970720720720717,2.3826458036984306,2.489331436699864,0.7467994310099613,5.174253200568991,1.8847795163584706,1.546941678520632,3.0405405405405332,3.378378378378372,0.3378378378378386,1.689189189189186,2.364864864864863,1.0135135135135087
749,Die Grünen,1750,19,1.0,1.0,8.914177335229967,1.0,1.0,10.247747747747747,0.053342816500716594,8.499288762446653,11.87766714082504,4.818634423897578,16.411806543385495,11.824324324324323,6.081081081081088,3.0405405405405332,13.513513513513516,9.797297297297291,15.54054054054054,13.513513513513509
4112,Die Grünen,1750,19,1.0,1.0,6.383357041251777,1.0,1.0,2.4211711711711743,0.9957325746799413,6.934566145092461,4.480796586059739,6.116642958748223,10.241820768136563,9.530583214793737,3.378378378378379,0.6756756756756843,2.3648648648648702,2.3648648648648702,3.378378378378386,2.364864864864856
2253,CDU,1750,19,1.0,0.0,6.0336652441915595,1.0,0.0,1.6328828828828807,3.0049786628734054,9.388335704125183,5.245376955903275,2.5248933143669916,11.824324324324323,4.2140825035561775,0.6756756756756772,1.3513513513513473,1.0135135135135087,1.689189189189186,3.378378378378379,1.689189189189186
4677,CDU,1750,19,1.0,0.0,6.030701754385963,0.0,1.0,6.137387387387385,3.94736842105263,6.294452347083919,3.6450924608819335,3.236130867709818,17.86984352773826,1.1913229018492189,1.3513513513513473,3.0405405405405332,8.783783783783775,6.4189189189189335,10.13513513513513,7.094594594594589
4291,bunt.saar,1750,19,1.0,0.0,3.6539829302987195,1.0,0.0,8.108108108108107,8.30369843527739,3.378378378378379,0.6578947368421026,5.4054054054054035,0.40896159317211556,3.769559032716927,11.148648648648646,7.094594594594589,7.0945945945945965,7.770270270270274,9.459459459459453,6.081081081081081
2246,Die Grünen,1750,19,0.0,0.0,8.466690374585111,0.0,0.0,7.1509009009009015,3.342816500711244,5.4765291607396875,13.068990042674258,1.7069701280227534,14.63371266002845,12.571123755334277,2.702702702702709,1.3513513513513473,12.162162162162168,6.418918918918919,12.162162162162168,8.108108108108098
4088,CDU,1750,19,0.0,1.0,4.584518729255568,1.0,0.0,2.6463963963964,3.0761024182076895,5.618776671408241,1.2980085348506378,4.2140825035561775,9.77951635846373,3.520625889046933,1.6891891891892072,3.378378378378379,2.0270270270270245,1.689189189189193,3.7162162162162176,3.378378378378379
680,bunt.saar,1750,19,0.0,1.0,2.729374110953053,1.0,1.0,0.9572072072072105,4.19630156472261,0.46230440967282505,4.605263157894733,2.5960170697012828,0.0889046941678373,4.42745376955903,0.3378378378378386,0.0,2.0270270270270316,1.013513513513523,2.0270270270270316,0.3378378378378386
1907,Die Grünen,1750,19,0.0,0.0,8.511142721669039,0.0,1.0,3.8851351351351355,1.653627311522051,6.970128022759603,12.891180654338555,6.347795163584635,16.607396870554766,6.596728307254622,4.054054054054056,1.3513513513513615,6.081081081081081,3.7162162162162176,4.054054054054049,4.054054054054049
2268,FDP,1750,19,1.0,1.0,5.005334281650074,1.0,1.0,1.463963963963965,6.881223328591759,2.6315789473684177,4.516358463726888,4.302987197724043,2.471550497866289,9.228307254623047,3.0405405405405403,0.0,0.0,4.729729729729733,0.6756756756756772,0.3378378378378386
1611,SPD,1750,19,0.0,0.0,5.870673304883829,0.0,1.0,1.8018018018018023,5.654338549075405,7.130156472261731,3.271692745376953,1.1024182076813602,10.561877667140813,7.503556187766712,4.7297297297297405,0.0,1.0135135135135158,0.6756756756756772,2.0270270270270245,2.364864864864856
3502,CDU,1750,19,1.0,1.0,3.4732100521574174,1.0,1.0,0.957207207207207,0.0889046941678373,4.694167852062591,0.9068278805120897,3.8229018492176436,5.209815078236119,6.116642958748223,0.0,2.364864864864863,2.0270270270270316,1.0135135135135087,0.0,0.3378378378378386
750,FDP,1750,19,1.0,1.0,2.916073968705548,1.0,1.0,1.970720720720723,4.551920341394016,4.729729729729726,1.404694167852064,1.9559032716927476,3.485064011379805,1.369132290184929,2.0270270270270316,1.3513513513513615,2.0270270270270245,3.378378378378386,1.689189189189186,1.3513513513513473
2677,FDP,1750,19,1.0,0.0,2.910146989094357,1.0,1.0,4.39189189189189,0.49786628733995997,1.6358463726884764,3.769559032716934,2.3470839260312886,6.934566145092475,2.275960170697008,3.7162162162162176,3.0405405405405403,4.391891891891888,7.770270270270267,2.7027027027026946,4.729729729729733
4902,CDU,1750,19,0.0,0.0,3.3042911332385025,0.0,0.0,2.5337837837837873,9.975106685633016,0.5867709815078257,1.7425320056899025,1.0846372688477857,1.973684210526315,4.463015647226172,0.6756756756756914,0.3378378378378386,4.054054054054049,2.3648648648648702,4.729729729729733,3.0405405405405403
206,SPD,1750,19,0.0,0.0,9.00900900900901,0.0,0.0,2.9842342342342327,3.485064011379805,16.1628733997155,8.428165007112383,6.6678520625889135,12.588904694167837,6.721194879089616,2.3648648648648702,2.0270270270270245,1.3513513513513615,4.391891891891888,6.0810810810810665,1.689189189189186
1549,FDP,1750,19,1.0,0.0,5.603959222380275,1.0,1.0,3.885135135135138,4.960881934566139,4.516358463726888,4.836415362731152,6.703413940256041,8.410384068278809,4.196301564722617,1.013513513513523,3.0405405405405403,7.0945945945945965,2.3648648648648702,5.405405405405411,4.391891891891888
440,bunt.saar,1750,19,1.0,0.0,6.264817449027976,1.0,1.0,1.1261261261261264,2.0625889046941666,0.5334281650071233,9.743954480796589,4.871977240398294,13.193456614509252,7.183499288762434,1.0135135135135158,1.0135135135135158,1.0135135135135158,0.6756756756756772,2.0270270270270316,1.0135135135135016
1390,bunt.saar,1750,19,1.0,0.0,5.079421526789943,1.0,0.0,3.997747747747745,2.293741109530586,2.3826458036984306,5.209815078236119,1.795874822190612,14.366998577524889,4.427453769559023,3.378378378378379,1.0135135135135016,2.3648648648648702,3.0405405405405403,8.108108108108098,6.081081081081081
2647,CDU,1750,19,1.0,0.0,1.869962067330487,1.0,1.0,2.5900900900900914,2.115931721194869,2.9694167852062634,1.2446657183499283,1.6180654338549019,0.7290184921763867,2.5426742532005733,4.054054054054056,2.364864864864856,2.364864864864863,5.067567567567579,1.3513513513513544,0.3378378378378386
3152,FDP,1750,19,0.0,0.0,3.9858937885253702,0.0,1.0,1.6328828828828807,1.9381223328591872,2.0981507823613086,0.40896159317212266,9.530583214793744,7.254623044096725,2.6849217638691343,4.054054054054042,0.6756756756756701,2.0270270270270316,0.6756756756756772,2.364864864864863,0.0
1948,bunt.saar,1750,19,1.0,1.0,5.547652916073965,1.0,1.0,0.9572072072072046,6.009957325746804,1.7247510668563208,6.881223328591744,1.831436699857754,9.850640113798008,6.987908961593163,1.3513513513513473,0.0,0.0,2.364864864864863,1.0135135135135158,1.0135135135135016
3234,bunt.saar,1750,19,1.0,0.0,2.5100758653390245,1.0,1.0,1.8018018018017987,1.2268847795163538,1.6002844950213486,4.267425320056894,0.32005689900426404,5.849928876244675,1.795874822190612,1.0135135135135087,2.7027027027026946,2.3648648648648702,1.3513513513513473,2.364864864864856,1.0135135135135158
2535,CDU,1750,19,0.0,0.0,3.7725225225225216,0.0,0.0,3.4909909909909906,2.8271692745377024,1.653627311522051,1.0135135135135087,1.1557610241820626,11.628733997155052,4.356330014224753,4.054054054054056,3.0405405405405403,1.689189189189186,8.445945945945944,0.0,3.7162162162162176
2103,CDU,1750,19,0.0,0.0,4.217045993361785,0.0,0.0,1.632882882882883,2.8982930298719793,1.2268847795163538,3.485064011379805,8.410384068278809,6.116642958748223,3.165007112375541,2.0270270270270316,3.378378378378379,0.3378378378378386,0.0,0.6756756756756701,3.378378378378379
2273,bunt.saar,1750,19,1.0,1.0,3.3813418681839713,1.0,1.0,2.0833333333333344,4.445234708392597,3.3961593172119606,1.0846372688477857,3.662873399715501,6.578947368421048,1.1201991465149348,0.3378378378378457,0.3378378378378386,2.702702702702709,3.0405405405405332,3.7162162162162105,2.3648648648648702
4339,bunt.saar,1750,19,1.0,1.0,5.037932669511616,1.0,1.0,1.0698198198198188,1.2091038406827934,5.067567567567565,6.009957325746797,3.271692745376953,7.912517780938828,6.756756756756758,0.3378378378378315,0.3378378378378386,1.3513513513513402,1.689189189189193,2.3648648648648702,0.3378378378378386
2540,FDP,1750,19,1.0,1.0,2.4893314366998567,1.0,1.0,4.054054054054055,0.9601706970128063,1.3513513513513473,4.534139402560456,0.7467994310099471,2.809388335704128,4.534139402560456,3.7162162162162176,2.0270270270270245,7.0945945945945965,1.689189189189193,3.0405405405405403,6.756756756756758
2556,bunt.saar,1750,19,0.0,0.0,4.377074442863912,0.0,1.0,1.0698198198198223,1.689189189189186,2.3115220483641536,5.014224751066848,1.6358463726884764,11.237553342816497,4.374110953058313,0.6756756756756772,0.3378378378378386,0.3378378378378386,3.378378378378379,1.013513513513523,0.6756756756756772
3212,FDP,1750,19,0.0,1.0,6.312233285917496,0.0,1.0,7.2635135135135185,3.805120910384062,3.413940256045521,13.246799431009954,3.8940256045519206,5.7610241820768096,7.752489331436703,6.081081081081088,7.094594594594604,10.135135135135137,1.013513513513523,8.783783783783782,10.472972972972972
123,CDU,1750,19,0.0,0.0,2.7204836415362728,1.0,1.0,3.4346846846846852,0.8357041251778057,2.0625889046941666,3.805120910384062,3.0405405405405403,3.9651493598862046,2.6137980085348573,3.7162162162162176,5.4054054054054035,4.054054054054056,1.3513513513513544,2.364864864864863,3.7162162162162176
4407,SPD,1750,19,0.0,0.0,4.451161688003796,0.0,0.0,1.1261261261261228,0.9246088193456643,1.3335704125177799,8.890469416785209,2.951635846372696,8.60597439544808,4.000711237553347,0.0,0.6756756756756772,0.6756756756756701,2.0270270270270316,0.675675675675663,2.7027027027026946
4523,bunt.saar,1750,19,1.0,0.0,6.537458511142724,1.0,0.0,4.5608108108108105,1.5291607396870575,2.8271692745376953,9.903982930298724,6.241109530583209,13.975817923186348,4.747510668563308,6.756756756756758,1.0135135135135158,3.378378378378386,8.445945945945944,3.7162162162162105,4.054054054054049
10,bunt.saar,1750,19,1.0,1.0,4.943100995732572,1.0,1.0,1.9707207207207205,2.2759601706970045,3.165007112375534,6.650071123755325,5.689900426742533,3.1294452347083848,8.748221906116655,3.378378378378386,2.0270270270270316,1.0135135135135016,2.0270270270270316,0.3378378378378386,3.0405405405405332
3759,Die Grünen,1750,19,1.0,0.0,5.079421526789946,0.0,0.0,2.5900900900900914,5.387624466571836,0.46230440967283215,7.361308677098144,0.32005689900427114,7.005689900426745,9.939544807965845,2.3648648648648702,3.378378378378379,2.0270270270270316,2.702702702702709,0.6756756756756772,4.391891891891881
977,bunt.saar,1750,19,1.0,1.0,2.631578947368419,1.0,1.0,1.0698198198198152,2.080369843527741,0.07112375533426984,6.258890469416784,1.0490753911806507,4.907539118065429,1.4224751066856385,2.0270270270270245,1.0135135135135158,0.0,0.3378378378378315,1.6891891891891788,1.3513513513513402
4084,CDU,1750,19,1.0,1.0,4.353366524419158,1.0,1.0,6.249999999999996,1.1735419630156514,2.6137980085348502,6.472261735419636,6.667852062588906,5.45874822190612,3.733997155049785,3.0405405405405332,6.418918918918919,5.743243243243235,6.756756756756751,6.756756756756751,8.783783783783782
1089,FDP,1750,19,1.0,0.0,5.6987908961593154,1.0,1.0,1.0698198198198223,12.78449502133713,1.1735419630156443,4.37411095305832,8.321479374110943,5.45874822190612,2.080369843527734,2.0270270270270316,0.3378378378378386,2.3648648648648702,0.6756756756756772,1.0135135135135158,0.0
2229,SPD,1750,19,1.0,0.0,6.2974158368895194,1.0,1.0,2.81531531531531,6.081081081081088,0.40896159317212266,6.845661450924595,6.383357041251777,7.788051209103834,10.277382645803698,2.364864864864856,1.689189189189186,2.364864864864856,0.6756756756756772,6.756756756756744,3.0405405405405403
3905,SPD,1750,19,1.0,0.0,7.574679943100997,1.0,1.0,1.463963963963966,5.0853485064011394,5.369843527738269,9.050497866287337,7.82361308677099,6.561166429587473,11.557610241820775,1.0135135135135158,1.0135135135135087,0.3378378378378386,3.378378378378393,2.7027027027026946,0.3378378378378457
262,Die Grünen,1750,19,1.0,0.0,5.61284969179706,1.0,0.0,5.349099099099099,2.9694167852062634,5.387624466571836,3.769559032716927,2.9338549075391214,15.024893314366992,3.591749644381224,5.4054054054054035,2.0270270270270316,5.4054054054054035,9.45945945945946,5.4054054054054035,4.391891891891895
3469,Die Grünen,1750,19,0.0,0.0,3.34577999051683,1.0,0.0,2.6463963963963977,7.0945945945945965,1.1557610241820626,1.866998577524896,0.12446657183499354,8.997155049786628,0.8357041251778057,1.0135135135135087,3.378378378378393,4.054054054054056,0.3378378378378315,4.054054054054049,3.0405405405405475
1294,FDP,1750,19,0.0,1.0,3.144262683736367,1.0,1.0,3.378378378378379,1.3869132290184822,1.6714082503556185,2.631578947368425,3.556187766714082,5.814366998577526,3.805120910384069,3.378378378378372,5.067567567567579,1.3513513513513473,4.054054054054063,1.3513513513513473,5.067567567567565
2381,FDP,1750,19,1.0,0.0,6.1640587956377395,1.0,0.0,2.9842342342342363,4.605263157894733,0.21337126600283796,8.42816500711237,7.3079658605974345,8.997155049786628,7.432432432432435,4.054054054054063,2.702702702702709,2.364864864864863,3.0405405405405332,3.7162162162162176,2.0270270270270316
2896,FDP,1750,19,1.0,1.0,3.156116642958746,1.0,1.0,3.209459459459461,1.689189189189186,4.551920341394016,4.000711237553347,3.4317211948790884,4.071834992887624,1.1913229018492153,4.054054054054056,5.4054054054054035,1.0135135135135087,1.689189189189193,3.0405405405405475,4.054054054054056
1028,FDP,1750,19,1.0,0.0,2.948672356567093,1.0,0.0,1.8018018018018058,2.9694167852062563,1.8136557610241795,3.1116642958748244,2.044807965860592,4.800853485064017,2.951635846372689,2.7027027027026946,0.6756756756756843,1.0135135135135158,1.6891891891892072,1.689189189189193,3.0405405405405403
4804,bunt.saar,1750,19,0.0,1.0,6.901967757230916,1.0,1.0,3.4346846846846866,3.5028449502133725,2.7738264580369787,4.854196301564727,1.511379800853483,20.412517780938835,8.3570412517781,3.378378378378379,0.6756756756756772,3.0405405405405475,4.054054054054056,4.054054054054056,5.4054054054054035
1887,FDP,1750,19,0.0,0.0,3.493954480796584,1.0,0.0,2.1396396396396384,0.6756756756756772,0.37339971550497353,3.982930298719772,5.014224751066848,9.992887624466569,0.9246088193456643,1.3513513513513544,1.0135135135135087,2.364864864864863,0.0,6.081081081081074,2.0270270270270316
2061,CDU,1750,19,1.0,0.0,5.123873873873872,1.0,0.0,1.8581081081081077,1.7247510668563208,5.921052631578952,6.13442389758179,3.1827880512090942,5.885490753911803,7.894736842105267,1.0135135135135016,1.689189189189186,0.3378378378378315,1.3513513513513615,2.702702702702709,4.054054054054056
1463,CDU,1750,19,1.0,1.0,2.7323376007586546,1.0,1.0,1.970720720720723,0.7823613086770962,2.7916073968705533,6.454480796586054,4.302987197724043,0.46230440967283215,1.6002844950213486,1.689189189189193,1.3513513513513473,2.3648648648648702,1.3513513513513615,1.689189189189186,3.378378378378379
2404,FDP,1750,19,1.0,1.0,4.818634423897584,1.0,1.0,1.8018018018018012,8.499288762446653,1.191322901849226,5.849928876244668,4.285206258890469,8.428165007112376,0.6578947368421098,2.0270270270270245,3.0405405405405475,0.6756756756756772,1.3513513513513473,2.0270270270270245,1.689189189189186
4089,DIE LINKE,1750,19,0.0,0.0,7.577643432906586,0.0,0.0,5.349099099099096,1.3335704125177799,3.698435277382636,12.837837837837839,2.00924608819345,14.740398293029862,10.846372688477949,3.378378378378372,4.054054054054042,6.418918918918926,3.378378378378379,7.7702702702702595,7.0945945945945965
2750,CDU,1750,19,1.0,1.0,3.5087719298245603,1.0,1.0,1.914414414414414,0.2489331436699942,7.307965860597427,6.258890469416791,3.520625889046933,1.724751066856328,1.9914651493598896,3.7162162162162176,0.675675675675663,0.6756756756756772,6.081081081081088,0.0,0.3378378378378386
4473,FDP,1750,19,0.0,1.0,6.792318634423897,1.0,1.0,2.139639639639643,0.053342816500716594,8.926031294452336,3.8762446657183496,12.606685633001433,6.294452347083919,8.997155049786628,0.3378378378378386,2.0270270270270245,2.7027027027027053,1.3513513513513686,2.7027027027027017,3.7162162162162176
1785,Die Grünen,1750,19,1.0,0.0,7.933262209578,1.0,0.0,2.421171171171173,2.578236130867701,8.481507823613093,6.667852062588906,9.263869132290182,11.113086770981518,9.495021337126602,4.054054054054063,0.3378378378378457,2.0270270270270316,3.7162162162162176,1.3513513513513473,3.0405405405405332
2563,bunt.saar,1750,19,1.0,1.0,4.347439544807965,1.0,1.0,1.5202702702702702,4.089615931721191,1.7247510668563208,3.4317211948790884,1.831436699857747,11.77098150782362,3.236130867709818,1.689189189189193,1.3513513513513686,1.3513513513513544,1.689189189189186,2.364864864864856,0.675675675675663
1380,SPD,1750,19,0.0,0.0,10.123281175912753,0.0,0.0,3.434684684684688,6.098862019914655,8.534850640113788,11.575391180654336,5.014224751066855,20.590327169274545,8.926031294452343,2.0270270270270245,0.6756756756756772,4.7297297297297405,0.0,9.797297297297305,3.378378378378379
923,Die Grünen,1750,19,1.0,1.0,5.061640587956376,1.0,1.0,1.8018018018018,1.6714082503556185,7.4146514935988606,6.223328591749635,2.7560455192034183,6.792318634423886,5.512091038406837,2.3648648648648702,2.7027027027026946,1.3513513513513544,3.7162162162162176,0.3378378378378244,0.3378378378378386
372,CDU,1750,19,1.0,0.0,2.8330962541488893,1.0,1.0,4.5045045045045065,4.249644381223341,5.4409672830725455,0.017780938833574567,3.1116642958748244,1.2446657183499283,2.9338549075391214,6.418918918918926,1.689189189189186,3.0405405405405403,5.743243243243249,5.743243243243242,4.391891891891895
5125,bunt.saar,1750,19,0.0,0.0,4.021455666192506,1.0,0.0,1.5202702702702713,1.369132290184929,0.7290184921763796,5.209815078236119,1.8847795163584635,8.214793741109531,6.721194879089616,1.3513513513513544,3.378378378378372,1.689189189189193,1.689189189189193,0.3378378378378386,0.6756756756756772
4255,DIE LINKE,1750,19,1.0,1.0,4.949027975343764,1.0,1.0,6.756756756756757,6.027738264580371,1.1379800853485094,5.494310099573255,7.0590327169274545,4.747510668563294,5.2275960170697005,1.689189189189186,7.094594594594589,12.162162162162161,2.364864864864863,7.432432432432435,9.797297297297305
7,Die Grünen,1750,19,1.0,0.0,5.088311996206737,1.0,1.0,1.407657657657656,4.374110953058327,1.0846372688477999,2.951635846372696,10.757467994310097,9.299431009957331,2.0625889046941666,2.7027027027026946,1.3513513513513473,2.7027027027027017,0.6756756756756772,1.0135135135135158,0.0
3374,Die Grünen,1750,19,0.0,1.0,4.71194879089616,0.0,1.0,0.7319819819819836,3.02275960170698,8.60597439544808,6.543385490753906,1.973684210526315,1.9381223328591801,6.1877667140825,0.0,2.0270270270270316,0.0,0.0,2.3648648648648702,0.0
1429,FDP,1750,19,1.0,0.0,4.451161688003796,1.0,1.0,2.027027027027026,5.4765291607396875,7.912517780938835,1.831436699857754,3.9651493598862118,3.7162162162162176,3.805120910384069,2.0270270270270245,1.689189189189193,2.0270270270270245,3.0405405405405332,1.3513513513513544,2.0270270270270245
3442,FDP,1750,19,1.0,1.0,2.139639639639642,1.0,1.0,3.8288288288288315,4.783072546230443,0.2489331436699942,0.32005689900427114,2.578236130867701,4.658605974395456,0.2489331436699871,2.7027027027027017,4.054054054054056,4.391891891891895,4.054054054054063,3.7162162162162176,4.054054054054056
1851,SPD,1750,19,0.0,0.0,4.578591749644385,1.0,0.0,2.8153153153153148,8.481507823613093,3.09388335704125,1.2980085348506378,2.7382645803698438,5.316500711237566,6.54338549075392,3.378378378378393,5.743243243243242,3.378378378378372,2.702702702702709,1.0135135135135016,0.6756756756756701
4130,bunt.saar,1750,19,0.0,0.0,5.334281650071123,0.0,1.0,1.5202702702702713,0.9779516358463738,0.6045519203413932,6.596728307254622,5.049786628733997,9.850640113798008,8.926031294452343,2.0270270270270316,2.7027027027026946,0.6756756756756772,0.0,1.3513513513513544,2.3648648648648702
3449,SPD,1750,19,1.0,0.0,4.255571360834522,1.0,1.0,2.027027027027028,1.795874822190612,5.796586059743959,5.778805120910384,1.2802275960170704,2.5426742532005733,8.339260312944532,2.7027027027027017,2.0270270270270316,1.3513513513513402,2.0270270270270316,3.378378378378372,0.6756756756756914
1184,FDP,1750,19,1.0,1.0,4.717875770507348,1.0,0.0,2.421171171171172,5.174253200568991,4.623044096728307,3.840682788051211,10.95305832147936,3.1116642958748244,0.6045519203413932,2.3648648648648702,2.364864864864863,1.689189189189186,2.7027027027027017,3.0405405405405403,2.3648648648648702
899,Die Grünen,1750,19,1.0,0.0,5.2601944049312435,1.0,0.0,2.0270270270270294,2.5426742532005733,8.26813655761024,3.698435277382636,3.3605974395448044,12.108819345661445,1.5825035561877598,1.0135135135135158,0.3378378378378457,3.7162162162162247,0.3378378378378244,0.6756756756756843,6.081081081081081
1398,DIE LINKE,1750,19,1.0,0.0,3.1857515410146946,1.0,0.0,3.6036036036036,1.5825035561877598,1.7780938833570303,3.378378378378372,0.1955903271692847,4.267425320056894,7.912517780938828,3.7162162162162176,3.0405405405405332,3.378378378378372,4.391891891891888,1.0135135135135087,6.081081081081081
60,CDU,1750,19,0.0,0.0,2.6819582740635375,1.0,1.0,2.0270270270270294,4.783072546230443,2.0625889046941666,2.3470839260312886,2.044807965860592,0.6045519203413932,4.249644381223341,0.6756756756756772,3.0405405405405332,2.7027027027026946,3.378378378378393,1.3513513513513544,1.013513513513523
4192,CDU,1750,19,1.0,0.0,3.09091986723566,0.0,0.0,3.1531531531531556,2.9338549075391214,1.475817923186355,5.423186344238985,6.472261735419629,2.151493598862025,0.08890469416784441,1.3513513513513615,5.743243243243249,1.0135135135135087,2.7027027027027017,3.0405405405405475,5.067567567567565
158,bunt.saar,1750,19,1.0,1.0,2.3737553342816518,0.0,0.0,3.8851351351351355,4.142958748221901,4.054054054054056,0.3022759601707037,4.694167852062591,0.9957325746799413,0.053342816500716594,4.391891891891888,1.3513513513513615,3.7162162162162033,4.391891891891895,4.391891891891895,5.067567567567572
4903,CDU,1750,19,1.0,1.0,4.803816974869605,0.0,1.0,5.236486486486484,0.32005689900426404,9.690611664295872,6.454480796586054,2.3115220483641536,7.2368421052631575,2.809388335704128,0.6756756756756701,6.081081081081081,6.081081081081081,4.391891891891888,7.770270270270267,6.418918918918919
5192,FDP,1750,19,1.0,0.0,4.554883831199619,1.0,0.0,6.418918918918919,0.4800853485063925,7.965860597439544,11.66429587482219,3.7162162162162176,1.795874822190612,1.7069701280227534,5.4054054054054035,3.7162162162162176,10.135135135135137,9.45945945945946,4.054054054054056,5.743243243243242
3142,CDU,1750,19,1.0,0.0,5.037932669511618,1.0,0.0,2.3648648648648654,4.000711237553347,7.3790896159317185,1.902560455192038,4.747510668563301,8.036984352773828,4.160739687055475,0.0,1.3513513513513473,3.7162162162162176,2.7027027027027017,2.0270270270270316,4.391891891891895
4040,FDP,1750,19,0.0,0.0,4.436344238975816,0.0,0.0,4.391891891891896,3.1294452347083777,0.46230440967283215,3.840682788051211,10.384068278805124,7.2368421052631575,1.5647226173541924,3.378378378378393,6.081081081081088,5.4054054054054035,3.7162162162162176,3.7162162162162176,4.054054054054056
4809,bunt.saar,1750,19,1.0,0.0,5.316500711237552,1.0,1.0,2.4211711711711743,1.333570412517787,6.596728307254629,7.645803698435266,2.9871977240398238,8.60597439544808,4.729729729729726,6.418918918918919,1.3513513513513544,1.689189189189186,2.3648648648648702,0.6756756756756843,2.0270270270270316
1577,DIE LINKE,1750,19,0.0,0.0,2.513039355144619,0.0,0.0,2.927927927927931,1.7069701280227676,5.28093883357041,0.3022759601707037,1.7780938833570303,5.387624466571836,0.6223328591749677,1.3513513513513615,1.689189189189186,5.067567567567572,0.0,6.418918918918926,3.0405405405405403
2414,bunt.saar,1750,19,1.0,1.0,5.482456140350878,1.0,1.0,8.108108108108107,4.356330014224753,1.0490753911806578,10.668563300142253,1.3869132290184893,7.965860597439544,7.46799431009957,8.108108108108105,1.689189189189193,10.13513513513513,12.162162162162161,6.418918918918905,10.135135135135144
835,SPD,1750,19,1.0,1.0,3.3131816026552863,1.0,1.0,1.5202702702702677,2.0981507823613086,0.32005689900426404,11.735419630156471,0.32005689900427114,2.400426742531998,3.0049786628734054,2.364864864864856,0.0,0.6756756756756701,2.702702702702709,1.3513513513513544,2.0270270270270174
4756,bunt.saar,1750,19,0.0,1.0,3.609530583214793,0.0,0.0,2.027027027027026,1.689189189189186,0.5156472261735416,5.387624466571829,2.258179231863444,2.916073968705547,8.890469416785209,1.0135135135135087,2.0270270270270316,3.378378378378372,3.0405405405405332,1.689189189189193,1.0135135135135158
5147,FDP,1750,19,0.0,0.0,3.5176623992413454,0.0,0.0,3.8288288288288306,3.9295874822190555,2.5248933143669916,4.267425320056894,8.232574679943106,0.8712660028449548,1.2802275960170704,0.6756756756756701,3.0405405405405475,5.743243243243249,4.391891891891895,6.081081081081074,3.0405405405405475
377,FDP,1750,19,1.0,1.0,3.7606685633001455,1.0,1.0,1.6328828828828794,6.667852062588906,3.307254623044102,1.2091038406827934,4.391891891891902,1.1557610241820768,5.832147937411094,1.0135135135135016,0.3378378378378315,2.3648648648648702,1.3513513513513402,3.378378378378379,1.3513513513513544
5222,Die Grünen,1750,19,1.0,0.0,5.9655049786628735,1.0,0.0,2.3648648648648654,0.604551920341386,10.348506401137975,2.3648648648648702,1.4935988620199083,10.152916073968711,10.828591749644389,3.0405405405405403,1.0135135135135158,0.3378378378378386,4.729729729729726,0.3378378378378386,4.729729729729733
2963,Die Grünen,1750,19,1.0,0.0,4.2407539118065385,1.0,1.0,1.126126126126124,1.795874822190612,5.2275960170697005,1.5825035561877598,2.115931721194869,11.966571834992877,2.7560455192034112,1.689189189189193,0.6756756756756701,0.0,0.6756756756756843,3.0405405405405332,0.675675675675663
1394,CDU,1750,19,1.0,0.0,4.12814129919393,1.0,0.0,2.1396396396396375,2.2048364153627347,9.77951635846373,2.187055476529153,1.5647226173541924,1.4580369843527734,7.574679943100996,1.689189189189193,1.689189189189186,0.3378378378378315,3.378378378378379,4.729729729729726,1.0135135135135087
641,Die Grünen,1750,19,0.0,0.0,6.848624940730204,1.0,1.0,2.2522522522522537,0.7112375533428192,0.7467994310099471,12.606685633001433,3.1116642958748173,17.354196301564734,6.561166429587473,0.675675675675663,0.3378378378378386,4.7297297297297405,2.364864864864863,4.7297297297297405,0.6756756756756772
1840,FDP,1750,19,1.0,1.0,5.357989568515882,1.0,1.0,2.1396396396396384,4.267425320056894,4.87197724039828,4.711948790896152,7.681365576102436,4.587482219061165,6.027738264580364,1.689189189189186,3.7162162162162176,3.378378378378372,0.3378378378378386,1.0135135135135158,2.7027027027027017
1402,FDP,1750,19,0.0,0.0,4.098506401137982,0.0,1.0,1.9144144144144128,4.17852062588905,1.4224751066856385,1.902560455192031,12.748933143669987,0.3378378378378386,4.000711237553347,2.3648648648648702,2.364864864864856,2.0270270270270245,0.0,2.364864864864856,2.3648648648648702
4241,FDP,1750,19,1.0,1.0,1.9262683736367958,1.0,1.0,2.4211711711711708,3.5028449502133725,0.426742532005683,4.036273115220489,2.9338549075391214,0.5156472261735487,0.142247510668561,3.0405405405405475,1.689189189189186,1.3513513513513544,2.0270270270270174,3.7162162162162176,2.7027027027027017
4125,FDP,1750,19,0.0,1.0,6.327050734945473,1.0,1.0,1.8018018018018023,6.863442389758184,3.6450924608819406,7.112375533428157,10.579658605974402,7.788051209103841,1.973684210526315,1.0135135135135087,1.3513513513513615,0.0,1.0135135135135016,5.405405405405411,2.0270270270270316
1155,CDU,1750,19,1.0,0.0,5.556543385490755,1.0,0.0,1.0698198198198188,2.631578947368425,3.1116642958748244,6.454480796586061,7.201280227596023,8.445945945945944,5.494310099573255,1.0135135135135087,1.3513513513513473,0.3378378378378386,1.689189189189193,1.3513513513513473,0.6756756756756772
3922,FDP,1750,19,1.0,1.0,3.2983641536273125,1.0,1.0,3.4346846846846844,5.138691322901856,0.2489331436699871,1.1557610241820768,0.4800853485063925,11.077524893314376,1.689189189189186,3.7162162162162176,0.6756756756756772,3.0405405405405403,4.391891891891888,4.729729729729733,4.054054054054049
4674,FDP,1750,19,1.0,1.0,3.6480559506875316,1.0,1.0,1.8018018018017987,4.640825035561882,1.0490753911806578,4.943100995732571,2.8982930298719793,6.418918918918919,1.9381223328591801,2.7027027027026946,1.689189189189193,0.6756756756756772,3.378378378378372,2.0270270270270245,0.3378378378378315
905,bunt.saar,1750,19,1.0,1.0,5.689900426742535,1.0,1.0,2.5337837837837838,1.653627311522051,2.809388335704128,8.463726884779526,4.071834992887624,11.504267425320059,5.636557610241823,1.0135135135135158,0.6756756756756772,0.6756756756756772,3.7162162162162176,5.067567567567565,4.054054054054049
4498,FDP,1750,19,1.0,1.0,6.211474632527268,1.0,1.0,2.984234234234235,5.2275960170697005,3.876244665718346,8.445945945945951,7.62802275960172,5.316500711237566,6.774537695590325,2.0270270270270245,2.364864864864863,5.067567567567572,2.0270270270270316,3.378378378378379,3.0405405405405403
3094,bunt.saar,1750,19,1.0,0.0,4.557847321005217,1.0,1.0,1.7454954954955006,1.831436699857747,2.9871977240398238,10.97083926031295,0.8712660028449477,7.005689900426745,3.6806543385490897,1.3513513513513544,1.013513513513523,2.0270270270270316,3.7162162162162105,0.3378378378378528,2.0270270270270316
2621,SPD,1750,19,0.0,0.0,5.962541488857277,1.0,0.0,1.8018018018017976,3.236130867709818,0.49786628733995997,10.49075391180655,4.320768136557611,9.281650071123742,7.948079658605984,0.675675675675663,1.689189189189193,1.3513513513513473,1.3513513513513473,2.364864864864856,3.378378378378379
4963,bunt.saar,1750,19,1.0,1.0,3.2420578473210058,1.0,0.0,1.5202702702702702,4.836415362731152,2.738264580369851,1.760312944523477,1.2802275960170704,4.356330014224746,4.480796586059739,1.689189189189186,0.3378378378378386,3.378378378378372,0.3378378378378386,2.3648648648648702,1.0135135135135158
3985,bunt.saar,1750,19,1.0,0.0,3.769559032716925,1.0,1.0,0.563063063063062,0.08890469416785152,2.4537695590327075,9.921763869132292,4.889758179231862,0.7112375533428121,4.551920341394023,0.3378378378378386,1.0135135135135158,1.0135135135135016,0.0,0.0,1.0135135135135158
1227,DIE LINKE,1750,19,1.0,0.0,1.7988383119962112,1.0,0.0,3.265765765765766,0.17780938833571014,1.9914651493598896,0.2489331436699942,0.3911806543385552,5.494310099573255,2.489331436699864,1.0135135135135158,0.6756756756756701,5.067567567567565,1.3513513513513473,5.743243243243249,5.743243243243249
4058,FDP,1750,19,1.0,1.0,5.1120199146514915,1.0,0.0,1.1261261261261264,7.485775248933145,2.4537695590327147,3.9295874822190555,5.0853485064011394,5.067567567567565,6.650071123755332,0.3378378378378457,2.702702702702709,1.0135135135135087,0.0,0.3378378378378315,2.364864864864863
1805,CDU,1750,19,1.0,1.0,2.776789947842578,0.0,1.0,2.646396396396399,1.546941678520632,5.138691322901842,1.2268847795163538,2.5248933143669916,5.974395448079662,0.2489331436699871,4.729729729729726,0.6756756756756843,1.3513513513513544,5.743243243243249,2.3648648648648702,1.0135135135135087
1765,SPD,1750,19,0.0,0.0,2.1277856804172615,0.0,0.0,2.139639639639641,1.7425320056899025,4.160739687055475,1.3335704125177799,2.8982930298719793,0.35561877667140607,2.275960170697026,5.743243243243249,0.0,0.6756756756756701,2.3648648648648702,1.0135135135135087,3.0405405405405475
4762,CDU,1750,19,1.0,1.0,3.6480559506875303,1.0,1.0,1.6328828828828843,1.1379800853485023,1.0490753911806578,5.103129445234707,5.316500711237566,4.338549075391178,4.943100995732571,1.0135135135135158,1.013513513513523,1.3513513513513544,1.3513513513513402,2.0270270270270316,3.0405405405405403
684,Die Grünen,1750,19,1.0,1.0,5.411332385016586,1.0,1.0,0.5067567567567591,3.627311522048366,1.0846372688477857,9.939544807965845,3.3961593172119393,7.183499288762434,7.23684210526315,0.6756756756756772,0.6756756756756914,0.3378378378378386,0.3378378378378315,0.6756756756756772,0.3378378378378386
3960,bunt.saar,1750,19,1.0,1.0,3.686581318160267,0.0,1.0,1.0698198198198234,0.9068278805120897,2.791607396870546,6.009957325746797,0.7290184921763867,7.290184921763881,4.391891891891902,1.0135135135135087,0.0,0.0,0.6756756756756772,3.0405405405405475,1.6891891891892072
266,CDU,1750,19,1.0,1.0,5.719535324798483,1.0,1.0,2.759009009009007,1.1201991465149348,4.836415362731152,9.388335704125183,1.6358463726884764,6.667852062588906,10.668563300142246,0.0,0.3378378378378386,4.391891891891888,3.378378378378372,3.378378378378379,5.067567567567565
618,Die Grünen,1750,19,1.0,0.0,7.788051209103838,1.0,1.0,1.6328828828828819,1.6358463726884764,5.156472261735409,6.703413940256041,6.063300142247506,17.923186344238978,9.246088193456615,0.3378378378378386,0.0,3.7162162162162105,1.3513513513513544,2.702702702702709,1.6891891891891788
2562,CDU,1750,19,1.0,0.0,6.3063063063063085,1.0,0.0,2.815315315315319,0.9601706970128063,0.9779516358463738,10.757467994310097,5.4765291607396875,11.842105263157897,7.82361308677099,3.0405405405405546,0.3378378378378386,3.0405405405405403,0.6756756756756772,5.743243243243242,4.054054054054063
146,FDP,1750,19,0.0,1.0,3.6599099099099077,1.0,1.0,1.632882882882883,5.28093883357041,0.7467994310099613,4.320768136557604,7.930298719772395,2.1692745376955926,1.511379800853483,2.0270270270270245,1.689189189189186,1.689189189189193,0.3378378378378386,2.7027027027027017,1.3513513513513544
3804,SPD,1750,19,1.0,0.0,5.295756282598391,1.0,0.0,4.560810810810811,1.6002844950213486,5.316500711237566,8.588193456614498,1.5291607396870575,6.401137980085345,8.339260312944532,1.689189189189186,4.054054054054063,4.391891891891888,5.743243243243235,5.067567567567565,6.4189189189189335
4749,bunt.saar,1750,19,1.0,0.0,4.2051920341394,0.0,0.0,2.646396396396394,5.921052631578952,3.6095305832147915,2.9338549075391214,2.1692745376955855,6.899004267425312,3.698435277382636,1.0135135135135087,0.6756756756756701,2.702702702702709,3.0405405405405332,3.378378378378379,5.067567567567565
4959,CDU,1750,19,0.0,0.0,6.205547652916074,0.0,0.0,3.3783783783783754,3.9118065433855023,5.298719772403977,6.027738264580371,13.051209103840677,5.689900426742533,3.2539118065433854,1.0135135135135087,2.0270270270270316,5.4054054054054035,4.054054054054049,2.7027027027026946,5.067567567567565
4230,Die Grünen,1750,19,0.0,0.0,5.84696538643907,1.0,1.0,1.2387387387387438,1.0668563300142253,1.3335704125177799,8.641536273115221,4.67638691322901,12.748933143669987,6.614509246088197,1.689189189189193,2.702702702702709,0.3378378378378386,1.013513513513523,1.3513513513513544,0.3378378378378457
4388,SPD,1750,19,0.0,0.0,6.762683736367944,1.0,1.0,1.0135135135135147,0.17780938833571014,5.1031294452347,14.793741109530586,5.7254623044096675,6.916785206258886,7.859174964438118,2.0270270270270245,1.013513513513523,1.0135135135135087,1.0135135135135087,0.3378378378378386,0.6756756756756843
2581,CDU,1750,19,1.0,0.0,5.8440018966334755,1.0,0.0,1.2950450450450457,0.37339971550498063,9.815078236130866,1.5291607396870575,3.7517780938833525,11.984352773826451,7.610241820768145,0.3378378378378386,2.0270270270270245,2.702702702702709,0.6756756756756701,0.3378378378378386,1.689189189189193
4770,CDU,1750,19,1.0,1.0,4.107396870554765,1.0,1.0,3.15315315315315,5.565433854907539,4.463015647226179,4.356330014224753,5.8321479374110865,0.7290184921763867,3.698435277382643,0.6756756756756701,0.6756756756756772,6.081081081081081,0.3378378378378386,5.405405405405396,5.743243243243235
3870,DIE LINKE,1750,19,1.0,1.0,4.368183973447131,1.0,1.0,2.0270270270270245,0.5156472261735487,2.8449502133712485,5.938833570412527,3.307254623044095,9.512802275960176,4.089615931721191,1.689189189189186,2.364864864864856,1.0135135135135158,5.067567567567572,2.0270270270270174,0.0
3919,bunt.saar,1750,19,1.0,1.0,2.634542437174017,1.0,1.0,0.844594594594593,0.07112375533427695,2.044807965860592,4.480796586059739,1.9381223328591801,2.0803698435277482,5.1920341394025655,0.6756756756756772,0.3378378378378386,1.3513513513513544,1.0135135135135087,0.3378378378378386,1.3513513513513402
1371,FDP,1750,19,1.0,0.0,4.480796586059744,1.0,1.0,0.5067567567567602,2.738264580369851,0.4978662873399671,8.570412517780944,1.8669985775248819,6.152204836415358,7.059032716927462,0.3378378378378386,0.6756756756756772,0.3378378378378386,0.6756756756756914,0.3378378378378315,0.6756756756756843
2401,bunt.saar,1750,19,1.0,1.0,1.558795637743008,1.0,0.0,3.2094594594594574,0.9779516358463738,0.3022759601707037,1.3869132290184822,0.5334281650071233,4.516358463726888,1.6358463726884764,1.689189189189193,2.0270270270270174,5.743243243243228,1.3513513513513615,3.378378378378379,5.067567567567565
701,bunt.saar,1750,19,1.0,0.0,5.147581792318633,1.0,0.0,6.137387387387384,2.435988620199147,9.83285917496444,2.7027027027026946,4.943100995732571,10.472972972972968,0.4978662873399742,4.054054054054056,6.756756756756758,6.418918918918912,2.7027027027027017,8.108108108108098,8.783783783783775
3098,CDU,1750,19,1.0,1.0,4.937174016121386,1.0,1.0,1.8018018018018,0.9246088193456643,5.03200568990043,6.205547652916081,0.6934566145092447,9.050497866287337,7.716927453769557,2.364864864864856,3.378378378378379,1.0135135135135087,2.0270270270270245,0.6756756756756843,1.3513513513513473
1360,bunt.saar,1750,19,1.0,0.0,3.3635609293504047,0.0,0.0,2.0833333333333273,0.8001422475106708,2.293741109530579,6.276671408250358,2.5426742532005733,4.249644381223341,4.018492176386907,3.7162162162162176,3.0405405405405332,1.0135135135135087,1.689189189189186,2.0270270270270174,1.0135135135135016
4535,FDP,1750,19,0.0,0.0,2.3589378852536775,1.0,0.0,1.1824324324324327,5.565433854907539,2.7560455192034112,0.5334281650071233,4.338549075391185,0.9068278805120897,0.053342816500716594,0.3378378378378315,1.3513513513513473,0.6756756756756772,2.0270270270270316,0.3378378378378386,2.3648648648648702
4853,CDU,1750,19,0.0,0.0,6.590801327643432,0.0,1.0,3.1531531531531556,2.2403982930298625,8.694879089615931,5.778805120910384,1.1024182076813602,13.086770981507833,8.641536273115221,2.3648648648648702,2.364864864864863,2.3648648648648702,4.729729729729733,3.7162162162162176,3.378378378378379
1640,DIE LINKE,1750,19,0.0,1.0,2.901256519677568,0.0,0.0,4.560810810810811,4.089615931721191,4.498577524893307,0.1422475106685539,3.165007112375534,2.7027027027026946,2.809388335704128,2.0270270270270245,2.364864864864856,6.756756756756758,1.689189189189186,6.756756756756772,7.770270270270274
4559,bunt.saar,1750,19,1.0,1.0,4.362256993835939,1.0,1.0,1.91441441441442,0.3911806543385481,1.0846372688477857,7.734708392603139,7.201280227596023,4.87197724039828,4.889758179231862,1.689189189189186,0.6756756756756914,2.702702702702709,2.0270270270270316,1.689189189189193,2.702702702702709
2894,FDP,1750,19,1.0,0.0,2.5752726410621136,0.0,1.0,1.8018018018018023,3.058321479374108,0.9779516358463738,2.8271692745377024,2.0981507823613015,1.0312944523470762,5.45874822190612,0.3378378378378386,1.3513513513513473,3.0405405405405403,1.689189189189193,0.3378378378378386,4.054054054054056
1605,FDP,1750,19,1.0,1.0,7.438359412043623,1.0,1.0,1.2387387387387367,8.001422475106693,1.440256045519206,5.867709815078236,10.081792318634413,8.961593172119493,10.277382645803698,2.3648648648648702,1.0135135135135087,1.0135135135135087,1.3513513513513402,0.3378378378378386,1.3513513513513544
863,FDP,1750,19,0.0,0.0,2.255215742057851,0.0,1.0,3.547297297297302,1.5469416785206391,3.378378378378379,0.3022759601707037,6.152204836415365,1.6714082503556185,0.4800853485063996,2.702702702702709,2.702702702702709,3.0405405405405475,4.054054054054063,4.054054054054056,4.729729729729726
4253,Die Grünen,1750,19,1.0,1.0,5.301683262209579,1.0,1.0,1.6891891891891895,3.627311522048366,4.054054054054063,5.956614509246094,4.765291607396868,5.832147937411094,7.574679943100989,1.3513513513513473,0.6756756756756914,0.0,4.054054054054049,1.6891891891891788,2.3648648648648702
2279,FDP,1750,19,0.0,1.0,4.8690137505927,1.0,1.0,3.6036036036036023,3.2183499288762576,6.169985775248932,5.26315789473685,6.934566145092461,1.5647226173541924,6.063300142247506,2.364864864864856,4.729729729729726,4.054054054054056,0.6756756756756843,4.391891891891888,5.4054054054054035
3766,FDP,1750,19,0.0,1.0,4.714912280701758,0.0,1.0,4.560810810810813,3.627311522048373,5.974395448079662,4.587482219061165,3.0049786628734054,10.419630156472266,0.6756756756756772,0.0,6.4189189189189335,5.4054054054054035,2.0270270270270316,5.405405405405396,8.108108108108112
3528,DIE LINKE,1750,19,1.0,1.0,6.59080132764343,1.0,1.0,2.759009009009008,7.3790896159317185,7.645803698435266,2.578236130867701,4.836415362731152,16.02062588904694,1.0846372688477999,0.6756756756756843,5.4054054054054035,1.689189189189186,0.0,6.756756756756751,2.0270270270270245
4537,FDP,1750,19,1.0,0.0,3.301327643432907,1.0,1.0,1.8581081081081123,3.8940256045519206,3.769559032716927,3.02275960170698,4.658605974395449,3.59174964438121,0.8712660028449548,3.378378378378379,1.3513513513513544,1.013513513513523,0.3378378378378386,2.3648648648648702,2.702702702702709
4319,SPD,1750,19,1.0,0.0,2.847913703176862,1.0,0.0,2.5900900900900936,4.747510668563301,0.35561877667140607,3.662873399715508,3.9118065433855023,0.07112375533426984,4.338549075391185,0.6756756756756843,4.729729729729733,3.0405405405405332,1.689189189189193,3.378378378378386,2.0270270270270316
1913,FDP,1750,19,0.0,1.0,6.658961593172123,0.0,1.0,4.166666666666669,0.8001422475106708,2.2048364153627347,5.974395448079662,7.21906116642959,14.43812233285918,9.317211948790899,7.432432432432435,0.3378378378378386,4.054054054054063,1.689189189189186,4.391891891891895,7.0945945945945965
5218,Die Grünen,1750,19,0.0,0.0,4.780109056424845,0.0,0.0,7.713963963963965,2.044807965860592,0.9246088193456643,5.476529160739673,3.485064011379805,13.264580369843529,3.485064011379805,5.405405405405411,2.0270270270270316,8.783783783783775,8.445945945945944,12.500000000000007,9.121621621621621
1535,FDP,1750,19,0.0,1.0,3.8080844001896614,1.0,1.0,1.970720720720723,2.471550497866282,2.720483641536269,2.6671408250355597,4.818634423897571,6.276671408250365,3.8940256045519206,3.0405405405405475,1.3513513513513473,1.0135135135135087,4.729729729729733,0.6756756756756843,1.0135135135135158
2969,bunt.saar,1750,19,1.0,1.0,5.787695590327162,1.0,1.0,2.252252252252255,5.494310099573255,5.032005689900423,6.845661450924595,0.8712660028449477,12.926742532005676,3.556187766714075,2.0270270270270245,2.0270270270270316,2.702702702702709,4.729729729729733,1.689189189189193,0.3378378378378386
1302,CDU,1750,19,1.0,1.0,2.36190137505927,1.0,1.0,1.745495495495497,2.8627311522048444,0.426742532005683,2.2048364153627347,4.943100995732571,3.0049786628733983,0.7290184921763867,2.0270270270270316,0.3378378378378386,3.378378378378379,1.3513513513513544,0.0,3.378378378378379
779,DIE LINKE,1750,19,1.0,0.0,2.841986723565667,1.0,0.0,3.3220720720720736,2.0981507823613086,0.26671408250355455,2.0981507823613086,3.520625889046933,6.61450924608819,2.4537695590327075,3.378378378378379,1.689189189189193,4.729729729729726,0.0,4.7297297297297405,5.4054054054054035
476,Die Grünen,1750,19,0.0,0.0,4.424490279753436,1.0,0.0,0.9572072072072023,0.6756756756756772,3.94736842105263,4.018492176386907,3.5028449502133725,9.45945945945946,4.943100995732571,2.0270270270270245,1.0135135135135087,0.675675675675663,0.3378378378378315,0.3378378378378386,1.3513513513513473
4584,SPD,1750,19,1.0,0.0,7.708036984352777,1.0,1.0,3.2094594594594574,6.36557610241821,8.090327169274545,10.988620199146517,6.205547652916081,5.992176386913229,8.60597439544808,2.7027027027027017,0.0,3.378378378378372,5.405405405405411,5.405405405405389,2.3648648648648702
2502,SPD,1750,19,0.0,0.0,8.351114272166903,0.0,0.0,5.4054054054054035,3.3961593172119535,6.13442389758179,10.597439544807962,6.490042674253203,12.32219061166429,11.16642958748222,6.418918918918926,2.364864864864863,6.081081081081074,6.756756756756751,5.743243243243242,5.067567567567565
4972,CDU,1750,19,1.0,0.0,3.4346846846846866,1.0,1.0,1.5202702702702713,0.46230440967282505,1.831436699857747,2.987197724039838,10.846372688477949,0.2489331436699942,4.231863442389766,1.3513513513513544,2.7027027027027017,1.013513513513523,1.3513513513513473,2.7027027027027017,0.0
2025,CDU,1750,19,1.0,0.0,3.7517780938833574,1.0,1.0,1.5202702702702713,6.223328591749642,3.09388335704125,2.773826458036986,1.795874822190612,7.485775248933145,1.1379800853485094,0.3378378378378315,1.689189189189193,2.7027027027027017,3.7162162162162176,0.3378378378378386,0.3378378378378457
3778,DIE LINKE,1750,19,0.0,1.0,1.6565908013276431,0.0,1.0,2.1396396396396384,0.32005689900426404,2.9694167852062563,1.831436699857747,1.8847795163584706,2.0625889046941666,0.8712660028449548,2.3648648648648702,2.0270270270270245,1.689189189189186,3.7162162162162176,3.0405405405405332,0.0
1691,DIE LINKE,1750,19,0.0,1.0,4.5133949739212875,0.0,0.0,2.871621621621619,3.6450924608819335,6.472261735419622,9.672830725462298,0.6578947368421026,3.8229018492176436,2.809388335704128,0.6756756756756701,1.3513513513513402,4.391891891891902,2.364864864864863,3.0405405405405332,5.4054054054054035
1560,FDP,1750,19,1.0,1.0,4.501541014698909,1.0,1.0,0.7882882882882866,6.241109530583209,0.9068278805120897,1.831436699857747,3.2894736842105345,11.006401137980085,3.733997155049792,0.3378378378378386,2.364864864864863,1.3513513513513473,0.3378378378378386,0.0,0.3378378378378315
1453,DIE LINKE,1750,19,0.0,0.0,6.24407302038881,1.0,1.0,1.6328828828828807,0.2489331436699942,1.7247510668563208,12.108819345661445,3.9295874822190626,12.179943100995736,7.2724039829302995,0.3378378378378457,1.0135135135135016,1.3513513513513473,1.0135135135135158,3.7162162162162176,2.364864864864856
417,SPD,1750,19,1.0,0.0,2.6730678046467466,1.0,0.0,1.6328828828828819,0.49786628733995997,2.329302987197721,5.636557610241823,4.19630156472261,0.7467994310099471,2.6315789473684177,2.364864864864856,0.3378378378378386,0.6756756756756772,1.0135135135135158,2.702702702702709,2.7027027027026946
4658,FDP,1750,19,1.0,1.0,5.8499288762446655,1.0,1.0,1.0698198198198199,6.970128022759603,7.432432432432435,5.423186344238971,7.076813655761022,0.3378378378378386,7.859174964438125,1.3513513513513402,1.0135135135135158,0.0,0.3378378378378386,0.3378378378378386,3.378378378378386
2248,FDP,1750,19,1.0,1.0,3.0672119487908986,1.0,1.0,2.7590090090090142,7.201280227596023,4.9075391180654435,3.0405405405405403,0.7290184921763796,0.7112375533428192,1.8136557610241866,1.013513513513523,2.3648648648648702,4.054054054054056,4.054054054054063,0.0,5.067567567567572
3214,DIE LINKE,1750,19,1.0,0.0,2.963489805595072,0.0,0.0,3.7162162162162153,3.0405405405405403,0.604551920341386,1.0846372688477999,6.436699857752494,6.081081081081088,0.5334281650071233,3.378378378378372,2.3648648648648702,5.067567567567565,2.3648648648648702,3.378378378378372,5.743243243243242
1962,FDP,1750,19,1.0,1.0,4.436344238975814,1.0,0.0,1.8018018018017976,5.298719772403977,1.1735419630156443,1.2091038406827934,13.780227596017063,3.236130867709811,1.9203413940255984,0.0,0.6756756756756701,1.0135135135135087,3.7162162162162105,3.0405405405405332,2.364864864864863
2035,bunt.saar,1750,19,1.0,0.0,3.9236605026078686,1.0,1.0,3.0968468468468466,3.485064011379805,1.5291607396870575,4.605263157894733,4.391891891891895,5.8321479374110865,3.698435277382636,1.3513513513513473,5.743243243243242,3.0405405405405332,2.702702702702709,5.067567567567572,0.6756756756756772
4875,bunt.saar,1750,19,1.0,1.0,1.9173779042200063,1.0,1.0,0.7882882882882866,1.831436699857747,2.0981507823613015,0.6045519203413932,4.996443812233281,1.1735419630156514,0.8001422475106637,0.3378378378378386,0.0,0.3378378378378386,0.3378378378378315,2.3648648648648702,1.3513513513513402
4231,CDU,1750,19,0.0,0.0,4.427453769559037,1.0,1.0,2.5337837837837847,3.1472261735419664,0.17780938833571014,6.009957325746804,3.769559032716927,13.21123755334282,0.2489331436699942,3.378378378378372,3.0405405405405475,1.0135135135135158,3.0405405405405403,2.0270270270270316,2.7027027027027017
1731,FDP,1750,19,0.0,1.0,2.7027027027026995,0.0,1.0,3.9977477477477463,0.7645803698435216,0.49786628733995997,1.0668563300142253,3.876244665718353,7.823613086770983,2.187055476529153,4.054054054054049,4.729729729729726,4.054054054054056,1.3513513513513615,3.7162162162162105,6.081081081081074
1289,FDP,1750,19,1.0,1.0,3.7162162162162153,0.0,1.0,1.5202702702702737,2.3648648648648702,0.8179231863442382,6.934566145092461,1.8669985775248819,6.169985775248932,4.142958748221908,1.689189189189193,1.3513513513513615,1.0135135135135087,0.3378378378378528,1.689189189189193,3.0405405405405332
492,Die Grünen,1750,19,0.0,0.0,5.669155998103371,1.0,0.0,1.5202702702702713,2.9338549075391214,3.94736842105263,9.975106685633016,5.938833570412527,8.232574679943106,2.9871977240398238,0.3378378378378386,1.689189189189186,3.378378378378386,0.0,2.3648648648648702,1.3513513513513473
132,Die Grünen,1750,19,0.0,1.0,5.109056424845897,0.0,1.0,3.5472972972973005,0.9957325746799484,0.12446657183498644,7.89473684210526,5.707681365576107,10.401849217638691,5.52987197724039,2.7027027027027017,2.3648648648648702,6.081081081081081,4.054054054054056,4.054054054054063,2.0270270270270316
996,bunt.saar,1750,19,1.0,0.0,9.12754860123281,1.0,1.0,0.5630630630630703,0.3378378378378386,9.228307254623047,7.005689900426745,8.428165007112373,19.02560455192034,10.739687055476523,0.3378378378378386,0.3378378378378386,0.6756756756756914,0.6756756756756843,0.6756756756756772,0.6756756756756914
1561,FDP,1750,19,1.0,0.0,2.972380275011852,1.0,0.0,2.9279279279279264,0.8357041251778057,3.94736842105263,1.6714082503556185,2.0981507823613086,6.952347083926028,2.329302987197721,6.756756756756758,2.7027027027026946,1.013513513513523,5.743243243243235,0.6756756756756772,0.6756756756756701
2704,Die Grünen,1750,19,0.0,0.0,3.0316500711237566,1.0,1.0,3.7162162162162153,7.112375533428171,2.00924608819345,2.951635846372696,3.0405405405405403,1.2446657183499354,1.831436699857747,3.0405405405405475,3.378378378378379,3.7162162162162105,2.364864864864863,5.067567567567565,4.729729729729726
1411,bunt.saar,1750,19,1.0,0.0,7.826576576576575,1.0,0.0,3.0405405405405403,7.930298719772395,1.4935988620199083,12.802275960170697,4.623044096728307,13.72688477951636,6.383357041251784,0.3378378378378386,1.0135135135135158,6.418918918918919,1.3513513513513544,5.067567567567565,4.054054054054049
4113,Die Grünen,1750,19,0.0,1.0,2.7619724988146004,1.0,1.0,3.4346846846846844,1.7780938833570303,2.0803698435277482,6.169985775248932,3.271692745376953,2.4537695590327075,0.8179231863442311,1.0135135135135087,0.3378378378378386,5.4054054054054035,1.3513513513513544,5.4054054054054035,7.0945945945945965
1744,CDU,1750,19,1.0,1.0,4.869013750592693,1.0,1.0,3.4346846846846852,6.845661450924595,3.59174964438121,5.2275960170697005,7.0945945945945965,3.7873399715504945,2.6671408250355597,1.689189189189193,2.0270270270270316,5.067567567567572,2.702702702702709,4.054054054054042,5.067567567567565
1675,Die Grünen,1750,19,1.0,0.0,4.7504741583688945,0.0,1.0,1.632882882882883,2.5426742532005733,5.565433854907539,1.3513513513513473,6.7745376955903325,11.255334281650065,1.0135135135135087,0.6756756756756772,2.7027027027027017,0.3378378378378386,3.0405405405405403,2.702702702702709,0.3378378378378315
4210,SPD,1750,19,0.0,0.0,7.3050023707918434,0.0,0.0,4.560810810810811,2.8449502133712556,3.4317211948790884,12.517780938833575,3.662873399715501,10.633001422475111,10.73968705547653,4.729729729729733,0.3378378378378386,7.770270270270274,2.7027027027026946,5.405405405405411,6.418918918918919
5041,bunt.saar,1750,19,0.0,0.0,7.476884779516358,0.0,0.0,4.7860360360360374,1.0135135135135087,6.258890469416791,10.08179231863442,4.480796586059739,9.192745376955905,13.833570412517787,5.405405405405411,3.7162162162162176,2.364864864864863,7.0945945945945965,2.7027027027027017,7.432432432432435
2488,FDP,1750,19,0.0,1.0,6.270744428639166,1.0,1.0,2.3648648648648667,10.08179231863442,8.410384068278809,5.547652916073972,3.378378378378372,6.721194879089616,3.485064011379805,2.364864864864863,0.3378378378378386,5.405405405405411,3.0405405405405475,1.3513513513513544,1.689189189189186
4568,FDP,1750,19,1.0,1.0,3.3368895211000478,1.0,1.0,1.7454954954954935,2.9694167852062563,0.21337126600283796,5.1209103840682815,2.738264580369851,7.147937411095306,1.831436699857754,1.0135135135135087,0.3378378378378386,2.0270270270270316,1.3513513513513402,3.378378378378379,2.364864864864863
640,bunt.saar,1750,19,0.0,0.0,5.396514935988622,0.0,0.0,3.490990990990992,2.7560455192034112,5.138691322901856,5.583214793741114,1.1735419630156443,9.495021337126602,8.232574679943106,5.743243243243235,1.3513513513513473,1.689189189189193,5.405405405405411,2.0270270270270316,4.729729729729733
3097,SPD,1750,19,1.0,1.0,5.56247036510194,1.0,1.0,2.0833333333333357,3.8584637268847715,11.397581792318633,8.748221906116648,1.3869132290184822,1.5291607396870432,6.454480796586061,0.6756756756756772,3.0405405405405403,1.689189189189193,0.6756756756756843,5.4054054054054035,1.0135135135135158
1931,bunt.saar,1750,19,1.0,0.0,3.271692745376953,1.0,0.0,2.7590090090090094,1.5647226173541924,7.254623044096725,1.2268847795163538,3.0405405405405403,5.494310099573248,1.0490753911806578,1.0135135135135158,0.6756756756756772,5.743243243243249,2.0270270270270245,4.391891891891895,2.7027027027026946
1832,bunt.saar,1750,19,1.0,1.0,4.498577524893316,1.0,1.0,1.4076576576576574,1.4580369843527734,6.614509246088197,5.796586059743959,1.9914651493598896,5.832147937411094,5.2987197724039845,0.3378378378378386,1.689189189189186,0.3378378378378386,1.3513513513513544,0.3378378378378386,4.391891891891888
2062,CDU,1750,19,1.0,1.0,2.4685870080606898,1.0,1.0,0.9009009009009029,2.3826458036984306,2.86273115220483,2.951635846372689,3.022759601706973,3.2894736842105274,0.3022759601706895,1.01351351351353,1.0135135135135087,1.0135135135135158,1.0135135135135016,0.3378378378378386,1.013513513513523
2100,DIE LINKE,1750,19,1.0,0.0,2.788643907064961,0.0,0.0,1.9707207207207205,5.174253200568991,1.262446657183503,1.4580369843527734,6.525604551920338,1.5291607396870575,0.7823613086771033,1.3513513513513473,0.3378378378378386,1.689189189189186,2.364864864864863,1.0135135135135158,5.067567567567572
671,SPD,1750,19,0.0,0.0,3.5561877667140833,0.0,0.0,2.4774774774774806,2.809388335704128,2.6671408250355597,3.413940256045514,2.329302987197721,10.06401137980086,0.053342816500716594,2.7027027027027017,3.0405405405405475,0.0,6.418918918918926,0.3378378378378386,2.3648648648648702
3195,bunt.saar,1750,19,0.0,0.0,4.397818871503081,0.0,0.0,5.461711711711714,5.796586059743959,4.889758179231862,5.494310099573255,4.711948790896166,3.3605974395447973,2.1337126600284506,5.4054054054054035,4.729729729729726,9.797297297297305,4.054054054054056,2.702702702702709,6.081081081081081
909,FDP,1750,19,1.0,0.0,4.59637268847795,1.0,1.0,2.984234234234234,8.197012802275957,0.9246088193456643,6.152204836415358,3.236130867709818,5.832147937411094,3.236130867709811,1.689189189189186,2.3648648648648702,1.689189189189186,5.067567567567565,2.7027027027027017,4.391891891891895
5056,FDP,1750,19,1.0,0.0,4.237790422000948,1.0,1.0,5.123873873873873,7.432432432432435,0.2844950213371291,4.338549075391178,5.032005689900423,0.9779516358463738,7.361308677098151,0.0,4.391891891891881,8.445945945945951,3.378378378378372,7.770270270270274,6.756756756756765
3779,bunt.saar,1750,19,1.0,0.0,3.5146989094357473,1.0,0.0,1.8581081081081077,1.404694167852064,3.058321479374108,7.307965860597427,2.7916073968705533,4.658605974395449,1.8669985775248819,2.702702702702709,0.3378378378378386,0.6756756756756772,2.0270270270270174,2.0270270270270316,3.378378378378372
4802,CDU,1750,19,1.0,1.0,2.616761498340446,1.0,0.0,2.364864864864863,1.7069701280227676,4.960881934566139,4.142958748221901,0.32005689900426404,4.107396870554773,0.46230440967283215,0.3378378378378386,1.689189189189186,2.3648648648648702,3.0405405405405332,3.378378378378372,3.378378378378379
3727,Die Grünen,1750,19,1.0,0.0,5.829184447605505,1.0,1.0,2.139639639639641,0.9423897581792318,5.600995732574688,8.410384068278809,3.378378378378379,9.975106685633016,6.667852062588906,3.7162162162162176,0.3378378378378386,1.3513513513513544,4.729729729729726,1.3513513513513686,1.3513513513513402
5021,bunt.saar,1750,19,0.0,0.0,5.165362731152204,0.0,1.0,2.4211711711711708,0.3378378378378386,6.578947368421048,10.277382645803684,3.556187766714089,0.4978662873399742,9.743954480796589,2.7027027027027017,0.3378378378378386,2.0270270270270245,4.729729729729733,2.0270270270270174,2.702702702702709
2362,CDU,1750,19,0.0,1.0,2.9605263157894712,0.0,1.0,1.5202702702702702,3.378378378378372,0.9957325746799413,5.7610241820768096,0.284495021337122,5.93883357041252,1.404694167852064,1.3513513513513402,2.702702702702709,0.0,0.3378378378378457,2.364864864864863,2.364864864864863
531,FDP,1750,19,1.0,1.0,4.818634423897582,1.0,1.0,1.6891891891891901,3.413940256045514,1.9559032716927476,4.871977240398294,8.143669985775254,2.5604551920341407,7.965860597439544,2.3648648648648702,2.364864864864863,2.027027027027028,0.3378378378378386,0.6756756756756772,2.364864864864863
201,bunt.saar,1750,19,0.0,1.0,6.341868183973446,0.0,1.0,1.9144144144144128,0.6934566145092447,2.3115220483641536,9.477240398293027,4.320768136557604,10.099573257468002,11.148648648648646,2.3648648648648702,0.3378378378378386,1.3513513513513402,0.6756756756756701,1.3513513513513544,5.4054054054054035
999,Die Grünen,1750,19,1.0,0.0,9.616524419155997,1.0,0.0,3.265765765765766,4.729729729729726,10.170697012802279,7.23684210526315,5.138691322901856,19.68349928876244,10.73968705547653,2.702702702702709,3.378378378378386,3.378378378378379,0.6756756756756772,4.391891891891881,5.067567567567565
4891,SPD,1750,19,0.0,0.0,6.078117591275486,1.0,1.0,1.0698198198198199,3.4317211948790884,0.3022759601707037,12.766714082503555,4.445234708392597,9.263869132290182,6.258890469416791,1.689189189189193,1.013513513513523,0.6756756756756843,1.0135135135135087,1.0135135135135016,1.0135135135135087
1015,bunt.saar,1750,19,1.0,1.0,3.490990990990987,1.0,1.0,2.1396396396396384,3.5028449502133725,5.387624466571829,2.0981507823613015,0.03556187766713492,9.174964438122338,0.7467994310099471,1.3513513513513473,4.391891891891888,2.364864864864856,0.0,2.702702702702709,2.0270270270270316
2412,FDP,1750,19,0.0,1.0,3.7458511142721655,1.0,1.0,0.7319819819819872,4.960881934566139,0.3911806543385481,2.4537695590327218,6.3122332859175,0.6934566145092376,7.663584637268848,0.6756756756756843,0.6756756756756772,0.3378378378378457,2.0270270270270316,0.6756756756756843,0.0
3130,FDP,1750,19,1.0,0.0,6.270744428639163,1.0,1.0,1.745495495495496,3.8940256045519206,7.930298719772395,3.8940256045519206,0.6045519203413932,14.74039829302987,6.56116642958748,1.3513513513513544,0.6756756756756701,0.0,2.3648648648648702,3.378378378378379,2.7027027027027017
2147,bunt.saar,1750,19,1.0,0.0,6.691559981033667,1.0,1.0,1.407657657657656,3.520625889046933,4.302987197724043,8.801564722617364,2.009246088193457,15.949502133712663,5.565433854907539,0.3378378378378386,0.0,2.0270270270270316,0.0,4.054054054054049,2.0270270270270174
3204,CDU,1750,19,1.0,1.0,2.1248221906116598,1.0,1.0,3.096846846846843,2.8449502133712485,3.1827880512090942,2.5426742532005733,1.0135135135135087,1.1557610241820768,2.009246088193457,1.0135135135135016,7.0945945945945965,3.0405405405405403,0.3378378378378315,5.743243243243242,1.3513513513513473
2389,Die Grünen,1750,19,0.0,1.0,3.3902323376007524,0.0,1.0,1.0135135135135158,5.156472261735409,5.298719772403977,5.032005689900423,0.40896159317212266,1.0846372688477857,3.3605974395447973,0.6756756756756772,0.0,1.6891891891891788,1.0135135135135158,1.3513513513513544,1.3513513513513686
111,SPD,1750,19,1.0,1.0,3.2005689900426724,1.0,0.0,2.4774774774774726,4.054054054054056,2.329302987197721,0.8712660028449548,7.556899004267429,3.8940256045519135,0.49786628733995997,1.689189189189186,3.7162162162162033,1.3513513513513544,1.3513513513513473,1.6891891891891788,5.067567567567565
2400,Die Grünen,1750,19,1.0,0.0,3.819938359412042,1.0,0.0,0.8445945945945942,4.285206258890469,4.569701280227605,1.0846372688477857,2.2403982930298625,6.881223328591759,3.8584637268847715,0.0,0.3378378378378386,1.0135135135135158,2.364864864864856,0.6756756756756772,0.6756756756756772
2292,bunt.saar,1750,19,0.0,0.0,3.473210052157423,1.0,0.0,3.0968468468468493,3.1472261735419664,4.60526315789474,6.152204836415365,1.546941678520632,4.480796586059739,0.9068278805120968,1.689189189189186,4.391891891891902,1.689189189189186,2.3648648648648702,4.729729729729726,3.7162162162162247
2707,SPD,1750,19,1.0,0.0,6.19665718349929,1.0,0.0,4.391891891891894,1.6358463726884764,5.245376955903275,9.352773826458034,5.334281650071119,4.391891891891902,11.21977240398293,0.0,1.689189189189193,7.094594594594589,0.3378378378378457,10.135135135135144,7.094594594594589
549,CDU,1750,19,1.0,1.0,2.4063537221431957,1.0,1.0,2.7027027027027017,1.6714082503556114,5.583214793741114,1.689189189189186,1.1201991465149348,1.404694167852064,2.9694167852062634,2.364864864864863,2.702702702702709,3.378378378378379,5.067567567567565,2.0270270270270245,0.6756756756756701
5081,CDU,1750,19,1.0,1.0,2.358937885253676,1.0,1.0,2.083333333333337,1.9025604551920452,4.783072546230443,0.6578947368421098,5.618776671408241,0.5689900426742511,0.6223328591749677,1.0135135135135158,5.067567567567572,2.3648648648648702,0.0,3.0405405405405403,1.013513513513523
1966,FDP,1750,19,0.0,0.0,5.340208629682317,0.0,0.0,4.504504504504506,7.69914651493599,1.5647226173541924,3.0761024182076824,7.450213371266003,9.921763869132299,2.3293029871977353,1.3513513513513473,8.783783783783782,3.378378378378379,4.054054054054049,2.364864864864863,7.094594594594611
1263,bunt.saar,1750,19,1.0,1.0,4.457088667614985,0.0,1.0,5.855855855855861,1.511379800853483,3.342816500711244,1.831436699857747,2.258179231863444,11.842105263157897,5.956614509246094,6.081081081081088,2.0270270270270316,3.7162162162162247,6.081081081081088,6.418918918918912,10.810810810810821
5116,CDU,1750,19,1.0,1.0,4.01849217638691,1.0,1.0,1.9707207207207194,2.8449502133712485,3.5384068278805074,8.090327169274545,2.2403982930298625,2.6493598862019923,4.747510668563301,1.0135135135135016,1.689189189189186,2.3648648648648702,2.3648648648648702,2.364864864864863,2.0270270270270245
3598,SPD,1750,19,1.0,0.0,3.372451398767191,1.0,0.0,3.8288288288288306,3.662873399715501,2.2226173541963092,6.54338549075392,1.2802275960170775,3.982930298719765,2.5426742532005733,1.0135135135135087,3.7162162162162176,5.405405405405411,2.3648648648648702,5.743243243243249,4.729729729729726
3654,bunt.saar,1750,19,1.0,0.0,5.123873873873872,1.0,1.0,1.4076576576576574,3.5739687055476566,0.5156472261735416,6.987908961593163,0.7823613086771033,15.078236130867701,3.805120910384062,1.3513513513513544,0.0,1.01351351351353,3.7162162162162176,1.3513513513513402,1.0135135135135016
4704,bunt.saar,1750,19,1.0,0.0,4.166666666666668,1.0,1.0,0.9009009009009018,4.587482219061165,0.7823613086770962,5.938833570412527,0.10668563300141898,11.095305832147943,2.4893314366998567,0.3378378378378386,2.0270270270270316,1.3513513513513544,1.0135135135135087,0.6756756756756772,0.0
920,CDU,1750,19,0.0,1.0,3.019796111901377,0.0,1.0,1.0698198198198188,6.347795163584628,2.6849217638691343,2.6849217638691414,2.0270270270270316,3.982930298719772,0.3911806543385552,0.6756756756756772,1.689189189189193,0.675675675675663,2.3648648648648702,0.0,1.0135135135135087
2791,FDP,1750,19,1.0,1.0,3.6213845424371756,0.0,1.0,2.139639639639636,5.0497866287340045,0.8890469416785152,5.796586059743959,0.2489331436700013,3.698435277382636,6.045519203413939,5.067567567567565,2.702702702702709,0.0,4.054054054054042,1.0135135135135016,0.0
3066,Die Grünen,1750,19,0.0,0.0,3.701398767188239,0.0,0.0,3.6036036036036023,8.07254623044097,1.404694167852064,0.9423897581792318,3.5028449502133725,2.115931721194869,6.169985775248925,8.78378378378379,3.0405405405405403,0.0,6.081081081081081,3.0405405405405332,0.6756756756756701
3023,FDP,1750,19,1.0,1.0,2.696775723091515,1.0,1.0,2.9842342342342363,2.1337126600284577,2.364864864864863,1.1557610241820768,4.854196301564727,3.733997155049785,1.9381223328591801,4.391891891891902,4.391891891891895,3.378378378378379,0.0,2.0270270270270245,3.7162162162162176
2085,bunt.saar,1750,19,1.0,0.0,4.190374585111425,1.0,1.0,1.2387387387387403,1.6714082503556114,2.9871977240398238,5.014224751066848,1.0490753911806578,9.228307254623047,5.1920341394025655,1.689189189189186,0.6756756756756843,0.0,1.689189189189186,0.0,3.378378378378386
3540,SPD,1750,19,0.0,1.0,6.3270507349454705,0.0,0.0,5.236486486486485,2.773826458036986,6.3122332859175,11.16642958748222,5.689900426742533,7.6635846372688405,4.356330014224746,3.0405405405405403,5.743243243243249,6.418918918918919,2.0270270270270245,7.770270270270267,6.418918918918912
673,CDU,1750,19,1.0,0.0,3.0049786628733983,1.0,0.0,1.970720720720723,2.7027027027026946,1.2980085348506378,0.4445234708392647,3.6450924608819264,6.347795163584642,3.591749644381224,1.0135135135135158,6.081081081081081,0.6756756756756772,0.0,3.0405405405405403,1.013513513513523
3349,CDU,1750,19,1.0,0.0,8.597083926031294,1.0,0.0,3.153153153153152,5.8321479374110865,11.59317211948791,4.036273115220489,8.07254623044097,14.349217638691321,7.69914651493599,3.0405405405405403,2.7027027027027017,0.3378378378378386,2.364864864864863,5.743243243243242,4.729729729729726
2561,CDU,1750,19,1.0,0.0,2.8153153153153134,0.0,0.0,4.954954954954952,1.3513513513513473,0.5867709815078399,2.2048364153627347,3.1294452347083777,5.8321479374110865,3.7873399715504945,1.689189189189186,3.0405405405405332,7.0945945945945965,1.689189189189193,8.783783783783782,7.432432432432421
4360,bunt.saar,1750,19,1.0,0.0,4.1429587482219015,1.0,0.0,3.0968468468468395,3.1294452347083777,0.07112375533427695,5.974395448079662,4.089615931721191,10.437411095305833,1.1557610241820697,3.0405405405405332,2.364864864864856,1.3513513513513402,3.378378378378372,4.391891891891888,4.054054054054049
3069,CDU,1750,19,1.0,1.0,1.378022759601708,1.0,1.0,2.027027027027026,1.2802275960170704,1.4580369843527734,0.07112375533427695,0.7823613086770962,3.02275960170698,1.653627311522051,2.364864864864856,3.0405405405405403,1.013513513513523,4.391891891891888,0.0,1.3513513513513473
1766,FDP,1750,19,0.0,1.0,3.3191085822664803,0.0,1.0,2.1959459459459474,4.000711237553347,1.4580369843527734,1.795874822190612,5.654338549075405,3.5739687055476566,3.4317211948790884,1.689189189189193,2.364864864864863,1.3513513513513544,2.702702702702709,1.689189189189193,3.378378378378372
2874,SPD,1750,19,0.0,1.0,4.522285443338077,0.0,0.0,1.9144144144144188,5.138691322901856,2.738264580369851,9.263869132290182,2.0270270270270316,7.130156472261724,0.8357041251778128,2.3648648648648702,0.3378378378378528,2.0270270270270316,2.0270270270270316,0.3378378378378386,4.391891891891888
2522,bunt.saar,1750,19,1.0,0.0,6.4396633475580805,1.0,1.0,1.0135135135135158,1.8847795163584706,0.5512091038406766,9.850640113798008,6.970128022759596,12.055476529160728,7.325746799431002,0.6756756756756772,2.0270270270270174,1.0135135135135158,1.3513513513513544,1.01351351351353,0.0
3278,CDU,1750,19,1.0,0.0,4.154812707444283,1.0,0.0,1.6891891891891895,3.9651493598862118,4.498577524893314,0.49786628733995997,10.046230440967285,4.818634423897571,1.1024182076813602,1.0135135135135158,0.6756756756756701,2.3648648648648702,1.689189189189193,0.6756756756756772,3.7162162162162105
1369,DIE LINKE,1750,19,1.0,0.0,4.442271218587006,1.0,0.0,2.195945945945945,3.733997155049792,3.3605974395447973,7.876955903271693,0.37339971550497353,10.73968705547653,0.5689900426742511,2.7027027027027017,2.7027027027026946,3.378378378378379,0.6756756756756843,2.364864864864863,1.3513513513513473
4287,Die Grünen,1750,19,1.0,0.0,5.5417259364627744,1.0,1.0,2.421171171171167,6.418918918918912,2.9694167852062563,4.498577524893307,4.551920341394016,6.721194879089616,8.090327169274538,4.729729729729726,2.0270270270270316,0.675675675675663,3.7162162162162105,0.3378378378378386,3.0405405405405332
639,FDP,1750,19,0.0,0.0,3.4643195827406372,0.0,1.0,3.0405405405405417,4.285206258890469,1.3157894736842124,0.6578947368421098,8.570412517780944,5.849928876244668,0.10668563300141898,1.689189189189193,0.3378378378378386,6.081081081081081,1.0135135135135158,4.729729729729733,4.391891891891888
104,CDU,1750,19,1.0,1.0,3.1027738264580393,1.0,1.0,1.689189189189193,0.23115220483641963,1.9381223328591872,5.494310099573248,3.8940256045519206,2.5960170697012828,4.463015647226179,1.689189189189193,6.418918918918926,0.0,0.3378378378378457,0.6756756756756843,1.0135135135135087
3524,bunt.saar,1750,19,1.0,0.0,4.863086770981511,1.0,1.0,1.576576576576579,1.4580369843527734,0.3378378378378386,7.82361308677099,2.987197724039838,11.308677098150774,5.26315789473685,0.6756756756756772,3.7162162162162105,1.6891891891892072,1.013513513513523,0.675675675675663,1.689189189189193
4760,bunt.saar,1750,19,1.0,1.0,3.114627785680421,1.0,1.0,1.0135135135135158,3.8940256045519206,1.1735419630156514,3.200568990042683,0.4800853485063996,8.001422475106693,1.9381223328591801,2.702702702702709,0.6756756756756772,0.3378378378378386,0.6756756756756772,0.3378378378378386,1.3513513513513544
4413,Die Grünen,1750,19,1.0,0.0,5.5150545282124215,1.0,0.0,2.646396396396392,1.1201991465149348,3.342816500711244,7.770270270270274,1.2980085348506378,11.575391180654336,7.983641536273105,3.378378378378379,1.3513513513513402,3.7162162162162105,2.364864864864863,3.378378378378379,1.6891891891891788
3696,FDP,1750,19,0.0,1.0,3.428757705073496,0.0,1.0,1.914414414414414,0.9423897581792318,0.2489331436699942,1.2091038406827934,4.000711237553347,7.130156472261731,7.04125177809388,2.702702702702709,3.7162162162162176,0.0,1.3513513513513402,1.3513513513513473,2.3648648648648702
4931,CDU,1750,19,1.0,1.0,1.3187529634898023,1.0,0.0,4.448198198198196,0.9957325746799413,0.6401137980085352,2.187055476529153,2.2403982930298625,0.017780938833574567,1.831436699857747,1.0135135135135158,1.3513513513513544,7.432432432432428,1.0135135135135087,9.459459459459453,6.418918918918919
1328,FDP,1750,19,0.0,0.0,7.48873873873874,0.0,0.0,7.31981981981982,11.610953058321485,1.3691322901849219,6.169985775248925,10.810810810810814,8.712660028449505,6.258890469416791,0.6756756756756772,10.135135135135137,8.783783783783782,7.770270270270274,7.770270270270267,8.783783783783782
3070,bunt.saar,1750,19,0.0,0.0,4.169630156472256,0.0,0.0,4.391891891891887,4.267425320056894,4.214082503556185,9.334992887624459,1.902560455192031,1.4580369843527734,3.840682788051197,8.108108108108105,1.3513513513513402,4.054054054054049,8.108108108108112,0.6756756756756772,4.054054054054035
1596,FDP,1750,19,1.0,1.0,2.862731152204835,1.0,1.0,2.5337837837837847,3.698435277382636,9.370554765291608,2.0625889046941666,1.1201991465149348,0.4445234708392647,0.4800853485063996,2.3648648648648702,3.0405405405405403,3.0405405405405403,1.3513513513513544,1.3513513513513473,4.054054054054056
4149,CDU,1750,19,1.0,1.0,6.392247510668567,1.0,1.0,2.1396396396396398,2.6137980085348573,9.139402560455203,5.03200568990043,2.5960170697012828,10.668563300142246,8.303698435277383,2.3648648648648702,2.702702702702709,1.689189189189186,1.3513513513513473,3.0405405405405332,1.689189189189193
1965,FDP,1750,19,0.0,0.0,2.690848743480321,1.0,0.0,4.617117117117119,2.3826458036984377,1.76031294452347,1.653627311522051,5.032005689900423,0.03556187766713492,5.28093883357041,4.729729729729733,7.770270270270274,4.729729729729733,1.3513513513513402,2.3648648648648702,6.756756756756765
2834,Die Grünen,1750,19,1.0,0.0,3.888098624940728,1.0,0.0,3.9414414414414423,3.485064011379805,0.1422475106685539,2.0981507823613015,0.8890469416785152,11.450924608819342,5.26315789473685,4.729729729729726,7.0945945945945965,3.0405405405405475,3.0405405405405403,2.3648648648648702,3.378378378378372
2063,CDU,1750,19,1.0,0.0,2.948672356567093,0.0,1.0,1.4639639639639637,0.10668563300143319,6.863442389758184,1.831436699857747,0.07112375533426984,6.756756756756758,2.0625889046941666,1.3513513513513402,1.689189189189193,0.0,3.0405405405405475,1.689189189189193,1.0135135135135087
3605,FDP,1750,19,1.0,1.0,3.8051209103840713,0.0,1.0,2.92792792792793,4.231863442389766,3.129445234708392,1.475817923186348,8.339260312944532,3.6450924608819335,2.009246088193457,4.391891891891881,3.378378378378379,3.0405405405405403,2.0270270270270316,1.3513513513513615,3.378378378378386
4437,DIE LINKE,1750,19,1.0,0.0,3.2183499288762434,1.0,0.0,3.265765765765765,0.7467994310099613,3.591749644381224,2.578236130867701,3.840682788051211,8.001422475106686,0.5512091038406766,2.702702702702709,4.391891891891881,1.3513513513513544,2.364864864864856,3.0405405405405403,5.743243243243249
2265,DIE LINKE,1750,19,1.0,0.0,6.098862019914652,1.0,0.0,2.8716216216216246,1.369132290184929,2.7560455192034112,12.215504978662878,1.404694167852064,11.184210526315788,7.6635846372688405,1.689189189189193,1.0135135135135158,3.7162162162162247,2.702702702702709,4.391891891891895,3.7162162162162105
43,CDU,1750,19,1.0,0.0,2.9101469890943634,0.0,0.0,4.786036036036034,1.2446657183499354,1.546941678520632,3.2183499288762576,4.498577524893314,4.12517780938834,2.8271692745377024,1.0135135135135087,7.432432432432435,4.729729729729726,4.729729729729726,6.418918918918919,4.391891891891888
4116,CDU,1750,19,1.0,0.0,5.123873873873875,1.0,0.0,3.3783783783783767,0.7467994310099613,6.667852062588906,8.001422475106686,3.236130867709818,4.018492176386907,8.07254623044097,5.067567567567572,0.6756756756756843,2.0270270270270245,7.432432432432428,0.3378378378378244,4.729729729729726
3534,FDP,1750,19,1.0,1.0,4.827524893314369,1.0,0.0,7.6576576576576585,0.7112375533428192,6.241109530583209,5.45874822190612,2.6137980085348573,3.94736842105263,9.992887624466576,11.824324324324316,5.743243243243242,9.459459459459467,1.3513513513513544,6.756756756756758,10.810810810810814
868,bunt.saar,1750,19,1.0,0.0,7.414651493598867,1.0,1.0,2.871621621621627,2.258179231863444,6.436699857752494,10.455192034139408,4.463015647226172,12.606685633001433,8.268136557610248,4.391891891891902,2.0270270270270245,3.0405405405405475,3.0405405405405475,1.689189189189193,3.0405405405405475
14,FDP,1750,19,1.0,1.0,8.795637743006166,1.0,1.0,0.0,7.04125177809388,6.899004267425319,9.210526315789473,12.553342816500717,7.752489331436703,9.317211948790895,0.0,0.0,0.0,0.0,0.0,0.0
3168,CDU,1750,19,1.0,0.0,1.852181128496916,1.0,0.0,3.6599099099099086,2.3470839260312957,2.0981507823613086,1.9203413940255984,2.578236130867701,2.1337126600284577,0.03556187766713492,1.6891891891891788,5.067567567567579,7.094594594594589,1.3513513513513544,3.0405405405405332,3.7162162162162176
4864,FDP,1750,19,1.0,1.0,2.495258416311047,1.0,0.0,2.702702702702703,5.156472261735409,0.5689900426742511,2.8271692745377024,2.720483641536269,2.7027027027027017,0.9957325746799484,3.378378378378379,0.6756756756756701,1.3513513513513473,3.7162162162162247,3.0405405405405403,4.054054054054056
1221,CDU,1750,19,1.0,0.0,3.2568752963489813,1.0,1.0,1.351351351351352,4.302987197724043,1.262446657183503,0.8534850640113874,5.7610241820768096,6.650071123755325,0.7112375533428192,0.3378378378378315,0.0,1.689189189189193,2.0270270270270316,2.3648648648648702,1.689189189189186
3913,bunt.saar,1750,19,0.0,1.0,3.2124229492650542,0.0,1.0,2.590090090090085,5.0853485064011394,3.271692745376953,3.591749644381224,0.46230440967283215,5.156472261735409,1.7069701280227676,0.6756756756756701,4.391891891891888,2.364864864864856,1.3513513513513473,4.391891891891895,2.364864864864856
2776,FDP,1750,19,1.0,1.0,4.655642484589851,1.0,0.0,2.927927927927924,8.997155049786628,1.9203413940255984,4.534139402560456,4.534139402560456,0.6045519203413932,7.3435277382645765,2.364864864864863,4.729729729729726,1.3513513513513473,4.391891891891888,1.689189189189186,3.0405405405405332
2530,SPD,1750,19,0.0,0.0,8.525960170697015,0.0,1.0,3.322072072072076,6.56116642958748,6.1877667140825,15.931721194879088,3.0405405405405403,14.384779516358478,5.0497866287340045,2.364864864864863,1.3513513513513615,5.067567567567565,3.7162162162162176,6.756756756756758,0.6756756756756914
1868,bunt.saar,1750,19,1.0,0.0,6.875296348980563,1.0,0.0,3.096846846846843,5.885490753911803,2.738264580369851,6.578947368421055,7.948079658605984,11.735419630156471,6.365576102418217,5.067567567567565,1.3513513513513402,1.689189189189193,3.378378378378379,4.054054054054035,3.0405405405405475
3732,SPD,1750,19,1.0,1.0,1.5054528212422926,0.0,1.0,5.0112612612612635,0.5334281650071091,3.1472261735419664,1.6714082503556114,0.6401137980085352,2.044807965860592,0.9957325746799413,5.743243243243242,5.4054054054054035,3.7162162162162176,3.7162162162162176,4.391891891891902,7.0945945945945965
1606,SPD,1750,19,1.0,0.0,3.1827880512091014,1.0,0.0,3.9977477477477485,4.19630156472261,4.551920341394016,0.3911806543385552,2.7916073968705533,6.116642958748216,1.0490753911806578,0.3378378378378386,3.378378378378379,5.4054054054054035,3.0405405405405475,6.081081081081081,5.743243243243242
4029,DIE LINKE,1750,19,0.0,1.0,2.4152441915599803,0.0,1.0,1.632882882882883,1.2802275960170704,5.921052631578952,1.1024182076813602,1.5825035561877598,4.42745376955903,0.17780938833571014,1.3513513513513473,0.3378378378378386,3.378378378378379,1.3513513513513615,0.6756756756756701,2.7027027027027017
4858,Die Grünen,1750,19,1.0,0.0,4.1014698909435765,0.0,0.0,1.9707207207207205,4.267425320056894,3.236130867709818,2.329302987197721,5.974395448079662,5.2275960170697005,3.5739687055476637,1.0135135135135158,0.3378378378378386,1.689189189189186,4.391891891891881,3.0405405405405475,1.3513513513513544
4738,Die Grünen,1750,19,0.0,0.0,6.048482693219537,0.0,1.0,2.759009009009007,0.0,1.760312944523477,11.201991465149362,4.000711237553347,12.464438122332858,6.863442389758177,3.378378378378379,1.3513513513513402,4.7297297297297405,1.689189189189193,3.7162162162162105,1.6891891891891788
4197,bunt.saar,1750,19,1.0,0.0,6.359649122807013,1.0,1.0,1.2387387387387392,2.3470839260312886,2.8449502133712485,10.170697012802272,8.108108108108105,11.16642958748222,3.52062588904694,2.0270270270270245,0.3378378378378386,0.6756756756756772,1.3513513513513473,1.3513513513513544,1.689189189189193
3326,FDP,1750,19,1.0,1.0,3.4050497866287315,1.0,1.0,1.2387387387387403,1.9203413940255984,0.9423897581792318,2.2759601706970045,7.0945945945945965,4.996443812233288,3.200568990042669,2.0270270270270316,0.0,0.3378378378378457,1.689189189189193,2.0270270270270245,1.3513513513513473
5199,bunt.saar,1750,19,1.0,0.0,5.959577999051683,1.0,1.0,1.8018018018018012,5.014224751066855,4.142958748221901,4.60526315789474,4.729729729729733,12.802275960170697,4.463015647226172,2.7027027027027017,1.0135135135135158,0.6756756756756772,4.054054054054056,1.3513513513513544,1.0135135135135016
3857,FDP,1750,19,0.0,0.0,5.171289710763394,0.0,0.0,4.5608108108108105,4.107396870554773,0.46230440967283215,0.08890469416784441,14.31365576102418,5.4054054054054035,6.650071123755332,0.0,6.081081081081088,1.689189189189186,5.743243243243235,5.067567567567565,8.78378378378379
5029,FDP,1750,19,1.0,0.0,5.42911332385017,1.0,0.0,4.448198198198199,4.516358463726888,5.28093883357041,3.911806543385495,4.391891891891902,10.988620199146517,3.485064011379805,3.7162162162162176,1.0135135135135158,5.405405405405411,5.067567567567565,7.432432432432428,4.054054054054056
4717,FDP,1750,19,0.0,1.0,4.623044096728307,1.0,1.0,0.45045045045045146,2.275960170697026,2.044807965860592,6.578947368421048,7.574679943100989,4.889758179231862,4.374110953058327,1.013513513513523,0.3378378378378386,0.3378378378378386,1.0135135135135087,0.0,0.0
2094,SPD,1750,19,0.0,1.0,4.089615931721197,0.0,1.0,2.7027027027027017,0.9957325746799413,7.0590327169274545,3.7873399715504945,1.369132290184929,3.9651493598862118,7.361308677098151,1.689189189189193,1.0135135135135158,2.0270270270270174,3.0405405405405403,4.391891891891895,4.054054054054049
3610,Die Grünen,1750,19,0.0,1.0,7.290184921763868,0.0,1.0,3.9414414414414445,2.578236130867701,7.663584637268848,4.249644381223341,6.525604551920338,15.256045519203411,7.46799431009957,4.054054054054063,1.3513513513513473,5.067567567567579,1.689189189189193,5.743243243243242,5.743243243243242
4150,Die Grünen,1750,19,1.0,1.0,2.4745139876718816,1.0,1.0,1.5202702702702726,2.7916073968705533,5.369843527738276,0.6045519203413932,0.08890469416785152,4.125177809388333,1.8669985775248819,1.3513513513513473,2.702702702702716,0.6756756756756772,1.3513513513513473,1.6891891891891788,1.3513513513513686
5205,FDP,1750,19,1.0,1.0,4.439307728781409,1.0,1.0,1.4076576576576585,4.960881934566139,4.480796586059739,3.0049786628733983,3.1294452347083848,9.83285917496444,1.2268847795163538,0.6756756756756843,2.3648648648648702,3.378378378378372,1.0135135135135158,0.3378378378378386,0.6756756756756701
4620,FDP,1750,19,1.0,0.0,2.981270744428643,0.0,0.0,2.815315315315317,4.925320056899011,0.12446657183499354,1.2091038406827934,4.445234708392604,6.7745376955903325,0.40896159317212266,0.3378378378378386,3.7162162162162176,3.0405405405405475,6.756756756756758,1.0135135135135087,2.0270270270270316
883,bunt.saar,1750,19,0.0,0.0,4.697131341868182,0.0,0.0,1.6328828828828807,1.3335704125177799,2.6137980085348573,4.87197724039828,5.4054054054054035,7.894736842105267,6.063300142247506,0.6756756756756772,2.0270270270270174,1.013513513513523,2.0270270270270245,1.0135135135135087,3.0405405405405332
295,FDP,1750,19,0.0,1.0,3.6865813181602682,1.0,1.0,1.126126126126125,3.94736842105263,2.631578947368425,0.8534850640113874,6.970128022759603,1.511379800853483,6.205547652916081,2.0270270270270316,1.0135135135135087,0.0,2.7027027027026946,0.0,1.0135135135135158
1959,bunt.saar,1750,19,1.0,0.0,5.686936936936942,1.0,1.0,3.4909909909909906,2.6493598862019923,1.226884779516368,7.876955903271693,5.529871977240404,10.11735419630157,6.721194879089623,4.054054054054056,1.689189189189193,2.364864864864856,5.743243243243242,2.3648648648648702,4.729729729729726
3675,FDP,1750,19,0.0,1.0,3.6421289710763376,1.0,1.0,3.3220720720720736,1.6714082503556114,0.053342816500716594,4.783072546230443,7.325746799431002,4.694167852062591,3.3250355618776624,5.067567567567572,2.702702702702709,2.364864864864863,2.702702702702709,3.378378378378379,3.7162162162162105
3237,Die Grünen,1750,19,1.0,0.0,4.658605974395452,0.0,1.0,0.8445945945945953,0.5867709815078399,0.284495021337122,8.943812233285925,0.8179231863442382,9.050497866287337,8.268136557610248,0.3378378378378457,1.3513513513513402,1.689189189189193,1.0135135135135158,0.3378378378378386,0.3378378378378386
1115,Die Grünen,1750,19,1.0,1.0,5.541725936462782,1.0,1.0,2.2522522522522515,7.450213371266003,6.205547652916081,3.627311522048373,7.610241820768138,7.0945945945945965,1.262446657183503,2.7027027027027017,0.6756756756756843,2.364864864864856,1.0135135135135087,3.0405405405405332,3.7162162162162247
4951,FDP,1750,19,1.0,1.0,5.832147937411093,1.0,1.0,2.533783783783788,9.157183499288756,1.4935988620199083,7.0590327169274545,2.9871977240398238,9.388335704125183,4.907539118065429,1.013513513513523,1.0135135135135158,4.391891891891895,3.378378378378393,2.0270270270270316,3.378378378378372
5123,bunt.saar,1750,19,0.0,0.0,3.319108582266479,1.0,0.0,2.590090090090085,0.16002844950213557,3.6450924608819335,4.623044096728307,2.151493598862025,4.925320056899011,4.409672830725462,3.0405405405405475,4.054054054054042,2.0270270270270174,1.3513513513513544,4.054054054054049,1.0135135135135016
3910,FDP,1750,19,1.0,1.0,6.084044570886678,1.0,1.0,3.153153153153152,3.2894736842105345,7.3968705547653,4.498577524893321,5.1209103840682815,10.170697012802265,6.027738264580364,0.3378378378378386,3.378378378378393,4.054054054054056,1.0135135135135016,5.405405405405396,4.729729729729726
234,SPD,1750,19,0.0,0.0,5.017188240872451,0.0,1.0,1.8581081081081123,11.113086770981518,3.378378378378379,1.5291607396870575,4.445234708392597,6.223328591749642,3.413940256045514,1.013513513513523,2.364864864864863,1.0135135135135158,1.689189189189193,3.0405405405405475,2.0270270270270316
3710,bunt.saar,1750,19,1.0,0.0,3.6717638691322905,1.0,0.0,2.6463963963963977,0.40896159317212266,0.7645803698435216,6.614509246088197,0.5156472261735487,5.95661450924608,7.770270270270274,3.0405405405405475,4.391891891891895,1.689189189189186,2.364864864864863,1.689189189189186,2.702702702702709
541,Die Grünen,1750,19,1.0,0.0,4.234826932195353,1.0,0.0,3.9414414414414423,1.2268847795163538,4.623044096728307,2.8982930298719793,3.627311522048373,7.5924608819345565,5.4409672830725455,3.0405405405405403,2.3648648648648702,3.7162162162162105,7.770270270270274,1.0135135135135087,5.743243243243249
789,SPD,1750,19,0.0,1.0,3.6391654812707444,0.0,0.0,7.488738738738738,3.982930298719772,3.200568990042669,1.2091038406827934,6.756756756756758,6.223328591749642,0.46230440967283215,3.7162162162162105,4.054054054054056,10.135135135135137,6.756756756756758,7.094594594594589,13.175675675675677
3861,bunt.saar,1750,19,1.0,1.0,6.315196775723091,1.0,1.0,2.4211711711711685,1.1557610241820626,4.249644381223341,9.672830725462298,6.347795163584635,8.997155049786635,7.467994310099577,2.0270270270270174,2.0270270270270174,1.0135135135135016,5.743243243243249,0.0,3.7162162162162247
664,Die Grünen,1750,19,0.0,0.0,6.454480796586062,1.0,1.0,2.8716216216216246,0.4800853485063925,4.711948790896166,11.753200568990046,0.3911806543385481,13.709103840682786,7.681365576102436,2.364864864864863,1.3513513513513686,4.391891891891902,3.378378378378372,4.3918918918918735,1.3513513513513686
4258,Die Grünen,1750,19,1.0,0.0,7.387980085348501,1.0,1.0,2.0270270270270294,1.5825035561877598,7.5213371266002795,10.13513513513513,4.2140825035561775,14.313655761024187,6.561166429587473,1.013513513513523,0.3378378378378457,3.378378378378372,3.7162162162162176,3.378378378378386,0.3378378378378315
4723,FDP,1750,19,1.0,1.0,3.2390943575154068,1.0,1.0,4.05405405405405,3.982930298719765,5.618776671408241,1.1735419630156443,7.005689900426745,1.1735419630156443,0.4800853485063996,2.0270270270270245,3.378378378378372,6.418918918918919,6.418918918918905,0.0,6.081081081081081
306,bunt.saar,1750,19,1.0,1.0,2.5456377430061656,1.0,1.0,5.51801801801802,0.10668563300142608,2.0625889046941666,4.160739687055475,7.325746799431009,1.0490753911806578,0.5689900426742582,3.378378378378379,6.081081081081081,9.459459459459453,7.0945945945945965,3.0405405405405475,4.054054054054063
128,bunt.saar,1750,19,1.0,0.0,4.931247036510193,1.0,0.0,1.0135135135135098,2.507112375533424,1.653627311522051,8.303698435277383,1.8136557610241795,10.881934566145091,4.42745376955903,0.6756756756756701,2.364864864864856,1.3513513513513402,0.6756756756756843,0.6756756756756701,0.3378378378378386
3207,bunt.saar,1750,19,1.0,0.0,4.741583688952107,1.0,1.0,3.040540540540539,2.7027027027026946,6.650071123755325,5.903271692745378,1.1913229018492189,11.006401137980092,0.9957325746799341,1.0135135135135087,2.0270270270270174,1.689189189189193,5.067567567567565,3.0405405405405475,5.4054054054054035
3367,FDP,1750,19,0.0,0.0,4.359293504030344,0.0,0.0,6.587837837837839,0.8357041251778057,2.044807965860592,1.9203413940255984,11.806543385490762,3.8584637268847715,5.689900426742533,2.364864864864863,5.067567567567579,7.094594594594589,5.405405405405411,9.45945945945946,10.13513513513513
1725,Die Grünen,1750,19,0.0,0.0,5.112019914651493,0.0,0.0,2.5337837837837776,0.10668563300142608,0.8534850640113874,11.077524893314369,0.5512091038406766,15.611664295874817,2.471550497866282,4.054054054054049,2.7027027027026946,1.3513513513513473,5.067567567567565,1.689189189189186,0.3378378378378244
1384,CDU,1750,19,1.0,0.0,3.0968468468468466,1.0,0.0,2.1959459459459487,1.2802275960170775,0.23115220483641252,0.26671408250354744,5.849928876244675,8.588193456614498,2.3648648648648702,2.702702702702716,3.7162162162162176,1.689189189189193,0.6756756756756843,1.3513513513513473,3.0405405405405332
5017,FDP,1750,19,1.0,1.0,5.512091038406826,1.0,1.0,3.6036036036036037,7.734708392603132,10.846372688477949,0.35561877667140607,5.494310099573255,6.454480796586061,2.187055476529153,3.378378378378386,3.7162162162162105,1.3513513513513473,2.702702702702709,7.0945945945945965,3.378378378378372
4647,FDP,1750,19,0.0,1.0,3.7221431958274054,1.0,1.0,1.5202702702702677,0.6401137980085352,3.8584637268847786,0.40896159317211556,9.352773826458034,6.116642958748223,1.9559032716927476,0.6756756756756701,0.3378378378378386,1.689189189189193,1.0135135135135016,3.0405405405405403,2.364864864864863
985,Die Grünen,1750,19,0.0,0.0,4.762328117591274,0.0,0.0,9.40315315315315,3.840682788051218,1.1379800853485023,5.4054054054054035,4.551920341394016,10.864153627311524,2.7738264580369787,5.743243243243235,3.7162162162162105,12.5,10.810810810810807,13.513513513513516,10.13513513513513
1619,CDU,1750,19,0.0,1.0,3.3635609293504047,1.0,1.0,2.308558558558559,1.653627311522051,2.044807965860592,2.631578947368425,6.863442389758184,5.921052631578952,1.0668563300142253,0.6756756756756772,1.013513513513523,2.364864864864863,1.0135135135135087,5.743243243243242,3.0405405405405403
193,bunt.saar,1750,19,0.0,0.0,5.968468468468469,1.0,1.0,1.0698198198198199,1.7780938833570303,3.1294452347083848,10.526315789473685,2.3293029871977353,12.428876244665723,5.618776671408256,0.0,0.6756756756756772,2.0270270270270316,1.6891891891891788,2.0270270270270316,0.0
4746,FDP,1750,19,0.0,0.0,5.037932669511618,0.0,1.0,4.617117117117118,4.231863442389766,0.03556187766713492,5.7254623044096675,9.637268847795163,9.139402560455203,1.4580369843527734,0.6756756756756772,5.067567567567565,3.0405405405405332,5.743243243243242,7.094594594594611,6.081081081081081
4552,SPD,1750,19,0.0,1.0,4.302987197724039,0.0,1.0,4.673423423423422,0.3911806543385552,6.916785206258886,7.734708392603125,1.546941678520632,8.499288762446653,0.7290184921763796,5.4054054054054035,1.3513513513513544,5.4054054054054035,5.743243243243249,6.418918918918912,3.7162162162162105
2406,bunt.saar,1750,19,0.0,1.0,4.329658605974397,0.0,1.0,1.0698198198198234,6.685633001422481,1.262446657183503,2.2403982930298625,2.1692745376955855,10.046230440967285,3.5739687055476637,3.7162162162162176,0.3378378378378457,0.3378378378378386,0.3378378378378386,0.3378378378378457,1.3513513513513544
3624,FDP,1750,19,1.0,0.0,5.458748221906117,0.0,1.0,2.25225225225225,5.814366998577526,5.600995732574681,1.8492176386913215,2.6137980085348573,11.006401137980085,5.867709815078236,3.378378378378379,3.378378378378379,0.6756756756756701,1.0135135135135087,0.3378378378378386,4.729729729729726
2722,FDP,1750,19,0.0,0.0,3.3279990516832627,0.0,1.0,1.5202702702702702,0.7112375533428192,6.36557610241821,4.480796586059739,0.2844950213371291,4.302987197724036,3.8229018492176436,2.0270270270270316,1.0135135135135087,0.6756756756756701,1.3513513513513473,3.0405405405405475,1.0135135135135158
3533,bunt.saar,1750,19,1.0,1.0,3.2983641536273125,1.0,0.0,2.421171171171167,1.6358463726884764,0.7645803698435287,4.196301564722617,2.5426742532005733,8.321479374110943,2.3293029871977353,0.3378378378378386,1.3513513513513402,3.7162162162162105,0.0,4.729729729729726,4.391891891891888
3630,bunt.saar,1750,19,1.0,0.0,6.804172593646279,1.0,1.0,0.9572072072072105,2.400426742532005,5.707681365576114,11.735419630156471,1.831436699857754,12.766714082503547,6.383357041251784,1.689189189189186,0.6756756756756914,0.6756756756756914,0.0,2.364864864864856,0.3378378378378386
282,FDP,1750,19,1.0,1.0,4.403745851114274,1.0,1.0,2.590090090090087,3.342816500711244,3.9651493598862046,3.5384068278805074,8.890469416785209,1.386913229018493,5.2987197724039845,0.675675675675663,3.7162162162162176,3.3783783783783754,1.0135135135135087,3.040540540540544,3.716216216216214
2644,CDU,1750,19,1.0,0.0,4.205192034139402,1.0,1.0,4.166666666666665,1.8136557610241795,7.254623044096725,1.2091038406827934,7.610241820768138,4.498577524893321,2.8449502133712556,8.445945945945944,2.7027027027027017,4.391891891891888,5.405405405405411,2.7027027027027017,1.3513513513513473
4321,CDU,1750,19,1.0,0.0,5.698790896159319,1.0,0.0,0.7882882882882877,3.982930298719765,9.40611664295875,4.107396870554773,8.481507823613093,4.463015647226179,3.7517780938833525,0.6756756756756843,1.3513513513513473,0.3378378378378457,0.3378378378378244,0.3378378378378386,1.689189189189186
1916,bunt.saar,1750,19,1.0,1.0,4.255571360834523,0.0,0.0,3.885135135135137,6.7389758179231976,4.480796586059739,5.4409672830725455,0.1955903271692847,7.3968705547653,1.2802275960170704,3.7162162162162176,0.6756756756756772,5.405405405405411,6.418918918918912,3.0405405405405475,4.054054054054056
4732,CDU,1750,19,1.0,1.0,2.3796823138928382,0.0,1.0,2.4774774774774713,0.7645803698435287,0.10668563300142608,2.187055476529153,2.7027027027026946,5.316500711237559,3.200568990042669,1.6891891891891788,2.364864864864856,2.7027027027027017,5.4054054054054035,2.0270270270270174,0.6756756756756701
464,CDU,1750,19,0.0,0.0,3.3279990516832627,0.0,0.0,5.7432432432432385,1.3157894736842124,3.982930298719772,2.3293029871977353,0.1955903271692847,5.298719772403977,6.845661450924595,1.0135135135135087,4.054054054054042,7.432432432432435,3.0405405405405332,9.797297297297291,9.121621621621621
3522,bunt.saar,1750,19,0.0,0.0,7.076813655761022,0.0,0.0,3.1531531531531534,6.045519203413939,2.329302987197721,7.716927453769557,4.658605974395449,12.251066856329999,9.459459459459467,3.7162162162162176,1.3513513513513615,1.3513513513513402,4.391891891891902,3.0405405405405332,5.067567567567565
980,Die Grünen,1750,19,1.0,1.0,4.6852773826458005,1.0,1.0,3.3220720720720727,6.401137980085352,4.960881934566139,3.6095305832147915,6.152204836415358,5.352062588904687,1.6358463726884764,3.378378378378372,2.364864864864863,4.391891891891888,1.3513513513513473,4.391891891891902,4.054054054054063
3173,SPD,1750,19,0.0,0.0,2.409317211948789,1.0,0.0,3.1531531531531534,0.49786628733995997,1.546941678520632,4.978662873399713,2.720483641536269,3.876244665718353,0.8357041251778057,3.7162162162162176,0.3378378378378386,4.054054054054056,4.729729729729726,2.0270270270270174,4.054054054054063
3038,CDU,1750,19,0.0,0.0,4.294096728307252,1.0,1.0,1.5202702702702713,6.223328591749642,1.866998577524896,1.2980085348506378,7.0590327169274545,4.907539118065429,4.409672830725455,1.3513513513513473,2.702702702702709,0.6756756756756701,2.7027027027027017,0.6756756756756843,1.0135135135135158
2112,bunt.saar,1750,19,1.0,1.0,9.118658131816026,1.0,1.0,2.8716216216216224,7.521337126600287,6.081081081081081,10.401849217638691,5.3698435277382615,15.807254623044102,9.530583214793737,0.6756756756756701,3.7162162162162105,3.0405405405405475,2.364864864864863,3.7162162162162176,3.7162162162162247
3680,bunt.saar,1750,19,0.0,0.0,5.203888098624944,0.0,0.0,4.0540540540540535,1.795874822190612,5.352062588904694,6.152204836415365,0.32005689900427114,11.753200568990046,5.849928876244675,3.0405405405405403,3.0405405405405332,3.0405405405405403,6.418918918918926,5.067567567567565,3.7162162162162176
3585,bunt.saar,1750,19,1.0,1.0,5.352062588904694,1.0,1.0,1.1261261261261275,1.7069701280227676,4.071834992887624,10.597439544807955,2.080369843527734,5.956614509246094,7.69914651493599,1.013513513513523,1.0135135135135158,2.0270270270270174,0.0,2.702702702702709,0.0
2038,Die Grünen,1750,19,1.0,0.0,4.815670934091986,1.0,1.0,3.0405405405405426,0.40896159317212266,4.551920341394016,5.032005689900423,1.7425320056899025,12.802275960170704,4.356330014224746,1.689189189189186,2.3648648648648702,5.067567567567579,1.0135135135135158,4.054054054054042,4.054054054054063
4026,FDP,1750,19,1.0,1.0,3.680654338549074,1.0,1.0,1.4076576576576574,8.890469416785209,1.760312944523477,0.3022759601706895,4.67638691322901,4.285206258890469,2.1692745376955926,1.3513513513513544,0.0,3.040540540540526,2.702702702702709,0.0,1.3513513513513544
4341,Die Grünen,1750,19,0.0,0.0,7.248696064485536,1.0,1.0,1.4076576576576585,1.9203413940255984,11.379800853485065,7.201280227596023,3.1294452347083777,12.126600284495026,7.734708392603125,1.3513513513513544,1.3513513513513473,1.0135135135135087,1.689189189189186,2.0270270270270316,1.013513513513523
2742,bunt.saar,1750,19,1.0,1.0,2.3233760075865377,1.0,0.0,2.25225225225225,1.8847795163584706,1.1735419630156514,1.5291607396870432,3.058321479374108,5.707681365576114,0.5867709815078399,5.067567567567565,0.6756756756756772,0.3378378378378244,5.067567567567565,0.675675675675663,1.6891891891892072
3938,bunt.saar,1750,19,1.0,0.0,2.2848506401137967,0.0,1.0,1.463963963963966,4.516358463726888,1.9203413940255984,0.6223328591749677,1.1024182076813602,3.8584637268847715,1.689189189189193,1.0135135135135087,1.013513513513523,2.364864864864856,1.3513513513513544,2.3648648648648702,0.6756756756756843
545,bunt.saar,1750,19,1.0,0.0,2.2226173541962972,1.0,1.0,2.421171171171173,3.7162162162162176,3.840682788051197,0.21337126600283796,1.3157894736842124,2.471550497866289,1.7780938833570303,0.6756756756756772,3.7162162162162105,2.702702702702709,3.378378378378379,2.702702702702709,1.3513513513513544
95,bunt.saar,1750,19,1.0,1.0,4.2644618302512995,1.0,1.0,1.5202702702702748,4.018492176386907,2.00924608819345,4.160739687055468,0.6934566145092376,7.770270270270274,6.934566145092461,2.3648648648648702,1.689189189189186,1.01351351351353,0.0,1.689189189189193,2.3648648648648702
308,FDP,1750,19,0.0,0.0,2.441915599810342,0.0,0.0,3.828828828828827,5.796586059743959,0.17780938833571014,0.5334281650071233,5.529871977240397,2.4182076813655797,0.1955903271692847,2.7027027027026946,5.067567567567572,5.067567567567579,2.364864864864856,5.067567567567565,2.7027027027026946
1836,Die Grünen,1750,19,1.0,1.0,5.722498814604077,1.0,1.0,0.9572072072072059,5.1209103840682815,7.201280227596023,6.134423897581783,1.546941678520632,10.97083926031295,3.3605974395447973,2.7027027027027017,0.6756756756756701,0.0,1.3513513513513473,0.0,1.0135135135135158
1935,CDU,1750,19,1.0,0.0,3.2805832147937415,1.0,0.0,2.3085585585585613,2.7560455192034112,2.6493598862019923,4.67638691322901,0.9246088193456643,6.685633001422481,1.9914651493598896,2.0270270270270316,4.729729729729726,1.6891891891892001,2.702702702702709,0.3378378378378386,2.364864864864863
2296,Die Grünen,1750,19,0.0,1.0,4.94902797534377,1.0,0.0,2.646396396396399,2.560455192034155,4.409672830725462,5.778805120910384,8.481507823613093,7.894736842105267,0.5689900426742582,3.378378378378393,1.3513513513513544,1.689189189189193,0.0,4.729729729729726,4.729729729729726
359,SPD,1750,19,0.0,0.0,4.771218587008068,0.0,0.0,2.5900900900900887,0.5867709815078399,3.236130867709818,5.938833570412527,7.752489331436706,5.974395448079662,5.138691322901856,3.7162162162162033,2.3648648648648702,3.378378378378372,0.0,5.067567567567572,1.0135135135135158
635,FDP,1750,19,0.0,1.0,5.313537221431962,1.0,1.0,1.5202702702702702,5.26315789473685,0.7112375533428192,6.116642958748223,12.535561877667135,1.6714082503556327,5.583214793741114,0.0,0.6756756756756843,2.3648648648648702,0.6756756756756701,2.364864864864856,3.0405405405405403
1396,DIE LINKE,1750,19,1.0,0.0,3.1709340919867244,1.0,1.0,2.8153153153153156,3.0761024182076824,0.32005689900426404,5.867709815078236,1.2268847795163538,3.8229018492176436,4.711948790896166,2.7027027027027017,0.0,0.6756756756756843,6.081081081081081,4.054054054054049,3.378378378378379
3027,CDU,1750,19,0.0,0.0,4.282242769084874,0.0,1.0,1.9144144144144164,1.973684210526315,3.627311522048373,5.992176386913222,9.423897581792318,3.769559032716927,0.9068278805120897,2.3648648648648702,3.0405405405405332,1.3513513513513615,0.6756756756756701,1.0135135135135158,3.0405405405405475
4194,DIE LINKE,1750,19,0.0,0.0,2.6345424371740194,0.0,0.0,4.335585585585587,3.876244665718353,1.973684210526315,2.8271692745377024,0.17780938833571014,1.973684210526315,4.9786628733997205,1.3513513513513615,1.3513513513513473,6.756756756756758,1.689189189189193,7.432432432432435,7.432432432432428
5015,SPD,1750,19,0.0,0.0,8.235538169748695,0.0,1.0,1.8581081081081088,2.187055476529153,1.5825035561877598,13.513513513513516,8.32147937411095,14.86486486486487,8.943812233285925,0.3378378378378386,0.3378378378378244,1.689189189189193,3.378378378378379,3.7162162162162247,1.689189189189193
5068,CDU,1750,19,1.0,0.0,3.0879563774300585,1.0,0.0,3.0968468468468466,3.1827880512090942,1.546941678520632,0.7645803698435216,6.418918918918912,2.951635846372689,3.662873399715501,3.0405405405405475,3.378378378378379,0.6756756756756701,2.3648648648648702,6.081081081081081,3.0405405405405332
4837,FDP,1750,19,0.0,1.0,8.537814129919388,1.0,1.0,7.038288288288288,0.426742532005683,10.953058321479368,11.557610241820761,5.95661450924608,7.04125177809388,15.291607396870553,6.756756756756751,6.081081081081088,7.432432432432428,6.418918918918926,7.770270270270267,7.770270270270267
4403,bunt.saar,1750,19,0.0,0.0,3.814011379800853,0.0,0.0,1.8581081081081088,4.498577524893314,5.849928876244675,3.3250355618776624,1.7780938833570303,5.778805120910384,1.653627311522051,2.3648648648648702,1.013513513513523,1.3513513513513473,5.067567567567565,0.3378378378378386,1.0135135135135087
2829,FDP,1750,19,1.0,0.0,6.282598387861545,1.0,1.0,1.5202702702702677,10.472972972972968,7.112375533428171,1.7069701280227676,5.334281650071112,9.45945945945946,3.6095305832147915,1.689189189189186,0.0,2.7027027027026946,1.0135135135135016,1.0135135135135158,2.702702702702709
3245,FDP,1750,19,0.0,1.0,3.03461356092935,1.0,1.0,1.520270270270269,1.1024182076813602,3.413940256045514,0.5156472261735487,4.320768136557611,3.2183499288762505,5.636557610241816,2.702702702702709,0.6756756756756701,2.0270270270270245,1.0135135135135016,0.6756756756756772,2.0270270270270316
4895,bunt.saar,1750,19,1.0,0.0,3.7725225225225265,1.0,1.0,0.6756756756756749,1.9559032716927476,2.880512091038412,5.280938833570417,6.774537695590325,3.200568990042683,2.5426742532005733,0.3378378378378386,0.0,0.0,1.0135135135135158,1.689189189189193,1.0135135135135016
4397,FDP,1750,19,1.0,0.0,4.202228544333806,1.0,0.0,1.9144144144144117,0.32005689900426404,6.490042674253203,2.6671408250355597,4.445234708392604,2.080369843527741,9.210526315789465,3.378378378378372,3.7162162162162176,0.3378378378378386,2.0270270270270174,0.3378378378378386,1.689189189189186
3761,Die Grünen,1750,19,1.0,0.0,4.383001422475107,1.0,1.0,1.2387387387387356,3.8584637268847715,0.37339971550498063,1.7069701280227747,7.699146514935983,9.726173541963014,2.9338549075391143,1.3513513513513473,1.3513513513513402,0.6756756756756772,3.0405405405405332,0.6756756756756772,0.3378378378378386
4653,DIE LINKE,1750,19,1.0,1.0,3.1057373162636353,1.0,1.0,3.3220720720720713,0.9246088193456643,0.9068278805120968,3.627311522048373,2.7916073968705533,10.11735419630157,0.26671408250355455,4.729729729729726,3.378378378378386,2.7027027027026946,1.3513513513513615,4.054054054054049,3.7162162162162105
1374,SPD,1750,19,0.0,1.0,2.6967757230915104,0.0,1.0,1.9707207207207205,4.996443812233295,0.46230440967282505,4.071834992887624,1.689189189189186,3.840682788051197,1.1201991465149348,1.689189189189186,2.702702702702709,2.0270270270270316,1.3513513513513473,0.3378378378378386,3.7162162162162105
3699,CDU,1750,19,1.0,0.0,2.20483641536273,0.0,0.0,4.729729729729727,0.32005689900426404,0.8357041251778057,1.724751066856328,1.2980085348506378,6.36557610241821,2.6849217638691343,2.3648648648648702,5.4054054054054035,5.743243243243235,2.364864864864863,5.743243243243235,6.756756756756758
2015,bunt.saar,1750,19,1.0,0.0,6.092935040303465,1.0,0.0,4.335585585585587,7.859174964438118,4.356330014224753,4.249644381223341,5.938833570412527,9.388335704125183,4.765291607396868,10.135135135135144,2.364864864864863,0.6756756756756701,7.432432432432435,2.364864864864863,3.0405405405405475
4293,bunt.saar,1750,19,1.0,1.0,7.539118065433861,1.0,1.0,1.0135135135135147,3.627311522048373,8.570412517780944,7.059032716927462,5.28093883357041,11.557610241820768,9.13940256045521,1.3513513513513473,0.6756756756756772,1.0135135135135158,1.0135135135135158,1.3513513513513544,0.6756756756756772
2410,SPD,1750,19,0.0,0.0,5.360953058321479,0.0,1.0,7.09459459459459,2.631578947368425,1.3157894736842124,5.849928876244675,1.4580369843527734,9.832859174964433,11.077524893314354,6.418918918918912,2.3648648648648702,5.743243243243242,9.121621621621621,9.121621621621614,9.797297297297284
1648,FDP,1750,19,1.0,0.0,6.098862019914653,1.0,1.0,2.9842342342342314,7.965860597439544,1.2446657183499283,9.975106685633001,8.677098150782356,3.5739687055476637,5.1564722617354235,1.0135135135135016,3.7162162162162105,5.067567567567558,0.3378378378378386,3.378378378378379,4.391891891891902
141,SPD,1750,19,0.0,1.0,5.571360834518725,1.0,1.0,4.898648648648648,0.26671408250354744,4.516358463726888,9.815078236130866,2.5248933143669916,10.170697012802272,6.134423897581783,2.702702702702709,0.0,7.770270270270274,5.067567567567565,8.108108108108112,5.743243243243228
788,FDP,1750,19,1.0,1.0,4.288169748696063,1.0,1.0,1.9144144144144104,3.6095305832147915,2.2048364153627347,1.4580369843527734,1.2980085348506378,13.282361308677096,3.876244665718346,1.689189189189186,2.0270270270270245,1.689189189189186,3.0405405405405332,2.364864864864856,0.6756756756756772
4999,bunt.saar,1750,19,1.0,1.0,5.4024419155998125,1.0,0.0,0.9009009009009006,1.9203413940255984,1.51137980085349,4.249644381223334,5.45874822190612,12.962304409672832,6.3122332859175,1.689189189189193,0.6756756756756772,1.3513513513513544,0.0,1.3513513513513544,0.3378378378378244
1754,bunt.saar,1750,19,1.0,0.0,7.462067330488382,1.0,1.0,1.9144144144144153,3.8229018492176436,9.477240398293027,7.752489331436699,3.5028449502133725,10.295163584637258,9.921763869132292,1.689189189189186,0.0,2.3648648648648702,2.0270270270270245,2.364864864864863,3.0405405405405475
1297,FDP,1750,19,0.0,1.0,7.8828828828828845,1.0,1.0,0.7882882882882895,3.982930298719765,2.3470839260312957,9.103840682788057,11.415362731152207,13.175675675675677,7.2724039829302995,0.6756756756756701,0.6756756756756772,0.6756756756756737,0.6756756756756914,1.0135135135135087,1.0135135135135158
2865,bunt.saar,1750,19,1.0,0.0,3.8051209103840677,1.0,0.0,1.8018018018018,2.080369843527741,2.8982930298719793,8.712660028449498,0.6578947368421026,4.480796586059739,4.000711237553347,1.689189189189186,3.0405405405405332,2.3648648648648702,2.0270270270270316,0.675675675675663,1.0135135135135158
780,bunt.saar,1750,19,1.0,0.0,3.686581318160261,1.0,1.0,1.8018018018018023,1.5825035561877598,0.07112375533426984,8.07254623044097,4.42745376955903,6.436699857752494,1.5291607396870432,3.378378378378372,0.3378378378378244,1.0135135135135158,3.378378378378379,1.0135135135135158,1.6891891891892072
5172,Die Grünen,1750,19,1.0,0.0,6.700450450450447,1.0,1.0,2.3648648648648596,0.40896159317212266,5.8321479374110865,7.130156472261724,3.236130867709818,13.904694167852057,9.690611664295872,0.6756756756756701,0.3378378378378386,3.378378378378372,1.689189189189186,4.391891891891881,3.7162162162162105
2262,Die Grünen,1750,19,1.0,0.0,3.7725225225225216,0.0,0.0,3.32207207207207,7.450213371266003,2.1692745376955855,1.618065433854909,3.413940256045514,5.0853485064011394,2.8982930298719793,0.3378378378378315,1.013513513513523,5.4054054054054035,1.689189189189186,5.4054054054054035,6.081081081081074
2202,bunt.saar,1750,19,1.0,1.0,4.39189189189189,1.0,1.0,8.389639639639642,0.08890469416784441,8.3570412517781,4.889758179231862,1.4224751066856243,10.97083926031295,0.6223328591749606,6.081081081081081,7.0945945945945965,9.797297297297298,7.770270270270267,10.47297297297299,9.121621621621614
1434,FDP,1750,19,1.0,0.0,4.877904220009484,1.0,0.0,1.4639639639639637,2.489331436699864,1.191322901849226,8.339260312944525,4.285206258890469,9.672830725462298,3.2894736842105274,1.3513513513513473,0.6756756756756772,2.0270270270270245,1.0135135135135158,2.3648648648648702,1.3513513513513473
4037,FDP,1750,19,1.0,0.0,4.237790422000953,1.0,1.0,1.8018018018018047,3.7517780938833525,4.658605974395456,1.3157894736842124,5.921052631578952,3.5028449502133725,6.2766714082503725,6.756756756756758,0.3378378378378386,0.0,1.689189189189193,1.3513513513513544,0.6756756756756843
2484,SPD,1750,19,1.0,1.0,6.792318634423899,1.0,1.0,2.195945945945946,2.4537695590327075,9.086059743954486,8.339260312944532,4.747510668563301,8.179231863442382,7.948079658605984,2.364864864864863,2.364864864864856,1.3513513513513686,2.0270270270270245,3.378378378378372,1.689189189189193
3625,DIE LINKE,1750,19,1.0,1.0,5.032005689900426,0.0,0.0,1.6891891891891906,3.556187766714082,2.916073968705547,7.147937411095306,2.7204836415362763,7.130156472261731,6.721194879089616,1.3513513513513615,0.0,1.689189189189186,4.391891891891895,1.3513513513513473,1.3513513513513544
1177,Die Grünen,1750,19,0.0,0.0,5.681009957325746,1.0,1.0,1.4076576576576596,4.42745376955903,3.307254623044095,4.658605974395449,0.7823613086770962,12.07325746799431,8.837126600284499,1.3513513513513544,1.0135135135135158,2.0270270270270316,0.3378378378378386,2.3648648648648702,1.3513513513513473
617,FDP,1750,19,0.0,1.0,5.62470365101944,0.0,1.0,4.27927927927928,6.1877667140825,2.5248933143669916,0.8179231863442382,9.530583214793744,5.583214793741114,9.103840682788054,5.067567567567565,1.689189189189186,4.729729729729733,2.0270270270270316,4.054054054054056,8.108108108108112
2115,bunt.saar,1750,19,1.0,1.0,5.663229018492177,1.0,1.0,2.5900900900900887,1.0490753911806578,4.765291607396868,7.396870554765293,2.4182076813655797,14.455903271692748,3.8940256045519135,3.0405405405405332,2.3648648648648702,1.0135135135135158,4.729729729729733,1.0135135135135087,3.378378378378372
102,FDP,1750,19,1.0,1.0,5.221669037458513,1.0,1.0,7.545045045045047,2.8982930298719793,3.3250355618776624,3.840682788051218,10.11735419630157,8.943812233285914,2.2048364153627347,1.013513513513523,5.067567567567565,9.121621621621614,8.10810810810812,9.45945945945946,12.5
4402,Die Grünen,1750,19,1.0,0.0,3.8525367472735916,1.0,0.0,3.8288288288288257,9.850640113798008,6.241109530583209,0.1955903271692847,3.69843527738265,3.0049786628734054,0.12446657183499354,4.391891891891888,3.7162162162162176,3.0405405405405332,3.0405405405405403,4.054054054054049,4.729729729729726
4926,Die Grünen,1750,19,1.0,1.0,4.314841156946415,1.0,1.0,2.3085585585585555,0.1422475106685539,3.413940256045514,4.142958748221901,2.2759601706970045,9.530583214793744,6.383357041251777,3.378378378378379,2.364864864864856,2.3648648648648702,3.7162162162162176,1.3513513513513473,0.675675675675663
4527,FDP,1750,19,1.0,0.0,4.261498340445709,0.0,0.0,5.180180180180177,7.432432432432435,1.511379800853483,3.6095305832147915,3.982930298719765,6.009957325746804,3.02275960170698,0.0,3.7162162162162176,10.13513513513513,4.391891891891888,7.094594594594589,5.743243243243235
1664,Die Grünen,1750,19,0.0,1.0,3.1057373162636353,0.0,1.0,2.5900900900900865,2.080369843527741,0.5867709815078399,5.032005689900423,0.6401137980085352,5.26315789473685,5.032005689900423,2.3648648648648702,0.675675675675663,3.0405405405405332,5.405405405405411,1.0135135135135087,3.0405405405405332
289,Die Grünen,1750,19,1.0,0.0,5.5802513039355155,1.0,0.0,7.432432432432435,5.387624466571836,4.640825035561882,3.8584637268847786,2.6315789473684177,10.91749644381224,6.045519203413939,2.0270270270270316,5.067567567567565,9.459459459459467,6.756756756756758,10.472972972972975,10.810810810810814
2352,CDU,1750,19,1.0,1.0,4.237790422000951,1.0,0.0,2.7590090090090094,4.267425320056901,1.511379800853483,0.8712660028449548,7.663584637268848,6.401137980085352,4.711948790896166,5.4054054054054035,0.0,2.7027027027027017,2.3648648648648702,2.0270270270270245,4.054054054054056
947,FDP,1750,19,0.0,1.0,3.0849928876244697,0.0,1.0,1.6891891891891884,0.5867709815078399,0.32005689900427114,4.42745376955903,3.236130867709818,2.1337126600284506,7.805832147937409,2.7027027027026946,0.3378378378378386,3.0405405405405403,0.3378378378378457,1.689189189189186,2.0270270270270245
2660,bunt.saar,1750,19,0.0,0.0,7.346491228070172,0.0,0.0,5.630630630630627,3.058321479374115,6.169985775248925,9.939544807965845,1.1913229018492189,12.78449502133713,10.9352773826458,1.689189189189186,1.0135135135135158,7.7702702702702595,7.094594594594589,7.770270270270274,8.445945945945937
4877,Die Grünen,1750,19,1.0,0.0,4.916429587482219,1.0,0.0,1.8581081081081088,0.46230440967283215,6.330014224751068,4.854196301564727,0.6934566145092376,10.988620199146517,6.169985775248932,1.689189189189186,0.0,2.0270270270270316,2.364864864864856,2.0270270270270316,3.0405405405405475
82,bunt.saar,1750,19,0.0,0.0,7.628022759601709,0.0,0.0,4.2229729729729755,4.036273115220482,8.12588904694168,6.667852062588906,3.165007112375541,13.140113798008535,10.633001422475111,5.405405405405411,0.0,3.7162162162162105,2.0270270270270316,6.418918918918919,7.770270270270281
2043,FDP,1750,19,0.0,1.0,4.735656709340922,1.0,1.0,2.421171171171169,7.21906116642959,3.94736842105263,3.413940256045521,10.241820768136563,0.5512091038406837,3.0405405405405403,1.3513513513513544,1.689189189189186,2.3648648648648596,0.0,5.743243243243235,3.378378378378379
4786,bunt.saar,1750,19,0.0,1.0,5.423186344238974,0.0,0.0,1.407657657657655,1.2446657183499354,9.103840682788054,3.556187766714082,2.115931721194869,9.619487908961588,6.899004267425312,0.3378378378378244,0.6756756756756772,0.6756756756756701,0.3378378378378386,1.689189189189193,4.729729729729726
5108,Die Grünen,1750,19,1.0,0.0,5.203888098624943,1.0,1.0,5.46171171171171,2.987197724039838,0.37339971550498063,7.059032716927462,3.698435277382643,10.170697012802272,6.934566145092461,6.756756756756765,1.0135135135135016,7.0945945945945965,5.743243243243235,5.067567567567565,7.0945945945945965
2427,DIE LINKE,1750,19,0.0,1.0,3.8347558084400184,1.0,0.0,1.9707207207207194,1.5291607396870575,5.95661450924608,5.298719772403977,1.1201991465149348,5.4765291607396875,3.627311522048373,2.702702702702709,1.689189189189186,3.0405405405405332,3.0405405405405403,0.3378378378378315,1.0135135135135158
5121,FDP,1750,19,1.0,1.0,6.504860123281179,1.0,0.0,2.7590090090090116,6.205547652916081,4.463015647226179,9.068278805120912,1.2802275960170775,13.40682788051209,4.605263157894733,0.6756756756756772,2.702702702702709,3.0405405405405403,2.702702702702716,3.378378378378372,4.054054054054056
2939,bunt.saar,1750,19,1.0,0.0,7.636913229018492,0.0,1.0,5.236486486486483,0.32005689900427114,10.54409672830726,6.525604551920338,4.818634423897578,15.949502133712663,7.6635846372688405,5.4054054054054035,1.3513513513513544,2.7027027027026946,7.432432432432428,5.743243243243242,8.783783783783775
2766,bunt.saar,1750,19,0.0,0.0,6.238146040777621,1.0,0.0,2.8153153153153134,1.1201991465149348,2.8449502133712556,10.472972972972968,7.610241820768138,10.455192034139415,4.925320056899011,3.378378378378379,2.364864864864863,2.7027027027026946,5.743243243243242,2.0270270270270316,0.6756756756756701
248,FDP,1750,19,1.0,0.0,4.074798482693221,0.0,0.0,3.885135135135132,7.183499288762434,8.766002844950215,0.46230440967283215,5.565433854907539,1.475817923186355,0.9957325746799484,0.675675675675663,2.7027027027027017,5.4054054054054035,3.7162162162162176,5.4054054054054035,5.4054054054054035
4843,SPD,1750,19,0.0,0.0,4.8867946894262735,0.0,0.0,2.3085585585585577,2.6137980085348573,4.765291607396875,7.21906116642959,0.40896159317212266,8.890469416785209,5.423186344238985,2.0270270270270245,0.3378378378378244,4.054054054054049,2.0270270270270316,2.3648648648648702,3.0405405405405475
3843,FDP,1750,19,0.0,0.0,3.3961593172119513,0.0,0.0,2.984234234234234,2.115931721194869,8.694879089615938,1.191322901849226,3.2894736842105345,2.6493598862019923,2.435988620199147,4.729729729729726,7.770270270270274,1.689189189189186,2.3648648648648702,1.0135135135135087,0.3378378378378386
4445,DIE LINKE,1750,19,0.0,0.0,2.0507349454717905,0.0,0.0,1.914414414414414,1.546941678520632,4.231863442389752,1.760312944523477,1.9914651493598896,0.23115220483641963,2.5426742532005733,0.0,5.067567567567565,1.6891891891891788,1.3513513513513544,0.6756756756756772,2.702702702702709
1157,bunt.saar,1750,19,1.0,0.0,6.297415836889521,1.0,0.0,5.855855855855856,0.017780938833574567,1.0135135135135087,10.064011379800853,1.013513513513523,15.487197724039824,10.188477951635846,8.108108108108105,0.3378378378378315,6.081081081081088,6.081081081081088,6.081081081081074,8.445945945945951
4679,FDP,1750,19,1.0,1.0,5.790659080132765,0.0,1.0,3.1531531531531534,6.152204836415365,4.480796586059739,10.864153627311524,0.6223328591749677,8.961593172119493,3.662873399715501,1.689189189189186,3.0405405405405403,2.7027027027027017,3.7162162162162176,3.0405405405405475,4.729729729729726
542,bunt.saar,1750,19,1.0,0.0,3.2064959696538637,1.0,0.0,3.0405405405405417,4.267425320056894,0.7823613086770962,1.4580369843527734,8.214793741109531,3.8940256045519206,0.6223328591749677,0.6756756756756772,5.067567567567565,4.729729729729726,4.391891891891888,2.702702702702709,0.6756756756756843
782,bunt.saar,1750,19,0.0,0.0,2.06555239449976,1.0,1.0,3.9414414414414423,3.1827880512090942,0.03556187766713492,0.1422475106685539,3.769559032716927,2.3648648648648702,2.8982930298719793,0.3378378378378386,2.364864864864863,7.0945945945945965,0.3378378378378386,8.783783783783775,4.7297297297297405
3275,DIE LINKE,1750,19,1.0,1.0,2.9338549075391214,1.0,1.0,1.5202702702702677,5.138691322901856,1.2802275960170775,1.0135135135135087,3.5739687055476637,6.241109530583209,0.3556187766714132,3.7162162162162176,0.3378378378378386,0.3378378378378386,2.7027027027026946,1.689189189189193,0.3378378378378244
1595,SPD,1750,19,1.0,0.0,7.479848269321953,1.0,1.0,4.617117117117112,2.3115220483641536,7.948079658605984,17.727596017069693,3.342816500711244,2.720483641536262,10.828591749644382,4.391891891891888,2.3648648648648702,5.4054054054054035,3.7162162162162176,6.418918918918891,5.4054054054054035
278,SPD,1750,19,1.0,0.0,3.304291133238498,1.0,1.0,1.463963963963966,0.32005689900426404,4.943100995732571,4.836415362731152,2.5248933143669916,3.413940256045514,3.7873399715504945,1.0135135135135087,2.7027027027027017,2.0270270270270316,0.3378378378378386,1.689189189189193,1.013513513513523
2072,Die Grünen,1750,19,1.0,0.0,7.73174490279754,1.0,0.0,3.4346846846846866,1.8492176386913215,13.282361308677096,7.343527738264598,2.489331436699864,12.233285917496453,9.192745376955905,3.378378378378379,1.689189189189186,4.391891891891902,0.3378378378378386,5.743243243243249,5.067567567567565
1500,FDP,1750,19,1.0,1.0,3.271692745376954,1.0,1.0,3.32207207207207,1.511379800853483,5.298719772403977,1.4224751066856243,4.587482219061172,1.5647226173541924,5.245376955903275,3.7162162162162176,0.6756756756756701,4.054054054054049,5.743243243243242,3.7162162162162176,2.0270270270270245
242,Die Grünen,1750,19,1.0,0.0,5.746206733048846,1.0,0.0,2.533783783783788,1.475817923186355,3.44950213371267,5.369843527738276,0.4445234708392647,13.53129445234709,10.206258890469421,3.378378378378393,3.7162162162162176,1.3513513513513686,0.3378378378378386,3.378378378378379,3.0405405405405332
1808,Die Grünen,1750,19,0.0,0.0,3.7814129919393076,0.0,0.0,1.6891891891891835,3.4317211948790884,0.017780938833574567,6.1877667140825,0.26671408250354744,11.237553342816497,1.5469416785206391,0.6756756756756772,2.7027027027026946,0.3378378378378244,2.0270270270270316,0.675675675675663,3.7162162162162105
1886,CDU,1750,19,0.0,1.0,2.8982930298719745,1.0,1.0,3.7162162162162176,2.151493598862018,5.743243243243242,3.200568990042669,1.1557610241820697,3.911806543385495,1.2268847795163538,0.6756756756756772,1.689189189189193,6.756756756756758,1.0135135135135158,6.418918918918912,5.743243243243249
1566,SPD,1750,19,1.0,0.0,2.862731152204836,0.0,0.0,1.1824324324324327,5.26315789473685,4.249644381223341,4.480796586059739,0.604551920341386,0.9957325746799413,1.5825035561877598,0.3378378378378386,2.0270270270270316,0.0,2.3648648648648702,1.3513513513513473,1.0135135135135087
1880,FDP,1750,19,1.0,1.0,5.037932669511619,1.0,1.0,3.322072072072075,7.0945945945945965,4.107396870554773,7.201280227596023,3.022759601706973,8.80156472261735,0.0,1.689189189189186,2.3648648648648702,5.743243243243249,0.0,5.405405405405411,4.729729729729733
1780,bunt.saar,1750,19,1.0,1.0,6.946420104314844,1.0,0.0,3.4909909909909906,5.867709815078236,7.290184921763881,7.254623044096732,2.3826458036984306,14.829302987197721,4.054054054054063,5.4054054054054035,0.675675675675663,3.7162162162162247,1.689189189189193,4.729729729729733,4.729729729729726
4491,CDU,1750,19,1.0,1.0,6.691559981033667,1.0,1.0,1.2387387387387403,3.0761024182076895,7.450213371266003,4.623044096728307,8.161450924608815,13.744665718349935,3.09388335704125,0.0,1.0135135135135087,1.3513513513513544,1.3513513513513473,3.378378378378393,0.3378378378378386
1908,bunt.saar,1750,19,1.0,0.0,1.9618302513039356,1.0,1.0,1.8581081081081063,0.46230440967283215,0.5689900426742511,5.245376955903275,1.3513513513513473,3.8229018492176436,0.32005689900426404,1.3513513513513473,3.378378378378379,0.0,2.3648648648648702,2.364864864864856,1.689189189189186
634,bunt.saar,1750,19,1.0,1.0,4.32076813655761,1.0,1.0,0.5067567567567579,4.391891891891895,0.17780938833570303,5.778805120910384,2.916073968705547,8.036984352773821,4.623044096728307,0.0,1.0135135135135158,0.0,0.3378378378378386,0.6756756756756772,1.0135135135135158
4627,Die Grünen,1750,19,1.0,0.0,6.433736367946897,1.0,0.0,6.925675675675676,1.2980085348506378,1.191322901849226,9.77951635846373,5.352062588904694,11.27311522048364,9.708392603129454,6.756756756756765,4.729729729729726,8.78378378378379,8.108108108108105,4.729729729729719,8.445945945945951
1510,CDU,1750,19,0.0,1.0,4.30298719772404,0.0,1.0,1.0698198198198199,2.951635846372696,0.6401137980085352,4.2140825035561775,7.788051209103841,7.450213371266003,2.773826458036986,0.0,2.0270270270270245,0.0,1.0135135135135087,1.689189189189193,1.689189189189193
1013,FDP,1750,19,0.0,0.0,7.906590801327642,0.0,1.0,6.5315315315315345,6.792318634423893,5.565433854907525,11.34423897581793,10.91749644381224,3.94736842105263,8.872688477951634,3.0405405405405475,4.391891891891902,9.797297297297298,3.7162162162162176,6.756756756756758,11.486486486486484
1733,FDP,1750,19,1.0,1.0,4.347439544807968,1.0,0.0,1.520270270270269,3.2183499288762576,2.720483641536269,1.582503556187767,8.303698435277383,3.982930298719765,6.276671408250365,2.0270270270270174,3.7162162162162176,0.0,1.0135135135135016,0.3378378378378386,2.0270270270270387
826,FDP,1750,19,0.0,1.0,2.1870554765291623,0.0,1.0,4.56081081081081,1.9381223328591872,0.7290184921763867,2.5426742532005733,4.943100995732571,2.0981507823613086,0.8712660028449477,1.689189189189186,5.067567567567572,7.094594594594589,3.0405405405405332,4.054054054054056,6.418918918918919
3283,bunt.saar,1750,19,0.0,1.0,3.5828591749644425,0.0,1.0,1.0135135135135098,3.769559032716927,4.445234708392604,4.409672830725462,0.3022759601707037,5.369843527738276,3.200568990042683,0.3378378378378386,2.0270270270270174,0.0,0.3378378378378315,1.0135135135135016,2.3648648648648702
3343,CDU,1750,19,1.0,0.0,3.070175438596492,1.0,0.0,1.407657657657662,0.03556187766713492,4.463015647226179,1.1201991465149348,3.485064011379805,7.21906116642959,2.0981507823613086,0.3378378378378457,0.0,2.3648648648648702,1.013513513513523,2.364864864864863,2.3648648648648702
5113,Die Grünen,1750,19,1.0,0.0,2.7441915599810316,1.0,1.0,1.3513513513513509,4.87197724039828,0.8890469416785152,3.4317211948790884,0.9957325746799484,6.276671408250358,0.0,2.364864864864856,2.0270270270270316,0.3378378378378386,0.0,0.6756756756756843,2.7027027027026946
2225,CDU,1750,19,0.0,1.0,5.203888098624944,0.0,1.0,2.2522522522522492,3.627311522048373,6.845661450924609,3.378378378378379,0.3378378378378386,13.477951635846374,3.556187766714089,1.0135135135135087,2.0270270270270245,3.378378378378379,2.7027027027026946,2.7027027027027017,1.689189189189186
3356,bunt.saar,1750,19,1.0,0.0,4.522285443338074,1.0,1.0,0.9009009009008994,2.631578947368425,2.115931721194869,5.067567567567565,7.147937411095306,8.926031294452343,1.2446657183499354,1.689189189189186,0.3378378378378386,0.6756756756756772,0.3378378378378386,0.6756756756756772,1.6891891891891788
4673,FDP,1750,19,1.0,0.0,3.7695590327169257,1.0,0.0,5.3490990990990985,0.7645803698435216,7.361308677098151,1.9914651493598896,3.8584637268847715,3.769559032716927,4.871977240398294,6.418918918918912,4.054054054054049,5.067567567567572,4.729729729729726,4.729729729729733,7.0945945945945965
1581,Die Grünen,1750,19,1.0,1.0,5.337245139876717,1.0,0.0,2.984234234234235,3.200568990042669,5.7610241820768096,3.413940256045514,6.934566145092461,8.766002844950215,3.94736842105263,3.0405405405405332,3.378378378378393,1.3513513513513544,3.7162162162162105,3.378378378378386,3.0405405405405332
1710,SPD,1750,19,0.0,0.0,9.749881460407778,0.0,1.0,2.8716216216216224,1.0846372688477999,13.246799431009954,12.179943100995736,2.7027027027027017,21.746088193456615,7.539118065433861,3.7162162162162176,1.3513513513513473,2.702702702702709,3.7162162162162105,4.729729729729726,1.013513513513523
3157,Die Grünen,1750,19,1.0,0.0,4.000711237553344,1.0,1.0,2.195945945945946,2.8449502133712556,5.600995732574688,2.5426742532005733,1.618065433854909,6.614509246088197,4.783072546230443,2.0270270270270245,0.3378378378378386,1.3513513513513544,4.729729729729733,0.3378378378378386,4.391891891891888
4531,SPD,1750,19,1.0,0.0,4.608226647700331,1.0,0.0,1.85810810810811,1.4580369843527734,4.729729729729726,5.778805120910384,0.35561877667140607,6.578947368421048,8.748221906116648,4.054054054054056,0.0,0.3378378378378386,3.0405405405405475,1.3513513513513473,2.3648648648648702
1823,CDU,1750,19,1.0,1.0,3.4435751541014716,1.0,1.0,1.9707207207207205,0.9068278805120968,9.83285917496444,3.2894736842105274,1.511379800853483,3.485064011379805,1.6358463726884764,0.3378378378378386,1.689189189189186,0.6756756756756772,5.067567567567565,1.013513513513523,3.0405405405405332
2158,bunt.saar,1750,19,1.0,1.0,5.455784732100525,1.0,1.0,7.8265765765765805,2.7204836415362763,0.37339971550498063,5.4409672830725455,3.8584637268847786,13.53129445234709,6.8100995732574745,4.391891891891895,3.7162162162162247,9.121621621621628,7.0945945945945965,12.162162162162161,10.472972972972975
4348,bunt.saar,1750,19,0.0,1.0,3.568041725936458,0.0,1.0,1.3513513513513533,1.7780938833570303,3.307254623044095,1.4580369843527734,1.511379800853483,9.886201991465143,3.4672830725462234,0.6756756756756772,1.3513513513513544,2.3648648648648702,3.378378378378379,0.0,0.3378378378378386
1084,SPD,1750,19,1.0,1.0,7.337600758653391,1.0,1.0,1.2387387387387403,2.7027027027027017,6.792318634423893,15.753911806543378,0.2844950213371291,7.290184921763881,11.201991465149362,0.3378378378378386,0.6756756756756772,2.0270270270270316,0.3378378378378457,2.0270270270270316,2.0270270270270174
294,CDU,1750,19,1.0,1.0,1.2357752489331422,1.0,1.0,2.8153153153153156,0.9423897581792318,1.8136557610241795,1.4580369843527734,0.5334281650071233,0.5512091038406766,2.115931721194869,2.3648648648648702,2.3648648648648702,3.0405405405405332,4.054054054054049,3.7162162162162176,1.3513513513513544
4392,DIE LINKE,1750,19,0.0,1.0,3.025723091512569,1.0,1.0,1.8581081081081063,1.0668563300142253,2.560455192034155,5.725462304409675,3.7873399715504945,2.809388335704128,2.2048364153627347,1.689189189189193,2.0270270270270174,2.702702702702709,1.0135135135135087,2.364864864864863,1.3513513513513473
568,Die Grünen,1750,19,1.0,1.0,3.1057373162636304,0.0,1.0,0.9009009009008982,4.089615931721191,2.3470839260312957,0.7112375533428192,6.223328591749635,4.889758179231862,0.37339971550498063,1.0135135135135087,0.6756756756756772,0.675675675675663,0.6756756756756843,0.6756756756756772,1.6891891891891788
2645,Die Grünen,1750,19,1.0,1.0,3.2924371740161207,1.0,1.0,2.3085585585585613,4.391891891891895,0.5156472261735416,2.7738264580369787,3.0761024182076824,5.672119487908958,3.3250355618776695,3.7162162162162176,1.0135135135135158,3.378378378378386,2.0270270270270245,1.3513513513513686,2.364864864864856
280,DIE LINKE,1750,19,1.0,1.0,6.012920815552399,0.0,1.0,4.222972972972973,0.6756756756756772,3.5384068278805216,9.957325746799427,8.854907539118074,9.601706970128028,3.44950213371267,0.3378378378378315,2.7027027027026946,5.743243243243242,4.729729729729733,5.743243243243249,6.081081081081088
4988,bunt.saar,1750,19,1.0,0.0,8.330369843527736,1.0,1.0,0.9572072072072118,1.3157894736842124,1.3869132290184822,10.95305832147936,8.854907539118052,19.98577524893315,7.485775248933152,0.6756756756756772,0.6756756756756772,0.3378378378378386,1.3513513513513402,1.3513513513513686,1.3513513513513686
2795,FDP,1750,19,0.0,1.0,2.4596965386439087,1.0,1.0,2.308558558558559,1.191322901849226,2.631578947368425,2.8982930298719793,3.556187766714082,2.187055476529153,2.293741109530586,4.391891891891888,0.6756756756756772,1.689189189189186,4.054054054054063,2.7027027027027017,0.3378378378378386
480,bunt.saar,1750,19,0.0,0.0,4.928283546704601,0.0,0.0,6.306306306306308,2.6315789473684177,4.267425320056894,3.165007112375534,3.0405405405405403,11.94879089615933,4.516358463726888,7.770270270270274,1.3513513513513473,5.4054054054054035,8.108108108108105,8.445945945945958,6.756756756756758
184,FDP,1750,19,1.0,1.0,9.329065908013275,1.0,1.0,6.700450450450448,5.45874822190612,5.03200568990043,14.3669985775249,5.174253200568991,13.886913229018482,12.055476529160735,1.3513513513513473,4.729729729729733,10.135135135135137,4.729729729729726,8.783783783783775,10.472972972972968
5002,CDU,1750,19,1.0,0.0,3.0346135609293525,0.0,0.0,4.222972972972975,5.743243243243242,1.9381223328591872,1.2091038406827934,6.578947368421048,0.6401137980085352,2.0981507823613086,4.729729729729733,1.0135135135135087,4.729729729729733,6.081081081081088,4.391891891891888,4.391891891891895
1324,SPD,1750,19,0.0,1.0,7.518373636794686,1.0,0.0,1.9707207207207194,4.765291607396875,11.539829302987194,7.645803698435266,0.16002844950213557,12.980085348506393,8.019203413940254,3.378378378378372,0.6756756756756701,3.0405405405405332,0.6756756756756843,2.3648648648648702,1.689189189189186
579,FDP,1750,19,1.0,0.0,4.4481981981982,1.0,1.0,2.6463963963964,4.000711237553347,7.681365576102422,1.6714082503556185,4.125177809388333,8.570412517780944,0.6401137980085352,0.6756756756756843,1.3513513513513473,4.054054054054056,3.7162162162162247,1.689189189189193,4.391891891891895
3250,Die Grünen,1750,19,1.0,1.0,5.692863916548131,1.0,1.0,5.123873873873877,2.6493598862019923,4.623044096728307,6.77453769559034,2.258179231863444,10.881934566145091,6.97012802275961,5.743243243243242,1.0135135135135158,7.0945945945945965,6.756756756756765,5.067567567567579,5.067567567567565
65,bunt.saar,1750,19,1.0,0.0,5.2068515884305375,1.0,1.0,0.9009009009008994,4.836415362731152,6.063300142247506,2.684921763869127,0.9957325746799484,14.704836415362742,1.9559032716927476,1.0135135135135158,1.0135135135135158,1.0135135135135016,2.364864864864863,0.0,0.0
210,SPD,1750,19,1.0,0.0,6.845661450924609,1.0,1.0,3.209459459459461,6.454480796586061,2.7382645803698438,11.024182076813652,4.943100995732571,7.432432432432435,8.481507823613093,1.3513513513513615,2.364864864864856,4.054054054054049,7.770270270270274,1.689189189189193,2.0270270270270316
2396,bunt.saar,1750,19,0.0,1.0,4.889758179231868,0.0,1.0,1.6891891891891895,2.4537695590327075,9.13940256045521,6.330014224751068,1.7425320056899025,9.228307254623047,0.4445234708392718,1.689189189189193,5.743243243243242,0.3378378378378386,1.013513513513523,0.3378378378378386,1.0135135135135016
2860,DIE LINKE,1750,19,1.0,1.0,3.372451398767192,0.0,1.0,1.4639639639639614,0.9601706970128063,1.3513513513513473,2.5426742532005733,1.6002844950213486,6.436699857752494,7.343527738264584,2.364864864864856,0.3378378378378386,0.6756756756756772,3.0405405405405332,0.6756756756756772,1.689189189189186
931,bunt.saar,1750,19,1.0,1.0,7.109412043622567,0.0,1.0,4.617117117117114,1.973684210526315,4.658605974395449,7.521337126600272,9.086059743954479,11.46870554765291,7.948079658605977,5.743243243243242,1.3513513513513544,1.3513513513513402,9.121621621621614,4.391891891891888,5.743243243243242
3414,FDP,1750,19,1.0,1.0,2.536747273589383,1.0,1.0,2.8153153153153117,0.2489331436699942,2.1337126600284506,2.631578947368425,1.9025604551920452,1.582503556187767,6.721194879089616,1.0135135135135087,2.3648648648648702,5.067567567567565,0.675675675675663,3.7162162162162105,4.054054054054053
1635,FDP,1750,19,1.0,1.0,3.016832622095779,1.0,1.0,1.2950450450450421,2.5426742532005733,2.3115220483641536,0.4800853485063996,5.5832147937411065,5.067567567567565,2.115931721194876,0.3378378378378386,0.6756756756756701,1.3513513513513473,0.6756756756756772,1.3513513513513473,3.378378378378372
101,CDU,1750,19,0.0,0.0,4.125177809388333,1.0,0.0,1.5765765765765767,2.916073968705547,0.4800853485063925,1.9203413940255984,8.019203413940254,10.08179231863442,1.333570412517787,0.3378378378378457,3.0405405405405403,1.689189189189186,0.0,3.378378378378379,1.0135135135135087
3538,FDP,1750,19,1.0,0.0,7.343527738264581,1.0,1.0,1.5765765765765778,5.743243243243242,5.014224751066855,9.797297297297305,2.258179231863437,13.442389758179239,7.805832147937409,2.364864864864863,2.7027027027027017,0.6756756756756843,0.3378378378378386,1.3513513513513544,2.0270270270270245
2973,FDP,1750,19,0.0,1.0,4.593409198672357,0.0,0.0,8.333333333333332,1.0846372688477999,4.12517780938834,5.5476529160739645,1.902560455192038,5.28093883357041,9.619487908961588,3.7162162162162176,6.756756756756758,11.824324324324323,0.0,14.189189189189186,13.513513513513509
4642,Die Grünen,1750,19,1.0,1.0,4.460052157420576,1.0,1.0,4.954954954954956,0.23115220483641252,4.836415362731152,4.498577524893307,0.1955903271692776,7.3790896159317185,9.619487908961588,3.378378378378379,1.013513513513523,6.418918918918905,5.067567567567572,6.418918918918919,7.432432432432435
1428,FDP,1750,19,0.0,1.0,4.255571360834523,0.0,1.0,4.279279279279276,1.0490753911806578,0.1955903271692847,4.391891891891895,9.992887624466576,3.1827880512091085,6.721194879089616,1.0135135135135016,4.054054054054056,5.743243243243242,2.7027027027026946,6.418918918918919,5.743243243243242
1431,CDU,1750,19,1.0,0.0,5.206851588430535,1.0,1.0,1.0698198198198163,6.934566145092461,1.0668563300142253,0.6223328591749677,14.598150782361301,6.970128022759603,1.0490753911806507,1.689189189189186,1.0135135135135158,1.689189189189186,0.0,0.3378378378378244,1.689189189189186
2359,bunt.saar,1750,19,1.0,1.0,5.873636794689426,1.0,1.0,1.4076576576576596,1.831436699857747,2.0270270270270316,8.26813655761024,6.490042674253196,10.864153627311524,5.761024182076817,2.0270270270270245,0.3378378378378386,2.0270270270270316,2.0270270270270316,1.0135135135135158,1.0135135135135158
3700,DIE LINKE,1750,19,0.0,0.0,4.483760075865338,1.0,1.0,1.6328828828828794,10.330725462304407,1.3157894736842124,7.183499288762434,0.1955903271692847,7.876955903271693,0.0,1.3513513513513473,2.0270270270270316,2.364864864864863,0.6756756756756701,2.0270270270270174,1.3513513513513473
2060,DIE LINKE,1750,19,1.0,0.0,3.7695590327169257,1.0,1.0,1.8018018018018012,5.796586059743959,0.9779516358463738,0.8357041251778057,3.520625889046933,7.69914651493599,3.7873399715504945,3.378378378378379,0.3378378378378386,2.364864864864863,0.6756756756756772,0.6756756756756772,3.378378378378372
1281,bunt.saar,1750,19,1.0,1.0,2.021100047415833,1.0,0.0,2.3085585585585555,0.35561877667140607,1.5825035561877598,3.449502133712656,1.9559032716927405,4.658605974395449,0.12446657183498644,1.689189189189186,1.689189189189193,2.364864864864856,1.3513513513513544,3.378378378378372,3.378378378378372
3578,SPD,1750,19,1.0,1.0,9.352773826458037,0.0,0.0,8.108108108108107,6.578947368421048,12.553342816500717,12.446657183499283,3.982930298719772,9.708392603129454,10.846372688477949,1.689189189189186,5.067567567567572,11.148648648648646,4.391891891891895,14.864864864864863,11.486486486486484
438,CDU,1750,19,1.0,0.0,4.474869606448554,1.0,0.0,1.4639639639639637,0.7645803698435287,3.236130867709818,6.525604551920338,0.426742532005683,6.827880512091042,9.068278805120912,0.3378378378378386,0.6756756756756843,2.7027027027026946,3.0405405405405403,1.689189189189186,0.3378378378378386
3866,FDP,1750,19,1.0,0.0,4.7326932195353235,1.0,1.0,1.4639639639639672,7.503556187766712,4.285206258890469,0.7645803698435216,6.525604551920338,2.151493598862025,7.1657183499288735,1.3513513513513615,1.3513513513513544,1.3513513513513473,2.0270270270270316,0.6756756756756772,2.0270270270270316
1485,SPD,1750,19,1.0,0.0,3.834755808440017,1.0,1.0,1.520270270270269,6.525604551920338,3.733997155049792,1.973684210526315,5.814366998577526,2.0981507823613015,2.86273115220483,0.675675675675663,4.391891891891888,1.689189189189193,2.0270270270270316,0.3378378378378386,0.0
4973,SPD,1750,19,1.0,1.0,3.4495021337126595,1.0,1.0,4.898648648648646,6.418918918918912,2.080369843527741,1.866998577524896,7.325746799431009,0.35561877667140607,2.6493598862019923,6.756756756756751,4.054054054054049,3.378378378378379,8.445945945945944,2.0270270270270245,4.729729729729726
3226,Die Grünen,1750,19,0.0,0.0,3.5917496443812227,0.0,0.0,3.2657657657657673,1.0668563300142253,0.426742532005683,6.223328591749642,3.378378378378379,6.223328591749642,4.231863442389766,4.729729729729733,3.378378378378379,2.702702702702709,4.054054054054056,1.689189189189186,3.0405405405405403
1564,bunt.saar,1750,19,1.0,1.0,4.706021811284972,1.0,1.0,1.8018018018018012,0.0,3.7339971550497992,4.623044096728307,5.28093883357041,8.837126600284492,5.761024182076824,1.689189189189186,0.6756756756756914,3.7162162162162105,1.0135135135135087,2.0270270270270174,1.689189189189193
4133,FDP,1750,19,1.0,1.0,2.293741109530584,1.0,1.0,3.209459459459462,2.8982930298719793,0.053342816500716594,3.200568990042669,4.285206258890469,1.1913229018492189,2.1337126600284506,3.7162162162162176,1.013513513513523,4.391891891891888,4.729729729729726,0.6756756756756843,4.729729729729733
3701,FDP,1750,19,1.0,1.0,2.664177335229965,1.0,1.0,1.1261261261261264,2.720483641536269,1.5291607396870575,1.0135135135135087,4.125177809388333,4.605263157894733,1.9914651493598896,1.3513513513513402,1.0135135135135158,1.3513513513513615,0.0,2.3648648648648702,0.6756756756756701
3555,bunt.saar,1750,19,0.0,1.0,2.566382171645332,0.0,1.0,1.0698198198198223,0.7112375533428192,3.2539118065433854,0.6756756756756772,5.1209103840682815,2.6137980085348573,3.022759601706973,1.013513513513523,1.3513513513513473,1.689189189189186,0.6756756756756843,0.0,1.689189189189193
3429,FDP,1750,19,0.0,1.0,3.0464675201517317,0.0,0.0,7.601351351351352,0.426742532005683,3.4317211948790884,0.23115220483641252,5.849928876244675,4.30298719772405,4.036273115220482,5.405405405405411,10.472972972972968,9.121621621621621,1.3513513513513473,11.14864864864866,8.108108108108105
4401,Die Grünen,1750,19,1.0,0.0,6.137387387387388,1.0,1.0,0.7882882882882877,3.5739687055476637,1.7425320056898954,7.645803698435273,5.45874822190612,10.472972972972968,7.930298719772409,0.3378378378378386,0.3378378378378386,0.6756756756756772,1.0135135135135158,0.6756756756756772,1.6891891891891788
2088,SPD,1750,19,0.0,1.0,5.032005689900426,0.0,1.0,3.3220720720720713,0.0,5.529871977240397,6.952347083926043,3.1827880512090942,8.694879089615938,5.8321479374110865,3.378378378378372,1.689189189189186,3.7162162162162247,0.6756756756756772,6.756756756756751,3.7162162162162176
2234,FDP,1750,19,1.0,0.0,3.2628022759601705,1.0,1.0,1.914414414414414,3.805120910384062,5.707681365576107,4.2496443812233196,1.2091038406827934,3.8584637268847786,0.7467994310099613,2.702702702702709,0.3378378378378386,0.675675675675663,4.729729729729733,1.3513513513513473,1.689189189189193
880,CDU,1750,19,1.0,1.0,4.62008060692271,0.0,1.0,4.7860360360360374,2.7204836415362763,11.308677098150781,0.7112375533428121,3.8229018492176436,4.747510668563294,4.409672830725455,3.0405405405405403,7.094594594594604,4.391891891891888,6.418918918918919,4.054054054054056,3.7162162162162176
1616,FDP,1750,19,1.0,1.0,4.024419155998102,0.0,1.0,1.5202702702702773,2.7027027027026946,1.6180654338549019,1.546941678520625,3.7339971550497992,9.139402560455189,5.4054054054054035,1.6891891891892072,2.702702702702709,0.6756756756756772,1.01351351351353,2.0270270270270316,1.0135135135135087
4638,FDP,1750,19,1.0,0.0,4.596372688477948,1.0,1.0,4.222972972972975,0.1422475106685539,2.4537695590327147,5.209815078236126,4.089615931721191,7.46799431009957,8.214793741109531,5.743243243243249,6.081081081081081,2.7027027027027017,2.3648648648648702,4.391891891891888,4.054054054054056
4383,SPD,1750,19,1.0,0.0,2.3441204362256998,1.0,1.0,2.5337837837837847,1.475817923186355,0.6223328591749677,4.445234708392604,2.115931721194869,0.9068278805120968,4.498577524893307,1.3513513513513615,3.378378378378379,2.0270270270270174,4.729729729729726,3.0405405405405332,0.6756756756756914
570,Die Grünen,1750,19,1.0,1.0,1.4787814129919414,1.0,1.0,4.504504504504502,1.262446657183503,1.1201991465149348,0.5689900426742582,0.0,4.071834992887624,1.8492176386913286,6.081081081081074,3.0405405405405332,3.378378378378386,4.729729729729726,4.054054054054049,5.743243243243242
4803,FDP,1750,19,1.0,0.0,5.126837363679468,1.0,1.0,3.3783783783783767,4.960881934566139,6.98790896159317,4.551920341394016,4.60526315789474,4.000711237553347,5.654338549075398,5.743243243243235,1.689189189189186,4.054054054054063,5.743243243243242,2.7027027027026946,0.3378378378378386
3554,bunt.saar,1750,19,0.0,1.0,6.694523470839258,0.0,1.0,4.054054054054052,3.94736842105263,3.5028449502133583,12.908961593172116,2.400426742532005,13.21123755334282,4.196301564722617,4.729729729729726,1.0135135135135016,4.054054054054042,6.418918918918912,4.054054054054063,4.054054054054063
4777,CDU,1750,19,1.0,1.0,4.783072546230442,1.0,0.0,0.7882882882882901,1.51137980085349,8.32147937411095,4.107396870554773,3.058321479374108,7.0590327169274545,4.640825035561875,0.0,1.013513513513523,0.0,2.0270270270270174,1.0135135135135158,0.6756756756756843
3083,SPD,1750,19,0.0,0.0,5.28093883357041,0.0,0.0,1.9707207207207205,1.1024182076813602,7.450213371266003,5.903271692745371,0.12446657183499354,7.894736842105267,9.210526315789465,3.0405405405405475,0.3378378378378315,2.3648648648648702,2.0270270270270316,1.3513513513513473,2.7027027027026946
4814,Die Grünen,1750,19,1.0,0.0,4.139995258416309,1.0,1.0,1.1261261261261264,0.6223328591749677,6.561166429587473,3.1294452347083848,3.200568990042669,6.365576102418217,4.960881934566139,0.6756756756756701,0.3378378378378315,1.3513513513513544,1.689189189189186,1.3513513513513686,1.3513513513513473
2794,bunt.saar,1750,19,0.0,0.0,6.187766714082507,1.0,1.0,1.2950450450450457,3.982930298719772,3.9118065433855023,9.886201991465143,1.0490753911806578,9.495021337126602,8.801564722617364,1.0135135135135087,0.3378378378378386,0.3378378378378386,2.702702702702709,1.0135135135135087,2.3648648648648702
3936,DIE LINKE,1750,19,0.0,0.0,5.473565670934093,0.0,0.0,3.0405405405405426,1.475817923186355,6.205547652916081,10.241820768136556,1.1735419630156443,12.251066856330013,1.4935988620199083,5.405405405405411,0.6756756756756843,2.0270270270270245,5.4054054054054035,3.378378378378379,1.3513513513513544
850,Die Grünen,1750,19,0.0,0.0,4.975699383594122,0.0,0.0,1.6328828828828807,0.8357041251778057,0.10668563300143319,9.743954480796589,5.138691322901856,10.330725462304414,3.698435277382636,0.6756756756756772,1.3513513513513402,4.391891891891902,0.3378378378378315,2.7027027027026946,0.3378378378378386
3711,bunt.saar,1750,19,0.0,0.0,6.614509246088197,1.0,0.0,3.941441441441443,3.485064011379805,3.3961593172119606,9.868421052631582,6.027738264580371,10.526315789473685,6.383357041251777,4.7297297297297405,0.3378378378378386,5.743243243243242,4.391891891891888,4.729729729729726,3.7162162162162247
1879,bunt.saar,1750,19,1.0,1.0,5.6395211000474115,1.0,1.0,1.1824324324324362,1.0490753911806578,6.899004267425312,9.157183499288756,0.9068278805120897,8.179231863442382,7.645803698435273,1.013513513513523,0.3378378378378386,1.689189189189193,0.6756756756756772,0.6756756756756772,2.702702702702709
4347,CDU,1750,19,0.0,0.0,3.7665955429113303,0.0,0.0,5.011261261261262,6.223328591749642,1.0490753911806578,5.743243243243242,3.5384068278805074,1.7069701280227534,4.338549075391178,0.0,4.054054054054063,5.743243243243242,3.7162162162162176,9.45945945945946,7.094594594594589
2592,CDU,1750,19,1.0,0.0,3.7606685633001455,1.0,0.0,3.8851351351351346,4.285206258890469,11.006401137980085,2.489331436699864,0.46230440967283215,3.44950213371267,0.8712660028449548,3.7162162162162105,1.3513513513513544,7.770270270270274,2.3648648648648702,3.0405405405405332,5.067567567567565
4342,bunt.saar,1750,19,0.0,0.0,5.500237079184451,0.0,1.0,1.2950450450450468,2.0981507823613086,0.053342816500716594,8.410384068278809,4.640825035561882,11.34423897581793,6.454480796586061,2.0270270270270316,2.0270270270270316,0.6756756756756772,1.3513513513513473,0.3378378378378386,1.3513513513513544
566,bunt.saar,1750,19,1.0,1.0,2.773826458036986,1.0,0.0,2.477477477477477,3.7517780938833525,3.485064011379805,3.200568990042683,4.196301564722617,0.7112375533428192,1.2980085348506378,2.364864864864863,1.0135135135135158,1.6891891891891788,0.3378378378378386,4.729729729729726,4.7297297297297405
3923,bunt.saar,1750,19,0.0,1.0,3.087956377430063,0.0,0.0,2.6463963963963963,3.0761024182076824,2.8271692745377024,4.498577524893314,3.698435277382643,1.369132290184929,3.058321479374108,2.0270270270270174,4.054054054054056,4.054054054054056,2.0270270270270245,3.378378378378372,0.3378378378378528
1382,CDU,1750,19,1.0,1.0,3.642128971076339,1.0,1.0,2.3648648648648667,4.089615931721191,3.271692745376953,3.0049786628733983,6.152204836415365,0.8001422475106708,4.534139402560456,1.689189189189193,4.054054054054056,2.702702702702709,0.3378378378378386,3.378378378378379,2.0270270270270245
1869,Die Grünen,1750,19,1.0,0.0,5.692863916548124,1.0,0.0,1.3513513513513498,7.325746799431009,2.6493598862019923,4.374110953058313,2.5960170697012828,11.539829302987194,5.672119487908951,1.689189189189186,2.0270270270270174,0.3378378378378528,1.3513513513513473,2.0270270270270174,0.6756756756756772
4367,bunt.saar,1750,19,1.0,0.0,5.947724039829306,1.0,0.0,2.4774774774774797,10.06401137980086,1.3335704125177799,5.067567567567565,6.436699857752494,9.317211948790913,3.4672830725462234,2.0270270270270316,1.689189189189193,2.3648648648648702,3.0405405405405403,3.378378378378386,2.364864864864856
3656,Die Grünen,1750,19,1.0,0.0,4.13999525841631,1.0,0.0,4.56081081081081,7.450213371266003,2.3648648648648702,1.2802275960170775,5.8321479374110865,5.45874822190612,2.4537695590327075,2.364864864864863,3.7162162162162176,4.729729729729733,3.0405405405405332,8.108108108108098,5.405405405405411
1450,SPD,1750,19,0.0,0.0,4.931247036510194,0.0,1.0,0.8445945945945953,3.8584637268847715,1.0312944523470833,4.729729729729726,2.3470839260312957,11.006401137980092,6.614509246088197,0.3378378378378386,0.3378378378378386,0.3378378378378386,1.0135135135135087,2.702702702702709,0.3378378378378386
5194,FDP,1750,19,1.0,1.0,3.974039829302987,1.0,1.0,1.689189189189187,1.3157894736842124,5.4054054054054035,2.258179231863444,0.9423897581792318,9.423897581792318,4.498577524893314,2.0270270270270316,1.0135135135135087,1.0135135135135087,0.6756756756756772,3.7162162162162105,1.689189189189186
1819,Die Grünen,1750,19,0.0,0.0,4.474869606448549,0.0,0.0,2.9842342342342305,1.3869132290184822,1.7425320056899025,5.298719772403977,3.1294452347083777,12.091038406827884,3.200568990042669,3.378378378378372,3.7162162162162176,2.364864864864856,4.054054054054042,4.054054054054056,0.3378378378378386
1301,FDP,1750,19,0.0,1.0,5.141654812707444,0.0,1.0,1.9144144144144153,4.12517780938834,4.587482219061165,4.889758179231862,8.26813655761024,1.9559032716927476,7.0234708392603125,6.418918918918919,0.6756756756756772,0.0,1.3513513513513544,0.6756756756756772,2.364864864864863
902,CDU,1750,19,1.0,0.0,3.8732811759127563,1.0,1.0,1.1261261261261228,3.6806543385490826,6.863442389758184,3.0405405405405403,5.28093883357041,3.271692745376953,1.1024182076813673,1.3513513513513402,1.3513513513513473,0.6756756756756772,1.0135135135135158,1.689189189189186,0.6756756756756701
2886,FDP,1750,19,1.0,0.0,3.0849928876244674,1.0,0.0,1.7454954954954947,7.201280227596023,2.7738264580369787,1.1557610241820768,1.689189189189193,0.1955903271692776,5.494310099573255,1.0135135135135087,0.6756756756756772,3.0405405405405403,2.3648648648648702,0.6756756756756701,2.7027027027027017
2724,CDU,1750,19,1.0,0.0,3.568041725936466,1.0,1.0,1.9707207207207205,2.9338549075391214,2.951635846372696,0.9068278805120897,2.3826458036984377,5.796586059743959,6.436699857752494,2.364864864864863,0.3378378378378386,3.7162162162162176,0.0,3.7162162162162176,1.689189189189186
2719,CDU,1750,19,0.0,1.0,1.952939781887153,0.0,0.0,3.659909909909912,3.94736842105263,1.653627311522051,0.5156472261735487,0.5689900426742511,1.546941678520632,3.485064011379805,1.689189189189186,2.3648648648648702,4.391891891891902,0.3378378378378386,6.756756756756751,6.418918918918926
296,FDP,1750,19,1.0,0.0,4.184447605500235,0.0,0.0,1.407657657657655,1.3513513513513473,6.13442389758179,4.889758179231862,1.2980085348506378,5.565433854907539,5.867709815078236,2.364864864864856,0.6756756756756772,2.364864864864863,0.3378378378378386,2.364864864864856,0.3378378378378386
2640,FDP,1750,19,1.0,1.0,3.111664295874821,1.0,0.0,2.5900900900900936,2.400426742531998,2.115931721194876,2.987197724039838,2.0981507823613015,2.7560455192034183,6.312233285917493,1.689189189189193,3.378378378378372,3.0405405405405546,2.702702702702709,1.3513513513513544,3.378378378378379
5076,FDP,1750,19,1.0,1.0,4.47486960644855,1.0,1.0,0.8445945945945953,8.143669985775247,0.4978662873399671,1.2446657183499283,7.965860597439544,4.2496443812233196,4.747510668563294,1.3513513513513544,1.0135135135135158,0.6756756756756772,1.0135135135135016,7.105427357601002e-15,1.0135135135135158
1871,FDP,1750,19,1.0,0.0,4.863086770981508,1.0,0.0,4.617117117117117,7.876955903271693,0.5512091038406837,8.143669985775247,2.151493598862018,7.574679943100996,2.880512091038412,3.378378378378379,2.364864864864863,6.756756756756758,0.6756756756756772,8.445945945945944,6.081081081081081
4493,bunt.saar,1750,19,1.0,0.0,6.700450450450448,1.0,1.0,1.126126126126124,1.4402560455191917,5.796586059743959,10.97083926031295,4.2140825035561775,10.686344238975813,7.0945945945945965,0.0,0.0,2.7027027027026946,2.3648648648648702,0.3378378378378386,1.3513513513513402
1231,DIE LINKE,1750,19,0.0,0.0,6.208511142721668,1.0,0.0,1.5202702702702677,0.426742532005683,2.916073968705547,10.68634423897582,0.12446657183499354,15.611664295874817,7.485775248933145,1.689189189189186,0.3378378378378386,0.6756756756756701,1.689189189189186,2.364864864864863,2.364864864864863
1525,DIE LINKE,1750,19,0.0,1.0,3.8021574205784745,1.0,1.0,4.7860360360360374,0.46230440967283215,3.236130867709818,6.045519203413939,8.01920341394026,1.6714082503556185,3.378378378378379,4.054054054054056,1.689189189189193,4.729729729729733,3.7162162162162176,9.121621621621621,5.4054054054054035
159,bunt.saar,1750,19,0.0,0.0,7.983641536273112,0.0,0.0,5.123873873873875,1.5291607396870575,12.731152204836413,6.721194879089616,0.37339971550497353,14.22475106685632,12.32219061166429,1.3513513513513544,4.729729729729726,6.081081081081081,1.689189189189193,9.121621621621621,7.770270270270274
4750,CDU,1750,19,1.0,1.0,2.474513987671884,1.0,1.0,3.5472972972972996,4.409672830725462,0.9068278805120897,2.151493598862025,4.018492176386907,0.17780938833571014,3.1827880512091085,2.3648648648648702,2.7027027027027017,4.391891891891895,3.378378378378386,3.7162162162162105,4.729729729729733
3141,FDP,1750,19,1.0,1.0,5.236486486486489,1.0,1.0,0.6756756756756724,5.4765291607396875,4.374110953058327,1.0668563300142253,7.610241820768145,10.099573257467995,2.7916073968705533,0.3378378378378315,0.6756756756756772,1.0135135135135087,2.0270270270270174,0.0,0.0
1633,bunt.saar,1750,19,1.0,1.0,5.126837363679467,1.0,1.0,0.5630630630630655,5.4765291607396875,2.4537695590327075,8.321479374110943,1.9381223328591872,7.983641536273105,4.587482219061172,1.0135135135135087,0.3378378378378386,0.3378378378378528,0.3378378378378386,0.0,1.3513513513513544
5055,CDU,1750,19,1.0,1.0,4.012565196775721,1.0,1.0,6.362612612612614,0.37339971550498063,5.494310099573248,8.534850640113795,0.9068278805120897,2.258179231863444,6.507823613086771,4.054054054054049,3.7162162162162176,9.121621621621621,7.432432432432442,7.0945945945945965,6.756756756756758
2337,bunt.saar,1750,19,0.0,1.0,4.451161688003796,1.0,1.0,1.1824324324324305,1.760312944523477,2.7738264580369787,6.1877667140825,0.9957325746799484,10.330725462304414,4.658605974395456,0.3378378378378315,2.0270270270270316,2.0270270270270316,1.689189189189186,1.0135135135135016,0.0
2538,FDP,1750,19,1.0,1.0,2.8508771929824577,1.0,1.0,7.376126126126127,6.116642958748223,0.9246088193456643,2.1337126600284506,0.3022759601707037,4.391891891891895,3.236130867709811,0.0,6.756756756756751,10.472972972972975,1.3513513513513615,11.486486486486484,14.189189189189186
3194,FDP,1750,19,0.0,1.0,3.582859174964439,1.0,1.0,1.8581081081081077,3.982930298719765,3.6450924608819335,4.658605974395449,6.952347083926043,0.8001422475106708,1.4580369843527734,3.378378378378379,0.3378378378378386,0.6756756756756843,3.7162162162162105,2.0270270270270245,1.0135135135135087
592,bunt.saar,1750,19,1.0,0.0,6.075154101469887,1.0,1.0,2.0270270270270316,1.1735419630156443,1.0846372688477857,10.97083926031295,3.6450924608819406,10.615220483641522,8.961593172119478,1.689189189189193,0.6756756756756772,1.6891891891892072,1.013513513513523,2.364864864864863,4.729729729729726
1835,FDP,1750,19,1.0,0.0,3.1324087245139864,1.0,1.0,1.8018018018018,8.730440967283073,2.044807965860592,0.7290184921763796,3.982930298719765,1.4224751066856385,1.8847795163584706,3.0405405405405475,0.3378378378378244,1.689189189189186,1.0135135135135087,1.0135135135135158,3.7162162162162176
3566,CDU,1750,19,1.0,1.0,4.842342342342348,1.0,0.0,2.364864864864863,2.275960170697026,3.4317211948790884,5.796586059743959,5.814366998577526,6.596728307254629,5.138691322901856,4.054054054054056,3.0405405405405403,2.3648648648648702,1.0135135135135087,3.378378378378372,0.3378378378378315
1192,CDU,1750,19,1.0,0.0,4.107396870554762,1.0,0.0,1.182432432432434,1.6714082503556114,6.116642958748223,2.507112375533424,6.1877667140825,5.174253200568991,2.9871977240398238,1.3513513513513615,1.689189189189193,1.0135135135135087,2.0270270270270245,0.6756756756756843,0.3378378378378315
1998,DIE LINKE,1750,19,1.0,0.0,2.6286154575628244,1.0,0.0,4.729729729729731,3.307254623044102,4.37411095305832,2.187055476529153,0.3378378378378386,1.6180654338549019,3.94736842105263,5.405405405405411,4.729729729729726,3.378378378378379,9.45945945945946,2.0270270270270316,3.378378378378379
1858,FDP,1750,19,0.0,1.0,3.61842105263158,1.0,1.0,3.885135135135137,0.604551920341386,2.987197724039838,7.1657183499288735,4.302987197724043,0.6756756756756772,5.974395448079662,2.0270270270270316,4.391891891891902,5.4054054054054035,2.364864864864863,3.0405405405405403,6.081081081081081
533,SPD,1750,19,1.0,1.0,3.9118065433854916,0.0,1.0,3.434684684684683,5.2631578947368425,4.267425320056894,3.805120910384062,1.1379800853485094,3.200568990042683,5.796586059743959,3.0405405405405403,1.3513513513513473,4.729729729729726,3.7162162162162105,0.6756756756756772,7.0945945945945965
3092,CDU,1750,19,1.0,1.0,6.20851114272167,1.0,1.0,4.78603603603604,7.254623044096732,6.009957325746804,4.534139402560456,3.0405405405405403,10.08179231863442,6.330014224751068,8.445945945945951,0.3378378378378386,4.7297297297297405,7.094594594594604,3.378378378378379,4.729729729729726
2267,bunt.saar,1750,19,0.0,0.0,3.4080132764343305,0.0,0.0,1.7454954954954995,2.400426742532005,3.307254623044102,4.302987197724043,3.5384068278805074,3.5739687055476637,3.3250355618776624,1.013513513513523,3.378378378378372,1.3513513513513615,1.0135135135135158,3.378378378378379,0.3378378378378457
1339,CDU,1750,19,0.0,0.0,3.1087008060692263,0.0,0.0,3.1531531531531543,4.231863442389766,0.1422475106685539,1.902560455192038,4.391891891891895,4.854196301564727,3.1294452347083777,1.0135135135135087,2.364864864864863,5.067567567567565,2.702702702702709,3.378378378378379,4.391891891891902
778,DIE LINKE,1750,19,1.0,1.0,4.972735893788525,1.0,1.0,3.2657657657657637,1.9914651493598896,0.35561877667140607,10.953058321479375,0.03556187766713492,15.256045519203411,1.2446657183499354,5.743243243243235,4.054054054054042,3.378378378378379,0.6756756756756843,2.3648648648648702,3.378378378378372
3568,CDU,1750,19,1.0,0.0,9.672830725462305,1.0,0.0,6.137387387387389,2.720483641536269,12.820056899004271,11.34423897581793,1.4580369843527734,15.96728307254623,13.726884779516354,1.689189189189193,8.108108108108105,4.7297297297297405,6.756756756756751,7.432432432432435,8.108108108108112
4817,bunt.saar,1750,19,1.0,0.0,3.787339971550503,1.0,0.0,0.731981981981986,1.760312944523477,0.26671408250355455,3.52062588904694,5.26315789473685,9.975106685633016,1.9381223328591801,0.6756756756756772,1.689189189189193,0.0,0.3378378378378386,1.01351351351353,0.6756756756756772
3697,Die Grünen,1750,19,1.0,0.0,8.460763394973924,1.0,0.0,5.743243243243243,1.2268847795163538,13.780227596017077,7.3790896159317185,2.3115220483641536,12.606685633001433,13.460170697012806,4.729729729729726,4.054054054054056,6.081081081081081,5.743243243243242,6.756756756756758,7.0945945945945965
2393,FDP,1750,19,1.0,1.0,3.271692745376955,1.0,1.0,2.0270270270270294,7.23684210526315,0.6934566145092447,2.0981507823613086,4.978662873399728,2.115931721194876,2.507112375533424,1.689189189189186,0.6756756756756843,2.3648648648648702,4.729729729729726,1.3513513513513544,1.3513513513513544
1198,bunt.saar,1750,19,1.0,1.0,5.55950687529635,1.0,1.0,3.65990990990991,1.0846372688477999,3.3250355618776624,7.610241820768145,1.0490753911806507,11.877667140825032,8.410384068278809,4.729729729729726,1.3513513513513473,1.3513513513513544,4.391891891891895,4.391891891891888,5.743243243243249
584,DIE LINKE,1750,19,0.0,0.0,3.8199383594120477,0.0,0.0,2.984234234234235,0.17780938833571014,5.636557610241823,4.640825035561882,0.17780938833571014,6.827880512091042,5.45874822190612,5.4054054054054035,2.7027027027027017,3.7162162162162176,3.0405405405405403,0.3378378378378386,2.702702702702709
3383,bunt.saar,1750,19,1.0,1.0,3.434684684684688,1.0,1.0,3.603603603603601,2.8271692745377024,0.9957325746799413,3.236130867709818,4.854196301564727,8.054765291607403,0.6401137980085352,0.0,1.3513513513513473,3.378378378378379,7.094594594594589,5.067567567567565,4.729729729729726
3902,CDU,1750,19,1.0,1.0,3.6510194404931213,1.0,0.0,1.970720720720723,1.404694167852064,3.1827880512090942,4.729729729729726,1.3869132290184822,6.027738264580371,5.174253200568991,2.7027027027027017,0.3378378378378386,0.0,4.7297297297297405,2.3648648648648702,1.689189189189186
370,DIE LINKE,1750,19,1.0,1.0,4.465979137031767,1.0,0.0,2.421171171171172,1.404694167852064,2.9338549075391214,1.831436699857747,3.662873399715501,13.442389758179239,3.520625889046933,5.4054054054054035,0.0,0.0,4.391891891891902,2.0270270270270316,2.7027027027026946
4053,Die Grünen,1750,19,0.0,0.0,6.20851114272167,0.0,0.0,3.265765765765765,0.4800853485063925,3.271692745376953,15.89615931721196,4.623044096728307,8.641536273115221,4.338549075391185,3.7162162162162105,3.0405405405405475,5.743243243243249,5.4054054054054035,0.3378378378378386,1.3513513513513402
893,bunt.saar,1750,19,1.0,0.0,8.445945945945946,1.0,0.0,4.729729729729731,5.849928876244675,2.3826458036984306,12.144381223328587,4.463015647226172,15.327169274537702,10.50853485064011,4.7297297297297405,0.3378378378378386,6.081081081081081,6.081081081081081,5.067567567567565,6.081081081081081
1859,FDP,1750,19,0.0,1.0,4.978662873399714,1.0,1.0,2.927927927927931,3.556187766714082,4.054054054054056,9.868421052631575,1.973684210526315,8.534850640113795,1.8847795163584635,2.3648648648648702,1.0135135135135158,4.391891891891895,4.054054054054063,4.054054054054056,1.689189189189186
843,Die Grünen,1750,19,1.0,0.0,6.15220483641536,1.0,1.0,0.7319819819819801,0.3378378378378386,6.578947368421048,4.694167852062591,1.689189189189186,15.682788051209087,7.930298719772409,0.6756756756756701,1.3513513513513473,0.3378378378378386,0.3378378378378457,1.3513513513513402,0.3378378378378386
3464,FDP,1750,19,1.0,0.0,5.470602181128498,1.0,1.0,1.8581081081081077,8.517069701280235,2.151493598862025,3.8229018492176365,8.801564722617364,8.499288762446653,1.0312944523470762,2.0270270270270316,2.0270270270270245,0.3378378378378315,3.7162162162162247,1.689189189189186,1.3513513513513473
1817,DIE LINKE,1750,19,0.0,1.0,5.636557610241819,0.0,0.0,3.0968468468468515,1.0312944523470833,6.756756756756758,4.125177809388333,4.267425320056894,12.571123755334277,5.067567567567565,1.3513513513513544,4.054054054054063,5.4054054054054035,2.0270270270270316,3.378378378378386,2.3648648648648702
2757,DIE LINKE,1750,19,0.0,0.0,3.9947842579421553,0.0,1.0,1.8018018018018023,2.7204836415362763,4.569701280227605,3.3961593172119535,5.778805120910384,5.03200568990043,2.471550497866282,5.067567567567572,2.0270270270270316,0.3378378378378386,0.6756756756756772,0.3378378378378386,2.364864864864856
1062,Die Grünen,1750,19,0.0,1.0,2.678994784257943,1.0,1.0,1.1261261261261264,6.756756756756758,0.017780938833574567,3.342816500711244,0.08890469416784441,4.854196301564727,1.0135135135135087,0.0,1.0135135135135158,1.0135135135135016,0.6756756756756772,2.7027027027027017,1.3513513513513615
4784,Die Grünen,1750,19,1.0,1.0,5.138691322901846,1.0,1.0,2.1396396396396398,6.418918918918912,3.3605974395448044,0.6401137980085352,4.534139402560456,11.024182076813645,4.854196301564727,0.6756756756756843,4.054054054054063,0.3378378378378315,3.0405405405405403,2.7027027027026946,2.0270270270270245
2665,SPD,1750,19,1.0,0.0,4.074798482693222,1.0,1.0,1.3513513513513555,0.9957325746799484,3.3961593172119606,7.112375533428171,3.0405405405405403,4.160739687055468,5.743243243243242,2.0270270270270316,1.689189189189193,0.6756756756756772,1.0135135135135087,1.3513513513513686,1.3513513513513544
5158,FDP,1750,19,1.0,1.0,1.3898767188240875,1.0,1.0,0.3378378378378362,1.7425320056898954,1.9381223328591801,1.2802275960170775,0.6223328591749606,1.3869132290184893,1.3691322901849219,0.0,0.3378378378378315,0.6756756756756701,0.6756756756756772,0.3378378378378386,0.0
2006,SPD,1750,19,0.0,0.0,8.594120436225703,0.0,0.0,3.7162162162162153,1.0846372688477999,9.388335704125183,10.704125177809388,4.800853485064017,17.123044096728307,8.463726884779518,7.432432432432435,0.6756756756756701,3.7162162162162176,1.0135135135135087,5.4054054054054035,4.054054054054056
2128,Die Grünen,1750,19,0.0,1.0,4.5726647700331915,1.0,1.0,1.9144144144144188,1.3869132290184822,3.342816500711244,8.392603129445234,3.413940256045521,6.1877667140825,4.711948790896166,3.378378378378393,0.6756756756756843,2.0270270270270174,4.054054054054056,1.3513513513513615,0.0
2998,bunt.saar,1750,19,1.0,1.0,5.627667140825035,1.0,1.0,2.1396396396396384,3.2539118065433854,0.7467994310099471,8.054765291607396,4.463015647226172,14.242532005689895,3.0049786628734125,3.0405405405405332,2.3648648648648702,0.6756756756756772,4.054054054054056,1.6891891891891788,1.0135135135135158
4262,FDP,1750,19,1.0,1.0,3.7162162162162176,1.0,1.0,2.1959459459459425,3.662873399715508,2.1692745376955855,3.52062588904694,4.054054054054063,7.1301564722617385,1.76031294452347,1.0135135135135016,1.3513513513513473,3.0405405405405403,2.0270270270270174,2.702702702702709,3.0405405405405403
3930,bunt.saar,1750,19,0.0,0.0,7.462067330488384,0.0,1.0,2.0270270270270303,1.4935988620199083,8.801564722617357,5.26315789473685,4.142958748221908,17.158605974395456,7.912517780938828,1.689189189189193,0.6756756756756772,1.0135135135135158,4.729729729729733,1.689189189189193,2.3648648648648702
4708,bunt.saar,1750,19,1.0,0.0,4.374110953058323,0.0,0.0,1.7454954954954924,0.6934566145092447,3.342816500711244,6.667852062588906,0.8179231863442382,8.97937411095306,5.743243243243242,1.3513513513513473,0.0,1.6891891891891788,0.3378378378378457,3.378378378378372,3.7162162162162105
502,CDU,1750,19,1.0,0.0,4.285206258890468,1.0,1.0,2.646396396396394,1.4402560455191917,6.7389758179231976,2.7204836415362763,0.6578947368421026,6.61450924608819,7.539118065433847,2.364864864864856,2.0270270270270174,3.378378378378379,1.0135135135135087,4.391891891891895,2.702702702702709
1138,CDU,1750,19,0.0,1.0,2.9308914177335246,0.0,1.0,1.407657657657661,3.6806543385490826,2.2048364153627347,3.1116642958748244,2.3115220483641536,5.796586059743959,0.4800853485063925,0.0,0.3378378378378386,0.6756756756756772,4.7297297297297405,2.0270270270270316,0.6756756756756772
2607,DIE LINKE,1750,19,1.0,1.0,1.5736130867709797,0.0,1.0,3.265765765765766,0.26671408250354744,1.3335704125177799,4.12517780938834,0.7467994310099613,1.6714082503556114,1.2980085348506378,2.3648648648648702,1.3513513513513544,4.391891891891895,1.0135135135135158,6.756756756756751,3.7162162162162105
4265,Die Grünen,1750,19,0.0,0.0,2.6730678046467475,1.0,1.0,2.815315315315311,1.902560455192038,2.187055476529153,4.320768136557611,0.08890469416784441,4.87197724039828,2.6671408250355597,2.0270270270270174,4.054054054054056,2.0270270270270174,1.689189189189186,5.067567567567565,2.0270270270270245
4122,DIE LINKE,1750,19,1.0,1.0,1.0075865339023231,0.0,1.0,4.279279279279275,1.0846372688477999,0.03556187766713492,2.1692745376955855,0.37339971550497353,1.475817923186355,0.9068278805120897,1.0135135135135087,0.6756756756756701,8.445945945945944,3.0405405405405332,6.081081081081074,6.418918918918919
2481,Die Grünen,1750,19,1.0,0.0,5.725462304409672,1.0,0.0,6.531531531531531,2.1692745376955855,10.50853485064011,4.445234708392604,2.258179231863444,10.241820768136563,4.729729729729726,3.7162162162162176,5.067567567567565,6.418918918918919,8.783783783783782,8.108108108108105,7.0945945945945965
4652,FDP,1750,19,0.0,0.0,4.065908013276435,0.0,0.0,6.249999999999999,3.69843527738265,2.0625889046941666,3.2183499288762576,8.161450924608815,6.027738264580371,1.2268847795163538,5.067567567567565,3.0405405405405403,8.10810810810812,4.054054054054042,8.783783783783782,8.445945945945944
1538,bunt.saar,1750,19,1.0,0.0,4.7208392603129425,1.0,1.0,0.9572072072072094,2.2759601706970045,1.6714082503556114,6.596728307254622,2.080369843527734,11.006401137980092,4.694167852062591,7.105427357601002e-15,2.0270270270270245,1.0135135135135158,2.3648648648648702,0.3378378378378386,0.0
1290,CDU,1750,19,1.0,1.0,0.3882171645329559,1.0,1.0,1.8018018018018047,0.3022759601707037,0.37339971550497353,0.46230440967283215,0.40896159317212266,0.6223328591749677,0.16002844950213557,1.3513513513513615,1.3513513513513473,1.689189189189193,3.378378378378379,3.0405405405405475,0.0
3480,bunt.saar,1750,19,1.0,1.0,3.0464675201517317,1.0,1.0,0.6193693693693673,3.165007112375541,1.760312944523477,3.4672830725462234,2.631578947368425,4.374110953058313,2.880512091038412,1.689189189189186,0.675675675675663,0.6756756756756772,0.6756756756756772,0.0,0.0
287,FDP,1750,19,1.0,1.0,5.595068752963488,1.0,1.0,2.815315315315313,8.143669985775247,4.409672830725455,4.729729729729733,3.449502133712656,5.2631578947368425,7.574679943100996,0.3378378378378386,4.391891891891895,4.391891891891888,2.364864864864856,4.054054054054049,1.3513513513513509
3946,FDP,1750,19,1.0,1.0,9.029753437648175,1.0,1.0,2.1396396396396415,9.77951635846373,4.783072546230443,10.988620199146517,12.908961593172116,3.342816500711244,12.375533428165003,2.0270270270270316,2.0270270270270245,2.7027027027027017,0.3378378378378386,3.0405405405405475,2.7027027027027053
2476,CDU,1750,19,1.0,0.0,1.9944286391654806,0.0,0.0,1.5765765765765754,1.6714082503556114,0.08890469416784441,3.9651493598862118,1.1024182076813602,3.876244665718353,1.262446657183503,0.0,1.689189189189193,0.6756756756756701,0.3378378378378386,4.054054054054042,2.702702702702709
1425,FDP,1750,19,1.0,1.0,1.1853959222380255,1.0,1.0,1.0698198198198199,0.017780938833574567,0.07112375533427695,1.7069701280227534,1.8492176386913286,0.9601706970127921,2.5071123755334277,2.0270270270270245,0.3378378378378386,1.0135135135135158,1.3513513513513544,1.0135135135135087,0.6756756756756772
2289,DIE LINKE,1750,19,0.0,0.0,2.587126600284494,0.0,0.0,3.0968468468468493,7.201280227596023,1.973684210526315,1.3513513513513473,0.3022759601707037,2.187055476529153,2.507112375533424,1.3513513513513473,0.6756756756756772,3.0405405405405403,2.0270270270270316,5.067567567567572,6.418918918918926
3292,Die Grünen,1750,19,0.0,0.0,6.84566145092461,0.0,1.0,1.7454954954954924,8.712660028449513,3.485064011379805,10.170697012802279,2.507112375533424,10.79302987197724,5.4054054054054035,2.0270270270270174,0.3378378378378386,2.702702702702709,2.364864864864856,0.6756756756756701,2.364864864864863
1201,Die Grünen,1750,19,0.0,0.0,7.622095779990521,1.0,1.0,2.927927927927932,5.689900426742533,1.475817923186355,10.633001422475111,4.836415362731152,10.579658605974402,12.517780938833575,2.3648648648648702,2.702702702702709,4.054054054054063,4.054054054054056,2.0270270270270316,2.364864864864863
3931,FDP,1750,19,1.0,1.0,4.0540540540540535,1.0,1.0,2.1396396396396415,6.596728307254629,2.7738264580369787,0.9246088193456607,5.7254623044096675,1.386913229018493,6.91678520625889,3.7162162162162176,1.3513513513513544,2.0270270270270245,2.3648648648648702,2.027027027027028,1.3513513513513544
3789,Die Grünen,1750,19,1.0,0.0,2.987197724039826,1.0,0.0,6.081081081081077,5.51209103840683,2.773826458036986,0.7290184921763796,7.965860597439537,0.4445234708392647,0.49786628733995997,3.378378378378372,6.418918918918912,7.7702702702702595,3.378378378378372,6.756756756756765,8.783783783783782
1534,bunt.saar,1750,19,1.0,1.0,5.678046467520152,1.0,1.0,1.463963963963959,3.6806543385490826,6.0099573257467895,10.152916073968704,0.3911806543385481,7.539118065433854,6.294452347083933,2.3648648648648702,1.0135135135135016,1.0135135135135016,2.7027027027027017,0.6756756756756772,1.0135135135135016
4883,bunt.saar,1750,19,1.0,0.0,6.30334281650071,1.0,1.0,2.308558558558559,0.0,1.3513513513513473,5.992176386913229,6.472261735419636,15.967283072546223,8.036984352773828,1.0135135135135087,1.013513513513523,3.378378378378372,3.378378378378386,2.0270270270270316,3.0405405405405332
2334,Die Grünen,1750,19,1.0,1.0,3.7280701754386008,1.0,1.0,3.3220720720720736,5.245376955903275,3.165007112375534,3.627311522048373,3.840682788051218,3.591749644381224,2.8982930298719793,2.0270270270270245,2.702702702702709,3.7162162162162247,2.0270270270270316,3.7162162162162105,5.743243243243242
4599,bunt.saar,1750,19,1.0,1.0,1.5113798008534818,1.0,1.0,4.391891891891892,1.1735419630156443,0.604551920341386,1.1379800853485023,3.5739687055476566,1.0490753911806578,1.5291607396870432,3.7162162162162176,2.3648648648648702,5.067567567567565,4.391891891891895,5.743243243243228,5.067567567567579
1929,bunt.saar,1750,19,1.0,1.0,2.5130393551446155,1.0,1.0,1.0698198198198188,6.703413940256048,2.187055476529153,4.587482219061172,0.40896159317211556,0.12446657183498644,1.0668563300142182,1.3513513513513473,0.3378378378378244,1.689189189189193,0.3378378378378386,1.0135135135135158,1.689189189189193
513,bunt.saar,1750,19,1.0,0.0,9.394262683736367,1.0,1.0,0.9572072072072064,1.5291607396870575,12.197724039829296,5.1920341394025655,5.938833570412516,18.847795163584635,12.660028449502136,0.6756756756756701,0.3378378378378315,1.3513513513513686,0.6756756756756737,1.3513513513513402,1.3513513513513544
1140,Die Grünen,1750,19,1.0,0.0,3.571005215742056,1.0,1.0,2.7027027027027004,2.809388335704128,6.098862019914655,1.689189189189193,3.1294452347083777,5.494310099573248,2.2048364153627347,2.0270270270270245,1.3513513513513473,3.378378378378372,0.6756756756756701,5.405405405405411,3.378378378378379
1841,FDP,1750,19,1.0,0.0,4.3889284020862975,1.0,1.0,5.180180180180182,9.370554765291615,2.115931721194876,1.0668563300142253,8.232574679943106,0.21337126600283796,5.3342816500711265,0.3378378378378457,4.729729729729726,10.135135135135133,3.7162162162162247,6.081081081081081,6.081081081081081
3987,FDP,1750,19,1.0,1.0,3.0227596017069707,1.0,1.0,3.7162162162162176,2.951635846372689,3.8584637268847715,5.316500711237559,0.017780938833574567,1.3157894736842124,4.676386913229017,4.054054054054056,2.702702702702709,5.067567567567572,3.0405405405405332,2.0270270270270316,5.4054054054054035
2731,FDP,1750,19,1.0,1.0,2.865694642010432,1.0,1.0,5.743243243243245,5.51209103840683,2.7204836415362763,4.747510668563294,2.8627311522048444,0.8890469416785152,0.46230440967283215,1.3513513513513544,3.7162162162162176,9.121621621621628,1.0135135135135158,9.45945945945946,9.797297297297291
1007,bunt.saar,1750,19,1.0,0.0,5.292792792792789,0.0,0.0,7.207207207207209,1.4580369843527734,2.7027027027026946,10.95305832147936,2.86273115220483,8.001422475106693,5.778805120910384,4.391891891891902,1.689189189189186,10.472972972972968,8.108108108108105,8.10810810810812,10.472972972972975
5065,bunt.saar,1750,19,1.0,0.0,5.405405405405404,1.0,1.0,1.970720720720718,1.546941678520632,3.3250355618776624,6.756756756756758,6.561166429587473,9.726173541963014,4.516358463726888,0.6756756756756772,0.6756756756756701,2.364864864864856,3.0405405405405403,2.7027027027026946,2.3648648648648702
5155,DIE LINKE,1750,19,0.0,1.0,4.122214319582738,1.0,1.0,1.182432432432434,5.1031294452347,3.5384068278805074,5.636557610241816,2.8449502133712556,6.081081081081088,1.5291607396870575,1.689189189189186,1.3513513513513544,2.3648648648648702,0.0,1.689189189189193,0.0
499,Die Grünen,1750,19,1.0,1.0,6.5848743480322405,1.0,1.0,0.8445945945945942,10.561877667140813,4.267425320056894,5.5832147937411065,0.3911806543385481,9.921763869132292,8.78378378378379,1.0135135135135087,0.6756756756756772,0.3378378378378386,1.3513513513513473,0.3378378378378386,1.3513513513513544
5104,bunt.saar,1750,19,1.0,0.0,6.77453769559033,1.0,1.0,1.0698198198198199,0.5156472261735487,4.87197724039828,9.032716927453777,4.3029871977240575,15.487197724039824,6.436699857752494,0.3378378378378386,0.6756756756756701,0.6756756756756772,1.6891891891892001,2.364864864864856,0.6756756756756772
1223,bunt.saar,1750,19,1.0,1.0,3.7162162162162176,1.0,1.0,2.139639639639642,1.4935988620199154,5.761024182076817,1.3513513513513544,8.32147937411095,3.236130867709818,2.1337126600284506,4.054054054054056,1.3513513513513544,1.0135135135135158,4.054054054054056,1.3513513513513544,1.0135135135135158
4847,SPD,1750,19,1.0,0.0,3.879208155523942,1.0,0.0,2.646396396396394,2.9694167852062563,7.343527738264584,2.471550497866282,6.472261735419629,2.2403982930298696,1.7780938833570303,0.0,3.0405405405405403,3.7162162162162176,2.364864864864856,2.7027027027026946,4.054054054054056
2091,CDU,1750,19,1.0,0.0,3.2835467045993383,1.0,1.0,1.2950450450450468,6.685633001422481,2.916073968705547,1.404694167852064,4.302987197724043,3.5739687055476566,0.8179231863442382,1.3513513513513686,1.689189189189186,2.364864864864863,0.3378378378378315,1.3513513513513544,0.6756756756756772
1651,FDP,1750,19,1.0,1.0,2.4656235182550987,1.0,1.0,2.2522522522522515,0.8534850640113874,3.1116642958748244,1.9203413940255984,2.9338549075391214,4.854196301564727,1.1201991465149348,4.054054054054056,2.7027027027027017,1.3513513513513544,1.689189189189186,0.6756756756756772,3.0405405405405332
2342,DIE LINKE,1750,19,0.0,1.0,2.3856092935040323,0.0,1.0,2.9842342342342363,2.115931721194869,3.2539118065433854,1.013513513513523,2.7204836415362763,3.876244665718353,1.333570412517787,4.729729729729726,0.6756756756756701,4.391891891891902,3.7162162162162176,3.0405405405405475,1.3513513513513544
2585,DIE LINKE,1750,19,1.0,0.0,3.123518255097204,1.0,0.0,1.5765765765765778,2.2048364153627347,0.3378378378378386,4.142958748221901,1.3513513513513473,7.82361308677099,2.880512091038412,1.689189189189186,0.3378378378378386,0.6756756756756701,3.7162162162162176,1.6891891891892001,1.3513513513513544
3909,CDU,1750,19,1.0,0.0,4.252607871028928,1.0,0.0,2.4211711711711756,1.3157894736842124,2.275960170697026,3.627311522048373,8.997155049786628,7.361308677098151,1.9381223328591801,2.0270270270270316,1.3513513513513615,3.7162162162162176,3.378378378378379,2.0270270270270316,2.0270270270270316
875,CDU,1750,19,1.0,0.0,4.528212422949267,1.0,1.0,1.7454954954954935,2.6493598862019923,1.653627311522051,9.317211948790899,3.840682788051211,0.5867709815078257,9.121621621621621,2.702702702702709,0.3378378378378386,0.3378378378378315,5.067567567567565,0.6756756756756701,1.3513513513513473
5174,FDP,1750,19,0.0,0.0,2.435988620199145,1.0,1.0,6.081081081081082,3.94736842105263,5.885490753911803,0.8534850640113874,0.4800853485063925,1.6180654338549019,1.831436699857754,9.121621621621621,6.418918918918926,4.391891891891888,7.094594594594589,4.391891891891902,5.067567567567565
3352,Die Grünen,1750,19,0.0,0.0,4.442271218587002,1.0,1.0,0.8445945945945942,0.37339971550498063,8.872688477951627,2.7027027027026946,2.8449502133712556,7.930298719772395,3.9295874822190555,0.3378378378378457,2.7027027027027017,0.0,1.0135135135135087,1.0135135135135087,0.0
5176,Die Grünen,1750,19,0.0,1.0,3.852536747273586,1.0,1.0,3.8851351351351355,1.3513513513513473,1.1557610241820697,4.889758179231862,6.401137980085345,7.734708392603132,1.5825035561877598,2.702702702702709,1.3513513513513544,4.054054054054049,6.081081081081081,5.067567567567572,4.054054054054049
219,CDU,1750,19,0.0,0.0,5.64248458985301,1.0,1.0,2.7027027027027017,3.271692745376953,6.810099573257467,3.3250355618776624,8.374822190611667,8.908250355618776,3.165007112375534,0.0,7.432432432432435,1.3513513513513473,1.0135135135135158,1.3513513513513473,5.067567567567565
1277,bunt.saar,1750,19,0.0,1.0,4.323731626363206,0.0,1.0,3.0968468468468493,2.7560455192034112,4.9786628733997205,3.627311522048373,2.187055476529153,8.730440967283073,3.662873399715508,1.3513513513513615,7.094594594594589,1.3513513513513544,5.067567567567565,3.0405405405405475,0.6756756756756772
1989,bunt.saar,1750,19,1.0,0.0,3.831792318634426,1.0,1.0,2.8716216216216197,2.9694167852062563,2.5426742532005733,4.8364153627311595,0.37339971550497353,9.850640113798008,2.418207681365587,4.054054054054056,1.689189189189193,3.0405405405405332,2.702702702702709,3.7162162162162105,2.0270270270270174
3140,bunt.saar,1750,19,1.0,0.0,6.10182550972025,1.0,1.0,2.8716216216216193,4.107396870554766,0.23115220483641963,9.583926031294453,3.022759601706973,14.260312944523484,5.4054054054054035,2.364864864864863,1.689189189189193,1.6891891891891788,3.3783783783783825,4.054054054054035,4.054054054054063
4220,SPD,1750,19,1.0,0.0,2.246325272641061,1.0,1.0,4.110360360360364,0.2844950213371291,3.5384068278805074,3.6450924608819264,1.475817923186355,1.4758179231863409,3.058321479374108,2.0270270270270316,2.7027027027027017,5.067567567567572,3.7162162162162176,6.081081081081081,5.067567567567579
1416,CDU,1750,19,1.0,1.0,3.645092460881935,0.0,1.0,2.308558558558559,3.9295874822190555,6.827880512091035,1.404694167852064,4.534139402560456,1.262446657183503,3.911806543385495,0.6756756756756772,0.6756756756756772,1.0135135135135158,6.0810810810810665,2.3648648648648702,3.0405405405405475
547,bunt.saar,1750,19,0.0,0.0,6.910858226647701,1.0,0.0,5.236486486486488,1.0312944523470833,1.7247510668563208,12.67780938833571,5.316500711237566,14.27809388335703,6.436699857752494,5.743243243243249,1.689189189189186,5.743243243243249,7.770270270270274,5.743243243243242,4.729729729729726
3378,CDU,1750,19,1.0,1.0,2.42413466097677,1.0,1.0,1.0135135135135158,1.2446657183499354,3.876244665718353,1.0668563300142253,0.9957325746799413,4.996443812233295,2.3648648648648702,1.6891891891892072,0.675675675675663,0.0,2.0270270270270316,0.6756756756756701,1.013513513513523
796,FDP,1750,19,1.0,0.0,4.427453769559031,1.0,1.0,4.391891891891892,2.7560455192034112,4.67638691322901,6.401137980085345,1.795874822190612,6.401137980085352,4.534139402560456,6.756756756756765,2.7027027027026946,2.0270270270270245,9.797297297297305,2.0270270270270245,3.0405405405405403
4721,bunt.saar,1750,19,1.0,0.0,4.160739687055481,1.0,0.0,3.8288288288288315,6.383357041251777,3.2539118065433925,4.463015647226172,1.3335704125177799,7.62802275960172,1.9025604551920452,2.3648648648648702,0.6756756756756843,4.054054054054063,7.094594594594589,3.7162162162162176,5.067567567567565
3360,Die Grünen,1750,19,0.0,1.0,2.5041488857278353,1.0,1.0,0.7319819819819848,0.5689900426742511,2.00924608819345,2.6849217638691343,2.1337126600284577,3.627311522048373,4.000711237553347,0.6756756756756843,0.6756756756756701,0.6756756756756843,1.0135135135135087,0.6756756756756772,0.6756756756756843
3939,Die Grünen,1750,19,1.0,0.0,6.928639165481269,1.0,0.0,6.86936936936937,3.4672830725462234,0.40896159317212266,11.16642958748222,4.676386913229017,10.77524893314368,11.077524893314354,5.067567567567572,3.7162162162162176,8.78378378378379,6.418918918918919,7.432432432432435,9.797297297297284
721,FDP,1750,19,1.0,1.0,5.68990042674253,1.0,1.0,2.139639639639641,6.13442389758179,4.054054054054056,1.6358463726884764,9.210526315789465,10.864153627311524,2.2403982930298696,3.378378378378386,3.0405405405405475,0.3378378378378386,3.0405405405405332,0.0,3.0405405405405403
2257,Die Grünen,1750,19,1.0,1.0,2.676031294452349,0.0,0.0,5.236486486486485,0.5334281650071233,4.285206258890469,3.0049786628734054,0.6934566145092376,4.231863442389766,3.307254623044095,4.054054054054049,1.689189189189186,5.405405405405411,9.797297297297291,5.067567567567572,5.4054054054054035
4576,FDP,1750,19,1.0,0.0,4.1577761972498815,1.0,0.0,3.1531531531531485,2.6315789473684177,4.17852062588905,4.054054054054056,3.7339971550497992,9.281650071123742,1.0668563300142253,3.7162162162162105,0.0,5.4054054054054035,1.6891891891891788,5.405405405405396,2.7027027027027017
646,bunt.saar,1750,19,1.0,0.0,6.504860123281174,1.0,1.0,1.3513513513513498,0.8534850640113874,4.694167852062584,6.845661450924595,0.4800853485063996,17.58534850640114,8.570412517780937,2.0270270270270316,1.6891891891891788,0.675675675675663,0.3378378378378386,2.702702702702709,0.6756756756756772
5048,FDP,1750,19,1.0,1.0,1.8344001896633475,1.0,1.0,1.8581081081081088,0.5156472261735487,0.26671408250356166,0.9068278805120897,3.3605974395447973,2.0981507823613086,3.8584637268847786,3.7162162162162176,0.3378378378378386,1.3513513513513544,3.378378378378386,1.689189189189186,0.6756756756756701
2390,FDP,1750,19,1.0,1.0,4.892721669037456,1.0,0.0,2.083333333333337,7.3790896159317185,3.200568990042669,5.903271692745371,3.8584637268847786,4.729729729729733,4.285206258890469,1.689189189189193,2.364864864864863,2.702702702702709,1.01351351351353,2.0270270270270245,2.7027027027027017
4146,FDP,1750,19,0.0,0.0,5.657302038880986,1.0,0.0,5.912162162162162,1.5291607396870575,4.356330014224753,9.957325746799427,4.142958748221901,2.809388335704128,11.148648648648653,5.743243243243235,5.405405405405411,6.418918918918919,4.729729729729726,6.081081081081081,7.094594594594604
3825,Die Grünen,1750,19,0.0,1.0,3.3694879089615903,1.0,0.0,2.815315315315312,2.293741109530579,0.03556187766713492,5.369843527738276,1.2980085348506378,5.885490753911803,5.334281650071112,7.432432432432435,1.3513513513513473,0.0,4.054054054054049,3.0405405405405403,1.0135135135135016
670,bunt.saar,1750,19,0.0,0.0,7.2516595542911295,0.0,0.0,3.6036036036036045,3.9651493598862046,0.4267425320056759,12.980085348506393,2.364864864864863,13.691322901849226,10.081792318634413,2.7027027027027017,0.6756756756756914,3.7162162162162105,2.364864864864863,7.432432432432435,4.729729729729726
1405,FDP,1750,19,0.0,1.0,4.667496443812234,1.0,1.0,1.1261261261261293,1.404694167852064,4.80085348506401,6.36557610241821,7.716927453769557,1.1735419630156443,6.54338549075392,2.0270270270270316,1.689189189189193,0.6756756756756772,0.6756756756756772,0.0,1.6891891891891966
2663,Die Grünen,1750,19,0.0,1.0,3.32207207207207,0.0,1.0,1.5202702702702726,1.8847795163584706,4.018492176386907,4.818634423897564,3.9118065433855023,5.0853485064011394,0.21337126600283796,2.364864864864863,1.0135135135135016,0.6756756756756914,0.0,1.3513513513513544,3.7162162162162247
2786,CDU,1750,19,1.0,1.0,1.8373636794689443,1.0,1.0,6.418918918918919,0.5689900426742511,3.982930298719765,1.8669985775249032,0.4445234708392647,1.475817923186348,2.6849217638691343,0.3378378378378386,10.810810810810807,7.432432432432428,2.364864864864863,8.78378378378379,8.78378378378379
3634,CDU,1750,19,1.0,0.0,2.7115931721194855,1.0,0.0,2.646396396396393,0.1422475106685539,0.26671408250354744,0.46230440967283215,9.317211948790899,4.765291607396868,1.3157894736842124,1.689189189189186,4.729729729729726,0.3378378378378386,2.364864864864856,5.4054054054054035,1.3513513513513473
236,bunt.saar,1750,19,0.0,0.0,2.5308202939781914,0.0,1.0,1.0135135135135123,1.0490753911806578,0.1955903271692847,1.8847795163584777,1.76031294452347,4.765291607396868,5.52987197724039,0.6756756756756701,1.689189189189193,0.6756756756756772,1.0135135135135158,0.6756756756756772,1.3513513513513402
4703,Die Grünen,1750,19,1.0,0.0,2.2818871503082057,1.0,1.0,1.6891891891891848,0.10668563300142608,0.6578947368421026,2.418207681365587,0.8179231863442382,8.641536273115221,1.0490753911806578,0.6756756756756701,3.0405405405405332,2.7027027027026946,0.0,0.3378378378378386,3.378378378378372
1479,FDP,1750,19,1.0,1.0,9.388335704125177,1.0,1.0,4.729729729729731,8.161450924608815,1.3869132290184893,15.611664295874824,9.263869132290182,11.735419630156485,10.170697012802272,3.7162162162162176,3.378378378378379,7.770270270270281,0.0,6.418918918918919,7.094594594594589
4021,FDP,1750,19,1.0,1.0,4.145922238027502,1.0,1.0,3.3783783783783803,6.009957325746804,0.2844950213371291,2.791607396870557,11.877667140825032,0.9957325746799484,2.9160739687055433,3.378378378378379,1.689189189189186,5.067567567567565,3.0405405405405546,4.054054054054056,3.0405405405405403
960,FDP,1750,19,1.0,1.0,4.753437648174489,1.0,1.0,2.815315315315311,8.677098150782356,1.2802275960170775,0.3022759601706895,6.418918918918919,10.793029871977243,1.0490753911806507,6.756756756756758,2.364864864864856,0.3378378378378244,2.364864864864856,2.0270270270270316,3.0405405405405403
2398,bunt.saar,1750,19,1.0,0.0,2.7797534376481736,1.0,0.0,1.520270270270269,0.26671408250354744,2.0803698435277482,5.52987197724039,0.46230440967283215,7.699146514935983,0.6401137980085423,1.3513513513513473,2.364864864864856,1.3513513513513544,1.3513513513513473,1.3513513513513544,1.3513513513513544
3737,bunt.saar,1750,19,0.0,0.0,8.697842579421524,1.0,0.0,1.126126126126125,3.2183499288762576,1.4935988620199083,14.118065433854902,5.4409672830725455,17.656472261735402,10.25960170697013,0.6756756756756843,1.689189189189193,2.364864864864856,0.3378378378378386,1.3513513513513402,0.3378378378378386
1607,bunt.saar,1750,19,1.0,0.0,2.4330251303935575,1.0,1.0,3.265765765765765,1.9203413940255984,0.2489331436700013,3.6095305832147915,0.5512091038406837,5.707681365576114,2.560455192034155,0.6756756756756701,3.378378378378386,4.391891891891902,4.391891891891888,4.391891891891888,2.364864864864856
4222,Die Grünen,1750,19,1.0,0.0,3.5058084400189684,1.0,1.0,3.3783783783783803,0.8712660028449548,0.37339971550498063,4.587482219061172,5.014224751066855,7.343527738264598,2.8449502133712485,3.0405405405405403,2.702702702702709,2.702702702702709,5.4054054054054035,2.364864864864856,4.054054054054063
5171,Die Grünen,1750,19,0.0,0.0,4.928283546704601,1.0,1.0,1.7454954954954982,2.044807965860592,3.236130867709818,8.463726884779526,4.605263157894733,7.396870554765293,3.8229018492176436,1.013513513513523,1.3513513513513402,2.702702702702709,2.0270270270270316,0.6756756756756772,2.702702702702709
2320,DIE LINKE,1750,19,0.0,0.0,4.898648648648649,0.0,0.0,8.277027027027032,8.641536273115221,3.556187766714082,3.8229018492176436,6.454480796586061,4.409672830725462,2.507112375533424,2.3648648648648702,1.689189189189193,13.175675675675677,8.445945945945951,12.162162162162161,11.824324324324337
3551,FDP,1750,19,1.0,1.0,2.7234471313418687,1.0,1.0,1.9707207207207194,6.205547652916081,1.1024182076813602,1.6714082503556185,0.7645803698435287,4.640825035561875,1.9559032716927476,3.0405405405405332,1.3513513513513473,1.013513513513523,3.0405405405405332,2.3648648648648702,1.0135135135135087
2327,DIE LINKE,1750,19,0.0,0.0,4.157776197249877,0.0,0.0,1.4639639639639626,2.471550497866282,5.529871977240397,1.511379800853483,3.8584637268847715,7.130156472261731,4.445234708392597,1.689189189189193,2.364864864864856,2.3648648648648702,0.3378378378378386,1.0135135135135087,1.0135135135135087
169,CDU,1750,19,1.0,0.0,3.3279990516832605,1.0,0.0,4.054054054054055,3.0049786628734054,2.3115220483641536,8.268136557610234,1.7425320056899025,0.6934566145092376,3.94736842105263,2.3648648648648702,0.0,8.783783783783782,6.081081081081088,1.3513513513513473,5.743243243243242
5110,SPD,1750,19,0.0,0.0,4.780109056424848,1.0,0.0,1.3513513513513509,5.174253200568991,10.970839260312943,0.5867709815078399,1.1201991465149348,6.330014224751068,4.498577524893314,1.0135135135135158,0.3378378378378386,4.391891891891888,1.689189189189186,0.0,0.6756756756756772
1634,CDU,1750,19,1.0,0.0,6.128496917970605,1.0,0.0,3.096846846846848,2.3115220483641536,4.925320056899011,7.859174964438118,3.9118065433855023,9.068278805120912,8.694879089615931,1.689189189189193,1.689189189189193,5.743243243243249,0.6756756756756701,3.7162162162162176,5.067567567567565
4898,FDP,1750,19,1.0,1.0,7.03532479848269,1.0,1.0,2.364864864864862,3.7873399715504945,6.650071123755325,8.07254623044097,1.973684210526315,17.709815078236126,4.018492176386907,4.391891891891902,0.675675675675663,2.7027027027027017,0.6756756756756772,5.067567567567565,0.675675675675663
5024,FDP,1750,19,0.0,0.0,5.286865813181606,0.0,0.0,6.193693693693693,7.503556187766712,3.44950213371267,4.889758179231862,9.174964438122338,2.880512091038412,3.8229018492176436,0.3378378378378244,7.770270270270281,10.135135135135137,4.054054054054056,9.121621621621621,5.743243243243242
3177,bunt.saar,1750,19,0.0,0.0,4.999407302038883,0.0,0.0,2.421171171171172,2.7382645803698438,1.2446657183499354,8.001422475106693,2.5604551920341407,9.352773826458034,6.098862019914655,3.0405405405405403,2.702702702702709,2.0270270270270316,2.364864864864863,2.0270270270270316,2.364864864864856
2752,CDU,1750,19,1.0,1.0,2.275960170697013,1.0,1.0,1.5765765765765754,3.0761024182076895,0.49786628733995997,1.6180654338549019,1.618065433854909,5.88549075391181,0.9601706970128063,0.0,3.0405405405405475,1.3513513513513615,4.054054054054042,0.3378378378378315,0.6756756756756701
3547,CDU,1750,19,1.0,0.0,4.3681839734471275,0.0,0.0,1.463963963963965,6.383357041251777,4.640825035561875,0.604551920341386,5.032005689900423,6.970128022759603,2.578236130867701,3.0405405405405332,1.013513513513523,2.0270270270270245,0.6756756756756772,1.013513513513523,1.0135135135135087
3119,bunt.saar,1750,19,1.0,1.0,7.147937411095306,1.0,1.0,3.6036036036036045,4.996443812233295,7.574679943100989,8.054765291607396,0.6223328591749677,13.460170697012806,8.179231863442382,0.3378378378378386,1.0135135135135158,4.054054054054049,4.391891891891895,6.081081081081088,5.743243243243242
2604,FDP,1750,19,0.0,1.0,3.899952584163112,1.0,1.0,3.8288288288288292,1.1379800853485094,0.2844950213371291,2.5960170697012863,13.798008534850638,3.413940256045521,2.169274537695589,2.7027027027027017,2.702702702702709,4.054054054054049,2.702702702702709,5.4054054054054035,5.405405405405405
2175,bunt.saar,1750,19,1.0,1.0,1.5261972498814629,1.0,1.0,4.617117117117112,5.0497866287340045,0.7645803698435287,1.1735419630156514,0.07112375533427695,1.4046941678520568,0.6934566145092589,3.0405405405405475,1.3513513513513402,6.756756756756758,5.067567567567558,6.418918918918905,5.067567567567565
3569,bunt.saar,1750,19,1.0,0.0,5.758060692271218,0.0,0.0,7.7702702702702675,1.9381223328591872,2.00924608819345,9.157183499288756,0.23115220483641252,11.664295874822194,9.548364153627304,7.0945945945945965,4.054054054054042,8.108108108108098,7.432432432432435,7.770270270270274,12.162162162162161
2425,Die Grünen,1750,19,1.0,1.0,3.9325509720246523,1.0,1.0,1.4076576576576596,4.142958748221901,2.6849217638691343,5.138691322901849,1.2980085348506378,5.95661450924608,4.374110953058313,1.689189189189186,0.3378378378378386,2.702702702702709,2.364864864864863,0.6756756756756843,0.6756756756756772
5149,CDU,1750,19,1.0,0.0,4.560810810810813,0.0,0.0,3.885135135135137,2.3115220483641536,6.721194879089616,1.4580369843527734,6.54338549075392,8.481507823613093,1.8492176386913215,1.0135135135135158,3.378378378378379,7.0945945945945965,2.702702702702709,1.3513513513513473,7.770270270270274
4153,Die Grünen,1750,19,1.0,0.0,5.60099573257468,1.0,1.0,3.2094594594594597,3.0405405405405403,7.645803698435273,8.161450924608815,0.26671408250356166,9.086059743954486,5.4054054054054035,2.0270270270270245,4.054054054054056,2.702702702702709,0.6756756756756772,3.378378378378372,6.418918918918919
4378,CDU,1750,19,1.0,1.0,3.8436462778568043,0.0,0.0,3.32207207207207,0.7112375533428192,0.37339971550498063,2.809388335704128,3.520625889046933,10.615220483641536,5.03200568990043,2.702702702702709,1.0135135135135016,5.4054054054054035,0.0,6.081081081081081,4.729729729729726
17,Die Grünen,1750,19,1.0,1.0,3.965149359886199,0.0,0.0,3.2657657657657673,1.5825035561877598,2.0803698435277482,3.5739687055476566,3.058321479374108,9.939544807965845,3.556187766714075,1.689189189189193,1.0135135135135016,4.391891891891888,1.689189189189186,4.391891891891902,6.4189189189189335
4443,CDU,1750,19,0.0,0.0,4.477833096254145,1.0,1.0,2.1396396396396384,9.903982930298717,3.662873399715501,5.298719772403977,5.903271692745371,1.724751066856328,0.37339971550497353,0.0,2.0270270270270316,4.391891891891888,0.0,3.7162162162162176,2.7027027027026946
4514,FDP,1750,19,1.0,1.0,3.9651493598862024,1.0,1.0,4.617117117117117,0.46230440967283215,5.618776671408241,6.258890469416791,1.7069701280227676,4.19630156472261,5.547652916073972,7.432432432432435,0.6756756756756701,5.067567567567572,6.081081081081081,6.081081081081081,2.364864864864863
3143,Die Grünen,1750,19,1.0,1.0,4.489687055476531,1.0,1.0,7.826576576576575,1.7069701280227676,2.720483641536269,4.996443812233295,1.7425320056899025,9.17496443812233,6.596728307254622,6.756756756756751,3.378378378378372,9.459459459459467,8.783783783783782,9.121621621621614,9.459459459459467
879,FDP,1750,19,0.0,1.0,4.486723565670935,1.0,1.0,0.8445945945945953,2.7560455192034112,1.1201991465149348,6.952347083926028,8.801564722617364,3.5739687055476566,3.7162162162162176,0.3378378378378386,0.3378378378378315,0.6756756756756772,1.01351351351353,1.3513513513513473,1.3513513513513473
3669,SPD,1750,19,0.0,1.0,6.08108108108108,1.0,0.0,1.5202702702702713,7.432432432432435,8.036984352773828,5.529871977240397,5.334281650071119,9.263869132290182,0.8890469416785152,2.3648648648648702,1.689189189189193,0.3378378378378244,1.6891891891892001,2.0270270270270316,1.0135135135135087
4508,FDP,1750,19,1.0,0.0,6.107752489331438,0.0,0.0,2.1959459459459474,3.236130867709818,3.1116642958748244,4.054054054054056,5.0497866287340045,13.389046941678515,7.805832147937409,2.702702702702709,2.7027027027027017,1.0135135135135087,3.7162162162162247,0.3378378378378386,2.7027027027027017
3450,SPD,1750,19,0.0,0.0,3.458392603129441,0.0,0.0,3.7725225225225167,1.3335704125177799,4.054054054054056,5.28093883357041,0.7290184921763796,2.7027027027026946,6.650071123755325,4.391891891891888,0.6756756756756772,4.729729729729733,5.743243243243228,4.054054054054042,3.0405405405405332
2676,SPD,1750,19,1.0,1.0,8.247392128971077,0.0,0.0,10.754504504504503,6.632290184921764,11.237553342816497,10.526315789473685,0.6223328591749677,11.806543385490748,8.659317211948796,3.7162162162162105,11.148648648648653,10.472972972972968,7.432432432432435,17.567567567567558,14.189189189189193
2301,FDP,1750,19,1.0,1.0,4.110360360360358,1.0,0.0,3.3220720720720713,1.3157894736842124,4.907539118065429,4.071834992887624,2.115931721194869,10.295163584637265,1.9559032716927476,3.378378378378372,2.0270270270270316,5.067567567567565,1.689189189189193,6.081081081081081,1.689189189189186
3964,Die Grünen,1750,19,0.0,0.0,5.710644855381697,0.0,1.0,1.463963963963958,3.627311522048366,1.1201991465149348,7.2724039829302995,3.8584637268847786,15.078236130867701,3.307254623044102,0.6756756756756772,1.0135135135135016,1.3513513513513402,0.0,1.3513513513513402,4.391891891891888
426,FDP,1750,19,1.0,0.0,4.463015647226171,1.0,1.0,1.3513513513513509,2.6315789473684177,7.912517780938835,3.022759601706966,4.67638691322901,7.3790896159317185,1.1557610241820768,1.689189189189193,0.6756756756756772,2.7027027027027017,0.3378378378378386,1.0135135135135087,1.689189189189186
39,Die Grünen,1750,19,0.0,1.0,4.12814129919393,1.0,1.0,3.0405405405405417,0.37339971550497353,2.471550497866289,4.249644381223334,4.729729729729733,8.036984352773821,4.907539118065429,2.702702702702709,1.689189189189193,2.7027027027026946,5.067567567567572,1.689189189189193,4.391891891891888
2913,FDP,1750,19,1.0,1.0,4.196301564722621,1.0,1.0,0.9572072072072034,9.246088193456615,3.058321479374115,4.9786628733997205,3.0049786628734054,1.2091038406827934,3.6806543385490755,1.3513513513513473,0.0,1.689189189189186,1.3513513513513402,0.0,1.3513513513513473
3667,bunt.saar,1750,19,1.0,1.0,3.3457799905168315,0.0,0.0,2.083333333333337,1.902560455192038,7.076813655761022,1.973684210526315,3.307254623044102,4.142958748221901,1.6714082503556114,0.6756756756756843,2.702702702702709,2.3648648648648702,2.0270270270270174,3.378378378378379,1.3513513513513615
5157,FDP,1750,19,1.0,0.0,5.470602181128501,1.0,1.0,4.054054054054059,5.583214793741114,4.711948790896166,4.978662873399713,1.5647226173542066,11.77098150782362,4.214082503556185,1.3513513513513473,3.0405405405405475,3.7162162162162176,2.702702702702709,8.445945945945958,5.067567567567572
539,Die Grünen,1750,19,1.0,0.0,6.697486960644857,0.0,1.0,1.0135135135135134,2.489331436699864,7.485775248933145,8.37482219061166,1.4580369843527734,10.97083926031295,9.40611664295875,0.6756756756756772,0.0,2.702702702702709,0.6756756756756843,0.3378378378378244,1.689189189189186
1872,CDU,1750,19,0.0,1.0,3.2094594594594597,0.0,1.0,3.3783783783783767,8.60597439544808,1.5647226173541924,4.374110953058327,0.3022759601707037,2.8449502133712627,1.5647226173541924,1.0135135135135087,5.743243243243242,0.6756756756756772,7.0945945945945965,4.729729729729726,1.0135135135135087
1343,CDU,1750,19,0.0,1.0,2.4685870080606924,0.0,1.0,2.139639639639636,2.0270270270270316,4.37411095305832,0.6223328591749677,4.285206258890469,1.4580369843527734,2.044807965860592,1.0135135135135016,3.0405405405405403,1.0135135135135087,3.378378378378372,3.378378378378379,1.0135135135135158
3986,CDU,1750,19,0.0,0.0,3.4998814604077815,0.0,0.0,3.9977477477477463,3.94736842105263,3.2894736842105345,0.35561877667140607,6.205547652916081,2.560455192034155,4.640825035561882,2.0270270270270316,1.689189189189193,4.054054054054042,5.405405405405411,5.405405405405389,5.405405405405411
1203,FDP,1750,19,1.0,1.0,4.4778330962541455,1.0,1.0,1.5765765765765767,6.578947368421048,2.471550497866289,3.449502133712656,6.792318634423886,2.5960170697012828,4.978662873399713,1.689189189189193,0.0,3.378378378378379,0.0,3.7162162162162105,0.6756756756756772
3335,Die Grünen,1750,19,1.0,0.0,3.6154575628259806,1.0,0.0,1.8581081081081088,1.1201991465149348,0.6223328591749677,1.6358463726884764,2.86273115220483,9.95732574679942,5.494310099573255,1.013513513513523,1.3513513513513473,2.7027027027026946,0.0,2.364864864864863,3.7162162162162247
3418,CDU,1750,19,1.0,0.0,1.71882408724514,1.0,0.0,4.448198198198198,0.6934566145092447,2.809388335704128,2.507112375533424,0.6401137980085352,0.6223328591749677,3.0405405405405403,1.3513513513513473,2.364864864864863,7.0945945945945965,1.689189189189193,8.783783783783782,5.4054054054054035
3423,Die Grünen,1750,19,0.0,0.0,5.438003793266947,1.0,0.0,1.4639639639639626,2.7027027027026946,2.0625889046941595,7.699146514935983,2.258179231863444,12.251066856329999,5.654338549075405,0.675675675675663,0.0,3.7162162162162247,0.0,1.689189189189193,2.7027027027026946
4452,CDU,1750,19,1.0,0.0,1.5202702702702677,0.0,0.0,2.7027027027026995,0.4978662873399742,0.2844950213371291,0.142247510668561,2.187055476529153,2.933854907539107,3.0761024182076824,1.0135135135135158,1.0135135135135087,3.378378378378372,3.0405405405405332,4.729729729729719,3.0405405405405475
913,Die Grünen,1750,19,1.0,1.0,4.691204362256989,1.0,1.0,5.743243243243242,1.1735419630156443,1.2980085348506378,7.3079658605974345,0.07112375533427695,9.76173541963015,8.534850640113788,4.054054054054056,0.0,8.445945945945937,6.081081081081081,7.432432432432428,8.445945945945951
4633,FDP,1750,19,0.0,0.0,4.243717401612138,1.0,0.0,1.970720720720718,0.9246088193456643,0.49786628733995997,7.628022759601713,2.275960170697026,9.70839260312944,4.42745376955903,2.0270270270270316,2.364864864864856,0.0,1.0135135135135087,2.364864864864856,4.054054054054056
4201,CDU,1750,19,1.0,0.0,5.260194404931247,1.0,1.0,1.8581081081081063,0.10668563300143319,4.925320056899004,1.4402560455191917,12.837837837837839,6.490042674253203,5.7610241820768096,1.3513513513513402,3.0405405405405332,1.3513513513513615,2.0270270270270245,0.0,3.378378378378379
3517,bunt.saar,1750,19,1.0,0.0,3.7458511142721655,1.0,1.0,2.139639639639641,3.8584637268847715,2.0981507823613015,6.098862019914655,4.107396870554766,3.1116642958748173,3.200568990042683,1.689189189189186,0.0,2.0270270270270316,1.0135135135135158,4.054054054054063,4.054054054054049
3488,SPD,1750,19,0.0,0.0,3.2568752963489787,0.0,0.0,2.3648648648648654,0.35561877667140607,3.9295874822190555,3.6095305832147915,1.1379800853485094,4.320768136557611,6.1877667140825,2.7027027027027017,0.3378378378378386,2.0270270270270316,3.0405405405405475,3.0405405405405403,3.0405405405405332
3681,FDP,1750,19,1.0,1.0,2.275960170697015,1.0,1.0,4.222972972972971,3.307254623044102,2.1337126600284577,0.5689900426742511,2.258179231863437,2.9694167852062634,2.4182076813655797,3.7162162162162105,2.7027027027026946,5.067567567567565,2.3648648648648702,8.108108108108105,3.378378378378379
2049,bunt.saar,1750,19,1.0,1.0,4.866050260787098,1.0,0.0,1.4076576576576596,1.333570412517787,10.597439544807962,3.5028449502133583,0.9068278805120897,12.535561877667135,0.32005689900425693,0.0,2.0270270270270174,1.6891891891892072,0.0,0.6756756756756843,4.054054054054049
2466,bunt.saar,1750,19,1.0,0.0,5.672119487908964,1.0,1.0,1.689189189189187,0.7645803698435216,0.5867709815078399,7.62802275960172,6.6678520625889135,11.077524893314354,7.3079658605974345,1.3513513513513473,1.0135135135135158,3.0405405405405475,1.689189189189193,1.0135135135135016,2.0270270270270174
3827,bunt.saar,1750,19,1.0,0.0,6.238146040777621,1.0,1.0,1.4076576576576585,0.9068278805120897,5.636557610241823,9.868421052631575,2.987197724039838,12.037695590327168,5.992176386913229,2.364864864864863,0.0,1.3513513513513544,1.013513513513523,0.675675675675663,3.0405405405405475
4794,DIE LINKE,1750,19,1.0,1.0,3.1412991939307737,0.0,1.0,1.2950450450450457,5.067567567567565,1.7069701280227676,4.996443812233288,0.5156472261735487,6.525604551920338,0.03556187766713492,0.6756756756756772,0.6756756756756772,0.675675675675663,0.6756756756756843,2.0270270270270316,3.0405405405405403
4096,FDP,1750,19,1.0,1.0,7.429468942626837,1.0,1.0,1.6328828828828819,5.4765291607396875,7.23684210526315,8.570412517780944,5.4054054054054035,3.69843527738265,14.189189189189186,0.3378378378378315,2.3648648648648702,2.0270270270270245,0.6756756756756772,0.3378378378378386,4.054054054054049
3435,FDP,1750,19,1.0,1.0,5.257230915125652,1.0,1.0,0.0,10.988620199146517,4.374110953058327,2.8449502133712663,7.752489331436699,0.7467994310099577,4.836415362731149,0.0,0.0,0.0,0.0,0.0,0.0
3954,CDU,1750,19,1.0,0.0,4.3296586059743944,1.0,1.0,2.984234234234234,0.9957325746799413,7.3968705547653,1.369132290184929,1.1735419630156443,9.477240398293027,5.565433854907525,3.0405405405405332,2.702702702702709,0.3378378378378457,4.729729729729726,3.7162162162162176,3.378378378378372
3351,bunt.saar,1750,19,1.0,0.0,7.539118065433855,1.0,1.0,1.8018018018018023,2.951635846372689,4.089615931721191,11.87766714082504,0.2489331436699871,15.362731152204837,10.704125177809388,1.689189189189186,0.0,4.054054054054049,0.3378378378378386,1.689189189189193,3.0405405405405475
1452,SPD,1750,19,1.0,0.0,7.663584637268848,1.0,1.0,1.6328828828828819,3.09388335704125,11.397581792318633,11.486486486486491,2.4537695590327147,9.477240398293027,8.07254623044097,1.689189189189186,0.6756756756756772,0.6756756756756772,2.0270270270270245,3.0405405405405332,1.689189189189193
5080,CDU,1750,19,1.0,0.0,1.994428639165483,0.0,0.0,3.772522522522524,0.053342816500716594,0.6756756756756772,4.320768136557611,3.556187766714082,1.1913229018492189,2.1692745376955926,2.702702702702709,1.0135135135135158,8.783783783783782,4.391891891891902,1.3513513513513473,4.391891891891888
203,DIE LINKE,1750,19,1.0,1.0,3.4109767662399215,1.0,1.0,2.083333333333332,4.391891891891895,2.9871977240398238,0.8001422475106708,2.400426742532005,9.672830725462298,0.21337126600283796,1.0135135135135087,1.0135135135135087,5.4054054054054035,0.6756756756756772,2.0270270270270316,2.364864864864863
4182,CDU,1750,19,1.0,1.0,4.72972972972973,0.0,1.0,7.8828828828828845,1.724751066856328,5.93883357041252,3.733997155049785,4.463015647226179,4.214082503556185,8.303698435277383,6.756756756756751,5.743243243243242,8.445945945945944,9.459459459459467,6.081081081081088,10.81081081081081
4982,FDP,1750,19,1.0,0.0,4.6052631578947425,0.0,1.0,2.2522522522522537,3.662873399715508,7.841394025604551,6.081081081081088,2.0270270270270316,7.165718349928888,0.8534850640113874,0.6756756756756843,2.364864864864863,0.6756756756756701,5.743243243243249,3.7162162162162176,0.3378378378378386
5014,CDU,1750,19,0.0,0.0,2.806424845898525,1.0,1.0,0.7882882882882853,3.4317211948790884,3.4672830725462234,1.8136557610241795,2.115931721194869,5.4054054054054035,0.604551920341386,0.3378378378378386,0.6756756756756772,1.0135135135135087,1.3513513513513402,0.3378378378378386,1.0135135135135087
28,bunt.saar,1750,19,0.0,1.0,2.9160739687055455,1.0,0.0,2.8153153153153148,1.6002844950213415,4.960881934566139,3.36059743954479,4.551920341394016,3.0049786628734054,0.017780938833581672,0.6756756756756772,4.054054054054056,3.0405405405405332,0.3378378378378457,3.378378378378372,5.4054054054054035
2483,FDP,1750,19,1.0,0.0,4.181484115694643,1.0,0.0,3.4346846846846844,0.426742532005683,7.948079658605984,1.689189189189186,1.7069701280227676,5.4054054054054035,7.912517780938835,3.0405405405405403,2.7027027027026946,6.756756756756758,2.3648648648648702,3.0405405405405403,2.7027027027027017
3704,FDP,1750,19,1.0,1.0,4.860123281175913,1.0,1.0,1.1824324324324305,7.539118065433861,2.8271692745377024,3.165007112375534,7.005689900426745,6.223328591749635,2.400426742532005,1.689189189189186,1.689189189189193,0.3378378378378315,0.3378378378378386,2.364864864864856,0.6756756756756772
3799,CDU,1750,19,1.0,0.0,4.886794689426272,0.0,0.0,1.8581081081081052,2.275960170697026,7.485775248933145,5.2275960170697005,0.35561877667140607,10.828591749644389,3.1472261735419664,0.0,1.689189189189186,1.0135135135135087,3.7162162162162176,1.689189189189186,3.0405405405405332
2338,bunt.saar,1750,19,1.0,1.0,2.6997392128971094,1.0,1.0,2.702702702702704,1.8847795163584706,0.7112375533428192,2.9871977240398238,2.507112375533424,7.5213371266002795,0.5867709815078399,1.0135135135135087,0.675675675675663,3.0405405405405546,3.378378378378379,4.054054054054056,4.054054054054063
2171,CDU,1750,19,1.0,0.0,3.3931958274063554,1.0,1.0,1.4639639639639672,4.587482219061172,6.063300142247513,0.8534850640113874,5.1031294452347,3.6806543385490826,0.07112375533427695,0.6756756756756772,0.6756756756756843,0.3378378378378386,3.378378378378393,2.364864864864856,1.3513513513513544
2691,FDP,1750,19,1.0,0.0,3.6539829302987186,1.0,1.0,2.0833333333333335,0.9957325746799413,6.721194879089616,1.2802275960170704,2.7738264580369787,5.814366998577526,4.338549075391178,2.7027027027026946,0.0,2.3648648648648702,1.0135135135135158,1.689189189189186,4.729729729729733
2709,bunt.saar,1750,19,1.0,0.0,8.288880986249413,1.0,1.0,1.3513513513513544,10.455192034139408,1.9559032716927405,9.317211948790913,7.859174964438125,10.77524893314368,9.370554765291615,2.3648648648648702,0.6756756756756772,0.3378378378378528,2.3648648648648702,1.0135135135135016,1.3513513513513544
2192,FDP,1750,19,1.0,1.0,3.301327643432907,1.0,1.0,3.2094594594594583,2.880512091038412,2.7916073968705533,4.356330014224753,1.3513513513513473,2.631578947368425,5.796586059743952,4.054054054054049,2.0270270270270316,5.4054054054054035,3.378378378378379,0.3378378378378386,4.054054054054049
1778,SPD,1750,19,0.0,0.0,5.3342816500711265,1.0,1.0,1.6891891891891884,0.49786628733995997,4.9075391180654435,5.796586059743959,4.836415362731152,8.570412517780944,7.3968705547653,2.0270270270270316,0.0,1.689189189189186,5.067567567567565,0.6756756756756772,0.6756756756756701
3662,Die Grünen,1750,19,0.0,0.0,3.9325509720246514,0.0,1.0,1.970720720720724,1.1735419630156443,5.974395448079662,3.378378378378372,3.7873399715504945,8.872688477951627,0.40896159317210845,3.7162162162162176,0.3378378378378386,2.0270270270270316,0.3378378378378457,1.3513513513513473,4.054054054054063
3915,FDP,1750,19,0.0,1.0,3.47913703176861,1.0,1.0,2.6463963963963963,1.3335704125177799,2.275960170697026,3.8584637268847786,7.699146514935983,5.014224751066855,0.6934566145092376,3.7162162162162105,0.0,1.3513513513513473,2.702702702702709,6.418918918918919,1.689189189189193
2207,SPD,1750,19,0.0,1.0,2.3352299668089125,0.0,1.0,1.0698198198198174,0.8357041251778057,2.3470839260312957,3.805120910384062,0.053342816500716594,5.138691322901849,1.831436699857747,0.0,0.6756756756756843,1.0135135135135016,0.3378378378378315,1.0135135135135158,3.378378378378372
972,CDU,1750,19,1.0,1.0,1.9233048838312026,1.0,1.0,3.9414414414414396,2.6849217638691343,2.3826458036984377,0.9779516358463738,1.9381223328591872,0.6401137980085352,2.916073968705547,0.0,4.054054054054049,6.756756756756758,0.6756756756756701,7.094594594594589,5.067567567567572
1345,CDU,1750,19,1.0,1.0,2.0981507823613073,1.0,1.0,2.871621621621621,1.4580369843527734,0.17780938833571014,4.551920341394016,4.374110953058313,1.973684210526315,0.053342816500716594,0.3378378378378386,2.7027027027027017,3.7162162162162176,1.6891891891891788,3.0405405405405403,5.743243243243249
787,FDP,1750,19,1.0,1.0,3.0109056424845932,1.0,1.0,2.7027027027027013,2.951635846372696,1.902560455192031,3.6450924608819477,3.8584637268847786,3.9651493598862046,1.7425320056899025,1.689189189189193,2.0270270270270316,2.7027027027026946,1.6891891891891788,4.054054054054056,4.054054054054053
1125,CDU,1750,19,1.0,1.0,2.9694167852062634,1.0,1.0,5.686936936936935,3.6806543385490826,2.8982930298719793,3.236130867709818,0.8179231863442382,2.6137980085348573,4.569701280227605,5.067567567567565,5.4054054054054035,7.094594594594589,4.391891891891902,7.770270270270267,4.391891891891888
3829,FDP,1750,19,0.0,1.0,8.291844476055003,1.0,1.0,3.490990990990993,5.974395448079662,4.87197724039828,11.895448079658607,6.952347083926043,9.957325746799427,10.099573257467995,2.702702702702709,3.0405405405405332,6.418918918918926,0.3378378378378457,4.391891891891895,4.054054054054049
3521,FDP,1750,19,0.0,1.0,4.4719061166429555,0.0,1.0,2.027027027027026,8.357041251778092,0.1422475106685539,3.1116642958748244,3.8584637268847715,3.7162162162162176,7.645803698435273,1.0135135135135087,3.7162162162162176,2.364864864864863,0.3378378378378386,4.391891891891888,0.3378378378378386
3243,CDU,1750,19,1.0,1.0,4.350403034613561,1.0,1.0,1.1261261261261264,0.23115220483641963,4.071834992887624,5.316500711237559,7.005689900426745,5.88549075391181,3.59174964438121,0.3378378378378528,0.3378378378378386,2.702702702702709,1.6891891891891788,0.3378378378378386,1.3513513513513402
1454,FDP,1750,19,1.0,0.0,6.3952110004741565,1.0,1.0,3.3783783783783767,12.624466571834994,2.9694167852062563,4.907539118065429,3.09388335704125,4.018492176386914,10.757467994310097,1.689189189189186,3.7162162162162176,5.067567567567558,2.0270270270270316,2.364864864864863,5.4054054054054035
2685,FDP,1750,19,0.0,1.0,3.4791370317686066,1.0,1.0,2.702702702702703,4.356330014224753,4.729729729729726,5.618776671408241,3.307254623044095,2.115931721194869,0.7467994310099542,4.729729729729733,2.7027027027026946,2.364864864864856,3.7162162162162247,2.702702702702709,0.0
2215,CDU,1750,19,1.0,1.0,3.040540540540537,1.0,1.0,1.0698198198198245,1.6358463726884764,3.271692745376953,3.7873399715504945,0.9068278805120897,4.19630156472261,4.445234708392597,0.6756756756756772,1.689189189189193,1.3513513513513615,2.0270270270270316,0.3378378378378386,0.3378378378378457
3734,bunt.saar,1750,19,0.0,0.0,4.895685158843052,0.0,0.0,3.0968468468468466,3.7162162162162176,4.391891891891895,6.330014224751068,1.0668563300142253,5.885490753911803,7.983641536273105,3.7162162162162176,6.418918918918926,0.3378378378378386,2.364864864864863,3.0405405405405403,2.7027027027026946
1225,FDP,1750,19,0.0,1.0,4.157776197249878,0.0,0.0,3.322072072072076,0.8179231863442382,9.512802275960162,1.2268847795163538,9.815078236130866,0.9957325746799484,2.578236130867701,4.7297297297297405,1.6891891891892001,3.378378378378379,1.0135135135135087,6.756756756756758,2.3648648648648702
4689,CDU,1750,19,1.0,1.0,3.073138928402083,1.0,1.0,4.3355855855855845,1.3869132290184822,0.01778093883356746,2.4537695590327147,7.485775248933145,3.271692745376953,3.8229018492176365,4.729729729729726,5.067567567567572,5.4054054054054035,4.391891891891888,1.3513513513513544,5.067567567567565
4318,Die Grünen,1750,19,1.0,0.0,7.0590327169274545,0.0,0.0,1.0698198198198199,5.8321479374110865,5.938833570412527,4.960881934566139,5.7610241820768096,12.464438122332865,7.3968705547653,0.6756756756756843,1.0135135135135158,2.0270270270270174,0.6756756756756701,2.0270270270270316,0.0
2910,bunt.saar,1750,19,1.0,1.0,4.308914177335233,1.0,1.0,2.252252252252255,5.974395448079662,7.681365576102436,4.285206258890469,1.0846372688477928,5.138691322901849,1.689189189189193,3.0405405405405475,1.01351351351353,1.689189189189193,1.0135135135135158,2.7027027027026946,4.054054054054049
2023,CDU,1750,19,1.0,1.0,5.07053105737316,1.0,1.0,4.05405405405405,5.956614509246087,0.1422475106685539,4.747510668563301,1.866998577524896,7.076813655761022,10.633001422475104,6.756756756756751,1.0135135135135087,3.378378378378372,3.378378378378379,2.7027027027026946,7.0945945945945965
2753,FDP,1750,19,1.0,1.0,2.4330251303935526,1.0,1.0,1.2387387387387416,0.9246088193456643,2.6493598862019923,0.8890469416785152,5.45874822190612,1.795874822190612,2.880512091038412,4.391891891891902,0.0,0.6756756756756772,1.689189189189193,0.0,0.6756756756756772
3330,Die Grünen,1750,19,1.0,1.0,6.813063063063062,1.0,0.0,6.925675675675673,0.8179231863442382,10.099573257467995,5.8677098150782285,4.996443812233281,7.752489331436699,11.34423897581793,5.067567567567565,4.391891891891888,6.756756756756758,8.783783783783775,7.770270270270274,8.783783783783775
2184,Die Grünen,1750,19,0.0,0.0,7.127192982456138,0.0,0.0,6.249999999999997,4.036273115220482,10.864153627311524,7.788051209103834,4.534139402560456,8.445945945945937,7.0945945945945965,4.729729729729726,5.743243243243242,6.756756756756744,7.094594594594611,6.418918918918905,6.756756756756758
4632,SPD,1750,19,0.0,0.0,5.761024182076816,1.0,0.0,2.8716216216216233,4.463015647226179,2.7204836415362763,8.143669985775247,9.423897581792318,4.338549075391185,5.4765291607396875,5.743243243243249,3.7162162162162176,0.3378378378378457,5.405405405405411,0.675675675675663,1.3513513513513544
227,FDP,1750,19,1.0,0.0,4.8897581792318645,1.0,1.0,1.5202702702702702,4.42745376955903,6.436699857752487,2.489331436699864,4.338549075391185,8.499288762446653,3.1472261735419664,4.054054054054063,1.0135135135135087,0.6756756756756701,1.689189189189193,0.3378378378378315,1.3513513513513544
1506,FDP,1750,19,1.0,1.0,7.245732574679946,1.0,1.0,1.520270270270273,5.974395448079662,9.63726884779517,6.472261735419632,3.165007112375534,8.926031294452343,9.299431009957331,1.013513513513523,2.3648648648648702,1.0135135135135123,1.689189189189193,2.0270270270270245,1.0135135135135158
2728,bunt.saar,1750,19,0.0,0.0,4.406709340919865,0.0,0.0,3.9977477477477485,1.2268847795163538,7.21906116642959,4.943100995732571,5.156472261735409,3.591749644381224,4.302987197724043,8.108108108108112,3.7162162162162176,2.0270270270270245,6.081081081081074,1.013513513513523,3.0405405405405403
4117,CDU,1750,19,1.0,1.0,2.987197724039833,1.0,0.0,2.9279279279279273,2.9694167852062634,5.7610241820768096,2.2226173541963092,0.23115220483641252,2.275960170697026,4.463015647226179,5.067567567567565,0.0,1.689189189189186,6.756756756756751,1.013513513513523,3.0405405405405403
167,FDP,1750,19,1.0,1.0,4.777145566619253,1.0,0.0,1.745495495495496,9.192745376955905,4.071834992887624,0.142247510668561,4.320768136557611,7.361308677098158,3.5739687055476566,0.6756756756756772,1.0135135135135087,3.0405405405405475,0.6756756756756772,3.7162162162162176,1.3513513513513473
2693,bunt.saar,1750,19,1.0,1.0,0.8623755334281675,1.0,1.0,2.3085585585585613,0.7467994310099613,1.1735419630156514,1.653627311522058,0.142247510668561,0.6045519203413932,0.8534850640113802,2.3648648648648702,0.6756756756756772,5.067567567567565,1.3513513513513544,1.689189189189193,2.702702702702709
3076,Die Grünen,1750,19,1.0,0.0,3.8495732574679984,0.0,0.0,5.2927927927928,0.10668563300142608,6.223328591749642,3.7339971550497992,0.6934566145092447,6.632290184921764,5.707681365576114,4.054054054054056,3.0405405405405475,5.405405405405411,4.7297297297297405,6.081081081081088,8.445945945945958
3559,CDU,1750,19,1.0,0.0,4.252607871028931,1.0,1.0,1.9144144144144153,3.3961593172119606,5.423186344238985,2.8982930298719793,6.827880512091042,5.369843527738269,1.6002844950213486,0.6756756756756914,1.3513513513513473,5.067567567567565,0.0,1.0135135135135087,3.378378378378379
1094,Die Grünen,1750,19,0.0,1.0,6.498933143669986,0.0,1.0,1.0698198198198199,4.516358463726888,4.107396870554766,9.655049786628751,5.138691322901842,10.224039829302981,5.352062588904687,1.3513513513513473,0.0,2.702702702702709,0.6756756756756701,1.689189189189193,0.0
4706,Die Grünen,1750,19,1.0,0.0,6.540422000948317,1.0,0.0,2.8716216216216197,4.054054054054056,7.574679943100989,7.62802275960172,0.8712660028449548,11.539829302987194,7.574679943100989,3.378378378378379,1.689189189189186,3.378378378378379,2.364864864864863,4.729729729729726,1.689189189189186
5013,bunt.saar,1750,19,0.0,1.0,6.202584163110479,1.0,1.0,1.1824324324324291,5.26315789473685,3.271692745376953,10.633001422475118,2.933854907539107,6.401137980085338,8.712660028449505,1.3513513513513473,1.3513513513513544,1.3513513513513402,0.3378378378378244,1.3513513513513544,1.3513513513513544
2448,Die Grünen,1750,19,0.0,0.0,3.5384068278805096,0.0,0.0,1.407657657657655,1.2091038406827934,8.036984352773828,5.334281650071112,1.9914651493598896,2.9871977240398238,1.6714082503556114,3.0405405405405403,0.6756756756756772,1.0135135135135016,0.0,0.3378378378378315,3.378378378378379
4949,DIE LINKE,1750,19,1.0,0.0,4.8393788525367505,1.0,0.0,1.7454954954954982,4.569701280227605,2.0803698435277482,5.494310099573248,5.583214793741114,10.312944523470847,0.9957325746799413,0.6756756756756843,2.702702702702716,1.3513513513513473,2.364864864864856,3.0405405405405475,0.3378378378378386
554,SPD,1750,19,1.0,0.0,5.39058795637743,1.0,1.0,1.5765765765765778,2.187055476529153,8.766002844950215,8.588193456614498,0.8534850640113874,4.516358463726888,7.432432432432435,1.6891891891892001,2.7027027027027017,2.0270270270270245,1.3513513513513473,1.3513513513513544,0.3378378378378386
4176,bunt.saar,1750,19,0.0,0.0,4.154812707444283,0.0,1.0,1.0698198198198188,3.591749644381224,1.9203413940255984,3.805120910384062,1.0312944523470833,10.970839260312943,3.6095305832147915,0.3378378378378386,0.675675675675663,1.0135135135135087,0.3378378378378457,2.364864864864863,1.689189189189193
4533,Die Grünen,1750,19,0.0,1.0,2.578236130867714,1.0,1.0,4.3918918918918886,3.1827880512090942,0.40896159317212266,3.2183499288762576,4.800853485064017,3.44950213371267,0.40896159317212266,0.0,4.391891891891888,5.405405405405389,4.391891891891895,7.094594594594589,5.067567567567572
4776,bunt.saar,1750,19,0.0,1.0,3.1442626837363705,0.0,1.0,1.463963963963965,0.6578947368421026,5.245376955903275,1.653627311522051,3.8940256045519206,7.112375533428171,0.3022759601707037,0.6756756756756772,0.3378378378378386,2.702702702702709,3.0405405405405332,1.3513513513513473,0.6756756756756843
3015,CDU,1750,19,1.0,0.0,4.996443812233281,1.0,0.0,3.9977477477477485,4.569701280227598,2.293741109530579,7.5213371266002795,1.1557610241820626,7.859174964438118,6.578947368421048,5.405405405405411,1.3513513513513473,3.7162162162162176,5.743243243243235,4.7297297297297405,3.0405405405405403
727,SPD,1750,19,1.0,1.0,3.707325746799436,0.0,1.0,0.8445945945945953,1.6714082503556185,0.7645803698435287,6.952347083926043,2.4537695590327147,3.7339971550498063,6.667852062588906,0.6756756756756701,0.0,3.0405405405405332,0.3378378378378386,0.0,1.01351351351353
424,bunt.saar,1750,19,1.0,0.0,1.2802275960170668,0.0,1.0,1.520270270270269,3.7517780938833525,0.03556187766713492,0.17780938833570303,0.12446657183499354,3.413940256045514,0.17780938833570303,1.689189189189193,0.6756756756756701,3.378378378378386,1.3513513513513473,0.6756756756756772,1.3513513513513402
4090,FDP,1750,19,0.0,0.0,3.692508297771456,0.0,1.0,4.617117117117118,0.9779516358463738,1.0312944523470833,4.587482219061172,5.618776671408241,3.556187766714089,6.383357041251777,3.7162162162162105,5.405405405405411,5.405405405405411,1.689189189189186,4.391891891891895,7.0945945945945965
3225,FDP,1750,19,1.0,1.0,2.613798008534849,1.0,1.0,3.378378378378379,5.245376955903275,2.4182076813655797,1.689189189189186,5.334281650071112,0.46230440967283215,0.5334281650071091,1.0135135135135158,1.689189189189193,4.054054054054056,0.0,8.445945945945944,5.067567567567565
4447,CDU,1750,19,0.0,1.0,4.033309625414887,1.0,1.0,1.4076576576576596,5.529871977240397,1.8136557610241795,0.9068278805120897,5.7610241820768096,9.921763869132299,0.26671408250354744,1.013513513513523,2.3648648648648702,1.0135135135135158,2.0270270270270316,1.689189189189193,0.3378378378378244
1137,CDU,1750,19,1.0,1.0,6.045519203413941,1.0,1.0,2.6463963963963955,0.9601706970128063,6.507823613086771,8.748221906116648,6.792318634423893,6.792318634423893,6.472261735419636,1.689189189189186,3.378378378378379,0.3378378378378386,2.0270270270270245,4.391891891891895,4.054054054054049
394,bunt.saar,1750,19,0.0,1.0,3.307254623044097,0.0,1.0,1.6891891891891906,2.3648648648648702,1.0846372688477857,4.996443812233288,4.214082503556185,3.3961593172119606,3.7873399715504945,3.7162162162162176,2.3648648648648702,1.013513513513523,0.6756756756756772,0.3378378378378386,2.0270270270270174
800,FDP,1750,19,1.0,0.0,5.269084874348036,1.0,1.0,2.5900900900900887,6.7389758179231976,0.10668563300142608,5.654338549075398,10.259601706970138,2.115931721194876,6.738975817923183,4.054054054054042,2.0270270270270316,2.0270270270270245,2.0270270270270316,2.0270270270270245,3.378378378378379
2455,bunt.saar,1750,19,1.0,0.0,4.605263157894737,1.0,0.0,2.0270270270270303,1.9914651493598896,4.391891891891902,5.565433854907539,2.2403982930298696,8.712660028449498,4.729729729729726,2.702702702702709,0.3378378378378386,0.3378378378378386,4.391891891891895,3.0405405405405475,1.3513513513513544
2813,bunt.saar,1750,19,0.0,1.0,4.042200094831675,1.0,1.0,1.4639639639639672,5.423186344238985,4.142958748221901,4.445234708392604,0.604551920341386,9.530583214793744,0.10668563300143319,1.689189189189193,1.689189189189193,0.0,1.3513513513513544,2.0270270270270316,2.0270270270270316
836,bunt.saar,1750,19,1.0,1.0,6.341868183973452,1.0,0.0,1.745495495495496,4.249644381223341,1.5825035561877598,8.07254623044097,7.414651493598868,11.077524893314369,5.654338549075405,2.0270270270270316,2.3648648648648702,2.7027027027027017,0.6756756756756701,2.0270270270270245,0.6756756756756772
1053,Die Grünen,1750,19,0.0,0.0,7.0768136557610255,0.0,0.0,6.024774774774777,0.7645803698435216,10.099573257467995,5.938833570412527,4.036273115220482,10.828591749644389,10.79302987197724,6.081081081081088,3.378378378378379,7.432432432432435,7.094594594594589,4.729729729729733,7.432432432432435
4139,CDU,1750,19,0.0,1.0,4.94606448553817,0.0,1.0,3.1531531531531485,3.6806543385490826,1.4580369843527734,8.232574679943106,1.653627311522051,9.939544807965852,4.711948790896159,0.0,3.0405405405405332,6.081081081081081,3.0405405405405332,5.067567567567558,1.689189189189186
4249,bunt.saar,1750,19,0.0,1.0,1.4491465149359897,0.0,1.0,2.3648648648648645,0.8357041251778057,1.3157894736842124,0.8001422475106637,0.3022759601707037,4.587482219061172,0.8534850640113802,2.364864864864863,3.0405405405405332,2.0270270270270316,2.0270270270270316,3.378378378378372,1.3513513513513544
5159,DIE LINKE,1750,19,0.0,1.0,4.608226647700331,0.0,1.0,2.5900900900900914,3.413940256045514,7.69914651493599,2.578236130867701,2.0981507823613086,9.299431009957331,2.5604551920341407,3.0405405405405475,0.6756756756756772,4.729729729729726,3.7162162162162176,0.3378378378378386,3.0405405405405403
710,SPD,1750,19,1.0,1.0,6.291488857278328,1.0,1.0,1.5202702702702726,2.9338549075391214,10.348506401137975,9.281650071123742,0.7290184921763796,6.081081081081081,8.374822190611667,0.3378378378378386,0.3378378378378457,3.378378378378372,1.013513513513523,3.378378378378386,0.6756756756756701
3837,bunt.saar,1750,19,1.0,1.0,2.741228070175437,0.0,0.0,4.448198198198199,1.8492176386913144,2.9694167852062563,2.258179231863444,0.5867709815078257,4.587482219061172,4.19630156472261,6.756756756756765,5.4054054054054035,3.378378378378379,4.729729729729733,4.391891891891888,2.0270270270270245
1199,Die Grünen,1750,19,0.0,0.0,2.9042200094831734,1.0,0.0,3.659909909909912,0.017780938833574567,1.9381223328591872,1.0312944523470904,7.432432432432435,4.925320056899011,2.080369843527741,1.689189189189186,3.7162162162162176,2.702702702702709,4.054054054054056,2.3648648648648702,7.432432432432435
4193,Die Grünen,1750,19,1.0,0.0,4.682313892840209,1.0,0.0,1.126126126126125,5.067567567567565,3.378378378378372,4.42745376955903,1.9559032716927405,9.921763869132299,3.342816500711244,0.6756756756756772,1.3513513513513402,0.3378378378378386,2.364864864864863,1.689189189189193,0.3378378378378386
228,CDU,1750,19,1.0,1.0,2.542674253200566,1.0,1.0,1.689189189189187,3.3605974395447973,2.8449502133712556,2.0270270270270316,3.2894736842105345,3.3605974395448044,0.37339971550497353,2.702702702702709,0.6756756756756701,1.689189189189193,1.0135135135135087,2.364864864864856,1.689189189189186
4080,FDP,1750,19,1.0,1.0,3.058321479374109,1.0,0.0,2.2522522522522537,3.271692745376953,4.302987197724036,1.8136557610241795,2.258179231863437,4.409672830725462,2.293741109530586,3.0405405405405475,3.0405405405405475,1.0135135135135087,4.391891891891888,1.689189189189193,0.3378378378378386
3893,Die Grünen,1750,19,1.0,0.0,3.3635609293504003,0.0,1.0,1.9707207207207205,2.8449502133712556,2.4537695590327075,4.302987197724043,1.4935988620199083,4.623044096728307,4.463015647226179,1.6891891891892001,2.7027027027027017,1.689189189189186,2.0270270270270316,2.364864864864856,1.3513513513513473
3332,FDP,1750,19,1.0,0.0,4.184447605500238,1.0,1.0,2.7027027027027017,4.623044096728307,1.831436699857754,6.2766714082503725,1.7247510668563208,1.6358463726884764,9.014935988620195,3.7162162162162247,2.7027027027027017,1.6891891891891788,5.067567567567565,2.3648648648648702,0.6756756756756701
174,bunt.saar,1750,19,0.0,1.0,3.544333807491699,1.0,1.0,2.1959459459459425,2.507112375533424,2.7027027027026946,7.130156472261724,1.0668563300142253,1.9203413940255984,5.938833570412527,2.702702702702709,2.0270270270270316,1.3513513513513402,2.7027027027027017,1.0135135135135016,3.378378378378372
5211,Die Grünen,1750,19,0.0,1.0,2.0892603129445213,1.0,1.0,2.92792792792793,0.07112375533427695,3.271692745376953,4.374110953058313,0.5156472261735487,2.329302987197721,1.973684210526315,0.3378378378378457,2.0270270270270245,3.0405405405405475,1.0135135135135087,5.067567567567572,6.081081081081081
2130,FDP,1750,19,1.0,1.0,4.676386913229024,1.0,1.0,1.4639639639639626,6.54338549075392,2.6671408250355597,2.7382645803698438,5.654338549075405,8.783783783783782,1.6714082503556327,2.0270270270270245,1.689189189189186,1.689189189189193,1.3513513513513615,1.689189189189186,0.3378378378378244
1265,FDP,1750,19,1.0,1.0,3.233167377904222,1.0,0.0,1.689189189189187,5.28093883357041,3.2894736842105274,1.653627311522051,3.7339971550497992,3.1472261735419664,2.293741109530579,2.0270270270270174,2.0270270270270316,2.0270270270270245,1.0135135135135016,0.6756756756756772,2.3648648648648702
3486,CDU,1750,19,1.0,0.0,6.469298245614037,1.0,0.0,3.4346846846846866,0.6401137980085352,0.6756756756756772,14.224751066856328,3.0405405405405403,9.121621621621621,11.113086770981518,0.6756756756756772,1.0135135135135158,5.743243243243242,0.3378378378378457,6.756756756756751,6.081081081081088
1073,bunt.saar,1750,19,0.0,1.0,5.420222854433383,0.0,1.0,2.8716216216216233,3.2183499288762576,3.413940256045514,7.0590327169274545,3.2539118065433854,7.4502133712659955,8.125889046941687,1.3513513513513615,5.743243243243242,2.7027027027026946,3.7162162162162176,3.0405405405405475,0.6756756756756772
1262,FDP,1750,19,1.0,1.0,4.96977240398293,1.0,1.0,3.434684684684688,6.472261735419629,1.2980085348506378,3.769559032716927,10.206258890469421,6.827880512091035,1.2446657183499283,3.0405405405405475,2.702702702702709,4.391891891891895,2.0270270270270316,2.7027027027027017,5.743243243243242
2584,FDP,1750,19,0.0,1.0,5.423186344238977,0.0,1.0,8.67117117117117,4.640825035561882,4.640825035561882,1.8492176386913144,6.952347083926043,4.676386913229017,9.779516358463724,3.0405405405405332,12.5,9.797297297297298,3.378378378378379,8.108108108108105,15.202702702702709
4225,bunt.saar,1750,19,1.0,1.0,5.479492650545279,1.0,1.0,2.0833333333333344,2.293741109530586,4.196301564722617,5.5832147937411065,4.107396870554766,11.308677098150774,5.387624466571822,1.3513513513513473,0.0,2.0270270270270316,4.054054054054049,2.0270270270270316,3.0405405405405475
4728,CDU,1750,19,1.0,0.0,5.283902323376008,1.0,0.0,2.9279279279279273,2.9338549075391214,10.864153627311524,3.02275960170698,0.5512091038406766,7.965860597439537,6.36557610241821,6.081081081081088,0.3378378378378386,0.3378378378378386,6.756756756756751,1.689189189189186,2.364864864864863
4983,FDP,1750,19,1.0,1.0,5.363916548127073,1.0,1.0,1.6891891891891884,4.889758179231862,1.8492176386913144,0.07112375533427695,12.78449502133713,10.775248933143672,1.8136557610241866,5.743243243243242,3.378378378378372,0.3378378378378386,0.0,0.6756756756756772,0.0
241,CDU,1750,19,1.0,1.0,3.0938833570412547,1.0,1.0,2.590090090090088,4.320768136557611,0.5512091038406766,2.4182076813655797,5.192034139402573,4.640825035561882,1.440256045519206,2.0270270270270174,1.689189189189186,3.378378378378379,1.3513513513513473,3.378378378378379,3.7162162162162176
2237,Die Grünen,1750,19,1.0,0.0,10.621147463252727,1.0,1.0,1.0698198198198199,10.455192034139408,5.4054054054054035,10.348506401137975,1.3513513513513473,24.075391180654343,12.091038406827884,1.3513513513513544,1.0135135135135087,0.3378378378378386,0.6756756756756701,2.0270270270270316,1.0135135135135158
799,FDP,1750,19,0.0,0.0,2.2315078236130845,0.0,1.0,2.4211711711711708,2.00924608819345,7.450213371266003,1.5291607396870575,0.6401137980085352,1.0312944523470833,0.7290184921763796,4.729729729729719,0.3378378378378386,1.3513513513513473,2.3648648648648702,3.378378378378379,2.3648648648648702
4311,SPD,1750,19,1.0,1.0,5.8262209577999045,1.0,1.0,1.632882882882883,9.370554765291615,8.97937411095306,3.520625889046933,7.147937411095306,0.9957325746799413,4.943100995732571,1.013513513513523,3.7162162162162176,0.6756756756756772,0.0,1.3513513513513473,3.0405405405405332
2914,FDP,1750,19,1.0,1.0,3.8555002370791853,1.0,1.0,1.5202702702702726,4.249644381223341,3.449502133712656,2.4893314366998602,0.03556187766713492,6.330014224751068,6.578947368421051,1.013513513513523,1.689189189189186,2.027027027027028,1.3513513513513544,1.3513513513513544,1.6891891891891895
2418,SPD,1750,19,1.0,0.0,2.578236130867713,1.0,0.0,4.786036036036034,1.8847795163584706,3.627311522048373,1.653627311522051,0.9957325746799413,3.9295874822190626,3.378378378378379,1.0135135135135158,1.3513513513513544,4.729729729729726,6.081081081081081,7.432432432432421,8.108108108108105
2558,bunt.saar,1750,19,1.0,1.0,5.355026078710291,1.0,1.0,2.252252252252253,1.689189189189186,6.952347083926043,10.490753911806543,4.125177809388333,7.556899004267422,1.3157894736842195,4.729729729729726,0.3378378378378457,2.0270270270270174,3.0405405405405403,1.689189189189193,1.689189189189193
156,bunt.saar,1750,19,1.0,1.0,3.75770507349455,1.0,1.0,1.689189189189187,3.2894736842105345,1.0312944523470904,5.2987197724039845,4.214082503556185,4.925320056899011,3.7873399715504945,2.7027027027026946,2.0270270270270174,1.0135135135135158,2.7027027027027017,0.6756756756756772,1.0135135135135158
2988,SPD,1750,19,1.0,0.0,5.07349454717876,0.0,0.0,2.5337837837837838,5.867709815078236,4.409672830725462,7.165718349928888,0.8890469416785152,3.9651493598862118,8.143669985775247,3.0405405405405403,0.3378378378378386,3.7162162162162176,1.689189189189186,3.0405405405405475,3.378378378378372
2370,FDP,1750,19,0.0,1.0,6.721194879089617,1.0,1.0,2.3085585585585577,2.6671408250355597,5.583214793741114,3.165007112375534,13.691322901849226,9.850640113798008,5.3698435277382615,0.6756756756756843,1.689189189189193,0.3378378378378315,5.4054054054054035,3.7162162162162176,2.0270270270270174
1514,FDP,1750,19,1.0,1.0,3.0701754385964946,1.0,1.0,3.1531531531531507,1.8847795163584706,5.743243243243242,0.4445234708392647,1.5647226173542066,6.721194879089616,2.0625889046941666,3.0405405405405403,2.364864864864863,4.054054054054056,1.3513513513513402,3.0405405405405403,5.067567567567565
1587,Die Grünen,1750,19,1.0,0.0,2.9042200094831663,1.0,1.0,1.8581081081081112,0.426742532005683,2.3648648648648702,1.9203413940255984,1.7069701280227676,3.9295874822190555,7.076813655761022,0.0,3.0405405405405475,1.689189189189193,0.6756756756756843,4.391891891891888,1.3513513513513544
908,CDU,1750,19,0.0,1.0,3.70139876718824,1.0,1.0,1.8018018018018023,4.87197724039828,2.8982930298719793,5.814366998577526,1.689189189189186,4.854196301564727,2.080369843527741,1.689189189189193,0.3378378378378386,0.3378378378378386,3.0405405405405403,1.0135135135135158,4.391891891891888
3203,FDP,1750,19,1.0,1.0,2.101114272166903,1.0,1.0,3.6599099099099113,3.2894736842105345,0.03556187766713492,0.4445234708392647,2.3826458036984306,3.7517780938833525,2.7027027027027017,1.3513513513513473,4.391891891891895,5.743243243243242,0.6756756756756772,5.067567567567572,4.729729729729733
1048,Die Grünen,1750,19,0.0,0.0,6.617472735893789,0.0,0.0,9.009009009009015,0.3022759601707037,2.187055476529153,12.215504978662878,1.0846372688477928,15.327169274537702,8.588193456614505,6.756756756756765,1.01351351351353,14.189189189189193,9.121621621621621,10.810810810810814,12.162162162162161
2762,FDP,1750,19,1.0,1.0,2.308558558558559,1.0,1.0,3.0405405405405426,3.6095305832147915,0.142247510668561,2.4537695590327147,5.0853485064011394,0.6223328591749677,1.9381223328591801,1.689189189189186,5.743243243243249,4.054054054054056,1.0135135135135158,1.689189189189193,4.054054054054056
1318,bunt.saar,1750,19,1.0,0.0,5.446894262683735,1.0,0.0,1.0135135135135134,6.027738264580371,1.4046941678520568,9.42389758179231,0.6756756756756772,11.290896159317214,3.8584637268847786,0.3378378378378386,0.3378378378378386,3.0405405405405332,0.3378378378378386,2.0270270270270316,0.0
2805,DIE LINKE,1750,19,1.0,0.0,3.2954006638217153,0.0,0.0,3.096846846846848,6.7389758179231976,4.605263157894733,1.7425320056899025,2.7916073968705533,3.520625889046933,0.37339971550497353,2.364864864864856,3.378378378378379,4.054054054054056,3.378378378378372,1.013513513513523,4.391891891891902
3633,SPD,1750,19,1.0,1.0,6.297415836889518,1.0,1.0,4.898648648648649,3.2894736842105345,0.23115220483641252,8.51706970128022,9.103840682788054,8.19701280227595,8.445945945945937,7.0945945945945965,4.391891891891895,3.0405405405405475,9.121621621621628,2.7027027027026946,3.0405405405405332
1110,Die Grünen,1750,19,1.0,1.0,5.8706733048838275,1.0,1.0,6.081081081081084,0.26671408250354744,6.54338549075392,6.561166429587473,3.378378378378379,12.980085348506393,5.494310099573255,7.432432432432435,1.3513513513513473,6.756756756756758,7.770270270270274,8.108108108108112,5.067567567567579
4941,bunt.saar,1750,19,0.0,0.0,2.93681839734471,0.0,0.0,3.4909909909909977,1.3869132290184822,4.658605974395449,1.0135135135135087,4.925320056899011,3.8584637268847786,1.7780938833570303,3.0405405405405475,1.3513513513513544,5.743243243243249,0.3378378378378386,6.081081081081095,4.391891891891902
478,FDP,1750,19,0.0,0.0,2.5841631104788996,1.0,1.0,1.6891891891891884,1.3513513513513473,3.8229018492176365,1.8847795163584635,5.654338549075405,2.720483641536269,0.07112375533427695,0.6756756756756843,0.3378378378378386,2.364864864864863,2.364864864864856,2.364864864864863,2.0270270270270245
4223,bunt.saar,1750,19,1.0,0.0,7.823613086770982,1.0,1.0,1.9144144144144164,0.8001422475106708,2.2403982930298625,14.704836415362742,4.391891891891895,16.518492176386907,8.285917496443815,0.6756756756756772,2.3648648648648702,3.378378378378386,0.6756756756756772,2.0270270270270174,2.3648648648648702
666,CDU,1750,19,1.0,0.0,4.098506401137983,1.0,1.0,1.463963963963966,0.3378378378378386,0.1955903271692847,1.2802275960170704,9.743954480796589,9.601706970128028,3.4317211948790884,1.0135135135135087,1.689189189189193,0.3378378378378386,2.0270270270270316,3.0405405405405475,0.6756756756756772
889,DIE LINKE,1750,19,1.0,1.0,3.7102892366050297,0.0,1.0,2.4774774774774797,3.7162162162162176,1.226884779516368,7.556899004267429,0.7290184921763867,8.463726884779518,0.5689900426742582,4.054054054054056,0.6756756756756772,2.364864864864856,5.743243243243242,1.0135135135135158,1.01351351351353
987,FDP,1750,19,0.0,0.0,2.756045519203415,1.0,1.0,2.927927927927923,0.6223328591749677,2.578236130867701,1.582503556187767,7.02347083926032,4.37411095305832,0.3556187766714132,2.0270270270270245,3.0405405405405332,2.7027027027027017,2.7027027027026946,2.7027027027027017,4.391891891891881
3719,CDU,1750,19,1.0,0.0,8.128852536747276,1.0,0.0,5.011261261261264,0.9779516358463738,5.192034139402573,12.108819345661445,1.724751066856328,15.682788051209101,13.086770981507833,2.702702702702709,1.3513513513513615,6.081081081081074,4.391891891891888,8.445945945945944,7.094594594594611
865,CDU,1750,19,1.0,0.0,5.0142247510668545,1.0,0.0,3.6599099099099086,4.498577524893307,7.414651493598868,1.7780938833570303,1.1201991465149348,7.02347083926032,8.250355618776666,5.067567567567565,3.378378378378379,1.0135135135135087,6.081081081081088,0.6756756756756701,5.743243243243242
4935,FDP,1750,19,0.0,1.0,4.9164295874822175,1.0,1.0,1.4639639639639672,1.0668563300142182,0.6578947368421026,3.0761024182076824,14.402560455192038,7.0945945945945965,3.200568990042669,1.689189189189193,2.3648648648648702,1.0135135135135158,2.0270270270270316,0.6756756756756772,1.0135135135135158
373,FDP,1750,19,0.0,1.0,2.252252252252255,1.0,1.0,2.3085585585585604,1.475817923186355,0.01778093883356746,3.4317211948790884,3.5739687055476637,4.17852062588905,0.8357041251778057,3.0405405405405475,3.7162162162162176,0.3378378378378386,1.3513513513513473,3.7162162162162176,1.689189189189193
3386,bunt.saar,1750,19,1.0,1.0,2.847913703176862,1.0,0.0,4.222972972972975,7.290184921763874,2.115931721194869,2.560455192034155,0.7290184921763867,1.1557610241820697,3.236130867709818,2.0270270270270316,2.3648648648648702,4.391891891891888,4.054054054054056,5.743243243243242,6.756756756756758
1599,SPD,1750,19,0.0,1.0,5.681009957325746,0.0,1.0,1.9144144144144164,2.4537695590327075,7.325746799431002,4.694167852062591,4.694167852062591,8.997155049786642,5.921052631578945,0.3378378378378457,2.364864864864863,1.3513513513513402,1.689189189189193,4.391891891891902,1.3513513513513544
1914,bunt.saar,1750,19,1.0,0.0,4.151849217638689,1.0,1.0,3.0405405405405403,4.036273115220482,1.5647226173541924,3.6095305832147915,0.9779516358463738,11.931009957325749,2.791607396870546,2.0270270270270316,3.378378378378379,3.7162162162162105,3.7162162162162176,4.729729729729726,0.6756756756756772
626,CDU,1750,19,0.0,0.0,9.382408724513985,1.0,0.0,4.673423423423421,0.32005689900426404,9.157183499288756,14.064722617354192,5.067567567567565,15.931721194879088,11.753200568990046,1.689189189189186,2.7027027027026946,7.770270270270274,2.7027027027026946,7.432432432432435,5.743243243243242
4778,SPD,1750,19,1.0,0.0,3.766595542911331,1.0,0.0,3.65990990990991,6.294452347083926,5.618776671408241,0.9957325746799413,4.551920341394016,5.0853485064011466,0.053342816500716594,5.067567567567572,1.013513513513523,5.4054054054054035,0.6756756756756701,4.054054054054049,5.743243243243242
5214,FDP,1750,19,0.0,1.0,7.702110004741585,1.0,1.0,3.378378378378379,2.9338549075391214,7.965860597439551,5.707681365576107,4.480796586059739,13.21123755334282,11.913229018492174,4.054054054054056,4.391891891891888,0.3378378378378457,4.391891891891888,3.378378378378379,3.7162162162162176
74,Die Grünen,1750,19,0.0,0.0,2.954599336178281,0.0,1.0,2.871621621621628,2.7560455192034112,0.03556187766713492,6.152204836415365,2.6671408250355597,5.352062588904687,0.7645803698435287,1.3513513513513473,3.0405405405405546,0.6756756756756914,4.391891891891888,3.0405405405405475,4.7297297297297405
3444,CDU,1750,19,1.0,0.0,2.483404457088666,1.0,0.0,3.3783783783783754,0.7290184921763796,6.152204836415365,4.623044096728307,0.284495021337122,0.10668563300142608,3.0049786628733983,0.675675675675663,0.6756756756756772,5.743243243243235,2.7027027027027017,6.081081081081074,4.391891891891902
5177,FDP,1750,19,1.0,0.0,9.089023233760075,1.0,1.0,3.2657657657657673,11.842105263157897,0.6756756756756772,16.2873399715505,5.4409672830725455,8.42816500711237,11.859886201991465,2.0270270270270316,0.0,5.067567567567572,0.3378378378378386,6.081081081081081,6.081081081081081
3337,SPD,1750,19,1.0,1.0,6.685633001422475,1.0,1.0,2.7590090090090094,2.7027027027027017,1.5291607396870575,10.56187766714082,8.17923186344239,4.658605974395456,12.482219061166425,3.7162162162162105,3.0405405405405475,0.6756756756756772,5.743243243243249,1.6891891891891788,1.689189189189193
487,Die Grünen,1750,19,1.0,0.0,5.372807017543856,1.0,1.0,1.2387387387387356,0.1422475106685539,6.383357041251777,3.0761024182076895,4.889758179231862,8.534850640113788,9.210526315789465,3.0405405405405403,0.6756756756756772,0.3378378378378244,0.3378378378378386,0.3378378378378386,2.7027027027026946
870,bunt.saar,1750,19,1.0,0.0,5.254267425320055,1.0,1.0,1.745495495495497,1.0668563300142253,0.0,7.752489331436699,1.795874822190612,11.984352773826451,8.926031294452343,0.6756756756756772,2.7027027027026946,1.3513513513513544,0.6756756756756772,1.689189189189193,3.378378378378386
3743,FDP,1750,19,1.0,1.0,5.43800379326695,1.0,1.0,2.1396396396396433,4.818634423897571,5.2275960170697005,3.02275960170698,3.307254623044095,10.615220483641536,5.636557610241816,3.7162162162162176,2.0270270270270316,1.3513513513513615,1.0135135135135158,2.3648648648648702,2.364864864864863
1207,FDP,1750,19,0.0,1.0,3.1857515410146995,1.0,1.0,1.0698198198198188,4.000711237553347,0.8001422475106708,5.28093883357041,6.365576102418217,0.3022759601706895,2.364864864864863,1.6891891891891788,0.3378378378378386,0.0,2.364864864864856,0.6756756756756843,1.3513513513513544
2511,CDU,1750,19,1.0,1.0,3.0286865813181607,1.0,0.0,3.0968468468468493,1.973684210526315,3.982930298719772,4.267425320056894,0.8001422475106708,5.28093883357041,1.8669985775249032,4.054054054054063,0.6756756756756701,3.0405405405405403,7.432432432432435,1.3513513513513544,2.0270270270270316
1287,FDP,1750,19,1.0,0.0,11.024182076813654,1.0,0.0,3.265765765765766,11.717638691322904,9.957325746799427,10.206258890469414,4.498577524893314,21.497155049786628,8.268136557610234,0.3378378378378315,2.3648648648648702,1.689189189189186,4.054054054054056,5.067567567567572,6.081081081081081
2168,bunt.saar,1750,19,1.0,1.0,4.51932195353248,1.0,1.0,6.644144144144143,1.973684210526315,5.6899004267425255,5.832147937411094,2.222617354196302,7.82361308677099,3.5739687055476566,6.418918918918912,3.378378378378372,5.405405405405418,9.797297297297298,8.108108108108112,6.756756756756744
4540,bunt.saar,1750,19,1.0,0.0,5.728425794215266,1.0,1.0,0.5067567567567567,4.231863442389766,4.409672830725462,8.303698435277383,0.9601706970127921,9.42389758179231,7.04125177809388,0.6756756756756772,0.675675675675663,0.3378378378378386,0.6756756756756843,0.0,0.6756756756756772
3529,Die Grünen,1750,19,1.0,0.0,2.059625414888572,1.0,1.0,2.477477477477476,2.7560455192034112,2.6137980085348573,2.4893314366998567,0.6045519203413932,3.1116642958748173,0.7823613086770962,1.0135135135135087,3.378378378378386,3.0405405405405332,0.6756756756756701,3.378378378378386,3.378378378378372
569,CDU,1750,19,1.0,0.0,7.548008534850642,1.0,0.0,4.504504504504506,0.2489331436699942,4.871977240398294,7.788051209103841,1.0312944523470833,16.642958748221908,14.704836415362735,4.054054054054049,2.0270270270270245,3.378378378378379,4.391891891891902,6.418918918918926,6.756756756756751
5168,bunt.saar,1750,19,1.0,0.0,4.631934566145091,1.0,1.0,2.4211711711711756,4.871977240398294,0.5689900426742582,7.2724039829302995,4.747510668563294,5.565433854907539,4.765291607396861,2.0270270270270316,1.01351351351353,3.7162162162162105,3.7162162162162176,1.3513513513513544,2.702702702702709
3627,Die Grünen,1750,19,0.0,0.0,8.309625414888577,1.0,1.0,0.9572072072072046,2.6137980085348573,6.3122332859175,12.26884779516358,5.3698435277382615,16.678520625889057,6.614509246088204,0.6756756756756701,0.675675675675663,1.3513513513513402,2.364864864864863,0.3378378378378528,0.3378378378378386
705,SPD,1750,19,1.0,0.0,5.944760550023706,1.0,0.0,1.4639639639639614,2.0625889046941666,12.393314366998574,3.9295874822190555,1.8492176386913215,6.063300142247506,9.370554765291615,4.054054054054056,1.689189189189186,1.0135135135135158,0.0,1.0135135135135016,1.0135135135135087
4685,bunt.saar,1750,19,0.0,0.0,7.746562351825509,1.0,0.0,7.2072072072072055,5.672119487908958,5.2631578947368425,11.024182076813652,9.868421052631575,10.526315789473685,4.12517780938834,11.148648648648646,4.729729729729726,7.094594594594589,11.824324324324323,4.054054054054056,4.391891891891895
5038,CDU,1750,19,1.0,1.0,3.354670459933621,1.0,1.0,4.2792792792792795,3.9651493598862118,3.982930298719772,2.2048364153627347,4.889758179231862,2.7204836415362763,2.3648648648648702,0.3378378378378386,6.418918918918926,7.432432432432435,2.702702702702709,4.729729729729726,4.054054054054042
3996,CDU,1750,19,1.0,1.0,2.5545282124229516,0.0,1.0,1.6891891891891884,2.738264580369851,0.7112375533428192,0.4978662873399671,5.654338549075405,5.689900426742533,0.03556187766713492,0.0,1.0135135135135087,0.3378378378378386,3.0405405405405332,3.378378378378379,2.3648648648648702
170,Die Grünen,1750,19,0.0,0.0,7.248696064485544,0.0,0.0,3.885135135135138,0.8534850640113874,3.627311522048373,10.312944523470854,1.902560455192038,13.193456614509245,13.602418207681367,3.378378378378379,0.0,5.067567567567579,2.702702702702709,5.067567567567565,7.0945945945945965
5165,SPD,1750,19,1.0,0.0,4.904575628259841,1.0,1.0,2.2522522522522537,0.35561877667140607,6.756756756756758,9.58392603129446,3.44950213371267,4.80085348506401,4.480796586059739,0.6756756756756701,2.7027027027027017,0.3378378378378457,3.0405405405405475,2.3648648648648702,4.391891891891888
4424,Die Grünen,1750,19,0.0,1.0,4.184447605500235,0.0,1.0,2.4774774774774797,0.49786628733995997,1.4935988620199083,8.677098150782356,2.7027027027026946,5.369843527738276,6.365576102418217,1.3513513513513615,6.418918918918919,0.6756756756756772,2.364864864864856,3.0405405405405332,1.01351351351353
4331,CDU,1750,19,1.0,0.0,4.30002370791845,1.0,1.0,0.9572072072072059,2.2226173541963163,4.516358463726888,5.245376955903275,2.151493598862025,9.40611664295875,2.258179231863444,2.0270270270270245,0.3378378378378386,1.0135135135135087,0.6756756756756701,1.689189189189193,0.0
4634,FDP,1750,19,1.0,1.0,1.5647226173541935,1.0,1.0,5.4054054054054035,2.5248933143669916,1.0490753911806507,0.21337126600283796,0.6045519203413932,2.151493598862025,2.8449502133712627,0.3378378378378386,8.783783783783775,7.770270270270267,0.0,6.756756756756758,8.783783783783782
4676,FDP,1750,19,1.0,0.0,5.63063063063063,0.0,1.0,2.252252252252255,1.5291607396870575,3.058321479374115,9.477240398293027,1.618065433854909,8.766002844950215,9.334992887624459,2.364864864864863,4.391891891891888,0.6756756756756843,1.689189189189186,1.6891891891892001,2.702702702702709
2823,bunt.saar,1750,19,1.0,0.0,6.8278805120910375,0.0,1.0,3.2094594594594574,2.489331436699864,3.058321479374115,7.432432432432435,6.899004267425319,13.904694167852057,7.183499288762434,3.0405405405405403,0.0,2.0270270270270316,4.054054054054056,4.054054054054049,6.0810810810810665
143,FDP,1750,19,1.0,1.0,5.097202465623518,0.0,0.0,16.49774774774775,6.472261735419629,5.4409672830725455,3.627311522048366,2.3470839260312886,9.63726884779517,3.058321479374108,6.081081081081074,17.229729729729726,20.608108108108112,8.10810810810812,25.0,21.95945945945946
272,FDP,1750,19,1.0,1.0,4.24964438122333,1.0,1.0,1.6891891891891895,5.28093883357041,5.707681365576107,5.0497866287340045,1.0668563300142182,4.231863442389763,4.160739687055479,1.3513513513513544,1.0135135135135158,0.3378378378378386,4.054054054054049,2.0270270270270316,1.3513513513513473
2473,CDU,1750,19,0.0,0.0,4.99940730203888,1.0,1.0,1.3513513513513498,7.2724039829302995,1.1557610241820626,0.6401137980085352,7.876955903271693,9.228307254623047,3.8229018492176436,0.6756756756756701,1.689189189189186,1.3513513513513544,1.3513513513513544,2.364864864864863,0.6756756756756701
340,SPD,1750,19,0.0,0.0,6.155168326220962,0.0,0.0,2.8716216216216246,4.302987197724043,9.068278805120912,7.165718349928888,0.7645803698435216,12.233285917496453,3.3961593172119535,1.0135135135135087,2.7027027027027017,3.7162162162162176,2.702702702702709,4.391891891891902,2.702702702702709
3622,DIE LINKE,1750,19,0.0,1.0,3.3694879089615895,0.0,0.0,4.89864864864865,7.325746799431009,2.2403982930298625,3.7517780938833525,2.2048364153627347,3.805120910384062,0.8890469416785152,5.743243243243249,2.3648648648648702,5.4054054054054035,3.378378378378379,4.391891891891895,8.108108108108105
2980,bunt.saar,1750,19,1.0,0.0,10.2151493598862,1.0,1.0,3.6599099099099064,0.10668563300142608,10.757467994310097,14.27809388335703,6.223328591749642,18.189900426742525,11.735419630156471,1.689189189189186,2.7027027027026946,3.7162162162162176,4.391891891891895,4.729729729729719,4.729729729729726
1623,CDU,1750,19,0.0,0.0,6.11664295874822,0.0,0.0,2.364864864864862,11.095305832147936,0.17780938833571014,5.7610241820768096,4.42745376955903,12.731152204836413,2.507112375533424,3.0405405405405332,1.3513513513513473,0.3378378378378244,3.0405405405405475,4.391891891891888,2.0270270270270316
3792,CDU,1750,19,1.0,0.0,2.2907776197249845,0.0,0.0,2.6463963963963977,0.7645803698435287,4.836415362731152,0.8890469416785152,5.529871977240397,0.284495021337122,1.4402560455191917,2.3648648648648702,0.3378378378378386,3.378378378378379,2.7027027027026946,2.702702702702709,4.391891891891895
4969,Die Grünen,1750,19,1.0,1.0,5.399478425794214,1.0,1.0,4.6734234234234195,5.2275960170697005,7.62802275960172,3.0761024182076824,4.871977240398294,9.192745376955898,2.400426742531991,6.756756756756758,0.675675675675663,3.378378378378386,6.418918918918919,4.391891891891888,6.418918918918905
4039,FDP,1750,19,1.0,1.0,7.0590327169274545,1.0,1.0,1.6328828828828843,3.876244665718353,4.107396870554773,10.668563300142246,2.720483641536269,13.762446657183496,7.21906116642959,1.0135135135135087,1.689189189189193,0.3378378378378386,0.6756756756756914,3.0405405405405332,3.0405405405405403
811,CDU,1750,19,0.0,1.0,2.9842342342342363,0.0,0.0,5.743243243243246,1.2980085348506378,2.080369843527741,2.8449502133712556,2.0270270270270316,2.3648648648648702,7.290184921763881,1.3513513513513544,5.743243243243249,6.418918918918926,2.0270270270270316,8.445945945945944,10.472972972972968
2494,Die Grünen,1750,19,0.0,0.0,4.095542911332384,0.0,1.0,1.4076576576576538,0.32005689900427114,2.7560455192034112,7.450213371266003,0.08890469416785152,10.793029871977232,3.165007112375534,0.3378378378378386,0.3378378378378386,5.067567567567565,1.689189189189193,0.675675675675663,0.3378378378378244
176,SPD,1750,19,1.0,1.0,7.0649596965386445,1.0,0.0,2.2522522522522563,5.4054054054054035,14.331436699857754,8.890469416785209,4.12517780938834,3.022759601706973,6.61450924608819,4.391891891891902,1.689189189189186,4.729729729729733,0.3378378378378457,0.3378378378378386,2.0270270270270316
3269,Die Grünen,1750,19,0.0,1.0,4.676386913229018,0.0,0.0,3.2094594594594574,1.9203413940255984,5.4409672830725455,2.951635846372696,11.539829302987194,0.6934566145092447,5.51209103840683,0.675675675675663,2.7027027027027017,4.7297297297297405,2.0270270270270245,6.081081081081074,3.0405405405405403
795,bunt.saar,1750,19,0.0,1.0,6.498933143669991,1.0,1.0,4.4481981981982015,4.000711237553347,1.760312944523477,11.664295874822194,0.12446657183500065,11.94879089615933,9.495021337126595,2.7027027027026946,1.01351351351353,5.4054054054054035,6.081081081081081,4.391891891891902,7.0945945945945965
984,bunt.saar,1750,19,0.0,0.0,4.919393077287815,1.0,1.0,2.702702702702704,3.769559032716927,4.160739687055475,6.169985775248925,6.152204836415365,5.600995732574688,3.662873399715508,3.0405405405405475,2.0270270270270245,4.729729729729733,2.3648648648648702,2.0270270270270316,2.0270270270270174
4195,bunt.saar,1750,19,1.0,1.0,3.8940256045519193,1.0,1.0,7.488738738738739,1.404694167852064,4.018492176386907,4.285206258890469,0.7645803698435216,8.55263157894737,4.338549075391185,5.4054054054054035,3.378378378378372,7.770270270270274,9.797297297297291,9.459459459459467,9.121621621621628
461,FDP,1750,19,0.0,0.0,8.312588904694167,1.0,1.0,1.9144144144144104,6.027738264580371,9.477240398293027,4.747510668563294,7.894736842105267,7.876955903271693,13.851351351351347,1.0135135135135158,4.054054054054042,1.0135135135135087,1.3513513513513473,0.6756756756756701,3.378378378378379
2878,CDU,1750,19,1.0,1.0,4.391891891891895,1.0,1.0,1.8018018018018023,1.3157894736842124,7.69914651493599,3.9118065433855023,1.262446657183503,7.130156472261731,5.03200568990043,5.4054054054054035,0.0,2.3648648648648702,1.689189189189193,0.0,1.3513513513513473
4998,FDP,1750,19,1.0,1.0,6.25,1.0,1.0,1.6328828828828843,4.445234708392597,2.1337126600284506,8.677098150782363,4.17852062588905,6.650071123755332,11.415362731152207,1.0135135135135087,1.0135135135135158,2.0270270270270316,2.0270270270270316,0.0,3.7162162162162176
3765,bunt.saar,1750,19,1.0,1.0,8.042911332385012,1.0,1.0,1.6328828828828807,3.9295874822190555,8.197012802275957,12.393314366998567,1.3513513513513473,14.0647226173542,8.32147937411095,1.0135135135135158,0.6756756756756701,2.364864864864856,1.0135135135135158,3.378378378378386,1.3513513513513402
4306,bunt.saar,1750,19,1.0,1.0,3.1146277856804154,1.0,1.0,4.335585585585587,0.37339971550497353,5.778805120910384,2.293741109530586,4.818634423897578,3.6095305832147915,1.8136557610241795,4.391891891891888,2.3648648648648702,6.418918918918919,3.7162162162162176,1.689189189189193,7.432432432432435
299,SPD,1750,19,0.0,0.0,7.986605026078713,0.0,0.0,2.927927927927932,1.7425320056899025,7.948079658605984,13.798008534850638,6.205547652916081,11.290896159317214,6.934566145092461,4.391891891891895,2.0270270270270316,2.7027027027027017,4.054054054054056,3.378378378378386,1.013513513513523
4169,CDU,1750,19,1.0,0.0,3.7636320531057343,1.0,1.0,3.716216216216214,2.6671408250355597,9.03271692745377,2.2403982930298696,2.7382645803698367,4.871977240398294,1.0312944523470762,8.445945945945944,1.0135135135135087,0.0,11.148648648648646,0.3378378378378386,1.3513513513513473
1565,FDP,1750,19,1.0,1.0,2.4982219061166417,1.0,1.0,2.4211711711711708,2.471550497866282,0.5867709815078257,2.5426742532005733,2.044807965860592,5.7610241820768096,1.582503556187767,4.054054054054056,0.6756756756756772,0.6756756756756701,6.756756756756758,1.3513513513513473,1.0135135135135158
3002,Die Grünen,1750,19,0.0,0.0,3.2746562351825497,0.0,0.0,6.418918918918916,6.721194879089616,3.6806543385490755,0.9601706970128063,5.903271692745371,1.6714082503556114,0.7112375533428192,0.3378378378378386,10.810810810810807,6.081081081081074,1.689189189189186,9.797297297297298,9.797297297297291
964,FDP,1750,19,1.0,1.0,5.1416548127074435,1.0,1.0,6.700450450450448,5.95661450924608,0.6223328591749677,8.837126600284499,0.3911806543385552,7.076813655761022,7.965860597439537,3.378378378378379,3.7162162162162176,8.445945945945951,2.7027027027026946,12.162162162162154,9.797297297297291
4724,bunt.saar,1750,19,0.0,1.0,5.476529160739692,0.0,0.0,1.126126126126125,0.46230440967283215,3.0761024182076895,8.001422475106693,1.3513513513513473,10.259601706970138,9.708392603129454,0.6756756756756701,0.6756756756756914,1.0135135135135016,0.3378378378378386,2.0270270270270316,2.0270270270270174
1721,bunt.saar,1750,19,1.0,1.0,2.6671408250355597,1.0,1.0,2.5337837837837838,1.618065433854909,1.0135135135135087,8.161450924608815,0.142247510668561,4.107396870554766,0.9601706970127992,1.689189189189186,4.054054054054056,0.0,2.364864864864863,3.378378378378386,3.7162162162162105
407,FDP,1750,19,1.0,1.0,6.015884305357989,1.0,0.0,4.222972972972975,5.4409672830725455,6.899004267425319,4.587482219061165,5.032005689900423,7.290184921763874,6.845661450924609,1.0135135135135158,11.148648648648646,3.0405405405405403,0.0,8.108108108108112,2.0270270270270316
83,FDP,1750,19,1.0,0.0,2.092223802750116,1.0,0.0,2.5337837837837824,1.6002844950213486,4.19630156472261,0.7823613086770962,0.0889046941678373,1.7780938833570303,4.107396870554773,2.0270270270270245,0.6756756756756772,3.7162162162162176,1.6891891891891788,3.378378378378379,3.7162162162162176
2212,bunt.saar,1750,19,1.0,1.0,5.553579895685163,1.0,1.0,1.745495495495491,0.21337126600283796,3.7339971550497992,10.241820768136563,6.116642958748223,7.254623044096732,5.761024182076824,2.364864864864863,1.0135135135135016,1.3513513513513402,3.378378378378386,0.3378378378378386,2.0270270270270174
3686,FDP,1750,19,1.0,0.0,4.294096728307255,1.0,1.0,0.7319819819819825,5.974395448079662,1.2091038406827934,7.770270270270267,4.498577524893307,0.4267425320056901,5.88549075391181,0.6756756756756843,2.364864864864863,0.3378378378378315,0.3378378378378386,0.6756756756756772,0.0
3510,Die Grünen,1750,19,0.0,0.0,5.049786628733995,1.0,1.0,0.5067567567567556,3.662873399715501,4.000711237553347,5.761024182076817,1.546941678520632,9.939544807965845,5.387624466571829,0.3378378378378386,0.3378378378378386,0.6756756756756772,0.6756756756756772,0.6756756756756772,0.3378378378378244
1883,Die Grünen,1750,19,0.0,1.0,4.258534850640111,0.0,1.0,3.322072072072069,0.32005689900426404,3.8229018492176436,4.694167852062584,2.86273115220483,8.517069701280235,5.334281650071112,0.6756756756756701,1.689189189189186,3.378378378378372,7.432432432432435,3.0405405405405475,3.7162162162162033
4290,FDP,1750,19,1.0,1.0,6.184803224276908,1.0,1.0,1.9707207207207194,2.5960170697012828,6.561166429587473,3.3250355618776624,8.748221906116648,4.445234708392604,11.433143669985775,1.0135135135135087,4.054054054054049,2.364864864864863,0.6756756756756772,0.0,3.7162162162162176
429,FDP,1750,19,1.0,1.0,1.5291607396870575,0.0,1.0,1.463963963963965,0.8534850640113802,1.5291607396870575,1.4935988620199154,0.23115220483641963,3.0761024182076824,1.9914651493598896,3.378378378378372,0.3378378378378315,1.3513513513513544,0.3378378378378528,1.689189189189193,1.689189189189186
668,bunt.saar,1750,19,1.0,1.0,3.7102892366050284,1.0,1.0,3.434684684684683,8.357041251778092,6.116642958748223,0.017780938833574567,0.32005689900426404,4.889758179231862,2.560455192034155,1.3513513513513473,3.0405405405405332,5.067567567567565,1.3513513513513544,5.743243243243249,4.054054054054049
921,CDU,1750,19,1.0,1.0,2.409317211948791,1.0,1.0,6.925675675675674,1.3157894736842124,0.6934566145092376,5.743243243243242,2.489331436699864,1.8136557610241866,2.400426742532005,1.0135135135135087,7.432432432432435,8.78378378378379,1.0135135135135087,11.824324324324323,11.486486486486477
2259,DIE LINKE,1750,19,0.0,1.0,1.852181128496915,1.0,1.0,5.349099099099097,0.7645803698435216,1.7780938833570303,0.7290184921763867,3.4317211948790884,1.6358463726884764,2.773826458036986,5.743243243243249,4.391891891891888,7.432432432432428,3.0405405405405332,6.756756756756758,4.729729729729726
1077,FDP,1750,19,1.0,1.0,2.99312470365102,0.0,1.0,2.871621621621621,3.1116642958748244,2.115931721194869,2.080369843527741,1.3157894736842124,7.343527738264584,1.9914651493598896,3.7162162162162176,5.067567567567565,3.378378378378379,1.0135135135135087,0.3378378378378386,3.7162162162162176
358,Die Grünen,1750,19,0.0,0.0,6.039592223802756,1.0,1.0,1.9707207207207205,3.3961593172119535,0.1955903271692847,10.864153627311524,1.546941678520632,12.802275960170704,7.432432432432435,3.378378378378379,3.0405405405405332,1.3513513513513473,2.3648648648648702,1.013513513513523,0.6756756756756701
3811,bunt.saar,1750,19,1.0,1.0,3.627311522048361,1.0,0.0,2.4774774774774797,0.07112375533427695,1.2091038406827863,3.485064011379805,4.80085348506401,9.281650071123742,2.916073968705547,1.3513513513513615,1.6891891891891788,3.7162162162162105,1.3513513513513544,4.054054054054063,2.702702702702709
3361,CDU,1750,19,1.0,0.0,7.924371740161217,1.0,1.0,12.612612612612613,2.151493598862025,12.019914651493607,8.677098150782363,0.9779516358463738,7.965860597439544,15.753911806543385,9.459459459459453,12.5,15.540540540540547,9.121621621621621,14.864864864864863,14.189189189189193
2095,bunt.saar,1750,19,1.0,0.0,3.1383357041251756,1.0,1.0,1.5202702702702726,2.6493598862019923,1.4402560455191917,5.992176386913229,5.387624466571836,2.6137980085348573,0.7467994310099471,0.6756756756756772,0.3378378378378244,1.6891891891892072,2.0270270270270245,1.3513513513513544,3.0405405405405475
1990,CDU,1750,19,0.0,1.0,4.892721669037461,1.0,1.0,1.2950450450450468,7.62802275960172,3.1116642958748244,2.773826458036986,3.94736842105263,5.885490753911803,6.009957325746804,1.3513513513513615,2.364864864864863,0.3378378378378386,0.3378378378378386,2.0270270270270316,1.3513513513513473
3468,Die Grünen,1750,19,1.0,0.0,6.324087245139879,1.0,1.0,0.9572072072072082,3.5028449502133725,3.271692745376953,8.481507823613093,4.231863442389766,11.379800853485065,7.076813655761022,2.7027027027027017,1.0135135135135158,0.0,2.0270270270270316,0.0,0.0
2767,SPD,1750,19,1.0,0.0,6.744902797534379,1.0,0.0,6.531531531531534,6.418918918918912,2.044807965860592,12.908961593172116,2.560455192034155,4.17852062588905,12.357752489331446,0.0,3.378378378378372,6.756756756756751,5.405405405405411,12.837837837837853,10.810810810810814
5095,FDP,1750,19,1.0,1.0,4.059981033665243,0.0,1.0,3.941441441441441,4.587482219061172,0.35561877667140607,5.778805120910384,2.5248933143669916,8.339260312944525,2.7738264580369787,5.4054054054054035,4.391891891891895,4.391891891891888,0.3378378378378386,3.7162162162162105,5.405405405405411
4686,CDU,1750,19,1.0,0.0,6.229255571360832,1.0,0.0,3.378378378378374,3.3605974395447973,4.694167852062591,7.130156472261731,10.08179231863442,5.778805120910384,6.330014224751068,5.743243243243228,4.391891891891895,4.054054054054049,2.364864864864863,1.0135135135135087,2.7027027027027017
3545,CDU,1750,19,1.0,1.0,3.1442626837363647,1.0,1.0,1.6328828828828819,1.3869132290184822,5.0853485064011394,1.2268847795163538,0.03556187766713492,7.130156472261731,4.000711237553347,1.0135135135135158,2.364864864864863,1.3513513513513473,3.0405405405405403,0.0,2.0270270270270245
712,Die Grünen,1750,19,1.0,1.0,7.678402086296824,1.0,1.0,2.1396396396396384,4.854196301564727,4.711948790896166,5.743243243243242,3.022759601706973,15.540540540540533,12.197724039829303,2.364864864864863,0.3378378378378386,1.0135135135135158,3.7162162162162105,4.054054054054049,1.3513513513513544
1763,bunt.saar,1750,19,1.0,1.0,5.455784732100518,1.0,1.0,1.407657657657655,2.187055476529153,3.4317211948790884,9.370554765291615,0.37339971550497353,11.255334281650065,6.116642958748216,1.689189189189186,1.0135135135135016,1.0135135135135158,1.0135135135135158,1.6891891891891788,2.0270270270270316
2651,bunt.saar,1750,19,1.0,1.0,3.8288288288288292,1.0,1.0,1.6328828828828854,1.4224751066856385,0.9246088193456643,5.95661450924608,2.3826458036984377,9.45945945945946,2.8271692745376953,3.0405405405405403,4.391891891891902,0.6756756756756843,0.6756756756756772,1.0135135135135087,0.0
586,FDP,1750,19,1.0,0.0,4.122214319582742,0.0,0.0,2.984234234234235,4.551920341394016,9.317211948790899,1.369132290184929,1.2802275960170704,5.600995732574681,2.6137980085348573,0.6756756756756843,1.3513513513513473,5.743243243243242,0.3378378378378386,3.378378378378379,6.418918918918919
970,CDU,1750,19,1.0,0.0,2.9042200094831685,1.0,1.0,3.6599099099099086,0.46230440967283215,0.6578947368421026,2.293741109530586,6.081081081081088,6.027738264580371,1.902560455192031,6.081081081081074,2.3648648648648702,3.7162162162162176,4.729729729729726,1.0135135135135087,4.054054054054056
4544,CDU,1750,19,1.0,1.0,3.508771929824565,1.0,1.0,1.2387387387387403,4.658605974395449,2.6137980085348573,3.6450924608819335,2.560455192034155,6.063300142247513,1.511379800853483,2.0270270270270316,0.6756756756756701,0.6756756756756772,1.3513513513513615,1.0135135135135087,1.689189189189193
4158,DIE LINKE,1750,19,1.0,0.0,2.3648648648648702,1.0,0.0,4.842342342342346,9.690611664295872,0.40896159317212266,1.333570412517787,1.475817923186355,0.1955903271692847,1.0846372688477999,3.0405405405405475,3.0405405405405403,8.108108108108105,2.3648648648648702,6.418918918918926,6.081081081081088
1934,FDP,1750,19,1.0,1.0,2.741228070175435,1.0,1.0,3.265765765765766,3.698435277382636,1.2091038406827934,4.267425320056894,1.7425320056898954,4.409672830725455,1.1201991465149348,1.689189189189193,4.729729729729726,3.0405405405405403,1.0135135135135158,3.7162162162162176,5.4054054054054035
1331,SPD,1750,19,0.0,0.0,7.153864390706494,0.0,0.0,7.939189189189189,2.0981507823613086,5.4409672830725455,9.637268847795163,7.46799431009957,13.798008534850638,4.480796586059739,3.378378378378379,4.729729729729726,9.459459459459453,8.783783783783782,14.864864864864863,6.418918918918926
3492,SPD,1750,19,0.0,0.0,5.393551446183026,0.0,1.0,0.8445945945945917,0.40896159317212266,0.8890469416785294,11.113086770981518,1.2980085348506378,10.810810810810807,7.841394025604544,2.364864864864863,1.3513513513513544,0.0,0.3378378378378315,1.0135135135135016,0.0
4393,CDU,1750,19,1.0,0.0,3.790303461356096,1.0,0.0,2.759009009009015,3.7339971550497992,0.2844950213371291,1.5291607396870575,5.867709815078236,4.000711237553347,7.325746799431009,3.378378378378393,3.378378378378379,2.702702702702709,2.0270270270270316,1.013513513513523,4.054054054054056
2247,CDU,1750,19,0.0,0.0,2.3559743954480816,0.0,0.0,4.166666666666665,3.627311522048373,1.4224751066856385,3.4672830725462234,0.6223328591749677,1.333570412517787,3.662873399715501,1.3513513513513473,5.4054054054054035,6.418918918918919,0.3378378378378386,8.108108108108105,3.378378378378379
550,Die Grünen,1750,19,0.0,1.0,3.4465386439070635,0.0,1.0,1.4639639639639686,3.876244665718346,2.115931721194869,2.880512091038412,2.6493598862019923,7.948079658605977,1.2091038406827863,2.0270270270270316,1.0135135135135158,1.3513513513513686,2.0270270270270245,0.3378378378378386,2.0270270270270316
4964,FDP,1750,19,1.0,1.0,3.956258890469416,1.0,1.0,3.4346846846846844,3.1294452347083777,7.2724039829302995,4.285206258890469,1.4224751066856385,2.3648648648648702,5.2631578947368425,5.405405405405411,1.689189189189186,5.4054054054054035,0.675675675675663,1.3513513513513615,6.081081081081081
598,CDU,1750,19,1.0,0.0,2.0181365576102466,1.0,1.0,2.7590090090090107,0.07112375533427695,1.4224751066856385,1.6714082503556256,5.067567567567565,1.9381223328591872,1.9381223328591872,2.0270270270270174,4.054054054054049,4.054054054054063,1.689189189189193,3.0405405405405475,1.689189189189193
4688,bunt.saar,1750,19,1.0,0.0,5.378733997155051,1.0,1.0,0.0,0.12446657183499354,5.938833570412527,4.67638691322901,2.7916073968705533,14.349217638691321,4.391891891891902,0.0,0.0,0.0,0.0,0.0,0.0
1505,CDU,1750,19,1.0,1.0,4.445234708392605,1.0,1.0,2.08333333333333,3.9651493598862118,3.627311522048366,4.694167852062591,7.876955903271693,0.9068278805120897,5.600995732574681,3.0405405405405332,2.364864864864856,1.0135135135135087,2.0270270270270174,0.3378378378378457,3.7162162162162176
4455,Die Grünen,1750,19,1.0,0.0,5.242413466097681,0.0,0.0,3.9977477477477463,5.192034139402573,7.841394025604551,2.275960170697026,2.1337126600284577,8.179231863442396,5.8321479374110865,2.364864864864856,3.0405405405405332,2.702702702702709,5.743243243243235,5.743243243243249,4.391891891891895
3714,bunt.saar,1750,19,1.0,1.0,3.9829302987197734,1.0,1.0,3.040540540540539,3.59174964438121,0.5689900426742582,7.361308677098151,4.036273115220489,3.2183499288762505,5.1209103840682815,3.378378378378372,2.0270270270270316,2.0270270270270316,3.7162162162162176,3.0405405405405332,4.054054054054049
1502,FDP,1750,19,1.0,1.0,2.2967045993361808,1.0,1.0,3.0968468468468457,0.3911806543385552,5.0497866287340045,4.658605974395449,1.3513513513513473,1.2091038406827934,1.1201991465149348,5.4054054054054035,3.378378378378372,2.3648648648648702,4.729729729729733,1.0135135135135087,1.689189189189186
1236,DIE LINKE,1750,19,1.0,1.0,3.8999525841631133,1.0,1.0,1.6891891891891895,4.320768136557611,4.17852062588905,3.8229018492176436,1.3691322901849219,5.743243243243242,3.9651493598862118,1.689189189189193,3.7162162162162105,1.689189189189193,0.6756756756756843,1.3513513513513402,1.0135135135135158
3921,FDP,1750,19,1.0,0.0,3.8229018492176388,1.0,1.0,3.265765765765764,1.2091038406827934,1.4935988620199154,0.8890469416785152,8.659317211948796,4.534139402560456,6.152204836415358,2.0270270270270245,4.391891891891895,3.7162162162162176,3.378378378378372,4.391891891891888,1.6891891891891895
2031,FDP,1750,19,1.0,1.0,3.82290184921764,1.0,1.0,2.815315315315317,3.2183499288762576,0.4445234708392647,5.2275960170697005,4.729729729729726,4.37411095305832,4.943100995732571,3.378378378378372,3.0405405405405403,3.378378378378386,1.3513513513513544,2.3648648648648702,3.378378378378379
3889,bunt.saar,1750,19,0.0,1.0,6.353722143195831,0.0,1.0,1.9144144144144153,6.347795163584642,7.130156472261731,6.756756756756758,0.9779516358463738,10.028449502133718,6.881223328591759,3.7162162162162176,1.3513513513513615,2.0270270270270245,1.689189189189193,1.689189189189186,1.0135135135135087
1921,FDP,1750,19,1.0,1.0,4.6526789947842575,1.0,1.0,4.504504504504506,0.9601706970128063,3.591749644381224,5.778805120910384,8.55263157894737,0.23115220483641252,8.80156472261735,3.0405405405405403,3.0405405405405475,5.405405405405411,5.4054054054054035,4.054054054054049,6.081081081081081
196,Die Grünen,1750,19,1.0,0.0,5.27204836415363,1.0,1.0,5.123873873873879,0.8534850640113874,7.21906116642959,1.7247510668563137,0.4267425320056901,12.606685633001433,8.801564722617364,5.4054054054054035,3.378378378378379,5.067567567567565,6.081081081081088,4.7297297297297405,6.081081081081095
2710,FDP,1750,19,1.0,0.0,6.608582266477003,1.0,0.0,6.193693693693695,0.7290184921763796,3.165007112375541,14.509246088193457,0.6578947368421026,8.197012802275957,12.393314366998581,4.729729729729726,3.378378378378379,8.783783783783782,5.4054054054054035,9.797297297297305,5.067567567567572
2990,FDP,1750,19,1.0,0.0,3.3605974395448093,0.0,0.0,3.490990990990992,2.3648648648648702,2.8271692745377024,7.432432432432435,2.578236130867701,4.498577524893314,0.46230440967283215,4.391891891891888,2.0270270270270245,4.054054054054056,1.689189189189186,4.054054054054056,4.7297297297297405
1489,CDU,1750,19,1.0,0.0,6.362612612612611,1.0,0.0,4.279279279279276,7.841394025604544,3.413940256045514,8.161450924608815,5.0853485064011394,3.271692745376953,10.401849217638699,3.7162162162162105,4.391891891891895,4.054054054054042,6.756756756756751,2.7027027027027017,4.054054054054056
2236,FDP,1750,19,0.0,1.0,6.519677572309153,1.0,1.0,2.6463963963963977,9.477240398293027,4.142958748221901,0.26671408250356166,8.997155049786635,13.40682788051209,2.8271692745377024,3.378378378378372,3.0405405405405403,1.689189189189186,1.6891891891892072,5.743243243243242,0.3378378378378386
2149,bunt.saar,1750,19,0.0,1.0,3.034613560929349,0.0,0.0,2.7027027027027017,2.7027027027026946,3.805120910384062,3.840682788051211,0.4445234708392647,4.160739687055475,3.2539118065433854,3.7162162162162033,2.364864864864863,3.7162162162162176,3.0405405405405403,3.0405405405405475,0.3378378378378386
726,Die Grünen,1750,19,1.0,1.0,9.468349928876243,1.0,1.0,0.4504504504504491,3.9295874822190555,8.214793741109531,10.68634423897582,4.747510668563294,16.39402560455192,12.837837837837839,0.3378378378378315,0.3378378378378386,0.3378378378378386,0.6756756756756701,0.6756756756756772,0.3378378378378386
1202,bunt.saar,1750,19,1.0,0.0,4.937174016121387,1.0,0.0,2.3085585585585626,3.52062588904694,1.226884779516368,6.027738264580378,3.236130867709811,10.152916073968704,5.45874822190612,2.0270270270270316,0.6756756756756914,2.702702702702709,2.364864864864863,3.378378378378372,2.702702702702709
1788,SPD,1750,19,0.0,0.0,8.063655761024183,0.0,1.0,2.9842342342342363,1.0668563300142253,9.477240398293027,10.384068278805131,4.498577524893314,14.704836415362742,8.25035561877666,3.0405405405405475,2.364864864864856,2.3648648648648702,3.7162162162162176,5.067567567567579,1.3513513513513473
798,CDU,1750,19,0.0,1.0,3.6984352773826465,1.0,1.0,2.308558558558559,2.5960170697012828,1.3513513513513473,5.672119487908965,1.404694167852064,6.667852062588906,4.498577524893314,1.689189189189186,0.3378378378378386,1.689189189189193,3.7162162162162176,3.0405405405405403,3.378378378378379
2477,FDP,1750,19,1.0,1.0,5.731389284020861,1.0,1.0,2.1959459459459474,2.2048364153627347,8.677098150782363,3.591749644381217,3.4672830725462234,7.965860597439544,8.481507823613086,1.013513513513523,2.7027027027027017,3.040540540540537,1.0135135135135158,2.364864864864863,3.040540540540544
1286,DIE LINKE,1750,19,1.0,0.0,6.804172593646277,0.0,0.0,3.9414414414414423,3.09388335704125,2.6315789473684177,10.188477951635846,1.0846372688477999,16.714082503556178,7.112375533428171,2.702702702702709,3.7162162162162176,4.729729729729726,2.3648648648648702,6.081081081081074,4.054054054054056
5097,Die Grünen,1750,19,1.0,0.0,4.510431484115695,1.0,1.0,0.957207207207207,4.338549075391185,0.46230440967283215,4.17852062588905,2.578236130867701,12.179943100995736,3.3250355618776624,1.689189189189186,1.3513513513513473,0.0,2.3648648648648702,0.0,0.3378378378378386
4659,FDP,1750,19,1.0,1.0,3.8880986249407297,1.0,1.0,0.45045045045045207,2.3470839260312957,7.0945945945945965,3.2361308677098144,1.6714082503556114,0.46230440967283215,8.517069701280228,0.3378378378378386,0.3378378378378386,0.33783783783783505,0.3378378378378386,0.6756756756756808,0.6756756756756808
4919,CDU,1750,19,1.0,0.0,3.5591512565196743,1.0,1.0,2.1959459459459487,1.8136557610241795,5.174253200568991,4.142958748221901,3.6095305832147915,4.089615931721191,2.5248933143669916,0.3378378378378386,2.0270270270270245,2.3648648648648702,2.3648648648648702,2.702702702702709,3.378378378378379
3368,bunt.saar,1750,19,1.0,0.0,1.8106922712185884,0.0,0.0,2.7590090090090094,1.0668563300142253,2.3115220483641536,1.0312944523470904,0.8001422475106708,4.569701280227605,1.0846372688477857,5.067567567567572,1.3513513513513473,0.6756756756756843,4.391891891891895,1.3513513513513473,3.7162162162162105
2840,Die Grünen,1750,19,1.0,0.0,3.733997155049785,1.0,0.0,2.3085585585585604,1.546941678520632,1.1557610241820626,1.7069701280227676,4.534139402560456,4.551920341394016,8.908250355618776,3.0405405405405403,1.013513513513523,1.0135135135135016,5.067567567567579,1.013513513513523,2.7027027027026946
2978,bunt.saar,1750,19,1.0,1.0,3.0464675201517317,0.0,1.0,8.55855855855856,2.6671408250355597,0.0,4.587482219061172,4.871977240398294,2.0270270270270316,4.125177809388333,6.756756756756751,2.3648648648648702,9.121621621621628,9.45945945945946,9.121621621621628,14.527027027027032
2789,bunt.saar,1750,19,1.0,0.0,3.0168326220957753,1.0,1.0,6.813063063063059,2.7560455192034112,0.0,2.187055476529153,4.80085348506401,4.996443812233288,3.36059743954479,4.391891891891888,3.0405405405405332,8.108108108108112,6.418918918918919,8.783783783783775,10.13513513513513
329,Die Grünen,1750,19,1.0,0.0,6.8100995732574665,0.0,1.0,2.2522522522522492,0.4800853485063925,12.606685633001426,3.8940256045519206,4.729729729729726,8.019203413940254,11.130867709815078,6.081081081081081,0.6756756756756772,1.3513513513513473,0.6756756756756701,1.689189189189186,3.0405405405405332
2217,FDP,1750,19,1.0,1.0,4.688240872451399,1.0,1.0,2.7590090090090094,2.1692745376955855,5.423186344238985,4.67638691322901,1.9559032716927405,7.69914651493599,6.205547652916081,3.7162162162162176,3.0405405405405475,3.0405405405405332,1.0135135135135158,2.7027027027026946,3.0405405405405475
1953,FDP,1750,19,1.0,1.0,3.176861071597916,1.0,1.0,1.126126126126124,3.2183499288762576,0.1955903271692776,4.925320056899004,6.881223328591744,3.342816500711244,0.4978662873399706,2.0270270270270174,1.0135135135135158,0.0,2.7027027027026946,1.0135135135135158,0.0
4247,FDP,1750,19,1.0,1.0,2.4359886201991485,1.0,1.0,2.477477477477477,1.9381223328591872,5.867709815078236,1.1024182076813673,0.017780938833574567,3.5028449502133725,2.187055476529153,2.7027027027026946,5.067567567567565,2.364864864864863,1.3513513513513544,0.3378378378378457,3.0405405405405403
3772,CDU,1750,19,0.0,0.0,3.9355144618302504,1.0,1.0,2.8153153153153156,1.689189189189193,4.943100995732571,2.293741109530579,6.490042674253203,7.23684210526315,0.9601706970128063,0.6756756756756843,2.3648648648648702,3.0405405405405403,2.0270270270270245,4.729729729729726,4.054054054054049
3752,bunt.saar,1750,19,0.0,1.0,3.4495021337126572,0.0,1.0,1.5765765765765802,2.3648648648648702,0.6934566145092447,3.7873399715504945,3.733997155049785,3.8940256045519135,6.223328591749635,2.0270270270270245,0.6756756756756843,3.378378378378386,1.0135135135135158,2.3648648648648702,0.0
3557,Die Grünen,1750,19,0.0,0.0,5.69879089615932,0.0,1.0,2.477477477477475,3.236130867709818,6.827880512091042,4.996443812233288,3.1116642958748244,9.192745376955905,6.827880512091042,3.0405405405405332,0.6756756756756772,3.7162162162162176,3.0405405405405403,2.0270270270270174,2.364864864864863
4640,Die Grünen,1750,19,1.0,0.0,4.42745376955903,1.0,1.0,1.5765765765765754,0.9423897581792318,4.267425320056894,6.472261735419622,0.1955903271692847,9.014935988620195,5.672119487908951,1.689189189189186,0.3378378378378386,3.378378378378372,1.013513513513523,1.689189189189193,1.3513513513513402
1458,FDP,1750,19,1.0,1.0,2.678994784257943,1.0,1.0,3.490990990990992,3.378378378378379,0.6223328591749677,1.76031294452347,1.3157894736842124,6.472261735419629,2.5248933143669987,4.391891891891888,5.4054054054054035,2.364864864864863,4.391891891891902,0.3378378378378386,4.054054054054056
127,FDP,1750,19,0.0,1.0,3.105737316263627,0.0,1.0,2.2522522522522492,4.285206258890469,3.1294452347083777,3.6450924608819335,1.0135135135135087,6.525604551920338,0.03556187766713492,5.067567567567565,4.054054054054042,0.0,1.0135135135135087,1.689189189189186,1.689189189189193
173,bunt.saar,1750,19,1.0,0.0,7.1597913703176905,1.0,1.0,2.1959459459459425,6.2766714082503725,0.9957325746799413,7.2724039829302995,4.80085348506401,13.922475106685646,9.690611664295872,3.7162162162162176,3.0405405405405332,0.0,1.689189189189193,0.675675675675663,4.054054054054049
1667,FDP,1750,19,0.0,0.0,2.827169274537699,0.0,1.0,0.9009009009009054,0.32005689900426404,1.9559032716927476,0.46230440967283215,7.948079658605984,5.849928876244675,0.4267425320056901,1.689189189189186,0.6756756756756772,1.013513513513523,0.6756756756756843,0.3378378378378457,1.0135135135135158
4725,bunt.saar,1750,19,1.0,0.0,3.5295163584637295,1.0,1.0,1.4639639639639626,1.866998577524896,4.8364153627311595,5.494310099573255,1.9381223328591872,6.418918918918919,0.6223328591749606,0.6756756756756701,3.0405405405405475,0.6756756756756772,1.0135135135135087,1.6891891891891788,1.689189189189193
5196,SPD,1750,19,1.0,1.0,3.019796111901376,1.0,1.0,1.6328828828828772,0.7467994310099613,0.3378378378378386,3.6806543385490897,2.2403982930298696,2.151493598862018,8.961593172119478,1.3513513513513473,3.0405405405405332,2.364864864864856,0.3378378378378315,0.6756756756756772,2.0270270270270174
3390,FDP,1750,19,1.0,1.0,1.2387387387387392,1.0,0.0,3.772522522522523,3.1827880512090942,1.8136557610241795,0.3022759601707037,0.8712660028449477,1.0668563300142253,0.1955903271692847,0.3378378378378386,4.391891891891881,7.0945945945945965,2.3648648648648702,4.391891891891895,4.054054054054056
1751,bunt.saar,1750,19,1.0,0.0,8.105144618302514,1.0,0.0,2.5900900900900923,4.249644381223341,4.800853485064017,12.055476529160735,4.42745376955903,14.687055476529153,8.410384068278809,1.013513513513523,4.054054054054056,1.3513513513513473,1.689189189189186,3.378378378378379,4.054054054054063
3668,CDU,1750,19,1.0,1.0,3.5710052157420598,1.0,1.0,1.1261261261261268,6.881223328591759,1.1201991465149348,2.631578947368425,7.485775248933145,1.8136557610241866,1.4935988620199083,1.3513513513513473,1.0135135135135158,0.3378378378378386,2.364864864864863,1.3513513513513544,0.33783783783784216
3683,DIE LINKE,1750,19,0.0,0.0,4.270388809862495,0.0,0.0,2.871621621621621,2.4537695590327075,3.9118065433855023,6.703413940256041,2.187055476529153,5.849928876244675,4.516358463726888,4.054054054054056,0.3378378378378386,5.067567567567579,2.0270270270270174,2.7027027027026946,3.0405405405405403
3786,bunt.saar,1750,19,0.0,0.0,5.429113323850167,0.0,0.0,3.6036036036036037,1.760312944523477,0.26671408250354744,6.792318634423893,7.112375533428171,12.07325746799431,4.569701280227605,5.743243243243235,2.0270270270270316,2.364864864864863,1.689189189189186,5.067567567567565,4.7297297297297405
5079,bunt.saar,1750,19,1.0,0.0,6.398174490279755,1.0,0.0,4.842342342342345,0.26671408250354744,2.151493598862018,10.241820768136563,6.2766714082503725,15.433854907539114,4.018492176386914,3.7162162162162176,1.689189189189193,5.743243243243256,4.391891891891902,7.770270270270274,5.743243243243228
519,CDU,1750,19,1.0,0.0,3.4317211948790898,1.0,0.0,1.9144144144144164,1.3157894736842124,3.876244665718353,2.1692745376955855,4.836415362731152,4.054054054054056,4.338549075391178,2.0270270270270316,3.7162162162162176,0.3378378378378386,2.702702702702709,0.6756756756756772,2.0270270270270245
40,bunt.saar,1750,19,0.0,0.0,3.6806543385490755,0.0,0.0,5.236486486486484,5.707681365576107,2.2403982930298625,3.200568990042669,2.951635846372696,1.9914651493598896,5.992176386913229,6.418918918918926,1.689189189189186,1.3513513513513473,8.445945945945944,5.743243243243242,7.7702702702702595
3340,Die Grünen,1750,19,1.0,1.0,4.270388809862496,1.0,0.0,1.9144144144144104,2.4182076813655797,5.032005689900423,4.391891891891902,1.831436699857747,5.974395448079662,5.974395448079662,1.3513513513513473,4.729729729729719,2.364864864864856,1.0135135135135087,2.0270270270270316,0.0
2730,FDP,1750,19,1.0,1.0,4.338549075391183,1.0,1.0,3.7162162162162162,2.809388335704128,8.3570412517781,4.30298719772405,1.973684210526315,4.605263157894733,3.982930298719772,6.418918918918919,3.378378378378379,2.3648648648648702,5.067567567567565,4.729729729729733,0.3378378378378315
994,Die Grünen,1750,19,1.0,0.0,7.562825983878617,1.0,1.0,3.8288288288288292,1.902560455192038,4.978662873399728,8.19701280227595,2.2403982930298696,14.63371266002845,13.424608819345664,4.391891891891902,0.6756756756756843,3.7162162162162105,3.378378378378372,4.054054054054049,6.756756756756758
1729,Die Grünen,1750,19,0.0,1.0,1.0579658605974427,0.0,1.0,2.984234234234234,1.1735419630156443,0.2844950213371291,0.6223328591749677,0.10668563300142608,3.44950213371267,0.7112375533428192,3.0405405405405332,3.7162162162162176,2.0270270270270245,3.0405405405405403,3.7162162162162176,2.3648648648648702
4289,SPD,1750,19,0.0,0.0,6.229255571360835,0.0,0.0,1.0698198198198199,2.5426742532005733,6.7745376955903325,12.0199146514936,1.1557610241820626,9.797297297297305,5.0853485064011394,1.3513513513513473,0.3378378378378386,0.6756756756756701,0.0,1.6891891891892001,2.364864864864863
2195,Die Grünen,1750,19,1.0,0.0,4.353366524419159,1.0,1.0,4.054054054054053,7.645803698435273,1.4580369843527734,0.7645803698435287,4.765291607396875,10.455192034139415,1.0312944523470904,0.3378378378378457,5.067567567567565,6.418918918918905,4.391891891891902,4.391891891891888,3.7162162162162105
3087,CDU,1750,19,1.0,0.0,2.9457088667614983,1.0,1.0,2.4211711711711708,0.3022759601707037,2.7560455192034112,5.689900426742533,4.925320056899011,3.7873399715504945,0.21337126600283796,2.0270270270270245,3.378378378378379,2.0270270270270245,2.702702702702709,2.3648648648648702,2.0270270270270174
781,Die Grünen,1750,19,1.0,1.0,2.4182076813655793,1.0,1.0,2.7590090090090094,1.1201991465149348,2.0803698435277482,2.471550497866289,1.8669985775248996,5.51209103840683,1.4580369843527734,5.067567567567565,1.3513513513513686,2.0270270270270174,3.7162162162162105,3.7162162162162176,0.6756756756756772
2637,CDU,1750,19,1.0,0.0,5.429113323850166,1.0,1.0,1.9144144144144104,4.925320056899011,8.908250355618776,3.2183499288762576,8.108108108108105,4.2140825035561775,3.200568990042669,2.0270270270270316,1.689189189189186,0.675675675675663,1.0135135135135158,4.054054054054042,2.0270270270270245
1049,CDU,1750,19,1.0,0.0,4.068871503082029,1.0,0.0,1.3513513513513484,0.6401137980085352,0.10668563300142608,5.707681365576107,4.87197724039828,11.539829302987194,1.546941678520632,2.702702702702709,2.3648648648648702,0.3378378378378315,0.3378378378378244,0.6756756756756701,1.689189189189186
4733,CDU,1750,19,0.0,0.0,6.552275960170699,0.0,0.0,3.2094594594594583,9.45945945945946,7.21906116642959,0.2489331436699942,9.70839260312944,8.97937411095306,3.69843527738265,1.689189189189186,3.0405405405405475,2.7027027027027017,4.729729729729726,5.4054054054054035,1.689189189189186
2778,bunt.saar,1750,19,0.0,0.0,5.603959222380273,0.0,0.0,3.2094594594594583,6.063300142247506,3.4317211948790884,12.108819345661445,0.26671408250356166,5.494310099573248,6.258890469416791,4.054054054054056,4.054054054054056,5.067567567567565,3.0405405405405403,1.0135135135135087,2.0270270270270245
4570,Die Grünen,1750,19,0.0,0.0,5.805476529160739,1.0,0.0,1.745495495495497,0.8712660028449548,9.281650071123742,6.294452347083926,5.049786628733997,9.174964438122338,4.160739687055475,2.0270270270270245,1.3513513513513615,0.0,3.378378378378386,2.364864864864856,1.3513513513513544
317,FDP,1750,19,1.0,1.0,4.415599810336656,1.0,1.0,3.71621621621622,0.6401137980085352,8.55263157894737,2.880512091038412,8.481507823613093,1.013513513513523,4.925320056899004,2.702702702702709,2.364864864864863,6.081081081081081,3.0405405405405475,1.3513513513513615,6.756756756756758
834,FDP,1750,19,1.0,1.0,3.6717638691322896,0.0,0.0,3.7725225225225216,7.325746799431009,2.1692745376955855,4.747510668563301,0.10668563300142608,4.356330014224753,3.3250355618776624,1.3513513513513473,5.067567567567565,3.378378378378379,0.6756756756756701,7.432432432432428,4.7297297297297405
1497,FDP,1750,19,1.0,1.0,7.177572309151259,1.0,1.0,2.5337837837837864,0.07112375533427695,7.503556187766712,8.32147937411095,7.147937411095313,9.566145092460893,10.455192034139408,3.0405405405405332,3.0405405405405403,3.0405405405405403,0.6756756756756914,2.3648648648648702,3.040540540540544
4591,FDP,1750,19,0.0,1.0,3.5354433380749177,0.0,1.0,1.745495495495497,3.342816500711244,4.2496443812233196,2.151493598862025,6.987908961593163,0.8534850640113874,3.627311522048366,2.3648648648648702,2.3648648648648702,2.7027027027027017,0.3378378378378386,1.689189189189186,1.0135135135135158
315,Die Grünen,1750,19,0.0,0.0,4.866050260787103,1.0,1.0,0.9572072072072059,5.03200568990043,2.5960170697012828,6.436699857752494,0.426742532005683,10.597439544807962,4.107396870554766,3.0405405405405403,0.3378378378378386,0.6756756756756772,0.6756756756756772,0.675675675675663,0.3378378378378386
2971,DIE LINKE,1750,19,1.0,0.0,2.9190374585111427,0.0,1.0,3.941441441441441,1.6002844950213486,5.352062588904694,2.3826458036984306,3.0049786628733983,3.449502133712656,1.724751066856328,7.432432432432435,0.0,2.0270270270270245,8.445945945945944,4.391891891891888,1.3513513513513544
4151,Die Grünen,1750,19,1.0,1.0,3.4406116642958735,1.0,1.0,2.5900900900900865,0.21337126600283796,5.26315789473685,3.2539118065433854,3.0049786628733983,3.4672830725462234,5.4409672830725455,0.3378378378378386,1.0135135135135087,4.391891891891888,1.689189189189186,4.729729729729726,3.378378378378372
3572,CDU,1750,19,1.0,0.0,2.0359174964438154,0.0,1.0,1.9707207207207251,0.8534850640113802,2.2759601706970045,2.3293029871977353,0.2489331436700013,3.307254623044102,3.200568990042669,1.0135135135135158,2.0270270270270316,1.013513513513523,3.7162162162162247,1.3513513513513544,2.7027027027027017
4335,CDU,1750,19,1.0,1.0,3.639165481270748,1.0,1.0,1.6328828828828843,4.623044096728307,3.9651493598862046,1.1379800853485094,2.5960170697012828,7.912517780938835,1.6002844950213486,1.0135135135135158,3.7162162162162176,0.6756756756756772,2.0270270270270245,1.0135135135135158,1.3513513513513544
4449,bunt.saar,1750,19,0.0,1.0,2.7204836415362714,1.0,1.0,1.5202702702702713,0.6934566145092447,4.338549075391185,4.480796586059739,0.4800853485063996,5.032005689900423,1.2980085348506378,1.3513513513513473,0.3378378378378386,1.689189189189193,1.0135135135135087,3.0405405405405475,1.689189189189193
3138,CDU,1750,19,0.0,1.0,3.0197961119013734,1.0,1.0,3.5472972972972925,7.076813655761022,3.4317211948790884,1.511379800853483,3.7162162162162105,0.017780938833574567,2.364864864864863,4.391891891891888,3.7162162162162176,4.054054054054049,1.6891891891891788,2.364864864864863,5.067567567567558
3660,FDP,1750,19,1.0,1.0,4.963845424371741,0.0,1.0,2.7027027027027053,7.912517780938828,3.165007112375541,2.0981507823613086,3.0761024182076895,10.526315789473685,3.0049786628733983,0.0,1.3513513513513473,3.7162162162162176,4.7297297297297405,3.7162162162162176,2.702702702702709
3908,FDP,1750,19,1.0,1.0,6.62043622569938,1.0,1.0,4.110360360360357,0.49786628733995997,3.9295874822190555,11.397581792318633,8.232574679943099,10.490753911806543,5.174253200568991,6.756756756756751,1.0135135135135158,3.378378378378372,8.783783783783775,2.7027027027027017,2.0270270270270245
1874,Die Grünen,1750,19,1.0,1.0,4.65564248458985,1.0,1.0,0.8445945945945953,1.3157894736842124,9.886201991465143,2.5248933143669916,4.836415362731152,3.591749644381224,5.778805120910377,0.6756756756756772,0.3378378378378315,0.3378378378378528,1.0135135135135158,1.3513513513513544,1.3513513513513402
5058,FDP,1750,19,1.0,1.0,1.923304883831199,1.0,0.0,3.2657657657657624,5.103129445234707,0.8890469416785152,0.7645803698435216,2.5426742532005733,1.582503556187767,0.6578947368421098,2.364864864864856,0.3378378378378315,4.391891891891888,4.054054054054049,6.081081081081088,2.364864864864863
4761,FDP,1750,19,1.0,1.0,4.851232811759125,1.0,1.0,1.126126126126125,9.157183499288756,1.1024182076813602,4.018492176386907,1.2980085348506378,10.579658605974402,2.951635846372689,0.0,1.689189189189193,1.3513513513513473,0.6756756756756701,2.0270270270270316,1.0135135135135087
319,bunt.saar,1750,19,1.0,0.0,5.227596017069694,1.0,1.0,1.8018018018018012,5.8321479374110865,3.698435277382636,7.876955903271693,0.17780938833571014,10.277382645803684,3.5028449502133583,4.054054054054056,1.0135135135135016,0.6756756756756772,3.0405405405405475,2.0270270270270245,0.0
1615,FDP,1750,19,1.0,1.0,1.7128971076339485,1.0,1.0,2.139639639639641,3.09388335704125,0.08890469416784441,2.7560455192034183,0.4978662873399742,3.449502133712656,0.3911806543385481,0.0,3.7162162162162176,2.0270270270270245,3.7162162162162247,2.0270270270270316,1.3513513513513473
1524,Die Grünen,1750,19,0.0,0.0,5.4676386913229,1.0,0.0,5.18018018018018,2.222617354196302,0.7645803698435287,6.703413940256041,4.836415362731152,15.931721194879088,2.3470839260312886,7.0945945945945965,0.0,6.756756756756758,7.770270270270267,4.054054054054056,5.4054054054054035
1722,bunt.saar,1750,19,1.0,1.0,3.162043622569938,1.0,1.0,2.3085585585585555,0.3911806543385552,3.6450924608819264,5.0497866287340045,0.7645803698435216,5.5476529160739645,3.5739687055476566,2.364864864864856,2.0270270270270245,3.7162162162161962,0.3378378378378457,4.054054054054056,1.3513513513513544
4012,Die Grünen,1750,19,0.0,0.0,3.9118065433854867,0.0,0.0,2.25225225225225,1.689189189189186,4.889758179231862,3.6450924608819264,1.4935988620199083,8.55263157894737,3.200568990042669,2.364864864864863,1.0135135135135087,1.689189189189186,3.0405405405405403,5.067567567567565,0.3378378378378386
3402,bunt.saar,1750,19,0.0,0.0,5.657302038880985,1.0,1.0,0.8445945945945965,0.23115220483641252,2.6671408250355597,11.237553342816497,1.902560455192038,10.846372688477949,7.0590327169274545,0.0,0.3378378378378386,0.0,1.3513513513513615,1.0135135135135087,2.3648648648648702
1759,SPD,1750,19,0.0,1.0,4.8897581792318645,0.0,0.0,3.828828828828833,4.089615931721191,2.293741109530579,7.503556187766712,0.8179231863442382,10.312944523470854,4.320768136557611,4.391891891891902,0.3378378378378386,2.7027027027026946,5.067567567567565,6.4189189189189335,4.054054054054063
645,SPD,1750,19,1.0,1.0,3.3635609293504025,1.0,1.0,2.0833333333333357,1.866998577524896,1.3157894736842124,4.445234708392597,2.5960170697012828,1.3335704125177799,8.623755334281647,2.3648648648648702,5.4054054054054035,1.3513513513513615,1.689189189189193,1.689189189189186,0.0
4376,SPD,1750,19,1.0,0.0,3.47024656235183,1.0,0.0,1.7454954954954947,3.9651493598862118,6.081081081081088,2.507112375533424,2.809388335704128,1.2802275960170775,4.17852062588905,0.3378378378378315,0.3378378378378244,3.7162162162162176,1.3513513513513473,2.702702702702716,2.0270270270270316
2485,CDU,1750,19,1.0,0.0,5.440967283072548,1.0,0.0,3.828828828828828,3.9295874822190626,4.391891891891895,5.600995732574688,0.35561877667140607,11.948790896159323,6.418918918918912,3.7162162162162247,0.3378378378378315,4.729729729729733,9.45945945945946,1.689189189189186,3.0405405405405332
587,FDP,1750,19,1.0,1.0,3.8080844001896637,1.0,1.0,3.378378378378379,0.40896159317212266,1.902560455192031,5.725462304409671,6.97012802275961,2.6671408250355597,5.174253200568987,3.0405405405405403,2.364864864864863,3.7162162162162176,7.0945945945945965,3.378378378378386,0.6756756756756701
1090,CDU,1750,19,0.0,1.0,6.11664295874822,1.0,1.0,1.9707207207207205,8.214793741109531,6.401137980085352,1.1557610241820626,5.565433854907539,12.962304409672832,2.400426742532005,1.689189189189193,0.6756756756756701,3.378378378378372,1.3513513513513615,1.689189189189186,3.0405405405405403
3295,SPD,1750,19,0.0,0.0,6.122569938359412,0.0,0.0,3.7162162162162162,3.0761024182076824,0.26671408250354744,7.556899004267429,2.809388335704128,12.67780938833571,10.348506401137975,4.729729729729733,2.3648648648648702,1.3513513513513473,3.7162162162162176,6.081081081081081,4.054054054054049
4592,Die Grünen,1750,19,1.0,0.0,3.5028449502133667,1.0,0.0,2.4774774774774784,7.5924608819345565,6.1877667140825,0.0889046941678373,0.16002844950213557,6.614509246088197,0.37339971550497353,4.391891891891888,0.6756756756756843,3.7162162162162247,0.6756756756756701,1.3513513513513473,4.054054054054056
757,bunt.saar,1750,19,0.0,0.0,5.399478425794215,0.0,0.0,3.7162162162162162,4.089615931721191,5.192034139402573,5.885490753911803,1.9203413940255984,9.086059743954486,6.223328591749642,4.391891891891895,0.0,3.378378378378379,6.081081081081074,4.391891891891895,4.054054054054056
3192,bunt.saar,1750,19,1.0,0.0,3.633238501659554,1.0,1.0,1.0135135135135158,2.0270270270270316,2.7204836415362763,3.271692745376953,4.089615931721191,7.539118065433854,2.151493598862018,1.689189189189193,0.3378378378378386,2.3648648648648702,1.3513513513513544,0.3378378378378386,0.0
4813,CDU,1750,19,1.0,1.0,3.182788051209107,1.0,1.0,2.195945945945946,2.6137980085348573,2.631578947368425,3.1827880512091085,5.600995732574688,3.8940256045519206,1.1735419630156443,3.378378378378386,1.689189189189186,3.0405405405405475,2.364864864864856,1.0135135135135087,1.689189189189193
612,CDU,1750,19,1.0,0.0,2.850877192982457,1.0,0.0,3.490990990990993,2.5960170697012828,4.711948790896166,0.7823613086770962,5.138691322901856,1.1735419630156443,2.7027027027026946,4.391891891891895,2.364864864864856,1.689189189189186,9.459459459459467,2.3648648648648702,0.6756756756756843
2756,FDP,1750,19,1.0,1.0,2.800497866287342,1.0,1.0,1.9144144144144153,2.9338549075391214,0.8001422475106708,3.9651493598862046,4.516358463726888,1.6180654338549019,2.9694167852062634,1.013513513513523,3.0405405405405403,2.364864864864863,2.3648648648648702,2.0270270270270174,0.6756756756756772
2671,FDP,1750,19,1.0,0.0,3.1738975817923163,1.0,1.0,2.3085585585585604,2.6671408250355597,3.9295874822190555,0.6223328591749677,2.0981507823613015,8.036984352773828,1.689189189189186,3.0405405405405546,4.054054054054056,2.364864864864856,1.3513513513513544,0.6756756756756772,2.364864864864863
3948,CDU,1750,19,1.0,0.0,3.325035561877671,1.0,1.0,1.2950450450450444,2.560455192034155,3.165007112375541,4.285206258890469,8.410384068278809,1.511379800853483,0.01778093883356746,1.0135135135135087,0.3378378378378386,1.0135135135135158,0.3378378378378386,1.0135135135135087,4.054054054054056
3611,FDP,1750,19,0.0,0.0,1.9647937411095313,0.0,0.0,3.2094594594594597,1.1735419630156443,0.9423897581792318,2.8271692745377024,5.885490753911803,0.3911806543385552,0.5689900426742511,2.702702702702709,0.0,2.7027027027026946,4.054054054054056,3.0405405405405475,6.756756756756751
2371,FDP,1750,19,0.0,0.0,3.4317211948790884,0.0,0.0,4.617117117117114,0.0,7.325746799431009,4.569701280227605,4.67638691322901,0.37339971550497353,3.6450924608819335,0.6756756756756772,3.0405405405405332,6.081081081081074,5.743243243243235,6.756756756756758,5.4054054054054035
2695,bunt.saar,1750,19,1.0,1.0,1.5558321479374122,0.0,1.0,4.110360360360361,1.0490753911806578,1.689189189189193,0.5512091038406766,2.6671408250355597,2.471550497866289,0.9068278805120968,1.013513513513523,4.054054054054049,7.432432432432435,1.689189189189193,6.418918918918919,4.054054054054049
3258,SPD,1750,19,0.0,0.0,4.907539118065434,0.0,0.0,3.8851351351351346,0.12446657183499354,1.6002844950213486,11.806543385490762,0.1422475106685539,6.987908961593163,8.783783783783782,4.391891891891888,1.689189189189186,4.7297297297297405,4.054054054054056,4.391891891891881,4.054054054054056
3447,FDP,1750,19,0.0,0.0,7.725817923186345,1.0,1.0,1.0698198198198223,5.4054054054054035,6.54338549075392,7.894736842105267,8.926031294452343,9.423897581792318,8.161450924608822,0.3378378378378386,1.013513513513523,1.0135135135135158,2.7027027027027017,1.0135135135135158,0.3378378378378386
1716,CDU,1750,19,1.0,0.0,2.9575628259838838,1.0,1.0,1.4076576576576596,0.3911806543385552,5.796586059743959,0.5867709815078399,5.5476529160739645,2.6849217638691414,2.7382645803698438,1.689189189189193,0.3378378378378386,3.0405405405405475,0.6756756756756772,2.364864864864863,0.3378378378378386
1041,CDU,1750,19,1.0,0.0,3.3428165007112383,1.0,0.0,2.8153153153153156,2.4893314366998567,1.546941678520632,1.1024182076813602,6.258890469416791,6.241109530583209,2.4182076813655797,0.3378378378378386,1.689189189189186,5.405405405405411,2.702702702702709,1.0135135135135158,5.743243243243235
3482,FDP,1750,19,1.0,0.0,3.814011379800854,1.0,1.0,1.407657657657655,8.054765291607403,3.09388335704125,2.916073968705547,5.103129445234707,1.0312944523470762,2.6849217638691414,1.689189189189186,0.0,2.7027027027027017,0.6756756756756772,1.3513513513513473,2.0270270270270174
231,SPD,1750,19,0.0,0.0,3.428757705073494,1.0,1.0,3.1531531531531534,1.902560455192038,2.400426742532005,4.160739687055475,1.1557610241820626,3.5739687055476637,7.3790896159317185,1.689189189189186,4.391891891891888,3.7162162162162176,1.3513513513513473,6.081081081081088,1.689189189189193
595,bunt.saar,1750,19,1.0,1.0,2.207799905168327,0.0,1.0,3.4909909909909858,1.9914651493598896,0.6401137980085352,3.236130867709818,0.4445234708392647,5.867709815078236,1.0668563300142182,0.3378378378378315,0.6756756756756701,3.7162162162162105,3.378378378378379,6.418918918918912,6.418918918918912
2329,bunt.saar,1750,19,1.0,1.0,3.71621621621622,1.0,1.0,1.4639639639639637,3.2183499288762505,0.8001422475106637,5.761024182076824,2.2403982930298696,7.681365576102436,2.5960170697012757,1.689189189189193,1.0135135135135158,2.0270270270270174,2.0270270270270245,0.0,2.0270270270270316
2064,bunt.saar,1750,19,1.0,0.0,5.621740161213848,1.0,0.0,3.828828828828828,0.6756756756756772,0.2489331436700013,9.192745376955898,5.689900426742533,11.984352773826451,5.938833570412527,4.729729729729726,1.01351351351353,4.729729729729726,4.729729729729726,3.7162162162162105,4.054054054054049
1079,Die Grünen,1750,19,1.0,0.0,6.51375059269796,1.0,1.0,1.3513513513513498,2.080369843527741,3.6450924608819264,4.214082503556185,5.992176386913236,12.393314366998567,10.757467994310105,1.689189189189186,0.0,3.7162162162162247,0.6756756756756701,0.3378378378378386,1.6891891891891788
1278,CDU,1750,19,1.0,0.0,3.763632053105738,1.0,0.0,3.209459459459461,1.2802275960170704,3.9118065433855023,6.13442389758179,5.4409672830725455,3.1294452347083777,2.6849217638691414,1.013513513513523,7.0945945945945965,2.0270270270270245,2.7027027027027017,2.702702702702709,3.7162162162162105
4212,CDU,1750,19,1.0,1.0,3.923660502607872,1.0,1.0,2.421171171171172,3.2539118065433854,3.8940256045519206,3.165007112375534,3.840682788051211,6.169985775248932,3.2183499288762505,1.3513513513513473,2.0270270270270316,2.7027027027027017,3.7162162162162176,1.689189189189193,3.0405405405405403
4796,Die Grünen,1750,19,1.0,0.0,4.898648648648648,1.0,0.0,2.0833333333333357,6.54338549075392,0.7823613086770962,3.7162162162162105,2.86273115220483,9.850640113798008,5.636557610241823,2.3648648648648702,4.729729729729726,1.3513513513513544,2.3648648648648702,0.6756756756756772,1.0135135135135158
543,FDP,1750,19,1.0,1.0,3.532479848269323,1.0,1.0,2.92792792792793,2.5426742532005733,0.46230440967283215,1.8136557610241795,3.0405405405405403,10.50853485064011,2.8271692745377024,3.378378378378379,4.054054054054056,2.702702702702709,4.391891891891888,2.702702702702709,0.3378378378378386
1161,CDU,1750,19,0.0,0.0,3.917733522996683,0.0,0.0,2.1396396396396433,3.698435277382636,1.546941678520632,4.551920341394016,3.2894736842105345,8.285917496443822,2.1337126600284577,1.689189189189186,1.689189189189186,2.0270270270270316,4.391891891891902,0.6756756756756843,2.3648648648648702
4583,FDP,1750,19,1.0,1.0,6.169985775248933,1.0,1.0,1.2387387387387356,11.255334281650065,3.342816500711244,0.5512091038406837,8.677098150782356,11.077524893314376,2.115931721194876,2.0270270270270174,1.689189189189193,1.0135135135135158,0.675675675675663,0.0,2.0270270270270245
1743,FDP,1750,19,1.0,1.0,3.8436462778568035,1.0,1.0,2.8153153153153156,7.183499288762434,1.1379800853485094,0.9068278805120897,5.4054054054054035,4.231863442389766,4.196301564722617,1.3513513513513473,0.3378378378378457,4.054054054054056,5.067567567567565,1.689189189189186,4.391891891891895
3365,bunt.saar,1750,19,1.0,0.0,2.48636794689426,1.0,1.0,2.0833333333333344,6.009957325746804,0.8534850640113802,3.4672830725462234,1.7069701280227534,1.5291607396870432,1.3513513513513544,1.3513513513513473,0.0,4.054054054054049,1.0135135135135158,3.0405405405405475,3.0405405405405475
887,CDU,1750,19,1.0,1.0,2.4893314366998567,1.0,1.0,3.322072072072069,2.293741109530579,1.8136557610241795,1.7069701280227534,4.463015647226179,0.5867709815078257,4.071834992887624,1.3513513513513473,3.378378378378372,4.729729729729733,1.0135135135135087,3.7162162162162105,5.743243243243242
4901,bunt.saar,1750,19,0.0,0.0,2.8212422949265012,0.0,1.0,1.970720720720717,3.662873399715501,4.160739687055468,6.098862019914655,0.01778093883356746,0.8001422475106637,2.187055476529153,0.0,1.6891891891891788,1.3513513513513402,2.7027027027027017,3.7162162162162105,2.3648648648648702
2200,bunt.saar,1750,19,1.0,0.0,3.7873399715504967,1.0,0.0,5.96846846846847,3.236130867709811,0.10668563300143319,3.6450924608819406,1.511379800853483,12.055476529160728,2.1692745376955855,4.729729729729726,1.3513513513513686,6.418918918918919,5.4054054054054035,8.445945945945937,9.459459459459467
2349,CDU,1750,19,1.0,1.0,4.812707444286396,1.0,1.0,4.11036036036036,0.2489331436700013,5.156472261735409,1.1735419630156443,5.654338549075405,8.570412517780944,8.07254623044097,1.01351351351353,4.054054054054049,3.378378378378372,1.0135135135135016,4.729729729729733,10.472972972972975
309,DIE LINKE,1750,19,1.0,1.0,4.021455666192511,1.0,1.0,0.8445945945945977,4.747510668563301,1.51137980085349,3.6095305832147915,4.694167852062591,4.9075391180654435,4.658605974395449,0.6756756756756843,1.689189189189193,1.0135135135135158,0.3378378378378386,0.0,1.3513513513513544
3305,FDP,1750,19,1.0,0.0,2.3826458036984306,1.0,0.0,2.3648648648648654,6.561166429587473,0.9246088193456643,2.400426742532005,1.1379800853485023,2.578236130867701,0.6934566145092376,1.3513513513513544,1.689189189189186,4.729729729729733,0.3378378378378386,4.729729729729726,1.3513513513513544
4502,Die Grünen,1750,19,1.0,1.0,4.94606448553817,1.0,1.0,1.689189189189186,0.1955903271692847,4.67638691322901,6.472261735419622,4.000711237553347,10.597439544807962,3.7339971550497992,2.3648648648648702,0.0,1.6891891891891788,4.054054054054063,0.675675675675663,1.3513513513513402
1773,SPD,1750,19,0.0,0.0,3.541370317686109,0.0,1.0,1.6891891891891906,1.1024182076813602,0.9068278805120897,3.7339971550497992,4.409672830725462,5.067567567567565,6.027738264580378,1.0135135135135158,3.0405405405405403,2.0270270270270174,1.3513513513513473,1.3513513513513544,1.3513513513513686
3197,bunt.saar,1750,19,1.0,0.0,3.5176623992413454,1.0,1.0,1.5765765765765778,5.636557610241816,0.8001422475106637,2.507112375533424,0.08890469416785152,8.090327169274538,3.982930298719779,0.6756756756756843,1.689189189189193,2.7027027027026946,2.0270270270270245,1.689189189189193,0.6756756756756772
3042,FDP,1750,19,1.0,0.0,3.7547415836889506,1.0,1.0,2.3648648648648667,4.320768136557611,5.2631578947368425,1.1379800853485094,2.720483641536269,6.152204836415365,2.933854907539107,2.3648648648648702,2.3648648648648702,3.0405405405405475,1.689189189189193,3.0405405405405403,1.6891891891891788
3221,bunt.saar,1750,19,1.0,0.0,4.578591749644382,1.0,1.0,1.1261261261261228,0.017780938833574567,5.26315789473685,4.729729729729726,0.2489331436699942,12.339971550497872,4.87197724039828,0.3378378378378315,0.3378378378378386,0.0,1.3513513513513544,2.364864864864856,2.364864864864856
2252,FDP,1750,19,0.0,0.0,6.531531531531528,1.0,1.0,2.9279279279279287,8.12588904694168,7.485775248933145,0.4800853485063925,8.801564722617357,12.517780938833567,1.7780938833570303,1.3513513513513473,5.405405405405411,1.689189189189186,2.0270270270270316,3.378378378378379,3.7162162162162176
1709,bunt.saar,1750,19,0.0,1.0,3.6539829302987186,0.0,1.0,7.376126126126127,5.28093883357041,3.4317211948790884,3.271692745376953,1.3513513513513473,6.081081081081088,2.507112375533424,9.45945945945946,6.418918918918912,9.45945945945946,4.391891891891888,10.135135135135151,4.391891891891888
2859,CDU,1750,19,1.0,1.0,2.210763394973925,1.0,1.0,2.1396396396396375,3.0405405405405332,1.795874822190612,1.6002844950213415,3.342816500711244,0.5867709815078399,2.8982930298719793,1.689189189189193,3.7162162162162105,2.364864864864863,1.3513513513513402,2.3648648648648702,1.3513513513513473
4050,FDP,1750,19,1.0,0.0,3.911806543385488,1.0,0.0,2.364864864864863,4.160739687055475,4.996443812233295,0.6934566145092447,2.044807965860592,7.307965860597427,4.267425320056894,2.0270270270270245,2.0270270270270245,3.378378378378379,4.054054054054042,2.0270270270270316,0.6756756756756772
581,CDU,1750,19,1.0,1.0,3.2153864390706475,0.0,1.0,1.7454954954954982,1.9381223328591872,4.943100995732571,2.933854907539107,1.973684210526315,2.578236130867701,4.925320056899004,2.0270270270270245,1.0135135135135158,7.105427357601002e-15,6.081081081081081,0.6756756756756843,0.6756756756756772
3411,bunt.saar,1750,19,1.0,0.0,5.13869132290185,1.0,0.0,2.871621621621621,6.934566145092461,2.8982930298719793,9.992887624466576,1.1735419630156443,8.97937411095306,0.8534850640113802,3.0405405405405475,5.067567567567565,4.391891891891888,1.689189189189193,1.3513513513513402,1.689189189189193
488,FDP,1750,19,0.0,0.0,5.203888098624944,0.0,1.0,3.2657657657657686,2.471550497866282,0.5334281650071233,5.636557610241816,7.82361308677099,7.02347083926032,7.734708392603132,3.7162162162162176,2.702702702702709,4.054054054054056,1.3513513513513615,2.0270270270270245,5.743243243243242
1519,FDP,1750,19,1.0,0.0,5.829184447605502,1.0,1.0,1.8581081081081077,9.299431009957331,2.1692745376955926,2.951635846372689,7.325746799431002,4.996443812233288,8.232574679943106,2.0270270270270245,3.0405405405405332,1.689189189189193,0.6756756756756772,2.0270270270270316,1.689189189189186
4435,bunt.saar,1750,19,1.0,1.0,2.8330962541488858,1.0,1.0,2.364864864864863,2.471550497866282,3.2539118065433925,0.4445234708392718,4.19630156472261,5.2275960170697005,1.4046941678520568,0.6756756756756701,2.702702702702716,2.702702702702709,1.0135135135135087,4.729729729729719,2.364864864864856
3741,bunt.saar,1750,19,0.0,0.0,3.834755808440022,0.0,1.0,2.0270270270270268,1.0312944523470833,2.560455192034155,1.1913229018492189,6.258890469416791,6.401137980085345,5.565433854907539,2.0270270270270316,3.0405405405405475,4.391891891891888,0.3378378378378386,2.364864864864856,0.0
3796,DIE LINKE,1750,19,1.0,0.0,4.617117117117114,1.0,0.0,1.7454954954954982,3.1827880512090942,1.7780938833570303,7.183499288762434,4.800853485064017,8.143669985775247,2.6137980085348573,1.3513513513513615,0.3378378378378386,1.689189189189193,1.3513513513513473,3.0405405405405403,2.702702702702709
4763,FDP,1750,19,0.0,1.0,5.04089615931721,0.0,0.0,1.9144144144144175,1.5825035561877598,4.640825035561875,1.724751066856328,6.525604551920338,13.15789473684211,2.6137980085348502,2.3648648648648702,2.0270270270270316,0.3378378378378386,1.013513513513523,4.729729729729733,1.0135135135135087
4475,bunt.saar,1750,19,1.0,0.0,4.513394973921291,0.0,1.0,2.0833333333333335,4.996443812233295,0.053342816500716594,9.690611664295872,0.5334281650071233,5.885490753911796,5.921052631578945,1.3513513513513473,4.729729729729726,1.0135135135135158,3.0405405405405403,1.3513513513513544,1.0135135135135158
2686,SPD,1750,19,1.0,1.0,4.6674964438122295,1.0,1.0,2.25225225225225,3.5384068278805074,5.636557610241823,7.307965860597427,3.5028449502133725,2.791607396870546,5.2275960170697005,1.689189189189193,2.3648648648648702,3.378378378378372,2.7027027027027017,2.0270270270270174,1.3513513513513473
1279,bunt.saar,1750,19,0.0,1.0,5.239449976292083,0.0,1.0,1.463963963963966,2.0981507823613086,4.249644381223341,3.1116642958748173,2.364864864864863,12.517780938833575,7.0945945945945965,3.0405405405405475,1.3513513513513473,0.6756756756756772,0.6756756756756772,1.3513513513513544,1.689189189189193
3314,DIE LINKE,1750,19,1.0,1.0,8.410384068278807,1.0,1.0,2.027027027027028,8.677098150782356,7.681365576102436,12.766714082503555,4.889758179231862,10.010668563300136,6.436699857752494,3.0405405405405403,1.6891891891892072,0.3378378378378244,2.0270270270270316,2.3648648648648702,2.7027027027026946
4032,Die Grünen,1750,19,0.0,0.0,7.11830251303935,0.0,0.0,3.547297297297296,1.5825035561877598,3.6450924608819335,10.881934566145091,4.551920341394016,10.13513513513513,11.913229018492167,5.067567567567565,2.702702702702709,2.364864864864856,7.094594594594589,1.3513513513513615,2.7027027027026946
4377,bunt.saar,1750,19,0.0,0.0,5.858819345661453,0.0,0.0,1.4076576576576574,3.3961593172119535,3.022759601706973,8.37482219061166,1.0135135135135087,11.94879089615933,7.396870554765293,1.0135135135135087,0.3378378378378386,1.3513513513513402,0.0,2.3648648648648702,3.378378378378386
4912,SPD,1750,19,0.0,1.0,5.0497866287339965,0.0,1.0,1.8018018018017987,9.743954480796589,5.174253200568991,5.974395448079662,3.627311522048366,4.374110953058313,1.4046941678520568,0.3378378378378386,1.3513513513513473,2.3648648648648702,3.378378378378379,2.0270270270270174,1.3513513513513402
4670,SPD,1750,19,1.0,0.0,3.2094594594594597,1.0,0.0,3.5472972972972947,1.760312944523477,9.690611664295872,3.7162162162162176,0.49786628733995997,0.9068278805120897,2.6849217638691414,3.0405405405405403,0.6756756756756772,6.418918918918912,0.3378378378378244,5.067567567567572,5.743243243243242
786,DIE LINKE,1750,19,0.0,0.0,4.00663821716453,1.0,1.0,1.4639639639639614,1.1201991465149348,7.6635846372688405,4.605263157894733,1.795874822190612,6.223328591749642,2.6315789473684177,2.3648648648648702,2.0270270270270174,0.3378378378378386,1.689189189189186,1.3513513513513473,1.0135135135135087
1353,FDP,1750,19,1.0,0.0,5.307610241820767,1.0,0.0,3.2094594594594574,4.605263157894733,5.796586059743952,8.036984352773828,2.293741109530586,8.499288762446653,2.6137980085348502,0.3378378378378386,1.689189189189186,6.081081081081081,0.6756756756756772,5.743243243243235,4.729729729729726
1711,FDP,1750,19,0.0,1.0,5.117946894262686,1.0,1.0,1.9707207207207205,1.9381223328591872,3.09388335704125,7.005689900426745,8.054765291607396,2.916073968705547,7.69914651493599,1.3513513513513473,2.7027027027027017,3.378378378378379,0.3378378378378386,1.689189189189193,2.364864864864863
4232,FDP,1750,19,1.0,1.0,6.001066856330014,1.0,0.0,3.772522522522524,2.3648648648648702,7.948079658605984,1.4402560455191917,4.196301564722617,14.847083926031296,5.209815078236126,2.0270270270270316,1.689189189189193,4.729729729729726,6.4189189189189335,4.729729729729726,3.0405405405405332
41,Die Grünen,1750,19,1.0,1.0,5.079421526789944,1.0,1.0,4.391891891891887,7.716927453769557,3.6450924608819264,3.182788051209087,2.631578947368425,8.890469416785209,4.409672830725462,0.0,1.3513513513513473,7.7702702702702595,2.7027027027026946,8.445945945945944,6.081081081081074
1114,bunt.saar,1750,19,1.0,0.0,4.006638217164529,1.0,1.0,1.6328828828828843,4.67638691322901,1.831436699857747,6.241109530583216,2.6671408250355597,5.547652916073957,3.0761024182076824,1.6891891891892001,0.0,3.0405405405405332,0.3378378378378315,2.702702702702709,2.0270270270270316
1574,Die Grünen,1750,19,1.0,1.0,5.272048364153626,1.0,1.0,0.5630630630630608,0.10668563300142608,5.5476529160739645,6.152204836415365,4.018492176386914,10.330725462304414,5.476529160739673,0.0,0.3378378378378386,0.3378378378378386,0.6756756756756701,1.3513513513513544,0.675675675675663
1247,FDP,1750,19,1.0,1.0,3.162043622569938,1.0,1.0,1.0698198198198188,1.6002844950213415,4.87197724039828,0.8712660028449477,1.4580369843527734,7.361308677098158,2.809388335704128,0.0,2.364864864864856,2.0270270270270245,0.6756756756756772,1.0135135135135158,0.3378378378378386
4522,SPD,1750,19,0.0,0.0,10.695234708392604,1.0,0.0,3.8851351351351346,5.316500711237559,4.42745376955903,19.04338549075392,5.583214793741114,13.673541963015644,16.127311522048366,1.689189189189186,1.689189189189193,3.378378378378379,5.4054054054054035,5.4054054054054035,5.743243243243242
3379,FDP,1750,19,0.0,1.0,5.8440018966334755,1.0,1.0,6.756756756756752,0.3911806543385552,8.730440967283073,9.70839260312944,1.6002844950213486,8.677098150782356,5.95661450924608,5.067567567567565,7.0945945945945965,9.797297297297291,4.729729729729719,6.418918918918912,7.432432432432428
1530,Die Grünen,1750,19,0.0,0.0,4.596372688477953,0.0,1.0,2.08333333333333,1.653627311522051,1.831436699857747,7.361308677098151,1.475817923186348,9.548364153627304,5.707681365576121,1.689189189189186,2.7027027027026946,0.6756756756756772,4.391891891891888,0.3378378378378386,2.7027027027026946
1257,CDU,1750,19,1.0,1.0,3.2509483167377944,1.0,1.0,4.504504504504506,3.200568990042683,0.10668563300142608,7.681365576102429,1.0490753911806578,0.7645803698435216,6.703413940256048,4.729729729729726,2.7027027027027017,6.756756756756765,2.0270270270270316,4.391891891891888,6.418918918918919
2922,FDP,1750,19,0.0,1.0,3.280583214793745,0.0,1.0,2.2522522522522492,2.275960170697026,6.116642958748223,2.6493598862019923,3.2894736842105345,4.658605974395456,0.6934566145092376,2.7027027027027017,0.0,3.0405405405405403,1.3513513513513473,2.364864864864863,4.054054054054042
354,CDU,1750,19,1.0,0.0,4.178520625889046,1.0,1.0,2.1396396396396327,0.9779516358463738,3.2183499288762576,5.1031294452347,6.578947368421048,8.623755334281647,0.5689900426742511,3.0405405405405332,0.3378378378378244,2.7027027027026946,1.3513513513513473,2.0270270270270174,3.378378378378379
2110,CDU,1750,19,1.0,1.0,6.057373162636323,1.0,1.0,2.0270270270270268,0.6401137980085352,6.009957325746804,5.0497866287340045,7.503556187766712,5.4765291607396875,11.664295874822194,3.7162162162162247,3.0405405405405332,0.3378378378378386,0.0,0.0,5.067567567567565
3425,FDP,1750,19,1.0,0.0,4.270388809862495,1.0,1.0,1.632882882882883,0.017780938833574567,1.4935988620199154,2.0981507823613086,6.081081081081081,7.183499288762441,8.748221906116648,0.6756756756756772,2.364864864864863,0.6756756756756843,2.0270270270270174,2.3648648648648702,1.689189189189186
1113,bunt.saar,1750,19,1.0,0.0,4.240753911806543,1.0,1.0,1.970720720720724,4.658605974395449,1.8847795163584777,5.903271692745378,0.142247510668561,5.476529160739673,7.3790896159317185,1.0135135135135158,1.689189189189193,2.702702702702709,2.0270270270270245,3.7162162162162247,0.6756756756756772
687,bunt.saar,1750,19,0.0,1.0,3.203532479848269,1.0,1.0,2.9279279279279273,5.0853485064011394,5.849928876244675,0.4267425320056759,0.7112375533428192,4.658605974395449,2.4893314366998567,0.3378378378378386,3.7162162162162247,4.729729729729726,1.3513513513513544,3.378378378378372,4.054054054054049
334,CDU,1750,19,1.0,0.0,2.2937411095305826,1.0,0.0,2.9279279279279264,3.6095305832147915,0.7290184921763796,0.5156472261735487,5.28093883357041,2.809388335704128,0.8179231863442382,2.7027027027026946,6.081081081081088,2.364864864864863,3.378378378378379,2.0270270270270245,1.0135135135135087
4481,bunt.saar,1750,19,1.0,1.0,3.387268847795164,1.0,0.0,3.32207207207207,3.7873399715504945,3.662873399715508,5.974395448079662,3.2894736842105274,1.866998577524896,1.7425320056898954,0.3378378378378244,1.0135135135135158,3.0405405405405332,2.7027027027027017,7.094594594594589,5.743243243243256
107,SPD,1750,19,1.0,1.0,6.549312470365105,1.0,1.0,4.335585585585588,2.151493598862025,7.130156472261731,11.628733997155052,2.3826458036984377,3.3250355618776695,12.67780938833571,0.6756756756756772,0.3378378378378386,6.4189189189189335,2.7027027027027017,7.432432432432435,8.445945945945944
1322,SPD,1750,19,1.0,1.0,4.711948790896159,1.0,1.0,4.78603603603604,10.259601706970138,6.792318634423893,3.698435277382636,5.547652916073972,1.8492176386913286,0.12446657183498644,3.378378378378386,2.364864864864863,6.756756756756772,5.405405405405411,4.391891891891888,6.418918918918919
936,CDU,1750,19,1.0,0.0,7.2842579421526805,1.0,0.0,3.3783783783783803,0.6223328591749677,11.504267425320052,2.933854907539107,3.485064011379805,17.211948790896166,7.948079658605984,5.067567567567558,0.6756756756756772,0.3378378378378457,4.054054054054056,4.729729729729733,5.405405405405411
3965,bunt.saar,1750,19,1.0,0.0,3.53544333807492,0.0,0.0,2.0833333333333357,3.556187766714082,0.4445234708392647,3.9118065433855023,5.529871977240397,5.494310099573248,2.275960170697026,1.013513513513523,3.0405405405405475,0.6756756756756701,4.729729729729726,2.3648648648648702,0.6756756756756772
5145,bunt.saar,1750,19,1.0,0.0,3.2390943575154076,1.0,0.0,1.970720720720723,5.494310099573255,4.125177809388333,3.307254623044102,0.8890469416785152,4.160739687055468,1.4580369843527734,0.6756756756756772,4.391891891891888,1.3513513513513544,2.0270270270270316,2.0270270270270316,1.3513513513513544
2080,bunt.saar,1750,19,1.0,0.0,11.699857752489331,1.0,0.0,5.461711711711714,0.2489331436699942,13.726884779516354,11.859886201991465,5.298719772403977,23.23968705547653,15.82503556187767,5.4054054054054035,1.0135135135135158,3.7162162162162176,5.4054054054054035,7.0945945945945965,10.135135135135144
2509,bunt.saar,1750,19,1.0,1.0,3.8466097676624016,1.0,1.0,2.195945945945946,5.672119487908965,3.271692745376953,3.9651493598862118,2.9338549075391214,7.201280227596023,0.03556187766713492,1.689189189189186,1.0135135135135087,1.0135135135135158,6.756756756756765,2.0270270270270316,0.6756756756756701
4285,bunt.saar,1750,19,0.0,0.0,5.061640587956376,0.0,1.0,3.65990990990991,6.347795163584642,4.818634423897571,0.6401137980085352,6.685633001422474,6.54338549075392,5.334281650071112,3.7162162162162176,4.054054054054056,5.4054054054054035,2.702702702702709,4.054054054054042,2.0270270270270316
1307,bunt.saar,1750,19,1.0,0.0,8.114035087719296,1.0,0.0,11.486486486486486,5.494310099573255,0.7467994310099471,12.464438122332858,4.854196301564727,15.433854907539114,9.690611664295872,7.432432432432435,5.4054054054054035,12.162162162162154,13.851351351351354,15.202702702702702,14.86486486486487
1670,DIE LINKE,1750,19,0.0,0.0,3.413940256045523,1.0,1.0,1.745495495495497,0.5867709815078399,1.9203413940255984,5.529871977240397,3.769559032716927,6.116642958748223,2.560455192034155,4.054054054054063,2.3648648648648702,1.013513513513523,0.6756756756756772,1.689189189189186,0.675675675675663
2323,FDP,1750,19,0.0,1.0,2.794570886676148,0.0,1.0,2.871621621621621,2.00924608819345,2.9338549075391214,0.7823613086770962,2.00924608819345,5.707681365576107,3.3250355618776624,6.418918918918912,3.378378378378386,1.0135135135135087,3.378378378378379,1.3513513513513544,1.689189189189186
3319,bunt.saar,1750,19,1.0,0.0,4.214082503556188,1.0,0.0,1.5765765765765778,1.831436699857747,1.3335704125177799,5.067567567567565,2.258179231863444,10.259601706970138,4.534139402560456,3.0405405405405403,3.0405405405405332,0.0,0.3378378378378457,0.0,3.0405405405405475
3724,DIE LINKE,1750,19,0.0,1.0,3.0968468468468444,0.0,1.0,4.72972972972973,6.792318634423893,2.080369843527741,1.475817923186348,0.5512091038406766,7.46799431009957,0.21337126600283796,8.783783783783782,0.3378378378378386,6.756756756756758,7.770270270270267,2.3648648648648702,2.364864864864863
1828,FDP,1750,19,1.0,0.0,5.094238975817926,1.0,1.0,2.4211711711711694,4.231863442389766,11.682076813655755,3.94736842105263,2.3648648648648702,7.02347083926032,1.3157894736842124,0.6756756756756772,2.7027027027026946,2.0270270270270316,1.3513513513513402,5.405405405405411,2.364864864864863
5166,bunt.saar,1750,19,0.0,1.0,1.9470128022759567,0.0,1.0,4.05405405405405,0.16002844950213557,1.7247510668563208,2.880512091038412,3.9295874822190555,1.4046941678520568,1.5825035561877598,4.054054054054042,1.0135135135135016,5.4054054054054035,3.378378378378372,3.0405405405405475,7.432432432432435
1593,CDU,1750,19,1.0,1.0,3.17686107159791,1.0,1.0,2.2522522522522492,1.4580369843527734,1.1557610241820626,6.578947368421048,0.6934566145092447,4.587482219061165,4.587482219061165,0.3378378378378386,3.7162162162162176,1.3513513513513473,4.054054054054042,2.364864864864863,1.689189189189186
3072,Die Grünen,1750,19,1.0,0.0,7.521337126600286,1.0,1.0,3.716216216216219,4.516358463726888,0.4267425320056759,8.748221906116655,6.347795163584635,12.535561877667142,12.553342816500717,2.364864864864863,0.3378378378378386,4.7297297297297405,4.729729729729726,5.405405405405418,4.729729729729726
3398,Die Grünen,1750,19,1.0,0.0,6.691559981033666,1.0,1.0,1.9144144144144153,1.795874822190612,5.245376955903275,5.672119487908951,6.650071123755332,12.837837837837839,7.948079658605984,1.0135135135135158,0.3378378378378386,2.702702702702709,3.0405405405405403,1.689189189189193,2.7027027027026946
4073,SPD,1750,19,0.0,0.0,7.527264106211475,1.0,0.0,3.2657657657657686,4.089615931721191,9.317211948790899,10.099573257467995,4.160739687055475,6.827880512091042,10.668563300142246,2.3648648648648702,1.3513513513513615,5.067567567567565,1.689189189189193,1.3513513513513544,7.770270270270267
2447,bunt.saar,1750,19,1.0,1.0,4.362256993835945,1.0,1.0,0.5067567567567591,2.8449502133712627,8.997155049786635,1.8136557610241795,0.32005689900427114,11.16642958748222,1.0312944523470975,0.6756756756756701,0.6756756756756914,0.3378378378378386,0.6756756756756772,0.3378378378378386,0.3378378378378386
1088,Die Grünen,1750,19,0.0,0.0,7.047178757705073,0.0,1.0,1.9707207207207205,6.13442389758179,0.3378378378378386,11.433143669985782,2.3115220483641536,15.59388335704125,6.472261735419622,3.7162162162162105,2.0270270270270316,2.0270270270270316,1.0135135135135158,1.0135135135135016,2.0270270270270316
3810,DIE LINKE,1750,19,1.0,1.0,1.7721669037458458,0.0,1.0,2.2522522522522515,0.26671408250354744,1.7247510668563208,0.26671408250354744,1.1379800853485094,6.13442389758179,1.1024182076813602,2.3648648648648702,3.0405405405405332,2.0270270270270316,3.7162162162162105,0.3378378378378386,2.0270270270270245
5209,bunt.saar,1750,19,1.0,1.0,1.7158605974395442,1.0,1.0,2.702702702702704,0.017780938833574567,0.35561877667140607,1.1557610241820697,5.672119487908958,1.3869132290184822,1.7069701280227747,5.405405405405411,1.3513513513513473,0.6756756756756772,6.418918918918919,1.6891891891892072,0.675675675675663
1002,Die Grünen,1750,19,1.0,0.0,5.8084400189663326,1.0,1.0,0.6756756756756795,4.498577524893314,7.201280227596023,6.632290184921764,0.7290184921763796,9.886201991465143,5.903271692745371,0.3378378378378386,1.013513513513523,0.6756756756756843,1.3513513513513615,0.3378378378378386,0.3378378378378315
3229,FDP,1750,19,1.0,1.0,3.864390706495969,1.0,1.0,4.222972972972971,1.3157894736842124,0.0,4.551920341394016,1.7425320056899025,12.9800853485064,2.5960170697012828,8.783783783783782,0.3378378378378386,4.054054054054049,9.121621621621621,2.7027027027027017,0.3378378378378315
1160,FDP,1750,19,1.0,1.0,4.2200094831673765,1.0,1.0,1.8018018018018,7.930298719772395,0.4978662873399671,5.583214793741114,2.3648648648648702,1.973684210526315,6.970128022759596,1.689189189189186,1.689189189189186,1.0135135135135087,1.689189189189193,3.378378378378379,1.3513513513513473
1476,FDP,1750,19,1.0,1.0,5.606922712185873,1.0,1.0,2.2522522522522537,8.463726884779518,4.374110953058327,6.116642958748223,8.570412517780944,4.534139402560456,1.582503556187767,0.6756756756756772,2.0270270270270316,3.0405405405405403,2.0270270270270245,3.378378378378379,2.3648648648648702
1909,Die Grünen,1750,19,1.0,1.0,3.490990990990993,1.0,0.0,2.5900900900900914,3.02275960170698,2.4537695590327075,2.9694167852062634,3.627311522048373,7.983641536273105,0.8890469416785294,1.013513513513523,1.3513513513513544,3.0405405405405332,2.0270270270270245,4.054054054054063,4.054054054054049
1471,CDU,1750,19,1.0,1.0,3.4880275011853947,1.0,1.0,1.069819819819821,0.21337126600283796,1.2802275960170704,5.849928876244668,1.3335704125177799,6.276671408250351,5.974395448079662,1.3513513513513686,0.6756756756756701,2.364864864864863,0.3378378378378315,1.0135135135135087,0.6756756756756843
3853,CDU,1750,19,1.0,0.0,2.987197724039825,1.0,0.0,2.1959459459459474,3.0405405405405332,3.520625889046933,0.10668563300142608,4.285206258890469,3.7873399715504945,3.1827880512090942,1.689189189189186,1.689189189189186,2.3648648648648702,2.702702702702709,4.054054054054056,0.6756756756756772
3814,bunt.saar,1750,19,1.0,1.0,6.484115694642007,1.0,1.0,1.9144144144144093,0.6934566145092376,2.329302987197721,11.984352773826451,8.42816500711237,10.188477951635846,5.280938833570417,2.364864864864856,2.7027027027027017,1.0135135135135016,3.0405405405405332,1.3513513513513473,1.0135135135135158
1833,Die Grünen,1750,19,1.0,1.0,2.732337600758651,1.0,0.0,3.7725225225225216,1.831436699857747,0.604551920341386,3.3250355618776624,6.401137980085352,1.8847795163584706,2.3470839260312886,0.3378378378378386,1.689189189189193,6.418918918918912,4.054054054054056,5.067567567567572,5.067567567567558
1023,FDP,1750,19,1.0,1.0,5.35206258890469,1.0,1.0,1.4076576576576532,11.308677098150774,9.28165007112375,0.035561877667138475,3.840682788051197,0.4267425320056901,7.219061166429594,1.3513513513513473,0.0,2.027027027027021,1.3513513513513402,3.040540540540537,0.6756756756756737
4857,bunt.saar,1750,19,1.0,1.0,3.5917496443812262,1.0,1.0,2.1959459459459523,1.9914651493598896,3.485064011379805,5.26315789473685,3.556187766714089,6.347795163584628,0.9068278805120968,3.0405405405405475,1.3513513513513544,0.0,6.081081081081088,1.689189189189193,1.01351351351353
4909,FDP,1750,19,1.0,0.0,4.211119013750594,1.0,1.0,2.1959459459459474,7.770270270270274,4.285206258890469,1.333570412517787,3.236130867709818,4.267425320056894,4.37411095305832,3.378378378378379,3.378378378378379,2.702702702702709,2.0270270270270316,1.689189189189186,0.0
444,FDP,1750,19,1.0,1.0,2.756045519203415,1.0,1.0,3.0405405405405426,2.6137980085348573,2.951635846372689,1.2980085348506378,2.1692745376955855,3.805120910384069,3.69843527738265,4.7297297297297405,3.0405405405405403,0.0,2.3648648648648702,2.364864864864863,5.743243243243242
766,bunt.saar,1750,19,1.0,0.0,4.151849217638691,1.0,1.0,1.3513513513513533,0.8534850640113874,2.720483641536269,7.04125177809388,4.338549075391178,6.685633001422481,3.271692745376953,2.0270270270270316,0.6756756756756914,2.0270270270270316,1.689189189189186,1.0135135135135016,0.6756756756756772
3806,FDP,1750,19,1.0,1.0,2.4508060692271236,1.0,1.0,3.3783783783783767,0.7467994310099613,0.9068278805120897,2.7738264580369787,0.9779516358463738,1.9381223328591801,7.361308677098158,4.729729729729726,3.0405405405405403,4.391891891891888,2.7027027027026946,2.0270270270270245,3.378378378378386
3974,CDU,1750,19,1.0,0.0,5.78176861071598,1.0,1.0,3.490990990990994,2.00924608819345,4.676386913229017,9.032716927453777,12.07325746799431,2.1692745376955926,4.729729729729733,3.0405405405405546,4.391891891891888,3.0405405405405403,2.702702702702709,3.378378378378379,4.391891891891895
205,CDU,1750,19,1.0,1.0,2.539710763394974,0.0,1.0,1.0698198198198234,3.9118065433855023,2.8982930298719793,1.4580369843527734,3.3250355618776624,0.10668563300141898,3.5384068278805074,0.0,1.689189189189186,0.3378378378378386,2.702702702702716,0.3378378378378457,1.3513513513513544
1627,FDP,1750,19,1.0,0.0,5.094238975817926,1.0,1.0,2.8716216216216215,7.948079658605984,4.356330014224753,0.5689900426742511,6.383357041251777,3.5561877667140855,7.752489331436703,2.0270270270270245,3.378378378378379,4.391891891891891,0.3378378378378386,4.391891891891891,2.7027027027027053
2458,FDP,1750,19,1.0,0.0,3.5502607871028906,1.0,1.0,2.2522522522522537,6.703413940256041,5.93883357041252,0.8179231863442382,3.805120910384062,1.582503556187767,2.4537695590327147,1.0135135135135158,3.378378378378379,1.0135135135135158,2.0270270270270316,1.3513513513513544,4.729729729729726
4772,bunt.saar,1750,19,0.0,0.0,9.812114746325273,1.0,1.0,3.99774774774775,5.565433854907525,2.738264580369851,15.380512091038419,5.95661450924608,16.73186344238976,12.5,2.702702702702709,1.01351351351353,5.067567567567565,3.0405405405405332,7.0945945945945965,5.067567567567565
2528,FDP,1750,19,0.0,0.0,3.393195827406353,1.0,1.0,2.364864864864861,0.23115220483641963,7.965860597439537,0.5156472261735487,9.388335704125176,1.5647226173541924,0.6934566145092447,2.0270270270270174,1.689189189189186,0.6756756756756701,4.391891891891888,1.3513513513513544,4.054054054054049
2243,FDP,1750,19,1.0,0.0,4.797889995258418,1.0,1.0,3.2094594594594574,8.517069701280235,5.583214793741114,1.689189189189186,6.970128022759603,2.6137980085348502,3.413940256045521,1.689189189189186,2.0270270270270245,3.7162162162162176,2.7027027027026946,4.054054054054056,5.067567567567565
2614,bunt.saar,1750,19,1.0,0.0,5.63063063063063,1.0,1.0,1.9144144144144093,3.982930298719765,0.32005689900426404,8.641536273115221,0.32005689900427114,11.095305832147943,9.423897581792318,0.6756756756756701,3.0405405405405332,2.0270270270270316,2.0270270270270245,3.0405405405405332,0.675675675675663
1517,FDP,1750,19,0.0,1.0,4.202228544333811,0.0,1.0,1.6328828828828794,0.3378378378378386,6.54338549075392,5.0497866287340045,3.307254623044095,6.632290184921764,3.342816500711244,2.7027027027026946,1.689189189189193,0.6756756756756701,0.6756756756756772,3.0405405405405332,1.0135135135135087
3342,FDP,1750,19,0.0,1.0,3.093883357041251,0.0,1.0,2.646396396396399,2.115931721194869,2.8271692745377024,3.876244665718346,6.418918918918919,2.364864864864863,0.9601706970128063,1.689189189189193,3.7162162162162176,1.3513513513513544,3.0405405405405475,4.391891891891895,1.689189189189186
613,SPD,1750,19,0.0,0.0,7.930298719772405,0.0,0.0,6.193693693693693,1.0668563300142253,1.8847795163584706,14.011379800853483,4.551920341394016,12.375533428165006,13.691322901849226,3.378378378378379,2.0270270270270316,4.054054054054056,6.418918918918912,10.472972972972968,10.810810810810814
907,FDP,1750,19,0.0,0.0,7.044215267899481,1.0,1.0,3.772522522522525,9.210526315789473,0.5156472261735487,10.810810810810814,13.335704125177806,2.880512091038412,5.51209103840683,5.743243243243242,5.743243243243249,4.729729729729733,1.0135135135135158,3.7162162162162176,1.689189189189193
5037,FDP,1750,19,0.0,0.0,3.920697012802279,0.0,0.0,2.0270270270270245,4.142958748221901,4.658605974395456,0.4445234708392647,8.766002844950215,3.1472261735419664,2.3648648648648702,3.0405405405405332,4.054054054054056,0.6756756756756701,2.364864864864863,0.3378378378378386,1.689189189189186
2345,DIE LINKE,1750,19,0.0,0.0,4.4867235656709346,1.0,0.0,2.0270270270270268,3.662873399715501,6.632290184921764,4.374110953058327,2.9694167852062634,9.050497866287337,0.23115220483641252,3.378378378378379,2.702702702702709,1.689189189189186,1.689189189189193,1.3513513513513473,1.3513513513513473
3280,Die Grünen,1750,19,0.0,1.0,6.054409672830725,0.0,1.0,3.2657657657657673,2.773826458036986,5.600995732574688,5.1920341394025655,3.52062588904694,16.714082503556178,2.5248933143669916,4.391891891891895,0.0,2.7027027027026946,5.4054054054054035,2.702702702702709,4.391891891891902
1012,FDP,1750,19,0.0,0.0,3.0909198672356553,1.0,1.0,2.3085585585585537,0.2489331436699942,1.475817923186348,3.59174964438121,2.916073968705547,6.187766714082507,4.125177809388326,1.689189189189193,1.3513513513513473,4.054054054054042,4.391891891891881,0.3378378378378386,2.027027027027021
896,bunt.saar,1750,19,1.0,1.0,5.778805120910385,1.0,1.0,0.4504504504504479,0.7823613086771033,6.650071123755325,7.716927453769557,3.165007112375534,9.246088193456615,7.112375533428178,0.6756756756756701,0.3378378378378386,0.3378378378378386,0.3378378378378386,0.6756756756756772,0.3378378378378244
3389,Die Grünen,1750,19,0.0,0.0,4.4155998103366505,0.0,1.0,3.1531531531531507,0.9068278805120897,4.480796586059739,8.303698435277383,1.582503556187767,11.148648648648653,0.07112375533426984,6.081081081081081,3.7162162162162176,0.675675675675663,4.054054054054049,1.689189189189186,2.702702702702709
1291,bunt.saar,1750,19,1.0,0.0,6.193693693693692,1.0,0.0,3.5472972972972996,1.653627311522051,1.4224751066856385,11.415362731152207,1.7069701280227534,10.02844950213371,10.935277382645793,3.7162162162162176,0.6756756756756914,3.378378378378386,1.689189189189186,5.067567567567572,6.756756756756744
3161,FDP,1750,19,1.0,1.0,3.381341868183975,1.0,1.0,2.5337837837837847,2.0803698435277482,0.7823613086770962,4.871977240398294,2.809388335704128,3.0405405405405403,6.703413940256041,0.3378378378378528,0.3378378378378315,2.3648648648648702,0.6756756756756772,5.4054054054054035,6.081081081081074
4423,DIE LINKE,1750,19,1.0,1.0,1.4224751066856325,0.0,0.0,4.4481981981982,0.9068278805120897,4.978662873399728,0.8179231863442382,0.8890469416785152,0.4800853485063925,0.46230440967283215,0.6756756756756772,4.054054054054063,5.743243243243235,2.3648648648648702,7.0945945945945965,6.756756756756758
983,SPD,1750,19,0.0,0.0,4.37114746325273,0.0,1.0,1.182432432432428,1.973684210526315,3.165007112375541,6.667852062588906,2.7204836415362763,8.3570412517781,3.342816500711244,0.6756756756756772,0.3378378378378315,1.0135135135135016,0.3378378378378386,3.7162162162162176,1.0135135135135016
3081,Die Grünen,1750,19,1.0,1.0,6.380393551446184,1.0,1.0,2.4774774774774726,2.258179231863444,3.2183499288762576,9.637268847795156,3.485064011379805,12.802275960170697,6.881223328591744,3.0405405405405403,2.364864864864856,3.0405405405405332,2.0270270270270316,2.7027027027026946,1.6891891891891788
2849,FDP,1750,19,0.0,1.0,4.302987197724044,1.0,1.0,1.463963963963966,3.627311522048373,1.902560455192038,4.000711237553347,5.938833570412527,4.658605974395449,5.689900426742533,1.689189189189193,0.6756756756756843,1.0135135135135087,3.7162162162162247,0.0,1.689189189189186
614,FDP,1750,19,0.0,0.0,4.617117117117117,0.0,1.0,2.8716216216216233,5.45874822190612,2.3826458036984377,0.9068278805120897,9.495021337126602,7.841394025604544,1.618065433854909,1.689189189189186,4.054054054054056,2.364864864864863,2.3648648648648702,2.702702702702709,4.054054054054056
3145,Die Grünen,1750,19,1.0,0.0,6.433736367946893,1.0,0.0,1.8581081081081088,6.347795163584642,8.623755334281647,1.866998577524896,4.711948790896166,12.375533428165,4.67638691322901,0.6756756756756772,3.7162162162162176,4.391891891891888,0.0,0.3378378378378386,2.0270270270270316
823,bunt.saar,1750,19,1.0,1.0,4.6171171171171155,1.0,1.0,3.0405405405405403,3.058321479374115,3.378378378378372,6.881223328591744,6.792318634423893,3.6095305832147915,3.982930298719779,3.7162162162162176,0.0,2.0270270270270316,6.081081081081074,2.0270270270270316,4.391891891891888
2249,CDU,1750,19,1.0,0.0,6.860478899952583,1.0,1.0,1.069819819819821,2.6849217638691343,6.952347083926028,4.42745376955903,9.530583214793744,10.775248933143672,6.792318634423893,0.3378378378378386,2.3648648648648702,0.3378378378378386,0.6756756756756772,1.689189189189186,1.0135135135135158
3738,Die Grünen,1750,19,0.0,0.0,9.622451398767188,1.0,1.0,1.4639639639639626,4.409672830725462,10.348506401137975,10.401849217638691,6.792318634423893,12.606685633001433,13.175675675675677,0.6756756756756772,0.3378378378378386,1.689189189189193,2.7027027027027017,1.0135135135135016,2.364864864864863
3819,bunt.saar,1750,19,1.0,0.0,7.6250592697961155,1.0,1.0,1.1824324324324327,10.721906116642963,0.1955903271692847,8.268136557610248,4.623044096728307,14.793741109530579,7.147937411095313,1.3513513513513544,1.0135135135135016,1.0135135135135016,2.702702702702709,0.0,1.01351351351353
4622,SPD,1750,19,1.0,0.0,5.014224751066853,1.0,1.0,3.32207207207207,0.5689900426742511,0.6045519203413932,12.055476529160728,3.627311522048373,5.156472261735402,8.07254623044097,3.7162162162162176,0.0,5.4054054054054035,3.378378378378379,3.0405405405405332,4.391891891891888
339,bunt.saar,1750,19,1.0,1.0,4.074798482693217,0.0,1.0,0.9572072072072094,2.400426742532005,0.6934566145092447,4.42745376955903,0.5689900426742511,10.561877667140813,5.796586059743959,0.6756756756756772,1.013513513513523,0.0,0.0,1.0135135135135087,3.0405405405405475
3191,FDP,1750,19,1.0,1.0,6.241109530583219,1.0,1.0,1.0135135135135152,3.9118065433855023,9.441678520625885,3.022759601706973,6.365576102418217,5.654338549075391,9.050497866287344,0.0,1.3513513513513473,1.0135135135135158,1.01351351351353,2.364864864864863,0.33783783783783505
2863,Die Grünen,1750,19,1.0,1.0,3.6243480322427666,1.0,1.0,1.2387387387387345,5.778805120910384,2.044807965860592,2.151493598862018,3.058321479374115,7.5924608819345565,1.1201991465149348,0.6756756756756843,1.3513513513513473,2.364864864864856,1.0135135135135087,1.3513513513513473,0.675675675675663
4419,FDP,1750,19,1.0,1.0,4.771218587008062,1.0,0.0,1.9144144144144164,6.987908961593163,4.67638691322901,2.6493598862019923,7.681365576102436,4.036273115220489,2.5960170697012828,3.0405405405405332,0.6756756756756843,0.3378378378378386,3.7162162162162247,2.7027027027027017,1.0135135135135158
2127,Die Grünen,1750,19,0.0,0.0,6.741939307728788,0.0,0.0,6.531531531531534,3.3961593172119535,4.587482219061172,8.339260312944532,2.3115220483641536,11.842105263157897,9.975106685633016,6.418918918918926,3.0405405405405403,7.0945945945945965,7.0945945945945965,6.418918918918912,9.121621621621628
391,Die Grünen,1750,19,0.0,1.0,6.596728307254622,1.0,1.0,0.9009009009008982,3.1294452347083777,3.09388335704125,7.805832147937416,1.0135135135135087,14.88264580369843,9.655049786628751,1.0135135135135087,1.689189189189193,0.3378378378378386,0.0,1.689189189189186,0.675675675675663
2680,CDU,1750,19,1.0,1.0,2.358937885253676,1.0,1.0,2.8153153153153134,0.6578947368421026,1.404694167852064,2.809388335704128,6.7745376955903325,1.2091038406827934,1.2980085348506378,1.3513513513513473,4.054054054054056,3.7162162162162105,3.7162162162162176,3.378378378378372,0.6756756756756772
2206,FDP,1750,19,0.0,0.0,5.177216690374589,0.0,0.0,1.745495495495497,1.9381223328591872,7.770270270270274,8.303698435277383,1.6002844950213415,4.463015647226179,6.98790896159317,3.0405405405405546,0.0,2.364864864864863,1.0135135135135158,2.0270270270270245,2.0270270270270245
81,bunt.saar,1750,19,0.0,0.0,4.966808914177338,0.0,0.0,4.954954954954956,0.8534850640113874,1.3513513513513473,6.436699857752494,1.0312944523470762,10.988620199146517,9.139402560455203,2.7027027027026946,0.0,4.054054054054063,6.081081081081081,5.743243243243242,11.148648648648653
1447,Die Grünen,1750,19,1.0,1.0,7.817686107159791,1.0,1.0,2.195945945945944,0.8001422475106708,7.5924608819345565,8.001422475106693,5.600995732574688,15.433854907539114,9.477240398293027,0.3378378378378386,0.3378378378378315,3.378378378378386,3.378378378378379,4.391891891891888,1.3513513513513402
5073,CDU,1750,19,1.0,1.0,2.032954006638221,1.0,1.0,0.8445945945945942,3.236130867709818,2.3115220483641536,2.2226173541963092,0.017780938833574567,4.160739687055475,0.2489331436699942,1.6891891891891788,2.702702702702709,0.0,0.3378378378378386,0.0,0.3378378378378386
2003,SPD,1750,19,0.0,1.0,5.043859649122808,1.0,1.0,2.1396396396396447,0.0,0.7823613086770962,10.384068278805131,2.7027027027027017,7.912517780938828,8.481507823613093,2.0270270270270316,0.3378378378378386,2.3648648648648702,1.0135135135135158,4.7297297297297405,2.3648648648648702
1699,DIE LINKE,1750,19,1.0,1.0,4.522285443338075,1.0,1.0,1.7454954954954982,6.934566145092461,1.2802275960170775,9.530583214793744,0.46230440967283215,7.574679943100989,1.3513513513513473,0.3378378378378315,2.702702702702716,1.0135135135135158,2.3648648648648702,1.689189189189193,2.364864864864863
2308,bunt.saar,1750,19,1.0,0.0,4.187411095305834,1.0,1.0,2.53378378378378,6.54338549075392,1.262446657183503,8.481507823613093,2.0625889046941666,2.4893314366998567,4.285206258890469,0.6756756756756843,3.378378378378372,3.378378378378372,2.0270270270270245,3.378378378378372,2.364864864864856
973,Die Grünen,1750,19,0.0,1.0,4.907539118065436,0.0,1.0,3.8851351351351355,2.187055476529153,3.307254623044095,10.77524893314368,1.2802275960170775,8.07254623044097,3.8229018492176436,2.364864864864863,0.6756756756756701,7.770270270270274,3.378378378378379,3.7162162162162247,5.4054054054054035
67,FDP,1750,19,1.0,1.0,2.5337837837837838,1.0,1.0,1.6328828828828819,2.951635846372696,1.973684210526315,0.08890469416785152,8.37482219061166,1.795874822190612,0.01778093883356746,1.3513513513513473,0.3378378378378386,2.364864864864863,1.0135135135135158,1.3513513513513473,3.378378378378379
5084,FDP,1750,19,1.0,0.0,4.593409198672357,1.0,1.0,1.126126126126124,2.86273115220483,7.734708392603125,5.654338549075398,0.3022759601707037,4.054054054054056,6.952347083926028,0.6756756756756772,0.3378378378378244,1.013513513513523,0.3378378378378315,1.689189189189186,2.7027027027027017
1235,FDP,1750,19,0.0,0.0,3.440611664295877,1.0,1.0,2.6463963963963955,0.17780938833571014,0.6401137980085352,3.342816500711244,5.2275960170697005,9.850640113798008,1.404694167852064,4.054054054054056,3.378378378378372,1.3513513513513544,3.0405405405405403,2.364864864864863,1.689189189189186
2622,FDP,1750,19,1.0,1.0,4.2288999525841655,1.0,1.0,1.0698198198198199,4.800853485064017,3.840682788051218,1.2980085348506378,5.423186344238978,8.819345661450928,1.1913229018492153,1.3513513513513473,1.689189189189193,1.3513513513513544,0.6756756756756772,0.0,1.3513513513513473
1602,FDP,1750,19,1.0,1.0,2.9723802750118544,1.0,1.0,3.772522522522523,4.302987197724043,2.009246088193457,0.5156472261735487,2.8271692745376953,4.42745376955903,3.7517780938833525,4.391891891891895,2.7027027027026946,4.729729729729733,5.4054054054054035,2.0270270270270245,3.378378378378386
851,bunt.saar,1750,19,1.0,0.0,4.22000948316738,0.0,1.0,0.9009009009008994,3.8584637268847715,4.231863442389766,5.316500711237566,0.26671408250356166,8.943812233285918,2.7027027027026946,0.0,0.0,1.0135135135135016,3.378378378378372,1.013513513513523,0.0
3692,SPD,1750,19,0.0,0.0,2.240398293029873,1.0,1.0,2.5337837837837873,0.40896159317212266,1.2091038406827934,0.26671408250354744,2.1692745376955855,4.925320056899011,4.463015647226179,1.689189189189193,2.0270270270270245,4.391891891891902,2.3648648648648702,2.702702702702709,2.0270270270270245
2837,DIE LINKE,1750,19,1.0,0.0,3.182788051209107,0.0,1.0,6.024774774774774,0.4445234708392647,3.0405405405405403,0.4267425320056901,0.7467994310099613,6.54338549075392,7.894736842105267,5.743243243243235,3.378378378378379,7.770270270270274,4.391891891891888,8.445945945945958,6.418918918918912
1888,bunt.saar,1750,19,0.0,1.0,6.006993835941205,1.0,1.0,2.3648648648648667,3.3961593172119535,4.498577524893307,6.738975817923183,3.058321479374108,9.121621621621628,9.228307254623047,1.3513513513513473,2.0270270270270174,2.702702702702709,2.3648648648648702,2.702702702702709,3.0405405405405475
4272,FDP,1750,19,0.0,1.0,3.894025604551924,1.0,1.0,2.252252252252255,0.8712660028449548,4.12517780938834,0.6223328591749677,8.854907539118074,1.0668563300142253,7.823613086770983,3.0405405405405475,1.3513513513513544,1.689189189189193,3.378378378378379,0.3378378378378386,3.7162162162162176
4438,FDP,1750,19,1.0,0.0,2.5426742532005684,1.0,1.0,2.3648648648648645,5.796586059743959,4.445234708392597,1.1913229018492189,1.9914651493598896,0.9957325746799413,0.8357041251778057,2.364864864864856,3.7162162162162176,4.054054054054056,1.0135135135135158,2.3648648648648702,0.6756756756756701
934,Die Grünen,1750,19,1.0,0.0,6.6145092460881925,1.0,1.0,2.0833333333333335,1.0490753911806578,4.19630156472261,6.952347083926043,3.0405405405405403,16.660739687055468,7.788051209103834,2.0270270270270316,0.6756756756756701,1.0135135135135158,3.7162162162162176,3.7162162162161962,1.3513513513513686
3580,FDP,1750,19,1.0,1.0,2.1603840682788067,0.0,1.0,3.209459459459461,1.6002844950213486,0.604551920341386,0.37339971550497353,1.9914651493598896,4.231863442389766,4.160739687055475,1.0135135135135087,1.689189189189193,5.405405405405411,1.0135135135135158,4.729729729729726,5.405405405405411
1420,FDP,1750,19,1.0,0.0,3.1294452347083905,1.0,0.0,1.2950450450450457,1.6714082503556114,2.5248933143669987,0.12446657183500065,5.4409672830725455,3.5384068278805074,5.47652916073968,2.364864864864863,1.3513513513513473,1.689189189189186,0.6756756756756772,1.3513513513513544,0.3378378378378457
4921,FDP,1750,19,0.0,1.0,3.8495732574679913,1.0,1.0,2.9279279279279273,0.8890469416785152,7.770270270270274,3.5028449502133725,3.6095305832147915,2.578236130867701,4.747510668563294,1.013513513513523,4.729729729729733,2.7027027027027017,3.0405405405405332,4.391891891891888,1.689189189189186
37,bunt.saar,1750,19,1.0,1.0,6.374466571834991,1.0,1.0,1.632882882882883,0.426742532005683,4.374110953058313,7.770270270270274,1.6714082503556256,16.802987197724036,7.2012802275960155,0.6756756756756772,1.0135135135135158,0.6756756756756772,1.013513513513523,2.7027027027026946,3.7162162162162105
2935,bunt.saar,1750,19,1.0,0.0,4.116287339971547,1.0,0.0,3.15315315315315,1.3157894736842124,0.4267425320056759,5.156472261735402,3.733997155049785,10.046230440967292,4.018492176386914,2.7027027027026946,0.3378378378378528,1.6891891891891788,5.067567567567572,2.7027027027026946,6.418918918918905
2305,CDU,1750,19,1.0,1.0,3.60064011379801,0.0,1.0,5.799549549549549,5.6187766714082485,1.1201991465149348,2.916073968705547,4.569701280227605,5.921052631578952,1.4580369843527734,5.405405405405411,5.4054054054054035,3.378378378378379,6.756756756756751,8.783783783783782,5.067567567567565
4457,CDU,1750,19,0.0,0.0,5.040896159317211,0.0,1.0,2.421171171171172,6.152204836415365,9.619487908961588,3.307254623044095,9.761735419630156,0.8179231863442382,0.5867709815078257,0.0,0.6756756756756772,4.729729729729733,2.0270270270270245,3.0405405405405475,4.054054054054049
3506,SPD,1750,19,0.0,0.0,4.8690137505927,0.0,0.0,2.364864864864869,4.978662873399728,2.5960170697012828,5.95661450924608,0.6934566145092447,7.3790896159317185,7.610241820768145,2.0270270270270316,0.3378378378378457,1.689189189189186,0.6756756756756843,4.391891891891895,5.067567567567572
2848,FDP,1750,19,1.0,0.0,5.174253200568994,1.0,0.0,2.0270270270270245,3.9118065433855023,10.241820768136556,1.7425320056899025,1.9914651493598896,11.16642958748222,1.9914651493598896,2.364864864864856,0.3378378378378386,0.3378378378378386,4.391891891891888,4.391891891891888,0.3378378378378386
2392,FDP,1750,19,0.0,1.0,4.688240872451401,0.0,1.0,3.209459459459461,4.747510668563301,4.107396870554773,4.267425320056894,7.0945945945945965,5.88549075391181,2.0270270270270316,2.0270270270270316,6.081081081081088,2.702702702702709,2.0270270270270245,1.689189189189186,4.729729729729726
1724,FDP,1750,19,1.0,1.0,3.811047889995256,1.0,1.0,1.182432432432434,2.6493598862019923,5.51209103840683,4.978662873399713,2.400426742531991,4.711948790896159,2.6137980085348502,2.702702702702709,0.6756756756756772,1.0135135135135087,1.0135135135135158,0.6756756756756843,1.0135135135135087
4179,bunt.saar,1750,19,0.0,1.0,5.746206733048836,0.0,1.0,3.1531531531531556,2.258179231863444,1.4935988620199083,8.321479374110943,9.014935988620195,6.632290184921764,6.756756756756758,5.405405405405411,1.689189189189193,1.6891891891891788,7.432432432432435,1.013513513513523,1.689189189189193
1100,bunt.saar,1750,19,0.0,1.0,5.120910384068279,0.0,1.0,1.2950450450450433,4.640825035561875,6.027738264580378,0.21337126600283796,1.582503556187767,10.828591749644382,7.432432432432435,1.3513513513513473,0.3378378378378386,2.364864864864856,1.689189189189186,0.3378378378378386,1.689189189189193
2318,SPD,1750,19,0.0,0.0,6.306306306306308,1.0,1.0,1.5202702702702702,8.570412517780944,3.4317211948790884,5.7610241820768096,4.498577524893314,9.174964438122338,6.401137980085352,2.7027027027027017,0.3378378378378386,2.702702702702709,2.7027027027027017,0.6756756756756701,0.0
4476,FDP,1750,19,1.0,1.0,5.411332385016595,0.0,1.0,2.702702702702703,3.5384068278805074,3.556187766714082,10.330725462304407,3.9118065433855023,3.413940256045514,7.716927453769557,3.7162162162162176,1.3513513513513473,3.378378378378379,2.0270270270270245,3.0405405405405475,2.7027027027027017
1391,bunt.saar,1750,19,1.0,0.0,5.224632527264107,1.0,1.0,2.5337837837837847,0.8001422475106708,6.863442389758184,5.2275960170697005,0.7467994310099542,13.033428165007123,4.67638691322901,2.0270270270270316,1.3513513513513473,3.378378378378386,2.7027027027027017,2.364864864864856,3.378378378378386
555,DIE LINKE,1750,19,0.0,1.0,3.71917970602181,0.0,0.0,6.25,3.0761024182076824,2.7204836415362763,6.7389758179231904,2.0981507823613086,2.578236130867701,5.1031294452347,1.0135135135135158,5.405405405405411,10.135135135135151,1.689189189189186,10.13513513513513,9.121621621621607
3167,SPD,1750,19,1.0,1.0,4.317804646752016,1.0,0.0,4.673423423423422,5.26315789473685,6.810099573257467,6.54338549075392,1.795874822190612,1.4580369843527734,4.0362731152204745,4.729729729729726,0.3378378378378386,8.783783783783782,2.7027027027027017,6.756756756756758,4.729729729729726
1532,FDP,1750,19,0.0,0.0,3.493954480796583,1.0,0.0,2.7590090090090094,1.4935988620199083,1.0312944523470762,3.911806543385495,10.50853485064011,3.9295874822190555,0.08890469416785152,2.364864864864863,4.054054054054056,3.0405405405405475,1.689189189189193,4.729729729729726,0.6756756756756701
2657,bunt.saar,1750,19,0.0,1.0,5.372807017543857,0.0,0.0,9.403153153153156,0.6756756756756772,1.1557610241820697,9.672830725462298,4.071834992887624,14.49146514935989,2.1692745376955855,7.432432432432435,5.067567567567572,10.810810810810807,11.82432432432433,12.162162162162168,9.121621621621621
742,CDU,1750,19,1.0,1.0,2.341156946420105,1.0,1.0,2.9279279279279273,0.8179231863442311,4.783072546230443,3.485064011379805,3.6806543385490826,0.4978662873399671,0.7823613086771033,1.6891891891891788,0.3378378378378386,6.418918918918919,1.689189189189193,3.7162162162162176,3.7162162162162176
6,Die Grünen,1750,19,1.0,0.0,9.5572546230441,1.0,1.0,3.2657657657657686,3.876244665718353,2.3648648648648702,12.944523470839272,10.526315789473685,18.083214793741114,9.548364153627304,2.702702702702709,0.0,6.081081081081095,2.7027027027026946,6.081081081081081,2.0270270270270316
63,FDP,1750,19,0.0,1.0,8.102181128496918,1.0,1.0,2.1396396396396393,1.7780938833570303,4.231863442389766,10.455192034139408,17.709815078236126,5.867709815078239,8.570412517780941,1.3513513513513473,2.702702702702709,3.378378378378379,0.0,2.364864864864863,3.040540540540537
225,DIE LINKE,1750,19,1.0,1.0,3.831792318634424,1.0,1.0,1.2387387387387416,1.7780938833570303,0.8001422475106637,3.5739687055476637,2.4537695590327075,12.67780938833571,1.7069701280227676,2.3648648648648702,1.689189189189193,0.3378378378378386,1.0135135135135158,2.0270270270270316,0.0
4060,FDP,1750,19,1.0,0.0,3.6954717875770506,1.0,0.0,2.195945945945945,0.604551920341386,7.574679943100996,6.667852062588906,2.6493598862019923,4.356330014224753,0.32005689900427114,9.797297297297291,0.6756756756756772,1.3513513513513473,1.0135135135135158,0.0,0.3378378378378386
1790,FDP,1750,19,1.0,1.0,5.882527264106211,1.0,1.0,2.308558558558557,0.9601706970128063,3.09388335704125,6.98790896159317,5.423186344238978,13.246799431009954,5.58321479374111,2.364864864864856,0.0,3.0405405405405403,0.6756756756756772,4.054054054054056,3.7162162162162105
1214,FDP,1750,19,0.0,1.0,4.134068278805123,0.0,0.0,2.2522522522522492,3.6095305832147915,3.6806543385490826,1.2446657183499354,2.9694167852062563,7.485775248933145,5.814366998577526,0.3378378378378386,3.378378378378379,3.7162162162162033,3.0405405405405332,2.364864864864863,0.6756756756756772
2508,SPD,1750,19,0.0,0.0,8.86676149834045,1.0,1.0,2.5900900900900914,7.076813655761015,6.081081081081088,16.2339971550498,6.045519203413946,8.730440967283073,9.032716927453777,5.743243243243235,1.3513513513513473,3.378378378378393,4.054054054054056,0.3378378378378386,0.6756756756756772
822,bunt.saar,1750,19,1.0,1.0,2.6908487434803186,1.0,1.0,0.6756756756756795,1.1379800853485094,6.347795163584628,4.160739687055468,0.03556187766713492,3.52062588904694,0.9423897581792318,0.0,0.3378378378378386,1.01351351351353,0.3378378378378386,0.6756756756756772,1.689189189189193
2230,CDU,1750,19,0.0,0.0,2.664177335229964,0.0,1.0,1.6328828828828843,2.329302987197721,1.0135135135135087,0.6401137980085352,2.0270270270270316,6.792318634423893,3.1827880512090942,0.3378378378378315,0.0,3.378378378378386,0.0,3.7162162162162176,2.3648648648648702
2760,bunt.saar,1750,19,0.0,0.0,6.009957325746799,0.0,0.0,2.3648648648648716,0.16002844950213557,4.711948790896166,7.574679943100989,4.000711237553347,10.686344238975813,8.926031294452343,0.0,1.01351351351353,2.0270270270270316,3.7162162162162176,3.378378378378386,4.054054054054063
4765,SPD,1750,19,0.0,1.0,3.929587482219055,0.0,1.0,7.376126126126124,2.5248933143669916,1.1024182076813602,5.440967283072538,13.015647226173545,0.7467994310099471,0.7467994310099471,1.0135135135135158,4.729729729729733,11.486486486486484,9.797297297297298,8.108108108108098,9.121621621621614
773,FDP,1750,19,1.0,1.0,5.520981507823613,1.0,1.0,3.7725225225225216,3.0405405405405403,1.7425320056899025,10.56187766714082,1.5291607396870575,8.357041251778092,7.894736842105267,3.378378378378372,1.689189189189186,3.378378378378379,7.0945945945945965,2.0270270270270316,5.067567567567565
103,FDP,1750,19,0.0,0.0,2.4922949265054535,1.0,1.0,1.7454954954954947,0.8357041251778057,0.21337126600283796,1.9381223328591872,8.481507823613093,2.7204836415362763,0.7645803698435216,5.405405405405411,0.3378378378378315,1.013513513513523,1.689189189189186,1.3513513513513473,0.6756756756756701
2317,FDP,1750,19,1.0,0.0,4.457088667614986,1.0,1.0,1.9707207207207205,1.4224751066856385,0.2489331436699871,6.507823613086771,5.796586059743959,6.863442389758184,5.903271692745378,2.7027027027027017,1.3513513513513544,4.391891891891895,1.3513513513513544,0.6756756756756701,1.3513513513513473
2771,bunt.saar,1750,19,1.0,0.0,6.202584163110479,1.0,1.0,0.8445945945945906,1.0668563300142253,3.307254623044095,7.983641536273112,0.8357041251778057,16.998577524893307,7.023470839260327,0.0,1.0135135135135158,1.0135135135135016,2.0270270270270245,1.0135135135135016,0.0
4929,CDU,1750,19,1.0,1.0,0.8742294926505458,1.0,1.0,3.153153153153152,0.3378378378378386,1.2980085348506378,0.8712660028449548,1.5825035561877598,0.6401137980085352,0.5156472261735487,2.3648648648648702,1.0135135135135087,4.391891891891888,2.702702702702709,5.743243243243235,2.7027027027027017
3218,bunt.saar,1750,19,1.0,1.0,3.689544807965863,1.0,1.0,1.0698198198198174,1.5291607396870575,3.9118065433855023,4.747510668563301,4.480796586059739,3.0049786628734054,4.463015647226172,1.689189189189193,0.0,0.0,3.0405405405405332,1.0135135135135016,0.6756756756756772
2354,FDP,1750,19,1.0,1.0,7.349454717875774,1.0,0.0,3.828828828828827,1.653627311522051,9.086059743954479,5.689900426742533,3.7339971550497992,14.295874822190612,9.63726884779517,1.689189189189193,8.108108108108105,3.0405405405405403,2.364864864864856,3.7162162162162105,4.054054054054056
20,Die Grünen,1750,19,1.0,0.0,2.8064248458985284,1.0,0.0,1.970720720720718,3.485064011379805,6.0099573257467895,0.8534850640113802,1.7069701280227534,3.662873399715508,1.1201991465149348,3.7162162162162176,2.364864864864863,0.3378378378378386,4.054054054054049,1.3513513513513402,0.0
3945,bunt.saar,1750,19,0.0,0.0,2.4122807017543835,0.0,1.0,1.9144144144144117,0.7112375533428192,1.51137980085349,5.832147937411094,0.7467994310099542,0.4267425320056759,5.245376955903268,0.675675675675663,3.7162162162162247,1.6891891891891788,1.3513513513513544,3.7162162162162105,0.3378378378378386
3880,DIE LINKE,1750,19,0.0,0.0,5.141654812707448,0.0,0.0,1.970720720720724,2.5248933143669916,5.192034139402573,8.766002844950215,1.760312944523477,7.165718349928888,5.4409672830725455,8.783783783783782,0.6756756756756843,0.3378378378378386,1.3513513513513473,0.3378378378378457,0.3378378378378457
824,CDU,1750,19,1.0,1.0,5.343172119487906,1.0,1.0,2.4774774774774735,7.307965860597427,2.489331436699864,0.21337126600283796,6.276671408250358,12.99786628733996,2.773826458036986,3.7162162162162033,1.3513513513513473,3.378378378378386,2.0270270270270174,2.364864864864856,2.0270270270270316
2467,CDU,1750,19,0.0,1.0,3.443575154101474,0.0,1.0,1.6328828828828819,3.271692745376953,0.5867709815078399,0.6223328591749677,8.054765291607403,6.383357041251777,1.7425320056899025,1.689189189189193,2.364864864864856,0.0,3.0405405405405475,1.3513513513513473,1.3513513513513473
3128,CDU,1750,19,0.0,0.0,2.5100758653390236,0.0,1.0,2.59009009009009,2.6493598862019923,2.7916073968705533,0.9957325746799413,4.694167852062591,0.7823613086770962,3.1472261735419664,0.6756756756756701,5.067567567567579,2.3648648648648702,2.0270270270270245,4.054054054054049,1.3513513513513473
5161,FDP,1750,19,1.0,1.0,4.406709340919864,1.0,1.0,7.657657657657655,5.885490753911803,0.9601706970127921,5.3698435277382615,3.022759601706973,7.076813655761029,4.125177809388326,9.797297297297305,6.756756756756744,6.418918918918912,7.0945945945945965,9.797297297297298,6.081081081081074
505,FDP,1750,19,1.0,1.0,4.267425320056901,0.0,1.0,2.0833333333333344,4.249644381223341,6.792318634423893,2.400426742532005,1.2980085348506378,7.894736842105267,2.9694167852062634,3.0405405405405403,0.3378378378378386,1.689189189189186,2.3648648648648702,2.3648648648648702,2.7027027027027017
4027,bunt.saar,1750,19,1.0,0.0,3.265765765765765,0.0,0.0,6.587837837837839,1.9381223328591801,2.0981507823613015,1.4224751066856385,3.69843527738265,8.570412517780937,1.8669985775248819,5.4054054054054035,2.3648648648648702,6.081081081081095,6.418918918918919,8.783783783783775,10.472972972972968
4842,bunt.saar,1750,19,1.0,0.0,3.1353722143195832,1.0,1.0,1.1261261261261286,0.7467994310099613,4.747510668563301,4.249644381223334,1.4224751066856243,7.4502133712659955,0.1955903271692847,1.3513513513513473,1.0135135135135158,0.6756756756756772,1.0135135135135087,0.6756756756756914,2.0270270270270316
4578,Die Grünen,1750,19,1.0,0.0,1.7484589853010917,1.0,0.0,1.970720720720724,0.5156472261735487,4.978662873399728,0.40896159317210845,3.5384068278805074,0.3378378378378386,0.7112375533428192,0.0,0.6756756756756843,3.378378378378386,0.0,5.4054054054054035,2.3648648648648702
1080,bunt.saar,1750,19,1.0,0.0,7.272403982930299,1.0,1.0,1.2950450450450457,5.5476529160739645,0.9246088193456643,10.95305832147936,1.9914651493598896,15.753911806543378,8.463726884779533,1.3513513513513544,1.0135135135135016,1.0135135135135158,1.689189189189193,0.6756756756756772,2.0270270270270316
4976,Die Grünen,1750,19,1.0,1.0,4.006638217164533,1.0,1.0,1.1824324324324398,6.401137980085352,1.618065433854909,2.3826458036984306,0.9068278805120897,7.2724039829302995,5.45874822190612,1.3513513513513544,1.3513513513513615,1.3513513513513686,0.3378378378378386,0.3378378378378457,2.3648648648648702
411,bunt.saar,1750,19,1.0,0.0,4.071834992887627,1.0,1.0,1.6891891891891884,3.2539118065433854,1.51137980085349,5.654338549075405,2.009246088193457,6.543385490753906,5.45874822190612,2.364864864864856,0.0,2.0270270270270316,3.0405405405405332,0.6756756756756772,2.0270270270270316
4019,FDP,1750,19,1.0,1.0,2.7975343764817473,1.0,1.0,3.6599099099099113,5.4054054054054035,1.6358463726884764,0.26671408250356166,1.2091038406827863,4.036273115220489,4.231863442389766,3.378378378378379,1.689189189189186,3.7162162162162176,1.689189189189193,4.729729729729726,6.756756756756765
2030,DIE LINKE,1750,19,1.0,0.0,4.098506401137986,1.0,0.0,2.646396396396399,2.275960170697026,2.738264580369851,5.192034139402573,1.0846372688477999,8.07254623044097,5.2275960170697005,1.3513513513513473,3.378378378378386,1.6891891891892001,3.7162162162162176,2.364864864864863,3.378378378378379
481,bunt.saar,1750,19,0.0,0.0,3.974039829302986,0.0,0.0,3.8851351351351355,1.6002844950213415,5.1031294452347,2.187055476529153,0.8001422475106708,6.667852062588906,7.485775248933145,8.445945945945944,0.3378378378378244,3.378378378378379,0.6756756756756843,2.3648648648648702,8.108108108108112
3756,DIE LINKE,1750,19,1.0,0.0,3.6628733997155023,1.0,0.0,1.2950450450450468,5.014224751066855,0.07112375533426984,4.943100995732571,0.7112375533428192,6.276671408250358,4.960881934566139,3.0405405405405403,0.3378378378378386,1.3513513513513544,1.3513513513513473,1.3513513513513615,0.3378378378378386
1165,DIE LINKE,1750,19,1.0,0.0,5.286865813181605,1.0,1.0,2.646396396396394,5.743243243243242,0.3911806543385552,5.618776671408241,2.3648648648648702,12.624466571834994,4.978662873399728,6.081081081081081,1.689189189189193,1.689189189189186,1.3513513513513473,3.378378378378379,1.6891891891891788
4221,Die Grünen,1750,19,0.0,0.0,8.336296823138927,0.0,1.0,1.3513513513513473,0.0,4.623044096728307,10.935277382645793,9.103840682788054,16.073968705547657,9.28165007112375,1.0135135135135087,1.0135135135135158,2.0270270270270174,0.6756756756756701,2.3648648648648702,1.0135135135135016
517,FDP,1750,19,1.0,1.0,2.456733048838314,1.0,1.0,3.8288288288288244,0.6223328591749677,0.6223328591749677,2.8982930298719793,3.236130867709818,3.022759601706973,4.338549075391178,4.054054054054042,2.7027027027026946,3.378378378378379,4.054054054054049,4.054054054054056,4.729729729729726
864,CDU,1750,19,0.0,1.0,5.692863916548126,0.0,1.0,5.799549549549551,6.169985775248925,8.161450924608822,6.54338549075392,3.0761024182076824,4.729729729729726,5.47652916073968,1.689189189189193,3.0405405405405403,8.445945945945951,6.418918918918926,7.770270270270267,7.432432432432428
4316,FDP,1750,19,1.0,1.0,3.742887624466576,1.0,1.0,4.954954954954958,8.054765291607403,1.7425320056899025,2.400426742532005,1.8847795163584777,4.196301564722617,4.17852062588905,6.081081081081088,3.0405405405405403,5.4054054054054035,6.081081081081095,3.7162162162162176,5.4054054054054035
1288,SPD,1750,19,0.0,0.0,12.256993835941207,0.0,1.0,4.166666666666668,2.0981507823613086,15.504978662873398,14.900426742531998,1.9914651493598896,21.550497866287344,17.496443812233295,2.702702702702709,0.3378378378378457,3.7162162162162105,3.378378378378372,8.108108108108105,6.756756756756765
1822,bunt.saar,1750,19,1.0,0.0,7.153864390706499,1.0,1.0,5.630630630630633,2.258179231863444,2.3648648648648702,9.228307254623047,2.8982930298719793,17.70981507823612,8.463726884779533,4.391891891891881,0.6756756756756772,4.7297297297297405,6.418918918918919,7.770270270270274,9.797297297297305
4416,bunt.saar,1750,19,1.0,1.0,5.44393077287814,1.0,0.0,2.477477477477475,5.352062588904694,6.045519203413939,6.081081081081081,0.7823613086771033,9.619487908961581,4.783072546230443,0.3378378378378386,1.0135135135135158,2.0270270270270174,0.3378378378378315,5.067567567567565,6.081081081081081
3944,bunt.saar,1750,19,1.0,0.0,8.09625414888573,1.0,0.0,2.9279279279279335,2.293741109530586,4.089615931721191,7.930298719772409,9.28165007112375,17.95874822190612,7.023470839260327,2.3648648648648702,0.3378378378378386,2.3648648648648702,4.729729729729733,4.391891891891902,3.378378378378386
3504,FDP,1750,19,1.0,0.0,4.854196301564721,1.0,0.0,2.984234234234235,0.6578947368421026,0.9068278805120897,9.334992887624466,1.1201991465149348,8.17923186344239,8.926031294452343,3.7162162162162105,1.689189189189193,5.067567567567572,1.689189189189193,4.391891891891895,1.3513513513513473
1898,FDP,1750,19,1.0,1.0,4.913466097676625,1.0,1.0,1.9144144144144164,8.108108108108105,0.8890469416785152,6.650071123755332,0.4978662873399742,3.342816500711244,9.992887624466576,0.0,2.364864864864863,2.0270270270270245,3.378378378378386,2.702702702702709,1.0135135135135158
3198,FDP,1750,19,0.0,0.0,4.996443812233285,1.0,0.0,0.7319819819819825,4.943100995732571,4.285206258890469,5.93883357041252,6.970128022759603,5.298719772403977,2.5426742532005733,0.3378378378378386,2.0270270270270316,0.0,0.3378378378378386,0.3378378378378386,1.3513513513513473
4286,CDU,1750,19,0.0,0.0,4.578591749644379,0.0,0.0,7.826576576576579,5.814366998577526,2.115931721194869,3.485064011379805,2.4537695590327075,9.761735419630156,3.840682788051211,4.054054054054049,3.378378378378379,11.824324324324337,3.0405405405405475,13.851351351351347,10.810810810810814
3420,FDP,1750,19,1.0,0.0,5.648411569464204,1.0,0.0,2.0833333333333344,2.4182076813655797,0.2489331436699942,14.900426742532005,1.0490753911806578,10.68634423897582,4.587482219061165,0.3378378378378315,3.7162162162162176,2.0270270270270316,3.0405405405405475,1.689189189189193,1.689189189189186
4002,SPD,1750,19,0.0,0.0,7.204243717401611,0.0,0.0,3.8851351351351355,1.8847795163584706,8.748221906116648,10.43741109530584,2.916073968705547,14.08250355618776,5.156472261735402,1.3513513513513473,3.0405405405405332,6.081081081081095,2.702702702702709,7.0945945945945965,3.0405405405405332
3616,CDU,1750,19,0.0,0.0,5.331318160265526,0.0,0.0,4.673423423423426,4.374110953058313,5.067567567567565,6.952347083926028,1.2802275960170775,11.379800853485065,2.933854907539107,0.3378378378378528,4.054054054054056,5.067567567567565,6.081081081081088,8.783783783783782,3.7162162162162105
2201,bunt.saar,1750,19,1.0,0.0,3.568041725936459,1.0,0.0,3.6599099099099086,1.2268847795163538,7.325746799431002,3.556187766714075,7.734708392603132,0.5156472261735416,1.0490753911806507,5.405405405405411,2.3648648648648702,7.0945945945945965,3.378378378378379,3.0405405405405332,0.675675675675663
5208,bunt.saar,1750,19,1.0,1.0,4.874940730203888,1.0,1.0,1.4076576576576574,3.9651493598862046,2.187055476529153,5.209815078236119,0.7823613086771033,12.517780938833575,4.587482219061172,1.0135135135135087,2.364864864864856,2.0270270270270316,1.689189189189193,0.0,1.3513513513513544
5077,FDP,1750,19,0.0,1.0,4.960881934566145,1.0,1.0,1.1261261261261257,0.17780938833571014,2.951635846372689,4.018492176386911,16.038406827880507,3.1294452347083936,3.4495021337126595,0.3378378378378457,1.0135135135135087,2.364864864864863,0.0,0.6756756756756737,2.364864864864863
4553,bunt.saar,1750,19,1.0,1.0,6.006993835941206,0.0,0.0,3.6036036036036045,3.165007112375541,6.383357041251777,6.490042674253203,2.7382645803698438,10.295163584637265,6.970128022759603,4.391891891891888,1.689189189189193,4.054054054054056,5.067567567567565,0.3378378378378386,6.081081081081088
3089,CDU,1750,19,1.0,1.0,4.41263632053106,1.0,1.0,2.364864864864863,7.681365576102436,1.369132290184929,1.7069701280227534,8.641536273115221,3.2539118065433854,3.8229018492176365,1.3513513513513686,3.7162162162162105,2.364864864864863,1.3513513513513402,1.0135135135135087,4.391891891891888
2708,CDU,1750,19,1.0,0.0,4.863086770981508,1.0,1.0,1.8581081081081088,2.1692745376955855,7.0590327169274545,6.330014224751068,1.0135135135135087,4.036273115220489,8.570412517780944,1.3513513513513544,2.0270270270270316,2.364864864864863,0.3378378378378315,3.7162162162162176,1.3513513513513544
647,bunt.saar,1750,19,1.0,1.0,6.146277856804172,1.0,1.0,0.6193693693693684,4.943100995732571,4.000711237553347,10.810810810810807,0.37339971550497353,7.165718349928881,9.583926031294453,0.6756756756756772,1.0135135135135016,0.3378378378378386,0.6756756756756772,0.3378378378378386,0.6756756756756772
3445,CDU,1750,19,1.0,0.0,4.451161688003791,1.0,1.0,1.689189189189193,3.0405405405405332,8.303698435277383,4.42745376955903,0.21337126600283796,6.081081081081088,4.640825035561875,1.01351351351353,0.6756756756756772,2.0270270270270245,5.4054054054054035,0.6756756756756843,0.3378378378378386
212,bunt.saar,1750,19,1.0,0.0,5.36688003793267,1.0,0.0,1.3513513513513484,0.8534850640113874,2.3470839260312957,5.761024182076817,2.00924608819345,14.527027027027032,6.703413940256041,0.6756756756756701,3.0405405405405332,0.3378378378378386,2.0270270270270316,1.0135135135135016,1.0135135135135158
2101,FDP,1750,19,1.0,0.0,3.5146989094357486,1.0,1.0,2.8716216216216233,5.5476529160739645,7.503556187766712,0.8001422475106708,2.43598862019914,4.42745376955903,0.37339971550497353,1.689189189189193,2.7027027027027017,4.391891891891895,2.0270270270270316,2.7027027027027017,3.7162162162162176
1590,bunt.saar,1750,19,1.0,0.0,4.142958748221908,1.0,1.0,1.9144144144144104,0.6578947368421026,4.996443812233288,6.507823613086771,0.7290184921763867,7.02347083926032,4.943100995732578,1.3513513513513473,1.3513513513513402,0.6756756756756772,0.3378378378378386,3.378378378378372,4.391891891891888
915,bunt.saar,1750,19,0.0,1.0,2.81235182550972,0.0,1.0,1.2387387387387416,4.231863442389766,3.94736842105263,0.6756756756756772,3.1294452347083777,4.17852062588905,0.7112375533428192,0.6756756756756843,1.3513513513513473,0.3378378378378386,1.3513513513513615,1.3513513513513473,2.3648648648648702
1496,CDU,1750,19,1.0,1.0,7.082740635372212,1.0,1.0,1.3513513513513509,3.271692745376953,5.4054054054054035,5.618776671408241,8.036984352773828,13.744665718349928,6.418918918918919,2.0270270270270245,0.3378378378378386,0.6756756756756701,3.0405405405405403,1.689189189189193,0.3378378378378386
723,bunt.saar,1750,19,1.0,0.0,2.53378378378378,1.0,1.0,2.083333333333332,2.578236130867701,0.5512091038406766,0.07112375533426984,5.4409672830725455,4.17852062588905,2.3826458036984377,2.0270270270270245,0.3378378378378386,3.7162162162162105,2.702702702702709,3.0405405405405332,0.6756756756756772
4984,CDU,1750,19,0.0,1.0,1.970720720720718,1.0,0.0,3.0968468468468493,5.885490753911803,2.080369843527741,0.16002844950213557,0.21337126600283796,2.471550497866282,1.0135135135135087,2.364864864864856,3.378378378378379,2.702702702702709,3.378378378378386,4.054054054054056,2.702702702702709
4124,FDP,1750,19,1.0,0.0,4.587482219061166,1.0,0.0,2.5900900900900865,4.694167852062591,3.733997155049785,5.1209103840682815,11.255334281650065,2.1692745376955926,0.5512091038406837,5.4054054054054035,1.689189189189186,2.0270270270270316,0.3378378378378244,4.054054054054056,2.0270270270270174
2759,CDU,1750,19,1.0,1.0,4.377074442863915,1.0,1.0,1.0135135135135098,0.5512091038406766,1.0490753911806578,5.2631578947368425,9.566145092460879,7.361308677098151,2.471550497866282,0.0,0.675675675675663,2.7027027027026946,1.3513513513513473,0.3378378378378315,1.013513513513523
75,bunt.saar,1750,19,1.0,0.0,4.2200094831673765,1.0,1.0,1.0135135135135123,4.249644381223341,0.8001422475106637,7.89473684210526,1.404694167852064,4.231863442389752,6.738975817923176,1.0135135135135087,0.6756756756756772,3.0405405405405332,0.3378378378378386,1.0135135135135158,0.0
3470,Die Grünen,1750,19,0.0,0.0,8.285917496443814,0.0,1.0,3.2094594594594645,2.6493598862019923,1.9203413940255984,11.237553342816497,8.641536273115229,14.04694167852064,11.21977240398293,3.0405405405405475,2.3648648648648702,4.729729729729726,2.0270270270270316,3.378378378378386,3.7162162162162247
771,bunt.saar,1750,19,0.0,1.0,6.7804646752015145,1.0,1.0,2.308558558558554,4.516358463726888,2.115931721194869,5.743243243243242,2.8271692745377024,16.518492176386907,8.961593172119478,4.054054054054056,0.3378378378378386,1.6891891891891788,3.0405405405405403,1.0135135135135016,3.7162162162162105
927,FDP,1750,19,1.0,1.0,4.326695116168799,1.0,1.0,0.7319819819819801,6.294452347083926,0.10668563300142608,2.880512091038412,5.476529160739673,8.694879089615931,2.507112375533424,0.3378378378378386,0.0,0.6756756756756772,1.6891891891891788,0.0,1.689189189189186
1740,FDP,1750,19,1.0,0.0,4.243717401612136,1.0,0.0,3.659909909909905,4.054054054054056,8.961593172119489,4.551920341394016,5.4765291607396875,1.4580369843527734,0.9601706970127921,5.067567567567565,1.0135135135135087,6.756756756756751,5.743243243243242,1.689189189189186,1.6891891891891788
3715,Die Grünen,1750,19,0.0,1.0,4.854196301564726,0.0,0.0,5.7432432432432465,3.378378378378379,6.810099573257467,4.569701280227605,0.40896159317212266,7.0945945945945965,6.863442389758184,6.418918918918912,2.7027027027026946,4.7297297297297405,8.108108108108112,4.391891891891902,8.10810810810812
1021,SPD,1750,19,0.0,1.0,2.6760312944523448,0.0,1.0,1.9144144144144117,6.13442389758179,3.5384068278805074,2.43598862019914,0.5156472261735487,2.7738264580369787,0.6578947368421026,0.3378378378378386,0.6756756756756701,2.7027027027026946,3.0405405405405332,4.054054054054056,0.6756756756756772
2631,Die Grünen,1750,19,1.0,1.0,2.877548601232808,1.0,1.0,5.518018018018016,2.044807965860592,2.5248933143669916,3.09388335704125,0.16002844950212847,6.3122332859175,3.1294452347083848,3.7162162162162105,6.418918918918926,8.108108108108098,2.364864864864863,6.756756756756758,5.743243243243242
4719,SPD,1750,19,1.0,0.0,6.255926979611188,0.0,1.0,2.195945945945945,4.623044096728307,3.4317211948790884,12.002133712660033,7.983641536273112,3.271692745376953,6.223328591749635,1.689189189189193,2.702702702702709,1.6891891891891788,4.054054054054056,2.7027027027026946,0.3378378378378386
182,CDU,1750,19,1.0,1.0,4.833451872925559,0.0,1.0,8.502252252252257,2.293741109530579,4.231863442389766,4.711948790896166,1.9559032716927405,15.789473684210527,0.017780938833574567,2.702702702702709,8.10810810810812,11.486486486486491,7.0945945945945965,13.851351351351347,7.770270270270274
717,bunt.saar,1750,19,0.0,0.0,5.446894262683732,0.0,1.0,1.8018018018018036,3.1827880512090942,1.3513513513513473,5.476529160739673,4.623044096728307,11.237553342816497,6.8100995732574745,3.0405405405405403,1.689189189189186,2.0270270270270316,1.0135135135135158,2.0270270270270316,1.0135135135135158
4660,CDU,1750,19,1.0,1.0,5.174253200568988,1.0,0.0,3.0968468468468444,0.37339971550498063,4.623044096728307,8.392603129445227,7.503556187766712,5.2631578947368425,4.889758179231862,3.378378378378372,4.729729729729726,2.364864864864856,1.013513513513523,4.391891891891895,2.7027027027026946
2732,bunt.saar,1750,19,1.0,1.0,8.442982456140351,1.0,1.0,3.772522522522523,7.752489331436706,6.418918918918919,11.450924608819342,1.0312944523470762,15.949502133712663,8.054765291607396,1.689189189189186,1.689189189189193,5.067567567567565,2.702702702702709,5.743243243243242,5.743243243243242
1641,Die Grünen,1750,19,1.0,1.0,5.094238975817923,1.0,0.0,5.349099099099097,0.8001422475106708,7.005689900426745,4.765291607396868,0.7823613086770962,11.21977240398293,5.992176386913229,4.729729729729726,4.391891891891888,6.081081081081081,6.081081081081088,4.729729729729726,6.081081081081074
3619,bunt.saar,1750,19,0.0,0.0,3.5146989094357557,0.0,1.0,2.308558558558557,0.10668563300142608,0.8179231863442382,4.658605974395449,2.275960170697026,7.574679943100989,5.654338549075405,1.3513513513513473,2.702702702702709,2.7027027027026946,2.0270270270270245,3.7162162162162247,1.3513513513513402
4751,FDP,1750,19,0.0,1.0,5.331318160265529,1.0,1.0,3.828828828828828,5.796586059743959,1.511379800853483,6.258890469416787,9.815078236130866,6.703413940256048,1.902560455192031,0.3378378378378315,4.054054054054056,5.4054054054054035,3.0405405405405403,5.743243243243249,4.391891891891888
2515,FDP,1750,19,0.0,0.0,3.8199383594120455,0.0,0.0,2.6463963963963955,2.4182076813655797,1.2446657183499354,0.8357041251778057,9.495021337126602,7.894736842105267,1.0312944523470833,2.7027027027027017,5.743243243243249,2.364864864864863,3.0405405405405403,1.0135135135135087,1.0135135135135087
2189,SPD,1750,19,1.0,1.0,5.9655049786628735,1.0,1.0,2.1959459459459496,3.2894736842105274,7.5213371266002795,7.0945945945945965,7.948079658605984,1.618065433854909,8.321479374110943,3.378378378378379,0.3378378378378457,3.378378378378372,3.0405405405405403,2.3648648648648702,0.6756756756756914
520,Die Grünen,1750,19,1.0,1.0,3.29836415362731,1.0,1.0,1.2950450450450444,0.08890469416784441,7.752489331436706,0.7290184921763796,4.356330014224753,5.8321479374110865,1.0312944523470904,4.054054054054056,0.3378378378378386,0.3378378378378244,0.3378378378378386,1.689189189189193,1.0135135135135158
3451,Die Grünen,1750,19,1.0,1.0,7.236842105263161,1.0,1.0,1.463963963963959,8.854907539118052,8.712660028449513,4.516358463726888,4.765291607396868,10.312944523470854,6.258890469416791,1.0135135135135087,2.0270270270270174,3.0405405405405332,0.3378378378378386,1.0135135135135016,1.3513513513513544
4851,Die Grünen,1750,19,1.0,0.0,0.8505215742057844,1.0,0.0,4.72972972972973,0.6934566145092376,0.053342816500716594,0.4800853485063925,0.5867709815078399,2.0625889046941666,1.2268847795163538,8.445945945945944,7.0945945945945965,3.0405405405405403,3.0405405405405475,4.729729729729726,2.0270270270270245
4025,bunt.saar,1750,19,1.0,1.0,6.460407776197253,1.0,1.0,2.3085585585585577,6.241109530583209,0.8712660028449477,10.77524893314368,3.627311522048373,10.91749644381224,6.330014224751068,3.7162162162162176,2.7027027027026946,3.378378378378386,0.6756756756756772,0.0,3.378378378378372
4442,FDP,1750,19,0.0,1.0,8.851944049312474,1.0,1.0,3.2657657657657673,3.165007112375541,9.850640113798008,10.970839260312943,10.046230440967292,7.823613086770983,11.255334281650072,2.0270270270270316,4.054054054054049,6.418918918918926,0.6756756756756772,2.0270270270270316,4.391891891891888
4226,Die Grünen,1750,19,1.0,0.0,4.67045993361783,1.0,1.0,1.0135135135135134,0.03556187766713492,3.0049786628734054,2.43598862019914,6.330014224751075,13.264580369843529,2.951635846372696,0.3378378378378386,0.3378378378378386,0.6756756756756772,1.689189189189193,0.675675675675663,2.3648648648648702
2133,bunt.saar,1750,19,0.0,1.0,5.56543385490754,0.0,1.0,4.786036036036037,6.756756756756758,0.8890469416785152,9.03271692745377,1.5291607396870575,9.26386913229019,5.921052631578952,8.108108108108105,2.702702702702709,3.378378378378372,8.108108108108112,1.689189189189193,4.729729729729726
2086,FDP,1750,19,1.0,1.0,6.493006164058797,1.0,1.0,2.9842342342342327,3.840682788051211,11.166429587482213,6.3122332859175,4.587482219061172,9.77951635846373,3.271692745376953,1.689189189189186,2.364864864864863,2.702702702702709,2.0270270270270174,9.121621621621621,0.0
728,FDP,1750,19,1.0,1.0,6.169985775248933,1.0,1.0,1.4076576576576592,3.982930298719765,5.316500711237566,11.575391180654336,5.494310099573255,2.258179231863444,8.392603129445234,1.689189189189186,1.689189189189186,0.6756756756756772,0.6756756756756914,2.0270270270270245,1.6891891891891895
2070,CDU,1750,19,0.0,1.0,3.028686581318162,0.0,1.0,2.3085585585585604,3.058321479374108,7.450213371266003,0.8001422475106708,2.560455192034155,0.4267425320056901,3.876244665718346,1.0135135135135158,0.6756756756756701,2.0270270270270245,6.756756756756772,2.7027027027027017,0.6756756756756772
3455,DIE LINKE,1750,19,1.0,1.0,5.304646752015171,1.0,1.0,3.7162162162162176,4.267425320056894,1.2446657183499354,5.0853485064011394,7.3790896159317185,9.690611664295872,4.160739687055468,6.418918918918919,2.702702702702709,0.6756756756756772,7.770270270270274,2.702702702702709,2.0270270270270174
4296,FDP,1750,19,1.0,1.0,1.7454954954954935,1.0,1.0,2.027027027027026,1.404694167852064,1.2268847795163538,0.8890469416785152,1.8136557610241795,4.374110953058327,0.7645803698435216,4.729729729729726,1.689189189189193,0.6756756756756772,1.3513513513513544,1.689189189189186,2.0270270270270174
2194,CDU,1750,19,1.0,1.0,0.9809151256519684,1.0,1.0,2.1396396396396384,0.32005689900426404,0.9423897581792318,1.831436699857747,0.8712660028449548,1.0490753911806578,0.8712660028449548,2.3648648648648702,0.0,1.689189189189186,4.729729729729733,4.054054054054042,0.0
2155,Die Grünen,1750,19,0.0,0.0,4.827524893314365,0.0,1.0,1.4076576576576585,3.44950213371267,2.916073968705547,9.850640113798008,0.08890469416784441,7.183499288762434,5.4765291607396875,1.3513513513513615,1.0135135135135087,1.0135135135135158,1.0135135135135087,3.0405405405405403,1.0135135135135158
1820,FDP,1750,19,1.0,0.0,2.20483641536273,0.0,0.0,1.5765765765765767,0.6756756756756772,0.8179231863442382,1.5647226173541924,1.369132290184929,6.223328591749642,2.578236130867701,0.0,3.0405405405405332,0.6756756756756701,3.378378378378379,2.0270270270270316,0.3378378378378457
5004,FDP,1750,19,0.0,0.0,5.355026078710286,0.0,1.0,1.4639639639639626,0.9246088193456643,8.268136557610234,2.471550497866282,5.334281650071112,6.490042674253203,8.641536273115221,2.7027027027026946,1.3513513513513544,0.0,2.364864864864856,2.0270270270270316,0.3378378378378386
748,Die Grünen,1750,19,1.0,0.0,6.042555713608345,1.0,1.0,1.6328828828828819,0.01778093883356746,1.973684210526315,6.294452347083933,4.036273115220482,14.349217638691321,9.583926031294453,0.0,1.689189189189193,3.7162162162162105,1.0135135135135158,1.689189189189193,1.6891891891891788
1190,SPD,1750,19,1.0,1.0,5.260194404931245,1.0,0.0,1.9707207207207216,4.409672830725462,8.783783783783782,5.583214793741114,2.507112375533424,7.361308677098144,2.916073968705547,2.702702702702709,2.3648648648648702,1.3513513513513473,0.6756756756756701,1.3513513513513544,3.378378378378379
5067,FDP,1750,19,0.0,0.0,5.669155998103367,0.0,0.0,3.941441441441443,1.2091038406827934,5.2631578947368425,9.975106685633008,6.045519203413939,4.605263157894733,6.916785206258886,5.4054054054054035,3.7162162162162176,4.729729729729733,4.391891891891895,2.0270270270270316,3.378378378378379
3800,CDU,1750,19,0.0,0.0,2.2729966808914184,1.0,1.0,1.069819819819821,0.9601706970128063,0.03556187766713492,1.866998577524896,3.200568990042669,4.800853485064017,2.773826458036986,1.3513513513513473,1.3513513513513473,0.3378378378378386,2.0270270270270316,1.013513513513523,0.3378378378378386
4264,bunt.saar,1750,19,1.0,1.0,3.8140113798008564,1.0,1.0,2.646396396396394,3.876244665718353,5.583214793741114,4.42745376955903,0.7112375533428192,5.7254623044096675,2.560455192034155,3.378378378378393,0.0,4.391891891891888,2.0270270270270174,3.0405405405405332,3.0405405405405332
1204,CDU,1750,19,0.0,0.0,3.4880275011853925,1.0,0.0,1.9144144144144153,8.819345661450917,0.9779516358463738,0.23115220483641252,4.87197724039828,5.352062588904694,0.6756756756756772,1.689189189189193,4.054054054054056,2.3648648648648702,1.689189189189186,1.0135135135135087,0.6756756756756772
4336,FDP,1750,19,1.0,0.0,8.036984352773827,1.0,1.0,3.4346846846846866,9.441678520625892,10.224039829302981,13.602418207681367,1.2802275960170704,6.863442389758184,6.810099573257467,0.6756756756756772,0.6756756756756772,7.0945945945945965,0.6756756756756843,6.756756756756758,4.729729729729726
4465,FDP,1750,19,0.0,1.0,6.916785206258889,1.0,1.0,1.1824324324324305,7.183499288762434,0.26671408250356166,4.196301564722617,12.855618776671406,16.4651493598862,0.5334281650071091,0.3378378378378386,2.7027027027027017,1.0135135135135087,0.6756756756756701,1.0135135135135158,1.3513513513513473
2210,DIE LINKE,1750,19,0.0,0.0,6.64710763394974,0.0,0.0,5.518018018018016,5.334281650071119,10.579658605974402,7.805832147937409,0.8712660028449548,8.783783783783782,6.507823613086771,8.108108108108098,7.770270270270274,3.0405405405405332,6.081081081081074,4.054054054054056,4.054054054054063
2854,bunt.saar,1750,19,1.0,0.0,3.265765765765765,1.0,1.0,4.560810810810817,3.1116642958748244,4.818634423897571,3.200568990042669,4.214082503556185,4.054054054054056,0.1955903271692847,1.0135135135135158,1.6891891891892001,7.770270270270281,4.391891891891895,8.10810810810812,4.391891891891888
3641,bunt.saar,1750,19,1.0,0.0,3.8169748696064496,1.0,0.0,1.351351351351352,1.4224751066856385,2.151493598862025,4.356330014224746,0.1422475106685539,12.091038406827884,2.738264580369851,3.378378378378379,2.7027027027027017,0.3378378378378386,1.0135135135135087,0.3378378378378457,0.3378378378378386
2434,FDP,1750,19,0.0,0.0,5.34317211948791,0.0,0.0,2.3648648648648667,2.5426742532005733,1.5647226173541924,4.889758179231862,7.859174964438118,8.517069701280235,6.685633001422481,4.391891891891888,0.6756756756756772,3.378378378378379,1.013513513513523,2.702702702702709,2.0270270270270245
523,bunt.saar,1750,19,1.0,0.0,3.0197961119013734,1.0,1.0,2.702702702702703,0.3022759601707037,2.115931721194869,6.7745376955903325,0.4978662873399671,7.716927453769557,0.7112375533428121,1.3513513513513473,0.6756756756756772,5.743243243243242,2.0270270270270316,2.0270270270270316,4.391891891891888
5107,DIE LINKE,1750,19,1.0,1.0,2.3796823138928374,0.0,1.0,2.1396396396396384,1.369132290184929,1.0135135135135087,3.4672830725462234,1.831436699857747,6.045519203413939,0.5512091038406766,4.729729729729726,1.689189189189186,0.6756756756756772,3.0405405405405332,0.3378378378378386,2.3648648648648702
1060,FDP,1750,19,1.0,0.0,3.485064011379805,0.0,0.0,9.177927927927927,1.9381223328591872,4.516358463726888,3.1472261735419664,7.89473684210526,1.546941678520625,1.8669985775249032,1.3513513513513473,7.770270270270274,11.824324324324323,10.13513513513513,12.162162162162161,11.82432432432433
2929,FDP,1750,19,1.0,1.0,4.658605974395449,1.0,1.0,6.137387387387388,5.529871977240397,2.7738264580369787,6.61450924608819,5.938833570412527,0.8179231863442382,6.276671408250365,10.472972972972968,2.364864864864863,8.108108108108105,7.0945945945945965,4.729729729729733,4.054054054054063
1543,Die Grünen,1750,19,1.0,0.0,3.250948316737792,1.0,0.0,1.2950450450450457,1.4224751066856385,1.2802275960170704,3.6806543385490826,1.0135135135135087,6.205547652916081,5.903271692745371,2.0270270270270245,1.689189189189186,1.013513513513523,2.0270270270270316,1.0135135135135087,0.0
556,FDP,1750,19,1.0,0.0,4.507467994310101,1.0,1.0,2.6463963963963963,4.463015647226179,10.206258890469414,2.4182076813655797,4.623044096728307,4.498577524893321,0.8357041251778057,6.418918918918912,4.054054054054056,0.0,3.378378378378386,0.0,2.0270270270270245
4363,bunt.saar,1750,19,1.0,0.0,5.639521100047418,0.0,0.0,3.3783783783783776,1.2446657183499354,4.978662873399728,6.987908961593163,3.1827880512090942,11.735419630156471,5.707681365576114,1.0135135135135087,1.3513513513513544,4.729729729729719,5.067567567567565,3.378378378378379,4.7297297297297405
4832,FDP,1750,19,1.0,0.0,2.5071123755334277,1.0,0.0,3.2094594594594574,2.916073968705547,3.8940256045519206,1.7425320056899025,0.03556187766713492,4.640825035561875,1.8136557610241866,2.0270270270270245,4.729729729729726,5.4054054054054035,1.3513513513513473,1.0135135135135087,4.729729729729733
290,CDU,1750,19,1.0,1.0,2.32633949739213,0.0,1.0,1.463963963963965,1.0135135135135087,2.916073968705547,5.138691322901856,0.5156472261735487,1.4935988620199083,2.880512091038412,0.3378378378378315,0.3378378378378457,2.0270270270270316,0.6756756756756772,2.7027027027027017,2.7027027027027017
3543,bunt.saar,1750,19,0.0,1.0,1.6299193930772862,1.0,1.0,3.6036036036036023,1.5825035561877598,3.627311522048373,0.46230440967282505,0.16002844950212847,2.418207681365587,1.5291607396870432,2.7027027027026946,3.378378378378372,4.391891891891888,1.0135135135135158,4.729729729729726,5.405405405405418
3820,bunt.saar,1750,19,1.0,1.0,2.489331436699858,1.0,1.0,3.4346846846846817,1.191322901849226,0.053342816500716594,1.1557610241820697,8.588193456614505,1.8136557610241795,2.1337126600284506,1.689189189189186,3.378378378378372,3.378378378378386,4.391891891891888,2.0270270270270174,5.743243243243242
903,CDU,1750,19,1.0,0.0,5.2868658131816035,1.0,0.0,4.335585585585583,0.6756756756756772,0.46230440967283215,4.996443812233281,15.344950213371263,5.316500711237559,4.925320056899011,0.3378378378378315,4.7297297297297405,7.770270270270267,6.418918918918919,0.675675675675663,6.081081081081074
1234,bunt.saar,1750,19,1.0,0.0,3.9325509720246536,1.0,0.0,3.4346846846846844,5.03200568990043,1.760312944523477,3.449502133712656,5.903271692745371,5.476529160739673,1.973684210526315,1.3513513513513473,1.01351351351353,4.729729729729733,1.689189189189186,5.743243243243228,6.081081081081081
2796,Die Grünen,1750,19,0.0,0.0,5.5683973447131345,0.0,0.0,7.2072072072072055,2.7027027027026946,3.9651493598862118,7.770270270270274,1.3513513513513473,10.846372688477949,6.7745376955903325,2.364864864864856,3.0405405405405475,10.472972972972968,7.094594594594589,9.121621621621621,11.148648648648653
3891,Die Grünen,1750,19,0.0,0.0,3.834755808440016,0.0,0.0,3.09684684684685,2.0625889046941666,0.08890469416784441,9.477240398293027,2.3470839260312957,3.8584637268847715,5.174253200568991,3.378378378378379,0.6756756756756843,5.4054054054054035,2.3648648648648702,2.702702702702709,4.054054054054056
4630,SPD,1750,19,0.0,0.0,3.597676623992413,0.0,0.0,2.195945945945944,0.4800853485063925,3.591749644381231,6.934566145092461,3.236130867709818,4.071834992887624,3.271692745376953,3.378378378378372,3.378378378378393,1.0135135135135087,3.7162162162162105,0.675675675675663,1.0135135135135158
3663,CDU,1750,19,1.0,0.0,5.932906590801328,1.0,0.0,2.646396396396399,4.623044096728307,10.11735419630157,5.796586059743959,2.258179231863444,6.383357041251777,6.418918918918912,2.364864864864863,0.0,3.0405405405405403,2.3648648648648702,5.743243243243249,2.3648648648648702
2010,FDP,1750,19,1.0,0.0,4.898648648648648,1.0,1.0,2.1396396396396375,8.943812233285918,5.689900426742533,2.7738264580369787,8.179231863442396,1.0668563300142253,2.7382645803698367,2.0270270270270245,1.3513513513513544,3.0405405405405403,4.391891891891881,1.3513513513513544,0.6756756756756701
4181,bunt.saar,1750,19,1.0,0.0,5.4083688952109945,1.0,1.0,1.8581081081081088,2.0625889046941666,2.4537695590327075,6.116642958748216,1.582503556187767,14.758179231863437,5.476529160739673,1.3513513513513544,1.3513513513513402,2.0270270270270316,2.364864864864863,2.0270270270270316,2.0270270270270316
2539,FDP,1750,19,1.0,1.0,2.444879089615936,1.0,1.0,3.322072072072075,1.831436699857747,1.8847795163584635,1.0668563300142253,0.6223328591749677,2.3293029871977353,6.934566145092475,0.0,4.729729729729726,5.067567567567572,3.0405405405405546,1.6891891891891788,5.405405405405418
4366,FDP,1750,19,0.0,1.0,4.463015647226172,1.0,0.0,2.5900900900900923,0.9423897581792318,0.8890469416785152,4.747510668563294,7.005689900426745,4.80085348506401,8.392603129445234,4.054054054054049,1.0135135135135158,3.0405405405405403,5.405405405405418,1.0135135135135158,1.0135135135135158
3350,Die Grünen,1750,19,1.0,0.0,5.2453769559032715,0.0,1.0,1.2387387387387356,4.480796586059739,3.271692745376953,7.752489331436699,2.293741109530579,6.952347083926043,6.721194879089616,0.3378378378378315,1.0135135135135158,2.7027027027026946,2.364864864864856,0.3378378378378386,0.6756756756756772
3037,bunt.saar,1750,19,1.0,1.0,4.196301564722621,1.0,0.0,2.0833333333333344,0.9601706970128063,0.16002844950213557,8.090327169274538,1.546941678520625,7.076813655761022,7.343527738264598,2.3648648648648702,0.0,2.3648648648648702,3.0405405405405403,1.6891891891891788,3.0405405405405475
2643,SPD,1750,19,1.0,0.0,4.5045045045045065,0.0,0.0,5.292792792792793,8.001422475106686,5.4765291607396875,4.9075391180654435,0.17780938833571014,6.970128022759603,1.4935988620199083,3.0405405405405475,1.0135135135135158,8.108108108108105,5.405405405405411,4.729729729729726,9.459459459459453
3838,CDU,1750,19,1.0,0.0,2.012209577999053,1.0,1.0,4.5045045045045065,2.3826458036984377,1.689189189189186,0.2489331436699871,4.338549075391185,1.973684210526315,1.440256045519206,5.405405405405411,3.378378378378379,5.067567567567572,5.067567567567565,3.0405405405405403,5.067567567567572
157,bunt.saar,1750,19,1.0,1.0,3.182788051209105,1.0,1.0,1.8018018018018,0.46230440967283215,2.3115220483641536,5.921052631578945,0.9957325746799484,6.081081081081081,3.3250355618776695,1.689189189189193,2.7027027027026946,3.0405405405405332,1.0135135135135087,0.3378378378378386,2.0270270270270316
2712,DIE LINKE,1750,19,0.0,1.0,3.301327643432908,0.0,1.0,4.72972972972973,2.773826458036986,3.5739687055476637,3.1294452347083777,0.3022759601707037,9.921763869132292,0.10668563300142608,3.0405405405405403,2.0270270270270316,6.081081081081074,5.4054054054054035,9.121621621621628,2.7027027027027017
1069,FDP,1750,19,0.0,1.0,3.4139402560455188,0.0,1.0,1.5765765765765754,3.307254623044102,3.1116642958748244,2.258179231863444,6.347795163584628,1.3513513513513473,4.107396870554766,2.702702702702709,0.3378378378378386,2.0270270270270316,1.6891891891891788,1.3513513513513473,1.3513513513513473
4322,SPD,1750,19,0.0,0.0,6.241109530583213,1.0,1.0,2.4211711711711708,1.9203413940255984,6.454480796586061,7.645803698435266,0.10668563300142608,10.650782361308679,10.668563300142246,3.0405405405405403,0.0,4.729729729729719,0.6756756756756772,3.378378378378379,2.702702702702709
5016,FDP,1750,19,0.0,0.0,4.403745851114274,0.0,0.0,4.448198198198198,2.044807965860592,1.2802275960170775,2.916073968705547,13.584637268847793,3.9118065433855023,2.6849217638691343,4.391891891891888,4.054054054054042,4.391891891891902,4.391891891891888,6.081081081081088,3.378378378378379
862,SPD,1750,19,0.0,0.0,5.197961119013751,0.0,0.0,3.99774774774775,3.1827880512090942,4.640825035561875,9.655049786628737,2.880512091038412,6.116642958748223,4.711948790896166,5.743243243243249,3.378378378378379,3.0405405405405475,6.081081081081081,5.067567567567565,0.6756756756756772
1555,bunt.saar,1750,19,1.0,1.0,3.6480559506875294,1.0,0.0,5.236486486486488,5.583214793741114,0.5334281650071233,1.1379800853485023,4.409672830725455,6.561166429587473,3.662873399715508,2.0270270270270245,0.6756756756756772,6.756756756756758,5.067567567567565,8.108108108108112,8.78378378378379
1912,CDU,1750,19,0.0,1.0,2.75308202939782,0.0,1.0,1.182432432432428,4.729729729729726,4.658605974395456,4.267425320056894,1.262446657183503,0.0,1.6002844950213415,2.364864864864856,2.0270270270270245,0.3378378378378386,1.0135135135135016,1.3513513513513473,0.0
2497,FDP,1750,19,1.0,1.0,4.2377904220009475,0.0,0.0,2.3085585585585604,0.7112375533428192,0.2844950213371291,0.40896159317212266,1.0135135135135087,17.247510668563294,5.7610241820768096,1.013513513513523,2.364864864864863,6.081081081081074,0.0,1.689189189189193,2.702702702702709
2855,FDP,1750,19,1.0,1.0,2.4478425794215233,1.0,1.0,1.1824324324324316,3.0761024182076895,2.1692745376955855,1.0490753911806507,0.4800853485063925,4.2496443812233196,3.662873399715501,0.0,2.3648648648648702,0.6756756756756772,1.3513513513513544,2.0270270270270174,0.6756756756756701
2952,bunt.saar,1750,19,0.0,1.0,6.706377430061644,0.0,1.0,5.123873873873877,5.298719772403977,6.098862019914662,9.139402560455203,0.12446657183500065,11.326458036984356,8.250355618776666,3.0405405405405475,2.7027027027026946,7.094594594594611,3.7162162162162176,6.081081081081081,8.108108108108112
5051,FDP,1750,19,0.0,1.0,3.422830725462306,0.0,1.0,7.094594594594599,5.512091038406837,6.56116642958748,3.662873399715501,1.8492176386913286,0.5512091038406837,2.400426742532005,3.7162162162162247,4.391891891891895,10.135135135135137,1.3513513513513544,12.162162162162168,10.810810810810814
4831,Die Grünen,1750,19,1.0,1.0,4.818634423897581,1.0,1.0,1.745495495495497,3.8229018492176436,2.329302987197721,5.1920341394025655,4.67638691322901,10.170697012802279,2.720483641536269,1.3513513513513473,1.689189189189186,4.054054054054063,1.013513513513523,1.3513513513513615,1.0135135135135016
1975,Die Grünen,1750,19,1.0,0.0,5.903271692745378,1.0,1.0,0.7882882882882877,0.9423897581792318,4.054054054054063,8.62375533428164,3.307254623044095,10.757467994310105,7.734708392603132,0.3378378378378457,0.3378378378378386,0.675675675675663,0.6756756756756701,0.3378378378378386,2.3648648648648702
4205,Die Grünen,1750,19,0.0,0.0,8.632645803698436,0.0,0.0,4.786036036036035,2.916073968705547,4.836415362731152,12.87339971550498,3.2539118065433854,17.01635846372689,10.899715504978658,5.743243243243242,0.3378378378378386,6.418918918918919,2.7027027027026946,6.081081081081081,7.432432432432435
2424,bunt.saar,1750,19,1.0,1.0,4.545993361782835,1.0,1.0,1.6891891891891835,1.2980085348506378,5.369843527738276,0.8712660028449477,5.014224751066855,9.832859174964433,4.889758179231862,1.689189189189186,2.0270270270270174,0.3378378378378386,2.7027027027027017,1.3513513513513402,2.0270270270270174
2966,FDP,1750,19,1.0,0.0,4.240753911806547,1.0,1.0,1.5765765765765767,9.797297297297305,3.8229018492176436,2.560455192034155,4.623044096728307,3.058321479374115,1.5825035561877598,0.3378378378378244,0.6756756756756772,0.3378378378378457,0.6756756756756772,3.7162162162162176,3.7162162162162176
3813,CDU,1750,19,0.0,0.0,3.144262683736367,0.0,0.0,4.673423423423421,7.539118065433861,1.0490753911806578,1.1201991465149348,3.3250355618776624,5.352062588904694,0.4800853485063925,4.054054054054056,5.743243243243235,6.418918918918912,0.0,5.4054054054054035,6.418918918918919
3886,Die Grünen,1750,19,1.0,1.0,4.6763869132290194,1.0,1.0,0.9009009009009006,1.8136557610241795,7.23684210526315,3.342816500711251,2.6137980085348573,6.152204836415365,6.899004267425312,0.0,0.6756756756756772,0.3378378378378386,1.689189189189193,0.3378378378378386,2.364864864864856
762,SPD,1750,19,1.0,0.0,4.78307254623044,1.0,1.0,1.6328828828828819,1.902560455192038,3.520625889046933,8.97937411095306,0.6756756756756772,4.729729729729726,8.890469416785209,0.0,1.013513513513523,3.7162162162162105,2.0270270270270174,1.689189189189193,1.3513513513513473
2804,CDU,1750,19,0.0,0.0,2.9042200094831663,1.0,0.0,5.461711711711715,2.2403982930298625,1.2802275960170704,3.8940256045519206,2.471550497866282,0.9957325746799413,6.54338549075392,4.054054054054063,7.432432432432435,4.054054054054056,7.094594594594589,5.4054054054054035,4.7297297297297405
764,bunt.saar,1750,19,0.0,0.0,3.8051209103840677,1.0,1.0,2.6463963963963977,3.805120910384062,0.32005689900426404,6.276671408250358,3.09388335704125,4.623044096728307,4.711948790896166,1.3513513513513544,1.689189189189193,4.391891891891895,3.0405405405405403,3.378378378378386,2.0270270270270174
3290,bunt.saar,1750,19,0.0,0.0,4.640825035561876,0.0,0.0,0.9009009009009041,1.9203413940255984,7.859174964438118,4.783072546230443,0.03556187766713492,11.628733997155052,1.618065433854909,0.0,1.3513513513513473,1.0135135135135158,0.3378378378378386,1.6891891891892001,1.013513513513523
1164,bunt.saar,1750,19,1.0,0.0,8.13181602655287,1.0,1.0,1.5765765765765742,6.116642958748223,3.022759601706973,11.21977240398293,1.902560455192031,17.78093883357041,8.748221906116655,0.6756756756756701,0.675675675675663,1.3513513513513544,1.0135135135135158,3.378378378378372,2.3648648648648702
1249,FDP,1750,19,1.0,1.0,6.647107633949738,1.0,1.0,2.477477477477476,3.8584637268847715,7.503556187766712,8.214793741109531,0.23115220483641963,12.162162162162161,7.912517780938835,2.7027027027027017,3.378378378378372,2.0270270270270245,1.689189189189193,2.7027027027027017,2.364864864864863
1653,FDP,1750,19,1.0,1.0,7.767306780464672,1.0,1.0,1.4639639639639654,3.378378378378372,9.726173541963014,4.089615931721191,4.498577524893307,14.49146514935989,10.419630156472262,2.364864864864863,1.3513513513513544,2.364864864864863,0.3378378378378528,2.0270270270270245,0.33783783783783505
2946,SPD,1750,19,1.0,1.0,2.898293029871976,0.0,0.0,3.7162162162162176,1.2091038406827934,0.9957325746799413,3.52062588904694,0.3022759601706895,3.5739687055476566,7.788051209103834,1.0135135135135158,1.0135135135135087,3.7162162162162247,1.6891891891892001,5.743243243243242,9.121621621621614
854,bunt.saar,1750,19,1.0,0.0,2.018136557610241,1.0,1.0,2.5900900900900887,3.0049786628733983,2.471550497866289,1.0490753911806507,1.2980085348506378,2.5426742532005733,1.7425320056898954,1.3513513513513544,0.6756756756756772,4.054054054054049,1.3513513513513544,4.054054054054049,4.054054054054049
3320,SPD,1750,19,0.0,0.0,7.168681839734471,0.0,0.0,1.6328828828828807,6.330014224751068,6.792318634423893,4.409672830725462,3.662873399715501,13.762446657183496,8.054765291607403,2.364864864864863,0.0,0.6756756756756701,0.3378378378378386,2.7027027027026946,3.7162162162162176
1741,bunt.saar,1750,19,1.0,0.0,3.736960644855383,0.0,0.0,2.7590090090090107,1.1557610241820626,1.2091038406827934,5.867709815078236,2.1337126600284577,7.752489331436706,4.302987197724043,3.0405405405405475,2.702702702702709,2.364864864864863,2.702702702702709,2.0270270270270316,3.7162162162162033
1796,Die Grünen,1750,19,0.0,0.0,4.057017543859648,1.0,0.0,1.2950450450450444,1.0135135135135087,2.9694167852062563,6.347795163584628,1.8136557610241795,8.570412517780944,3.627311522048373,0.3378378378378315,1.689189189189186,2.7027027027027017,0.6756756756756843,1.689189189189186,0.6756756756756772
1660,DIE LINKE,1750,19,1.0,1.0,3.3309625414888564,1.0,0.0,4.673423423423422,1.2091038406827934,1.3869132290184822,4.765291607396875,8.997155049786628,0.07112375533427695,3.556187766714082,1.689189189189186,4.054054054054042,6.081081081081088,2.0270270270270245,5.743243243243249,8.445945945945944
1456,FDP,1750,19,1.0,0.0,2.993124703651018,0.0,0.0,6.531531531531528,5.298719772403977,3.8584637268847786,0.6223328591749677,2.0625889046941595,1.973684210526315,4.142958748221908,2.364864864864856,7.770270270270274,8.783783783783782,4.391891891891881,7.432432432432435,8.445945945945944
1769,DIE LINKE,1750,19,1.0,0.0,5.263157894736843,0.0,1.0,1.0135135135135087,2.258179231863444,2.6137980085348573,8.499288762446653,3.8940256045519206,9.850640113798008,4.463015647226179,1.0135135135135087,0.0,0.675675675675663,2.0270270270270245,1.0135135135135087,1.3513513513513473
1400,FDP,1750,19,0.0,1.0,5.126837363679464,1.0,1.0,3.153153153153154,3.8940256045519206,5.2275960170697005,3.0405405405405403,10.615220483641522,6.952347083926028,1.0312944523470762,1.013513513513523,3.0405405405405332,3.716216216216214,0.3378378378378386,5.067567567567565,5.743243243243249
230,SPD,1750,19,0.0,0.0,6.116642958748223,0.0,0.0,2.646396396396394,4.356330014224753,3.165007112375534,9.281650071123742,1.2268847795163538,13.691322901849226,4.978662873399728,0.0,3.378378378378372,0.0,2.7027027027027017,6.081081081081081,3.7162162162162105
362,FDP,1750,19,1.0,0.0,4.4719061166429555,1.0,0.0,1.914414414414414,2.151493598862025,10.170697012802265,3.6806543385490755,3.307254623044095,6.490042674253196,1.0312944523470762,6.081081081081081,0.3378378378378457,2.0270270270270245,2.7027027027026946,0.0,0.3378378378378386
4001,Die Grünen,1750,19,1.0,0.0,4.030346135609295,1.0,0.0,1.8018018018018058,3.236130867709818,5.903271692745371,0.9246088193456643,6.7389758179231976,5.4054054054054035,1.973684210526315,1.013513513513523,2.0270270270270174,2.0270270270270316,1.3513513513513615,4.391891891891902,0.0
4309,CDU,1750,19,1.0,0.0,4.06294452347084,1.0,1.0,2.1959459459459416,3.022759601706973,6.1877667140825,4.17852062588905,5.583214793741114,1.511379800853483,3.8940256045519206,1.3513513513513402,0.6756756756756701,4.391891891891888,0.0,3.378378378378379,3.378378378378372
2333,DIE LINKE,1750,19,1.0,0.0,5.46171171171171,0.0,0.0,3.1531531531531556,1.689189189189186,3.342816500711244,11.824324324324323,2.187055476529153,7.254623044096725,6.472261735419629,7.0945945945945965,3.7162162162162176,5.405405405405411,0.0,0.6756756756756772,2.0270270270270316
4035,Die Grünen,1750,19,1.0,1.0,2.972380275011852,1.0,1.0,2.8153153153153134,1.4224751066856385,4.960881934566139,2.151493598862018,0.5512091038406837,4.729729729729726,4.018492176386907,0.3378378378378386,0.3378378378378315,4.729729729729726,0.0,5.743243243243242,5.743243243243242
3691,bunt.saar,1750,19,1.0,1.0,3.63323850165956,1.0,1.0,3.1531531531531556,1.1557610241820768,1.1913229018492189,6.276671408250365,6.187766714082507,1.618065433854909,5.369843527738283,5.4054054054054035,1.689189189189193,2.3648648648648702,5.4054054054054035,0.6756756756756772,3.378378378378386
2668,CDU,1750,19,1.0,1.0,3.6658368895210955,1.0,0.0,3.941441441441441,4.089615931721191,4.67638691322901,3.1294452347083777,4.925320056899004,5.03200568990043,0.142247510668561,5.4054054054054035,3.7162162162162176,3.7162162162162176,2.0270270270270245,1.0135135135135087,7.770270270270274
1327,FDP,1750,19,0.0,1.0,4.196301564722621,1.0,1.0,4.166666666666667,4.409672830725462,3.1472261735419664,2.489331436699864,10.54409672830726,3.1472261735419664,1.440256045519206,4.391891891891888,5.067567567567565,4.391891891891895,1.689189189189193,3.378378378378379,6.081081081081081
1550,FDP,1750,19,1.0,1.0,3.790303461356095,0.0,1.0,6.813063063063063,2.6137980085348573,5.618776671408241,3.52062588904694,3.5384068278805216,4.694167852062591,2.7560455192034183,1.3513513513513544,6.756756756756765,10.472972972972975,3.378378378378372,6.081081081081081,12.837837837837832
2068,CDU,1750,19,1.0,0.0,3.562114746325277,1.0,0.0,1.8581081081081052,1.618065433854916,2.0270270270270316,3.5028449502133725,5.583214793741114,6.276671408250358,2.3648648648648702,1.689189189189186,0.675675675675663,0.6756756756756772,1.3513513513513473,4.391891891891888,2.3648648648648702
1213,CDU,1750,19,1.0,0.0,2.364864864864863,0.0,1.0,1.1261261261261215,1.3869132290184822,4.943100995732571,0.10668563300141898,3.022759601706973,3.2539118065433854,1.475817923186348,0.3378378378378244,0.6756756756756701,0.3378378378378315,2.364864864864856,1.689189189189193,1.3513513513513544
1714,Die Grünen,1750,19,1.0,1.0,3.956258890469415,1.0,1.0,1.745495495495496,2.507112375533424,5.885490753911803,1.3513513513513544,1.8847795163584635,7.04125177809388,5.067567567567565,3.378378378378379,0.0,0.6756756756756772,4.729729729729726,1.3513513513513544,0.3378378378378386
1910,SPD,1750,19,0.0,0.0,6.744902797534377,0.0,0.0,3.3220720720720727,11.966571834992884,7.201280227596023,2.6315789473684177,7.663584637268848,6.258890469416791,4.747510668563301,2.364864864864856,1.0135135135135087,4.054054054054063,1.3513513513513473,3.7162162162162247,7.432432432432435
2838,FDP,1750,19,1.0,1.0,2.7678994784257966,0.0,1.0,6.475225225225226,1.689189189189193,4.196301564722617,5.174253200568991,2.0803698435277482,2.5960170697012828,0.8712660028449477,1.0135135135135158,6.756756756756758,7.432432432432435,4.391891891891902,6.418918918918912,12.837837837837832
2748,bunt.saar,1750,19,1.0,1.0,2.7797534376481763,1.0,1.0,2.7590090090090094,0.12446657183500065,5.707681365576121,4.587482219061172,2.578236130867701,1.8136557610241795,1.8669985775248819,5.067567567567572,2.0270270270270316,1.0135135135135158,3.7162162162162105,2.702702702702709,2.0270270270270174
1734,bunt.saar,1750,19,1.0,0.0,3.9236605026078677,1.0,0.0,2.8716216216216233,6.098862019914655,5.298719772403977,1.3335704125177799,0.08890469416784441,10.561877667140813,0.16002844950213557,2.0270270270270316,1.3513513513513473,5.743243243243242,2.3648648648648702,1.013513513513523,4.729729729729726
3321,FDP,1750,19,1.0,0.0,2.7708629682313863,1.0,0.0,0.7882882882882912,3.378378378378372,0.07112375533427695,2.3115220483641536,4.747510668563301,4.694167852062591,1.4224751066856243,1.3513513513513544,1.013513513513523,1.0135135135135158,0.3378378378378386,0.6756756756756843,0.3378378378378315
3146,Die Grünen,1750,19,1.0,0.0,5.802513039355148,1.0,0.0,1.6328828828828807,8.677098150782356,0.5867709815078399,7.04125177809388,3.3605974395448044,10.241820768136563,4.9075391180654435,1.3513513513513473,3.378378378378372,1.0135135135135016,2.364864864864856,0.6756756756756843,1.013513513513523
5148,FDP,1750,19,1.0,1.0,3.8851351351351333,1.0,1.0,2.2522522522522515,5.903271692745371,2.400426742532005,0.4267425320056901,7.805832147937416,3.449502133712656,3.3250355618776624,2.0270270270270245,3.7162162162162176,0.0,0.3378378378378386,3.7162162162162176,3.7162162162162105
974,Die Grünen,1750,19,0.0,1.0,4.620080606922714,1.0,0.0,4.166666666666664,3.9651493598862118,2.631578947368425,3.0049786628734054,5.689900426742533,9.157183499288756,3.271692745376953,4.054054054054056,3.7162162162162105,4.391891891891888,5.4054054054054035,3.378378378378379,4.054054054054049
2690,FDP,1750,19,0.0,1.0,3.3161450924608835,1.0,1.0,2.9279279279279273,0.3022759601707037,0.17780938833571014,6.614509246088197,4.694167852062584,7.361308677098151,0.7467994310099542,3.0405405405405403,1.3513513513513544,6.756756756756751,1.689189189189193,1.3513513513513473,3.378378378378379
2831,bunt.saar,1750,19,1.0,1.0,2.6434329065908044,1.0,0.0,4.6171171171171155,0.1955903271692847,1.3157894736842124,3.6806543385490826,1.2446657183499283,8.214793741109531,1.2091038406827863,4.054054054054056,0.3378378378378386,4.054054054054056,6.081081081081081,6.081081081081074,7.094594594594589
4472,Die Grünen,1750,19,0.0,1.0,1.7543859649122833,0.0,1.0,2.8153153153153156,0.12446657183499354,2.6493598862019923,0.2489331436699942,0.7467994310099613,4.711948790896166,2.044807965860592,6.418918918918919,1.3513513513513544,3.0405405405405475,3.7162162162162176,0.3378378378378386,2.0270270270270174
4213,CDU,1750,19,1.0,1.0,2.9397818871503083,0.0,1.0,2.083333333333331,0.4978662873399742,4.320768136557611,2.044807965860592,4.42745376955903,2.773826458036986,3.5739687055476566,0.3378378378378386,1.0135135135135087,3.378378378378372,0.6756756756756772,3.378378378378372,3.7162162162162176
593,SPD,1750,19,1.0,1.0,2.6819582740635397,1.0,1.0,3.0405405405405417,1.3335704125177799,3.0761024182076824,1.262446657183503,5.1209103840682815,3.1472261735419664,2.151493598862025,1.3513513513513544,3.7162162162162105,3.0405405405405332,1.689189189189193,4.054054054054063,4.391891891891895
3005,bunt.saar,1750,19,1.0,1.0,4.925320056899,1.0,1.0,1.5202702702702702,2.364864864864863,4.374110953058313,8.285917496443815,5.867709815078236,6.223328591749635,2.43598862019914,1.0135135135135158,1.3513513513513544,0.675675675675663,0.6756756756756701,3.0405405405405475,2.3648648648648702
3052,Die Grünen,1750,19,1.0,0.0,6.377430061640588,1.0,1.0,1.8018018018018012,1.2091038406827934,9.157183499288756,7.734708392603132,2.258179231863444,9.619487908961581,8.285917496443822,1.0135135135135158,1.689189189189186,2.0270270270270174,2.0270270270270316,2.0270270270270245,2.0270270270270316
2154,CDU,1750,19,0.0,1.0,3.8288288288288315,0.0,1.0,2.8153153153153148,1.653627311522051,3.0761024182076824,8.445945945945951,0.9779516358463738,3.9651493598862046,4.854196301564727,0.0,1.3513513513513544,3.7162162162162176,3.0405405405405332,4.729729729729726,4.054054054054056
4769,bunt.saar,1750,19,1.0,0.0,4.5252489331436685,1.0,1.0,1.2387387387387356,1.3869132290184822,0.12446657183498644,6.507823613086771,5.7610241820768096,10.384068278805131,2.987197724039831,0.3378378378378457,0.675675675675663,1.6891891891891788,0.3378378378378386,1.689189189189193,2.7027027027026946
180,bunt.saar,1750,19,1.0,0.0,4.768255097202463,1.0,0.0,1.1824324324324327,3.200568990042669,5.778805120910384,2.293741109530586,3.52062588904694,12.037695590327168,1.7780938833570303,1.0135135135135158,1.0135135135135016,1.0135135135135158,0.3378378378378386,1.689189189189193,2.0270270270270316
725,CDU,1750,19,1.0,1.0,5.731389284020864,1.0,1.0,1.5765765765765813,0.6223328591749677,1.2268847795163538,4.996443812233295,8.570412517780944,16.78520625889047,2.187055476529153,0.6756756756756843,2.702702702702709,1.013513513513523,0.6756756756756772,3.378378378378379,1.0135135135135158
2021,SPD,1750,19,1.0,1.0,3.6569464201043154,0.0,1.0,3.1531531531531507,3.271692745376953,2.3648648648648702,6.116642958748223,0.2489331436699871,4.480796586059739,5.45874822190612,3.7162162162162176,2.0270270270270316,4.054054054054049,2.0270270270270245,3.7162162162162105,3.378378378378372
