person_id,true_best_party,n_train,n_items_asked_50,obs_top1,obs_top3,obs_mae_mean,pred_top1,pred_top3,pred_mae_mean,obs_mae_CDU,obs_mae_DIE LINKE,obs_mae_Die Grünen,obs_mae_FDP,obs_mae_SPD,obs_mae_bunt.saar,pred_mae_CDU,pred_mae_DIE LINKE,pred_mae_Die Grünen,pred_mae_FDP,pred_mae_SPD,pred_mae_bunt.saar
118,CDU,2250,19,1.0,0.0,4.000711237553343,1.0,0.0,1.8581081081081063,1.1024182076813673,2.5960170697012828,2.3826458036984377,12.162162162162161,1.724751066856328,4.036273115220482,0.3378378378378244,5.405405405405411,0.0,0.6756756756756701,0.3378378378378457,4.391891891891888
1588,FDP,2250,19,0.0,1.0,4.528212422949262,1.0,1.0,1.1824324324324327,1.1557610241820626,6.169985775248932,3.3605974395448044,9.886201991465143,1.475817923186348,5.1209103840682815,1.689189189189193,0.0,1.3513513513513544,0.6756756756756701,2.364864864864863,1.0135135135135158
919,SPD,2250,19,0.0,0.0,3.74288762446657,0.0,1.0,1.3513513513513533,8.677098150782356,0.9068278805120897,1.9203413940255984,2.435988620199147,6.596728307254629,1.9203413940255984,0.3378378378378386,1.3513513513513544,3.7162162162162247,0.3378378378378386,0.6756756756756701,1.689189189189193
2723,CDU,2250,19,1.0,1.0,3.508771929824563,1.0,0.0,2.7590090090090094,5.280938833570417,3.413940256045514,5.654338549075398,1.5647226173541924,0.9068278805120897,4.231863442389766,6.418918918918919,1.0135135135135158,0.3378378378378386,5.4054054054054035,0.3378378378378386,3.0405405405405403
2630,CDU,2250,19,0.0,1.0,3.4672830725462283,1.0,1.0,1.745495495495497,7.183499288762434,5.1920341394025655,1.5825035561877598,0.12446657183499354,3.236130867709811,3.485064011379805,1.3513513513513544,2.7027027027027017,0.3378378378378386,6.081081081081088,0.0,0.0
1106,FDP,2250,19,1.0,0.0,5.550616405879567,1.0,1.0,3.659909909909905,9.58392603129446,4.480796586059739,8.979374110953067,2.4893314366998567,2.3293029871977353,5.4409672830725455,1.0135135135135158,4.054054054054049,4.054054054054049,1.0135135135135016,5.405405405405396,6.418918918918919
4764,FDP,2250,19,1.0,0.0,6.463371266002848,1.0,1.0,1.7454954954955006,6.881223328591759,4.302987197724036,4.125177809388333,7.076813655761022,7.948079658605984,8.445945945945951,0.3378378378378386,1.013513513513523,1.689189189189193,1.3513513513513544,2.702702702702709,3.378378378378386
3782,DIE LINKE,2250,19,1.0,1.0,3.073138928402083,1.0,0.0,5.236486486486487,6.472261735419629,2.3470839260312886,4.889758179231862,0.7112375533428192,3.5384068278805074,0.4800853485063925,10.135135135135137,4.054054054054056,1.0135135135135087,11.148648648648653,3.7162162162162176,1.3513513513513473
2758,Die Grünen,2250,19,0.0,0.0,6.424845898530108,1.0,1.0,1.0698198198198199,2.86273115220483,6.632290184921764,9.726173541963014,0.32005689900426404,10.9352773826458,8.07254623044097,3.0405405405405403,1.013513513513523,0.0,1.3513513513513544,0.675675675675663,0.3378378378378386
1618,Die Grünen,2250,19,1.0,0.0,4.2081555239449955,1.0,0.0,1.463963963963966,0.9423897581792318,3.2894736842105345,3.3250355618776624,9.281650071123742,2.9694167852062563,5.4409672830725455,1.689189189189186,0.0,1.013513513513523,1.0135135135135087,2.0270270270270316,3.0405405405405475
4886,SPD,2250,19,0.0,1.0,5.27501185395922,0.0,1.0,1.5765765765765754,6.792318634423893,9.548364153627304,2.0981507823613015,2.1337126600284577,6.721194879089616,4.356330014224746,2.0270270270270174,1.689189189189186,1.0135135135135158,1.013513513513523,3.0405405405405332,0.6756756756756772
3260,Die Grünen,2250,19,0.0,1.0,3.073138928402082,1.0,1.0,2.2522522522522515,3.520625889046933,1.7069701280227676,2.00924608819345,3.1294452347083777,6.116642958748223,1.9559032716927405,0.3378378378378386,2.702702702702709,3.378378378378379,0.3378378378378244,4.391891891891888,2.3648648648648702
3339,CDU,2250,19,0.0,0.0,2.8034613560929316,0.0,0.0,2.984234234234234,5.618776671408241,2.6493598862019923,0.40896159317212266,2.2403982930298625,1.973684210526315,3.9295874822190555,3.0405405405405403,3.0405405405405475,5.405405405405411,3.0405405405405332,3.378378378378372,0.0
2972,DIE LINKE,2250,19,0.0,0.0,8.09032716927454,1.0,0.0,2.364864864864869,3.200568990042669,9.58392603129446,7.876955903271693,2.0625889046941666,16.67852062588905,9.139402560455203,2.3648648648648702,2.3648648648648702,1.3513513513513544,1.689189189189193,3.7162162162162176,2.702702702702709
989,FDP,2250,19,1.0,0.0,4.412636320531056,1.0,1.0,1.3513513513513533,8.108108108108105,5.298719772403977,2.2048364153627347,6.098862019914655,3.876244665718346,0.8890469416785152,1.3513513513513544,2.7027027027027017,1.0135135135135158,1.689189189189193,0.3378378378378386,1.0135135135135158
2141,SPD,2250,19,0.0,1.0,3.6717638691322896,0.0,1.0,1.576576576576579,3.4672830725462234,0.6223328591749677,0.3022759601707037,4.19630156472261,5.636557610241823,7.805832147937409,2.7027027027027017,3.378378378378379,1.3513513513513473,0.6756756756756772,0.6756756756756843,0.6756756756756843
2948,SPD,2250,19,1.0,1.0,2.9397818871503127,1.0,1.0,2.8716216216216246,2.1337126600284577,1.831436699857747,4.978662873399728,5.1564722617354235,3.200568990042683,0.3378378378378386,3.0405405405405475,6.081081081081081,0.0,1.3513513513513473,3.0405405405405475,3.7162162162162247
2322,Die Grünen,2250,19,1.0,0.0,5.84400189663348,1.0,0.0,1.9707207207207194,4.765291607396875,5.4409672830725455,5.600995732574688,0.8712660028449548,9.868421052631582,8.517069701280235,2.7027027027026946,3.0405405405405475,1.0135135135135087,1.3513513513513473,1.0135135135135087,2.702702702702709
2073,CDU,2250,19,1.0,0.0,1.6595542911332426,0.0,0.0,2.4211711711711694,1.9914651493598896,3.876244665718353,1.2091038406827934,1.9914651493598896,0.1955903271692847,0.6934566145092447,0.3378378378378386,0.0,1.0135135135135158,2.0270270270270245,6.081081081081074,5.067567567567565
1802,Die Grünen,2250,19,1.0,1.0,7.2072072072072055,1.0,1.0,2.083333333333337,1.3869132290184822,6.436699857752494,9.726173541963014,3.7517780938833525,11.34423897581793,10.597439544807962,3.378378378378393,0.3378378378378386,2.3648648648648702,3.7162162162162176,1.3513513513513544,1.3513513513513473
2079,Die Grünen,2250,19,1.0,0.0,6.196657183499286,1.0,0.0,1.745495495495497,1.4935988620199083,2.3470839260312957,7.183499288762434,2.86273115220483,14.580369843527748,8.712660028449498,1.3513513513513473,0.6756756756756772,2.3648648648648702,1.3513513513513473,2.3648648648648702,2.3648648648648702
166,FDP,2250,19,1.0,1.0,6.294452347083925,1.0,1.0,2.8153153153153134,3.8229018492176436,7.2724039829302995,5.4054054054054035,5.778805120910384,8.37482219061166,7.112375533428157,5.743243243243235,0.0,4.054054054054056,1.3513513513513402,0.6756756756756772,5.067567567567572
703,DIE LINKE,2250,19,1.0,0.0,2.8805120910384083,0.0,1.0,1.2950450450450492,0.053342816500716594,1.9203413940255984,0.9068278805120897,5.174253200568991,5.600995732574688,3.627311522048366,2.702702702702709,1.689189189189193,0.3378378378378457,0.6756756756756772,0.6756756756756772,1.689189189189193
3381,Die Grünen,2250,19,1.0,0.0,6.990872451398765,1.0,1.0,2.477477477477482,1.1557610241820626,11.504267425320059,6.205547652916067,3.3961593172119393,12.28662873399717,7.396870554765293,0.3378378378378457,4.054054054054056,2.3648648648648702,3.378378378378372,3.378378378378393,1.3513513513513544
3041,SPD,2250,19,1.0,0.0,4.762328117591273,1.0,0.0,4.391891891891892,9.014935988620195,1.4224751066856385,1.5647226173541924,11.308677098150774,1.831436699857747,3.4317211948790884,0.3378378378378386,3.0405405405405403,7.432432432432435,2.364864864864856,5.743243243243249,7.432432432432435
1336,bunt.saar,2250,19,1.0,0.0,3.6717638691322882,1.0,0.0,1.9707207207207216,1.7069701280227676,0.1422475106685539,8.730440967283073,1.4580369843527734,5.209815078236119,4.783072546230443,3.378378378378379,2.0270270270270245,0.3378378378378386,0.6756756756756772,1.689189189189186,3.7162162162162247
4555,bunt.saar,2250,19,1.0,0.0,8.223684210526313,1.0,1.0,0.7319819819819825,1.2268847795163538,3.9295874822190555,10.579658605974402,2.3470839260312957,19.630156472261724,11.628733997155052,0.3378378378378386,1.0135135135135158,0.6756756756756772,1.0135135135135087,0.675675675675663,0.6756756756756914
4307,FDP,2250,19,0.0,1.0,4.747510668563297,1.0,1.0,1.1824324324324362,4.338549075391185,2.8449502133712627,2.7916073968705533,12.037695590327168,1.0312944523470762,5.440967283072538,1.013513513513523,0.3378378378378386,2.027027027027028,0.6756756756756772,2.702702702702709,0.33783783783784216
378,CDU,2250,19,1.0,1.0,3.0790659080132747,1.0,1.0,3.3220720720720713,1.4580369843527734,1.0490753911806578,0.23115220483641252,6.899004267425312,5.565433854907539,3.271692745376953,0.3378378378378386,5.067567567567565,3.0405405405405403,2.7027027027027017,3.0405405405405475,5.743243243243235
1251,CDU,2250,19,1.0,0.0,2.702702702702703,1.0,1.0,1.3513513513513484,2.258179231863444,2.8449502133712556,2.560455192034155,0.16002844950213557,4.534139402560456,3.8584637268847715,2.364864864864863,1.3513513513513544,0.675675675675663,3.0405405405405475,0.3378378378378244,0.3378378378378386
4206,FDP,2250,19,1.0,0.0,3.2420578473210035,0.0,1.0,2.9279279279279287,4.640825035561882,0.21337126600283796,3.058321479374108,3.6806543385490826,4.19630156472261,3.662873399715501,1.0135135135135087,3.0405405405405403,4.391891891891895,2.702702702702709,2.364864864864863,4.054054054054056
259,SPD,2250,19,0.0,1.0,7.5065196775723075,0.0,0.0,5.0112612612612635,7.219061166429583,5.600995732574681,8.55263157894737,6.009957325746804,4.142958748221901,13.513513513513509,6.418918918918919,0.3378378378378386,5.067567567567565,6.418918918918926,4.7297297297297405,7.094594594594589
2802,Die Grünen,2250,19,0.0,0.0,6.190730203888101,1.0,1.0,1.6328828828828843,2.3470839260312886,10.06401137980086,5.0497866287340045,1.5647226173541924,12.606685633001433,5.51209103840683,1.0135135135135087,0.0,1.6891891891891788,4.391891891891895,0.6756756756756914,2.0270270270270316
142,FDP,2250,19,1.0,1.0,6.82491702228544,1.0,0.0,2.6463963963964,7.183499288762434,3.662873399715501,10.348506401137982,3.4672830725462234,7.2368421052631575,9.050497866287344,2.0270270270270316,4.391891891891888,3.378378378378386,3.7162162162162247,2.0270270270270316,0.3378378378378386
2557,bunt.saar,2250,19,1.0,1.0,6.018847795163587,1.0,1.0,2.5337837837837838,2.5960170697012828,3.8940256045519206,8.125889046941687,5.832147937411094,6.756756756756758,8.908250355618776,2.0270270270270245,2.0270270270270316,4.054054054054049,1.0135135135135158,5.067567567567565,1.0135135135135158
2131,bunt.saar,2250,19,1.0,1.0,5.040896159317214,0.0,0.0,2.083333333333331,4.12517780938834,5.352062588904687,5.0853485064011394,4.925320056899011,5.636557610241823,5.1209103840682815,1.0135135135135158,3.0405405405405332,4.054054054054063,0.3378378378378386,3.0405405405405332,1.0135135135135016
3182,FDP,2250,19,0.0,1.0,5.648411569464204,1.0,1.0,1.238738738738738,5.529871977240397,0.9601706970128063,1.6002844950213415,12.891180654338555,10.277382645803698,2.631578947368425,1.3513513513513615,0.0,1.3513513513513473,1.0135135135135016,3.0405405405405403,0.6756756756756772
2908,DIE LINKE,2250,19,0.0,0.0,4.563774300616412,0.0,0.0,2.8153153153153134,2.809388335704128,2.560455192034155,8.659317211948789,2.560455192034155,9.03271692745377,1.760312944523477,6.418918918918919,0.3378378378378244,2.702702702702709,3.378378378378372,4.054054054054056,0.0
4585,bunt.saar,2250,19,1.0,1.0,4.916429587482216,1.0,0.0,1.5765765765765767,3.1294452347083777,5.796586059743959,6.543385490753906,3.4672830725462305,7.0945945945945965,3.4672830725462234,3.378378378378372,1.689189189189193,0.3378378378378386,3.0405405405405403,0.3378378378378386,0.6756756756756772
806,bunt.saar,2250,19,0.0,0.0,5.4202228544333835,1.0,1.0,1.914414414414414,1.973684210526315,4.285206258890469,4.249644381223334,5.1920341394025655,10.91749644381224,5.903271692745378,0.0,0.0,3.378378378378386,0.3378378378378386,4.391891891891888,3.378378378378372
268,Die Grünen,2250,19,1.0,0.0,6.2470365101944045,1.0,0.0,1.4639639639639614,2.880512091038412,2.418207681365587,7.965860597439544,5.014224751066855,13.65576102418207,5.547652916073957,2.364864864864863,2.0270270270270174,2.0270270270270174,1.3513513513513544,0.0,1.0135135135135158
4914,FDP,2250,19,0.0,1.0,4.73565670934092,1.0,1.0,2.5900900900900865,1.2446657183499354,2.4182076813655797,4.960881934566139,10.188477951635846,4.694167852062591,4.907539118065429,2.364864864864856,0.6756756756756772,3.378378378378372,1.0135135135135158,2.7027027027027017,5.405405405405396
2092,CDU,2250,19,1.0,1.0,4.584518729255572,0.0,1.0,1.126126126126124,6.241109530583209,3.556187766714089,1.6180654338549019,10.152916073968711,5.085348506401132,0.8534850640113874,0.3378378378378386,0.3378378378378315,1.0135135135135087,2.364864864864863,0.0,2.7027027027027017
3327,CDU,2250,19,1.0,1.0,3.416903745851112,1.0,0.0,1.2387387387387392,0.5334281650071233,5.4765291607396875,1.1557610241820626,4.551920341394016,2.916073968705547,5.867709815078236,0.0,0.6756756756756772,2.3648648648648702,2.0270270270270245,0.3378378378378386,2.0270270270270245
525,Die Grünen,2250,19,1.0,0.0,3.7606685633001398,1.0,1.0,1.6891891891891906,0.26671408250354744,1.0490753911806578,5.4054054054054035,6.845661450924595,4.000711237553347,4.996443812233288,0.3378378378378386,2.0270270270270316,1.0135135135135016,3.7162162162162176,2.0270270270270316,1.013513513513523
1272,CDU,2250,19,1.0,0.0,4.163703176861066,1.0,1.0,0.3941441441441391,1.2446657183499354,3.1294452347083777,2.933854907539107,11.682076813655755,3.876244665718353,2.115931721194869,1.0135135135135087,0.3378378378378244,0.675675675675663,0.0,0.0,0.3378378378378386
839,FDP,2250,19,1.0,1.0,3.117591275486015,1.0,1.0,1.3513513513513473,5.707681365576114,4.925320056899011,2.1692745376955926,1.5825035561877598,2.5248933143669987,1.795874822190612,1.0135135135135016,0.3378378378378386,3.378378378378386,0.675675675675663,0.6756756756756701,2.0270270270270245
1920,SPD,2250,19,0.0,0.0,5.269084874348035,0.0,1.0,1.6328828828828807,8.108108108108105,0.9779516358463738,5.636557610241823,1.0490753911806578,10.579658605974402,5.26315789473685,3.378378378378379,2.7027027027026946,2.0270270270270174,0.0,0.0,1.689189189189193
2440,bunt.saar,2250,19,1.0,0.0,4.815670934091986,1.0,1.0,0.9572072072072046,1.973684210526315,3.1472261735419664,5.494310099573255,7.112375533428157,8.125889046941687,3.0405405405405332,1.3513513513513473,0.3378378378378386,1.6891891891891788,1.689189189189186,0.3378378378378386,0.3378378378378386
3090,Die Grünen,2250,19,1.0,1.0,2.741228070175436,1.0,0.0,4.560810810810807,3.5028449502133725,4.67638691322901,1.795874822190612,0.9779516358463738,4.943100995732571,0.5512091038406766,4.054054054054049,0.0,9.121621621621614,1.0135135135135158,7.0945945945945965,6.0810810810810665
741,FDP,2250,19,1.0,0.0,4.626007586533902,1.0,1.0,0.33783783783783977,6.934566145092461,5.832147937411094,2.916073968705547,6.721194879089616,2.720483641536269,2.631578947368425,0.6756756756756843,0.0,0.3378378378378386,0.3378378378378386,0.0,0.6756756756756772
1133,Die Grünen,2250,19,1.0,0.0,4.220009483167377,1.0,1.0,0.6756756756756749,3.556187766714082,1.6002844950213486,6.063300142247506,0.8357041251778057,9.228307254623047,4.0362731152204745,1.0135135135135087,1.3513513513513473,0.3378378378378386,0.6756756756756772,0.6756756756756772,0.0
1219,FDP,2250,19,1.0,1.0,2.8538406827880514,1.0,1.0,3.6599099099099135,1.2268847795163538,1.475817923186348,5.494310099573255,0.9246088193456643,2.6671408250355597,5.3342816500711265,7.432432432432435,2.0270270270270316,0.3378378378378386,8.78378378378379,1.3513513513513544,2.0270270270270316
5100,CDU,2250,19,1.0,0.0,3.002015173067805,0.0,0.0,4.954954954954953,4.960881934566139,0.426742532005683,0.1955903271692847,6.827880512091042,4.694167852062591,0.9068278805120897,2.7027027027026946,5.067567567567565,8.108108108108112,4.391891891891895,5.4054054054054035,4.054054054054049
3807,DIE LINKE,2250,19,0.0,1.0,4.729729729729729,0.0,1.0,3.941441441441435,4.87197724039828,8.641536273115221,2.809388335704128,1.2802275960170704,5.387624466571836,5.387624466571836,5.743243243243228,6.418918918918912,2.364864864864863,4.391891891891881,1.689189189189186,3.0405405405405403
4621,CDU,2250,19,1.0,1.0,5.775841631104789,0.0,1.0,2.0833333333333326,6.685633001422481,4.925320056899011,3.200568990042669,11.931009957325742,7.04125177809388,0.8712660028449477,4.7297297297297405,0.0,0.6756756756756772,2.7027027027026946,0.6756756756756701,3.716216216216214
3315,Die Grünen,2250,19,0.0,0.0,9.471313418681836,0.0,0.0,3.7725225225225194,4.960881934566139,5.992176386913229,11.024182076813652,4.783072546230443,18.189900426742525,11.877667140825032,3.378378378378379,3.0405405405405332,4.391891891891888,4.054054054054063,5.405405405405396,2.364864864864856
3185,Die Grünen,2250,19,1.0,0.0,8.042911332385016,0.0,0.0,3.1531531531531534,4.729729729729726,5.974395448079662,5.45874822190612,5.334281650071119,16.251778093883352,10.50853485064011,3.378378378378379,0.3378378378378386,5.067567567567565,3.0405405405405475,3.0405405405405332,4.054054054054056
4461,bunt.saar,2250,19,1.0,1.0,4.350403034613559,1.0,1.0,1.2950450450450457,0.3378378378378386,2.7738264580369787,6.703413940256041,4.2496443812233196,4.943100995732578,7.0945945945945965,1.0135135135135158,1.689189189189193,0.6756756756756772,2.0270270270270174,2.0270270270270316,0.3378378378378386
4848,SPD,2250,19,1.0,0.0,4.623044096728306,1.0,1.0,1.8581081081081077,1.618065433854909,6.081081081081088,6.899004267425312,1.831436699857747,6.827880512091042,4.480796586059739,1.3513513513513473,2.0270270270270174,1.3513513513513473,2.0270270270270316,4.391891891891902,0.0
2344,bunt.saar,2250,19,1.0,0.0,5.334281650071126,1.0,1.0,3.1531531531531543,0.7823613086771033,0.07112375533426984,6.97012802275961,0.4267425320056901,13.371266002844948,10.384068278805131,3.378378378378386,0.6756756756756772,3.0405405405405475,3.378378378378379,4.054054054054035,4.391891891891902
4593,bunt.saar,2250,19,1.0,0.0,4.193338074917025,1.0,1.0,1.632882882882883,0.017780938833574567,1.2091038406827863,7.610241820768145,5.51209103840683,6.258890469416791,4.551920341394023,5.405405405405411,0.3378378378378386,0.6756756756756772,0.0,1.689189189189193,1.6891891891891788
1052,SPD,2250,19,1.0,1.0,6.910858226647704,1.0,1.0,2.59009009009009,0.7823613086770962,6.952347083926043,11.77098150782362,2.009246088193457,12.215504978662878,7.734708392603132,1.3513513513513473,0.6756756756756772,5.4054054054054035,0.0,6.081081081081095,2.0270270270270174
44,FDP,2250,19,1.0,1.0,4.371147463252723,1.0,1.0,2.8153153153153148,5.903271692745371,1.0668563300142253,1.902560455192031,7.6635846372688405,2.115931721194876,7.574679943100996,2.3648648648648702,1.3513513513513544,3.7162162162162176,1.6891891891891788,3.378378378378379,4.391891891891888
1276,bunt.saar,2250,19,0.0,0.0,4.919393077287814,1.0,1.0,0.8445945945945965,1.1201991465149348,0.46230440967282505,1.3869132290184751,5.067567567567565,13.015647226173549,8.463726884779533,0.6756756756756701,1.3513513513513544,1.3513513513513686,0.6756756756756701,0.6756756756756772,0.3378378378378386
2600,bunt.saar,2250,19,1.0,1.0,6.5819108582266495,1.0,1.0,1.5202702702702666,1.1024182076813673,6.116642958748223,7.770270270270274,0.6401137980085352,12.837837837837839,11.02418207681366,1.689189189189186,1.689189189189193,0.0,1.0135135135135087,2.7027027027026946,2.0270270270270174
3862,SPD,2250,19,0.0,0.0,3.9977477477477485,1.0,1.0,2.139639639639642,2.5426742532005733,5.245376955903275,3.0049786628734054,0.8357041251778057,8.60597439544808,3.7517780938833525,0.0,1.689189189189193,3.0405405405405403,3.0405405405405475,3.0405405405405403,2.0270270270270316
1732,SPD,2250,19,1.0,0.0,3.7577050734945465,1.0,0.0,4.27927927927928,3.1116642958748244,4.267425320056894,5.618776671408241,2.275960170697026,3.200568990042669,4.071834992887624,2.0270270270270316,5.4054054054054035,2.3648648648648702,7.0945945945945965,1.0135135135135087,7.770270270270274
3897,Die Grünen,2250,19,0.0,0.0,6.869369369369365,0.0,1.0,1.6328828828828819,0.03556187766713492,1.5825035561877598,8.961593172119478,6.418918918918919,16.251778093883352,7.965860597439544,0.3378378378378386,1.689189189189193,3.378378378378372,0.6756756756756772,2.3648648648648702,1.3513513513513402
926,bunt.saar,2250,19,1.0,0.0,5.7936225699383606,1.0,1.0,0.7882882882882853,1.0668563300142253,3.6806543385490826,7.82361308677099,3.8229018492176365,11.717638691322904,6.650071123755325,0.3378378378378386,1.3513513513513615,0.3378378378378244,2.364864864864863,0.3378378378378244,0.0
3490,FDP,2250,19,1.0,1.0,4.37411095305832,1.0,1.0,2.3085585585585577,7.147937411095306,1.2624466571834958,4.871977240398294,8.961593172119485,1.6358463726884764,2.364864864864863,2.7027027027027017,1.0135135135135158,4.054054054054056,3.0405405405405332,0.3378378378378386,2.7027027027027017
3581,CDU,2250,19,1.0,0.0,3.0435040303461336,0.0,0.0,2.871621621621626,0.6223328591749677,3.556187766714082,3.022759601706973,5.8321479374110865,3.271692745376953,1.9559032716927405,0.0,2.3648648648648702,6.4189189189189335,3.378378378378379,3.0405405405405475,2.0270270270270245
4554,CDU,2250,19,1.0,0.0,3.8821716453295423,1.0,1.0,1.2387387387387367,1.0312944523470904,5.707681365576107,1.3157894736842124,5.95661450924608,6.596728307254629,2.6849217638691343,2.0270270270270174,0.0,1.3513513513513473,1.3513513513513473,2.364864864864863,0.3378378378378457
3105,CDU,2250,19,1.0,0.0,5.974395448079659,1.0,0.0,3.040540540540539,6.13442389758179,4.356330014224753,9.050497866287337,3.4317211948790884,7.450213371266003,5.423186344238985,2.364864864864863,1.3513513513513544,4.054054054054042,3.7162162162162176,3.0405405405405403,3.7162162162162176
2293,FDP,2250,19,1.0,1.0,3.123518255097201,1.0,1.0,1.4076576576576585,9.423897581792318,1.3335704125177799,2.8805120910384083,0.8001422475106637,3.0049786628733983,1.2980085348506378,1.689189189189193,0.6756756756756772,1.3513513513513544,2.0270270270270316,0.6756756756756701,2.0270270270270245
13,SPD,2250,19,0.0,0.0,5.215742057847321,0.0,0.0,3.7725225225225194,4.071834992887624,1.0312944523470833,11.024182076813645,2.080369843527741,6.952347083926043,6.13442389758179,5.4054054054054035,3.0405405405405332,3.378378378378372,4.729729729729726,5.405405405405411,0.6756756756756701
4893,CDU,2250,19,0.0,1.0,0.9009009009009054,1.0,0.0,3.153153153153157,0.9779516358463738,0.3378378378378386,0.1955903271692847,0.40896159317212266,2.009246088193457,1.475817923186355,0.0,0.0,5.743243243243249,1.3513513513513544,7.0945945945945965,4.7297297297297405
2577,FDP,2250,19,0.0,0.0,7.817686107159787,1.0,1.0,2.0833333333333344,3.7517780938833525,6.561166429587473,8.80156472261735,11.984352773826451,5.014224751066855,10.79302987197724,4.391891891891895,1.3513513513513544,0.6756756756756772,2.3648648648648702,2.364864864864863,1.3513513513513473
3244,bunt.saar,2250,19,1.0,0.0,6.436699857752487,1.0,0.0,1.520270270270269,6.899004267425319,4.480796586059739,8.623755334281647,1.5291607396870575,12.731152204836413,4.356330014224746,0.0,2.7027027027026946,0.3378378378378244,3.0405405405405403,1.013513513513523,2.0270270270270316
2474,CDU,2250,19,0.0,0.0,2.5663821716453312,1.0,1.0,1.0698198198198188,3.662873399715508,0.7645803698435216,1.1735419630156443,0.6223328591749677,2.8271692745377024,6.347795163584642,0.0,2.7027027027027017,1.3513513513513473,0.0,1.689189189189186,0.6756756756756772
284,Die Grünen,2250,19,1.0,0.0,7.971787577050736,1.0,1.0,1.126126126126125,0.8357041251778057,9.743954480796589,7.82361308677099,4.463015647226172,13.673541963015644,11.290896159317214,0.3378378378378457,0.0,2.364864864864856,0.6756756756756772,0.6756756756756772,2.7027027027026946
4586,DIE LINKE,2250,19,0.0,1.0,4.949027975343763,0.0,1.0,4.335585585585588,1.1024182076813602,6.899004267425312,10.366287339971542,0.9957325746799413,2.9338549075391214,7.3968705547653,4.729729729729733,2.7027027027027017,5.4054054054054035,5.067567567567565,5.067567567567579,3.0405405405405475
2350,FDP,2250,19,0.0,1.0,4.688240872451398,1.0,1.0,1.7454954954954978,0.4800853485063925,2.5960170697012828,3.0405405405405403,15.256045519203411,4.943100995732571,1.8136557610241866,5.067567567567565,0.6756756756756843,1.689189189189193,2.0270270270270316,0.3378378378378386,0.6756756756756737
630,Die Grünen,2250,19,1.0,1.0,7.906590801327643,1.0,1.0,0.6756756756756772,4.142958748221908,3.7162162162162105,7.3790896159317185,4.480796586059739,16.180654338549083,11.5398293029872,0.0,0.3378378378378528,0.6756756756756772,1.689189189189193,0.675675675675663,0.6756756756756772
4868,bunt.saar,2250,19,1.0,0.0,7.580606922712186,1.0,1.0,2.195945945945944,1.3513513513513473,1.7780938833570303,14.43812233285918,1.5291607396870575,17.674253200568998,8.712660028449505,0.6756756756756843,0.675675675675663,3.7162162162162105,2.0270270270270245,4.391891891891902,1.6891891891891788
3285,FDP,2250,19,1.0,1.0,3.704362256993834,1.0,1.0,1.576576576576578,8.036984352773828,0.3911806543385481,0.0711237553342805,12.304409672830715,0.5689900426742547,0.8534850640113767,0.0,1.3513513513513544,2.7027027027027053,0.0,2.7027027027027053,2.7027027027027035
1521,SPD,2250,19,1.0,0.0,4.403745851114272,1.0,1.0,1.6891891891891895,1.4402560455191917,1.8847795163584706,6.365576102418217,1.653627311522051,8.837126600284492,6.241109530583209,3.378378378378379,0.3378378378378386,0.6756756756756914,0.6756756756756701,3.7162162162162105,1.3513513513513473
4601,CDU,2250,19,1.0,0.0,7.764343290659081,1.0,0.0,3.8851351351351333,5.2275960170697005,8.801564722617357,9.121621621621621,4.480796586059739,10.152916073968711,8.801564722617357,1.3513513513513473,3.378378378378372,4.391891891891895,3.7162162162162176,4.729729729729726,5.743243243243242
1147,CDU,2250,19,0.0,0.0,3.7814129919393076,0.0,0.0,4.954954954954953,3.627311522048373,3.0405405405405403,4.19630156472261,5.903271692745371,2.2226173541963092,3.698435277382643,4.391891891891895,6.081081081081074,2.364864864864863,3.7162162162162176,6.418918918918919,6.756756756756751
5070,Die Grünen,2250,19,0.0,0.0,5.503200568990041,0.0,0.0,2.81531531531531,0.9957325746799413,5.938833570412527,6.347795163584628,1.546941678520632,8.908250355618776,9.281650071123742,1.0135135135135087,2.364864864864863,3.0405405405405332,4.054054054054056,2.364864864864856,4.054054054054042
2399,FDP,2250,19,0.0,1.0,3.9058795637743002,1.0,0.0,2.6463963963963963,2.0981507823613086,0.7112375533428192,2.631578947368425,11.877667140825032,4.623044096728307,1.4935988620199083,4.391891891891895,2.3648648648648702,4.729729729729733,2.0270270270270245,0.0,2.364864864864856
563,FDP,2250,19,1.0,1.0,3.402086296823139,1.0,1.0,1.1824324324324327,2.9871977240398238,6.667852062588906,5.2275960170697005,1.0490753911806578,3.8940256045519206,0.5867709815078257,0.0,3.0405405405405332,0.0,0.6756756756756772,0.3378378378378457,3.0405405405405403
805,SPD,2250,19,0.0,0.0,5.283902323376004,1.0,1.0,1.9144144144144153,1.7780938833570303,6.632290184921764,5.672119487908951,7.0590327169274545,7.325746799431002,3.236130867709818,3.378378378378379,2.3648648648648702,0.675675675675663,4.054054054054056,0.3378378378378386,0.6756756756756843
98,CDU,2250,19,1.0,0.0,5.01126126126126,1.0,0.0,3.490990990990992,1.0668563300142182,0.1422475106685539,11.433143669985775,0.46230440967283215,13.691322901849226,3.271692745376953,1.689189189189193,4.054054054054056,5.067567567567565,4.391891891891888,4.054054054054056,1.689189189189193
1243,CDU,2250,19,0.0,0.0,4.673423423423425,0.0,0.0,2.4774774774774784,9.60170697012802,4.125177809388333,2.9338549075391214,5.583214793741114,3.0761024182076824,2.7204836415362763,3.378378378378379,5.4054054054054035,3.378378378378386,0.6756756756756772,0.6756756756756772,1.3513513513513473
3709,bunt.saar,2250,19,1.0,0.0,5.814366998577525,1.0,0.0,1.0135135135135123,4.889758179231862,3.236130867709818,2.951635846372696,8.694879089615931,10.08179231863442,5.032005689900423,0.3378378378378457,1.3513513513513544,0.6756756756756701,0.3378378378378386,1.3513513513513473,2.0270270270270174
1299,FDP,2250,19,1.0,1.0,3.5769321953532462,1.0,1.0,1.8581081081081077,6.525604551920338,4.87197724039828,0.6578947368421098,7.752489331436699,0.9246088193456643,0.7290184921763867,2.702702702702709,0.6756756756756701,4.054054054054049,1.3513513513513402,1.3513513513513615,1.0135135135135158
413,bunt.saar,2250,19,0.0,0.0,6.027738264580371,0.0,1.0,2.871621621621621,3.5739687055476566,5.814366998577526,4.60526315789474,4.036273115220482,13.193456614509245,4.943100995732578,0.0,4.054054054054056,5.4054054054054035,0.0,5.405405405405411,2.364864864864856
1803,bunt.saar,2250,19,1.0,1.0,6.996799431009961,0.0,1.0,1.5765765765765718,4.17852062588905,1.9559032716927405,9.530583214793737,4.3029871977240575,11.77098150782362,10.241820768136563,2.0270270270270245,3.378378378378372,0.3378378378378386,0.675675675675663,0.3378378378378244,2.702702702702709
1569,FDP,2250,19,1.0,1.0,6.768610715979135,1.0,1.0,1.0135135135135134,5.4765291607396875,8.534850640113795,8.179231863442386,8.677098150782356,3.733997155049785,6.009957325746804,0.6756756756756701,0.6756756756756772,1.3513513513513509,1.3513513513513544,1.3513513513513544,0.6756756756756737
89,DIE LINKE,2250,19,0.0,0.0,4.741583688952111,0.0,0.0,3.5472972972972996,2.2226173541963092,5.636557610241823,4.87197724039828,5.352062588904694,7.876955903271693,2.489331436699864,3.0405405405405403,4.729729729729733,1.689189189189186,5.743243243243249,5.405405405405411,0.6756756756756772
1341,Die Grünen,2250,19,1.0,0.0,7.696183025130389,1.0,1.0,1.1824324324324327,0.7645803698435216,6.934566145092461,10.828591749644382,1.3513513513513473,17.194167852062584,9.10384068278804,0.3378378378378386,1.689189189189186,0.3378378378378386,2.7027027027027017,0.3378378378378386,1.689189189189193
1737,CDU,2250,19,0.0,1.0,3.378378378378379,1.0,1.0,0.7882882882882866,7.02347083926032,5.494310099573255,4.943100995732571,1.0490753911806578,0.6401137980085352,1.1201991465149348,0.3378378378378244,0.6756756756756772,0.3378378378378386,1.689189189189193,0.6756756756756701,1.0135135135135158
809,FDP,2250,19,1.0,1.0,4.439307728781414,1.0,1.0,1.126126126126125,5.4765291607396875,3.200568990042669,3.94736842105263,8.97937411095306,0.7290184921763867,4.30298719772405,3.0405405405405475,0.6756756756756701,0.3378378378378386,2.0270270270270316,0.0,0.675675675675663
2358,bunt.saar,2250,19,1.0,1.0,3.15315315315315,1.0,1.0,1.9707207207207205,1.2980085348506378,0.5512091038406766,7.361308677098144,3.4317211948790884,3.982930298719765,2.293741109530586,2.0270270270270245,1.6891891891891788,2.3648648648648702,1.0135135135135158,2.364864864864863,2.3648648648648702
1083,CDU,2250,19,1.0,1.0,3.888098624940728,1.0,1.0,1.1824324324324291,2.7027027027026946,8.090327169274545,3.200568990042669,0.40896159317212266,5.8321479374110865,3.09388335704125,0.3378378378378244,1.3513513513513473,0.3378378378378386,2.7027027027027017,1.0135135135135158,1.3513513513513473
3276,SPD,2250,19,1.0,1.0,4.637861545756281,1.0,1.0,1.8581081081081112,1.7069701280227534,2.00924608819345,8.55263157894737,4.125177809388333,5.280938833570417,6.152204836415365,3.7162162162162105,1.689189189189186,1.3513513513513544,2.702702702702709,1.3513513513513544,0.3378378378378528
1078,CDU,2250,19,1.0,1.0,3.1798245614035103,1.0,1.0,2.9279279279279216,5.03200568990043,6.36557610241821,0.49786628733995997,3.165007112375541,0.3378378378378386,3.6806543385490826,6.418918918918912,0.3378378378378315,1.0135135135135087,4.054054054054049,5.4054054054054035,0.3378378378378244
2575,DIE LINKE,2250,19,0.0,0.0,6.374466571834993,0.0,0.0,3.378378378378381,2.080369843527741,7.23684210526315,6.490042674253203,5.174253200568991,8.943812233285918,8.32147937411095,5.4054054054054035,2.3648648648648702,4.054054054054056,2.7027027027027017,1.013513513513523,4.729729729729733
3493,SPD,2250,19,1.0,0.0,2.3796823138928374,1.0,0.0,1.0135135135135147,2.5248933143669916,2.6671408250355597,5.014224751066848,0.9068278805120897,2.471550497866289,0.6934566145092447,0.3378378378378386,0.0,0.6756756756756772,1.3513513513513544,0.0,3.7162162162162176
321,DIE LINKE,2250,19,1.0,0.0,2.7916073968705555,0.0,1.0,1.5202702702702666,3.200568990042669,2.6315789473684177,2.951635846372696,1.1379800853485094,4.9075391180654435,1.9203413940255984,1.0135135135135087,1.0135135135135087,3.0405405405405332,0.0,2.0270270270270174,2.0270270270270316
4618,Die Grünen,2250,19,0.0,0.0,8.220720720720719,0.0,1.0,3.040540540540537,0.9068278805120897,4.658605974395449,8.961593172119485,8.854907539118074,14.687055476529153,11.255334281650065,4.054054054054056,1.6891891891891788,0.675675675675663,7.770270270270274,1.0135135135135158,3.0405405405405332
3612,bunt.saar,2250,19,1.0,0.0,7.349454717875772,1.0,1.0,0.9572072072072059,5.1920341394025655,3.4317211948790884,15.04267425320058,0.10668563300141898,13.424608819345664,6.899004267425312,1.0135135135135158,0.0,1.3513513513513544,0.6756756756756701,2.364864864864856,0.3378378378378386
3956,bunt.saar,2250,19,1.0,1.0,3.4909909909909893,1.0,1.0,2.027027027027028,3.9651493598862046,2.1692745376955855,6.987908961593163,1.1735419630156443,2.258179231863437,4.391891891891902,1.689189189189193,0.3378378378378386,2.3648648648648702,2.0270270270270245,3.378378378378386,2.364864864864856
4009,bunt.saar,2250,19,1.0,1.0,3.565078236130868,0.0,0.0,3.0968468468468466,2.0981507823613086,4.071834992887624,3.5739687055476566,0.03556187766713492,8.339260312944532,3.271692745376953,1.3513513513513473,2.3648648648648702,4.391891891891888,2.7027027027027017,5.4054054054054035,2.3648648648648702
2576,bunt.saar,2250,19,1.0,1.0,2.782716927453761,1.0,0.0,3.434684684684683,2.578236130867701,3.378378378378372,3.1294452347083848,1.902560455192031,3.982930298719765,1.7247510668563137,2.3648648648648702,1.3513513513513402,3.0405405405405475,3.7162162162162176,4.391891891891895,5.743243243243228
3933,CDU,2250,19,0.0,0.0,5.31946420104315,1.0,0.0,2.8716216216216233,2.293741109530579,4.12517780938834,9.352773826458034,1.0490753911806578,8.090327169274545,7.005689900426745,1.3513513513513473,0.6756756756756772,4.729729729729726,1.3513513513513615,4.391891891891895,4.729729729729733
1005,bunt.saar,2250,19,1.0,1.0,5.0853485064011394,1.0,1.0,2.027027027027028,3.058321479374115,3.165007112375534,8.143669985775254,4.071834992887624,8.3570412517781,3.7162162162162105,2.3648648648648702,1.0135135135135158,2.702702702702709,4.054054054054056,0.3378378378378386,1.6891891891891788
743,CDU,2250,19,1.0,1.0,2.717520151730677,0.0,1.0,3.7725225225225216,0.8179231863442311,2.151493598862025,4.818634423897578,0.26671408250355455,6.009957325746804,2.2403982930298696,1.3513513513513544,3.0405405405405403,3.7162162162162105,6.418918918918919,4.729729729729726,3.378378378378379
693,FDP,2250,19,1.0,0.0,3.493954480796584,1.0,1.0,2.3085585585585604,3.769559032716927,1.2802275960170775,3.449502133712656,3.4672830725462234,1.8847795163584635,7.112375533428157,7.0945945945945965,0.6756756756756843,1.689189189189186,1.0135135135135158,0.6756756756756772,2.7027027027027017
1924,CDU,2250,19,1.0,0.0,3.6273115220483647,0.0,0.0,1.9707207207207205,5.156472261735409,7.112375533428171,0.3378378378378386,3.7873399715504945,5.1209103840682815,0.2489331436699942,2.0270270270270245,0.3378378378378386,2.364864864864856,4.391891891891902,2.0270270270270316,0.6756756756756701
512,FDP,2250,19,0.0,0.0,4.282242769084878,0.0,0.0,2.7027027027027017,7.432432432432435,1.8847795163584706,3.3961593172119535,3.876244665718353,3.1116642958748244,5.992176386913229,0.6756756756756772,1.0135135135135087,3.7162162162162176,2.3648648648648702,2.0270270270270316,6.418918918918905
3297,bunt.saar,2250,19,1.0,0.0,5.814366998577519,1.0,1.0,1.013513513513517,3.200568990042669,5.209815078236119,4.374110953058313,2.7382645803698367,12.535561877667135,6.827880512091042,2.702702702702709,0.0,0.3378378378378528,2.0270270270270174,0.3378378378378457,0.6756756756756772
460,FDP,2250,19,0.0,1.0,6.149241346609767,0.0,1.0,1.7454954954954982,3.8940256045519135,7.734708392603125,7.414651493598868,2.400426742531998,7.21906116642959,8.232574679943106,4.729729729729726,0.0,2.0270270270270316,0.3378378378378528,3.0405405405405403,0.3378378378378386
2699,SPD,2250,19,1.0,0.0,2.198909435751544,1.0,1.0,6.250000000000003,2.5960170697012828,3.627311522048373,1.653627311522051,1.475817923186355,0.7823613086770962,3.058321479374108,1.0135135135135087,5.4054054054054035,10.472972972972968,8.10810810810812,6.418918918918919,6.081081081081095
4860,FDP,2250,19,1.0,0.0,3.6450924608819357,1.0,0.0,2.195945945945946,5.4409672830725455,2.951635846372689,1.9203413940255984,0.2489331436699942,7.894736842105267,3.413940256045521,4.054054054054056,1.689189189189186,1.689189189189193,4.391891891891888,0.3378378378378386,1.0135135135135158
4462,FDP,2250,19,1.0,1.0,3.5087719298245585,1.0,1.0,1.9144144144144146,4.818634423897571,8.55263157894737,1.5291607396870575,1.4758179231863409,0.8712660028449477,3.8051209103840655,3.0405405405405475,1.0135135135135087,1.3513513513513544,4.054054054054049,1.3513513513513544,0.6756756756756737
2368,FDP,2250,19,1.0,0.0,7.8176861071597905,1.0,0.0,2.8153153153153156,5.4409672830725455,4.978662873399713,3.982930298719772,8.570412517780944,17.17638691322901,6.756756756756758,3.0405405405405475,0.6756756756756843,3.0405405405405332,1.0135135135135158,7.7702702702702595,1.3513513513513544
2983,DIE LINKE,2250,19,1.0,0.0,3.9770033191085807,1.0,0.0,2.1396396396396447,4.018492176386907,3.1294452347083848,4.42745376955903,5.192034139402573,6.276671408250351,0.8179231863442382,3.0405405405405475,1.689189189189193,1.0135135135135158,5.067567567567579,0.0,2.0270270270270316
982,Die Grünen,2250,19,1.0,0.0,4.323731626363202,0.0,1.0,1.85810810810811,1.0312944523470833,3.2894736842105345,5.885490753911796,0.6578947368421026,12.251066856329999,2.8271692745376953,0.6756756756756843,2.7027027027026946,0.3378378378378386,1.689189189189186,1.3513513513513686,4.391891891891888
1259,bunt.saar,2250,19,1.0,0.0,6.033665244191563,1.0,1.0,1.1261261261261264,5.600995732574681,6.330014224751068,8.232574679943099,0.17780938833571014,10.72190611664297,5.138691322901849,1.3513513513513544,0.3378378378378386,1.0135135135135158,2.702702702702709,1.0135135135135158,0.3378378378378244
2065,FDP,2250,19,0.0,1.0,3.7073257467994325,1.0,1.0,4.335585585585586,7.076813655761022,1.3157894736842124,3.307254623044102,7.770270270270274,0.4800853485063996,2.293741109530586,0.0,4.729729729729733,3.7162162162162176,4.729729729729726,6.081081081081081,6.756756756756758
3604,Die Grünen,2250,19,1.0,1.0,3.8466097676624003,1.0,1.0,3.2657657657657673,0.5689900426742511,8.517069701280235,0.6756756756756772,0.21337126600283796,12.464438122332858,0.6401137980085423,0.3378378378378386,1.0135135135135087,6.418918918918919,2.0270270270270316,2.3648648648648702,7.432432432432435
5182,Die Grünen,2250,19,1.0,1.0,3.5532242769084874,1.0,1.0,2.3085585585585577,3.3961593172119535,4.534139402560456,1.6714082503556114,1.1024182076813602,5.369843527738276,5.245376955903268,1.0135135135135158,3.378378378378372,1.0135135135135158,4.391891891891895,3.0405405405405332,1.0135135135135158
1388,CDU,2250,19,1.0,0.0,2.388572783309629,1.0,0.0,2.646396396396394,1.618065433854909,2.080369843527741,4.516358463726888,3.2183499288762576,2.080369843527741,0.8179231863442382,4.054054054054042,2.0270270270270316,3.378378378378379,2.7027027027026946,1.0135135135135087,2.702702702702709
4937,Die Grünen,2250,19,0.0,0.0,5.150545282124227,0.0,1.0,1.5202702702702713,5.352062588904694,2.3826458036984306,9.210526315789465,2.5604551920341407,8.445945945945937,2.951635846372696,1.689189189189193,0.3378378378378386,1.3513513513513544,2.0270270270270316,1.0135135135135016,2.702702702702709
2353,CDU,2250,19,1.0,1.0,2.939781887150309,1.0,0.0,2.9279279279279287,7.841394025604551,0.6756756756756772,0.6934566145092447,5.0853485064011394,2.329302987197721,1.013513513513523,0.3378378378378457,5.743243243243235,3.7162162162162176,0.6756756756756701,3.378378378378386,3.7162162162162176
1282,bunt.saar,2250,19,1.0,1.0,1.920341394025603,1.0,0.0,3.8288288288288315,0.5867709815078399,0.017780938833574567,4.623044096728307,0.03556187766713492,5.8321479374110865,0.4267425320056759,3.0405405405405475,3.378378378378372,3.7162162162162247,0.3378378378378386,6.756756756756751,5.743243243243256
4876,SPD,2250,19,1.0,1.0,2.759009009009006,1.0,0.0,1.970720720720724,5.156472261735409,4.089615931721191,4.107396870554766,0.2844950213371291,0.8534850640113802,2.0625889046941595,2.0270270270270316,2.702702702702709,1.0135135135135158,0.3378378378378457,3.0405405405405332,2.702702702702709
355,Die Grünen,2250,19,1.0,0.0,9.35573731626363,1.0,1.0,2.8153153153153156,10.135135135135137,10.935277382645808,7.503556187766705,0.03556187766713492,18.883357041251777,8.641536273115221,1.689189189189186,5.067567567567565,4.054054054054063,2.0270270270270316,1.0135135135135016,3.0405405405405475
300,FDP,2250,19,1.0,1.0,6.765647226173541,1.0,1.0,1.2387387387387392,7.201280227596023,7.04125177809388,5.4409672830725455,3.982930298719765,13.264580369843529,3.662873399715501,0.0,2.0270270270270245,3.0405405405405403,0.3378378378378457,1.0135135135135158,1.0135135135135087
1312,FDP,2250,19,1.0,1.0,7.1153390232337586,1.0,1.0,1.5202702702702677,5.174253200568991,5.138691322901842,9.299431009957331,8.712660028449498,3.6095305832147915,10.757467994310097,1.689189189189193,1.3513513513513473,2.0270270270270316,1.6891891891891788,1.0135135135135087,1.3513513513513473
4992,FDP,2250,19,1.0,0.0,4.1696301564722615,1.0,0.0,2.1959459459459474,5.529871977240397,0.8001422475106708,3.165007112375541,2.578236130867701,10.56187766714082,2.3826458036984377,1.689189189189193,5.067567567567565,0.3378378378378386,3.378378378378379,1.013513513513523,1.689189189189186
4454,CDU,2250,19,1.0,0.0,3.399122807017541,1.0,0.0,3.2094594594594583,0.3022759601707037,2.400426742532005,3.8584637268847715,2.187055476529153,6.436699857752494,5.209815078236119,2.7027027027027017,4.391891891891895,3.0405405405405403,5.067567567567565,2.364864864864863,1.689189189189186
2544,CDU,2250,19,0.0,0.0,3.034613560929351,0.0,1.0,2.4211711711711708,4.142958748221901,1.866998577524896,2.5604551920341407,5.778805120910384,2.275960170697026,1.5825035561877598,0.3378378378378386,4.391891891891888,2.7027027027027017,1.689189189189193,2.702702702702709,2.7027027027026946
704,FDP,2250,19,1.0,1.0,2.1781650071123786,1.0,1.0,3.322072072072075,1.653627311522051,1.475817923186355,1.3157894736842124,2.7560455192034112,4.534139402560456,1.333570412517787,4.7297297297297405,1.689189189189193,4.054054054054049,2.702702702702709,1.3513513513513473,5.405405405405411
2123,CDU,2250,19,1.0,1.0,1.9410858226647736,1.0,0.0,3.209459459459456,2.9694167852062563,0.6578947368421098,0.9246088193456643,1.191322901849226,1.262446657183503,4.640825035561882,4.391891891891888,3.378378378378379,1.0135135135135158,7.7702702702702595,0.0,2.7027027027026946
1578,bunt.saar,2250,19,0.0,0.0,7.334637268847797,1.0,0.0,1.0698198198198234,1.2446657183499354,0.8890469416785294,10.02844950213371,9.139402560455203,13.602418207681367,9.10384068278804,2.3648648648648702,1.0135135135135158,0.3378378378378386,0.6756756756756843,1.3513513513513686,0.675675675675663
2164,CDU,2250,19,1.0,1.0,2.6789947842579402,0.0,1.0,0.844594594594593,4.409672830725462,4.498577524893321,0.4978662873399671,4.729729729729726,1.2446657183499283,0.6934566145092376,0.3378378378378386,0.6756756756756701,1.689189189189186,1.689189189189193,0.6756756756756701,0.0
4017,FDP,2250,19,1.0,1.0,5.440967283072545,1.0,1.0,4.448198198198197,11.966571834992884,4.551920341394016,4.000711237553347,6.667852062588906,0.7112375533428192,4.747510668563294,1.689189189189186,5.743243243243235,4.054054054054049,4.054054054054063,6.081081081081081,5.067567567567568
1173,SPD,2250,19,0.0,0.0,5.209815078236132,1.0,0.0,1.520270270270269,3.733997155049792,1.6002844950213486,6.863442389758184,6.490042674253203,6.0099573257467895,6.561166429587473,1.3513513513513473,1.0135135135135087,1.3513513513513473,3.7162162162162176,0.0,1.689189189189193
2416,FDP,2250,19,1.0,0.0,4.8008534850640165,1.0,1.0,0.957207207207207,7.485775248933145,3.840682788051218,0.5867709815078257,5.654338549075405,5.992176386913229,5.245376955903275,1.3513513513513544,1.689189189189186,0.6756756756756701,1.013513513513523,0.0,1.0135135135135087
682,bunt.saar,2250,19,0.0,1.0,6.00403034613561,1.0,1.0,1.8018018018018036,0.21337126600283796,3.1472261735419664,13.63798008534851,3.200568990042669,9.708392603129454,6.116642958748223,0.0,2.0270270270270316,4.054054054054049,1.0135135135135158,2.702702702702709,1.0135135135135158
1250,bunt.saar,2250,19,1.0,0.0,6.98790896159317,1.0,1.0,0.9572072072072034,0.8001422475106708,8.001422475106693,6.650071123755325,6.258890469416791,13.371266002844948,6.845661450924595,1.0135135135135087,1.6891891891891788,0.6756756756756772,1.0135135135135158,0.0,1.3513513513513402
2811,SPD,2250,19,0.0,0.0,6.881223328591745,0.0,0.0,5.349099099099099,5.672119487908965,0.604551920341386,8.25035561877666,11.966571834992884,10.081792318634413,4.711948790896166,4.729729729729733,1.013513513513523,8.108108108108105,1.0135135135135087,11.486486486486477,5.743243243243249
5062,bunt.saar,2250,19,0.0,0.0,5.020151730678048,1.0,0.0,1.4639639639639637,0.46230440967283215,0.7467994310099471,3.982930298719779,1.3157894736842124,15.611664295874824,8.001422475106693,2.364864864864863,3.378378378378386,0.6756756756756772,0.6756756756756772,1.0135135135135158,0.675675675675663
4064,CDU,2250,19,1.0,1.0,3.1412991939307737,1.0,1.0,2.927927927927931,0.3378378378378386,7.734708392603125,1.475817923186355,0.2844950213371291,5.743243243243242,3.271692745376953,3.7162162162162247,1.0135135135135087,2.3648648648648702,3.7162162162162176,4.054054054054056,2.702702702702709
2104,bunt.saar,2250,19,0.0,0.0,4.925320056899005,1.0,0.0,1.8018018018018036,0.5689900426742511,1.653627311522051,7.254623044096725,3.4317211948790884,8.570412517780944,8.07254623044097,4.391891891891895,1.0135135135135158,0.6756756756756701,0.3378378378378386,0.3378378378378386,4.054054054054063
3526,FDP,2250,19,0.0,0.0,2.9131104788999522,1.0,0.0,1.6328828828828854,2.3826458036984306,5.2275960170697005,2.4182076813655797,4.694167852062584,1.973684210526315,0.7823613086771033,0.6756756756756772,1.689189189189186,0.6756756756756701,4.054054054054063,2.0270270270270316,0.6756756756756843
752,FDP,2250,19,0.0,0.0,3.1650071123755317,0.0,0.0,3.0405405405405417,0.4445234708392647,4.747510668563301,1.1557610241820626,5.8321479374110865,6.401137980085352,0.40896159317212266,4.054054054054056,6.081081081081081,3.0405405405405475,0.6756756756756772,0.6756756756756701,3.7162162162162176
4587,FDP,2250,19,0.0,0.0,6.816026552868659,0.0,0.0,3.4346846846846844,5.245376955903275,10.526315789473685,2.9694167852062563,14.49146514935989,3.94736842105263,3.7162162162162176,1.689189189189186,0.0,4.054054054054056,6.081081081081081,3.378378378378379,5.4054054054054035
1217,bunt.saar,2250,19,0.0,1.0,9.014935988620199,0.0,1.0,2.364864864864861,4.534139402560456,3.058321479374108,6.578947368421048,2.2048364153627347,23.115220483641536,14.598150782361309,0.3378378378378386,0.3378378378378386,2.7027027027026946,0.3378378378378315,4.729729729729726,5.743243243243235
455,bunt.saar,2250,19,0.0,0.0,5.443930772878139,0.0,1.0,1.8018018018018036,3.2183499288762576,1.3335704125177799,6.596728307254622,2.1337126600284506,8.7660028449502,10.615220483641522,3.0405405405405475,1.3513513513513544,0.6756756756756772,2.0270270270270316,0.0,3.7162162162162105
3536,FDP,2250,19,0.0,0.0,3.3487434803224296,0.0,0.0,4.335585585585586,2.6671408250355597,0.6401137980085352,4.569701280227605,7.0590327169274545,2.151493598862025,3.0049786628733983,5.405405405405411,7.432432432432428,3.7162162162162176,2.364864864864863,4.391891891891888,2.702702702702709
1621,Die Grünen,2250,19,1.0,0.0,2.883475580844003,1.0,1.0,8.051801801801806,3.7517780938833525,6.472261735419629,3.1472261735419664,3.2894736842105274,0.40896159317212266,0.23115220483641963,2.3648648648648702,10.135135135135137,8.445945945945951,6.418918918918919,12.837837837837846,8.108108108108112
3966,Die Grünen,2250,19,1.0,0.0,5.657302038880984,1.0,1.0,1.6891891891891884,2.6671408250355597,2.9871977240398238,6.614509246088204,1.4580369843527734,13.65576102418207,6.561166429587473,2.0270270270270245,1.689189189189186,1.6891891891891788,1.3513513513513544,0.6756756756756772,2.702702702702709
1513,CDU,2250,19,1.0,0.0,2.717520151730677,1.0,1.0,3.4346846846846844,1.2980085348506378,7.716927453769557,1.3691322901849219,1.1735419630156443,0.6401137980085352,4.107396870554766,4.391891891891888,1.0135135135135158,2.0270270270270316,8.445945945945937,3.7162162162162176,1.0135135135135158
2812,FDP,2250,19,1.0,0.0,3.4287577050734925,1.0,1.0,1.4639639639639614,5.4054054054054035,3.5384068278805074,4.089615931721191,2.809388335704128,1.2268847795163538,3.5028449502133725,1.0135135135135016,2.7027027027027017,1.689189189189186,0.3378378378378386,0.6756756756756772,2.364864864864863
5185,Die Grünen,2250,19,1.0,1.0,3.4821005215742082,1.0,1.0,7.376126126126128,0.3378378378378386,4.19630156472261,2.0270270270270316,4.249644381223341,6.169985775248925,3.9118065433855023,7.432432432432435,7.770270270270274,3.7162162162162247,5.743243243243249,10.810810810810807,8.783783783783782
133,SPD,2250,19,1.0,0.0,8.019203413940255,0.0,1.0,1.2950450450450433,7.290184921763874,6.54338549075392,10.241820768136563,4.551920341394016,8.321479374110943,11.16642958748222,0.0,1.013513513513523,1.0135135135135016,2.7027027027027017,1.6891891891891788,1.3513513513513544
777,FDP,2250,19,0.0,0.0,3.7369606448553783,0.0,1.0,1.4639639639639637,2.293741109530579,0.7290184921763796,2.8449502133712556,6.294452347083926,9.014935988620195,1.2446657183499354,1.3513513513513473,2.7027027027026946,0.0,0.6756756756756843,1.689189189189186,2.3648648648648702
1181,FDP,2250,19,1.0,0.0,6.205547652916072,0.0,1.0,0.9572072072072059,1.3335704125177799,4.19630156472261,9.174964438122338,0.7290184921763796,12.78449502133713,9.014935988620195,0.0,1.0135135135135087,0.3378378378378386,2.364864864864856,1.3513513513513544,0.6756756756756772
3975,Die Grünen,2250,19,1.0,1.0,4.670459933617827,1.0,1.0,1.7454954954954924,5.778805120910384,4.960881934566139,0.32005689900426404,6.916785206258886,9.583926031294453,0.46230440967283215,1.0135135135135087,4.054054054054056,0.3378378378378386,1.0135135135135087,1.0135135135135087,3.0405405405405332
715,FDP,2250,19,0.0,0.0,6.2114746325272625,1.0,0.0,2.702702702702704,4.729729729729726,4.267425320056894,6.756756756756758,5.5476529160739645,13.762446657183496,2.2048364153627347,4.391891891891895,1.689189189189186,3.0405405405405403,0.6756756756756772,4.054054054054056,2.3648648648648702
402,Die Grünen,2250,19,1.0,1.0,3.802157420578478,1.0,1.0,1.1824324324324305,2.3115220483641536,3.7339971550497992,6.436699857752501,1.8847795163584635,2.3470839260312886,6.098862019914662,0.3378378378378386,2.364864864864856,0.6756756756756772,0.3378378378378386,1.6891891891891788,1.689189189189193
3050,CDU,2250,19,1.0,0.0,5.615813181602655,1.0,1.0,2.1959459459459425,1.2446657183499354,5.867709815078236,2.044807965860592,8.481507823613093,9.672830725462298,6.383357041251777,2.364864864864856,2.3648648648648702,2.364864864864856,1.0135135135135087,3.7162162162162176,1.3513513513513473
4320,Die Grünen,2250,19,0.0,0.0,4.640825035561881,0.0,1.0,2.7590090090090094,2.7916073968705533,0.2489331436699942,7.62802275960172,2.951635846372696,7.5924608819345565,6.632290184921764,2.7027027027026946,1.0135135135135158,3.0405405405405475,5.743243243243249,2.0270270270270174,2.0270270270270316
4507,Die Grünen,2250,19,1.0,1.0,5.438003793266954,1.0,1.0,1.8018018018018058,4.569701280227605,2.8982930298719793,3.8229018492176436,1.2091038406827934,12.766714082503547,7.361308677098151,2.3648648648648702,2.3648648648648702,1.3513513513513544,0.0,3.378378378378386,1.3513513513513544
530,bunt.saar,2250,19,1.0,1.0,6.161095305832146,1.0,1.0,1.2387387387387403,3.876244665718353,8.55263157894737,6.881223328591744,4.551920341394016,4.498577524893307,8.605974395448087,0.0,0.3378378378378386,2.3648648648648702,0.6756756756756843,2.702702702702709,1.3513513513513402
1597,bunt.saar,2250,19,1.0,0.0,4.317804646752016,1.0,1.0,1.0135135135135158,3.911806543385495,1.0846372688477857,8.054765291607396,2.3115220483641536,6.614509246088204,3.9295874822190626,1.0135135135135158,0.6756756756756914,0.3378378378378386,1.3513513513513544,1.3513513513513402,1.3513513513513544
857,Die Grünen,2250,19,1.0,0.0,6.721194879089619,1.0,1.0,2.0833333333333335,0.4445234708392647,2.293741109530579,10.188477951635846,5.26315789473685,12.695590327169285,9.441678520625892,0.6756756756756701,0.3378378378378386,2.7027027027026946,3.378378378378379,1.689189189189193,3.7162162162162247
1723,Die Grünen,2250,19,1.0,0.0,4.931247036510193,1.0,0.0,1.069819819819821,4.800853485064017,2.578236130867701,3.698435277382636,1.1379800853485094,7.859174964438118,9.512802275960176,1.3513513513513473,2.0270270270270316,0.3378378378378386,0.6756756756756772,0.0,2.0270270270270316
1885,Die Grünen,2250,19,0.0,1.0,4.338549075391183,0.0,1.0,3.378378378378374,3.4317211948790884,7.628022759601713,3.5739687055476637,4.729729729729726,3.876244665718353,2.7916073968705533,2.7027027027027017,2.0270270270270245,4.054054054054056,3.0405405405405403,5.743243243243228,2.7027027027026946
1172,SPD,2250,19,1.0,1.0,1.9144144144144117,1.0,1.0,3.040540540540546,2.2048364153627347,0.8712660028449548,5.672119487908951,0.3022759601706895,2.0625889046941595,0.37339971550498063,1.013513513513523,2.364864864864863,3.7162162162162247,1.6891891891892001,5.743243243243256,3.7162162162162105
3417,FDP,2250,19,0.0,1.0,5.4528212422949265,0.0,1.0,4.166666666666665,5.903271692745371,3.165007112375541,2.2048364153627347,11.21977240398293,4.42745376955903,5.796586059743952,0.3378378378378386,3.0405405405405475,6.081081081081081,4.054054054054042,4.391891891891895,7.094594594594589
3639,bunt.saar,2250,19,1.0,0.0,7.047178757705076,1.0,1.0,0.28153153153153215,0.2489331436699942,3.7339971550497992,9.263869132290182,5.707681365576107,16.660739687055468,6.667852062588906,0.0,0.0,1.0135135135135158,0.6756756756756772,0.0,0.0
4611,FDP,2250,19,1.0,1.0,5.31946420104315,1.0,0.0,1.8581081081081088,6.205547652916081,4.054054054054056,4.089615931721191,1.3157894736842124,13.602418207681367,2.6493598862019923,0.3378378378378457,1.3513513513513473,3.0405405405405332,4.054054054054063,2.0270270270270245,0.3378378378378386
2599,Die Grünen,2250,19,0.0,0.0,5.512091038406832,1.0,1.0,2.533783783783781,2.489331436699864,7.04125177809388,2.0270270270270316,3.378378378378379,12.944523470839265,5.192034139402573,0.3378378378378386,6.081081081081074,4.391891891891888,1.689189189189186,2.7027027027027017,0.0
4878,FDP,2250,19,1.0,1.0,3.550260787102894,1.0,1.0,3.772522522522523,0.9246088193456643,3.911806543385495,1.9914651493598896,1.1024182076813673,11.59317211948791,1.7780938833570374,6.4189189189189335,2.7027027027026946,2.702702702702709,3.0405405405405332,4.391891891891888,3.378378378378379
791,CDU,2250,19,0.0,0.0,5.737316263632056,1.0,1.0,1.0135135135135147,5.316500711237566,8.374822190611667,3.7517780938833525,3.662873399715508,8.374822190611667,4.943100995732571,0.3378378378378386,1.0135135135135158,2.3648648648648702,0.0,1.689189189189186,0.6756756756756772
4045,bunt.saar,2250,19,0.0,1.0,4.6319345661450955,1.0,1.0,2.0833333333333357,4.107396870554773,9.014935988620195,0.3022759601707037,3.1827880512091085,7.165718349928881,4.018492176386914,4.054054054054056,1.0135135135135016,2.3648648648648702,3.7162162162162176,0.0,1.3513513513513686
2449,CDU,2250,19,1.0,0.0,2.815315315315317,1.0,1.0,2.3085585585585577,0.9246088193456643,4.800853485064017,1.3157894736842124,1.4580369843527734,7.290184921763874,1.1024182076813602,3.7162162162162176,0.3378378378378386,3.378378378378379,6.081081081081081,0.0,0.3378378378378315
2526,Die Grünen,2250,19,0.0,0.0,4.003674727358935,0.0,0.0,2.477477477477475,1.5647226173541924,5.156472261735409,4.551920341394016,1.7069701280227676,4.854196301564727,6.1877667140825,3.378378378378379,0.6756756756756701,2.364864864864863,2.702702702702709,1.689189189189186,4.054054054054042
978,bunt.saar,2250,19,1.0,0.0,4.608226647700331,1.0,1.0,2.3085585585585577,2.187055476529153,2.2403982930298696,3.7339971550498063,2.2403982930298696,13.780227596017063,3.4672830725462234,1.0135135135135087,2.0270270270270316,4.391891891891888,0.6756756756756772,2.3648648648648702,3.378378378378372
2089,CDU,2250,19,1.0,1.0,4.089615931721198,1.0,1.0,2.8716216216216246,2.275960170697026,1.4935988620199083,2.3115220483641536,7.165718349928888,7.2724039829302995,4.018492176386914,1.0135135135135087,4.729729729729733,3.0405405405405403,1.013513513513523,0.6756756756756843,6.756756756756758
1704,FDP,2250,19,1.0,0.0,5.215742057847321,1.0,1.0,1.5765765765765813,5.5476529160739645,5.974395448079662,0.03556187766713492,1.973684210526315,11.682076813655769,6.081081081081081,0.3378378378378457,0.3378378378378457,0.6756756756756843,7.0945945945945965,0.0,1.0135135135135158
3063,FDP,2250,19,0.0,1.0,5.2957562825983855,1.0,1.0,2.927927927927924,1.9914651493598896,0.32005689900427114,6.490042674253196,12.251066856329999,2.8449502133712627,7.876955903271693,0.0,2.0270270270270245,6.081081081081081,1.0135135135135016,3.378378378378372,5.067567567567565
349,FDP,2250,19,1.0,1.0,5.998103366524419,1.0,1.0,3.5472972972973005,2.7382645803698438,5.4054054054054035,2.4537695590327218,10.02844950213371,5.654338549075391,9.708392603129447,5.743243243243249,0.3378378378378386,3.378378378378386,7.432432432432435,3.0405405405405403,1.3513513513513544
1292,DIE LINKE,2250,19,1.0,0.0,2.3648648648648645,1.0,0.0,3.3220720720720736,1.475817923186355,0.7467994310099613,5.209815078236119,4.445234708392597,1.6358463726884764,0.6756756756756772,3.378378378378372,2.0270270270270316,5.067567567567565,0.6756756756756843,4.054054054054056,4.729729729729733
4480,CDU,2250,19,1.0,1.0,2.673067804646749,0.0,0.0,1.4639639639639637,2.3826458036984306,0.32005689900426404,3.591749644381224,2.3826458036984306,3.6095305832147915,3.7517780938833525,1.689189189189193,2.0270270270270316,0.6756756756756701,2.702702702702709,1.0135135135135087,0.6756756756756701
1451,Die Grünen,2250,19,1.0,1.0,3.4435751541014703,1.0,0.0,3.4909909909909884,3.0761024182076824,4.960881934566139,1.226884779516368,2.364864864864863,4.534139402560456,4.498577524893314,1.689189189189193,2.7027027027026946,4.729729729729726,3.7162162162162105,4.729729729729726,3.378378378378379
3574,CDU,2250,19,1.0,1.0,2.7115931721194877,1.0,1.0,3.8288288288288292,4.67638691322901,0.017780938833574567,2.0625889046941666,4.12517780938834,0.0,5.387624466571836,0.3378378378378244,6.081081081081081,3.378378378378379,4.054054054054056,2.3648648648648702,6.756756756756765
3678,CDU,2250,19,0.0,1.0,2.195945945945945,1.0,1.0,2.9842342342342314,1.2268847795163538,3.1294452347083777,0.9957325746799413,2.1337126600284577,5.245376955903275,0.4445234708392647,3.378378378378379,4.729729729729726,5.067567567567565,2.7027027027026946,1.3513513513513544,0.6756756756756701
3091,SPD,2250,19,1.0,1.0,1.037221431958277,1.0,1.0,3.603603603603601,1.760312944523477,0.03556187766713492,1.191322901849226,0.16002844950213557,1.9914651493598896,1.0846372688477999,4.391891891891895,6.418918918918926,2.7027027027026946,3.0405405405405332,2.0270270270270174,3.0405405405405403
2451,Die Grünen,2250,19,0.0,0.0,4.13999525841631,1.0,0.0,2.027027027027023,0.26671408250354744,1.3513513513513473,6.347795163584628,1.404694167852064,8.517069701280235,6.952347083926043,1.689189189189193,2.364864864864856,2.0270270270270174,3.0405405405405332,0.0,3.0405405405405403
467,bunt.saar,2250,19,1.0,1.0,5.37280701754386,1.0,1.0,0.9009009009009006,0.9779516358463738,8.428165007112383,6.276671408250358,1.0668563300142253,12.108819345661445,3.378378378378372,1.0135135135135158,0.0,0.6756756756756701,0.6756756756756772,1.689189189189186,1.3513513513513544
4955,bunt.saar,2250,19,1.0,0.0,5.417259364627786,1.0,1.0,1.9707207207207205,1.8847795163584706,3.378378378378372,7.112375533428171,1.973684210526315,10.348506401137975,7.805832147937416,1.0135135135135087,1.01351351351353,3.0405405405405332,2.364864864864863,1.689189189189193,2.7027027027026946
4381,FDP,2250,19,1.0,1.0,3.725106685633,1.0,1.0,0.6193693693693696,7.450213371266003,0.12446657183500065,0.40896159317211556,7.912517780938828,1.4224751066856243,5.03200568990043,0.3378378378378386,0.6756756756756701,0.6756756756756772,0.3378378378378315,0.6756756756756843,1.0135135135135158
3883,Die Grünen,2250,19,0.0,1.0,6.146277856804172,1.0,1.0,2.1959459459459425,1.4224751066856385,0.9068278805120968,8.51706970128022,3.627311522048373,14.544807965860592,7.859174964438111,1.0135135135135087,2.3648648648648702,2.0270270270270174,2.702702702702709,2.7027027027026946,2.364864864864856
1669,bunt.saar,2250,19,0.0,1.0,3.5087719298245594,0.0,1.0,2.646396396396393,1.475817923186355,1.3335704125177799,3.6450924608819264,3.4672830725462234,5.45874822190612,5.672119487908951,3.0405405405405332,2.0270270270270245,1.689189189189186,2.7027027027027017,4.054054054054056,2.364864864864856
2315,DIE LINKE,2250,19,1.0,0.0,3.274656235182556,1.0,0.0,2.7027027027027004,6.863442389758184,0.1955903271692847,3.3961593172119606,1.3157894736842124,7.556899004267429,0.32005689900426404,3.378378378378379,1.689189189189193,1.0135135135135016,3.7162162162162176,1.3513513513513473,5.067567567567565
1397,Die Grünen,2250,19,1.0,0.0,4.1666666666666705,1.0,0.0,3.1531531531531543,0.7467994310099613,5.778805120910384,1.5647226173542066,4.925320056899011,6.116642958748223,5.867709815078236,3.0405405405405403,2.0270270270270245,3.0405405405405475,7.0945945945945965,3.378378378378379,0.3378378378378386
3658,bunt.saar,2250,19,0.0,0.0,2.930891417733521,0.0,0.0,1.4076576576576538,1.2980085348506378,0.9423897581792318,1.4046941678520568,3.5384068278805074,5.992176386913229,4.409672830725462,0.3378378378378315,3.0405405405405332,1.3513513513513544,2.0270270270270245,1.0135135135135158,0.675675675675663
4646,FDP,2250,19,0.0,0.0,7.74359886201992,1.0,1.0,2.308558558558559,10.455192034139415,4.249644381223341,7.04125177809388,13.922475106685646,6.54338549075392,4.2496443812233196,0.0,4.054054054054056,3.0405405405405332,3.0405405405405546,0.3378378378378386,3.378378378378372
4292,Die Grünen,2250,19,1.0,0.0,2.640469416785205,1.0,1.0,3.378378378378379,0.1422475106685539,0.053342816500716594,3.307254623044102,0.7823613086771033,9.690611664295872,1.8669985775248819,1.689189189189186,3.7162162162162247,4.054054054054049,2.7027027027027017,2.364864864864856,5.743243243243256
1601,FDP,2250,19,1.0,0.0,4.854196301564724,1.0,1.0,1.6891891891891895,2.809388335704128,3.8229018492176436,7.3968705547653,3.3250355618776624,10.010668563300136,1.760312944523477,2.364864864864863,2.0270270270270316,0.3378378378378457,1.689189189189186,1.689189189189186,2.0270270270270245
5138,bunt.saar,2250,19,0.0,0.0,7.168681839734469,1.0,1.0,2.364864864864868,9.317211948790899,5.156472261735402,11.184210526315788,1.9914651493598896,13.549075391180658,1.8136557610241795,1.0135135135135158,0.3378378378378386,3.378378378378379,4.391891891891895,4.7297297297297405,0.3378378378378386
3558,FDP,2250,19,0.0,1.0,7.171645329540067,1.0,1.0,5.4054054054054115,1.653627311522051,12.304409672830722,5.174253200568991,2.7027027027026946,15.184921763869141,6.009957325746804,4.391891891891902,5.4054054054054035,7.432432432432435,1.6891891891892072,6.418918918918926,7.0945945945945965
3787,FDP,2250,19,1.0,1.0,5.8143669985775235,1.0,1.0,1.5765765765765754,4.67638691322901,8.07254623044097,4.267425320056894,0.8001422475106637,12.837837837837839,4.231863442389766,0.3378378378378386,3.378378378378379,1.0135135135135087,1.0135135135135016,2.3648648648648702,1.3513513513513544
1256,FDP,2250,19,0.0,1.0,4.249644381223334,1.0,1.0,1.4639639639639637,3.6806543385490826,0.8712660028449477,2.471550497866289,7.343527738264598,4.569701280227605,6.56116642958748,1.3513513513513402,1.3513513513513544,1.689189189189186,0.3378378378378386,1.013513513513523,3.0405405405405403
202,DIE LINKE,2250,19,1.0,0.0,3.977003319108583,0.0,0.0,1.6328828828828819,2.2226173541963092,1.3335704125177799,7.183499288762434,0.5867709815078399,7.254623044096725,5.28093883357041,2.7027027027027017,1.689189189189186,0.3378378378378457,0.675675675675663,1.689189189189186,2.702702702702709
3036,bunt.saar,2250,19,0.0,0.0,5.681009957325748,1.0,1.0,1.970720720720717,3.627311522048366,5.067567567567565,2.3115220483641536,4.374110953058327,13.015647226173549,5.6899004267425255,1.0135135135135158,0.675675675675663,2.364864864864856,3.7162162162162176,1.3513513513513402,2.702702702702709
3026,FDP,2250,19,1.0,1.0,7.22795163584637,1.0,1.0,2.3085585585585613,5.1031294452347,9.228307254623047,6.418918918918919,6.703413940256041,7.450213371265999,8.463726884779511,3.0405405405405475,0.0,0.6756756756756737,3.0405405405405475,6.7567567567567615,0.3378378378378386
3590,CDU,2250,19,1.0,0.0,5.040896159317209,0.0,1.0,2.2522522522522515,5.5476529160739645,4.729729729729726,2.4182076813655797,4.87197724039828,5.014224751066855,7.663584637268848,0.0,0.3378378378378315,3.7162162162162176,2.0270270270270316,1.0135135135135087,6.418918918918919
1936,Die Grünen,2250,19,0.0,0.0,7.497629208155523,0.0,0.0,4.786036036036034,2.471550497866282,6.507823613086771,11.842105263157897,3.5028449502133725,9.477240398293027,11.184210526315788,4.054054054054056,2.0270270270270316,6.418918918918912,6.081081081081074,3.7162162162162176,6.418918918918912
2224,CDU,2250,19,1.0,1.0,5.292792792792795,1.0,0.0,1.5202702702702726,2.6137980085348573,4.747510668563301,5.1209103840682815,6.205547652916081,7.716927453769557,5.352062588904694,1.3513513513513544,0.6756756756756843,1.0135135135135087,2.3648648648648702,2.7027027027027017,1.0135135135135158
2372,FDP,2250,19,1.0,1.0,4.42745376955903,1.0,1.0,1.4639639639639601,5.885490753911803,2.9694167852062563,1.4935988620199154,7.645803698435266,2.809388335704128,5.7610241820768096,0.6756756756756701,3.0405405405405332,1.0135135135135087,1.0135135135135016,1.689189189189193,1.3513513513513544
368,bunt.saar,2250,19,1.0,0.0,7.438359412043622,1.0,1.0,3.490990990990987,0.8890469416785152,0.8890469416785294,14.88264580369843,4.107396870554766,15.184921763869134,8.677098150782356,1.689189189189186,1.0135135135135158,5.743243243243228,3.378378378378379,5.743243243243242,3.378378378378372
3693,FDP,2250,19,1.0,0.0,5.65433854907539,1.0,0.0,3.3220720720720736,9.726173541963021,1.9381223328591801,2.364864864864863,10.295163584637258,4.267425320056894,5.334281650071119,2.364864864864863,1.689189189189193,5.067567567567572,0.6756756756756772,5.4054054054054035,4.729729729729733
3628,FDP,2250,19,1.0,0.0,6.40706495969654,1.0,1.0,3.040540540540539,10.91749644381224,5.387624466571836,5.796586059743952,7.4502133712659955,1.6714082503556256,7.21906116642959,2.3648648648648702,2.364864864864863,3.378378378378386,1.3513513513513402,5.067567567567558,3.7162162162162176
4790,bunt.saar,2250,19,0.0,0.0,7.257586533902326,1.0,0.0,1.8018018018018036,2.293741109530586,0.1955903271692847,13.05120910384067,5.1209103840682815,11.682076813655769,11.201991465149362,0.3378378378378386,0.3378378378378386,3.7162162162162105,1.3513513513513544,3.378378378378386,1.689189189189193
2871,SPD,2250,19,0.0,0.0,8.072546230440967,0.0,0.0,4.786036036036037,5.5476529160739645,13.21123755334282,8.32147937411095,3.805120910384062,6.3122332859175,11.237553342816504,8.783783783783782,2.702702702702709,1.3513513513513473,8.108108108108105,5.067567567567565,2.702702702702709
4798,bunt.saar,2250,19,0.0,1.0,4.910502607871027,1.0,1.0,1.689189189189193,5.51209103840683,1.4046941678520568,6.347795163584628,2.1692745376955926,9.495021337126602,4.534139402560456,2.0270270270270245,1.01351351351353,0.6756756756756914,2.3648648648648702,2.364864864864863,1.6891891891891788
4835,SPD,2250,19,0.0,0.0,3.514698909435753,1.0,1.0,1.0135135135135112,6.881223328591759,2.1337126600284577,0.5867709815078399,0.49786628733995997,7.23684210526315,3.7517780938833525,0.6756756756756772,2.364864864864856,1.3513513513513473,1.3513513513513473,0.0,0.3378378378378386
4215,CDU,2250,19,1.0,1.0,2.9308914177335255,1.0,1.0,1.6891891891891884,0.9423897581792318,2.080369843527741,2.6137980085348573,3.876244665718353,0.7112375533428192,7.361308677098151,2.0270270270270174,3.378378378378379,1.0135135135135087,0.0,1.689189189189193,2.0270270270270316
2698,FDP,2250,19,1.0,0.0,2.7797534376481736,1.0,1.0,2.1959459459459456,1.8492176386913215,5.3698435277382615,0.01778093883356746,5.0497866287340045,1.3513513513513473,3.0405405405405403,3.0405405405405403,0.6756756756756701,2.702702702702709,2.0270270270270174,2.0270270270270316,2.7027027027027053
121,DIE LINKE,2250,19,1.0,0.0,6.715267899478424,0.0,0.0,8.445945945945946,1.5647226173541924,2.916073968705547,13.513513513513509,4.37411095305832,7.21906116642959,10.704125177809388,10.135135135135137,4.729729729729726,9.121621621621614,11.148648648648653,3.7162162162162176,11.824324324324323
4340,bunt.saar,2250,19,1.0,1.0,4.137031768610714,1.0,0.0,0.9009009009008994,2.6493598862019923,1.4758179231863409,7.183499288762434,3.413940256045521,6.081081081081081,4.018492176386914,0.6756756756756701,0.3378378378378386,0.6756756756756772,1.0135135135135158,1.3513513513513544,1.3513513513513402
494,FDP,2250,19,1.0,0.0,3.0286865813181585,0.0,0.0,1.0135135135135158,1.3513513513513473,4.67638691322901,1.3869132290184822,2.418207681365587,5.672119487908965,2.6671408250355597,2.364864864864863,0.3378378378378457,0.3378378378378244,0.6756756756756914,2.0270270270270316,0.3378378378378386
2339,FDP,2250,19,1.0,1.0,2.993124703651018,1.0,1.0,1.4639639639639672,3.271692745376953,1.0668563300142253,0.3556187766714132,4.160739687055468,2.3826458036984306,6.721194879089616,2.0270270270270245,2.364864864864863,1.3513513513513615,1.6891891891892072,0.3378378378378386,1.0135135135135087
1104,FDP,2250,19,1.0,1.0,4.4896870554765265,1.0,0.0,3.153153153153157,4.87197724039828,0.8712660028449477,8.677098150782363,2.6493598862019923,5.618776671408256,4.2496443812233196,1.013513513513523,0.3378378378378386,5.067567567567565,4.729729729729726,3.378378378378386,4.391891891891902
1338,Die Grünen,2250,19,0.0,0.0,5.606922712185869,1.0,1.0,0.8445945945945942,2.7560455192034112,1.9025604551920452,8.51706970128022,2.5426742532005733,9.815078236130866,8.108108108108098,0.6756756756756772,1.6891891891892072,0.3378378378378386,0.0,0.675675675675663,1.6891891891891788
3525,CDU,2250,19,1.0,1.0,3.811047889995256,0.0,0.0,1.407657657657656,3.982930298719765,1.902560455192031,6.258890469416791,2.293741109530579,3.662873399715501,4.765291607396868,1.3513513513513473,0.3378378378378386,1.689189189189193,4.054054054054049,0.6756756756756701,0.3378378378378386
2627,Die Grünen,2250,19,1.0,1.0,5.580251303935516,1.0,1.0,4.673423423423426,1.546941678520632,4.054054054054063,7.112375533428171,4.818634423897571,10.91749644381224,5.032005689900423,2.0270270270270316,4.054054054054063,5.743243243243242,6.756756756756758,5.743243243243249,3.7162162162162105
360,FDP,2250,19,0.0,1.0,2.6612138454243706,1.0,1.0,2.984234234234235,1.5647226173541924,0.12446657183500065,1.3157894736842124,10.561877667140813,0.32005689900427114,2.080369843527734,0.3378378378378386,2.0270270270270245,5.4054054054054035,0.0,4.391891891891895,5.743243243243249
3006,CDU,2250,19,1.0,1.0,3.2983641536273134,1.0,1.0,1.8581081081081077,2.293741109530579,2.435988620199147,1.6002844950213415,5.2275960170697005,7.948079658605984,0.2844950213371291,2.3648648648648702,1.3513513513513473,2.364864864864863,2.7027027027026946,1.013513513513523,1.3513513513513473
4499,Die Grünen,2250,19,1.0,1.0,8.226647700331908,1.0,1.0,4.054054054054052,2.5960170697012828,6.223328591749642,10.277382645803684,5.334281650071119,16.038406827880515,8.890469416785209,4.054054054054056,0.3378378378378315,5.067567567567565,3.7162162162162105,5.067567567567565,6.081081081081081
5111,Die Grünen,2250,19,0.0,0.0,4.214082503556187,1.0,0.0,1.1824324324324305,2.3115220483641536,2.435988620199147,6.738975817923183,1.2980085348506378,7.894736842105267,4.605263157894733,0.6756756756756772,1.689189189189193,1.6891891891891788,2.0270270270270245,0.0,1.0135135135135087
4052,FDP,2250,19,0.0,0.0,4.611190137505928,0.0,0.0,2.8716216216216224,6.685633001422481,6.596728307254629,4.587482219061172,7.699146514935983,0.37339971550497353,1.724751066856328,1.689189189189193,1.3513513513513544,3.0405405405405403,3.7162162162162176,4.054054054054049,3.378378378378379
1649,bunt.saar,2250,19,1.0,0.0,5.20388809862494,1.0,1.0,1.3513513513513533,0.37339971550497353,2.7738264580369787,8.659317211948803,1.902560455192031,13.015647226173549,4.498577524893307,0.3378378378378457,1.0135135135135016,1.3513513513513402,1.3513513513513544,2.702702702702709,1.3513513513513686
3764,Die Grünen,2250,19,1.0,0.0,5.135727833096255,1.0,1.0,1.126126126126124,1.3513513513513473,0.32005689900426404,6.294452347083933,1.76031294452347,13.264580369843529,7.82361308677099,0.0,3.7162162162162247,0.3378378378378386,0.3378378378378386,0.675675675675663,1.6891891891891788
1806,bunt.saar,2250,19,1.0,1.0,5.304646752015171,1.0,0.0,0.1689189189189193,3.7873399715504945,0.7823613086770962,10.25960170697013,3.6806543385490755,5.796586059743959,7.521337126600272,0.0,0.6756756756756772,0.0,0.0,0.0,0.3378378378378386
3934,FDP,2250,19,0.0,1.0,7.233878615457559,1.0,1.0,6.024774774774776,5.618776671408241,11.059743954480801,8.463726884779511,5.494310099573248,5.3698435277382615,7.396870554765293,3.378378378378386,7.770270270270267,8.108108108108105,2.3648648648648702,7.432432432432428,7.0945945945945965
2877,Die Grünen,2250,19,0.0,0.0,4.714912280701747,0.0,1.0,2.927927927927931,5.28093883357041,1.5825035561877598,6.134423897581783,1.8492176386913144,10.277382645803684,3.165007112375534,0.6756756756756772,3.0405405405405332,3.378378378378386,0.6756756756756843,4.391891891891902,5.4054054054054035
4394,SPD,2250,19,1.0,1.0,3.9147700331910813,1.0,1.0,1.6891891891891906,2.489331436699864,3.6450924608819264,7.23684210526315,1.2268847795163538,3.058321479374108,5.8321479374110865,1.0135135135135087,0.0,2.0270270270270316,1.0135135135135158,3.0405405405405475,3.0405405405405403
1646,bunt.saar,2250,19,0.0,0.0,6.525604551920339,0.0,1.0,2.195945945945951,1.8492176386913215,2.044807965860592,10.295163584637258,0.8534850640113874,14.758179231863444,9.352773826458034,2.702702702702709,1.3513513513513686,1.6891891891891788,4.729729729729733,0.6756756756756843,2.0270270270270316
90,CDU,2250,19,1.0,0.0,2.0536984352773806,1.0,1.0,2.0833333333333335,4.018492176386907,2.151493598862025,0.12446657183499354,1.9203413940255984,3.9651493598862046,0.1422475106685539,2.0270270270270174,3.7162162162162105,2.0270270270270316,1.3513513513513544,1.689189189189193,1.689189189189193
2595,FDP,2250,19,1.0,1.0,5.96846846846847,1.0,1.0,2.0833333333333344,4.960881934566139,5.0497866287340045,7.005689900426752,2.880512091038412,5.067567567567565,10.846372688477949,0.3378378378378315,0.3378378378378386,2.0270270270270245,6.081081081081095,1.3513513513513544,2.364864864864863
3978,FDP,2250,19,0.0,1.0,3.757705073494551,0.0,0.0,2.59009009009009,4.374110953058313,2.6671408250355597,0.1955903271692776,9.655049786628751,1.4224751066856385,4.231863442389766,1.6891891891891788,4.729729729729726,0.0,2.702702702702709,3.378378378378379,3.0405405405405475
627,Die Grünen,2250,19,1.0,0.0,6.875296348980561,1.0,0.0,3.9977477477477437,0.8890469416785152,1.653627311522051,9.797297297297305,5.938833570412527,12.926742532005676,10.046230440967292,4.391891891891888,1.0135135135135087,5.4054054054054035,5.4054054054054035,3.378378378378372,4.391891891891888
446,bunt.saar,2250,19,1.0,0.0,5.829184447605503,1.0,0.0,3.378378378378381,10.935277382645808,1.1379800853485094,3.805120910384062,7.485775248933145,7.69914651493599,3.9118065433855023,1.0135135135135087,5.405405405405411,5.743243243243249,3.7162162162162176,1.013513513513523,3.378378378378379
2714,SPD,2250,19,1.0,0.0,3.3665244191559935,1.0,0.0,1.2950450450450457,8.677098150782356,3.520625889046933,0.5512091038406766,3.591749644381224,3.307254623044095,0.5512091038406766,1.0135135135135158,1.3513513513513473,0.6756756756756772,3.7162162162162176,0.0,1.0135135135135158
1932,CDU,2250,19,1.0,0.0,2.6819582740635384,0.0,1.0,3.9977477477477508,2.951635846372696,0.6045519203413932,5.387624466571843,2.2759601706970045,2.8449502133712627,2.0270270270270316,6.081081081081074,5.405405405405411,2.7027027027027017,8.445945945945958,0.6756756756756772,0.6756756756756843
3983,FDP,2250,19,1.0,1.0,3.227240398293034,1.0,1.0,2.92792792792793,3.9295874822190555,2.560455192034155,4.231863442389766,1.653627311522051,5.51209103840683,1.475817923186348,3.7162162162162105,0.3378378378378457,3.378378378378379,8.108108108108112,0.6756756756756772,1.3513513513513544
2254,bunt.saar,2250,19,1.0,0.0,3.221313418681833,1.0,1.0,1.2950450450450444,3.59174964438121,1.1557610241820697,6.827880512091042,1.5647226173541924,4.80085348506401,1.3869132290184751,0.675675675675663,1.3513513513513544,0.0,3.378378378378379,0.3378378378378386,2.0270270270270316
4643,Die Grünen,2250,19,1.0,0.0,7.0323613086771,1.0,1.0,1.2387387387387438,4.018492176386907,2.6493598862019923,5.761024182076824,3.805120910384069,16.038406827880515,9.921763869132292,0.0,1.689189189189193,1.3513513513513544,0.6756756756756772,1.3513513513513686,2.3648648648648702
4641,FDP,2250,19,0.0,1.0,4.181484115694641,0.0,0.0,6.756756756756757,1.0135135135135087,6.383357041251777,5.565433854907539,5.014224751066848,2.5960170697012828,4.516358463726888,2.7027027027027017,9.121621621621628,9.45945945945946,6.081081081081074,6.081081081081088,7.094594594594589
3501,Die Grünen,2250,19,0.0,0.0,7.25758653390232,0.0,1.0,2.815315315315311,4.480796586059739,0.26671408250355455,10.864153627311524,9.619487908961588,12.055476529160728,6.258890469416784,2.7027027027027017,1.3513513513513402,3.7162162162162105,4.054054054054049,3.378378378378372,1.689189189189193
335,CDU,2250,19,1.0,0.0,3.3754148885727844,1.0,0.0,2.7027027027026995,2.578236130867708,4.409672830725462,2.4182076813655797,9.03271692745377,0.7467994310099613,1.0668563300142253,2.3648648648648702,3.0405405405405403,2.0270270270270174,0.6756756756756701,3.0405405405405332,5.067567567567565
2314,SPD,2250,19,1.0,1.0,2.4893314366998567,0.0,0.0,1.8018018018018023,2.151493598862025,0.7823613086770962,4.729729729729726,2.2403982930298625,2.8627311522048444,2.1692745376955855,1.689189189189193,1.0135135135135158,3.7162162162162105,1.3513513513513615,0.3378378378378386,2.7027027027026946
2926,DIE LINKE,2250,19,1.0,0.0,2.658250355618781,1.0,0.0,2.9842342342342327,1.191322901849226,0.9779516358463738,5.2275960170697005,2.0981507823613086,2.2226173541963092,4.231863442389766,1.3513513513513473,4.054054054054063,1.0135135135135087,5.743243243243235,3.378378378378379,2.364864864864863
4623,FDP,2250,19,1.0,1.0,2.8419867235656717,1.0,1.0,4.335585585585587,1.3157894736842124,3.5028449502133725,1.7780938833570303,0.9601706970128063,6.7745376955903325,2.7204836415362763,6.418918918918919,1.0135135135135087,4.054054054054056,6.418918918918926,4.391891891891895,3.7162162162162176
1749,bunt.saar,2250,19,0.0,0.0,6.549312470365102,1.0,0.0,3.828828828828833,1.3869132290184822,0.7467994310099471,8.748221906116648,6.2766714082503725,13.30014224751067,8.837126600284492,4.391891891891902,0.3378378378378386,2.3648648648648702,6.081081081081088,4.391891891891895,5.4054054054054035
441,bunt.saar,2250,19,1.0,0.0,5.639521100047414,1.0,1.0,1.2387387387387392,3.769559032716927,4.551920341394016,5.95661450924608,2.3115220483641536,8.908250355618776,8.339260312944532,1.0135135135135158,1.3513513513513544,1.689189189189186,1.3513513513513544,1.689189189189186,0.3378378378378386
1986,DIE LINKE,2250,19,1.0,1.0,2.7086296823138944,0.0,1.0,4.054054054054053,1.546941678520632,0.9779516358463738,1.0312944523470833,4.516358463726888,7.610241820768138,0.5689900426742511,3.7162162162162176,1.3513513513513473,4.729729729729726,6.081081081081074,6.418918918918919,2.0270270270270316
901,bunt.saar,2250,19,1.0,0.0,5.369843527738265,1.0,1.0,1.7454954954954947,0.10668563300142608,2.0625889046941595,11.397581792318633,0.7467994310099542,8.339260312944532,9.566145092460886,1.0135135135135087,0.6756756756756772,3.0405405405405332,1.3513513513513473,0.6756756756756914,3.7162162162162105
5010,SPD,2250,19,1.0,1.0,5.820293978188718,1.0,1.0,2.139639639639642,0.03556187766713492,5.618776671408241,9.317211948790913,1.6002844950213415,9.352773826458034,8.997155049786642,0.6756756756756843,2.7027027027027017,2.3648648648648702,1.3513513513513544,3.378378378378372,2.3648648648648702
2226,FDP,2250,19,0.0,1.0,5.66915599810337,1.0,1.0,1.1824324324324351,4.302987197724043,3.7162162162162176,3.5739687055476566,7.965860597439544,5.1564722617354235,9.299431009957331,0.0,2.0270270270270316,0.3378378378378457,0.3378378378378386,3.0405405405405475,1.3513513513513473
3970,DIE LINKE,2250,19,1.0,0.0,3.0494310099573254,0.0,1.0,1.1261261261261228,0.9957325746799413,1.1379800853485023,4.356330014224746,2.7916073968705533,6.276671408250358,2.738264580369851,0.3378378378378386,1.3513513513513402,1.689189189189193,0.0,2.7027027027027017,0.675675675675663
2493,Die Grünen,2250,19,0.0,0.0,3.345779990516828,1.0,1.0,3.2657657657657615,2.951635846372689,0.4267425320056759,5.5832147937411065,0.40896159317211556,6.792318634423886,3.911806543385495,4.391891891891895,1.3513513513513402,3.378378378378372,3.7162162162162176,2.364864864864856,4.391891891891888
2379,Die Grünen,2250,19,0.0,1.0,5.301683262209578,0.0,1.0,3.3783783783783767,7.0945945945945965,1.0135135135135087,5.0853485064011394,6.347795163584642,10.68634423897582,1.5825035561877598,1.0135135135135087,4.729729729729733,1.0135135135135158,3.7162162162162176,4.391891891891881,5.4054054054054035
397,bunt.saar,2250,19,1.0,1.0,4.193338074917024,1.0,1.0,1.4076576576576525,1.76031294452347,3.058321479374108,6.721194879089623,3.4850640113798015,3.982930298719779,6.152204836415365,1.0135135135135087,1.3513513513513402,2.7027027027026946,0.0,0.6756756756756772,2.7027027027026946
1283,FDP,2250,19,0.0,1.0,2.444879089615933,1.0,1.0,2.9279279279279264,3.2894736842105345,1.8847795163584706,5.743243243243242,1.7247510668563208,1.3157894736842124,0.7112375533428192,2.0270270270270316,1.3513513513513473,4.729729729729726,0.0,5.743243243243242,3.7162162162162105
5179,FDP,2250,19,1.0,1.0,4.314841156946421,1.0,1.0,3.3783783783783776,6.1877667140825,1.5647226173541924,6.383357041251777,4.391891891891902,1.9559032716927476,5.4054054054054035,1.013513513513523,3.7162162162162176,5.067567567567565,2.364864864864856,4.391891891891888,3.7162162162162176
2602,Die Grünen,2250,19,0.0,1.0,4.972735893788523,1.0,1.0,0.7319819819819813,2.809388335704128,0.03556187766713492,6.899004267425312,1.1024182076813602,11.433143669985775,7.556899004267429,1.0135135135135158,1.0135135135135087,1.0135135135135158,0.3378378378378386,0.0,1.0135135135135087
5090,Die Grünen,2250,19,0.0,1.0,6.303342816500709,0.0,1.0,1.2950450450450457,2.151493598862025,9.548364153627304,8.872688477951627,3.6095305832147915,7.0945945945945965,6.543385490753906,0.6756756756756772,2.0270270270270245,2.0270270270270316,1.0135135135135087,2.0270270270270316,0.0
4520,FDP,2250,19,0.0,0.0,3.0612849691797095,0.0,0.0,5.011261261261262,5.4054054054054035,6.36557610241821,1.191322901849226,1.262446657183503,4.036273115220489,0.10668563300142608,1.689189189189193,6.081081081081088,7.770270270270274,2.0270270270270245,6.081081081081081,6.418918918918912
131,SPD,2250,19,1.0,1.0,6.365576102418206,1.0,1.0,1.8018018018018083,9.815078236130859,5.1031294452347,5.4765291607396875,6.863442389758184,4.231863442389766,6.703413940256041,4.054054054054063,0.6756756756756843,1.6891891891892001,0.3378378378378457,2.0270270270270245,2.0270270270270316
4118,Die Grünen,2250,19,1.0,0.0,5.586178283546704,1.0,1.0,1.4076576576576656,0.49786628733995997,2.9694167852062563,7.770270270270274,0.9601706970128063,10.97083926031295,10.348506401137975,0.3378378378378457,1.689189189189193,1.689189189189193,1.013513513513523,1.3513513513513686,2.3648648648648702
2277,SPD,2250,19,1.0,0.0,3.428757705073495,1.0,0.0,4.166666666666665,4.889758179231862,0.16002844950213557,7.112375533428171,0.6578947368421026,2.293741109530579,5.45874822190612,1.689189189189193,6.081081081081074,4.054054054054049,3.0405405405405403,6.081081081081081,4.054054054054056
4467,FDP,2250,19,1.0,1.0,2.59009009009009,1.0,1.0,2.7590090090090094,0.053342816500716594,7.3790896159317185,2.187055476529153,1.618065433854909,2.2048364153627347,2.0981507823613086,5.067567567567565,2.0270270270270245,3.7162162162162105,0.0,2.3648648648648702,3.378378378378386
2443,bunt.saar,2250,19,1.0,1.0,5.6513750592697924,1.0,1.0,1.0698198198198188,4.67638691322901,3.182788051209087,7.076813655761022,5.849928876244675,10.526315789473685,2.5960170697012757,0.0,1.0135135135135016,1.6891891891891788,1.3513513513513615,2.0270270270270316,0.3378378378378386
297,SPD,2250,19,1.0,0.0,3.7725225225225203,1.0,0.0,3.040540540540537,3.1294452347083777,1.0490753911806578,2.6671408250355597,5.636557610241816,4.747510668563308,5.4054054054054035,1.0135135135135087,6.081081081081081,2.364864864864863,3.7162162162162176,3.7162162162162105,1.3513513513513402
1917,bunt.saar,2250,19,1.0,0.0,4.365220483641539,1.0,1.0,2.027027027027028,5.1209103840682815,5.600995732574688,2.6849217638691343,0.17780938833571014,9.228307254623047,3.378378378378372,0.3378378378378386,1.3513513513513544,3.7162162162162105,2.7027027027027017,1.3513513513513544,2.702702702702709
842,DIE LINKE,2250,19,1.0,0.0,6.581910858226645,1.0,1.0,1.1824324324324351,2.4537695590327075,2.3826458036984306,11.522048364153626,4.37411095305832,13.744665718349935,5.014224751066848,2.0270270270270316,0.3378378378378386,1.689189189189186,1.013513513513523,0.3378378378378457,1.689189189189186
737,CDU,2250,19,0.0,0.0,5.5921052631578965,0.0,0.0,6.925675675675677,10.50853485064011,5.796586059743959,1.866998577524896,5.245376955903275,5.725462304409675,4.409672830725462,8.108108108108105,1.3513513513513473,8.10810810810812,8.783783783783782,7.0945945945945965,8.108108108108112
2524,Die Grünen,2250,19,1.0,0.0,4.255571360834519,1.0,1.0,1.520270270270269,0.8357041251778057,2.0270270270270316,6.525604551920338,0.9423897581792318,11.717638691322904,3.485064011379805,1.689189189189193,0.675675675675663,0.675675675675663,2.0270270270270316,1.689189189189193,2.3648648648648702
3881,CDU,2250,19,1.0,1.0,1.9529397818871495,1.0,0.0,4.7297297297297325,1.1024182076813602,3.0761024182076824,0.9601706970128063,2.5248933143669916,2.8449502133712627,1.2091038406827934,3.7162162162162176,8.78378378378379,2.0270270270270316,7.0945945945945965,4.391891891891895,2.364864864864863
5044,SPD,2250,19,0.0,0.0,6.546348980559508,0.0,0.0,3.65990990990991,3.200568990042669,4.765291607396875,10.49075391180655,1.511379800853483,10.241820768136563,9.068278805120912,3.378378378378379,0.6756756756756701,5.743243243243249,4.054054054054056,3.378378378378379,4.729729729729726
776,CDU,2250,19,0.0,1.0,4.332622095779992,1.0,1.0,0.9009009009009041,3.449502133712656,2.560455192034155,5.992176386913222,0.9068278805120968,7.645803698435273,5.4409672830725455,0.6756756756756772,1.0135135135135087,0.6756756756756843,1.3513513513513686,0.6756756756756701,1.0135135135135158
4961,bunt.saar,2250,19,1.0,0.0,5.349099099099097,1.0,1.0,1.0135135135135123,6.970128022759603,2.4537695590327075,5.209815078236119,1.3691322901849219,14.011379800853483,2.0803698435277482,1.689189189189193,0.6756756756756772,0.3378378378378386,0.3378378378378315,1.689189189189193,1.3513513513513402
164,bunt.saar,2250,19,1.0,1.0,2.7145566619250823,1.0,1.0,3.997747747747747,2.471550497866282,1.9381223328591872,4.907539118065429,2.5426742532005733,1.7780938833570303,2.6493598862019923,3.7162162162162176,4.054054054054056,2.0270270270270316,5.743243243243242,4.054054054054049,4.391891891891888
2608,bunt.saar,2250,19,0.0,0.0,6.252963489805597,0.0,0.0,3.7162162162162162,2.1692745376955855,2.293741109530586,10.384068278805131,0.32005689900427114,12.215504978662878,10.13513513513513,2.3648648648648702,2.7027027027026946,4.729729729729726,2.702702702702709,2.7027027027027017,7.0945945945945965
4668,SPD,2250,19,0.0,0.0,4.5252489331436685,0.0,1.0,1.4639639639639614,1.369132290184929,11.148648648648653,0.7290184921763796,0.017780938833574567,9.672830725462298,4.2140825035561775,0.0,2.3648648648648702,0.3378378378378244,1.0135135135135087,5.067567567567565,0.0
5220,bunt.saar,2250,19,1.0,0.0,5.60099573257468,0.0,0.0,3.2657657657657624,2.489331436699864,2.916073968705547,7.5924608819345565,2.4182076813655797,11.877667140825032,6.3122332859175,1.3513513513513473,1.0135135135135087,3.7162162162162033,2.364864864864863,6.418918918918912,4.7297297297297405
4612,FDP,2250,19,1.0,0.0,4.451161688003797,1.0,0.0,5.968468468468472,6.383357041251777,5.03200568990043,5.26315789473685,1.262446657183503,1.013513513513523,7.752489331436699,3.378378378378379,1.689189189189186,9.45945945945946,0.0,10.810810810810828,10.472972972972975
1943,FDP,2250,19,1.0,1.0,5.743243243243243,0.0,1.0,0.8445945945945942,3.8940256045519206,5.8321479374110865,10.437411095305833,0.9957325746799413,5.600995732574688,7.69914651493599,1.689189189189193,1.3513513513513473,0.3378378378378386,0.6756756756756772,0.6756756756756701,0.3378378378378386
674,Die Grünen,2250,19,1.0,0.0,4.8245614035087705,1.0,0.0,1.4639639639639637,0.9068278805120897,6.13442389758179,4.640825035561882,3.7873399715504945,7.912517780938828,5.565433854907539,2.7027027027027017,1.0135135135135158,1.3513513513513473,0.3378378378378457,1.689189189189186,1.689189189189186
4671,CDU,2250,19,0.0,1.0,5.633594120436225,0.0,0.0,2.1959459459459496,4.9075391180654435,4.67638691322901,1.8136557610241795,4.640825035561875,12.642247510668561,5.1209103840682815,0.6756756756756772,1.6891891891892001,5.743243243243235,2.3648648648648702,2.0270270270270316,0.6756756756756843
4056,bunt.saar,2250,19,1.0,0.0,5.183143669985772,1.0,1.0,1.0135135135135194,0.9601706970127921,1.760312944523477,5.796586059743959,4.534139402560456,13.886913229018482,4.160739687055468,1.0135135135135087,0.6756756756756914,1.3513513513513544,1.3513513513513544,0.3378378378378386,1.3513513513513686
4965,FDP,2250,19,1.0,0.0,3.2331673779042176,1.0,1.0,3.772522522522523,0.03556187766713492,6.241109530583209,3.1116642958748173,0.4978662873399742,6.418918918918919,3.09388335704125,5.067567567567572,1.3513513513513473,3.378378378378379,3.0405405405405475,5.4054054054054035,4.391891891891888
5019,bunt.saar,2250,19,1.0,1.0,4.332622095779989,1.0,1.0,2.4211711711711694,2.3648648648648702,2.880512091038412,5.814366998577512,5.707681365576107,7.930298719772395,1.2980085348506378,3.378378378378372,2.702702702702709,1.0135135135135016,5.067567567567572,2.0270270270270245,0.3378378378378386
1791,FDP,2250,19,1.0,1.0,4.706021811284969,1.0,1.0,1.5202702702702713,2.489331436699864,6.045519203413946,3.94736842105263,3.805120910384062,4.551920341394016,7.396870554765293,2.364864864864863,2.0270270270270316,1.689189189189186,0.0,1.0135135135135158,2.0270270270270316
4420,CDU,2250,19,1.0,1.0,2.296704599336177,1.0,1.0,2.1959459459459416,2.0803698435277482,2.115931721194869,3.4317211948790884,0.3378378378378386,1.7780938833570303,4.036273115220489,1.0135135135135016,2.7027027027027017,2.364864864864863,3.0405405405405332,0.6756756756756701,3.378378378378379
4256,bunt.saar,2250,19,0.0,0.0,7.527264106211475,0.0,0.0,2.2522522522522537,1.831436699857747,5.067567567567565,9.317211948790899,10.526315789473685,10.650782361308679,7.770270270270274,2.7027027027027017,1.013513513513523,2.0270270270270316,6.418918918918912,0.6756756756756772,0.6756756756756772
4482,CDU,2250,19,1.0,1.0,4.205192034139402,1.0,1.0,1.238738738738738,2.507112375533424,4.17852062588905,3.165007112375541,1.2980085348506378,6.418918918918912,7.663584637268848,2.3648648648648702,0.6756756756756772,0.3378378378378386,2.7027027027026946,0.0,1.3513513513513473
3941,bunt.saar,2250,19,1.0,0.0,7.690256045519202,1.0,1.0,0.6193693693693708,2.7204836415362763,5.209815078236119,12.980085348506393,2.7916073968705533,10.668563300142253,11.77098150782362,0.3378378378378386,1.3513513513513544,0.6756756756756772,1.0135135135135158,0.0,0.3378378378378386
1412,bunt.saar,2250,19,1.0,1.0,2.9131104788999536,1.0,1.0,1.351351351351352,0.5512091038406766,4.302987197724043,3.2894736842105345,3.0049786628733983,4.231863442389766,2.0981507823613015,2.3648648648648702,0.0,1.3513513513513473,1.3513513513513544,1.3513513513513473,1.689189189189193
2178,FDP,2250,19,1.0,0.0,2.0625889046941643,0.0,0.0,1.6891891891891906,3.698435277382636,2.080369843527741,2.3115220483641536,3.378378378378372,0.426742532005683,0.4800853485063996,1.689189189189193,1.0135135135135087,1.689189189189193,0.0,2.3648648648648702,3.378378378378379
244,DIE LINKE,2250,19,1.0,0.0,5.4202228544333835,1.0,0.0,4.279279279279279,3.058321479374115,3.7339971550497992,12.713371266002838,5.1209103840682815,1.2802275960170704,6.614509246088197,2.0270270270270245,3.378378378378393,6.081081081081074,4.729729729729726,3.378378378378379,6.081081081081074
3751,DIE LINKE,2250,19,1.0,0.0,0.6430772878141298,1.0,0.0,3.4909909909909884,0.32005689900426404,0.3378378378378386,0.49786628733995997,0.8534850640113874,1.0490753911806578,0.8001422475106708,0.6756756756756701,0.3378378378378386,6.418918918918912,0.6756756756756701,7.432432432432435,5.4054054054054035
4956,DIE LINKE,2250,19,0.0,0.0,6.261853959222381,0.0,0.0,2.1396396396396375,2.151493598862025,5.352062588904687,7.503556187766712,6.330014224751075,7.788051209103841,8.445945945945944,1.3513513513513473,4.054054054054049,2.0270270270270245,2.7027027027027017,0.6756756756756701,2.0270270270270316
991,bunt.saar,2250,19,1.0,1.0,1.8788525367472744,1.0,0.0,8.727477477477477,0.5334281650071233,3.0405405405405332,2.3115220483641536,3.5739687055476566,0.7467994310099613,1.0668563300142182,7.094594594594589,1.689189189189193,9.797297297297291,8.783783783783782,12.162162162162168,12.837837837837839
2423,FDP,2250,19,0.0,1.0,2.9012565196775726,1.0,1.0,1.2950450450450433,0.35561877667140607,5.298719772403977,1.475817923186348,6.027738264580378,2.7916073968705533,1.4580369843527734,0.3378378378378315,0.6756756756756843,2.7027027027027017,1.0135135135135016,1.3513513513513473,1.689189189189193
4881,FDP,2250,19,1.0,1.0,3.3309625414888586,1.0,0.0,1.5765765765765718,6.667852062588906,4.907539118065429,0.16002844950212847,3.3961593172119606,0.6578947368421098,4.196301564722617,1.3513513513513402,1.3513513513513402,1.0135135135135158,2.0270270270270174,3.378378378378379,0.3378378378378386
4838,bunt.saar,2250,19,1.0,0.0,4.729729729729729,1.0,1.0,0.957207207207207,0.3022759601707037,1.1913229018492189,9.51280227596017,3.1116642958748173,9.530583214793737,4.729729729729726,0.3378378378378386,1.3513513513513544,1.689189189189193,0.3378378378378386,1.689189189189193,0.3378378378378244
4727,DIE LINKE,2250,19,1.0,0.0,4.2585348506401175,1.0,0.0,4.0540540540540535,4.267425320056894,1.902560455192038,7.3968705547653,2.3648648648648702,5.583214793741114,4.036273115220489,8.445945945945944,0.0,3.7162162162162176,7.432432432432435,1.3513513513513473,3.378378378378379
2764,DIE LINKE,2250,19,0.0,1.0,2.080369843527739,0.0,0.0,4.729729729729729,2.6849217638691343,2.6315789473684177,3.662873399715501,2.151493598862025,1.1735419630156443,0.17780938833571014,1.3513513513513544,1.0135135135135087,8.445945945945944,1.3513513513513544,8.783783783783775,7.432432432432435
1756,FDP,2250,19,1.0,1.0,4.35040303461356,1.0,0.0,2.646396396396394,3.2183499288762576,9.014935988620195,8.712660028449498,1.7780938833570303,1.1557610241820768,2.222617354196302,5.405405405405389,0.3378378378378386,1.3513513513513473,3.7162162162162247,4.054054054054056,1.0135135135135087
265,Die Grünen,2250,19,0.0,0.0,5.651375059269797,1.0,1.0,1.5202702702702726,4.12517780938834,5.1209103840682815,9.690611664295872,0.7290184921763867,3.342816500711244,10.899715504978658,3.0405405405405403,1.689189189189186,0.6756756756756772,1.0135135135135158,2.3648648648648702,0.3378378378378457
2442,FDP,2250,19,1.0,0.0,5.841038406827882,1.0,1.0,2.195945945945946,13.566856330014225,6.312233285917493,1.7780938833570374,8.570412517780944,0.2489331436699871,4.569701280227605,1.3513513513513544,0.0,1.3513513513513544,2.364864864864863,3.7162162162162176,4.391891891891888
2160,FDP,2250,19,1.0,1.0,3.5295163584637272,1.0,1.0,0.9572072072072118,6.632290184921764,0.2844950213371291,2.916073968705547,4.729729729729726,0.40896159317211556,6.205547652916081,2.3648648648648702,0.6756756756756843,0.3378378378378457,1.0135135135135158,0.6756756756756772,0.6756756756756772
2867,bunt.saar,2250,19,0.0,0.0,6.078117591275482,1.0,1.0,2.252252252252255,1.689189189189186,3.982930298719765,7.574679943100989,5.28093883357041,9.210526315789465,8.730440967283073,2.0270270270270245,1.013513513513523,1.3513513513513544,4.729729729729733,1.3513513513513473,3.0405405405405475
32,DIE LINKE,2250,19,1.0,0.0,5.763987671882408,1.0,0.0,3.3783783783783776,3.520625889046933,2.720483641536269,10.188477951635846,5.03200568990043,11.433143669985775,1.689189189189193,1.3513513513513473,1.6891891891891788,6.418918918918919,2.3648648648648702,6.418918918918919,2.0270270270270316
4038,bunt.saar,2250,19,1.0,1.0,3.7251066856330013,1.0,0.0,2.477477477477477,3.5384068278805074,4.409672830725462,3.9295874822190626,4.285206258890469,5.369843527738276,0.8179231863442311,2.0270270270270245,1.3513513513513544,2.3648648648648702,1.3513513513513544,4.3918918918918735,3.378378378378386
4997,CDU,2250,19,0.0,0.0,4.800853485064013,1.0,0.0,2.139639639639642,6.241109530583209,1.795874822190612,4.17852062588905,0.9068278805120897,12.42887624466573,3.2539118065433854,0.3378378378378386,3.0405405405405403,0.0,2.364864864864863,4.7297297297297405,2.3648648648648702
2462,CDU,2250,19,1.0,0.0,5.088311996206733,0.0,0.0,1.2950450450450444,6.0099573257467895,7.556899004267429,6.596728307254629,4.640825035561882,3.9295874822190555,1.795874822190612,0.3378378378378386,0.0,1.689189189189186,2.364864864864863,1.3513513513513544,2.0270270270270245
73,FDP,2250,19,1.0,1.0,5.728425794215265,1.0,1.0,1.0698198198198139,5.334281650071112,2.080369843527734,4.871977240398294,8.445945945945937,7.69914651493599,5.93883357041252,1.0135135135135016,0.6756756756756701,0.0,1.3513513513513402,2.7027027027027017,0.6756756756756701
1099,CDU,2250,19,1.0,1.0,3.156116642958748,0.0,1.0,3.2094594594594583,3.236130867709818,0.7290184921763796,1.973684210526315,6.525604551920338,6.009957325746804,0.46230440967283215,4.054054054054063,0.675675675675663,5.067567567567565,4.729729729729726,1.0135135135135158,3.7162162162162176
3471,FDP,2250,19,0.0,1.0,2.551564722617352,1.0,0.0,3.4909909909909964,2.1337126600284506,2.7560455192034183,1.76031294452347,6.792318634423886,0.4978662873399671,1.3691322901849219,1.3513513513513544,0.6756756756756843,8.445945945945944,1.3513513513513686,3.378378378378379,5.743243243243249
251,Die Grünen,2250,19,1.0,1.0,3.5798956851588435,1.0,1.0,3.5472972972972996,0.8890469416785152,5.352062588904687,2.8271692745376953,0.5867709815078399,5.7254623044096675,6.098862019914655,0.3378378378378386,5.743243243243242,2.702702702702709,4.054054054054063,3.7162162162162176,4.729729729729726
2430,bunt.saar,2250,19,1.0,1.0,3.2865101944049258,1.0,1.0,2.195945945945946,3.556187766714082,6.507823613086771,2.00924608819345,0.9068278805120897,6.650071123755325,0.0889046941678373,1.0135135135135087,2.0270270270270174,4.391891891891895,0.6756756756756772,0.6756756756756772,4.391891891891902
4783,Die Grünen,2250,19,1.0,0.0,7.628022759601706,1.0,0.0,5.799549549549552,1.0135135135135087,1.4046941678520568,7.716927453769557,8.019203413940268,16.091749644381217,11.522048364153626,4.054054054054056,0.3378378378378386,7.770270270270274,6.081081081081081,8.78378378378379,7.770270270270274
4606,bunt.saar,2250,19,1.0,0.0,5.429113323850166,1.0,1.0,1.0135135135135123,1.653627311522051,1.1735419630156514,11.91322901849216,1.6002844950213415,9.17496443812233,7.059032716927462,1.0135135135135158,0.6756756756756772,1.0135135135135016,1.0135135135135087,1.0135135135135158,1.3513513513513544
1839,DIE LINKE,2250,19,1.0,0.0,1.4165481270744469,1.0,0.0,3.2657657657657673,2.880512091038412,0.9423897581792318,0.3022759601707037,1.5291607396870575,0.017780938833574567,2.8271692745377024,0.6756756756756772,1.689189189189186,6.081081081081088,0.0,5.067567567567565,6.081081081081088
1051,SPD,2250,19,1.0,1.0,2.8330962541488858,1.0,1.0,1.8018018018018072,1.9203413940255984,0.9068278805120897,5.1209103840682815,3.69843527738265,2.0625889046941595,3.2894736842105345,2.0270270270270316,1.3513513513513544,2.702702702702709,2.364864864864863,0.6756756756756914,1.689189189189193
4074,bunt.saar,2250,19,0.0,1.0,4.391891891891892,1.0,1.0,0.7882882882882877,5.618776671408241,1.51137980085349,6.490042674253203,0.23115220483641252,8.623755334281647,3.8762446657183602,0.6756756756756772,1.0135135135135158,1.689189189189193,0.3378378378378386,0.675675675675663,0.3378378378378386
2138,bunt.saar,2250,19,1.0,1.0,4.033309625414886,1.0,1.0,3.6036036036036094,1.3869132290184822,1.653627311522051,1.3157894736842124,4.036273115220489,12.962304409672832,2.8449502133712485,4.391891891891902,4.391891891891902,4.391891891891902,0.6756756756756843,3.378378378378379,4.391891891891888
365,bunt.saar,2250,19,1.0,1.0,3.956258890469421,1.0,1.0,1.407657657657655,3.1472261735419664,4.000711237553347,4.658605974395449,0.6401137980085352,9.068278805120912,2.2226173541963163,1.3513513513513473,0.6756756756756843,2.0270270270270316,0.3378378378378315,3.378378378378372,0.675675675675663
5053,DIE LINKE,2250,19,1.0,0.0,5.052750118539595,1.0,0.0,2.0833333333333344,3.1472261735419664,4.320768136557611,5.796586059743959,0.7823613086770962,11.415362731152207,4.854196301564727,6.418918918918919,0.3378378378378457,0.6756756756756701,2.364864864864856,2.3648648648648702,0.3378378378378457
3834,FDP,2250,19,0.0,1.0,2.062588904694168,1.0,1.0,2.9279279279279287,1.7069701280227676,4.871977240398294,2.507112375533424,1.6714082503556114,1.3513513513513473,0.26671408250356166,3.0405405405405475,0.6756756756756772,5.4054054054054035,5.067567567567572,0.6756756756756701,2.7027027027027017
2505,FDP,2250,19,0.0,1.0,7.414651493598858,1.0,1.0,5.855855855855856,0.7290184921763796,7.681365576102422,9.441678520625892,4.87197724039828,10.472972972972968,11.290896159317207,1.3513513513513473,6.418918918918926,7.0945945945945965,4.7297297297297405,7.432432432432428,8.108108108108098
4463,Die Grünen,2250,19,0.0,0.0,9.029753437648177,1.0,1.0,2.533783783783788,5.03200568990043,10.899715504978658,9.726173541963014,7.503556187766712,14.651493598862025,6.365576102418217,1.3513513513513473,3.0405405405405403,1.689189189189193,3.7162162162162176,3.7162162162162247,1.6891891891892072
3932,Die Grünen,2250,19,1.0,0.0,4.397818871503083,1.0,1.0,0.6193693693693648,1.8136557610241795,2.329302987197721,4.285206258890469,3.698435277382643,8.748221906116648,5.512091038406837,0.3378378378378244,0.0,0.3378378378378386,1.0135135135135087,0.3378378378378386,1.6891891891891788
3408,FDP,2250,19,0.0,0.0,7.687292555713608,1.0,1.0,0.9009009009009018,7.876955903271693,0.7645803698435216,11.39758179231864,11.21977240398293,4.925320056899004,9.93954480796586,1.689189189189186,1.0135135135135158,0.3378378378378457,2.0270270270270245,0.0,0.3378378378378386
1134,SPD,2250,19,0.0,0.0,6.484115694642008,1.0,0.0,2.027027027027033,5.049786628733997,3.1827880512090942,11.184210526315788,1.6714082503556256,5.95661450924608,11.859886201991465,4.054054054054056,1.3513513513513615,0.3378378378378386,2.3648648648648702,3.0405405405405546,1.0135135135135158
2747,bunt.saar,2250,19,1.0,1.0,4.480796586059743,1.0,0.0,3.8288288288288306,5.1209103840682815,2.115931721194869,5.600995732574688,4.854196301564727,6.738975817923183,2.4537695590327075,2.7027027027027017,2.3648648648648702,3.7162162162162247,3.7162162162162176,5.743243243243242,4.729729729729726
136,FDP,2250,19,0.0,0.0,5.337245139876722,1.0,1.0,3.828828828828834,7.290184921763881,1.1201991465149348,4.000711237553347,11.628733997155052,3.058321479374108,4.925320056899011,0.6756756756756843,3.7162162162162176,6.081081081081088,2.702702702702709,5.743243243243249,4.054054054054056
2636,bunt.saar,2250,19,1.0,1.0,3.0701754385964897,1.0,1.0,3.6036036036036023,3.6095305832147915,5.672119487908951,2.2226173541963163,0.142247510668561,5.778805120910384,0.9957325746799341,2.0270270270270245,1.689189189189193,5.743243243243228,3.0405405405405403,2.3648648648648702,6.756756756756758
678,CDU,2250,19,0.0,0.0,5.935870080606922,0.0,0.0,4.786036036036035,11.522048364153626,2.880512091038412,5.51209103840683,11.024182076813645,0.08890469416784441,4.587482219061172,3.0405405405405332,0.3378378378378386,8.108108108108112,5.4054054054054035,4.054054054054056,7.770270270270267
5039,DIE LINKE,2250,19,1.0,0.0,5.701754385964911,1.0,0.0,1.0698198198198223,7.788051209103841,0.5689900426742582,6.863442389758184,2.809388335704128,12.99786628733996,3.1827880512090942,1.3513513513513473,1.3513513513513544,1.689189189189193,0.6756756756756772,0.3378378378378457,1.0135135135135158
4408,Die Grünen,2250,19,0.0,0.0,3.597676623992413,0.0,0.0,1.970720720720718,1.0490753911806578,2.6849217638691343,5.95661450924608,3.662873399715501,6.596728307254629,1.6358463726884764,1.689189189189186,5.4054054054054035,0.0,1.3513513513513473,0.0,3.378378378378372
2124,FDP,2250,19,1.0,0.0,7.076813655761025,1.0,1.0,3.6599099099099086,7.823613086770983,6.827880512091035,6.116642958748223,6.827880512091042,5.3698435277382615,9.495021337126602,4.054054054054049,7.770270270270274,2.7027027027027017,0.0,3.0405405405405332,4.391891891891895
1612,Die Grünen,2250,19,1.0,0.0,3.4376481744902776,1.0,1.0,0.6193693693693684,3.236130867709818,4.2140825035561775,1.0135135135135087,2.3648648648648702,7.556899004267429,2.2403982930298625,1.3513513513513544,0.6756756756756701,0.3378378378378386,0.3378378378378386,0.6756756756756701,0.3378378378378386
797,DIE LINKE,2250,19,1.0,0.0,4.347439544807966,1.0,1.0,1.4076576576576574,4.516358463726888,0.03556187766713492,7.0945945945945965,0.8534850640113874,7.69914651493599,5.885490753911803,0.6756756756756772,2.364864864864856,0.6756756756756843,1.0135135135135087,2.0270270270270245,1.689189189189193
558,FDP,2250,19,1.0,0.0,2.471550497866287,1.0,1.0,1.2950450450450444,0.604551920341386,1.9914651493598896,0.5512091038406837,2.151493598862018,7.734708392603132,1.795874822190612,2.0270270270270316,0.6756756756756701,1.3513513513513473,1.0135135135135158,2.0270270270270245,0.6756756756756772
565,SPD,2250,19,1.0,1.0,3.203532479848269,1.0,0.0,3.490990990990993,3.591749644381224,1.546941678520632,3.2183499288762576,1.7780938833570303,6.116642958748216,2.9694167852062563,2.702702702702709,2.702702702702709,5.067567567567565,1.3513513513513473,5.067567567567565,4.054054054054063
1344,CDU,2250,19,1.0,1.0,3.858463726884782,1.0,1.0,1.745495495495491,0.3911806543385552,7.752489331436706,0.37339971550497353,5.28093883357041,6.863442389758184,2.489331436699864,0.675675675675663,1.0135135135135087,3.0405405405405332,1.3513513513513544,2.0270270270270245,2.364864864864863
2772,Die Grünen,2250,19,0.0,0.0,3.21538643907065,0.0,0.0,1.6891891891891884,2.0981507823613086,1.3513513513513473,4.67638691322901,0.26671408250356166,3.6095305832147915,7.290184921763881,1.689189189189186,1.3513513513513473,1.0135135135135016,3.0405405405405403,2.0270270270270316,1.013513513513523
4488,SPD,2250,19,1.0,0.0,4.803816974869608,1.0,0.0,3.3220720720720736,3.165007112375541,5.583214793741114,9.58392603129446,1.3335704125177799,3.805120910384062,5.352062588904687,4.729729729729733,1.0135135135135158,2.7027027027027017,6.756756756756765,3.7162162162162247,1.0135135135135016
4385,FDP,2250,19,0.0,0.0,8.128852536747273,1.0,1.0,3.096846846846848,1.4935988620199083,8.943812233285911,9.566145092460893,10.401849217638699,7.147937411095306,11.219772403982923,2.7027027027027017,5.4054054054054035,2.702702702702709,2.0270270270270316,2.364864864864863,3.378378378378379
4529,FDP,2250,19,0.0,1.0,3.413940256045515,1.0,1.0,0.8445945945945953,0.5689900426742582,3.4672830725462234,4.125177809388333,4.818634423897564,5.4054054054054035,2.0981507823613086,0.6756756756756914,0.6756756756756701,1.0135135135135158,1.6891891891891788,1.0135135135135158,0.0
5035,CDU,2250,19,1.0,0.0,5.8736367946894275,1.0,0.0,2.2522522522522537,5.903271692745371,2.9871977240398238,7.005689900426745,5.4054054054054035,5.192034139402573,8.748221906116648,2.0270270270270245,3.7162162162162176,1.013513513513523,1.0135135135135087,2.0270270270270316,3.7162162162162176
4280,FDP,2250,19,1.0,0.0,4.228899952584161,1.0,0.0,5.349099099099099,2.6315789473684177,7.04125177809388,5.138691322901856,1.6714082503556114,2.4537695590327075,6.436699857752494,5.067567567567565,1.3513513513513473,8.108108108108112,6.418918918918926,2.364864864864863,8.783783783783782
4160,CDU,2250,19,1.0,0.0,3.7102892366050226,1.0,0.0,1.6328828828828783,0.7290184921763796,1.618065433854909,6.1877667140825,3.4672830725462234,6.418918918918912,3.840682788051211,0.0,1.689189189189186,3.0405405405405332,2.364864864864863,2.0270270270270174,0.6756756756756701
4692,CDU,2250,19,1.0,0.0,3.891062114746326,0.0,1.0,2.0270270270270268,3.6095305832147915,3.840682788051211,0.08890469416784441,9.530583214793744,3.307254623044102,2.9694167852062634,1.0135135135135158,1.0135135135135087,2.0270270270270316,4.054054054054049,0.3378378378378386,3.7162162162162176
2018,bunt.saar,2250,19,0.0,0.0,4.457088667614982,1.0,0.0,2.083333333333337,4.160739687055475,0.37339971550497353,9.60170697012802,0.7823613086770962,4.071834992887624,7.752489331436699,0.3378378378378386,3.7162162162162176,2.0270270270270316,1.0135135135135158,1.689189189189193,3.7162162162162247
4548,bunt.saar,2250,19,0.0,0.0,5.304646752015176,0.0,0.0,3.3783783783783803,2.809388335704128,6.614509246088197,6.561166429587473,1.2091038406827934,8.712660028449513,5.921052631578952,6.418918918918919,3.0405405405405403,1.689189189189193,4.729729729729726,0.6756756756756843,3.7162162162162176
4302,CDU,2250,19,1.0,0.0,3.7162162162162162,1.0,0.0,3.2657657657657637,3.2894736842105345,1.6714082503556185,8.019203413940254,2.7560455192034112,5.796586059743959,0.7645803698435216,3.7162162162162105,5.4054054054054035,1.0135135135135158,3.7162162162162176,1.689189189189186,4.054054054054049
878,bunt.saar,2250,19,1.0,0.0,6.768610715979136,1.0,1.0,1.5765765765765754,0.3556187766714132,4.996443812233288,8.01920341394026,4.054054054054049,18.6877667140825,4.498577524893307,0.675675675675663,1.3513513513513402,2.3648648648648702,3.378378378378372,0.3378378378378386,1.3513513513513686
2380,SPD,2250,19,1.0,0.0,6.629326695116169,1.0,1.0,2.3648648648648645,1.0490753911806578,3.058321479374108,13.12233285917496,5.298719772403977,6.365576102418217,10.881934566145091,0.3378378378378244,0.3378378378378528,2.364864864864856,3.7162162162162176,3.0405405405405475,4.391891891891888
283,bunt.saar,2250,19,1.0,1.0,8.973447131341869,1.0,1.0,3.941441441441441,3.449502133712656,6.738975817923183,8.481507823613093,4.854196301564727,22.72403982930298,7.592460881934571,5.067567567567572,1.6891891891891788,3.378378378378386,4.054054054054056,4.729729729729726,4.729729729729726
1357,FDP,2250,19,0.0,1.0,10.36628733997155,1.0,1.0,1.1842378929335002e-15,12.233285917496445,8.854907539118052,10.455192034139408,17.389758179231862,1.9559032716927476,11.308677098150781,0.0,7.105427357601002e-15,0.0,0.0,0.0,0.0
4097,SPD,2250,19,1.0,0.0,4.1311047889995285,1.0,1.0,1.4639639639639614,5.707681365576107,3.556187766714082,7.450213371266003,3.02275960170698,4.943100995732571,0.10668563300142608,2.364864864864863,0.3378378378378386,0.0,3.378378378378372,0.3378378378378386,2.364864864864856
3156,FDP,2250,19,1.0,0.0,4.196301564722617,1.0,0.0,5.236486486486488,2.5426742532005733,2.507112375533424,11.184210526315788,1.689189189189186,5.1920341394025655,2.0625889046941666,7.432432432432435,4.054054054054056,8.445945945945951,3.7162162162162176,1.3513513513513473,6.418918918918919
3308,Die Grünen,2250,19,1.0,1.0,2.7471550497866297,1.0,1.0,1.126126126126124,0.10668563300142608,3.2894736842105345,2.115931721194869,1.902560455192038,4.658605974395449,4.409672830725462,1.689189189189186,0.0,2.3648648648648702,0.3378378378378457,1.3513513513513402,1.0135135135135016
2521,CDU,2250,19,1.0,0.0,2.293741109530579,1.0,0.0,4.617117117117122,1.9203413940255984,3.698435277382643,2.187055476529153,0.0,5.4765291607396875,0.4800853485063925,0.6756756756756843,9.121621621621628,8.108108108108105,2.0270270270270316,1.6891891891892001,6.081081081081081
2048,FDP,2250,19,1.0,1.0,1.8344001896633462,1.0,1.0,1.6328828828828807,0.37339971550498063,2.6137980085348502,1.475817923186348,1.4046941678520568,0.4978662873399671,4.640825035561875,1.3513513513513402,1.0135135135135087,2.0270270270270245,2.0270270270270316,2.0270270270270316,1.3513513513513473
3223,bunt.saar,2250,19,1.0,0.0,3.5917496443812262,1.0,1.0,0.8445945945945953,0.46230440967283215,2.578236130867708,8.78378378378379,4.960881934566153,1.4580369843527734,3.307254623044102,0.3378378378378386,1.6891891891891788,1.0135135135135158,0.3378378378378457,0.6756756756756772,1.0135135135135158
1474,Die Grünen,2250,19,1.0,0.0,4.892721669037461,1.0,1.0,3.2094594594594597,1.7069701280227676,3.2183499288762576,2.6671408250355597,7.841394025604551,8.712660028449513,5.209815078236119,5.067567567567565,1.689189189189186,2.364864864864863,5.4054054054054035,3.7162162162162176,1.013513513513523
1659,CDU,2250,19,1.0,1.0,4.338549075391184,1.0,0.0,0.9009009009009006,0.2844950213371291,12.92674253200569,3.69843527738265,1.4224751066856385,2.2226173541963092,5.4765291607396875,0.3378378378378386,0.6756756756756772,1.3513513513513544,1.689189189189186,1.0135135135135158,0.3378378378378315
1242,FDP,2250,19,1.0,0.0,4.074798482693217,1.0,1.0,1.7454954954954995,4.729729729729726,2.7027027027026946,5.3698435277382615,1.7425320056898954,5.4054054054054035,4.498577524893321,2.702702702702709,0.6756756756756843,1.0135135135135087,2.3648648648648702,0.3378378378378386,3.378378378378386
1556,CDU,2250,19,1.0,0.0,3.440611664295877,1.0,1.0,3.4346846846846852,0.3911806543385552,4.089615931721191,0.32005689900426404,9.797297297297305,4.036273115220489,2.009246088193457,2.0270270270270316,5.743243243243242,6.081081081081074,1.3513513513513615,2.0270270270270245,3.378378378378379
2797,bunt.saar,2250,19,1.0,0.0,4.000711237553343,1.0,1.0,1.2950450450450397,0.2844950213371291,2.0625889046941595,5.26315789473685,1.0490753911806507,9.050497866287337,6.294452347083933,1.3513513513513473,0.3378378378378386,2.7027027027026946,0.0,1.6891891891891788,1.6891891891891788
4273,bunt.saar,2250,19,1.0,1.0,3.686581318160266,1.0,0.0,3.040540540540537,1.653627311522051,5.814366998577512,5.600995732574688,1.6002844950213415,5.6899004267425255,1.760312944523477,0.3378378378378386,4.729729729729726,2.364864864864856,2.364864864864863,6.418918918918919,2.0270270270270174
2040,Die Grünen,2250,19,1.0,1.0,6.036628733997155,1.0,1.0,1.745495495495497,3.3605974395448044,5.174253200568991,7.841394025604544,3.9295874822190555,9.139402560455203,6.7745376955903325,1.689189189189186,2.7027027027027017,0.6756756756756772,1.3513513513513544,2.3648648648648702,1.689189189189193
256,bunt.saar,2250,19,0.0,1.0,6.247036510194403,1.0,1.0,4.110360360360363,5.51209103840683,4.267425320056894,3.840682788051197,9.566145092460893,5.7254623044096675,8.570412517780937,3.7162162162162176,0.6756756756756772,5.067567567567579,5.067567567567572,5.4054054054054035,4.729729729729726
2125,CDU,2250,19,1.0,1.0,2.0329540066382172,1.0,1.0,2.702702702702703,2.6493598862019923,2.489331436699864,4.889758179231862,1.6714082503556114,0.37339971550497353,0.12446657183500065,4.7297297297297405,2.0270270270270316,1.0135135135135087,4.054054054054042,1.0135135135135087,3.378378378378386
4022,FDP,2250,19,0.0,0.0,5.429113323850163,1.0,1.0,3.4909909909909906,1.9914651493598896,8.659317211948789,1.689189189189186,5.6899004267425255,8.32147937411095,6.223328591749635,6.418918918918919,2.3648648648648702,3.0405405405405332,2.3648648648648702,3.0405405405405403,3.7162162162162105
2955,FDP,2250,19,0.0,1.0,6.747866287339971,1.0,1.0,1.2387387387387403,4.142958748221901,1.831436699857754,4.17852062588905,16.802987197724036,6.063300142247513,7.46799431009957,0.6756756756756772,1.0135135135135087,1.6891891891891895,1.013513513513523,1.6891891891891895,1.3513513513513544
2105,bunt.saar,2250,19,1.0,1.0,5.070531057373164,1.0,1.0,1.407657657657655,1.0312944523470762,4.409672830725462,4.80085348506401,2.631578947368425,9.317211948790913,8.232574679943099,3.0405405405405332,0.6756756756756772,0.0,2.364864864864863,1.0135135135135016,1.3513513513513544
2330,FDP,2250,19,0.0,1.0,5.912162162162158,1.0,1.0,1.8581081081081041,5.565433854907539,2.2403982930298625,0.40896159317211556,15.878378378378372,8.534850640113795,2.8449502133712627,0.3378378378378386,3.0405405405405332,1.0135135135135087,2.7027027027026946,3.0405405405405403,1.0135135135135087
1482,SPD,2250,19,0.0,0.0,7.097558084400194,1.0,0.0,1.2950450450450444,5.4765291607396875,11.753200568990046,7.770270270270274,2.5426742532005733,11.557610241820775,3.485064011379805,1.0135135135135158,1.689189189189186,0.6756756756756701,1.0135135135135158,2.3648648648648702,1.0135135135135087
1443,Die Grünen,2250,19,1.0,0.0,1.4876718824087252,1.0,1.0,2.5900900900900936,1.653627311522051,0.9779516358463738,1.0668563300142182,0.1955903271692847,4.302987197724043,0.7290184921763796,0.3378378378378386,1.3513513513513473,4.7297297297297405,0.6756756756756772,4.729729729729733,3.7162162162162247
1039,Die Grünen,2250,19,0.0,0.0,3.2450213371266003,0.0,0.0,6.531531531531528,0.17780938833571014,1.6002844950213486,6.792318634423886,0.7645803698435216,8.961593172119485,1.1735419630156514,5.067567567567565,0.3378378378378457,8.108108108108098,10.810810810810807,8.445945945945937,6.418918918918919
3421,bunt.saar,2250,19,1.0,0.0,4.587482219061166,1.0,0.0,5.3490990990990985,4.338549075391185,1.795874822190612,6.934566145092461,3.5028449502133725,10.152916073968704,0.8001422475106637,2.364864864864856,0.3378378378378386,7.432432432432435,7.432432432432428,7.432432432432435,7.0945945945945965
2167,Die Grünen,2250,19,0.0,0.0,6.078117591275489,0.0,0.0,3.4909909909909893,3.1472261735419664,5.138691322901856,9.530583214793744,4.000711237553347,7.503556187766712,7.147937411095306,4.054054054054056,0.6756756756756701,4.054054054054056,6.418918918918912,2.0270270270270245,3.7162162162162176
3393,FDP,2250,19,0.0,0.0,4.9075391180654355,0.0,0.0,3.6036036036036023,4.356330014224753,9.45945945945946,3.44950213371267,1.262446657183503,9.352773826458034,1.5647226173541924,3.0405405405405403,0.0,8.783783783783782,1.3513513513513473,4.054054054054056,4.391891891891888
4619,FDP,2250,19,0.0,1.0,4.05405405405405,0.0,1.0,3.2657657657657637,3.307254623044102,7.5924608819345565,1.4402560455191917,5.7254623044096675,1.3157894736842124,4.943100995732571,4.391891891891888,1.689189189189186,3.378378378378379,4.391891891891888,3.7162162162162105,2.0270270270270316
2659,bunt.saar,2250,19,1.0,1.0,5.375770507349458,1.0,1.0,1.2387387387387427,2.151493598862025,3.8762446657183602,6.685633001422488,3.662873399715501,6.472261735419622,9.40611664295875,1.689189189189193,0.6756756756756772,0.6756756756756914,1.689189189189186,0.0,2.702702702702709
3890,FDP,2250,19,1.0,1.0,4.901612138454244,1.0,1.0,0.6756756756756784,8.445945945945944,0.3556187766714132,2.187055476529153,8.712660028449498,7.076813655761029,2.631578947368425,0.6756756756756772,1.6891891891892001,0.0,0.6756756756756772,0.0,1.0135135135135158
4991,bunt.saar,2250,19,1.0,1.0,6.3389046941678515,1.0,1.0,2.7590090090090107,2.8271692745377024,0.40896159317210845,5.5832147937411065,5.51209103840683,15.291607396870546,8.410384068278816,3.378378378378379,0.3378378378378386,1.3513513513513544,3.7162162162162176,3.0405405405405475,4.729729729729726
4549,FDP,2250,19,1.0,1.0,3.541370317686107,1.0,1.0,2.0833333333333344,2.471550497866282,7.752489331436706,1.902560455192031,3.3605974395447973,5.707681365576107,0.053342816500716594,4.391891891891902,1.3513513513513544,3.378378378378379,2.0270270270270316,0.6756756756756701,0.6756756756756701
398,FDP,2250,19,1.0,1.0,2.166311047889996,1.0,1.0,1.9707207207207205,0.4445234708392647,3.449502133712656,0.142247510668561,3.0049786628734054,2.5248933143669987,3.4317211948790884,2.364864864864863,0.3378378378378386,0.6756756756756772,5.067567567567565,2.364864864864863,1.0135135135135158
2245,bunt.saar,2250,19,1.0,1.0,3.5502607871028915,1.0,0.0,2.871621621621627,1.8492176386913215,6.952347083926043,2.329302987197721,1.5291607396870575,6.578947368421048,2.0625889046941595,2.0270270270270316,1.0135135135135158,5.405405405405411,1.0135135135135158,4.391891891891902,3.378378378378386
4033,FDP,2250,19,0.0,0.0,3.9088430535798935,0.0,0.0,2.3648648648648583,3.2894736842105345,3.556187766714075,0.2844950213371291,5.334281650071112,8.659317211948789,2.329302987197721,1.3513513513513473,1.0135135135135016,3.0405405405405332,6.418918918918912,0.3378378378378386,2.0270270270270174
4682,DIE LINKE,2250,19,0.0,0.0,3.1146277856804168,0.0,0.0,4.279279279279277,4.42745376955903,4.889758179231862,0.17780938833571014,4.569701280227605,4.480796586059739,0.1422475106685539,3.378378378378372,1.0135135135135087,7.432432432432435,3.378378378378379,5.067567567567565,5.4054054054054035
4582,CDU,2250,19,1.0,1.0,2.7441915599810343,0.0,1.0,3.547297297297297,1.369132290184929,3.485064011379805,1.262446657183503,3.1294452347083777,3.7162162162162176,3.5028449502133725,0.6756756756756843,3.378378378378379,4.729729729729726,1.0135135135135087,6.756756756756751,4.729729729729733
181,Die Grünen,2250,19,1.0,0.0,6.964201043148411,1.0,1.0,1.576576576576579,0.3022759601706895,5.903271692745371,5.796586059743959,0.6756756756756772,18.705547652916074,10.401849217638699,0.6756756756756843,2.3648648648648702,0.6756756756756772,1.3513513513513544,1.6891891891891788,2.702702702702709
965,bunt.saar,2250,19,1.0,0.0,2.293741109530585,1.0,0.0,1.8581081081081077,4.889758179231862,3.6095305832147915,1.653627311522051,0.7467994310099613,1.618065433854909,1.2446657183499354,0.3378378378378457,1.3513513513513473,3.0405405405405332,1.689189189189193,2.364864864864856,2.3648648648648702
1902,FDP,2250,19,1.0,1.0,3.8525367472735916,1.0,0.0,2.8153153153153134,3.876244665718353,4.854196301564727,4.463015647226179,4.196301564722617,3.44950213371267,2.2759601706970045,4.391891891891888,2.7027027027027017,5.067567567567565,2.702702702702709,1.0135135135135087,1.0135135135135087
1795,bunt.saar,2250,19,0.0,0.0,4.765291607396873,0.0,1.0,2.0833333333333344,0.6578947368421026,3.591749644381224,6.294452347083926,2.560455192034155,9.139402560455203,6.347795163584628,2.0270270270270316,0.0,2.3648648648648702,1.0135135135135087,2.702702702702709,4.391891891891888
4129,FDP,2250,19,0.0,1.0,5.485419630156472,1.0,1.0,0.957207207207207,7.663584637268848,4.018492176386914,2.7916073968705533,10.810810810810814,0.01778093883356746,7.610241820768138,2.3648648648648702,0.6756756756756701,0.6756756756756772,1.3513513513513473,0.6756756756756772,0.0
3209,bunt.saar,2250,19,1.0,0.0,7.639876718824084,1.0,1.0,0.8445945945945953,1.973684210526315,4.480796586059739,9.246088193456615,7.716927453769557,16.02062588904694,6.401137980085338,1.0135135135135087,2.0270270270270316,0.0,1.0135135135135158,0.0,1.0135135135135158
1526,bunt.saar,2250,19,1.0,0.0,4.086652441915601,1.0,1.0,0.9009009009009006,0.6045519203413932,0.17780938833570303,5.26315789473685,3.840682788051218,10.401849217638691,4.231863442389752,0.3378378378378315,0.3378378378378386,1.3513513513513544,1.689189189189186,0.3378378378378386,1.3513513513513544
3472,FDP,2250,19,1.0,1.0,3.0849928876244648,1.0,1.0,0.9572072072072059,6.561166429587473,0.9246088193456643,2.578236130867701,3.1116642958748173,4.391891891891895,0.9423897581792389,1.0135135135135158,0.0,0.3378378378378315,2.0270270270270316,0.6756756756756701,1.689189189189186
1712,FDP,2250,19,1.0,0.0,3.6539829302987172,1.0,0.0,2.027027027027023,5.5476529160739645,0.49786628733995997,3.7162162162162176,0.35561877667140607,9.423897581792318,2.3826458036984377,1.0135135135135087,3.0405405405405332,0.3378378378378386,2.364864864864856,3.0405405405405403,2.364864864864863
1554,bunt.saar,2250,19,1.0,1.0,5.206851588430534,1.0,1.0,2.4774774774774833,0.6578947368421026,3.0405405405405332,8.179231863442382,3.165007112375534,7.467994310099577,8.730440967283073,3.378378378378379,3.0405405405405475,2.3648648648648702,0.6756756756756843,2.0270270270270316,3.378378378378386
1047,CDU,2250,19,1.0,1.0,4.679350403034614,1.0,1.0,2.3085585585585604,5.743243243243242,1.369132290184929,1.8492176386913144,8.55263157894737,7.805832147937409,2.7560455192034183,3.0405405405405475,1.689189189189186,2.7027027027027017,1.689189189189193,3.378378378378379,1.3513513513513544
3484,FDP,2250,19,0.0,1.0,1.9766477003319132,1.0,1.0,0.9572072072072011,0.8357041251778128,3.02275960170698,1.0490753911806507,5.138691322901849,1.2980085348506378,0.5156472261735487,1.689189189189193,0.3378378378378244,0.3378378378378315,0.675675675675663,2.0270270270270245,0.6756756756756701
4196,CDU,2250,19,1.0,1.0,4.000711237553342,1.0,1.0,1.8018018018018012,0.6401137980085352,4.089615931721191,6.596728307254629,5.494310099573248,6.187766714082507,0.9957325746799413,1.689189189189186,4.729729729729726,0.3378378378378386,0.3378378378378386,1.3513513513513473,2.3648648648648702
1460,SPD,2250,19,1.0,1.0,2.4033902323376055,1.0,1.0,1.8018018018018047,2.275960170697026,0.12446657183499354,2.9694167852062563,2.560455192034155,1.262446657183503,5.2275960170697005,1.0135135135135087,3.7162162162162176,0.0,1.3513513513513615,2.0270270270270316,2.702702702702709
5054,FDP,2250,19,0.0,0.0,3.698435277382645,0.0,0.0,6.813063063063059,3.058321479374115,6.36557610241821,1.0312944523470833,0.6223328591749677,6.294452347083926,4.818634423897571,1.3513513513513473,7.094594594594589,7.770270270270267,4.391891891891895,9.797297297297284,10.472972972972975
3010,SPD,2250,19,0.0,0.0,10.37221431958274,0.0,0.0,4.954954954954953,8.339260312944525,5.814366998577526,18.243243243243242,0.16002844950212847,19.630156472261724,10.046230440967292,3.7162162162162105,2.0270270270270245,7.432432432432428,2.7027027027027017,10.472972972972968,3.378378378378386
3608,FDP,2250,19,0.0,1.0,4.276315789473685,0.0,1.0,2.7590090090090107,3.0405405405405332,6.952347083926028,0.7467994310099613,10.384068278805131,3.627311522048366,0.9068278805120897,0.6756756756756772,2.0270270270270316,2.364864864864863,5.743243243243249,1.689189189189193,4.054054054054049
5034,DIE LINKE,2250,19,0.0,0.0,3.1946420104314854,0.0,0.0,3.6599099099099086,0.6401137980085352,3.378378378378379,1.2446657183499283,1.2802275960170775,9.246088193456615,3.378378378378379,6.418918918918919,2.0270270270270245,7.0945945945945965,4.054054054054042,0.6756756756756843,1.689189189189186
347,FDP,2250,19,1.0,1.0,3.197605500237078,1.0,1.0,1.9707207207207216,3.4317211948790884,0.9779516358463738,1.7780938833570374,3.8229018492176436,7.112375533428157,2.0625889046941666,1.689189189189193,1.0135135135135087,2.0270270270270316,2.0270270270270316,3.7162162162162176,1.3513513513513473
4266,Die Grünen,2250,19,0.0,0.0,6.125533428165007,0.0,0.0,2.702702702702704,3.0049786628733983,3.271692745376953,6.3122332859175,2.773826458036986,12.126600284495026,9.263869132290182,5.067567567567558,0.6756756756756772,2.3648648648648702,0.6756756756756843,2.702702702702709,4.729729729729726
2471,bunt.saar,2250,19,1.0,0.0,3.6006401137980077,1.0,1.0,1.6891891891891895,1.0668563300142253,1.262446657183503,3.307254623044102,2.3826458036984306,10.13513513513513,3.449502133712656,1.689189189189193,2.7027027027026946,1.689189189189193,2.0270270270270245,1.689189189189193,0.3378378378378386
462,FDP,2250,19,1.0,1.0,4.5904457088667625,1.0,0.0,2.1959459459459474,0.8890469416785152,6.934566145092461,5.921052631578952,4.587482219061172,4.551920341394016,4.658605974395456,3.7162162162162176,1.013513513513523,1.0135135135135158,2.364864864864856,1.689189189189193,3.378378378378379
4631,bunt.saar,2250,19,1.0,0.0,5.725462304409672,1.0,0.0,11.880630630630634,4.605263157894733,0.3911806543385552,10.881934566145091,2.7027027027027017,10.757467994310105,5.014224751066848,6.081081081081088,5.743243243243249,17.229729729729733,9.45945945945946,16.554054054054063,16.21621621621621
4519,FDP,2250,19,1.0,1.0,4.679350403034615,1.0,1.0,5.743243243243241,2.7204836415362763,9.281650071123742,2.3648648648648702,2.951635846372696,5.423186344238985,5.334281650071119,4.729729729729726,4.054054054054042,5.067567567567572,5.743243243243242,6.081081081081088,8.783783783783775
3160,FDP,2250,19,1.0,1.0,2.9042200094831685,1.0,1.0,3.5472972972972983,2.6671408250355597,1.333570412517787,7.876955903271693,1.1735419630156443,4.17852062588905,0.1955903271692776,5.405405405405411,1.689189189189193,5.743243243243242,5.743243243243242,0.6756756756756772,2.0270270270270245
1636,bunt.saar,2250,19,1.0,1.0,5.11794689426268,1.0,1.0,1.1824324324324351,3.022759601706966,9.246088193456615,7.6635846372688405,2.293741109530586,1.6358463726884764,6.845661450924595,1.3513513513513473,1.013513513513523,1.0135135135135158,0.6756756756756772,1.0135135135135158,2.0270270270270316
3613,Die Grünen,2250,19,0.0,0.0,5.689900426742532,0.0,0.0,3.7162162162162176,0.2489331436699942,4.089615931721191,8.25035561877666,2.5248933143669916,9.512802275960176,9.512802275960176,4.391891891891888,3.378378378378379,5.067567567567565,2.0270270270270245,1.3513513513513615,6.081081081081088
3021,FDP,2250,19,0.0,1.0,2.0833333333333357,0.0,1.0,2.702702702702703,2.2226173541963163,0.9423897581792389,1.4580369843527734,5.352062588904687,1.724751066856328,0.8001422475106708,3.378378378378386,2.7027027027026946,3.378378378378372,2.702702702702709,1.3513513513513544,2.7027027027027017
4015,CDU,2250,19,1.0,0.0,4.44227121858701,0.0,1.0,3.1531531531531556,6.365576102418217,4.302987197724036,0.17780938833571014,6.970128022759603,6.756756756756758,2.080369843527734,3.7162162162162247,2.0270270270270316,6.081081081081081,1.013513513513523,2.364864864864863,3.7162162162162105
1963,bunt.saar,2250,19,1.0,1.0,2.444879089615926,1.0,0.0,2.9842342342342376,0.21337126600283796,5.6899004267425255,0.8357041251778128,0.21337126600283796,4.67638691322901,3.0405405405405332,0.0,1.0135135135135158,5.4054054054054035,3.0405405405405403,6.081081081081095,2.3648648648648702
2377,SPD,2250,19,0.0,0.0,6.042555713608348,1.0,1.0,1.7454954954954995,7.450213371266003,9.40611664295875,6.1877667140825,2.151493598862025,6.596728307254629,4.463015647226179,1.6891891891892001,2.702702702702709,2.0270270270270245,1.0135135135135158,0.6756756756756772,2.3648648648648702
4709,CDU,2250,19,1.0,0.0,6.267780938833575,1.0,0.0,1.970720720720718,1.9914651493598896,3.2183499288762576,7.770270270270274,4.783072546230443,11.34423897581793,8.499288762446653,1.0135135135135158,2.0270270270270174,1.689189189189186,1.3513513513513473,3.0405405405405475,2.7027027027026946
3503,Die Grünen,2250,19,1.0,0.0,2.0329540066382195,1.0,0.0,6.362612612612616,3.307254623044095,2.080369843527741,2.1337126600284577,0.426742532005683,2.3115220483641536,1.9381223328591872,10.135135135135137,5.743243243243249,5.067567567567579,4.391891891891888,6.756756756756758,6.081081081081088
4008,SPD,2250,19,1.0,0.0,4.495614035087718,1.0,1.0,1.2950450450450444,2.2403982930298625,2.9338549075391214,8.623755334281647,4.285206258890469,5.796586059743959,3.09388335704125,1.3513513513513473,0.6756756756756701,1.3513513513513473,0.0,3.0405405405405475,1.3513513513513544
524,FDP,2250,19,0.0,1.0,5.387624466571833,1.0,1.0,1.5202702702702666,4.516358463726888,7.3079658605974345,0.5156472261735452,12.588904694167837,2.7382645803698367,4.658605974395456,1.0135135135135087,3.0405405405405403,1.3513513513513544,1.0135135135135016,2.364864864864863,0.3378378378378315
4091,bunt.saar,2250,19,1.0,0.0,5.589141773352305,1.0,0.0,1.4076576576576525,0.1955903271692847,1.262446657183503,10.828591749644389,3.2894736842105345,11.593172119487903,6.365576102418217,1.689189189189186,3.0405405405405403,0.3378378378378315,2.3648648648648702,0.675675675675663,0.3378378378378244
400,Die Grünen,2250,19,0.0,0.0,3.1650071123755317,0.0,1.0,1.5765765765765778,1.5825035561877598,0.8357041251778057,6.276671408250358,0.46230440967283215,0.6756756756756772,9.157183499288756,0.0,2.7027027027027017,1.3513513513513615,0.3378378378378386,5.067567567567565,0.0
2280,FDP,2250,19,1.0,0.0,3.2183499288762456,1.0,1.0,1.3513513513513484,5.974395448079662,2.5960170697012828,0.2489331436699871,2.400426742531998,2.3826458036984377,5.707681365576107,1.0135135135135016,2.364864864864856,0.6756756756756772,1.689189189189193,0.0,2.364864864864863
4127,CDU,2250,19,1.0,1.0,6.1492413466097675,1.0,1.0,1.914414414414414,5.174253200568991,7.770270270270274,3.69843527738265,5.067567567567565,10.56187766714082,4.623044096728307,1.0135135135135087,0.3378378378378386,3.7162162162162176,2.0270270270270316,0.3378378378378386,4.054054054054049
4695,Die Grünen,2250,19,0.0,0.0,6.101825509720247,0.0,0.0,4.7860360360360374,3.2894736842105345,0.3022759601707037,11.415362731152207,5.867709815078236,8.321479374110943,7.4146514935988606,7.432432432432435,1.689189189189186,7.770270270270281,6.081081081081074,2.7027027027027017,3.0405405405405475
4510,FDP,2250,19,1.0,1.0,3.4909909909909906,1.0,1.0,2.9279279279279256,5.814366998577526,0.9068278805120897,0.23115220483641252,6.614509246088197,4.267425320056894,3.1116642958748244,1.3513513513513473,1.3513513513513544,5.4054054054054035,2.364864864864863,4.729729729729726,2.3648648648648596
15,CDU,2250,19,1.0,1.0,4.036273115220482,1.0,0.0,2.7027027027027053,0.9957325746799413,1.689189189189186,8.588193456614505,9.157183499288756,2.151493598862025,1.6358463726884764,1.3513513513513544,2.3648648648648702,6.081081081081081,1.013513513513523,4.054054054054056,1.3513513513513473
1642,bunt.saar,2250,19,1.0,1.0,1.8373636794689407,0.0,0.0,1.7454954954954935,2.8449502133712556,0.9779516358463738,3.022759601706973,2.7204836415362763,1.3157894736842124,0.1422475106685539,1.6891891891892001,2.0270270270270316,2.364864864864856,0.6756756756756772,2.7027027027026946,1.0135135135135016
2673,Die Grünen,2250,19,0.0,1.0,3.8821716453295374,0.0,1.0,1.520270270270269,3.520625889046933,1.0312944523470904,6.063300142247506,1.0490753911806578,7.912517780938828,3.7162162162162105,0.3378378378378386,3.0405405405405332,2.702702702702709,1.0135135135135087,1.689189189189186,0.3378378378378386
1255,bunt.saar,2250,19,1.0,0.0,4.28520625889047,1.0,1.0,1.4076576576576574,1.1913229018492189,3.378378378378372,6.952347083926043,0.23115220483641252,9.886201991465143,4.071834992887631,0.6756756756756701,0.3378378378378386,2.0270270270270174,2.3648648648648702,1.0135135135135158,2.0270270270270316
2672,bunt.saar,2250,19,0.0,0.0,7.319819819819816,1.0,0.0,2.7027027027027004,1.831436699857747,2.8271692745377024,9.103840682788054,5.209815078236119,17.709815078236126,7.23684210526315,1.689189189189186,2.3648648648648702,1.689189189189186,3.0405405405405332,5.743243243243242,1.689189189189186
3791,bunt.saar,2250,19,1.0,1.0,5.186107159791373,1.0,1.0,1.5202702702702713,6.827880512091042,2.9694167852062563,7.894736842105267,4.463015647226179,6.614509246088197,2.3470839260312957,0.3378378378378386,1.3513513513513544,2.0270270270270316,2.7027027027027017,2.0270270270270245,0.6756756756756772
2844,bunt.saar,2250,19,1.0,1.0,3.7428876244665723,1.0,1.0,1.407657657657656,3.3605974395448044,3.1472261735419664,1.9025604551920452,5.103129445234707,6.241109530583216,2.7027027027026946,0.675675675675663,0.6756756756756772,1.3513513513513402,1.3513513513513544,3.0405405405405332,1.3513513513513686
2228,bunt.saar,2250,19,1.0,0.0,4.160739687055474,1.0,1.0,1.5202702702702677,4.480796586059739,1.7780938833570303,5.049786628733997,0.6934566145092376,8.78378378378379,4.17852062588905,0.0,2.0270270270270316,2.0270270270270174,2.364864864864863,0.6756756756756772,2.0270270270270174
722,bunt.saar,2250,19,0.0,0.0,6.152204836415361,1.0,1.0,0.7882882882882901,1.0668563300142253,1.4224751066856385,8.588193456614505,1.582503556187767,13.63798008534851,10.615220483641522,1.689189189189193,0.0,1.3513513513513544,0.6756756756756772,1.0135135135135158,0.0
597,bunt.saar,2250,19,1.0,0.0,1.9588667614983446,1.0,1.0,1.9144144144144153,2.489331436699864,1.3157894736842124,3.7339971550497992,0.5689900426742511,1.689189189189193,1.9559032716927476,0.3378378378378386,4.054054054054063,2.0270270270270174,0.6756756756756843,4.391891891891888,0.0
3500,CDU,2250,19,0.0,0.0,7.512446657183499,1.0,1.0,0.8445945945945977,3.9651493598862118,7.894736842105267,12.32219061166429,0.7290184921763796,10.828591749644389,9.334992887624459,0.3378378378378386,1.0135135135135087,0.3378378378378457,0.6756756756756843,0.6756756756756772,2.0270270270270316
1076,FDP,2250,19,1.0,1.0,3.031650071123753,1.0,1.0,0.6193693693693673,0.8001422475106637,0.03556187766713492,5.28093883357041,4.551920341394023,2.880512091038412,4.640825035561875,1.3513513513513402,1.0135135135135087,1.3513513513513544,0.0,0.0,0.0
332,SPD,2250,19,0.0,0.0,5.938833570412523,1.0,0.0,2.083333333333337,1.0846372688477999,3.5028449502133725,12.144381223328601,0.8534850640113874,7.610241820768145,10.437411095305833,1.689189189189186,1.6891891891892001,3.378378378378386,2.702702702702709,1.689189189189193,1.3513513513513473
3553,SPD,2250,19,1.0,1.0,4.848269321953538,1.0,1.0,1.0698198198198174,1.2446657183499354,2.6671408250355597,8.55263157894737,2.3293029871977353,7.023470839260327,7.2724039829302995,0.675675675675663,0.3378378378378457,2.0270270270270316,0.6756756756756843,1.0135135135135016,1.6891891891891788
3655,FDP,2250,19,1.0,1.0,2.8182788051209116,1.0,1.0,2.0270270270270294,1.7069701280227676,0.01778093883356746,5.7610241820768096,1.760312944523477,4.765291607396868,2.8982930298719793,3.7162162162162176,0.3378378378378386,4.391891891891888,1.6891891891892072,2.0270270270270245,0.0
4165,FDP,2250,19,1.0,1.0,4.922356567093411,1.0,1.0,2.871621621621621,1.760312944523477,1.0312944523470762,6.7389758179231904,0.8534850640113802,14.17140825035563,4.978662873399713,5.743243243243235,0.6756756756756701,3.378378378378379,1.3513513513513544,3.378378378378386,2.7027027027027017
2428,FDP,2250,19,0.0,1.0,3.064248458985299,1.0,1.0,4.222972972972973,2.8449502133712556,3.8584637268847786,2.222617354196302,5.2275960170697005,2.151493598862025,2.080369843527734,6.756756756756758,6.418918918918919,4.054054054054049,1.0135135135135087,2.0270270270270316,5.067567567567572
3869,SPD,2250,19,0.0,0.0,6.193693693693695,1.0,0.0,1.4076576576576574,6.045519203413939,4.391891891891895,6.418918918918912,6.685633001422481,9.495021337126602,4.12517780938834,2.3648648648648702,0.6756756756756701,0.0,0.6756756756756772,1.0135135135135087,3.7162162162162176
353,bunt.saar,2250,19,1.0,1.0,4.682313892840206,1.0,1.0,4.110360360360359,9.423897581792318,4.551920341394016,7.396870554765293,4.765291607396875,1.6714082503556114,0.284495021337122,7.432432432432428,2.3648648648648702,2.0270270270270174,7.432432432432435,1.3513513513513544,4.054054054054049
5046,Die Grünen,2250,19,1.0,0.0,4.5963726884779526,1.0,0.0,5.518018018018018,2.080369843527741,2.3648648648648702,5.938833570412527,2.364864864864863,11.308677098150774,3.52062588904694,2.7027027027027017,3.0405405405405475,7.770270270270274,7.094594594594589,7.770270270270267,4.729729729729726
4561,FDP,2250,19,1.0,1.0,4.463015647226175,1.0,1.0,3.828828828828834,0.9246088193456643,6.703413940256048,6.61450924608819,2.809388335704128,3.6806543385490755,6.045519203413946,4.391891891891902,3.378378378378386,5.067567567567565,4.054054054054063,1.3513513513513544,4.729729729729733
2918,Die Grünen,2250,19,1.0,0.0,6.2974158368895194,1.0,1.0,1.7454954954954995,0.8179231863442382,2.3648648648648702,11.21977240398293,0.7645803698435216,14.118065433854902,8.499288762446653,1.0135135135135087,1.689189189189193,3.378378378378386,0.6756756756756843,3.378378378378386,0.3378378378378386
916,FDP,2250,19,1.0,0.0,4.181484115694643,1.0,1.0,2.0270270270270268,3.022759601706973,9.850640113798008,0.8890469416785152,1.4224751066856385,7.3968705547653,2.507112375533424,1.689189189189193,1.689189189189186,2.3648648648648702,2.364864864864856,3.0405405405405475,1.0135135135135087
1568,bunt.saar,2250,19,1.0,0.0,6.854551920341393,1.0,1.0,1.0698198198198234,0.03556187766713492,2.6849217638691343,11.433143669985782,4.338549075391178,15.967283072546223,6.667852062588906,0.6756756756756843,2.0270270270270316,1.01351351351353,0.6756756756756772,1.0135135135135158,1.0135135135135016
68,bunt.saar,2250,19,1.0,1.0,6.629326695116166,1.0,1.0,3.828828828828833,3.200568990042669,3.0405405405405332,6.8100995732574745,0.37339971550497353,17.81650071123756,8.534850640113788,4.729729729729726,1.01351351351353,3.0405405405405475,3.7162162162162176,5.067567567567572,5.4054054054054035
2906,Die Grünen,2250,19,0.0,0.0,7.4265054528212415,1.0,0.0,2.1959459459459474,4.302987197724036,4.17852062588905,14.135846372688476,1.4935988620199154,16.002844950213372,4.445234708392597,3.0405405405405475,2.0270270270270316,1.0135135135135087,2.364864864864863,0.3378378378378315,4.391891891891902
1237,DIE LINKE,2250,19,1.0,0.0,2.678994784257943,0.0,1.0,3.4909909909909906,0.8357041251778057,3.94736842105263,3.236130867709818,1.724751066856328,3.840682788051211,2.489331436699864,0.3378378378378386,1.0135135135135087,5.4054054054054035,1.3513513513513544,6.418918918918926,6.418918918918912
698,DIE LINKE,2250,19,0.0,0.0,4.818634423897581,0.0,0.0,4.39189189189189,5.067567567567565,8.766002844950215,0.8534850640113874,3.7517780938833525,4.818634423897571,5.654338549075398,10.13513513513513,3.0405405405405403,0.0,8.445945945945937,1.3513513513513473,3.378378378378386
4978,FDP,2250,19,0.0,0.0,6.466334755808442,1.0,0.0,1.3513513513513498,11.664295874822194,4.605263157894733,0.5867709815078399,6.827880512091042,10.864153627311524,4.2496443812233196,1.0135135135135158,3.378378378378379,0.0,1.3513513513513544,1.689189189189186,0.675675675675663
1348,FDP,2250,19,1.0,1.0,1.7247510668563304,1.0,0.0,2.2522522522522466,1.5825035561877598,2.258179231863444,0.053342816500716594,4.854196301564727,0.35561877667140607,1.2446657183499283,3.0405405405405332,2.0270270270270245,3.0405405405405332,1.6891891891891788,1.0135135135135087,2.7027027027027017
1379,bunt.saar,2250,19,1.0,1.0,4.528212422949269,1.0,1.0,0.731981981981986,0.5156472261735487,5.600995732574688,5.778805120910384,2.987197724039838,6.721194879089616,5.565433854907539,0.6756756756756843,0.3378378378378386,1.689189189189193,0.6756756756756843,0.6756756756756772,0.3378378378378386
1182,bunt.saar,2250,19,0.0,0.0,5.648411569464201,0.0,0.0,2.6463963963963955,0.8890469416785152,4.711948790896166,5.921052631578952,5.2631578947368425,7.841394025604551,9.263869132290182,6.756756756756751,1.3513513513513473,0.6756756756756772,2.0270270270270316,0.675675675675663,4.391891891891902
4425,CDU,2250,19,1.0,0.0,3.0079421526789916,1.0,1.0,1.9707207207207216,1.0135135135135087,2.115931721194869,0.1422475106685539,2.880512091038412,9.210526315789465,2.6849217638691414,2.0270270270270245,2.0270270270270316,1.689189189189193,1.689189189189193,3.0405405405405403,1.3513513513513473
4042,bunt.saar,2250,19,1.0,0.0,9.266832622095775,0.0,1.0,4.898648648648645,5.174253200568991,3.058321479374108,12.482219061166425,13.264580369843515,10.739687055476516,10.881934566145091,5.067567567567565,0.6756756756756772,5.067567567567565,7.770270270270267,3.7162162162161962,7.0945945945945965
3188,FDP,2250,19,1.0,1.0,5.343172119487911,1.0,1.0,1.0698198198198157,7.414651493598868,0.3556187766714132,3.627311522048366,11.664295874822194,0.6756756756756772,8.32147937411095,0.0,1.3513513513513402,1.0135135135135087,1.6891891891891788,0.3378378378378386,2.027027027027028
4417,FDP,2250,19,1.0,0.0,5.094238975817919,1.0,1.0,2.3648648648648667,7.183499288762434,2.9694167852062563,5.47652916073968,2.4893314366998567,5.636557610241816,6.810099573257467,1.689189189189193,1.3513513513513473,1.0135135135135158,2.702702702702709,4.054054054054056,3.378378378378379
175,FDP,2250,19,0.0,0.0,6.202584163110475,0.0,0.0,4.673423423423426,2.009246088193457,4.445234708392597,4.480796586059739,8.161450924608815,11.984352773826451,6.13442389758179,4.054054054054056,2.0270270270270316,6.756756756756758,7.432432432432435,2.0270270270270316,5.743243243243242
4655,FDP,2250,19,1.0,0.0,4.0836889521100055,1.0,0.0,2.3085585585585577,7.076813655761022,2.400426742532005,2.6849217638691414,1.4580369843527734,6.13442389758179,4.747510668563301,0.3378378378378457,4.054054054054056,1.689189189189186,3.378378378378372,1.3513513513513544,3.0405405405405332
4189,SPD,2250,19,0.0,0.0,2.7501185395922243,0.0,0.0,6.981981981981985,1.3513513513513473,8.232574679943106,1.9559032716927476,0.8890469416785152,2.400426742532005,1.6714082503556256,3.7162162162162176,10.135135135135144,8.445945945945951,2.7027027027027017,5.4054054054054035,11.486486486486491
2219,Die Grünen,2250,19,1.0,0.0,7.322783309625419,0.0,1.0,1.5202702702702713,4.249644381223341,2.6849217638691343,10.490753911806543,2.7560455192034183,14.295874822190612,9.459459459459467,3.378378378378386,2.0270270270270316,2.0270270270270174,1.689189189189193,0.0,0.0
3344,FDP,2250,19,0.0,0.0,4.756401137980085,0.0,1.0,3.2657657657657615,4.356330014224753,5.4409672830725455,4.000711237553347,4.267425320056894,8.161450924608815,2.3115220483641536,6.081081081081074,1.689189189189193,3.378378378378379,3.0405405405405332,2.364864864864856,3.0405405405405332
2364,Die Grünen,2250,19,0.0,1.0,3.73399715504979,0.0,1.0,1.745495495495496,0.5156472261735487,3.5739687055476566,5.761024182076817,1.5291607396870575,8.55263157894737,2.471550497866289,2.364864864864863,4.054054054054049,1.0135135135135158,0.0,2.0270270270270316,1.0135135135135158
4651,Die Grünen,2250,19,1.0,1.0,5.135727833096255,1.0,1.0,1.0135135135135063,2.6493598862019923,4.249644381223341,7.005689900426745,0.3022759601706895,8.641536273115221,7.965860597439544,0.6756756756756701,1.3513513513513473,0.3378378378378386,2.0270270270270174,1.3513513513513402,0.3378378378378244
3514,FDP,2250,19,1.0,1.0,4.09257942152679,1.0,1.0,1.8581081081081088,7.556899004267429,7.254623044096725,0.3022759601706895,3.2539118065433854,0.26671408250356166,5.921052631578952,1.0135135135135158,1.3513513513513544,3.7162162162162105,0.0,0.6756756756756772,4.391891891891895
3324,bunt.saar,2250,19,1.0,0.0,5.844001896633479,1.0,1.0,0.8445945945945953,1.3335704125177799,4.943100995732571,8.463726884779526,0.5867709815078257,13.015647226173549,6.721194879089623,0.6756756756756772,1.3513513513513544,0.3378378378378386,2.0270270270270245,0.3378378378378386,0.3378378378378386
1042,bunt.saar,2250,19,1.0,0.0,5.648411569464198,1.0,1.0,2.364864864864861,5.565433854907525,4.960881934566139,5.974395448079662,0.2489331436699871,14.08250355618776,3.058321479374115,1.3513513513513402,3.7162162162162176,1.6891891891891788,2.7027027027027017,1.0135135135135016,3.7162162162162247
1185,bunt.saar,2250,19,0.0,0.0,5.811403508771929,1.0,1.0,5.123873873873875,0.46230440967283215,5.903271692745371,3.8762446657183602,3.413940256045521,13.65576102418207,7.556899004267422,3.7162162162162176,3.0405405405405403,4.054054054054063,7.432432432432428,7.0945945945945965,5.4054054054054035
4281,SPD,2250,19,1.0,0.0,8.816382171645328,0.0,0.0,3.997747747747747,3.200568990042669,9.40611664295875,9.495021337126602,1.7425320056899025,14.366998577524889,14.687055476529153,2.0270270270270316,0.6756756756756772,4.054054054054056,2.0270270270270245,9.797297297297284,5.405405405405411
5137,FDP,2250,19,0.0,0.0,3.9710763394973925,0.0,1.0,0.6193693693693719,3.5739687055476637,6.472261735419629,1.3513513513513473,5.565433854907539,4.960881934566139,1.902560455192038,1.0135135135135087,0.0,0.6756756756756843,0.6756756756756772,0.6756756756756772,0.6756756756756843
3830,bunt.saar,2250,19,0.0,1.0,4.240753911806542,0.0,1.0,1.2950450450450444,5.316500711237559,1.0312944523470904,3.8229018492176436,0.26671408250354744,8.872688477951627,6.134423897581783,0.6756756756756843,1.6891891891891788,1.3513513513513544,1.013513513513523,1.3513513513513473,1.6891891891891788
5089,bunt.saar,2250,19,1.0,0.0,5.461711711711711,1.0,0.0,6.475225225225227,0.2844950213371291,1.1557610241820697,7.89473684210526,7.076813655761022,11.69985775248933,4.658605974395456,7.0945945945945965,0.6756756756756772,6.418918918918919,10.810810810810814,6.418918918918919,7.432432432432435
1054,bunt.saar,2250,19,1.0,1.0,4.083688952110008,1.0,1.0,1.182432432432428,3.058321479374115,4.374110953058313,3.6806543385490897,2.151493598862025,9.139402560455203,2.0981507823613015,1.689189189189186,0.0,1.0135135135135016,1.3513513513513473,1.0135135135135016,2.0270270270270316
4663,FDP,2250,19,0.0,1.0,3.1916785206258873,1.0,1.0,1.4639639639639626,1.0668563300142182,5.03200568990043,4.42745376955903,6.703413940256041,1.1201991465149348,0.8001422475106708,0.3378378378378386,0.6756756756756772,3.0405405405405403,1.0135135135135158,3.0405405405405332,0.6756756756756701
4966,bunt.saar,2250,19,1.0,0.0,4.703058321479374,1.0,0.0,1.5765765765765742,5.28093883357041,6.881223328591759,3.520625889046933,4.711948790896166,7.130156472261731,0.6934566145092447,2.364864864864863,1.689189189189186,1.3513513513513473,1.3513513513513473,0.3378378378378386,2.364864864864863
2161,bunt.saar,2250,19,0.0,1.0,3.9029160739687114,1.0,1.0,1.970720720720723,2.5960170697012828,5.014224751066848,2.3293029871977353,2.3293029871977353,5.778805120910384,5.369843527738283,0.6756756756756843,2.0270270270270316,3.0405405405405475,0.6756756756756843,3.378378378378372,2.0270270270270174
3560,FDP,2250,19,0.0,1.0,1.1883594120436232,0.0,1.0,2.3085585585585555,2.293741109530586,1.831436699857747,0.9779516358463738,1.0490753911806578,0.9779516358463738,0.0,5.067567567567565,3.0405405405405403,0.6756756756756772,2.364864864864856,2.364864864864856,0.3378378378378386
1206,FDP,2250,19,1.0,1.0,3.870317686107159,1.0,1.0,2.702702702702704,2.8449502133712556,3.3605974395448044,2.880512091038412,6.098862019914655,5.867709815078236,2.1692745376955926,2.0270270270270245,2.0270270270270316,3.7162162162162176,2.3648648648648702,4.391891891891888,1.689189189189193
4511,bunt.saar,2250,19,0.0,1.0,5.227596017069703,0.0,1.0,2.1396396396396375,7.503556187766712,3.698435277382643,5.707681365576107,4.463015647226179,8.374822190611667,1.618065433854909,3.378378378378372,4.054054054054049,0.6756756756756701,2.3648648648648702,1.0135135135135158,1.3513513513513473
270,bunt.saar,2250,19,0.0,1.0,5.995139876718826,0.0,0.0,3.209459459459463,3.342816500711244,2.8982930298719793,5.689900426742533,5.8321479374110865,11.664295874822194,6.54338549075392,4.054054054054063,1.3513513513513615,1.689189189189186,1.0135135135135087,6.418918918918919,4.7297297297297405
1037,bunt.saar,2250,19,1.0,1.0,2.97830725462304,1.0,1.0,3.434684684684683,6.7745376955903325,4.142958748221901,1.7780938833570303,1.689189189189186,0.4267425320056759,3.058321479374115,3.7162162162162176,1.0135135135135016,3.0405405405405332,3.7162162162162176,3.7162162162162247,5.4054054054054035
3872,CDU,2250,19,1.0,0.0,1.496562351825504,1.0,1.0,3.772522522522523,1.0135135135135087,4.018492176386907,0.6934566145092376,0.426742532005683,1.9203413940255984,0.9068278805120897,2.364864864864863,3.7162162162162176,4.729729729729726,3.7162162162162176,5.067567567567572,3.0405405405405403
1174,Die Grünen,2250,19,0.0,0.0,5.728425794215268,0.0,0.0,3.9414414414414396,0.07112375533427695,4.569701280227605,7.6635846372688405,0.40896159317212266,13.193456614509245,8.463726884779518,4.054054054054042,1.013513513513523,5.743243243243242,5.4054054054054035,5.067567567567565,2.364864864864863
585,bunt.saar,2250,19,1.0,0.0,8.084400189663347,1.0,1.0,2.92792792792793,3.378378378378379,5.298719772403977,10.43741109530584,5.885490753911803,14.669274537695586,8.837126600284492,2.364864864864863,1.3513513513513473,3.7162162162162247,2.0270270270270316,4.391891891891902,3.7162162162162105
3100,bunt.saar,2250,19,0.0,0.0,4.5222854433380775,0.0,0.0,2.533783783783781,3.876244665718353,3.165007112375541,1.653627311522051,2.0270270270270316,7.805832147937409,8.60597439544808,0.3378378378378244,3.0405405405405403,4.391891891891888,2.0270270270270245,3.378378378378379,2.0270270270270316
4439,FDP,2250,19,1.0,0.0,4.1162873399715485,1.0,1.0,3.2094594594594597,7.432432432432435,4.089615931721191,0.03556187766713492,1.689189189189193,10.56187766714082,0.8890469416785152,2.0270270270270245,1.3513513513513544,4.054054054054056,1.0135135135135158,4.054054054054056,6.756756756756751
655,DIE LINKE,2250,19,0.0,0.0,2.5693456614509267,0.0,1.0,4.222972972972971,0.5156472261735487,5.814366998577526,0.01778093883356746,2.435988620199147,4.640825035561882,1.9914651493598896,5.4054054054054035,1.689189189189186,3.378378378378372,4.054054054054056,6.081081081081074,4.729729729729733
1688,Die Grünen,2250,19,1.0,0.0,8.217757230915128,0.0,1.0,2.027027027027028,3.0049786628733983,7.3790896159317185,10.206258890469421,5.138691322901856,13.140113798008535,10.437411095305833,4.054054054054056,1.0135135135135087,2.702702702702709,2.0270270270270316,0.0,2.364864864864863
4745,FDP,2250,19,1.0,1.0,2.942745376955905,0.0,1.0,4.054054054054056,1.226884779516368,1.4935988620199083,4.925320056899004,3.200568990042683,5.974395448079662,0.8357041251778057,0.6756756756756914,3.378378378378372,3.7162162162162176,9.121621621621628,1.3513513513513473,6.081081081081081
4102,bunt.saar,2250,19,1.0,0.0,8.71858700806069,1.0,0.0,2.3648648648648596,5.618776671408241,3.3605974395447973,11.041963015647227,0.5512091038406837,20.53698435277383,11.201991465149362,0.3378378378378315,1.0135135135135016,2.7027027027026946,0.0,5.743243243243242,4.391891891891888
2740,CDU,2250,19,0.0,0.0,2.6315789473684212,0.0,1.0,1.4076576576576538,4.302987197724043,5.1209103840682815,0.5156472261735487,1.618065433854909,2.7916073968705533,1.4402560455191917,0.3378378378378386,1.3513513513513473,0.6756756756756772,3.7162162162162033,0.3378378378378244,2.0270270270270316
3942,FDP,2250,19,1.0,1.0,3.1442626837363696,0.0,0.0,4.617117117117118,2.8271692745377024,0.426742532005683,4.089615931721191,0.35561877667140607,8.285917496443822,2.880512091038412,0.3378378378378386,7.094594594594589,6.081081081081088,3.0405405405405475,5.743243243243235,5.405405405405411
4910,Die Grünen,2250,19,0.0,0.0,7.965860597439545,0.0,0.0,3.8288288288288292,3.9651493598862118,1.2268847795163538,9.992887624466576,4.480796586059739,14.793741109530586,13.335704125177806,3.7162162162162105,0.6756756756756843,4.054054054054049,6.081081081081088,4.729729729729726,3.7162162162162176
2182,FDP,2250,19,1.0,0.0,4.181484115694641,1.0,1.0,7.4324324324324325,0.37339971550497353,4.498577524893314,10.046230440967285,1.6358463726884764,1.618065433854909,6.916785206258886,4.391891891891902,6.081081081081074,11.486486486486491,5.067567567567565,5.743243243243242,11.824324324324323
1065,bunt.saar,2250,19,1.0,0.0,5.073494547178761,1.0,0.0,1.8581081081081028,1.7069701280227676,3.449502133712656,10.686344238975813,6.98790896159317,7.02347083926032,0.5867709815078399,2.7027027027026946,0.0,1.3513513513513544,4.729729729729726,0.675675675675663,1.6891891891891788
571,CDU,2250,19,1.0,0.0,2.3974632527264106,1.0,0.0,1.2950450450450468,3.3250355618776624,0.12446657183499354,1.5291607396870575,4.071834992887624,0.8001422475106708,4.534139402560456,1.0135135135135087,3.0405405405405403,0.3378378378378386,0.6756756756756772,1.3513513513513544,1.3513513513513615
2422,bunt.saar,2250,19,1.0,0.0,3.5384068278805096,1.0,0.0,1.2950450450450408,4.320768136557611,1.7247510668563208,5.494310099573255,1.8847795163584635,7.04125177809388,0.7645803698435287,1.0135135135135087,2.702702702702709,1.6891891891891788,0.6756756756756701,0.3378378378378386,1.3513513513513402
4547,SPD,2250,19,0.0,0.0,6.854551920341394,0.0,0.0,3.265765765765765,2.773826458036986,3.733997155049792,10.757467994310097,6.383357041251777,9.495021337126602,7.983641536273112,3.7162162162162176,0.3378378378378315,4.729729729729726,2.0270270270270316,4.054054054054056,4.729729729729726
3358,SPD,2250,19,0.0,0.0,3.167970602181127,1.0,0.0,1.0135135135135123,1.5825035561877598,0.46230440967282505,8.694879089615938,0.40896159317212266,6.116642958748223,1.7425320056898954,1.3513513513513473,0.6756756756756772,0.6756756756756772,0.0,1.0135135135135016,2.3648648648648702
3576,FDP,2250,19,0.0,0.0,3.4080132764343305,0.0,0.0,2.702702702702704,3.44950213371267,0.8179231863442382,4.729729729729726,6.454480796586061,0.17780938833571014,4.818634423897578,5.405405405405411,0.6756756756756843,1.689189189189186,1.689189189189186,3.378378378378379,3.378378378378379
4710,bunt.saar,2250,19,0.0,0.0,7.144973921289714,0.0,0.0,7.882882882882889,0.8890469416785152,1.8847795163584777,13.015647226173549,3.1472261735419664,13.673541963015644,10.25960170697013,6.081081081081088,0.0,9.459459459459467,9.459459459459467,10.472972972972975,11.824324324324337
3496,CDU,2250,19,1.0,1.0,2.5071123755334255,1.0,1.0,2.2522522522522515,2.400426742531998,2.6315789473684177,1.973684210526315,4.943100995732571,3.0761024182076824,0.01778093883356746,0.3378378378378386,2.7027027027026946,3.0405405405405403,3.0405405405405332,3.0405405405405475,1.3513513513513544
3153,CDU,2250,19,0.0,0.0,4.729729729729729,0.0,1.0,1.126126126126125,2.3648648648648702,6.169985775248925,4.836415362731152,1.6358463726884764,10.633001422475104,2.7382645803698438,1.689189189189193,1.0135135135135158,0.6756756756756772,0.6756756756756701,2.0270270270270245,0.6756756756756701
71,bunt.saar,2250,19,1.0,0.0,1.8788525367472768,1.0,1.0,1.9707207207207251,2.3470839260312957,1.4046941678520568,1.0312944523470975,0.5512091038406837,5.4054054054054035,0.5334281650071233,0.3378378378378457,1.689189189189193,2.702702702702709,0.6756756756756701,3.7162162162162247,2.702702702702709
2684,bunt.saar,2250,19,0.0,0.0,6.638217164532956,1.0,0.0,2.1959459459459487,3.6450924608819335,1.2446657183499354,9.032716927453777,1.76031294452347,13.566856330014218,10.579658605974402,2.0270270270270316,1.6891891891892072,2.0270270270270316,1.3513513513513544,1.0135135135135016,5.067567567567565
31,FDP,2250,19,1.0,1.0,7.2546230440967285,1.0,1.0,0.7319819819819801,6.578947368421048,8.623755334281654,9.921763869132299,7.3790896159317185,1.0312944523470762,9.992887624466576,1.0135135135135087,0.3378378378378386,0.0,0.6756756756756772,1.689189189189186,0.6756756756756701
2986,CDU,2250,19,1.0,0.0,4.463015647226173,1.0,1.0,1.9144144144144164,6.738975817923183,6.454480796586061,0.5512091038406766,6.614509246088197,2.773826458036986,3.6450924608819335,2.3648648648648702,0.3378378378378315,3.7162162162162176,1.3513513513513473,2.3648648648648702,1.3513513513513615
4257,FDP,2250,19,1.0,0.0,4.919393077287817,1.0,0.0,2.9279279279279264,7.574679943100989,4.569701280227605,5.4054054054054035,2.560455192034155,5.245376955903275,4.160739687055475,2.364864864864856,2.7027027027027017,3.7162162162162176,0.3378378378378386,4.729729729729726,3.7162162162162176
1844,FDP,2250,19,1.0,1.0,3.8347558084400197,1.0,1.0,1.9144144144144188,7.948079658605984,1.5825035561877598,0.6756756756756772,5.992176386913229,4.711948790896159,2.0981507823613086,1.3513513513513544,2.7027027027026946,0.6756756756756772,1.3513513513513686,3.0405405405405475,2.3648648648648702
1736,bunt.saar,2250,19,1.0,1.0,5.023115220483644,1.0,1.0,1.1824324324324362,5.618776671408256,2.2226173541963163,7.752489331436692,2.9694167852062634,6.365576102418217,5.209815078236119,7.105427357601002e-15,1.01351351351353,2.0270270270270316,1.0135135135135158,2.0270270270270174,1.0135135135135158
3694,SPD,2250,19,0.0,0.0,9.17200094831674,1.0,1.0,1.8018018018018058,1.511379800853483,5.1031294452347,16.465149359886205,6.7389758179231904,13.264580369843529,11.94879089615933,1.3513513513513473,3.378378378378393,2.0270270270270245,0.6756756756756843,1.689189189189193,1.689189189189193
1629,DIE LINKE,2250,19,1.0,0.0,1.8818160265528665,1.0,0.0,4.222972972972975,0.2844950213371291,0.37339971550497353,5.1031294452347,1.5291607396870575,1.2268847795163538,2.773826458036986,8.783783783783782,2.364864864864863,0.6756756756756843,5.405405405405411,5.4054054054054035,2.7027027027027017
4797,bunt.saar,2250,19,0.0,1.0,3.689544807965858,0.0,1.0,3.5472972972972983,3.520625889046933,2.6137980085348573,2.43598862019914,3.413940256045514,5.067567567567565,5.0853485064011394,4.729729729729726,1.0135135135135158,4.391891891891902,4.729729729729726,3.378378378378372,3.0405405405405475
343,Die Grünen,2250,19,0.0,0.0,5.408368895210999,0.0,0.0,1.8018018018018023,7.361308677098151,2.809388335704128,4.142958748221901,3.7873399715504945,9.068278805120912,5.28093883357041,2.0270270270270316,4.054054054054063,1.3513513513513473,1.0135135135135087,1.0135135135135087,1.3513513513513544
4110,CDU,2250,19,1.0,1.0,1.9588667614983386,1.0,1.0,5.349099099099103,4.783072546230443,0.37339971550497353,1.2268847795163538,1.6714082503556185,3.129445234708392,0.5689900426742511,4.391891891891888,5.405405405405411,6.756756756756758,5.067567567567579,5.067567567567572,5.405405405405411
395,CDU,2250,19,1.0,0.0,1.7395685158843044,1.0,0.0,3.0405405405405417,1.4402560455191917,3.271692745376953,1.3335704125177799,3.6806543385490826,0.053342816500716594,0.6578947368421026,2.0270270270270316,5.067567567567572,3.378378378378372,1.3513513513513402,4.391891891891902,2.0270270270270316
2165,DIE LINKE,2250,19,1.0,1.0,1.67733522996681,0.0,1.0,2.6463963963963977,0.4445234708392647,0.5512091038406766,0.3911806543385552,2.1337126600284577,3.840682788051211,2.7027027027026946,3.0405405405405403,0.0,5.067567567567565,1.0135135135135087,5.067567567567565,1.6891891891892072
475,SPD,2250,19,0.0,0.0,5.049786628734,0.0,0.0,3.322072072072075,3.6806543385490826,0.17780938833570303,11.148648648648653,2.3470839260312957,6.081081081081081,6.863442389758184,4.054054054054063,0.3378378378378386,4.054054054054056,3.378378378378379,5.743243243243242,2.3648648648648702
746,FDP,2250,19,1.0,1.0,3.576932195353249,1.0,1.0,4.279279279279282,1.760312944523477,4.534139402560456,6.899004267425319,1.6714082503556114,5.974395448079662,0.6223328591749677,5.4054054054054035,4.054054054054063,4.729729729729726,4.729729729729733,5.405405405405411,1.3513513513513544
1121,bunt.saar,2250,19,1.0,0.0,6.958274063537221,1.0,1.0,1.3513513513513509,1.191322901849226,4.943100995732571,13.63798008534851,4.747510668563294,10.95305832147936,6.276671408250365,0.6756756756756772,0.3378378378378386,3.378378378378372,2.364864864864863,0.0,1.3513513513513544
5183,Die Grünen,2250,19,1.0,0.0,3.1235182550972027,1.0,1.0,5.574324324324327,6.241109530583209,3.2539118065433925,0.21337126600283796,2.5426742532005733,4.391891891891902,2.0981507823613015,7.770270270270267,2.702702702702716,8.445945945945965,0.3378378378378386,7.432432432432421,6.756756756756758
2176,FDP,2250,19,1.0,1.0,4.231863442389757,1.0,1.0,2.59009009009009,0.17780938833571014,0.7645803698435216,4.356330014224753,0.5512091038406766,16.66073968705547,2.880512091038412,4.729729729729733,1.689189189189186,1.689189189189193,5.4054054054054035,1.3513513513513473,0.6756756756756772
1166,CDU,2250,19,1.0,0.0,3.68361782835467,1.0,0.0,3.0968468468468466,1.0668563300142253,5.156472261735409,3.0405405405405403,3.5028449502133725,6.081081081081088,3.2539118065433854,4.729729729729733,4.729729729729726,0.0,6.418918918918919,2.3648648648648702,0.3378378378378315
4333,CDU,2250,19,0.0,1.0,1.7751303935514475,0.0,0.0,6.644144144144142,1.3335704125177799,1.3157894736842124,0.37339971550497353,0.2489331436699942,2.0981507823613086,5.280938833570417,3.378378378378372,1.0135135135135087,9.45945945945946,3.0405405405405403,11.486486486486484,11.486486486486484
3291,Die Grünen,2250,19,1.0,0.0,8.25628259838786,1.0,1.0,2.252252252252253,0.8001422475106708,6.881223328591759,8.961593172119478,3.3961593172119393,17.994310099573255,11.504267425320059,0.3378378378378386,2.0270270270270174,4.054054054054049,1.0135135135135158,4.054054054054063,2.0270270270270316
2173,CDU,2250,19,0.0,1.0,1.3602418207681346,0.0,0.0,4.89864864864865,1.6358463726884764,0.9246088193456643,2.187055476529153,1.9559032716927405,1.4224751066856385,0.03556187766713492,0.3378378378378386,4.391891891891902,8.445945945945944,3.378378378378379,8.445945945945958,4.391891891891881
211,DIE LINKE,2250,19,0.0,0.0,1.8551446183025153,1.0,0.0,3.040540540540544,3.1116642958748244,0.053342816500716594,1.2091038406827934,0.8001422475106708,1.5291607396870575,4.42745376955903,1.3513513513513544,2.702702702702709,1.0135135135135158,1.689189189189186,6.756756756756765,4.729729729729733
1132,bunt.saar,2250,19,1.0,1.0,7.017543859649123,1.0,1.0,1.0135135135135147,3.129445234708392,0.5334281650071233,10.25960170697013,2.364864864864863,16.322901849217644,9.495021337126587,1.3513513513513473,0.6756756756756772,1.0135135135135158,1.0135135135135158,1.3513513513513544,0.6756756756756772
1000,Die Grünen,2250,19,1.0,0.0,6.990872451398769,1.0,0.0,4.842342342342348,2.7560455192034112,8.12588904694168,5.761024182076817,3.4672830725462234,10.91749644381224,10.91749644381224,5.067567567567579,2.3648648648648702,4.729729729729726,5.067567567567572,5.743243243243249,6.081081081081088
269,SPD,2250,19,0.0,0.0,5.956614509246093,0.0,0.0,2.4774774774774806,10.06401137980086,4.854196301564727,1.475817923186355,7.112375533428171,8.481507823613093,3.7517780938833525,1.689189189189193,1.3513513513513544,1.689189189189193,1.0135135135135087,5.067567567567579,4.054054054054056
2985,Die Grünen,2250,19,1.0,1.0,6.866405879563775,1.0,1.0,0.7882882882882889,1.546941678520632,7.876955903271693,6.383357041251784,4.054054054054049,15.113798008534857,6.223328591749635,0.0,0.3378378378378315,0.3378378378378386,0.0,1.3513513513513544,2.702702702702709
2717,FDP,2250,19,0.0,1.0,2.032954006638215,1.0,1.0,4.5045045045045065,4.640825035561882,0.32005689900426404,0.2489331436699871,5.992176386913229,0.9601706970127921,0.03556187766713492,6.081081081081074,3.7162162162162176,3.378378378378379,3.378378378378386,6.418918918918926,4.054054054054056
5083,CDU,2250,19,0.0,0.0,2.818278805120913,0.0,1.0,3.209459459459456,3.876244665718353,2.009246088193457,1.404694167852064,0.7467994310099613,4.854196301564727,4.018492176386914,3.378378378378372,1.0135135135135087,1.689189189189186,8.783783783783782,2.0270270270270245,2.364864864864863
2475,CDU,2250,19,1.0,1.0,2.6671408250355584,0.0,0.0,1.5202702702702677,1.0135135135135087,2.3115220483641536,1.3335704125177799,4.87197724039828,4.836415362731152,1.6358463726884764,0.0,1.689189189189186,2.0270270270270174,2.364864864864856,2.0270270270270316,1.0135135135135158
3552,SPD,2250,19,0.0,0.0,4.557847321005219,0.0,0.0,2.7590090090090094,7.165718349928888,4.783072546230443,0.7112375533428192,6.045519203413939,8.197012802275957,0.4445234708392647,2.3648648648648702,3.378378378378372,3.0405405405405403,0.3378378378378315,2.0270270270270316,5.405405405405411
3863,FDP,2250,19,0.0,0.0,8.025130393551446,1.0,0.0,9.684684684684683,11.148648648648653,6.650071123755332,5.689900426742533,1.1735419630156443,15.576102418207682,7.912517780938835,14.189189189189186,5.743243243243242,10.135135135135137,8.783783783783775,9.121621621621621,10.135135135135137
1681,CDU,2250,19,0.0,1.0,1.689189189189192,1.0,1.0,1.5765765765765754,0.7645803698435287,1.6358463726884764,2.293741109530586,3.200568990042683,1.262446657183503,0.9779516358463738,4.054054054054035,0.6756756756756772,0.0,3.0405405405405475,0.3378378378378386,1.3513513513513544
2633,Die Grünen,2250,19,1.0,0.0,4.335585585585584,1.0,0.0,1.463963963963965,3.200568990042669,0.5689900426742511,2.3648648648648702,3.94736842105263,8.197012802275957,7.734708392603125,0.3378378378378386,2.3648648648648702,1.689189189189193,0.3378378378378386,2.364864864864856,1.689189189189193
5210,Die Grünen,2250,19,0.0,0.0,5.6513750592697996,0.0,0.0,10.022522522522523,3.44950213371267,5.032005689900423,7.2012802275960155,2.400426742532005,12.944523470839272,2.880512091038412,5.067567567567565,7.770270270270267,12.162162162162154,12.5,13.175675675675684,9.459459459459467
2800,FDP,2250,19,1.0,1.0,4.314841156946419,1.0,1.0,1.4639639639639614,7.254623044096725,7.130156472261731,2.3470839260312957,0.5689900426742582,7.930298719772395,0.6578947368421098,0.6756756756756701,2.364864864864856,1.3513513513513544,1.3513513513513544,1.3513513513513473,1.689189189189186
4795,bunt.saar,2250,19,1.0,1.0,4.098506401137976,1.0,0.0,5.743243243243243,9.281650071123742,0.4267425320056759,4.374110953058313,2.3115220483641536,4.249644381223341,3.94736842105263,3.378378378378372,2.3648648648648702,6.418918918918919,7.0945945945945965,7.770270270270267,7.432432432432435
387,FDP,2250,19,1.0,0.0,3.7073257467994254,1.0,1.0,0.9572072072072059,1.6714082503556114,1.9203413940255984,6.792318634423893,4.480796586059739,5.103129445234707,2.2759601706970045,1.3513513513513615,1.0135135135135158,1.0135135135135087,0.0,2.0270270270270245,0.3378378378378244
1814,FDP,2250,19,1.0,1.0,4.741583688952111,1.0,1.0,1.7454954954954929,2.7916073968705533,2.5960170697012828,5.476529160739684,8.410384068278809,0.9957325746799484,8.179231863442386,1.689189189189186,1.689189189189186,1.3513513513513544,1.3513513513513402,2.7027027027027017,1.6891891891891895
2567,Die Grünen,2250,19,0.0,0.0,4.0540540540540535,0.0,1.0,1.5765765765765778,0.9246088193456643,0.6756756756756772,7.467994310099577,2.435988620199147,9.014935988620195,3.805120910384062,0.6756756756756701,1.3513513513513544,3.378378378378386,2.0270270270270245,2.0270270270270316,0.0
2634,bunt.saar,2250,19,0.0,1.0,2.510075865339026,1.0,1.0,1.4639639639639637,0.053342816500716594,0.26671408250355455,1.9914651493598896,0.46230440967283215,6.916785206258886,5.369843527738276,0.675675675675663,1.689189189189193,3.0405405405405332,1.013513513513523,2.0270270270270316,0.3378378378378386
3875,FDP,2250,19,1.0,1.0,3.85846372688478,0.0,1.0,1.6891891891891848,4.534139402560456,7.556899004267429,1.404694167852064,0.3911806543385552,4.587482219061165,4.67638691322901,2.364864864864856,3.0405405405405332,1.3513513513513473,1.013513513513523,1.689189189189186,0.675675675675663
2139,FDP,2250,19,1.0,0.0,4.0659080132764345,1.0,1.0,2.7590090090090107,2.773826458036986,1.6002844950213415,1.2091038406827899,4.729729729729726,6.899004267425319,7.1834992887624445,4.391891891891902,1.3513513513513473,0.3378378378378386,4.391891891891888,2.3648648648648702,3.7162162162162176
2117,DIE LINKE,2250,19,1.0,1.0,9.269796111901377,1.0,1.0,3.9977477477477508,9.299431009957331,7.948079658605984,8.60597439544808,0.32005689900426404,18.54551920341394,10.899715504978658,2.0270270270270245,3.7162162162162176,4.054054054054063,5.743243243243249,3.378378378378379,5.067567567567572
3406,FDP,2250,19,1.0,1.0,6.9464201043148455,1.0,1.0,2.0833333333333357,8.232574679943106,2.5248933143669987,11.415362731152207,5.938833570412527,2.4182076813655797,11.148648648648653,1.3513513513513544,1.689189189189193,3.040540540540537,2.0270270270270316,1.689189189189193,2.7027027027027053
25,bunt.saar,2250,19,0.0,1.0,7.213134186818401,1.0,1.0,2.9842342342342363,1.2802275960170704,8.570412517780944,8.125889046941687,5.796586059743952,11.041963015647227,8.463726884779526,2.702702702702709,1.0135135135135158,3.7162162162162247,4.729729729729726,2.7027027027026946,3.0405405405405475
5139,Die Grünen,2250,19,1.0,0.0,9.071242294926508,1.0,1.0,2.4211711711711685,2.5604551920341407,4.836415362731152,10.668563300142253,5.138691322901842,18.99004267425321,12.233285917496445,1.689189189189186,1.3513513513513473,3.7162162162162105,0.3378378378378315,4.729729729729726,2.702702702702709
2662,bunt.saar,2250,19,1.0,1.0,6.081081081081085,1.0,1.0,2.421171171171172,0.4445234708392647,0.16002844950213557,10.846372688477949,6.934566145092475,11.290896159317214,6.8100995732574745,3.0405405405405475,1.3513513513513544,2.7027027027026946,2.702702702702709,1.0135135135135016,3.7162162162162247
5221,FDP,2250,19,1.0,1.0,2.9575628259838793,1.0,1.0,2.8153153153153156,1.9914651493598896,0.9779516358463738,2.1692745376955926,2.2048364153627347,6.13442389758179,4.267425320056894,0.6756756756756701,3.378378378378379,4.729729729729733,1.3513513513513544,1.3513513513513544,5.4054054054054035
85,Die Grünen,2250,19,1.0,0.0,4.7326932195353235,1.0,0.0,1.2387387387387392,0.49786628733995997,1.3513513513513473,3.911806543385495,3.307254623044095,13.549075391180658,5.778805120910384,1.689189189189186,1.013513513513523,1.6891891891891788,0.6756756756756772,1.689189189189193,0.6756756756756772
1837,CDU,2250,19,1.0,1.0,5.423186344238975,1.0,1.0,2.1396396396396433,8.285917496443822,1.3869132290184822,0.053342816500716594,10.899715504978658,6.845661450924609,5.067567567567565,2.0270270270270316,2.702702702702709,1.689189189189193,1.689189189189193,1.0135135135135158,3.7162162162162176
3354,CDU,2250,19,1.0,0.0,3.2005689900426773,0.0,0.0,2.027027027027026,2.0803698435277482,4.640825035561875,2.8271692745377024,1.6714082503556114,4.765291607396875,3.2183499288762505,0.675675675675663,0.3378378378378386,1.0135135135135087,5.405405405405411,3.7162162162162176,1.0135135135135158
1296,Die Grünen,2250,19,1.0,0.0,4.119250829777144,1.0,1.0,3.153153153153157,2.5960170697012828,4.694167852062584,1.0135135135135158,4.765291607396868,9.334992887624459,2.3115220483641536,1.0135135135135087,1.01351351351353,5.743243243243242,0.6756756756756772,4.7297297297297405,5.743243243243242
396,FDP,2250,19,1.0,0.0,1.3691322901849254,1.0,1.0,2.1396396396396433,0.3911806543385552,5.423186344238985,0.26671408250354744,0.3022759601707037,0.3022759601707037,1.5291607396870575,4.054054054054063,1.689189189189193,0.3378378378378386,4.054054054054056,2.3648648648648702,0.3378378378378386
793,CDU,2250,19,0.0,1.0,3.9295874822190604,1.0,1.0,2.477477477477476,1.3157894736842124,6.347795163584642,3.413940256045514,2.00924608819345,6.845661450924609,3.6450924608819335,3.0405405405405332,1.3513513513513473,0.6756756756756772,2.7027027027026946,6.081081081081081,1.013513513513523
2934,FDP,2250,19,0.0,1.0,3.3457799905168364,1.0,1.0,3.32207207207207,4.800853485064017,2.773826458036986,0.26671408250356166,8.01920341394026,0.8001422475106708,3.413940256045521,3.0405405405405332,3.0405405405405332,2.364864864864863,1.689189189189193,5.743243243243242,4.054054054054056
2059,FDP,2250,19,1.0,1.0,2.619724988146043,1.0,1.0,0.6193693693693708,3.591749644381224,2.3293029871977353,0.8179231863442382,4.356330014224746,0.26671408250356166,4.356330014224753,0.0,0.3378378378378244,0.6756756756756772,1.3513513513513686,0.0,1.3513513513513544
490,bunt.saar,2250,19,1.0,0.0,3.6362019914651476,1.0,1.0,2.3648648648648667,0.6934566145092447,1.5647226173542066,9.51280227596017,3.1116642958748173,2.507112375533424,4.427453769559023,2.702702702702709,3.0405405405405475,2.7027027027026946,3.378378378378379,0.3378378378378386,2.0270270270270316
4374,Die Grünen,2250,19,0.0,0.0,4.87494073020389,1.0,0.0,0.5067567567567591,3.591749644381224,0.9601706970128063,2.6137980085348573,6.827880512091042,11.16642958748222,4.089615931721191,0.6756756756756772,0.3378378378378386,0.3378378378378386,0.3378378378378457,0.0,1.3513513513513544
3589,FDP,2250,19,1.0,1.0,2.382645803698433,1.0,1.0,2.871621621621621,4.996443812233288,4.089615931721191,0.7112375533428192,1.4046941678520568,0.37339971550497353,2.720483641536269,1.0135135135135016,2.7027027027027017,4.391891891891902,1.3513513513513544,3.378378378378379,4.391891891891888
3797,Die Grünen,2250,19,1.0,1.0,4.694167852062589,1.0,1.0,5.067567567567565,5.636557610241816,2.3648648648648702,3.022759601706973,6.685633001422481,5.618776671408241,4.836415362731152,0.6756756756756772,4.391891891891888,5.743243243243228,7.432432432432435,4.729729729729733,7.432432432432428
4496,FDP,2250,19,1.0,0.0,3.250948316737792,1.0,1.0,1.6891891891891906,0.6756756756756772,3.8229018492176436,6.7389758179231976,2.4893314366998567,5.494310099573248,0.2844950213371291,3.7162162162162105,2.0270270270270316,1.689189189189193,0.6756756756756772,0.3378378378378386,1.689189189189193
4543,DIE LINKE,2250,19,1.0,0.0,5.54172593646278,1.0,0.0,4.3355855855855845,2.3826458036984377,0.9246088193456643,12.037695590327168,1.866998577524896,8.499288762446653,7.539118065433861,4.391891891891888,0.6756756756756772,5.743243243243249,4.391891891891888,6.081081081081074,4.729729729729733
2468,SPD,2250,19,1.0,0.0,3.1887150308202963,0.0,1.0,0.6756756756756737,4.996443812233295,1.973684210526315,7.112375533428171,1.1379800853485094,0.9957325746799413,2.916073968705547,2.0270270270270245,1.3513513513513473,0.3378378378378315,0.0,0.3378378378378386,0.0
1472,CDU,2250,19,1.0,0.0,6.561166429587479,1.0,0.0,2.5337837837837838,5.5476529160739645,5.565433854907525,6.418918918918912,4.42745376955903,7.752489331436706,9.655049786628737,0.0,2.0270270270270316,3.0405405405405332,0.6756756756756701,3.0405405405405403,6.418918918918926
4879,CDU,2250,19,1.0,1.0,2.7056661925082977,1.0,0.0,1.8018018018018,3.307254623044095,2.5248933143669916,1.546941678520632,2.5960170697012828,5.4765291607396875,0.7823613086770962,2.7027027027026946,2.0270270270270245,1.0135135135135087,1.3513513513513473,2.364864864864863,1.3513513513513615
3884,CDU,2250,19,1.0,1.0,4.279279279279282,1.0,0.0,4.89864864864865,3.0049786628734054,5.725462304409675,4.285206258890469,4.17852062588905,5.921052631578952,2.5604551920341407,1.3513513513513544,3.0405405405405403,7.432432432432435,2.3648648648648702,6.756756756756758,8.445945945945944
2625,bunt.saar,2250,19,1.0,1.0,5.761024182076812,1.0,1.0,2.139639639639641,1.404694167852064,5.95661450924608,6.347795163584635,3.8229018492176365,12.233285917496445,4.80085348506401,0.3378378378378386,2.364864864864863,2.3648648648648702,2.3648648648648702,2.0270270270270316,3.378378378378372
4819,FDP,2250,19,1.0,1.0,3.553224276908491,0.0,1.0,3.99774774774775,3.5739687055476637,1.546941678520632,1.76031294452347,3.9651493598862118,5.085348506401132,5.387624466571836,2.364864864864863,7.0945945945945965,4.729729729729733,0.0,3.0405405405405403,6.756756756756765
2269,bunt.saar,2250,19,0.0,1.0,2.8271692745376966,0.0,1.0,2.1396396396396375,5.600995732574688,2.2226173541963092,0.9246088193456643,1.8136557610241795,4.018492176386907,2.3826458036984306,2.702702702702709,1.689189189189193,0.675675675675663,1.689189189189193,3.378378378378372,2.7027027027026946
4329,DIE LINKE,2250,19,1.0,0.0,4.080725462304411,1.0,0.0,0.9009009009008994,9.086059743954486,1.973684210526315,2.5248933143669916,4.516358463726888,3.236130867709818,3.1472261735419664,0.0,0.3378378378378386,1.3513513513513473,0.3378378378378386,3.0405405405405332,0.3378378378378386
3968,FDP,2250,19,1.0,1.0,4.2259364627785665,1.0,1.0,2.4774774774774784,4.42745376955903,6.294452347083919,1.7780938833570374,6.223328591749642,1.1024182076813673,5.529871977240404,1.689189189189193,2.702702702702709,2.3648648648648702,4.391891891891881,2.027027027027028,1.6891891891891895
3095,CDU,2250,19,1.0,1.0,2.1070412517780923,1.0,1.0,2.3648648648648654,3.769559032716927,1.866998577524896,1.5291607396870575,2.329302987197721,2.578236130867701,0.5689900426742511,1.6891891891891788,1.0135135135135158,3.378378378378379,1.013513513513523,3.7162162162162176,3.378378378378379
4203,FDP,2250,19,1.0,1.0,5.983285917496446,1.0,1.0,3.490990990990994,4.534139402560456,3.09388335704125,2.9694167852062634,6.258890469416791,12.926742532005694,6.116642958748226,0.3378378378378457,2.0270270270270245,3.7162162162162176,3.7162162162162247,6.418918918918919,4.729729729729733
1761,bunt.saar,2250,19,0.0,0.0,2.8686581318160265,0.0,0.0,4.72972972972973,4.409672830725462,0.7645803698435216,5.03200568990043,3.876244665718353,2.3470839260312957,0.7823613086770962,5.067567567567565,5.4054054054054035,1.3513513513513473,9.459459459459467,4.391891891891902,2.7027027027026946
906,CDU,2250,19,1.0,0.0,3.8258653390232347,1.0,0.0,2.4211711711711694,2.3470839260312957,2.9871977240398238,1.6180654338549019,7.539118065433861,5.316500711237559,3.1472261735419664,0.3378378378378386,0.3378378378378315,3.378378378378372,1.689189189189186,4.729729729729733,4.054054054054056
3233,bunt.saar,2250,19,1.0,0.0,4.788999525841631,1.0,0.0,2.308558558558564,0.49786628733995997,1.6714082503556114,6.738975817923183,3.200568990042669,7.681365576102436,8.943812233285925,0.6756756756756843,4.391891891891881,1.0135135135135158,0.3378378378378386,1.01351351351353,6.4189189189189335
1329,SPD,2250,19,1.0,0.0,3.2568752963489778,0.0,0.0,2.702702702702698,0.49786628733995997,6.845661450924595,2.8982930298719793,2.489331436699864,2.9871977240398238,3.8229018492176436,5.405405405405411,2.7027027027026946,0.6756756756756701,3.0405405405405332,2.7027027027026946,1.689189189189186
4238,bunt.saar,2250,19,1.0,1.0,2.8894025604551934,1.0,1.0,2.3648648648648654,0.3022759601707037,4.605263157894733,1.1735419630156514,2.364864864864863,7.325746799431002,1.5647226173542066,2.702702702702709,2.7027027027026946,2.3648648648648702,0.6756756756756772,3.378378378378386,2.364864864864856
4532,CDU,2250,19,1.0,1.0,3.076102418207679,1.0,0.0,3.0968468468468444,0.37339971550498063,2.1692745376955855,0.07112375533427695,5.565433854907539,8.445945945945944,1.831436699857747,1.0135135135135158,3.378378378378379,3.378378378378372,5.4054054054054035,0.6756756756756701,4.729729729729726
5028,CDU,2250,19,0.0,0.0,4.797889995258416,1.0,1.0,2.195945945945945,8.108108108108105,2.8449502133712556,3.840682788051211,6.756756756756758,6.54338549075392,0.6934566145092447,2.0270270270270245,0.3378378378378386,2.7027027027027017,1.689189189189186,4.391891891891888,2.0270270270270316
3629,CDU,2250,19,0.0,1.0,7.029397818871504,0.0,1.0,4.6171171171171155,8.997155049786628,1.9559032716927476,4.623044096728307,11.290896159317214,11.308677098150785,4.000711237553347,0.3378378378378386,4.391891891891888,7.0945945945945965,5.067567567567565,6.418918918918919,4.391891891891888
3812,CDU,2250,19,1.0,0.0,4.086652441915603,1.0,1.0,3.7162162162162153,2.8982930298719793,2.151493598862025,1.6358463726884764,7.503556187766712,5.369843527738269,4.960881934566153,3.378378378378379,2.7027027027027017,5.743243243243249,0.6756756756756701,2.364864864864856,7.432432432432435
1326,DIE LINKE,2250,19,1.0,0.0,3.4109767662399264,1.0,0.0,3.209459459459462,1.4935988620199083,2.9694167852062634,6.934566145092461,0.16002844950213557,5.689900426742533,3.2183499288762576,4.729729729729733,0.0,2.7027027027026946,4.391891891891902,3.378378378378379,4.054054054054063
5059,DIE LINKE,2250,19,1.0,0.0,3.03165007112376,1.0,0.0,1.9707207207207205,1.191322901849226,0.6223328591749677,7.556899004267429,0.8712660028449548,4.729729729729726,3.2183499288762576,3.0405405405405403,0.0,1.0135135135135087,1.6891891891892001,2.364864864864856,3.7162162162162176
2169,CDU,2250,19,1.0,1.0,1.375059269796111,1.0,0.0,3.8851351351351346,4.17852062588905,0.37339971550497353,0.9779516358463738,0.7645803698435216,0.8712660028449548,1.0846372688477928,4.729729729729726,4.391891891891902,0.3378378378378386,9.797297297297291,1.3513513513513473,2.7027027027027017
4136,FDP,2250,19,1.0,0.0,5.12683736367947,1.0,0.0,3.4346846846846852,0.5867709815078399,4.089615931721191,7.1301564722617385,6.881223328591744,7.805832147937409,4.267425320056894,4.729729729729726,3.7162162162162176,3.0405405405405475,0.3378378378378386,6.081081081081081,2.7027027027027017
3507,CDU,2250,19,0.0,1.0,3.7843764817448986,1.0,1.0,3.9414414414414396,4.19630156472261,4.818634423897578,4.285206258890469,4.818634423897571,2.5426742532005733,2.044807965860592,5.405405405405411,5.743243243243242,1.0135135135135158,5.743243243243242,3.0405405405405332,2.7027027027026946
233,CDU,2250,19,0.0,1.0,3.0701754385964883,0.0,1.0,1.1824324324324351,4.000711237553347,0.03556187766713492,2.507112375533424,4.089615931721191,6.169985775248925,1.618065433854909,0.6756756756756843,0.3378378378378457,1.0135135135135087,2.3648648648648702,1.0135135135135158,1.689189189189186
1355,CDU,2250,19,1.0,1.0,3.090919867235661,1.0,1.0,0.957207207207207,3.9651493598862118,1.262446657183503,0.5156472261735487,4.925320056899011,4.463015647226179,3.413940256045514,1.0135135135135158,1.689189189189193,0.3378378378378386,1.3513513513513473,1.3513513513513473,0.0
2554,CDU,2250,19,1.0,0.0,2.1248221906116633,1.0,0.0,2.0270270270270268,4.409672830725462,3.378378378378379,0.16002844950213557,2.8271692745377024,1.4935988620199083,0.4800853485063925,2.7027027027026946,1.0135135135135158,1.689189189189193,3.378378378378379,1.0135135135135158,2.364864864864863
4833,Die Grünen,2250,19,1.0,1.0,4.477833096254149,1.0,1.0,2.195945945945945,0.23115220483641252,9.263869132290182,5.280938833570417,0.7823613086771033,6.134423897581783,5.174253200568998,0.3378378378378386,1.689189189189193,2.0270270270270174,1.3513513513513473,3.0405405405405475,4.729729729729726
2501,Die Grünen,2250,19,1.0,0.0,5.04682313892841,1.0,1.0,2.871621621621627,1.475817923186355,1.760312944523477,4.747510668563301,4.711948790896166,12.606685633001433,4.978662873399728,5.067567567567579,3.7162162162162105,2.3648648648648702,1.0135135135135158,2.702702702702716,2.3648648648648702
4894,bunt.saar,2250,19,1.0,0.0,6.590801327643433,1.0,0.0,1.6328828828828819,4.036273115220489,5.529871977240397,9.477240398293027,4.17852062588905,9.548364153627304,6.7745376955903325,1.0135135135135158,0.6756756756756701,0.6756756756756843,1.0135135135135087,1.3513513513513473,5.067567567567565
845,CDU,2250,19,1.0,1.0,1.1053816974869572,1.0,0.0,4.33558558558559,2.00924608819345,0.21337126600283796,1.4224751066856385,0.07112375533427695,0.4800853485063925,2.435988620199147,1.689189189189186,3.0405405405405475,6.081081081081074,3.378378378378393,5.405405405405411,6.418918918918926
77,DIE LINKE,2250,19,1.0,1.0,2.4300616405879567,0.0,1.0,2.927927927927923,4.996443812233295,1.1557610241820697,1.4224751066856385,5.45874822190612,0.017780938833574567,1.5291607396870432,1.0135135135135087,1.3513513513513544,3.378378378378372,0.3378378378378315,5.067567567567565,6.418918918918905
223,FDP,2250,19,1.0,0.0,4.314841156946418,1.0,1.0,0.8445945945945953,4.2140825035561775,0.6756756756756772,5.049786628733997,7.734708392603132,2.720483641536269,5.494310099573255,1.689189189189193,0.3378378378378386,0.6756756756756701,0.3378378378378386,1.0135135135135158,1.0135135135135158
3687,CDU,2250,19,1.0,0.0,1.6654812707444269,1.0,0.0,2.9279279279279273,0.40896159317210845,0.8179231863442382,1.4935988620199083,1.2446657183499354,4.160739687055475,1.866998577524896,0.6756756756756772,3.378378378378372,4.054054054054063,1.3513513513513473,5.067567567567565,3.0405405405405403
869,FDP,2250,19,0.0,1.0,5.654338549075393,1.0,1.0,3.7162162162162176,2.2048364153627347,3.485064011379805,2.9694167852062634,8.517069701280235,12.339971550497868,4.409672830725455,4.391891891891895,3.7162162162162176,4.391891891891888,3.7162162162162176,2.3648648648648702,3.7162162162162176
4859,FDP,2250,19,0.0,1.0,3.6688003793266986,0.0,0.0,2.027027027027026,0.9601706970128063,9.050497866287344,0.6578947368421098,4.320768136557611,4.569701280227605,2.4537695590327147,4.391891891891881,0.6756756756756772,3.378378378378379,1.3513513513513402,0.6756756756756843,1.689189189189193
1757,FDP,2250,19,1.0,1.0,1.4491465149359886,1.0,1.0,0.9009009009009041,0.7467994310099471,3.44950213371267,2.044807965860592,1.4580369843527734,0.053342816500716594,0.9423897581792318,0.6756756756756914,1.689189189189186,0.0,0.6756756756756772,0.3378378378378386,2.0270270270270316
2028,Die Grünen,2250,19,1.0,1.0,7.711000474158369,1.0,1.0,0.7882882882882866,1.369132290184929,8.463726884779518,8.997155049786642,5.352062588904694,9.939544807965845,12.144381223328587,0.3378378378378386,2.7027027027027017,0.3378378378378386,0.6756756756756772,0.3378378378378244,0.3378378378378386
4691,Die Grünen,2250,19,1.0,1.0,6.747866287339967,1.0,1.0,0.9009009009009006,5.654338549075398,5.7254623044096675,7.859174964438111,4.285206258890469,8.445945945945937,8.51706970128022,1.013513513513523,1.0135135135135016,0.3378378378378386,2.0270270270270245,0.3378378378378386,0.6756756756756772
3224,Die Grünen,2250,19,0.0,0.0,2.684921763869132,0.0,0.0,3.6599099099099086,1.4935988620199083,7.0590327169274545,0.2844950213371291,2.489331436699864,0.37339971550497353,4.409672830725462,1.0135135135135158,1.0135135135135158,5.067567567567558,3.378378378378379,5.405405405405396,6.081081081081088
2903,Die Grünen,2250,19,1.0,1.0,3.6213845424371747,1.0,0.0,1.5765765765765731,2.560455192034155,2.293741109530579,2.418207681365587,3.7517780938833525,5.014224751066848,5.6899004267425255,1.0135135135135087,3.0405405405405332,0.675675675675663,1.689189189189186,1.01351351351353,2.0270270270270174
4712,FDP,2250,19,0.0,0.0,4.45708866761498,0.0,1.0,3.040540540540538,1.973684210526315,3.7517780938833525,7.610241820768138,6.0099573257467895,2.00924608819345,5.387624466571836,3.378378378378372,0.6756756756756701,4.729729729729726,2.0270270270270245,3.7162162162162176,3.7162162162162176
5130,FDP,2250,19,0.0,1.0,7.577643432906591,1.0,1.0,0.5067567567567579,3.520625889046933,5.45874822190612,8.392603129445234,13.584637268847793,4.374110953058327,10.135135135135137,0.0,0.0,1.0135135135135158,1.0135135135135158,0.6756756756756772,0.3378378378378386
3901,FDP,2250,19,0.0,0.0,4.0333096254148915,1.0,1.0,1.351351351351352,0.3022759601707037,5.103129445234707,3.1472261735419664,7.076813655761022,4.000711237553347,4.569701280227605,2.7027027027027017,1.0135135135135158,0.0,2.702702702702709,1.3513513513513473,0.3378378378378386
501,FDP,2250,19,1.0,0.0,6.9908724513987694,1.0,1.0,1.463963963963966,10.419630156472259,2.8982930298719793,6.596728307254629,5.0497866287340045,13.584637268847793,3.3961593172119535,0.3378378378378386,0.3378378378378386,0.6756756756756701,3.378378378378393,3.0405405405405403,1.0135135135135158
1020,CDU,2250,19,1.0,0.0,6.510787102892368,1.0,0.0,2.4774774774774784,0.2489331436699942,3.09388335704125,11.326458036984356,1.2268847795163538,15.842816500711244,7.325746799431009,3.378378378378379,4.391891891891895,1.3513513513513544,2.0270270270270245,0.3378378378378386,3.378378378378379
1643,Die Grünen,2250,19,1.0,0.0,5.417259364627789,1.0,0.0,2.984234234234234,6.827880512091042,1.0312944523470833,5.849928876244675,0.7467994310099613,10.046230440967285,8.001422475106686,3.378378378378372,4.054054054054056,2.364864864864856,4.391891891891895,2.364864864864863,1.3513513513513615
3043,bunt.saar,2250,19,0.0,0.0,6.341868183973445,0.0,1.0,2.984234234234235,1.4580369843527734,2.0270270270270316,9.334992887624459,7.21906116642959,9.95732574679942,8.054765291607396,2.702702702702709,1.689189189189193,1.689189189189193,5.405405405405411,2.7027027027026946,3.7162162162162105
3950,CDU,2250,19,0.0,0.0,3.3220720720720713,1.0,1.0,3.941441441441441,2.86273115220483,6.276671408250351,0.6578947368421098,1.866998577524896,7.645803698435273,0.6223328591749677,6.756756756756751,2.0270270270270245,2.364864864864863,6.418918918918926,2.364864864864863,3.7162162162162176
3742,FDP,2250,19,1.0,1.0,4.059981033665244,1.0,1.0,1.7454954954954924,6.881223328591759,6.045519203413939,0.46230440967283215,0.0,9.121621621621621,1.8492176386913144,0.3378378378378315,4.391891891891888,0.6756756756756701,0.6756756756756772,1.3513513513513544,3.0405405405405332
217,CDU,2250,19,0.0,0.0,2.640469416785205,1.0,0.0,1.689189189189186,2.258179231863444,1.191322901849226,3.5028449502133725,3.8584637268847715,4.42745376955903,0.604551920341386,2.364864864864863,2.364864864864856,0.6756756756756772,3.0405405405405403,0.6756756756756701,1.0135135135135087
482,bunt.saar,2250,19,1.0,0.0,6.172949265054527,1.0,0.0,1.6891891891891884,5.725462304409675,5.0853485064011394,8.143669985775254,4.960881934566153,9.42389758179231,3.698435277382629,0.6756756756756701,0.0,2.0270270270270316,1.013513513513523,4.391891891891888,2.0270270270270174
4810,CDU,2250,19,1.0,0.0,2.1426031294452343,1.0,0.0,1.1261261261261286,3.449502133712656,0.8179231863442382,1.7069701280227676,0.7290184921763796,5.1209103840682815,1.0312944523470833,0.6756756756756772,1.0135135135135087,0.0,1.3513513513513686,1.3513513513513544,2.364864864864863
4740,CDU,2250,19,0.0,0.0,2.696775723091507,0.0,0.0,2.6463963963963955,1.3513513513513473,1.3335704125177799,0.4800853485063925,6.561166429587473,1.3513513513513473,5.1031294452347,0.0,2.3648648648648702,4.054054054054063,2.0270270270270174,1.689189189189186,5.743243243243235
4927,bunt.saar,2250,19,0.0,0.0,7.91548127074443,0.0,1.0,2.8153153153153156,8.12588904694168,3.2539118065433854,7.46799431009957,9.086059743954486,11.664295874822194,7.894736842105267,1.689189189189186,0.3378378378378386,4.391891891891888,1.3513513513513615,4.054054054054056,5.067567567567565
4375,FDP,2250,19,0.0,1.0,3.129445234708396,1.0,1.0,2.646396396396394,2.7204836415362763,2.6137980085348573,0.10668563300141898,5.138691322901856,6.258890469416787,1.9381223328591801,3.378378378378379,1.3513513513513544,3.0405405405405332,5.743243243243235,0.0,2.364864864864863
1153,FDP,2250,19,0.0,0.0,4.465979137031765,0.0,0.0,3.8851351351351346,8.961593172119493,6.845661450924595,2.187055476529153,2.115931721194869,5.0497866287340045,1.6358463726884764,1.3513513513513544,6.418918918918912,5.067567567567565,2.3648648648648702,4.729729729729726,3.378378378378379
3169,bunt.saar,2250,19,1.0,0.0,5.802513039355144,1.0,1.0,1.6328828828828843,2.916073968705547,1.7780938833570303,8.534850640113788,2.987197724039838,11.486486486486484,7.112375533428178,1.3513513513513544,2.702702702702709,1.3513513513513544,2.7027027027026946,0.6756756756756772,1.0135135135135158
5180,CDU,2250,19,1.0,0.0,4.350403034613563,1.0,0.0,1.8018018018018036,3.7339971550497992,6.916785206258886,0.8712660028449548,9.477240398293027,3.2539118065433854,1.8492176386913215,3.378378378378393,1.0135135135135158,1.0135135135135158,2.7027027027026946,2.0270270270270316,0.6756756756756701
1464,FDP,2250,19,1.0,0.0,2.9220009483167346,1.0,1.0,2.252252252252255,4.87197724039828,1.191322901849226,1.0135135135135087,0.604551920341386,3.9651493598862046,5.885490753911803,1.3513513513513615,3.7162162162162176,0.3378378378378386,4.054054054054063,0.6756756756756701,3.378378378378379
3911,CDU,2250,19,1.0,1.0,3.5621147463252734,1.0,1.0,1.5202702702702702,1.0312944523470833,3.5384068278805074,2.916073968705547,6.027738264580371,4.409672830725462,3.44950213371267,2.7027027027026946,1.689189189189193,0.3378378378378386,1.689189189189186,1.013513513513523,1.689189189189186
5027,CDU,2250,19,0.0,0.0,4.664532954006639,0.0,1.0,0.9009009009009006,6.507823613086771,2.2048364153627347,0.426742532005683,9.583926031294453,7.112375533428171,2.151493598862025,0.3378378378378457,1.3513513513513473,1.3513513513513473,0.3378378378378457,1.3513513513513473,0.6756756756756701
1151,FDP,2250,19,0.0,1.0,6.418918918918919,1.0,1.0,1.3513513513513538,1.0312944523470833,3.09388335704125,9.068278805120908,9.77951635846373,8.25035561877668,7.290184921763867,1.3513513513513473,1.689189189189186,1.3513513513513473,0.6756756756756914,1.6891891891892001,1.3513513513513509
2151,SPD,2250,19,0.0,0.0,3.6362019914651484,1.0,0.0,1.3513513513513473,0.3911806543385552,6.3122332859175,5.636557610241823,1.1557610241820626,6.703413940256041,1.618065433854909,0.3378378378378386,1.689189189189193,1.0135135135135016,1.0135135135135087,0.0,4.054054054054042
3867,bunt.saar,2250,19,1.0,0.0,6.6737790422000955,1.0,1.0,0.5067567567567544,3.058321479374115,5.618776671408241,10.91749644381224,4.676386913229017,8.623755334281647,7.147937411095313,1.013513513513523,0.0,0.3378378378378244,0.3378378378378386,1.0135135135135016,0.3378378378378386
2019,Die Grünen,2250,19,0.0,0.0,5.885490753911804,0.0,0.0,3.9977477477477485,0.8357041251778057,5.4409672830725455,9.60170697012802,3.2894736842105274,7.2724039829302995,8.872688477951627,3.0405405405405475,0.6756756756756772,7.770270270270274,3.0405405405405403,4.729729729729726,4.729729729729726
3284,CDU,2250,19,1.0,1.0,1.6832622095780003,1.0,0.0,2.3648648648648645,2.3826458036984306,1.1735419630156443,1.2268847795163538,1.8847795163584706,1.8847795163584706,1.546941678520632,4.054054054054042,3.7162162162162176,1.689189189189193,2.702702702702709,0.3378378378378386,1.689189189189186
749,Die Grünen,2250,19,1.0,1.0,8.036984352773825,1.0,1.0,2.364864864864863,1.3691322901849219,4.551920341394016,11.87766714082504,2.187055476529153,16.411806543385495,11.824324324324323,3.7162162162162176,0.3378378378378386,2.3648648648648702,1.0135135135135087,4.391891891891888,2.364864864864856
4112,Die Grünen,2250,19,1.0,1.0,6.383357041251777,1.0,1.0,6.587837837837839,0.9957325746799413,3.6450924608819264,5.796586059743959,4.80085348506401,12.215504978662878,10.846372688477949,6.418918918918926,1.3513513513513473,8.78378378378379,6.418918918918919,8.78378378378379,7.7702702702702595
2253,CDU,2250,19,1.0,0.0,5.0468231389284,1.0,1.0,0.844594594594593,4.320768136557611,8.730440967283073,1.9559032716927405,3.840682788051211,9.192745376955905,2.2403982930298625,0.6756756756756772,0.0,0.3378378378378386,0.3378378378378386,2.0270270270270174,1.689189189189186
4677,CDU,2250,19,1.0,1.0,8.442982456140347,0.0,1.0,6.981981981981979,2.6315789473684177,7.610241820768138,7.5924608819345565,3.236130867709818,23.133001422475104,6.454480796586054,2.0270270270270316,3.0405405405405332,10.810810810810807,4.729729729729726,12.162162162162158,9.121621621621614
4291,bunt.saar,2250,19,1.0,0.0,4.803816974869606,1.0,0.0,8.108108108108109,9.619487908961588,3.200568990042669,3.2894736842105274,6.721194879089616,4.854196301564727,1.1379800853485094,10.135135135135137,8.108108108108112,7.0945945945945965,6.081081081081081,10.135135135135137,7.094594594594589
2246,Die Grünen,2250,19,0.0,0.0,8.357041251778092,1.0,0.0,3.772522522522524,1.369132290184929,5.4765291607396875,13.068990042674258,1.7069701280227534,15.291607396870546,13.22901849217638,3.0405405405405403,0.0,6.4189189189189335,4.391891891891895,5.4054054054054035,3.378378378378372
4088,CDU,2250,19,1.0,0.0,4.261498340445709,1.0,1.0,1.8581081081081077,0.4445234708392718,5.618776671408241,1.9914651493598896,1.5825035561877598,9.77951635846373,6.152204836415365,0.3378378378378386,3.0405405405405403,0.6756756756756772,1.0135135135135087,4.054054054054056,2.0270270270270245
680,bunt.saar,2250,19,0.0,1.0,2.5900900900900923,1.0,1.0,1.12612612612613,2.2226173541963092,0.46230440967282505,5.921052631578952,3.9118065433855023,0.5689900426742582,2.4537695590327075,0.3378378378378457,0.6756756756756772,1.689189189189193,0.3378378378378386,2.702702702702709,1.0135135135135158
1907,Die Grünen,2250,19,0.0,0.0,6.973091512565198,0.0,1.0,0.8445945945945953,1.6358463726884764,6.970128022759603,10.25960170697013,2.400426742532005,16.607396870554766,3.9651493598862118,0.6756756756756772,0.3378378378378386,1.3513513513513544,1.3513513513513473,0.6756756756756772,0.6756756756756772
2268,FDP,2250,19,1.0,1.0,6.540422000948315,1.0,1.0,2.2522522522522515,8.197012802275957,3.2894736842105345,7.805832147937409,5.618776671408241,3.7873399715504945,10.544096728307252,3.0405405405405403,1.0135135135135087,1.689189189189186,5.743243243243249,0.0,2.0270270270270245
1611,SPD,2250,19,0.0,0.0,5.870673304883829,0.0,1.0,2.0270270270270223,5.654338549075405,7.130156472261731,3.271692745376953,1.1024182076813602,10.561877667140813,7.503556187766712,5.067567567567565,1.689189189189186,2.3648648648648702,0.3378378378378315,2.364864864864856,0.3378378378378244
3502,CDU,2250,19,1.0,0.0,3.6925082977714574,1.0,1.0,0.844594594594593,0.7467994310099471,4.036273115220489,2.880512091038412,0.5334281650071233,7.841394025604551,6.116642958748223,0.3378378378378386,1.0135135135135158,0.6756756756756701,1.0135135135135087,1.3513513513513473,0.6756756756756772
750,FDP,2250,19,1.0,1.0,2.916073968705548,1.0,1.0,2.7590090090090107,4.551920341394016,4.729729729729726,1.404694167852064,1.9559032716927476,3.485064011379805,1.369132290184929,1.3513513513513544,2.702702702702709,4.391891891891895,1.3513513513513544,2.3648648648648702,4.391891891891881
2677,FDP,2250,19,1.0,0.0,2.9042200094831707,1.0,1.0,4.729729729729729,1.8136557610241795,5.58321479374111,2.4537695590327218,0.2844950213371291,6.934566145092475,0.3556187766714096,3.378378378378393,3.7162162162162105,5.067567567567561,7.432432432432428,3.378378378378372,5.405405405405407
4902,CDU,2250,19,0.0,0.0,4.258534850640117,0.0,1.0,3.490990990990993,9.975106685633016,3.876244665718346,5.03200568990043,0.23115220483641963,4.605263157894733,1.831436699857754,1.3513513513513686,2.7027027027027017,4.391891891891888,3.7162162162162247,4.054054054054049,4.729729729729726
206,SPD,2250,19,1.0,0.0,5.17128971076339,1.0,0.0,3.2094594594594574,2.1692745376955855,4.978662873399713,12.375533428165006,2.0625889046941666,0.0889046941678373,9.352773826458034,5.067567567567565,1.689189189189186,3.378378378378379,2.0270270270270316,1.6891891891891788,5.4054054054054035
1549,FDP,2250,19,1.0,0.0,4.978662873399714,1.0,1.0,1.5202702702702726,4.960881934566139,7.147937411095306,0.4267425320056901,6.703413940256041,8.410384068278809,2.222617354196302,1.3513513513513615,0.0,3.0405405405405403,1.689189189189193,2.0270270270270316,1.0135135135135087
440,bunt.saar,2250,19,1.0,0.0,7.1834992887624445,1.0,0.0,9.909909909909908,2.0625889046941666,2.0981507823613015,9.743954480796589,3.556187766714089,18.456614509246087,7.183499288762434,6.756756756756758,2.364864864864856,14.527027027027032,7.770270270270274,14.527027027027032,13.513513513513502
1390,bunt.saar,2250,19,1.0,0.0,5.408368895210998,1.0,1.0,1.4639639639639637,1.6358463726884764,2.3826458036984306,6.525604551920338,1.795874822190612,15.024893314366984,5.0853485064011466,1.689189189189186,2.3648648648648702,0.0,1.689189189189193,2.7027027027026946,0.3378378378378386
2647,CDU,2250,19,1.0,0.0,4.116287339971546,1.0,0.0,5.630630630630633,2.115931721194869,0.3378378378378386,4.676386913229017,8.19701280227595,6.650071123755332,2.720483641536269,2.0270270270270245,6.418918918918919,9.45945945945946,0.6756756756756843,8.78378378378379,6.418918918918919
3152,FDP,2250,19,0.0,0.0,4.726766239924136,0.0,1.0,1.5765765765765767,4.569701280227605,3.413940256045514,2.2226173541963092,8.214793741109531,7.254623044096725,2.6849217638691343,3.7162162162162176,1.0135135135135087,1.689189189189193,0.6756756756756772,2.364864864864863,0.0
1948,bunt.saar,2250,19,1.0,1.0,5.547652916073969,1.0,1.0,2.364864864864868,4.694167852062591,6.330014224751068,2.9338549075391143,5.1209103840682815,9.850640113798008,4.356330014224753,2.0270270270270316,2.702702702702709,2.702702702702709,5.067567567567565,1.0135135135135158,0.6756756756756772
3234,bunt.saar,2250,19,1.0,0.0,2.9486723565670943,1.0,1.0,1.5202702702702702,0.5689900426742511,1.6002844950213486,5.583214793741114,0.9779516358463738,6.507823613086771,2.4537695590327075,0.3378378378378386,2.0270270270270245,1.689189189189186,2.0270270270270316,1.689189189189186,1.3513513513513544
2535,CDU,2250,19,1.0,0.0,2.3322664770033206,1.0,0.0,4.617117117117114,2.435988620199147,0.9779516358463738,1.0135135135135087,1.475817923186355,6.36557610241821,1.724751066856328,8.108108108108098,4.391891891891888,2.3648648648648702,5.743243243243235,3.378378378378372,3.7162162162162176
2103,CDU,2250,19,0.0,0.0,3.819938359412044,1.0,0.0,0.9572072072072105,3.556187766714082,1.2268847795163538,5.45874822190612,5.1209103840682815,6.7745376955903325,0.7823613086770962,1.3513513513513615,1.689189189189193,1.013513513513523,1.0135135135135087,0.0,0.6756756756756772
2273,bunt.saar,2250,19,1.0,1.0,4.258534850640111,1.0,1.0,2.195945945945946,4.445234708392597,4.711948790896166,1.0846372688477857,5.636557610241816,8.55263157894737,1.1201991465149348,0.3378378378378457,0.0,4.391891891891888,2.364864864864863,2.0270270270270316,4.054054054054049
4339,bunt.saar,2250,19,0.0,1.0,5.079421526789946,1.0,1.0,0.33783783783783505,1.4224751066856243,5.067567567567565,6.009957325746797,0.6756756756756772,7.912517780938828,9.388335704125183,0.3378378378378315,0.675675675675663,0.3378378378378386,0.0,0.3378378378378386,0.3378378378378386
2540,FDP,2250,19,0.0,1.0,2.717520151730678,0.0,1.0,2.421171171171172,0.35561877667140607,3.3250355618776624,3.2183499288762505,3.378378378378372,0.17780938833571014,5.849928876244668,2.7027027027027017,0.3378378378378386,4.391891891891895,0.3378378378378386,0.6756756756756772,6.081081081081081
2556,bunt.saar,2250,19,0.0,0.0,4.377074442863912,0.0,1.0,1.0698198198198223,1.689189189189186,2.3115220483641536,5.014224751066848,1.6358463726884764,11.237553342816497,4.374110953058313,0.6756756756756772,0.3378378378378386,0.3378378378378386,3.378378378378379,1.013513513513523,0.6756756756756772
3212,FDP,2250,19,0.0,1.0,8.285917496443814,1.0,1.0,6.53153153153153,2.489331436699864,6.045519203413946,15.878378378378379,3.8940256045519206,11.024182076813652,10.38406827880512,4.729729729729726,6.418918918918919,8.445945945945944,3.378378378378379,7.432432432432435,8.783783783783779
123,CDU,2250,19,1.0,0.0,2.527856804172597,1.0,0.0,2.9279279279279287,0.17780938833571014,2.7204836415362763,2.773826458036986,0.9068278805120897,6.596728307254629,1.9914651493598896,3.7162162162162176,3.0405405405405332,2.702702702702709,4.729729729729733,2.364864864864863,1.0135135135135158
4407,SPD,2250,19,0.0,0.0,4.451161688003796,0.0,0.0,1.1261261261261228,0.9246088193456643,1.3335704125177799,8.890469416785209,2.951635846372696,8.60597439544808,4.000711237553347,0.0,0.6756756756756772,0.6756756756756701,2.0270270270270316,0.675675675675663,2.7027027027026946
4523,bunt.saar,2250,19,1.0,0.0,7.497629208155524,1.0,0.0,1.5765765765765767,2.4182076813655797,2.43598862019914,10.56187766714082,0.32005689900427114,20.554765291607396,8.694879089615938,1.689189189189186,0.3378378378378386,3.378378378378386,0.3378378378378386,2.3648648648648702,1.3513513513513402
10,bunt.saar,2250,19,0.0,1.0,7.793978188715031,1.0,1.0,1.8018018018018,8.854907539118052,7.112375533428171,2.7027027027026946,4.374110953058327,14.97155049786629,8.748221906116655,2.0270270270270387,0.3378378378378244,0.3378378378378244,2.0270270270270316,2.364864864864856,3.7162162162162247
3759,Die Grünen,2250,19,0.0,0.0,6.134423897581791,1.0,1.0,2.9842342342342327,4.071834992887624,2.1692745376955855,10.650782361308679,2.3115220483641536,7.005689900426745,10.597439544807962,2.3648648648648702,0.3378378378378386,3.378378378378379,4.391891891891895,3.0405405405405332,4.391891891891881
977,bunt.saar,2250,19,1.0,1.0,4.166666666666669,1.0,1.0,4.673423423423425,4.054054054054056,2.7027027027026946,7.574679943100989,3.022759601706973,4.249644381223334,3.3961593172119677,2.364864864864856,0.3378378378378386,7.432432432432435,6.418918918918919,5.067567567567565,6.4189189189189335
4084,CDU,2250,19,1.0,1.0,2.824205784732102,1.0,1.0,7.826576576576575,1.1735419630156514,0.01778093883356746,2.5248933143669987,8.641536273115221,2.1692745376955926,2.4182076813655797,1.689189189189193,8.108108108108112,8.445945945945944,10.13513513513513,9.121621621621621,9.459459459459453
1089,FDP,2250,19,1.0,1.0,5.772878141299196,1.0,1.0,2.702702702702703,8.179231863442396,1.1735419630156443,3.058321479374108,8.97937411095306,8.090327169274545,5.1564722617354235,1.0135135135135087,2.702702702702709,5.743243243243249,2.7027027027027017,2.364864864864863,1.689189189189186
2229,SPD,2250,19,1.0,0.0,7.393907064959694,1.0,0.0,5.011261261261258,8.712660028449513,5.672119487908965,6.845661450924595,6.383357041251777,9.10384068278804,7.645803698435273,3.0405405405405332,2.0270270270270316,5.743243243243235,3.0405405405405403,10.810810810810807,5.4054054054054035
3905,SPD,2250,19,1.0,0.0,6.368539592223802,1.0,1.0,1.2387387387387403,7.716927453769557,4.711948790896166,9.050497866287337,4.534139402560456,3.271692745376953,8.926031294452343,1.689189189189186,1.3513513513513473,1.0135135135135158,0.6756756756756843,1.0135135135135158,1.689189189189193
262,Die Grünen,2250,19,1.0,1.0,6.718231389284021,1.0,0.0,5.855855855855856,3.627311522048366,8.677098150782356,3.769559032716927,3.6450924608819335,8.445945945945944,12.144381223328601,6.756756756756758,1.689189189189186,8.445945945945937,7.770270270270274,0.0,10.472972972972983
3469,Die Grünen,2250,19,0.0,0.0,3.7843764817448964,1.0,0.0,2.477477477477477,5.778805120910384,0.49786628733995997,3.1827880512090942,1.4402560455191917,8.339260312944525,3.4672830725462234,1.689189189189186,3.0405405405405475,3.378378378378379,1.0135135135135087,3.378378378378379,2.364864864864863
1294,FDP,2250,19,0.0,1.0,3.7399241346609755,0.0,1.0,5.686936936936932,0.07112375533427695,4.302987197724036,3.94736842105263,2.8982930298719793,7.1301564722617385,4.089615931721191,2.7027027027026946,5.4054054054054035,6.418918918918912,3.378378378378372,6.756756756756744,9.459459459459467
2381,FDP,2250,19,1.0,0.0,3.6480559506875267,1.0,0.0,2.195945945945945,5.921052631578952,4.818634423897578,1.8492176386913144,7.965860597439544,0.21337126600283796,1.1201991465149348,1.689189189189193,0.6756756756756701,0.6756756756756843,6.418918918918905,0.3378378378378386,3.378378378378379
2896,FDP,2250,19,1.0,1.0,2.1455666192508303,1.0,1.0,3.4346846846846844,3.0049786628733983,0.7112375533428192,2.0270270270270316,3.4317211948790884,3.165007112375534,0.5334281650071091,5.067567567567558,5.4054054054054035,1.3513513513513473,1.689189189189193,3.0405405405405475,4.054054054054056
1028,FDP,2250,19,1.0,0.0,4.214082503556187,1.0,0.0,2.5900900900900887,3.627311522048373,3.7873399715504945,0.8357041251778057,2.7027027027026946,7.432432432432435,6.899004267425319,1.0135135135135087,1.3513513513513473,3.0405405405405403,2.0270270270270316,3.0405405405405403,5.067567567567565
4804,bunt.saar,2250,19,0.0,1.0,6.134423897581793,1.0,1.0,3.0405405405405417,4.160739687055475,2.115931721194869,6.169985775248932,0.8534850640113874,13.833570412517787,9.672830725462305,3.378378378378379,1.0135135135135016,2.702702702702709,3.378378378378386,2.702702702702709,5.067567567567565
1887,FDP,2250,19,0.0,0.0,5.248340445708865,0.0,0.0,1.8018018018018,1.9914651493598896,4.320768136557611,3.982930298719772,5.672119487908951,14.598150782361301,0.9246088193456643,1.3513513513513544,0.3378378378378386,1.0135135135135087,1.3513513513513402,5.743243243243242,1.0135135135135158
2061,CDU,2250,19,1.0,1.0,6.0010668563300165,1.0,0.0,1.2387387387387392,2.3826458036984306,3.2894736842105345,7.450213371266003,5.814366998577526,8.517069701280235,8.55263157894737,0.0,0.3378378378378386,0.3378378378378315,1.0135135135135158,2.702702702702709,3.0405405405405403
1463,CDU,2250,19,1.0,0.0,2.9368183973447124,1.0,0.0,1.6328828828828854,1.8492176386913286,0.49786628733995997,5.796586059743952,4.302987197724043,4.800853485064017,0.37339971550497353,4.054054054054063,1.3513513513513473,0.3378378378378386,0.3378378378378386,3.0405405405405403,0.6756756756756843
2404,FDP,2250,19,1.0,1.0,4.308914177335229,1.0,1.0,2.5900900900900887,7.841394025604551,0.12446657183499354,5.849928876244668,0.32005689900426404,7.770270270270267,3.94736842105263,1.0135135135135087,1.0135135135135158,3.0405405405405403,1.689189189189193,4.729729729729726,4.054054054054049
4089,DIE LINKE,2250,19,0.0,0.0,6.578947368421051,0.0,0.0,5.067567567567565,0.6756756756756772,5.672119487908951,8.890469416785209,1.9381223328591872,13.424608819345657,8.872688477951627,3.7162162162162105,3.7162162162162105,6.081081081081081,2.364864864864856,7.432432432432435,7.0945945945945965
2750,CDU,2250,19,1.0,1.0,3.2124229492650556,1.0,0.0,0.6193693693693708,2.880512091038412,5.992176386913222,4.285206258890469,1.0846372688477999,2.3826458036984377,2.6493598862019923,0.3378378378378386,0.3378378378378457,1.0135135135135087,0.6756756756756772,0.0,1.3513513513513544
4473,FDP,2250,19,0.0,1.0,7.66951161688004,1.0,1.0,4.448198198198195,0.053342816500716594,10.241820768136556,6.507823613086771,9.317211948790913,8.926031294452343,10.970839260312943,0.0,6.756756756756751,5.743243243243249,1.0135135135135016,5.743243243243235,7.432432432432435
1785,Die Grünen,2250,19,0.0,0.0,8.591156946420108,1.0,0.0,2.9279279279279264,6.525604551920338,2.560455192034155,9.299431009957324,6.632290184921764,17.034139402560463,9.495021337126602,0.6756756756756843,2.364864864864856,3.7162162162162247,2.3648648648648702,3.7162162162162033,4.729729729729719
2563,bunt.saar,2250,19,1.0,1.0,3.7991939307728777,1.0,1.0,1.9707207207207216,2.115931721194869,1.7247510668563208,4.747510668563301,2.489331436699864,8.481507823613093,3.236130867709818,2.7027027027027017,1.01351351351353,2.0270270270270316,1.689189189189193,0.3378378378378244,4.054054054054049
1380,SPD,2250,19,0.0,0.0,8.697842579421529,0.0,0.0,3.153153153153157,2.151493598862025,5.903271692745371,10.91749644381224,2.3826458036984377,18.616642958748223,12.215504978662878,1.0135135135135158,2.3648648648648702,4.054054054054056,0.3378378378378457,7.770270270270274,3.378378378378379
923,Die Grünen,2250,19,0.0,0.0,4.732693219535321,1.0,0.0,7.545045045045044,2.9871977240398238,3.4672830725462234,6.223328591749635,1.440256045519206,10.739687055476516,3.5384068278805216,4.054054054054056,5.743243243243249,9.121621621621614,8.108108108108112,11.148648648648638,7.0945945945945965
372,CDU,2250,19,1.0,1.0,2.284850640113799,1.0,1.0,4.110360360360359,4.907539118065436,4.12517780938834,0.017780938833574567,2.4537695590327075,1.2446657183499283,0.9601706970128063,3.7162162162162176,2.7027027027027017,4.054054054054049,4.391891891891888,5.743243243243242,4.054054054054056
5125,bunt.saar,2250,19,1.0,0.0,3.236130867709811,1.0,0.0,2.7027027027027004,1.9203413940255984,4.018492176386907,4.551920341394016,7.147937411095306,0.32005689900426404,1.4580369843527734,0.3378378378378386,6.418918918918905,3.378378378378379,0.0,3.7162162162162105,2.3648648648648702
4255,DIE LINKE,2250,19,0.0,1.0,7.245732574679944,0.0,1.0,4.673423423423422,9.317211948790899,6.098862019914655,7.005689900426745,1.795874822190612,16.589615931721195,2.6671408250355597,1.689189189189186,5.405405405405411,4.729729729729733,4.729729729729726,9.459459459459453,2.0270270270270245
7,Die Grünen,2250,19,1.0,0.0,4.288169748696066,1.0,0.0,1.745495495495496,4.374110953058327,0.23115220483641252,1.6358463726884764,6.152204836415365,12.588904694167852,0.7467994310099613,2.3648648648648702,4.054054054054056,0.6756756756756701,0.6756756756756772,0.6756756756756772,2.0270270270270245
3374,Die Grünen,2250,19,0.0,1.0,4.48376007586534,0.0,1.0,2.25225225225225,1.5825035561877598,7.290184921763881,8.51706970128022,2.6315789473684177,0.6934566145092589,6.1877667140825,2.0270270270270245,1.689189189189193,2.364864864864856,3.7162162162162176,1.0135135135135158,2.7027027027026946
1429,FDP,2250,19,1.0,0.0,3.5739687055476552,1.0,1.0,1.0135135135135147,1.5291607396870575,3.9651493598862046,5.778805120910384,5.938833570412527,0.4267425320056901,3.805120910384069,4.054054054054056,0.6756756756756772,0.0,1.3513513513513544,0.0,0.0
3442,FDP,2250,19,1.0,1.0,3.0435040303461336,1.0,1.0,1.8581081081081112,5.4409672830725455,1.5647226173541924,0.9779516358463738,5.209815078236119,4.000711237553347,1.0668563300142253,1.3513513513513473,0.3378378378378457,4.054054054054056,1.013513513513523,2.0270270270270316,2.364864864864863
1851,SPD,2250,19,0.0,0.0,4.803816974869609,1.0,0.0,2.195945945945945,9.139402560455203,3.09388335704125,2.6493598862019923,7.343527738264584,4.000711237553347,2.5960170697012828,1.6891891891892001,5.4054054054054035,3.378378378378372,1.0135135135135158,1.3513513513513402,0.3378378378378386
4130,bunt.saar,2250,19,0.0,1.0,3.9266239924134694,0.0,1.0,1.5765765765765778,0.9779516358463738,1.369132290184929,5.280938833570417,2.4182076813655797,7.219061166429583,6.294452347083933,2.7027027027027017,3.7162162162162105,0.3378378378378386,0.3378378378378457,0.6756756756756772,1.689189189189193
3449,SPD,2250,19,1.0,1.0,4.584518729255577,1.0,1.0,1.9707207207207251,0.4800853485063925,7.112375533428171,6.436699857752494,2.5960170697012828,3.200568990042683,7.681365576102436,3.378378378378372,0.3378378378378315,2.0270270270270316,2.0270270270270316,1.01351351351353,3.0405405405405546
1184,FDP,2250,19,1.0,1.0,5.814366998577519,1.0,0.0,2.0833333333333335,5.174253200568991,7.254623044096725,5.156472261735409,10.295163584637258,4.42745376955903,2.578236130867701,3.0405405405405403,1.3513513513513544,1.689189189189186,2.364864864864863,3.0405405405405403,1.0135135135135158
899,Die Grünen,2250,19,1.0,0.0,6.79528212422949,1.0,0.0,2.7590090090090116,4.516358463726888,10.241820768136563,5.014224751066848,4.018492176386907,15.398293029871972,1.5825035561877598,1.3513513513513473,2.3648648648648702,3.7162162162162247,0.675675675675663,1.689189189189193,6.756756756756772
1398,DIE LINKE,2250,19,1.0,0.0,4.655642484589851,1.0,0.0,3.3783783783783767,2.8982930298719793,3.09388335704125,6.0099573257467895,2.435988620199147,6.899004267425312,6.596728307254629,2.0270270270270316,3.7162162162162176,3.378378378378372,4.391891891891888,2.364864864864856,4.391891891891895
60,CDU,2250,19,0.0,0.0,2.5426742532005684,1.0,1.0,1.407657657657656,6.756756756756758,0.5689900426742511,1.689189189189186,0.07112375533427695,1.9203413940255984,4.249644381223341,1.0135135135135158,3.0405405405405332,0.6756756756756701,3.0405405405405475,0.6756756756756701,0.0
4192,CDU,2250,19,1.0,0.0,3.200568990042678,1.0,0.0,2.1396396396396398,2.275960170697026,2.1337126600284577,5.423186344238985,6.472261735419629,1.4935988620199083,1.404694167852064,1.0135135135135087,6.081081081081088,0.3378378378378457,2.0270270270270245,1.689189189189186,1.689189189189186
158,bunt.saar,2250,19,0.0,1.0,2.2729966808914193,0.0,1.0,2.7027027027027053,1.511379800853483,2.080369843527741,2.9871977240398238,0.7467994310099613,0.9957325746799413,5.316500711237566,2.0270270270270245,5.743243243243249,3.0405405405405546,0.3378378378378386,5.067567567567565,0.0
4903,CDU,2250,19,1.0,1.0,4.039236605026081,0.0,1.0,4.729729729729729,0.9957325746799413,9.03271692745377,3.165007112375534,3.627311522048373,5.921052631578952,1.4935988620199154,0.3378378378378386,5.4054054054054035,4.729729729729726,5.067567567567565,7.770270270270267,5.067567567567572
5192,FDP,2250,19,1.0,0.0,4.554883831199619,1.0,0.0,6.362612612612613,0.4800853485063925,7.965860597439544,11.66429587482219,3.7162162162162176,1.795874822190612,1.7069701280227534,5.067567567567565,3.0405405405405403,10.472972972972975,10.135135135135137,3.378378378378379,6.081081081081081
3142,CDU,2250,19,1.0,0.0,3.941441441441443,1.0,0.0,2.3085585585585604,2.0270270270270316,4.747510668563301,3.2183499288762576,4.089615931721191,6.721194879089616,2.8449502133712627,2.3648648648648702,1.0135135135135087,4.054054054054063,3.0405405405405403,0.0,3.378378378378379
4040,FDP,2250,19,0.0,0.0,4.8304883831199605,0.0,0.0,4.2229729729729755,3.7873399715504945,0.8534850640113874,2.5248933143669916,10.384068278805124,9.868421052631575,1.5647226173541924,1.3513513513513615,5.067567567567565,5.743243243243249,4.054054054054056,3.7162162162162176,5.4054054054054035
4809,bunt.saar,2250,19,1.0,0.0,3.6717638691322905,1.0,1.0,2.421171171171172,4.623044096728307,1.9914651493598896,4.356330014224746,6.934566145092461,3.342816500711244,0.7823613086770962,3.0405405405405403,0.6756756756756701,3.378378378378386,2.364864864864856,2.3648648648648702,2.702702702702709
1577,DIE LINKE,2250,19,0.0,1.0,1.8551446183025107,0.0,0.0,2.927927927927931,0.26671408250354744,2.6493598862019923,2.329302987197721,1.1201991465149348,4.071834992887624,0.6934566145092447,1.3513513513513615,1.689189189189186,5.067567567567572,0.0,6.418918918918926,3.0405405405405403
2414,bunt.saar,2250,19,1.0,1.0,5.020151730678045,1.0,1.0,0.563063063063062,0.40896159317211556,4.996443812233288,8.036984352773828,1.2446657183499283,7.965860597439544,7.46799431009957,1.0135135135135087,0.0,1.0135135135135158,1.3513513513513473,0.0,0.0
835,SPD,2250,19,1.0,1.0,3.3131816026552863,1.0,1.0,2.195945945945946,2.0981507823613086,0.32005689900426404,11.735419630156471,0.32005689900427114,2.400426742531998,3.0049786628734054,2.7027027027026946,2.0270270270270316,1.3513513513513615,1.689189189189186,3.378378378378386,2.0270270270270174
4756,bunt.saar,2250,19,0.0,0.0,4.863086770981506,1.0,0.0,1.0698198198198234,3.0049786628733983,6.063300142247506,4.071834992887624,4.889758179231862,4.231863442389752,6.9167852062588935,0.6756756756756843,0.3378378378378386,3.0405405405405475,0.6756756756756772,1.3513513513513544,0.3378378378378386
5147,FDP,2250,19,0.0,1.0,2.5811996206733063,1.0,1.0,1.9144144144144104,2.6137980085348573,3.840682788051211,0.9779516358463738,4.943100995732571,0.4445234708392647,2.6671408250355597,1.0135135135135158,1.689189189189186,3.378378378378379,0.6756756756756701,2.0270270270270174,2.7027027027026946
377,FDP,2250,19,0.0,1.0,4.575628259838786,1.0,1.0,2.9279279279279273,2.720483641536269,1.9559032716927405,6.472261735419636,5.0497866287340045,3.449502133712656,7.805832147937409,0.0,2.364864864864863,5.405405405405411,0.0,5.4054054054054035,4.391891891891888
5222,Die Grünen,2250,19,1.0,0.0,5.9655049786628735,1.0,0.0,2.1396396396396375,0.604551920341386,10.348506401137975,2.3648648648648702,1.4935988620199083,10.152916073968711,10.828591749644389,2.702702702702709,0.3378378378378386,0.3378378378378244,4.391891891891888,1.0135135135135087,4.054054054054056
2963,Die Grünen,2250,19,1.0,0.0,4.193338074917025,1.0,1.0,0.9009009009008982,4.42745376955903,3.9118065433855023,2.8982930298719793,0.5156472261735487,10.650782361308679,2.7560455192034112,1.0135135135135158,0.3378378378378386,0.3378378378378244,1.3513513513513544,2.364864864864856,0.0
1394,CDU,2250,19,1.0,0.0,2.6256519677572285,1.0,0.0,1.91441441441442,0.4267425320056759,5.174253200568991,1.5291607396870575,2.880512091038412,0.1422475106685539,5.600995732574681,0.3378378378378528,0.3378378378378386,1.6891891891892001,0.3378378378378457,5.067567567567565,3.7162162162162176
641,Die Grünen,2250,19,1.0,0.0,7.127192982456141,1.0,1.0,1.6891891891891941,3.342816500711244,1.4046941678520568,12.606685633001433,0.8357041251778057,14.0647226173542,10.50853485064011,0.6756756756756843,0.3378378378378386,3.7162162162162247,1.3513513513513544,3.378378378378386,0.6756756756756772
1840,FDP,2250,19,0.0,1.0,5.906235182550968,1.0,1.0,3.9414414414414387,4.267425320056894,4.87197724039828,5.3698435277382615,8.997155049786635,3.271692745376953,8.659317211948782,2.0270270270270316,5.4054054054054035,5.405405405405396,2.0270270270270316,3.378378378378372,5.405405405405396
1402,FDP,2250,19,0.0,0.0,4.2318634423897565,0.0,1.0,3.6599099099099113,5.494310099573248,0.10668563300142608,1.3869132290184893,13.40682788051209,0.3378378378378386,4.658605974395449,2.3648648648648702,2.7027027027027017,4.729729729729733,3.7162162162162176,3.7162162162162176,4.729729729729726
4241,FDP,2250,19,0.0,1.0,3.0998103366524403,0.0,1.0,1.8581081081081088,1.5291607396870575,3.520625889046933,2.0625889046941666,6.223328591749642,3.1472261735419664,2.115931721194876,3.7162162162162176,2.0270270270270245,0.6756756756756701,1.013513513513523,3.378378378378379,0.3378378378378386
4125,FDP,2250,19,1.0,1.0,5.769914651493597,1.0,1.0,2.4774774774774797,9.495021337126602,0.3022759601706895,1.8492176386913144,9.263869132290182,13.051209103840684,0.6578947368421098,2.702702702702709,7.105427357601002e-15,1.689189189189193,0.675675675675663,6.756756756756765,3.0405405405405403
1155,CDU,2250,19,1.0,0.0,4.569701280227598,1.0,0.0,1.2387387387387367,1.973684210526315,1.795874822190612,3.8229018492176436,6.54338549075392,8.445945945945944,4.836415362731152,2.7027027027026946,1.0135135135135158,0.6756756756756772,0.0,1.3513513513513473,1.689189189189186
3922,FDP,2250,19,1.0,1.0,6.537458511142721,1.0,1.0,5.236486486486485,2.507112375533424,6.169985775248932,5.103129445234707,2.151493598862018,16.340682788051218,6.952347083926028,4.391891891891888,2.364864864864863,5.743243243243242,4.391891891891888,8.108108108108112,6.418918918918919
4674,FDP,2250,19,1.0,1.0,4.501541014698905,1.0,1.0,2.139639639639641,8.588193456614498,4.2140825035561775,2.951635846372689,4.87197724039828,2.471550497866289,3.911806543385495,1.3513513513513473,1.3513513513513615,2.3648648648648702,1.689189189189193,3.378378378378379,2.7027027027026946
905,bunt.saar,2250,19,1.0,1.0,7.773233760075868,1.0,1.0,2.139639639639641,4.943100995732571,4.125177809388333,11.095305832147943,5.387624466571843,14.135846372688476,6.952347083926043,1.0135135135135158,1.3513513513513544,4.054054054054063,2.7027027027027017,2.3648648648648702,1.3513513513513402
4498,FDP,2250,19,1.0,1.0,7.088667614983408,1.0,0.0,0.9572072072072094,9.174964438122338,3.876244665718346,7.1301564722617385,10.259601706970138,5.316500711237566,6.774537695590325,0.3378378378378386,2.0270270270270245,2.3648648648648702,0.0,0.6756756756756843,0.3378378378378386
3094,bunt.saar,2250,19,1.0,0.0,3.13240872451399,1.0,1.0,1.5202702702702702,0.5156472261735487,1.6714082503556114,8.997155049786635,0.8712660028449477,5.032005689900423,1.7069701280227747,1.3513513513513544,1.689189189189186,0.3378378378378386,3.378378378378372,1.0135135135135158,1.3513513513513544
2621,SPD,2250,19,1.0,0.0,6.401137980085345,1.0,0.0,1.970720720720723,5.209815078236119,1.8136557610241795,9.83285917496444,6.294452347083919,7.307965860597427,7.948079658605984,0.0,2.702702702702709,2.0270270270270316,0.3378378378378457,3.0405405405405332,3.7162162162162176
4963,bunt.saar,2250,19,1.0,1.0,3.0346135609293534,1.0,0.0,2.027027027027023,6.152204836415365,3.3961593172119606,0.4445234708392718,2.009246088193457,3.0405405405405332,3.165007112375534,2.7027027027026946,0.3378378378378528,3.7162162162161962,1.3513513513513473,1.689189189189193,2.364864864864856
3985,bunt.saar,2250,19,1.0,0.0,4.178520625889047,1.0,1.0,1.914414414414414,1.8847795163584635,2.4537695590327075,8.605974395448087,1.6002844950213415,4.658605974395456,5.8677098150782285,2.0270270270270316,1.3513513513513402,1.689189189189193,1.3513513513513544,2.3648648648648702,2.7027027027026946
1227,DIE LINKE,2250,19,1.0,0.0,2.03888098624941,1.0,0.0,3.378378378378379,0.17780938833571014,1.9559032716927476,1.0668563300142253,1.0490753911806578,4.836415362731152,3.1472261735419664,2.364864864864863,0.0,5.067567567567565,1.0135135135135087,6.081081081081088,5.743243243243249
4058,FDP,2250,19,1.0,1.0,6.208511142721666,1.0,1.0,1.407657657657656,8.801564722617357,5.085348506401132,3.9295874822190555,7.716927453769557,5.067567567567565,6.650071123755332,0.6756756756756701,0.3378378378378386,2.0270270270270245,2.0270270270270316,0.3378378378378315,3.0405405405405403
1805,CDU,2250,19,0.0,0.0,4.557847321005212,0.0,1.0,4.842342342342342,3.520625889046933,5.138691322901842,5.174253200568991,0.5512091038406766,10.579658605974402,2.3826458036984306,0.6756756756756772,2.364864864864863,6.756756756756758,6.756756756756751,8.78378378378379,3.7162162162162176
1765,SPD,2250,19,0.0,0.0,2.1277856804172615,1.0,0.0,2.1959459459459487,1.7425320056899025,4.160739687055475,1.3335704125177799,2.8982930298719793,0.35561877667140607,2.275960170697026,5.743243243243249,2.0270270270270245,2.3648648648648702,1.3513513513513473,1.3513513513513615,0.3378378378378386
4762,CDU,2250,19,1.0,1.0,4.943100995732574,0.0,1.0,2.3648648648648654,6.401137980085345,0.26671408250354744,7.076813655761022,5.974395448079662,3.6806543385490755,6.258890469416791,2.0270270270270316,1.0135135135135087,2.3648648648648702,3.7162162162162105,1.3513513513513544,3.7162162162162176
684,Die Grünen,2250,19,1.0,1.0,4.531175912754853,1.0,1.0,1.2387387387387427,0.32005689900426404,2.400426742531998,8.62375533428164,2.7382645803698367,5.8677098150782285,7.23684210526315,1.0135135135135158,0.6756756756756914,2.3648648648648702,0.3378378378378315,2.702702702702709,0.3378378378378386
3960,bunt.saar,2250,19,0.0,1.0,5.357989568515886,1.0,1.0,2.6463963963963955,0.40896159317212266,4.765291607396868,7.325746799431002,0.7290184921763867,10.579658605974402,8.339260312944532,1.689189189189186,0.6756756756756772,3.0405405405405332,2.7027027027027017,4.729729729729726,3.0405405405405475
266,CDU,2250,19,1.0,1.0,4.8423423423423415,0.0,1.0,2.2522522522522563,3.09388335704125,3.520625889046933,8.07254623044097,0.9779516358463738,5.352062588904694,8.036984352773828,1.3513513513513544,1.013513513513523,3.378378378378379,4.054054054054063,0.0,3.7162162162162176
618,Die Grünen,2250,19,1.0,0.0,7.681365576102418,1.0,1.0,1.6328828828828819,0.9957325746799413,9.103840682788054,6.703413940256041,2.115931721194876,17.923186344238978,9.246088193456615,0.3378378378378386,0.0,3.7162162162162105,1.3513513513513544,2.702702702702709,1.6891891891891788
2562,CDU,2250,19,1.0,1.0,6.19665718349929,1.0,0.0,3.772522522522523,0.3022759601707037,1.6358463726884764,10.099573257467995,7.450213371266003,9.210526315789465,8.481507823613093,2.7027027027027017,0.3378378378378386,4.729729729729726,2.364864864864863,6.756756756756758,5.743243243243249
146,FDP,2250,19,0.0,0.0,3.544333807491705,0.0,1.0,2.7027027027027004,0.6401137980085352,4.036273115220489,3.662873399715501,6.614509246088197,2.8271692745377024,3.485064011379805,1.3513513513513544,3.0405405405405332,3.7162162162162176,3.0405405405405332,2.7027027027027017,2.364864864864863
3804,SPD,2250,19,1.0,1.0,1.9766477003319096,1.0,1.0,1.2950450450450444,0.9423897581792318,0.6045519203413932,5.95661450924608,1.1024182076813602,0.17780938833570303,3.0761024182076895,1.0135135135135087,3.0405405405405332,0.6756756756756701,1.0135135135135087,1.3513513513513544,0.6756756756756914
4749,bunt.saar,2250,19,1.0,0.0,4.753437648174493,0.0,0.0,1.126126126126124,7.894736842105267,2.951635846372696,4.9075391180654435,1.511379800853483,7.556899004267429,3.698435277382636,1.689189189189186,0.3378378378378386,0.6756756756756701,0.0,0.3378378378378386,3.7162162162162105
4959,CDU,2250,19,0.0,1.0,5.743243243243242,0.0,0.0,3.2657657657657686,8.517069701280235,10.56187766714082,0.5512091038406766,4.498577524893314,7.663584637268848,2.6671408250355597,1.3513513513513473,2.3648648648648702,4.391891891891895,2.0270270270270316,3.7162162162162176,5.743243243243249
4230,Die Grünen,2250,19,0.0,0.0,5.84696538643907,1.0,1.0,1.2387387387387438,1.0668563300142253,1.3335704125177799,8.641536273115221,4.67638691322901,12.748933143669987,6.614509246088197,1.689189189189193,2.702702702702709,0.3378378378378386,1.013513513513523,1.3513513513513544,0.3378378378378457
4388,SPD,2250,19,1.0,0.0,3.2657657657657615,1.0,1.0,1.8018018018018023,4.783072546230443,3.1294452347083777,6.899004267425312,3.09388335704125,1.653627311522051,0.03556187766713492,0.3378378378378386,3.378378378378393,1.689189189189186,0.3378378378378386,3.0405405405405332,2.0270270270270245
2581,CDU,2250,19,1.0,1.0,5.9714319582740645,1.0,1.0,2.252252252252255,3.662873399715508,0.053342816500716594,6.792318634423893,5.067567567567565,15.273826458036979,4.978662873399728,0.3378378378378457,3.378378378378379,1.0135135135135087,1.013513513513523,4.391891891891895,3.378378378378379
4770,CDU,2250,19,1.0,1.0,1.3661688003793284,1.0,1.0,2.871621621621621,2.9338549075391214,0.5156472261735487,0.40896159317211556,1.8847795163584706,1.3869132290184893,1.0668563300142253,3.0405405405405403,1.689189189189186,3.0405405405405403,3.7162162162162176,2.7027027027027017,3.0405405405405403
3870,DIE LINKE,2250,19,1.0,1.0,4.258534850640113,1.0,1.0,1.2950450450450433,5.778805120910384,0.8712660028449477,5.28093883357041,0.01778093883356746,10.828591749644389,2.7738264580369787,0.6756756756756772,1.0135135135135016,0.3378378378378315,4.729729729729733,0.6756756756756772,0.3378378378378386
3919,bunt.saar,2250,19,1.0,1.0,4.486723565670935,1.0,1.0,1.4639639639639601,3.876244665718346,4.67638691322901,3.165007112375534,2.6671408250355597,8.659317211948803,3.8762446657183602,1.3513513513513473,1.0135135135135158,2.0270270270270316,1.3513513513513473,1.0135135135135016,2.0270270270270174
1371,FDP,2250,19,1.0,0.0,5.13869132290185,1.0,1.0,2.9842342342342305,2.0803698435277482,3.129445234708392,8.570412517780944,3.840682788051197,6.152204836415358,7.059032716927462,0.675675675675663,2.7027027027027017,4.729729729729726,1.0135135135135016,3.0405405405405403,5.743243243243249
2401,bunt.saar,2250,19,1.0,0.0,1.9292318634423868,0.0,0.0,2.421171171171173,0.9779516358463738,2.275960170697026,1.3869132290184822,1.4402560455191917,3.8584637268847715,1.6358463726884764,2.702702702702709,2.0270270270270316,1.3513513513513473,4.391891891891895,1.689189189189186,2.3648648648648702
701,bunt.saar,2250,19,1.0,1.0,3.885135135135131,1.0,1.0,1.9144144144144175,1.7780938833570303,2.5960170697012828,4.018492176386907,4.285206258890469,7.841394025604551,2.791607396870546,0.6756756756756772,3.378378378378379,3.0405405405405475,1.3513513513513544,2.3648648648648702,0.6756756756756772
3098,CDU,2250,19,1.0,1.0,4.388928402086296,1.0,1.0,2.195945945945945,0.26671408250355455,4.374110953058327,5.5476529160739645,1.3513513513513473,9.050497866287337,5.743243243243242,1.3513513513513402,3.7162162162162176,2.3648648648648702,3.7162162162162176,1.689189189189186,0.3378378378378386
1360,bunt.saar,2250,19,0.0,1.0,1.5647226173541948,0.0,0.0,2.646396396396394,0.5156472261735487,0.9957325746799413,3.6450924608819264,0.5689900426742511,1.618065433854909,2.044807965860592,4.391891891891895,1.0135135135135158,2.7027027027026946,4.729729729729726,0.3378378378378386,2.7027027027026946
4535,FDP,2250,19,1.0,0.0,2.670104314841159,1.0,0.0,1.6891891891891884,4.249644381223341,0.5334281650071233,2.0981507823613086,3.022759601706973,3.5384068278805074,2.578236130867701,4.391891891891881,0.3378378378378386,0.0,2.0270270270270316,3.0405405405405475,0.3378378378378315
4853,CDU,2250,19,0.0,0.0,5.67508297771456,1.0,1.0,2.2522522522522537,3.556187766714082,6.063300142247513,7.752489331436706,0.21337126600283796,10.455192034139415,6.009957325746804,2.702702702702709,0.3378378378378386,1.3513513513513544,4.054054054054056,3.7162162162162176,1.3513513513513473
1640,DIE LINKE,2250,19,1.0,1.0,1.8047652916073922,0.0,1.0,4.110360360360359,2.773826458036986,1.8669985775248819,2.7738264580369787,0.5334281650071091,2.7027027027026946,0.17780938833570303,3.0405405405405403,5.743243243243242,2.3648648648648702,7.770270270270274,2.364864864864856,3.378378378378372
4559,bunt.saar,2250,19,1.0,0.0,5.3283546704599365,1.0,1.0,2.1959459459459496,6.187766714082507,3.058321479374108,5.761024182076824,3.911806543385495,11.450924608819342,1.6002844950213415,2.3648648648648702,1.689189189189193,0.6756756756756772,3.378378378378379,2.0270270270270316,3.0405405405405475
2894,FDP,2250,19,1.0,0.0,3.2361308677098144,0.0,1.0,3.941441441441441,5.032005689900423,0.3378378378378386,5.45874822190612,2.7560455192034112,2.3470839260312886,3.485064011379805,1.6891891891891788,3.7162162162162176,5.743243243243249,3.378378378378379,3.0405405405405332,6.081081081081088
1605,FDP,2250,19,1.0,1.0,4.874940730203885,1.0,1.0,2.139639639639641,4.711948790896166,3.165007112375534,1.9203413940255984,6.792318634423886,7.645803698435273,5.014224751066855,1.689189189189193,3.0405405405405332,2.0270270270270316,2.0270270270270316,1.689189189189193,2.364864864864863
863,FDP,2250,19,0.0,0.0,2.255215742057851,0.0,1.0,3.547297297297302,1.5469416785206391,3.378378378378379,0.3022759601707037,6.152204836415365,1.6714082503556185,0.4800853485063996,2.702702702702709,2.702702702702709,3.0405405405405475,4.054054054054063,4.054054054054056,4.729729729729726
4253,Die Grünen,2250,19,0.0,0.0,2.4982219061166426,1.0,1.0,2.421171171171172,3.627311522048366,5.814366998577512,2.667140825035574,1.8136557610241866,0.0889046941678373,0.9779516358463809,4.054054054054056,1.3513513513513402,2.702702702702709,3.7162162162162176,0.3378378378378386,2.3648648648648702
2279,FDP,2250,19,0.0,1.0,4.676386913229021,1.0,1.0,2.759009009009007,0.5867709815078399,2.222617354196302,8.55263157894737,8.908250355618776,1.0668563300142253,6.721194879089616,2.7027027027026946,4.054054054054049,2.3648648648648702,0.3378378378378386,2.364864864864863,4.729729729729726
3766,FDP,2250,19,0.0,1.0,5.805476529160742,0.0,1.0,2.195945945945946,8.232574679943106,4.658605974395456,3.9295874822190555,6.294452347083926,9.761735419630163,1.9559032716927476,2.3648648648648702,3.378378378378379,1.689189189189186,1.689189189189193,2.364864864864863,1.689189189189186
3528,DIE LINKE,2250,19,1.0,1.0,4.068871503082026,0.0,0.0,2.92792792792793,2.773826458036986,1.7247510668563208,1.262446657183503,3.520625889046933,12.731152204836413,2.400426742532005,1.0135135135135087,1.0135135135135016,6.081081081081095,0.6756756756756772,2.702702702702709,6.081081081081088
4537,FDP,2250,19,0.0,1.0,3.010905642484591,0.0,1.0,3.885135135135138,1.262446657183503,1.795874822190612,1.0490753911806578,5.316500711237566,5.565433854907525,3.0761024182076824,0.6756756756756843,4.729729729729726,4.729729729729726,5.405405405405411,4.7297297297297405,3.0405405405405403
4319,SPD,2250,19,0.0,0.0,3.606567093409199,1.0,0.0,2.6463963963963977,2.115931721194869,2.275960170697026,5.636557610241823,5.885490753911803,0.07112375533426984,5.654338549075405,1.0135135135135087,5.067567567567572,2.3648648648648702,2.3648648648648702,3.7162162162162247,1.3513513513513402
1913,FDP,2250,19,0.0,1.0,6.063300142247512,1.0,1.0,2.759009009009013,3.1472261735419664,0.8890469416785152,4.658605974395456,6.561166429587473,11.806543385490762,9.317211948790899,4.391891891891895,3.0405405405405403,1.013513513513523,0.6756756756756772,1.3513513513513544,6.081081081081088
5218,Die Grünen,2250,19,0.0,0.0,5.4587482219061165,0.0,0.0,2.0270270270270268,1.3869132290184822,1.0490753911806578,8.108108108108098,5.45874822190612,11.94879089615933,4.80085348506401,3.0405405405405475,2.364864864864856,2.7027027027026946,1.689189189189193,1.689189189189193,0.6756756756756772
1535,FDP,2250,19,1.0,1.0,2.7115931721194855,1.0,1.0,2.3085585585585626,0.49786628733995997,0.08890469416785152,3.982930298719772,0.21337126600283796,8.90825035561879,2.578236130867701,3.378378378378393,1.689189189189193,0.6756756756756843,4.729729729729733,1.0135135135135087,2.364864864864863
2969,bunt.saar,2250,19,1.0,1.0,8.090327169274534,1.0,1.0,1.2387387387387332,6.810099573257467,7.6635846372688405,10.13513513513513,3.5028449502133725,16.21621621621621,4.214082503556185,2.0270270270270245,0.6756756756756772,1.0135135135135016,1.0135135135135158,2.0270270270270174,0.675675675675663
1302,CDU,2250,19,1.0,1.0,5.574324324324322,0.0,1.0,2.364864864864863,2.400426742531998,7.663584637268848,3.52062588904694,10.864153627311524,6.294452347083919,2.7027027027027017,0.6756756756756772,2.0270270270270316,2.7027027027027017,3.0405405405405332,5.743243243243235,0.0
779,DIE LINKE,2250,19,1.0,1.0,2.264106211474631,1.0,0.0,2.759009009009008,0.7823613086770962,1.0490753911806578,1.4402560455191917,2.2048364153627347,7.930298719772395,0.17780938833571014,4.729729729729733,3.378378378378379,1.689189189189186,1.689189189189186,2.0270270270270245,3.0405405405405403
476,Die Grünen,2250,19,1.0,1.0,3.102773826458035,1.0,0.0,0.5630630630630608,2.6137980085348573,1.973684210526315,0.07112375533426984,4.818634423897571,6.827880512091042,2.3115220483641536,0.6756756756756772,1.0135135135135087,0.3378378378378244,0.0,1.0135135135135158,0.3378378378378386
4584,SPD,2250,19,1.0,1.0,6.392247510668565,1.0,1.0,2.195945945945946,2.4182076813655797,7.432432432432435,13.620199146514935,2.258179231863444,4.018492176386914,8.60597439544808,1.3513513513513473,0.6756756756756701,2.3648648648648702,5.405405405405411,2.7027027027026946,0.6756756756756843
2502,SPD,2250,19,1.0,0.0,7.548008534850639,1.0,0.0,3.2094594594594583,3.1827880512090942,10.08179231863442,8.623755334281647,1.8847795163584706,11.006401137980092,10.50853485064011,2.3648648648648702,0.6756756756756701,3.0405405405405332,4.054054054054056,5.743243243243242,3.378378378378379
4972,CDU,2250,19,1.0,1.0,4.673423423423422,1.0,1.0,3.65990990990991,1.1201991465149348,5.778805120910384,3.59174964438121,4.925320056899011,8.961593172119493,3.662873399715501,1.689189189189193,3.0405405405405403,3.7162162162162105,2.702702702702709,5.743243243243242,5.067567567567565
2025,CDU,2250,19,1.0,0.0,3.5324798482693205,1.0,0.0,1.7454954954954947,6.223328591749642,3.09388335704125,2.115931721194869,1.1379800853485094,7.485775248933145,1.1379800853485094,0.6756756756756701,2.0270270270270316,2.7027027027027017,2.364864864864863,1.0135135135135087,1.689189189189193
3778,DIE LINKE,2250,19,0.0,1.0,1.4402560455192024,0.0,1.0,2.8153153153153183,0.9957325746799413,2.3115220483641536,1.1735419630156443,1.2268847795163538,2.0625889046941666,0.8712660028449548,2.702702702702709,1.689189189189186,3.7162162162162176,2.0270270270270316,5.067567567567565,1.6891891891892001
1691,DIE LINKE,2250,19,1.0,1.0,4.184447605500235,0.0,0.0,1.745495495495491,6.934566145092461,1.8669985775248819,7.699146514935983,3.2894736842105345,3.8229018492176436,1.4935988620199083,0.3378378378378386,4.3918918918918735,1.3513513513513544,1.689189189189186,0.3378378378378244,2.3648648648648702
1560,FDP,2250,19,1.0,1.0,5.488383119962069,1.0,1.0,0.9009009009009018,2.951635846372696,2.2226173541963092,5.1209103840682815,0.6578947368421026,12.9800853485064,8.997155049786628,1.0135135135135158,2.0270270270270316,0.6756756756756772,1.0135135135135087,0.3378378378378386,0.3378378378378386
1453,DIE LINKE,2250,19,0.0,0.0,7.779160739687053,0.0,1.0,2.4774774774774735,2.880512091038412,8.961593172119485,11.450924608819342,6.561166429587473,10.864153627311524,5.95661450924608,0.0,3.7162162162162105,1.689189189189186,2.364864864864856,4.391891891891895,2.7027027027026946
417,SPD,2250,19,1.0,0.0,4.756401137980082,1.0,0.0,3.941441441441441,3.1294452347083777,6.934566145092461,4.978662873399728,3.5384068278805074,6.0099573257467895,3.94736842105263,5.4054054054054035,1.3513513513513473,3.378378378378379,7.770270270270274,3.378378378378372,2.3648648648648702
4658,FDP,2250,19,1.0,1.0,5.8499288762446655,1.0,1.0,1.238738738738738,6.970128022759603,7.432432432432435,5.423186344238971,7.076813655761022,0.3378378378378386,7.859174964438125,1.0135135135135016,0.3378378378378386,1.0135135135135158,0.0,0.3378378378378386,4.729729729729733
2248,FDP,2250,19,1.0,1.0,3.8347558084400184,1.0,1.0,2.1959459459459487,5.885490753911803,3.591749644381224,1.724751066856328,4.018492176386907,4.658605974395456,3.129445234708392,0.3378378378378386,3.378378378378386,2.7027027027027017,2.702702702702709,0.0,4.054054054054056
3214,DIE LINKE,2250,19,1.0,0.0,3.977003319108583,1.0,0.0,2.3648648648648645,3.0405405405405403,0.7112375533428192,2.86273115220483,5.1209103840682815,10.028449502133718,2.0981507823613086,3.7162162162162176,3.378378378378379,1.689189189189186,0.3378378378378386,1.689189189189186,3.378378378378379
1962,FDP,2250,19,0.0,1.0,3.253911806543383,1.0,0.0,1.8581081081081041,1.2802275960170775,1.1735419630156443,1.4224751066856243,13.12233285917496,0.6045519203413932,1.9203413940255984,1.689189189189186,1.3513513513513544,0.3378378378378315,3.378378378378372,3.7162162162162105,0.6756756756756701
2035,bunt.saar,2250,19,1.0,0.0,2.127785680417258,1.0,0.0,1.9707207207207216,5.45874822190612,2.4182076813655797,0.6578947368421026,3.733997155049792,0.08890469416784441,0.40896159317210845,1.689189189189186,3.378378378378386,0.3378378378378386,2.364864864864863,2.3648648648648702,1.689189189189186
4875,bunt.saar,2250,19,1.0,1.0,2.5397107633949694,1.0,1.0,0.9009009009009006,4.089615931721191,3.413940256045514,1.9203413940255984,0.9246088193456643,2.7738264580369787,2.115931721194869,0.3378378378378386,0.6756756756756772,0.675675675675663,0.0,1.0135135135135158,2.702702702702709
4231,CDU,2250,19,0.0,0.0,4.866050260787104,0.0,1.0,2.2522522522522537,5.778805120910384,4.12517780938834,3.378378378378379,3.769559032716927,10.579658605974402,1.5647226173541924,2.702702702702709,4.054054054054056,0.0,3.378378378378379,1.689189189189193,1.689189189189186
1731,FDP,2250,19,0.0,0.0,5.088311996206733,0.0,0.0,4.335585585585587,5.369843527738269,1.1557610241820626,1.5647226173541924,7.165718349928888,11.11308677098151,4.160739687055475,0.3378378378378386,5.4054054054054035,6.081081081081081,4.391891891891902,3.0405405405405403,6.756756756756758
1289,FDP,2250,19,0.0,1.0,3.182788051209105,0.0,1.0,3.434684684684688,0.26671408250355455,0.8179231863442382,4.302987197724036,3.3961593172119606,6.169985775248932,4.142958748221908,2.0270270270270316,4.054054054054056,2.702702702702709,2.3648648648648702,5.405405405405411,4.054054054054049
492,Die Grünen,2250,19,0.0,0.0,5.1209103840682815,0.0,0.0,1.85810810810811,4.9075391180654435,1.3157894736842124,8.659317211948796,3.9651493598862118,9.548364153627304,2.329302987197721,0.0,3.378378378378372,1.3513513513513686,2.364864864864863,1.3513513513513544,2.7027027027027017
132,Die Grünen,2250,19,0.0,1.0,5.766951161688001,0.0,1.0,2.8716216216216233,2.9694167852062634,1.4402560455191917,6.578947368421055,5.049786628733997,11.717638691322904,6.845661450924595,2.0270270270270316,1.0135135135135158,5.743243243243242,3.0405405405405475,3.7162162162162105,1.689189189189193
996,bunt.saar,2250,19,1.0,0.0,9.346846846846844,1.0,1.0,0.5630630630630703,2.9694167852062563,6.596728307254629,9.637268847795156,7.11237553342816,19.02560455192034,10.739687055476523,0.3378378378378386,0.3378378378378386,0.6756756756756914,0.6756756756756843,0.6756756756756772,0.6756756756756914
1561,FDP,2250,19,1.0,1.0,2.299668089141772,0.0,0.0,3.1531531531531534,1.4935988620199083,3.2894736842105274,1.6714082503556185,2.7560455192034112,0.2844950213371291,4.302987197724036,7.0945945945945965,3.7162162162162176,1.689189189189186,5.067567567567565,1.3513513513513544,0.0
2704,Die Grünen,2250,19,0.0,0.0,3.333926031294458,0.0,1.0,2.8153153153153148,7.770270270270274,3.3250355618776624,2.951635846372696,0.2489331436699942,5.192034139402573,0.5156472261735487,1.689189189189186,3.0405405405405403,2.0270270270270316,2.7027027027027017,3.378378378378372,4.054054054054056
1411,bunt.saar,2250,19,0.0,0.0,7.328710289236604,1.0,0.0,1.9707207207207205,4.640825035561875,3.1116642958748173,13.4601706970128,1.9914651493598896,11.753200568990046,9.014935988620195,0.3378378378378386,0.6756756756756772,3.7162162162162105,0.3378378378378386,3.378378378378386,3.378378378378372
4113,Die Grünen,2250,19,0.0,1.0,2.7619724988146004,1.0,1.0,4.166666666666664,1.7780938833570303,2.0803698435277482,6.169985775248932,3.271692745376953,2.4537695590327075,0.8179231863442311,2.0270270270270245,1.0135135135135016,5.067567567567565,2.0270270270270245,7.0945945945945965,7.770270270270274
1744,CDU,2250,19,1.0,1.0,7.171645329540063,1.0,0.0,3.490990990990994,8.819345661450917,2.933854907539107,7.859174964438125,9.726173541963021,8.392603129445227,5.298719772403977,1.689189189189186,3.378378378378393,3.378378378378386,2.0270270270270316,7.094594594594589,3.378378378378379
1675,Die Grünen,2250,19,1.0,1.0,4.860123281175912,0.0,1.0,4.110360360360363,5.8321479374110865,6.881223328591759,0.6934566145092447,6.7745376955903325,7.965860597439537,1.0135135135135087,1.689189189189186,1.3513513513513473,4.391891891891895,6.081081081081088,5.743243243243249,5.405405405405411
4210,SPD,2250,19,0.0,0.0,7.524300616405881,0.0,0.0,5.686936936936935,5.4765291607396875,5.4054054054054035,11.201991465149362,3.0049786628733983,9.975106685633016,10.08179231863442,4.729729729729733,2.364864864864863,9.797297297297298,4.391891891891881,5.405405405405411,7.432432432432428
5041,bunt.saar,2250,19,0.0,0.0,5.755097202465625,0.0,0.0,2.7590090090090094,0.3022759601707037,7.574679943100996,4.160739687055475,0.7823613086770962,11.16642958748222,10.54409672830726,2.0270270270270174,3.378378378378379,0.0,3.0405405405405475,3.7162162162162176,4.391891891891895
2488,FDP,2250,19,1.0,1.0,6.205547652916074,1.0,1.0,2.7590090090090107,11.397581792318633,4.463015647226179,7.521337126600287,2.720483641536269,10.668563300142246,0.46230440967283215,3.0405405405405475,1.0135135135135087,6.756756756756765,2.702702702702709,0.0,3.0405405405405332
4568,FDP,2250,19,1.0,1.0,5.357989568515882,1.0,1.0,3.209459459459462,6.916785206258886,4.818634423897571,2.115931721194876,6.027738264580378,6.490042674253196,5.778805120910384,1.0135135135135158,4.054054054054049,4.054054054054056,3.0405405405405546,1.3513513513513473,5.743243243243249
640,bunt.saar,2250,19,0.0,0.0,5.725462304409674,0.0,0.0,2.7027027027027004,2.0981507823613086,2.507112375533424,5.583214793741114,3.1472261735419664,11.468705547652924,9.548364153627304,5.067567567567565,1.0135135135135087,0.6756756756756701,3.7162162162162176,2.702702702702709,3.0405405405405332
3097,SPD,2250,19,1.0,1.0,4.880867709815078,1.0,0.0,2.308558558558559,3.8584637268847715,10.08179231863442,3.485064011379805,2.560455192034155,3.5028449502133583,5.796586059743959,1.0135135135135158,0.0,3.7162162162162176,4.7297297297297405,2.7027027027026946,1.689189189189186
1931,bunt.saar,2250,19,1.0,0.0,2.6137980085348524,1.0,0.0,2.9842342342342314,1.5647226173541924,5.938833570412527,0.5689900426742511,2.3826458036984377,4.17852062588905,1.0490753911806578,1.3513513513513544,0.0,6.418918918918912,2.7027027027027017,5.067567567567565,2.364864864864856
1832,bunt.saar,2250,19,1.0,1.0,2.8834755808440016,1.0,1.0,1.520270270270269,0.1422475106685539,4.640825035561882,7.112375533428171,2.6493598862019923,0.0889046941678373,2.667140825035574,0.6756756756756772,2.702702702702716,0.675675675675663,2.7027027027027017,1.6891891891891788,0.6756756756756772
2062,CDU,2250,19,1.0,1.0,2.8093883357041265,0.0,1.0,0.9572072072072094,3.698435277382636,1.546941678520632,0.3378378378378386,3.022759601706973,7.2368421052631575,1.013513513513523,0.3378378378378386,1.689189189189186,0.3378378378378386,1.689189189189193,1.0135135135135158,0.6756756756756843
2100,DIE LINKE,2250,19,1.0,0.0,3.1324087245139887,1.0,0.0,2.4774774774774784,1.8847795163584706,4.658605974395456,2.773826458036986,7.841394025604551,1.1024182076813602,0.5334281650071091,1.3513513513513473,2.702702702702709,2.364864864864863,2.0270270270270245,2.702702702702709,3.7162162162162176
671,SPD,2250,19,0.0,1.0,3.1175912754860113,0.0,1.0,2.4774774774774797,5.4409672830725455,1.3513513513513473,2.0981507823613086,2.329302987197721,6.116642958748223,1.3691322901849219,2.364864864864863,2.702702702702709,2.3648648648648702,4.054054054054056,0.3378378378378386,3.0405405405405403
3195,bunt.saar,2250,19,1.0,0.0,4.726766239924135,1.0,1.0,7.826576576576581,5.138691322901856,4.889758179231862,2.2048364153627347,3.3961593172119535,6.650071123755325,6.081081081081081,6.418918918918926,4.729729729729726,11.14864864864866,7.432432432432435,6.081081081081095,11.148648648648646
909,FDP,2250,19,1.0,0.0,4.59637268847795,1.0,1.0,2.984234234234234,8.197012802275957,0.9246088193456643,6.152204836415358,3.236130867709818,5.832147937411094,3.236130867709811,1.689189189189186,2.3648648648648702,1.689189189189186,5.067567567567565,2.7027027027027017,4.391891891891895
5056,FDP,2250,19,1.0,0.0,5.553579895685158,1.0,1.0,3.0405405405405403,12.037695590327168,5.547652916073972,3.022759601706966,3.058321479374108,7.556899004267429,2.0981507823613086,0.3378378378378386,2.364864864864863,5.743243243243242,2.0270270270270174,4.391891891891895,3.378378378378386
3779,bunt.saar,2250,19,1.0,0.0,2.9664532954006653,1.0,0.0,1.6328828828828807,0.7467994310099613,1.0846372688477857,8.623755334281647,1.475817923186355,5.316500711237566,0.5512091038406766,2.0270270270270245,0.6756756756756914,0.0,2.7027027027026946,1.3513513513513402,3.0405405405405332
4802,CDU,2250,19,1.0,1.0,2.397463252726414,1.0,1.0,1.5765765765765707,1.0490753911806578,4.302987197724043,4.800853485064017,0.32005689900426404,3.44950213371267,0.46230440967283215,0.675675675675663,3.7162162162162033,0.6756756756756701,1.0135135135135087,0.6756756756756701,2.702702702702709
3727,Die Grünen,2250,19,1.0,0.0,5.829184447605505,1.0,1.0,1.463963963963966,0.9423897581792318,5.600995732574688,8.410384068278809,3.378378378378379,9.975106685633016,6.667852062588906,2.0270270270270316,0.3378378378378386,0.6756756756756772,3.0405405405405403,0.3378378378378386,2.3648648648648702
5021,bunt.saar,2250,19,0.0,1.0,5.82325746799431,0.0,1.0,1.970720720720724,2.9694167852062634,9.210526315789465,8.961593172119485,3.556187766714089,1.8136557610241795,8.428165007112376,1.689189189189193,2.0270270270270316,0.3378378378378386,4.391891891891895,1.0135135135135158,2.3648648648648702
2362,CDU,2250,19,0.0,1.0,3.837719298245613,0.0,1.0,1.8018018018017976,2.720483641536269,0.3378378378378386,7.076813655761022,2.916073968705547,7.254623044096725,2.7204836415362763,1.3513513513513402,1.3513513513513473,2.7027027027026946,3.0405405405405332,1.689189189189193,0.6756756756756772
531,FDP,2250,19,1.0,1.0,4.599336178283548,1.0,1.0,1.2387387387387392,5.387624466571836,3.271692745376953,0.9246088193456607,7.485775248933152,3.8762446657183496,6.650071123755335,2.0270270270270316,1.689189189189186,1.3513513513513544,0.6756756756756772,0.0,1.689189189189186
201,bunt.saar,2250,19,0.0,0.0,6.768610715979137,0.0,1.0,2.0833333333333357,1.2802275960170704,0.9957325746799413,10.13513513513513,6.9523470839260355,10.099573257468002,11.148648648648646,3.0405405405405475,1.0135135135135087,1.689189189189193,1.3513513513513473,0.6756756756756914,4.729729729729726
999,Die Grünen,2250,19,0.0,0.0,12.070293978188714,0.0,0.0,5.405405405405406,9.992887624466569,10.170697012802279,8.55263157894737,5.387624466571829,24.946657183499283,13.371266002844948,1.0135135135135158,6.418918918918926,4.054054054054056,5.743243243243235,9.797297297297291,5.405405405405411
4891,SPD,2250,19,0.0,0.0,6.415955429113321,0.0,1.0,2.1959459459459425,7.3790896159317185,3.6450924608819264,10.13513513513513,1.8136557610241795,9.263869132290182,6.258890469416791,0.0,2.364864864864856,2.364864864864856,2.364864864864856,4.054054054054063,2.0270270270270245
1015,bunt.saar,2250,19,1.0,1.0,4.1073968705547665,1.0,1.0,3.772522522522524,0.8712660028449548,2.0981507823613015,6.045519203413939,1.2802275960170704,11.148648648648653,3.200568990042683,1.3513513513513544,4.054054054054049,3.7162162162162176,4.054054054054056,4.7297297297297405,4.729729729729726
2412,FDP,2250,19,1.0,1.0,3.6836178283546697,1.0,1.0,1.9707207207207194,7.5924608819345565,1.7069701280227534,0.17780938833569948,5.654338549075405,3.2539118065433854,3.7162162162162176,1.0135135135135087,1.0135135135135158,2.3648648648648596,3.7162162162162105,1.689189189189193,2.027027027027028
3130,FDP,2250,19,1.0,0.0,6.490042674253199,1.0,1.0,1.745495495495497,5.209815078236119,7.2724039829302995,3.236130867709811,0.6045519203413932,15.39829302987198,7.21906116642959,1.3513513513513544,0.3378378378378386,1.3513513513513544,2.3648648648648702,3.378378378378379,1.689189189189186
2147,bunt.saar,2250,19,1.0,0.0,6.691559981033667,1.0,1.0,1.407657657657656,3.520625889046933,4.302987197724043,8.801564722617364,2.009246088193457,15.949502133712663,5.565433854907539,0.3378378378378386,0.0,2.0270270270270316,0.0,4.054054054054049,2.0270270270270174
3204,CDU,2250,19,1.0,1.0,2.5634186818397318,1.0,1.0,2.1396396396396384,2.187055476529153,2.5248933143669916,2.5426742532005733,1.0135135135135087,2.471550497866289,4.640825035561875,2.0270270270270174,1.0135135135135087,2.364864864864863,1.3513513513513615,1.0135135135135158,5.067567567567565
2389,Die Grünen,2250,19,0.0,1.0,3.3902323376007524,0.0,1.0,1.2387387387387416,5.156472261735409,5.298719772403977,5.032005689900423,0.40896159317212266,1.0846372688477857,3.3605974395447973,0.6756756756756701,0.0,0.6756756756756772,0.3378378378378457,2.3648648648648702,3.378378378378386
111,SPD,2250,19,1.0,0.0,2.6078710289236633,0.0,0.0,2.646396396396394,2.7382645803698438,0.3022759601707037,6.13442389758179,0.3378378378378386,2.6849217638691343,3.44950213371267,2.7027027027027017,0.6756756756756701,3.0405405405405403,4.054054054054056,3.378378378378379,2.0270270270270174
2400,Die Grünen,2250,19,0.0,0.0,5.266121384542441,1.0,0.0,1.745495495495496,2.3115220483641536,6.54338549075392,5.032005689900423,1.7069701280227676,10.828591749644389,5.174253200568991,1.0135135135135158,2.3648648648648702,3.0405405405405332,0.6756756756756701,2.702702702702709,0.6756756756756772
2292,bunt.saar,2250,19,0.0,0.0,4.0184921763869115,1.0,0.0,1.463963963963965,1.4580369843527734,1.3157894736842124,10.099573257467995,0.426742532005683,7.112375533428171,3.698435277382636,3.378378378378372,1.3513513513513473,0.6756756756756772,0.3378378378378386,1.689189189189186,1.3513513513513686
2707,SPD,2250,19,1.0,0.0,6.418918918918915,1.0,0.0,3.153153153153158,1.653627311522051,3.9295874822190555,12.642247510668554,1.3869132290184822,8.339260312944532,10.561877667140813,1.0135135135135158,0.3378378378378386,6.081081081081081,1.013513513513523,8.445945945945965,2.0270270270270245
549,CDU,2250,19,1.0,0.0,3.283546704599336,1.0,0.0,2.5337837837837873,1.0135135135135087,7.556899004267429,1.0312944523470833,1.1201991465149348,4.036273115220489,4.943100995732571,3.378378378378393,2.3648648648648702,3.378378378378379,5.067567567567565,0.6756756756756772,0.3378378378378386
5081,CDU,2250,19,1.0,1.0,2.7234471313418673,1.0,1.0,2.59009009009009,0.07112375533426984,0.17780938833571014,5.921052631578952,4.302987197724043,3.200568990042669,2.6671408250355597,3.0405405405405475,0.6756756756756701,2.7027027027027017,4.391891891891895,0.6756756756756772,4.054054054054049
1966,FDP,2250,19,1.0,0.0,4.24371740161214,1.0,1.0,3.378378378378384,5.725462304409675,0.9068278805120897,3.0761024182076824,2.187055476529153,10.579658605974402,2.987197724039838,4.054054054054056,6.081081081081081,1.689189189189193,1.6891891891892001,0.6756756756756843,6.081081081081088
1263,bunt.saar,2250,19,1.0,1.0,3.073138928402088,1.0,0.0,2.0270270270270223,2.435988620199147,0.6045519203413932,2.4893314366998567,1.0312944523470833,5.921052631578952,5.956614509246094,0.6756756756756701,1.0135135135135016,4.391891891891888,2.0270270270270245,3.7162162162162105,0.3378378378378386
5116,CDU,2250,19,1.0,1.0,3.689544807965858,1.0,1.0,1.0135135135135158,1.5291607396870432,3.5384068278805074,7.432432432432435,1.5825035561877598,1.9914651493598896,6.063300142247513,0.0,1.0135135135135087,2.3648648648648702,1.3513513513513615,0.6756756756756772,0.6756756756756772
3598,SPD,2250,19,1.0,0.0,3.5917496443812227,1.0,0.0,4.786036036036037,6.952347083926028,1.5647226173541924,6.54338549075392,2.5960170697012828,2.6671408250355597,1.2268847795163538,0.6756756756756772,3.378378378378379,6.081081081081074,3.7162162162162176,6.418918918918926,8.445945945945944
3654,bunt.saar,2250,19,1.0,0.0,7.933262209577996,1.0,1.0,2.083333333333331,3.5739687055476566,4.463015647226172,10.935277382645793,7.112375533428157,13.762446657183503,7.752489331436692,1.689189189189186,1.3513513513513544,3.378378378378372,0.6756756756756701,3.0405405405405332,2.3648648648648702
4704,bunt.saar,2250,19,1.0,0.0,4.788999525841635,1.0,1.0,2.2522522522522515,3.271692745376953,3.413940256045514,5.938833570412527,1.8669985775249032,11.095305832147943,3.1472261735419664,2.0270270270270245,1.689189189189193,2.7027027027026946,3.0405405405405332,1.3513513513513544,2.702702702702709
920,CDU,2250,19,0.0,1.0,3.327999051683262,1.0,1.0,2.308558558558559,5.6899004267425255,7.948079658605977,0.053342816500716594,2.0270270270270316,2.6671408250355597,1.5825035561877598,1.0135135135135158,4.391891891891902,3.0405405405405332,0.3378378378378386,3.378378378378379,1.689189189189186
2791,FDP,2250,19,1.0,0.0,6.6915599810336674,1.0,0.0,6.869369369369365,2.4182076813655797,6.152204836415365,9.743954480796589,0.2489331436700013,14.22475106685632,7.361308677098151,6.081081081081074,4.391891891891888,9.797297297297305,1.3513513513513402,12.162162162162154,7.432432432432428
3066,Die Grünen,2250,19,0.0,0.0,4.4393077287814116,0.0,0.0,5.180180180180179,12.677809388335703,1.2268847795163538,3.5739687055476637,0.8712660028449477,0.1422475106685539,8.143669985775247,11.486486486486484,2.3648648648648702,3.0405405405405403,9.797297297297298,1.0135135135135087,3.378378378378372
3023,FDP,2250,19,1.0,1.0,3.0257230915125675,1.0,1.0,1.2950450450450468,4.445234708392597,5.654338549075398,0.16002844950212847,2.2226173541963163,3.733997155049785,1.9381223328591801,4.054054054054056,2.0270270270270245,1.0135135135135158,0.0,0.0,0.6756756756756843
2085,bunt.saar,2250,19,1.0,0.0,3.9414414414414423,1.0,1.0,1.2387387387387416,0.3022759601707037,2.329302987197721,5.014224751066848,0.9246088193456643,8.570412517780944,6.507823613086771,0.3378378378378315,1.013513513513523,1.3513513513513686,0.3378378378378244,1.3513513513513544,3.0405405405405475
3540,SPD,2250,19,0.0,1.0,4.901612138454244,1.0,1.0,1.5765765765765778,4.089615931721191,3.6806543385490826,9.192745376955905,5.03200568990043,5.032005689900423,2.3826458036984306,2.0270270270270316,2.702702702702709,0.3378378378378315,2.0270270270270316,0.3378378378378386,2.0270270270270245
673,CDU,2250,19,1.0,1.0,3.08202939781887,1.0,0.0,1.0698198198198188,5.334281650071112,0.6756756756756772,1.5291607396870575,4.960881934566139,4.374110953058327,1.618065433854909,0.3378378378378386,4.054054054054049,0.3378378378378386,1.0135135135135087,0.3378378378378386,0.3378378378378386
3349,CDU,2250,19,1.0,0.0,9.364627785680417,1.0,0.0,3.659909909909912,4.516358463726888,8.303698435277383,7.983641536273112,5.4409672830725455,16.980796586059746,12.962304409672832,2.3648648648648702,0.3378378378378457,1.3513513513513473,4.054054054054056,7.770270270270274,6.081081081081081
2561,CDU,2250,19,1.0,0.0,2.729374110953055,1.0,0.0,2.702702702702703,0.6934566145092447,0.07112375533427695,2.2048364153627347,3.7873399715504945,5.8321479374110865,3.7873399715504945,3.0405405405405403,0.0,3.7162162162162176,2.0270270270270316,5.743243243243242,1.689189189189186
4360,bunt.saar,2250,19,1.0,0.0,3.265765765765765,1.0,0.0,3.040540540540537,3.1294452347083777,0.07112375533427695,5.316500711237566,3.4317211948790884,7.147937411095306,0.4978662873399742,2.0270270270270174,3.378378378378372,2.3648648648648702,2.0270270270270245,4.391891891891888,4.054054054054049
3069,CDU,2250,19,1.0,0.0,1.8995969653864435,1.0,1.0,2.252252252252253,0.6223328591749677,3.4317211948790884,0.5867709815078399,0.7823613086770962,5.654338549075398,0.32005689900427114,3.7162162162162176,2.7027027027027017,0.0,5.743243243243235,1.3513513513513615,0.0
1766,FDP,2250,19,1.0,1.0,2.5663821716453277,0.0,1.0,1.576576576576579,4.658605974395449,0.1422475106685539,0.4800853485063996,4.338549075391185,0.37339971550497353,5.4054054054054035,1.013513513513523,0.6756756756756772,2.0270270270270245,1.3513513513513615,1.3513513513513473,3.0405405405405403
2874,SPD,2250,19,0.0,1.0,5.212778568041723,1.0,1.0,3.040540540540544,1.8492176386913215,0.7645803698435287,14.527027027027032,1.9203413940255984,5.814366998577512,6.401137980085345,2.7027027027026946,1.01351351351353,4.391891891891902,2.364864864864863,4.729729729729726,3.0405405405405475
2522,bunt.saar,2250,19,1.0,0.0,5.298719772403984,1.0,1.0,1.0698198198198188,0.7467994310099613,2.0803698435277482,5.903271692745378,2.364864864864863,13.371266002844948,7.325746799431002,1.689189189189193,1.0135135135135016,1.0135135135135158,2.7027027027027017,0.0,0.0
3278,CDU,2250,19,1.0,1.0,3.7162162162162127,1.0,0.0,1.5765765765765767,3.307254623044095,3.840682788051211,3.1294452347083777,6.098862019914655,2.8449502133712556,3.0761024182076824,2.0270270270270245,1.689189189189186,0.3378378378378457,1.3513513513513544,1.3513513513513473,2.7027027027027017
1369,DIE LINKE,2250,19,1.0,0.0,4.442271218587006,1.0,0.0,2.08333333333333,3.733997155049792,3.3605974395447973,7.876955903271693,0.37339971550497353,10.73968705547653,0.5689900426742511,2.0270270270270174,2.364864864864856,2.7027027027027017,1.3513513513513544,2.0270270270270174,2.0270270270270316
4287,Die Grünen,2250,19,1.0,1.0,4.554883831199617,1.0,1.0,3.5472972972972925,3.1294452347083777,3.627311522048373,3.182788051209087,3.236130867709818,8.036984352773821,6.116642958748223,6.081081081081074,1.3513513513513473,2.0270270270270174,4.391891891891881,3.0405405405405332,4.391891891891902
639,FDP,2250,19,0.0,0.0,4.56081081081081,0.0,1.0,3.547297297297297,4.285206258890469,0.0,2.6315789473684177,13.833570412517787,3.876244665718346,2.7382645803698367,1.3513513513513544,2.364864864864863,7.0945945945945965,0.0,4.729729729729733,5.743243243243235
104,CDU,2250,19,1.0,1.0,4.557847321005219,1.0,1.0,3.434684684684689,4.17852062588905,0.6934566145092447,7.46799431009957,0.053342816500716594,6.54338549075392,8.410384068278809,3.0405405405405475,4.7297297297297405,3.0405405405405403,3.7162162162162247,3.378378378378379,2.7027027027027017
3524,bunt.saar,2250,19,1.0,1.0,3.8169748696064487,1.0,1.0,1.8018018018018012,2.489331436699864,4.267425320056894,5.1920341394025655,2.2759601706970045,6.045519203413939,2.631578947368425,1.689189189189193,3.0405405405405332,0.3378378378378386,2.0270270270270174,2.0270270270270316,1.689189189189193
4760,bunt.saar,2250,19,1.0,1.0,3.6006401137980113,1.0,1.0,0.9572072072072105,0.6045519203413932,1.4580369843527734,5.832147937411094,1.1379800853485094,9.317211948790913,3.2539118065433854,3.0405405405405403,0.3378378378378386,0.3378378378378386,1.0135135135135158,0.3378378378378528,0.6756756756756772
4413,Die Grünen,2250,19,1.0,0.0,5.5150545282124215,1.0,0.0,1.6328828828828843,1.7780938833570303,3.342816500711244,6.454480796586061,1.2980085348506378,12.233285917496453,7.983641536273105,2.3648648648648702,1.3513513513513402,2.3648648648648702,1.3513513513513544,2.0270270270270316,0.3378378378378386
3696,FDP,2250,19,0.0,1.0,4.525248933143668,1.0,1.0,2.364864864864863,0.9423897581792318,1.5647226173541924,5.156472261735409,0.053342816500716594,12.393314366998574,7.04125177809388,2.0270270270270174,2.0270270270270316,1.689189189189186,2.0270270270270316,3.378378378378379,3.0405405405405332
4931,CDU,2250,19,1.0,1.0,1.3187529634898023,1.0,0.0,4.448198198198196,0.9957325746799413,0.6401137980085352,2.187055476529153,2.2403982930298625,0.017780938833574567,1.831436699857747,1.0135135135135158,1.3513513513513544,7.432432432432428,1.0135135135135087,9.459459459459453,6.418918918918919
1328,FDP,2250,19,0.0,0.0,5.515054528212424,0.0,0.0,6.362612612612615,7.663584637268848,4.000711237553347,0.9068278805120897,10.810810810810814,8.712660028449505,0.9957325746799413,0.3378378378378386,9.797297297297305,6.756756756756765,7.432432432432435,7.0945945945945965,6.756756756756751
3070,bunt.saar,2250,19,1.0,0.0,2.7175201517306804,1.0,1.0,4.110360360360363,3.627311522048366,2.3648648648648702,4.729729729729726,1.3869132290184893,0.8001422475106637,3.3961593172119677,2.364864864864856,4.729729729729726,5.067567567567579,0.6756756756756772,5.743243243243242,6.081081081081095
1596,FDP,2250,19,0.0,1.0,4.457088667614983,0.0,1.0,3.941441441441441,2.3826458036984306,8.054765291607396,6.009957325746797,7.699146514935983,0.4445234708392647,2.151493598862025,1.689189189189193,4.054054054054056,7.0945945945945965,1.0135135135135016,3.378378378378379,6.418918918918919
4149,CDU,2250,19,1.0,1.0,4.424490279753442,1.0,1.0,2.477477477477475,3.307254623044102,3.2183499288762576,5.03200568990043,1.2802275960170704,4.747510668563301,8.961593172119493,6.081081081081081,0.3378378378378244,0.6756756756756772,4.054054054054042,1.689189189189193,2.0270270270270316
1965,FDP,2250,19,0.0,0.0,3.5561877667140833,1.0,0.0,5.067567567567571,3.0405405405405403,3.0761024182076824,4.943100995732571,5.032005689900423,1.9381223328591872,3.307254623044095,5.067567567567572,9.121621621621621,5.4054054054054035,1.0135135135135158,3.0405405405405475,6.756756756756765
2834,Die Grünen,2250,19,1.0,0.0,3.579895685158842,1.0,1.0,7.0945945945945965,6.116642958748223,1.1735419630156443,3.165007112375534,3.52062588904694,7.503556187766712,0.0,1.689189189189186,7.0945945945945965,10.135135135135144,4.729729729729733,8.445945945945951,10.472972972972968
2063,CDU,2250,19,1.0,0.0,3.5087719298245617,1.0,1.0,1.6891891891891906,1.2091038406827863,8.179231863442396,0.8001422475106708,1.3869132290184822,4.783072546230443,4.694167852062591,2.0270270270270174,2.0270270270270316,0.6756756756756772,2.702702702702709,1.0135135135135158,1.689189189189193
3605,FDP,2250,19,1.0,0.0,4.463015647226175,1.0,1.0,1.2950450450450397,6.205547652916081,4.445234708392604,4.765291607396868,6.365576102418217,2.9871977240398238,2.009246088193457,5.067567567567558,0.6756756756756772,0.0,0.675675675675663,1.0135135135135087,0.3378378378378315
4437,DIE LINKE,2250,19,0.0,0.0,3.553224276908486,1.0,0.0,2.308558558558557,0.5689900426742511,3.591749644381224,6.525604551920338,2.5248933143669916,8.001422475106686,0.10668563300142608,4.391891891891895,2.0270270270270174,2.0270270270270245,0.6756756756756701,0.3378378378378386,4.391891891891895
2265,DIE LINKE,2250,19,1.0,0.0,6.098862019914649,1.0,0.0,2.2522522522522492,0.7112375533428192,2.7560455192034112,12.87339971550498,0.08890469416784441,11.842105263157897,8.321479374110943,1.3513513513513544,0.3378378378378244,3.0405405405405403,2.0270270270270245,3.7162162162162176,3.0405405405405332
43,CDU,2250,19,0.0,0.0,3.6006401137980135,1.0,0.0,1.3513513513513509,3.876244665718353,1.0846372688477999,2.560455192034155,7.788051209103841,5.4409672830725455,0.8534850640113874,1.0135135135135087,4.054054054054056,0.3378378378378457,0.6756756756756701,0.3378378378378386,1.689189189189186
4116,CDU,2250,19,1.0,0.0,4.015528686581322,1.0,0.0,2.7027027027027017,1.8847795163584706,9.299431009957331,4.054054054054056,2.6849217638691414,2.044807965860592,4.12517780938834,3.0405405405405403,2.364864864864863,1.3513513513513473,5.067567567567565,3.7162162162162176,0.6756756756756772
3534,FDP,2250,19,1.0,1.0,1.8936699857752473,1.0,0.0,5.349099099099099,0.604551920341386,2.951635846372689,3.09388335704125,1.2980085348506378,1.3157894736842124,2.0981507823613086,11.148648648648646,3.7162162162162105,5.743243243243249,0.6756756756756772,4.054054054054049,6.756756756756765
868,bunt.saar,2250,19,1.0,0.0,7.41465149359887,1.0,1.0,2.3648648648648702,1.6002844950213486,7.752489331436706,9.139402560455203,2.489331436699864,13.922475106685646,9.583926031294453,3.7162162162162176,2.364864864864863,1.6891891891892072,2.0270270270270316,1.689189189189193,2.702702702702709
14,FDP,2250,19,1.0,1.0,8.795637743006163,1.0,1.0,0.0,7.04125177809388,9.530583214793737,9.210526315789473,13.869132290184929,3.8051209103840655,9.317211948790895,0.0,0.0,0.0,0.0,0.0,0.0
3168,CDU,2250,19,1.0,1.0,1.5410146989094347,1.0,1.0,3.0968468468468457,0.37339971550498063,2.7560455192034112,0.7112375533428192,2.578236130867701,0.16002844950213557,2.6671408250355597,1.3513513513513402,2.702702702702709,5.4054054054054035,0.0,5.067567567567565,4.054054054054056
4864,FDP,2250,19,1.0,1.0,2.3055950687529623,1.0,0.0,2.984234234234235,5.156472261735409,1.404694167852064,0.8534850640113874,4.0362731152204745,1.3869132290184893,0.9957325746799484,5.4054054054054035,1.689189189189193,2.7027027027027017,4.729729729729726,1.689189189189193,1.689189189189193
1221,CDU,2250,19,1.0,0.0,2.8627311522048338,1.0,0.0,3.2657657657657673,4.960881934566139,2.578236130867701,0.46230440967283215,3.7873399715504945,5.334281650071119,0.053342816500716594,1.3513513513513473,0.3378378378378457,6.081081081081088,0.0,5.743243243243249,6.081081081081074
3913,bunt.saar,2250,19,0.0,1.0,4.089615931721195,0.0,1.0,1.2387387387387403,4.42745376955903,5.903271692745378,4.9075391180654435,1.1201991465149348,5.156472261735409,3.022759601706973,0.3378378378378386,2.0270270270270174,1.013513513513523,1.013513513513523,1.0135135135135087,2.0270270270270316
2776,FDP,2250,19,0.0,1.0,8.07254623044097,1.0,0.0,3.096846846846841,9.655049786628737,2.6849217638691414,15.060455192034148,8.481507823613093,3.236130867709811,9.317211948790892,2.0270270270270174,4.054054054054049,2.364864864864863,3.7162162162162033,2.7027027027027017,3.7162162162162105
2530,SPD,2250,19,0.0,0.0,4.791963015647229,0.0,1.0,2.98423423423424,3.9295874822190555,1.0490753911806578,10.668563300142253,1.5647226173541924,9.121621621621628,2.418207681365587,2.702702702702709,2.0270270270270316,3.378378378378372,2.7027027027027017,6.081081081081095,1.01351351351353
1868,bunt.saar,2250,19,1.0,0.0,5.66915599810337,1.0,0.0,1.9144144144144164,2.5960170697012828,2.0803698435277482,4.60526315789474,3.342816500711244,15.024893314366984,6.365576102418217,2.3648648648648702,0.0,0.0,1.3513513513513544,5.4054054054054035,2.3648648648648702
3732,SPD,2250,19,0.0,0.0,8.084400189663345,0.0,1.0,5.686936936936938,1.8492176386913144,6.436699857752494,12.197724039829296,0.6401137980085352,14.544807965860592,12.837837837837839,8.445945945945951,1.689189189189193,5.067567567567565,5.743243243243242,8.783783783783782,4.391891891891895
1606,SPD,2250,19,1.0,0.0,3.2776197249881434,1.0,0.0,2.0270270270270316,1.0668563300142253,3.236130867709818,4.87197724039828,2.1337126600284577,4.142958748221901,4.2140825035561775,1.3513513513513544,0.6756756756756843,3.0405405405405475,1.3513513513513615,3.378378378378372,2.3648648648648702
4029,DIE LINKE,2250,19,0.0,1.0,2.4656235182550987,0.0,1.0,1.4639639639639626,0.6223328591749677,5.26315789473685,3.733997155049792,0.9246088193456643,3.769559032716927,0.4800853485063925,1.689189189189186,1.0135135135135087,1.0135135135135087,2.0270270270270316,0.6756756756756772,2.364864864864863
4858,Die Grünen,2250,19,1.0,0.0,3.991820768136558,1.0,1.0,0.7319819819819813,2.951635846372696,2.578236130867701,1.6714082503556114,7.290184921763874,5.2275960170697005,4.231863442389766,0.6756756756756701,0.3378378378378457,2.0270270270270245,0.0,1.3513513513513473,0.0
4738,Die Grünen,2250,19,0.0,0.0,5.500237079184449,1.0,1.0,1.6891891891891824,2.631578947368425,0.4445234708392718,9.886201991465143,3.342816500711244,9.832859174964433,6.863442389758177,2.3648648648648702,0.3378378378378244,3.378378378378372,0.3378378378378315,2.364864864864856,1.3513513513513402
4197,bunt.saar,2250,19,1.0,0.0,5.63063063063063,1.0,1.0,1.4076576576576585,0.37339971550497353,0.4445234708392718,12.802275960170697,4.818634423897578,9.850640113798008,5.494310099573255,1.3513513513513473,0.6756756756756914,1.689189189189193,0.6756756756756701,2.7027027027026946,1.3513513513513544
3326,FDP,2250,19,1.0,1.0,4.626007586533898,1.0,1.0,1.2387387387387403,5.209815078236119,0.37339971550497353,2.2759601706970045,9.068278805120912,6.312233285917493,4.516358463726888,2.0270270270270316,0.0,0.3378378378378457,1.689189189189193,2.0270270270270245,1.3513513513513473
5199,bunt.saar,2250,19,1.0,1.0,6.069227121858702,1.0,1.0,1.5765765765765754,6.330014224751068,6.116642958748223,4.60526315789474,5.387624466571843,9.51280227596017,4.463015647226172,2.7027027027027017,1.0135135135135158,0.6756756756756772,3.7162162162162176,0.3378378378378386,1.0135135135135016
3857,FDP,2250,19,0.0,0.0,8.102181128496916,0.0,0.0,4.11036036036036,5.423186344238985,5.725462304409675,3.8584637268847715,15.629445234708385,8.694879089615931,9.28165007112375,1.0135135135135087,2.3648648648648702,3.378378378378379,5.4054054054054035,2.364864864864863,10.135135135135137
5029,FDP,2250,19,1.0,1.0,6.525604551920345,1.0,1.0,3.3220720720720727,6.490042674253203,3.9651493598862046,8.517069701280228,5.707681365576114,6.383357041251777,8.090327169274545,1.0135135135135087,2.702702702702709,5.067567567567572,0.3378378378378386,4.391891891891888,6.418918918918919
4717,FDP,2250,19,0.0,1.0,4.623044096728307,1.0,1.0,0.6756756756756772,2.275960170697026,2.044807965860592,6.578947368421048,7.574679943100989,4.889758179231862,4.374110953058327,0.3378378378378386,0.3378378378378386,0.6756756756756772,1.3513513513513544,0.6756756756756772,0.6756756756756772
2094,SPD,2250,19,1.0,1.0,2.9190374585111414,1.0,0.0,1.463963963963966,3.627311522048373,0.17780938833571014,3.1294452347083777,1.9203413940255984,1.9559032716927476,6.703413940256041,0.6756756756756772,2.0270270270270316,3.0405405405405475,1.0135135135135087,1.0135135135135158,1.0135135135135158
3610,Die Grünen,2250,19,1.0,0.0,4.996443812233285,0.0,1.0,3.1531531531531534,1.262446657183503,7.005689900426745,0.35561877667140607,9.157183499288756,9.992887624466569,2.2048364153627347,4.729729729729726,0.6756756756756772,3.7162162162162176,1.013513513513523,4.391891891891888,4.391891891891888
4150,Die Grünen,2250,19,1.0,1.0,2.4745139876718816,1.0,1.0,3.0968468468468537,2.7916073968705533,5.369843527738276,0.6045519203413932,0.08890469416785152,4.125177809388333,1.8669985775248819,0.6756756756756843,1.01351351351353,4.391891891891902,2.0270270270270245,5.4054054054054035,5.067567567567579
5205,FDP,2250,19,1.0,1.0,4.249644381223327,1.0,1.0,1.7454954954954947,5.618776671408241,2.507112375533424,4.320768136557604,5.103129445234707,6.54338549075392,1.404694167852064,0.3378378378378386,1.689189189189186,3.7162162162162176,1.689189189189193,1.689189189189186,1.3513513513513473
4620,FDP,2250,19,1.0,0.0,4.045163584637269,1.0,0.0,2.1396396396396384,2.293741109530579,2.507112375533424,0.10668563300142608,5.761024182076817,12.695590327169278,0.9068278805120897,0.3378378378378386,1.689189189189186,1.689189189189186,5.743243243243242,3.378378378378379,0.0
883,bunt.saar,2250,19,1.0,0.0,3.004978662873396,1.0,0.0,1.5202702702702713,1.2980085348506378,0.6756756756756772,3.556187766714082,1.1735419630156443,9.210526315789465,2.115931721194869,0.3378378378378386,1.689189189189193,4.054054054054063,1.0135135135135087,1.0135135135135087,1.0135135135135158
295,FDP,2250,19,0.0,1.0,4.01552868658132,1.0,1.0,1.126126126126125,2.6315789473684177,2.631578947368425,3.485064011379805,6.970128022759603,1.511379800853483,6.863442389758184,2.0270270270270316,1.0135135135135087,0.0,2.7027027027026946,0.0,1.0135135135135158
1959,bunt.saar,2250,19,1.0,0.0,3.070175438596492,1.0,1.0,1.1261261261261264,1.9559032716927476,1.226884779516368,5.245376955903268,3.022759601706973,4.854196301564727,2.115931721194869,0.6756756756756772,1.3513513513513544,0.3378378378378386,0.6756756756756772,1.3513513513513402,2.3648648648648702
3675,FDP,2250,19,0.0,1.0,3.6421289710763376,1.0,1.0,3.434684684684683,1.6714082503556114,0.053342816500716594,4.783072546230443,7.325746799431002,4.694167852062591,3.3250355618776624,4.391891891891881,3.0405405405405403,3.0405405405405403,3.0405405405405475,2.7027027027027017,4.391891891891888
3237,Die Grünen,2250,19,1.0,0.0,5.112019914651499,0.0,1.0,1.1824324324324305,1.902560455192038,2.3470839260312957,7.62802275960172,1.475817923186348,10.36628733997155,6.952347083926043,1.3513513513513615,1.0135135135135016,1.0135135135135158,1.689189189189186,1.0135135135135158,1.0135135135135016
1115,Die Grünen,2250,19,0.0,1.0,5.103129445234708,1.0,0.0,2.4211711711711743,5.4765291607396875,4.889758179231862,4.285206258890469,5.636557610241816,9.068278805120912,1.262446657183503,2.7027027027027017,0.3378378378378457,2.0270270270270316,1.689189189189186,3.7162162162162176,4.054054054054063
4951,FDP,2250,19,1.0,1.0,5.722498814604076,1.0,0.0,1.2387387387387403,9.157183499288756,2.151493598862025,7.716927453769557,2.329302987197721,8.730440967283073,4.2496443812233196,0.3378378378378386,1.0135135135135158,3.0405405405405475,1.013513513513523,0.3378378378378386,1.6891891891891788
5123,bunt.saar,2250,19,1.0,0.0,3.5858226647700335,1.0,0.0,1.4076576576576574,4.445234708392597,2.9338549075391214,3.307254623044095,0.17780938833571014,7.556899004267429,3.09388335704125,2.3648648648648702,0.0,0.0,2.0270270270270316,1.0135135135135087,3.0405405405405332
3910,FDP,2250,19,1.0,1.0,5.426149834044569,1.0,1.0,2.871621621621619,3.94736842105263,2.1337126600284577,2.5248933143669987,7.752489331436699,8.19701280227595,8.00142247510668,1.3513513513513473,1.013513513513523,4.054054054054056,1.0135135135135016,5.405405405405396,4.391891891891888
234,SPD,2250,19,1.0,0.0,4.987553342816501,1.0,1.0,1.2387387387387392,5.192034139402573,0.5689900426742511,7.450213371266003,3.1294452347083777,4.9075391180654435,8.677098150782356,1.0135135135135087,4.391891891891895,0.3378378378378386,0.3378378378378457,0.0,1.3513513513513473
3710,bunt.saar,2250,19,1.0,0.0,5.438003793266952,1.0,1.0,2.4211711711711708,0.40896159317212266,1.866998577524896,9.246088193456615,3.4317211948790884,9.903982930298717,7.770270270270274,3.7162162162162176,3.0405405405405475,1.0135135135135087,3.378378378378372,1.3513513513513473,2.0270270270270316
541,Die Grünen,2250,19,1.0,0.0,4.783072546230439,1.0,0.0,2.083333333333331,1.2268847795163538,1.9914651493598896,5.52987197724039,4.285206258890469,9.566145092460879,6.098862019914655,0.0,4.054054054054049,0.675675675675663,4.391891891891895,1.689189189189186,1.689189189189193
789,SPD,2250,19,1.0,1.0,2.3115220483641536,1.0,0.0,7.601351351351352,1.2802275960170704,2.5426742532005733,2.080369843527741,3.4672830725462305,2.9871977240398238,1.511379800853483,1.013513513513523,4.391891891891888,10.810810810810814,4.054054054054056,11.824324324324316,13.513513513513516
3861,bunt.saar,2250,19,1.0,0.0,6.205547652916074,1.0,1.0,1.9707207207207205,0.49786628733995997,2.9338549075391214,9.672830725462298,6.347795163584635,10.312944523470854,7.467994310099577,0.6756756756756701,2.0270270270270174,1.0135135135135016,4.391891891891895,1.01351351351353,2.702702702702709
664,Die Grünen,2250,19,0.0,0.0,6.454480796586062,1.0,1.0,4.166666666666671,0.4800853485063925,4.711948790896166,11.753200568990046,0.3911806543385481,13.709103840682786,7.681365576102436,2.364864864864863,3.0405405405405546,6.081081081081095,3.378378378378372,7.094594594594589,3.0405405405405546
4258,Die Grünen,2250,19,1.0,0.0,7.387980085348501,1.0,1.0,1.9707207207207216,1.5825035561877598,7.5213371266002795,10.13513513513513,4.2140825035561775,14.313655761024187,6.561166429587473,0.6756756756756843,0.6756756756756843,2.7027027027026946,4.391891891891888,2.702702702702709,0.6756756756756701
4723,FDP,2250,19,1.0,0.0,4.273352299668087,1.0,1.0,3.7162162162162153,3.3250355618776624,6.276671408250351,0.8001422475106708,6.347795163584635,4.463015647226172,4.42745376955903,3.7162162162162176,2.7027027027026946,3.378378378378379,6.081081081081081,3.378378378378379,3.0405405405405403
306,bunt.saar,2250,19,1.0,1.0,4.895685158843054,1.0,1.0,2.815315315315312,4.054054054054056,4.694167852062591,1.760312944523477,7.325746799431009,6.1877667140825,5.352062588904687,3.0405405405405403,3.378378378378379,6.081081081081074,4.054054054054056,0.3378378378378244,0.0
128,bunt.saar,2250,19,1.0,0.0,5.808440018966333,1.0,0.0,0.5067567567567556,5.796586059743959,1.653627311522051,8.961593172119485,2.471550497866282,9.566145092460879,6.401137980085345,0.3378378378378386,0.3378378378378386,1.3513513513513402,0.3378378378378457,0.3378378378378315,0.3378378378378386
3207,bunt.saar,2250,19,1.0,0.0,5.965504978662875,1.0,1.0,1.1824324324324305,0.5867709815078399,6.650071123755325,9.850640113798008,0.7823613086771033,12.32219061166429,5.600995732574688,0.0,1.3513513513513473,2.0270270270270174,0.6756756756756701,1.3513513513513544,1.689189189189193
3367,FDP,2250,19,0.0,1.0,3.5502607871028906,0.0,0.0,6.08108108108108,0.4800853485063925,3.3605974395448044,1.369132290184929,9.83285917496444,3.8584637268847715,2.400426742532005,2.7027027027027017,3.7162162162162176,7.094594594594589,5.067567567567565,10.13513513513513,7.770270270270274
1725,Die Grünen,2250,19,0.0,0.0,5.769914651493597,0.0,1.0,3.2094594594594597,1.4224751066856385,3.485064011379805,13.051209103840677,5.156472261735409,7.716927453769557,3.7873399715504945,4.054054054054049,3.378378378378379,1.0135135135135158,3.0405405405405403,3.7162162162162176,4.054054054054056
1384,CDU,2250,19,1.0,0.0,5.541725936462783,1.0,0.0,3.6599099099099086,5.227596017069708,1.0846372688477999,5.529871977240397,3.2183499288762576,9.903982930298717,8.285917496443822,4.391891891891895,3.7162162162162176,2.7027027027026946,4.391891891891888,5.067567567567565,1.689189189189193
5017,FDP,2250,19,1.0,1.0,5.292792792792793,0.0,1.0,4.166666666666671,5.761024182076817,8.214793741109531,0.35561877667140607,6.8100995732574745,4.480796586059739,6.13442389758179,3.378378378378386,2.3648648648648702,6.418918918918926,7.770270270270281,0.3378378378378315,4.729729729729733
4647,FDP,2250,19,1.0,1.0,3.5176623992413467,1.0,1.0,1.8581081081081052,3.307254623044095,1.404694167852064,2.222617354196302,4.747510668563301,4.80085348506401,4.623044096728307,2.0270270270270174,0.6756756756756701,2.364864864864863,0.0,3.7162162162162176,2.364864864864863
985,Die Grünen,2250,19,0.0,0.0,4.762328117591274,0.0,1.0,0.5630630630630655,3.840682788051218,1.1379800853485023,5.4054054054054035,4.551920341394016,10.864153627311524,2.7738264580369787,0.3378378378378457,0.0,0.3378378378378386,0.0,0.6756756756756772,2.0270270270270316
1619,CDU,2250,19,1.0,0.0,3.642128971076341,1.0,1.0,2.5337837837837838,3.627311522048373,1.2446657183499354,0.0,10.810810810810814,4.605263157894733,1.5647226173541924,0.0,1.689189189189186,4.391891891891895,3.7162162162162176,1.689189189189186,3.7162162162162176
193,bunt.saar,2250,19,1.0,0.0,5.192034139402562,1.0,1.0,1.3513513513513544,0.46230440967283215,0.4978662873399742,10.526315789473685,1.6180654338549019,12.428876244665723,5.618776671408256,0.3378378378378386,0.6756756756756772,2.3648648648648702,2.7027027027026946,1.3513513513513686,0.6756756756756772
4746,FDP,2250,19,0.0,0.0,4.148885727833098,0.0,0.0,5.2927927927927945,1.6002844950213486,1.2802275960170775,4.409672830725462,4.374110953058313,10.455192034139408,2.7738264580369787,0.3378378378378386,5.067567567567565,4.054054054054056,2.364864864864863,11.486486486486498,8.445945945945944
4552,SPD,2250,19,0.0,0.0,5.849928876244662,0.0,1.0,4.6734234234234195,2.2403982930298625,9.548364153627311,8.392603129445227,1.0846372688477999,11.130867709815078,2.7027027027026946,5.067567567567565,1.689189189189186,5.743243243243235,5.743243243243249,5.743243243243242,4.054054054054042
2406,bunt.saar,2250,19,0.0,0.0,6.036628733997155,0.0,0.0,1.9144144144144164,6.027738264580371,2.6849217638691343,5.529871977240397,4.409672830725462,10.046230440967285,7.5213371266002795,2.7027027027027017,2.3648648648648702,1.3513513513513615,1.0135135135135087,2.7027027027027017,1.3513513513513544
3624,FDP,2250,19,1.0,1.0,4.714912280701753,1.0,1.0,1.5202702702702677,3.1827880512090942,6.916785206258886,5.138691322901856,0.017780938833574567,12.32219061166429,0.7112375533428192,2.0270270270270245,0.3378378378378386,1.689189189189186,1.689189189189186,2.0270270270270245,1.3513513513513473
2722,FDP,2250,19,1.0,1.0,3.2153864390706475,0.0,1.0,2.1396396396396375,0.604551920341386,5.707681365576107,2.507112375533424,1.0312944523470833,6.934566145092461,2.507112375533424,2.702702702702709,1.0135135135135087,2.7027027027026946,1.3513513513513473,4.054054054054056,1.0135135135135087
3533,bunt.saar,2250,19,1.0,1.0,4.139995258416313,1.0,1.0,4.33558558558559,0.9779516358463738,1.2091038406827863,5.512091038406837,3.8584637268847786,9.637268847795163,3.6450924608819406,6.081081081081081,0.6756756756756914,2.0270270270270316,8.783783783783782,3.0405405405405332,5.405405405405418
3630,bunt.saar,2250,19,1.0,0.0,5.974395448079661,1.0,1.0,1.1824324324324316,1.7425320056899025,5.707681365576114,11.735419630156471,0.142247510668561,10.13513513513513,6.383357041251784,1.013513513513523,1.01351351351353,0.675675675675663,1.0135135135135158,2.7027027027026946,0.675675675675663
282,FDP,2250,19,1.0,1.0,4.184447605500239,1.0,1.0,3.2657657657657637,0.7112375533428192,1.333570412517787,4.854196301564723,8.890469416785209,6.650071123755335,2.6671408250355597,3.378378378378372,4.729729729729726,4.391891891891891,0.0,2.364864864864863,4.72972972972973
2644,CDU,2250,19,1.0,0.0,5.008297771455665,1.0,1.0,3.9414414414414387,4.445234708392597,9.88620199146515,2.080369843527734,6.294452347083919,6.472261735419636,0.8712660028449548,7.7702702702702595,2.0270270270270174,5.067567567567558,4.391891891891902,2.7027027027027017,1.689189189189193
4321,CDU,2250,19,1.0,0.0,6.027738264580371,1.0,0.0,1.0698198198198223,5.298719772403977,10.06401137980086,2.7916073968705533,8.481507823613093,4.463015647226179,5.067567567567565,0.3378378378378457,1.689189189189193,1.013513513513523,1.0135135135135087,0.3378378378378386,2.0270270270270245
1916,bunt.saar,2250,19,1.0,1.0,3.390232337600761,1.0,1.0,1.5202702702702666,6.7389758179231976,1.8492176386913215,3.4672830725462234,2.8271692745377024,4.765291607396875,0.6934566145092447,2.364864864864856,2.7027027027026946,1.3513513513513544,1.689189189189186,0.6756756756756701,0.3378378378378386
4732,CDU,2250,19,1.0,1.0,2.708629682313896,0.0,1.0,2.2522522522522492,2.0803698435277482,1.4224751066856385,3.5028449502133725,2.044807965860592,5.316500711237559,1.8847795163584635,0.675675675675663,2.364864864864856,2.364864864864863,5.067567567567579,2.0270270270270174,1.0135135135135158
464,CDU,2250,19,0.0,0.0,4.3148411569464225,0.0,0.0,6.024774774774773,2.6315789473684177,4.640825035561882,3.6450924608819406,0.8534850640113874,6.614509246088197,7.503556187766712,1.0135135135135087,4.729729729729719,9.121621621621628,2.3648648648648702,10.472972972972968,8.445945945945944
3522,bunt.saar,2250,19,1.0,0.0,4.545993361782833,0.0,0.0,6.137387387387385,2.7560455192034112,0.9601706970128063,6.401137980085345,1.3691322901849219,9.619487908961581,6.169985775248932,4.054054054054049,0.6756756756756701,6.756756756756751,6.418918918918926,8.445945945945937,10.472972972972975
980,Die Grünen,2250,19,1.0,0.0,4.142958748221907,1.0,0.0,3.7725225225225194,1.1379800853485094,0.35561877667140607,4.943100995732578,0.23115220483641252,13.246799431009954,4.943100995732578,3.0405405405405403,0.0,3.7162162162162105,5.067567567567565,4.729729729729719,6.081081081081081
3173,SPD,2250,19,0.0,1.0,2.2433617828354664,1.0,1.0,3.5472972972972983,0.16002844950213557,0.8890469416785152,5.636557610241816,2.720483641536269,3.876244665718353,0.17780938833571014,3.7162162162162176,1.689189189189186,4.054054054054056,5.743243243243249,2.0270270270270174,4.054054054054063
3038,CDU,2250,19,0.0,0.0,5.390587956377426,1.0,1.0,2.477477477477477,7.539118065433861,3.1827880512090942,1.2980085348506378,10.348506401137975,4.2496443812233196,5.7254623044096675,1.0135135135135087,2.7027027027027017,3.0405405405405403,2.364864864864863,1.013513513513523,4.729729729729726
2112,bunt.saar,2250,19,1.0,1.0,8.46076339497392,1.0,1.0,2.759009009009008,7.521337126600287,4.107396870554766,8.428165007112376,8.00142247510668,17.123044096728307,5.5832147937411065,2.0270270270270245,1.3513513513513544,3.0405405405405475,4.054054054054049,3.7162162162162176,2.364864864864856
3680,bunt.saar,2250,19,1.0,0.0,3.4524656235182554,0.0,0.0,4.898648648648649,2.4537695590327075,2.7204836415362763,2.86273115220483,0.9957325746799413,8.463726884779518,3.2183499288762576,4.729729729729726,3.0405405405405332,3.7162162162162176,8.108108108108112,5.4054054054054035,4.391891891891902
3585,bunt.saar,2250,19,1.0,1.0,5.352062588904694,1.0,1.0,1.4639639639639601,1.7069701280227676,4.071834992887624,10.597439544807955,2.080369843527734,5.956614509246094,7.69914651493599,0.6756756756756843,0.675675675675663,2.7027027027026946,0.6756756756756701,3.378378378378386,0.675675675675663
2038,Die Grünen,2250,19,1.0,0.0,4.815670934091986,1.0,1.0,2.9279279279279287,0.40896159317212266,4.551920341394016,5.032005689900423,1.7425320056899025,12.802275960170704,4.356330014224746,2.0270270270270245,3.0405405405405403,4.391891891891888,1.3513513513513544,3.378378378378379,3.378378378378386
4026,FDP,2250,19,1.0,1.0,4.457088667614986,1.0,1.0,1.0698198198198174,8.232574679943106,1.760312944523477,0.3556187766714132,8.623755334281647,7.574679943100996,0.1955903271692776,1.689189189189193,0.3378378378378315,2.364864864864856,0.0,2.0270270270270245,0.0
4341,Die Grünen,2250,19,0.0,0.0,5.621740161213846,0.0,0.0,2.4774774774774797,0.053342816500716594,9.40611664295875,5.885490753911803,1.8136557610241795,8.179231863442396,8.392603129445227,2.0270270270270316,2.0270270270270316,2.3648648648648702,4.729729729729726,0.6756756756756843,3.0405405405405332
2742,bunt.saar,2250,19,1.0,1.0,3.138335704125178,1.0,0.0,2.083333333333332,1.2268847795163538,0.1422475106685539,4.160739687055468,6.347795163584635,4.391891891891902,2.560455192034155,4.391891891891895,0.0,0.3378378378378386,5.4054054054054035,1.3513513513513402,1.0135135135135158
3938,bunt.saar,2250,19,1.0,0.0,2.2848506401137967,0.0,1.0,1.970720720720723,4.516358463726888,1.9203413940255984,0.6223328591749677,1.1024182076813602,3.8584637268847715,1.689189189189193,1.3513513513513473,2.3648648648648702,3.7162162162162176,0.3378378378378386,3.7162162162162176,0.3378378378378457
545,bunt.saar,2250,19,1.0,0.0,1.4550734945471717,1.0,1.0,2.421171171171173,1.7425320056899025,3.182788051209087,1.5291607396870432,0.6578947368421026,1.1557610241820697,0.46230440967282505,1.013513513513523,2.364864864864856,3.378378378378386,4.054054054054049,2.3648648648648702,1.3513513513513544
95,bunt.saar,2250,19,1.0,1.0,5.580251303935511,1.0,1.0,1.8018018018018036,4.67638691322901,4.640825035561882,5.476529160739673,1.3513513513513473,9.086059743954486,8.250355618776666,2.702702702702709,2.0270270270270245,0.3378378378378386,0.3378378378378315,2.3648648648648702,3.0405405405405475
308,FDP,2250,19,0.0,0.0,4.0184921763869115,0.0,0.0,2.3648648648648654,1.191322901849226,3.4672830725462234,6.045519203413939,2.2403982930298625,7.02347083926032,4.142958748221901,2.0270270270270316,5.405405405405411,2.0270270270270316,1.3513513513513473,1.3513513513513473,2.0270270270270245
1836,Die Grünen,2250,19,1.0,0.0,4.220009483167378,1.0,1.0,1.8018018018018047,8.410384068278809,0.6223328591749677,4.818634423897564,1.7425320056899025,7.681365576102436,2.044807965860592,2.7027027027027017,3.0405405405405403,0.0,1.689189189189186,1.3513513513513686,2.0270270270270316
1935,CDU,2250,19,1.0,0.0,1.5261972498814582,1.0,1.0,2.477477477477477,2.7560455192034112,1.333570412517787,1.3869132290184822,0.26671408250354744,2.7382645803698438,0.6756756756756772,1.3513513513513544,4.729729729729726,1.3513513513513615,5.067567567567565,1.689189189189186,0.6756756756756701
2296,Die Grünen,2250,19,0.0,1.0,4.534139402560453,1.0,0.0,3.5472972972972983,1.3869132290184822,6.383357041251777,3.805120910384062,4.534139402560456,9.210526315789465,1.8847795163584777,0.0,2.7027027027026946,5.4054054054054035,2.364864864864856,4.391891891891902,6.4189189189189335
359,SPD,2250,19,0.0,0.0,4.794926505452822,0.0,0.0,1.9707207207207216,2.044807965860592,3.236130867709818,4.623044096728307,7.752489331436706,4.658605974395449,6.454480796586061,3.378378378378372,2.702702702702709,2.364864864864863,0.0,2.702702702702709,0.6756756756756772
635,FDP,2250,19,0.0,1.0,5.313537221431962,1.0,1.0,1.520270270270269,5.26315789473685,0.7112375533428192,6.116642958748223,12.535561877667135,1.6714082503556327,5.583214793741114,0.0,0.3378378378378457,2.7027027027027017,0.6756756756756701,2.364864864864856,3.0405405405405403
1396,DIE LINKE,2250,19,1.0,0.0,3.1709340919867244,1.0,1.0,2.8153153153153156,3.0761024182076824,0.32005689900426404,5.867709815078236,1.2268847795163538,3.8229018492176436,4.711948790896166,3.0405405405405403,0.3378378378378386,0.0,6.418918918918926,4.391891891891888,2.7027027027027017
3027,CDU,2250,19,1.0,0.0,4.747510668563301,1.0,1.0,2.7027027027027053,3.2894736842105345,2.3115220483641536,4.018492176386907,10.73968705547653,7.716927453769557,0.40896159317212266,4.054054054054063,4.391891891891902,1.3513513513513615,1.3513513513513473,1.689189189189186,3.378378378378372
4194,DIE LINKE,2250,19,0.0,0.0,2.2907776197249894,1.0,0.0,2.5337837837837838,1.902560455192038,3.2894736842105345,1.1201991465149348,5.0853485064011394,1.973684210526315,0.37339971550497353,1.0135135135135087,0.0,4.054054054054056,4.391891891891895,4.391891891891895,1.3513513513513473
5015,SPD,2250,19,0.0,0.0,6.97901849217639,0.0,1.0,1.970720720720724,1.760312944523477,1.0490753911806578,10.881934566145091,3.058321479374108,16.180654338549083,8.943812233285925,1.3513513513513544,1.689189189189193,0.6756756756756772,1.689189189189186,4.7297297297297405,1.689189189189193
5068,CDU,2250,19,0.0,0.0,4.29409672830725,1.0,0.0,3.490990990990993,5.156472261735409,3.520625889046933,6.027738264580371,3.7873399715504945,4.267425320056894,3.0049786628733983,3.7162162162162176,5.4054054054054035,1.689189189189186,5.067567567567579,4.729729729729733,0.3378378378378386
4837,FDP,2250,19,1.0,1.0,6.53153153153153,1.0,1.0,3.9414414414414423,3.520625889046933,5.03200568990043,10.241820768136556,2.6671408250355597,3.09388335704125,14.63371266002845,3.378378378378379,3.378378378378379,4.054054054054049,4.729729729729733,3.7162162162162176,4.391891891891895
4403,bunt.saar,2250,19,1.0,0.0,3.8140113798008564,0.0,0.0,2.3085585585585577,3.840682788051211,5.192034139402573,2.00924608819345,2.435988620199147,7.752489331436706,1.653627311522051,2.0270270270270245,2.0270270270270316,0.3378378378378386,3.7162162162162176,3.378378378378379,2.364864864864856
2829,FDP,2250,19,1.0,1.0,7.379089615931722,1.0,0.0,2.1959459459459474,8.499288762446653,8.428165007112383,6.3122332859175,4.018492176386907,8.801564722617357,8.214793741109531,0.0,2.3648648648648702,1.3513513513513615,2.0270270270270174,4.729729729729733,2.7027027027027017
3245,FDP,2250,19,0.0,1.0,3.03461356092935,1.0,1.0,1.069819819819821,1.1024182076813602,3.413940256045514,0.5156472261735487,4.320768136557611,3.2183499288762505,5.636557610241816,2.364864864864863,0.6756756756756701,1.3513513513513544,0.3378378378378457,0.6756756756756772,1.0135135135135158
4895,bunt.saar,2250,19,1.0,0.0,4.545993361782837,1.0,1.0,1.2387387387387487,0.01778093883356746,4.196301564722617,7.254623044096732,4.80085348506401,7.147937411095313,3.8584637268847786,1.0135135135135158,1.01351351351353,1.0135135135135158,2.3648648648648702,1.01351351351353,1.01351351351353
4397,FDP,2250,19,1.0,0.0,4.300023707918451,1.0,0.0,1.8581081081081112,4.925320056899011,1.8847795163584706,1.9381223328591872,9.708392603129454,4.711948790896166,2.6315789473684177,2.3648648648648702,2.702702702702709,0.0,3.7162162162162247,1.689189189189186,0.6756756756756772
3761,Die Grünen,2250,19,1.0,1.0,4.142958748221905,1.0,1.0,1.5202702702702713,3.8584637268847715,4.320768136557611,2.2403982930298696,5.067567567567565,7.0945945945945965,2.2759601706970187,0.6756756756756772,0.3378378378378386,1.689189189189193,4.391891891891888,0.6756756756756772,1.3513513513513544
4653,DIE LINKE,2250,19,0.0,0.0,4.797889995258417,0.0,1.0,2.7027027027027004,3.556187766714082,6.987908961593163,5.600995732574688,3.44950213371267,6.169985775248925,3.022759601706973,6.756756756756751,1.3513513513513402,1.3513513513513544,4.7297297297297405,1.689189189189193,0.3378378378378244
1374,SPD,2250,19,0.0,1.0,2.791607396870551,0.0,1.0,2.1396396396396398,2.3648648648648702,0.46230440967282505,4.071834992887624,2.258179231863444,3.840682788051197,3.7517780938833454,2.7027027027026946,2.702702702702709,2.0270270270270316,0.3378378378378386,0.3378378378378386,4.729729729729726
3699,CDU,2250,19,1.0,0.0,2.20483641536273,0.0,0.0,4.673423423423422,0.32005689900426404,0.8357041251778057,1.724751066856328,1.2980085348506378,6.36557610241821,2.6849217638691343,2.0270270270270245,4.729729729729733,6.081081081081074,3.0405405405405403,5.067567567567565,7.0945945945945965
2015,bunt.saar,2250,19,1.0,0.0,6.092935040303465,1.0,0.0,4.673423423423426,7.859174964438118,4.356330014224753,4.249644381223341,5.938833570412527,9.388335704125183,4.765291607396868,11.148648648648653,3.378378378378372,0.6756756756756772,8.445945945945951,1.0135135135135158,3.378378378378386
4293,bunt.saar,2250,19,1.0,1.0,5.78473210052158,1.0,1.0,1.1824324324324316,0.9957325746799413,8.570412517780944,7.059032716927462,2.6493598862019923,6.294452347083933,9.13940256045521,1.0135135135135087,0.3378378378378386,1.6891891891891788,1.689189189189193,2.0270270270270316,0.3378378378378386
2410,SPD,2250,19,0.0,0.0,6.018847795163581,0.0,1.0,4.11036036036036,0.0,0.6578947368421026,6.507823613086771,5.4054054054054035,11.148648648648646,12.393314366998567,4.391891891891895,0.6756756756756772,2.702702702702709,4.054054054054056,6.081081081081081,6.756756756756744
1648,FDP,2250,19,1.0,0.0,4.125177809388334,1.0,1.0,2.3648648648648654,4.018492176386907,1.902560455192031,8.00142247510668,4.729729729729726,2.258179231863444,3.840682788051218,1.3513513513513473,2.364864864864863,4.729729729729726,0.3378378378378386,2.702702702702709,2.702702702702709
141,SPD,2250,19,0.0,1.0,3.523589378852531,0.0,1.0,1.9144144144144082,2.8982930298719793,3.200568990042669,5.209815078236119,2.080369843527741,6.223328591749635,1.5291607396870432,0.3378378378378244,3.0405405405405403,3.378378378378372,0.3378378378378386,4.054054054054049,0.3378378378378244
788,FDP,2250,19,1.0,1.0,3.197605500237078,1.0,1.0,1.1824324324324305,5.583214793741114,0.8890469416785152,0.1422475106685539,0.6756756756756772,10.650782361308679,1.2446657183499283,0.6756756756756772,0.6756756756756772,1.689189189189186,2.364864864864856,1.689189189189186,0.0
4999,bunt.saar,2250,19,1.0,1.0,5.4024419155998125,1.0,0.0,0.9009009009009006,1.9203413940255984,1.51137980085349,4.249644381223334,5.45874822190612,12.962304409672832,6.3122332859175,1.689189189189193,0.6756756756756772,1.3513513513513544,0.0,1.3513513513513544,0.3378378378378244
1754,bunt.saar,2250,19,1.0,0.0,7.352418207681364,1.0,1.0,1.689189189189192,3.8229018492176436,8.161450924608815,8.410384068278809,3.5028449502133725,10.95305832147936,9.263869132290182,1.689189189189186,1.013513513513523,2.3648648648648702,2.0270270270270245,1.0135135135135158,2.0270270270270316
1297,FDP,2250,19,0.0,1.0,6.661925082977715,1.0,1.0,0.7882882882882895,3.982930298719765,0.2844950213371291,9.103840682788057,11.415362731152207,7.912517780938835,7.2724039829302995,0.6756756756756701,0.6756756756756772,0.6756756756756737,0.6756756756756914,1.0135135135135087,1.0135135135135158
2865,bunt.saar,2250,19,1.0,0.0,3.8051209103840677,1.0,0.0,1.8018018018017987,2.080369843527741,2.8982930298719793,8.712660028449498,0.6578947368421026,4.480796586059739,4.000711237553347,1.3513513513513473,3.7162162162162105,1.6891891891891788,2.364864864864863,1.3513513513513544,0.3378378378378386
780,bunt.saar,2250,19,1.0,1.0,2.5189663347558047,1.0,1.0,1.689189189189187,0.26671408250354744,2.7027027027026946,5.4409672830725455,1.795874822190612,3.805120910384062,1.1024182076813673,1.689189189189186,0.0,1.3513513513513402,0.6756756756756772,1.3513513513513402,5.067567567567579
5172,Die Grünen,2250,19,1.0,0.0,6.34483167377904,1.0,1.0,2.421171171171165,0.9068278805120897,7.147937411095306,7.130156472261724,3.236130867709818,10.615220483641522,9.032716927453777,1.0135135135135087,0.0,4.054054054054035,2.364864864864863,3.7162162162162105,3.378378378378372
2262,Die Grünen,2250,19,0.0,0.0,3.9266239924134623,1.0,0.0,1.5202702702702677,4.818634423897571,1.1201991465149348,3.591749644381224,2.7560455192034112,6.401137980085352,4.87197724039828,1.0135135135135087,2.0270270270270245,1.3513513513513473,0.3378378378378315,2.364864864864863,2.0270270270270316
2202,bunt.saar,2250,19,1.0,1.0,4.252607871028922,1.0,0.0,1.5765765765765778,1.8847795163584706,1.1201991465149348,6.205547652916067,0.10668563300141898,11.628733997155052,4.569701280227591,2.0270270270270245,1.0135135135135158,1.0135135135135158,0.6756756756756843,2.0270270270270174,2.702702702702709
1434,FDP,2250,19,0.0,0.0,4.4393077287814116,1.0,0.0,0.9572072072072082,5.778805120910384,2.507112375533424,2.4182076813655797,6.916785206258886,8.357041251778092,0.6578947368421026,0.6756756756756772,2.0270270270270316,1.3513513513513544,0.3378378378378386,1.0135135135135087,0.3378378378378386
4037,FDP,2250,19,1.0,0.0,3.7991939307728786,1.0,1.0,2.3085585585585626,4.409672830725462,5.316500711237559,0.0,4.605263157894733,4.818634423897578,3.6450924608819406,6.418918918918926,1.0135135135135087,0.6756756756756772,2.3648648648648702,2.0270270270270316,1.3513513513513615
2484,SPD,2250,19,1.0,0.0,5.695827406353724,1.0,0.0,4.50450450450451,3.769559032716927,0.5334281650071233,10.97083926031295,2.115931721194869,6.863442389758177,9.921763869132299,2.0270270270270316,3.378378378378379,6.4189189189189335,3.378378378378379,7.432432432432435,4.391891891891902
3625,DIE LINKE,2250,19,0.0,1.0,6.018847795163584,0.0,0.0,3.2094594594594597,1.5825035561877598,5.5476529160739645,6.490042674253203,4.036273115220489,14.366998577524896,4.089615931721191,1.689189189189193,2.3648648648648702,4.054054054054056,4.054054054054056,6.081081081081074,1.0135135135135087
1177,Die Grünen,2250,19,0.0,0.0,5.681009957325746,1.0,0.0,1.069819819819821,4.42745376955903,3.307254623044095,4.658605974395449,0.7823613086770962,12.07325746799431,8.837126600284499,1.3513513513513544,0.6756756756756772,1.3513513513513402,0.0,2.702702702702709,0.3378378378378457
617,FDP,2250,19,0.0,1.0,6.045519203413941,0.0,0.0,5.180180180180184,6.1877667140825,2.7382645803698438,4.445234708392604,8.214793741109531,5.583214793741114,9.103840682788054,2.0270270270270316,1.0135135135135158,8.78378378378379,2.7027027027027017,5.743243243243242,10.810810810810821
2115,bunt.saar,2250,19,1.0,1.0,5.553579895685158,1.0,1.0,3.209459459459456,3.02275960170698,4.765291607396868,8.054765291607396,2.4182076813655797,9.850640113798008,5.209815078236119,3.0405405405405332,4.391891891891888,1.6891891891891788,5.067567567567572,1.0135135135135158,4.054054054054049
102,FDP,2250,19,1.0,1.0,5.464675201517307,1.0,1.0,1.5202702702702713,7.503556187766712,1.2802275960170704,0.10668563300141898,2.880512091038412,17.496443812233284,3.52062588904694,1.689189189189193,0.3378378378378386,2.0270270270270316,0.3378378378378386,4.054054054054049,0.6756756756756772
4402,Die Grünen,2250,19,1.0,0.0,3.8525367472735916,1.0,0.0,4.05405405405405,9.850640113798008,6.241109530583209,0.1955903271692847,3.69843527738265,3.0049786628734054,0.12446657183499354,4.391891891891888,3.378378378378379,3.378378378378372,2.7027027027027017,4.391891891891888,6.081081081081074
4926,Die Grünen,2250,19,0.0,1.0,5.200924608819346,1.0,1.0,4.27927927927928,0.1422475106685539,2.7560455192034112,6.7745376955903325,1.013513513513523,12.820056899004271,7.699146514935983,3.378378378378379,3.378378378378379,5.743243243243242,4.391891891891902,4.729729729729726,4.054054054054056
4527,FDP,2250,19,1.0,0.0,3.0583214793741127,0.0,0.0,5.349099099099097,8.748221906116648,4.142958748221901,1.653627311522051,2.6671408250355597,0.7467994310099613,0.3911806543385552,1.3513513513513473,4.7297297297297405,8.783783783783782,2.7027027027026946,8.445945945945944,6.081081081081074
1664,Die Grünen,2250,19,0.0,1.0,2.8568041725936446,1.0,1.0,0.7319819819819825,0.5512091038406766,1.2446657183499354,5.032005689900423,0.6756756756756772,4.605263157894733,5.032005689900423,0.3378378378378386,0.3378378378378386,1.0135135135135158,0.6756756756756701,2.0270270270270316,0.0
289,Die Grünen,2250,19,1.0,0.0,6.018847795163585,1.0,0.0,1.4639639639639697,6.045519203413939,3.3250355618776624,5.174253200568998,3.94736842105263,10.91749644381224,6.703413940256041,0.3378378378378386,1.013513513513523,1.01351351351353,3.378378378378379,2.0270270270270316,1.0135135135135158
2352,CDU,2250,19,1.0,0.0,8.843053579895685,1.0,0.0,4.279279279279279,0.32005689900426404,8.090327169274545,10.08179231863442,1.0846372688477999,22.848506401137975,10.633001422475104,0.0,2.3648648648648702,4.729729729729726,4.729729729729726,8.108108108108105,5.743243243243242
947,FDP,2250,19,0.0,0.0,4.400782361308676,1.0,1.0,1.126126126126125,1.902560455192038,4.267425320056894,4.42745376955903,7.841394025604551,1.475817923186348,6.490042674253196,0.6756756756756843,2.7027027027027017,1.3513513513513473,0.675675675675663,0.3378378378378386,1.0135135135135158
2660,bunt.saar,2250,19,1.0,0.0,5.482456140350878,1.0,1.0,1.520270270270269,3.7162162162162176,5.51209103840683,8.623755334281647,0.5334281650071091,8.179231863442396,6.330014224751068,0.6756756756756772,1.3513513513513544,1.689189189189186,3.378378378378372,1.689189189189186,0.3378378378378386
4877,Die Grünen,2250,19,1.0,0.0,2.898293029871976,1.0,0.0,3.7725225225225216,2.1692745376955855,0.40896159317210845,2.2226173541963163,0.03556187766713492,6.383357041251777,6.169985775248932,4.054054054054056,0.675675675675663,3.378378378378386,5.4054054054054035,3.7162162162162176,5.4054054054054035
82,bunt.saar,2250,19,0.0,0.0,6.312233285917497,0.0,0.0,4.673423423423423,0.7467994310099613,5.494310099573248,10.615220483641522,1.191322901849226,10.50853485064011,9.317211948790913,4.054054054054056,0.0,7.094594594594589,4.391891891891888,4.729729729729726,7.770270270270281
2043,FDP,2250,19,1.0,1.0,4.222972972972969,1.0,1.0,3.6599099099099064,7.876955903271693,0.6578947368421026,2.0981507823613086,8.926031294452343,3.3961593172119393,2.3826458036984306,3.0405405405405403,2.364864864864863,4.054054054054049,1.6891891891891788,6.418918918918912,4.391891891891895
4786,bunt.saar,2250,19,0.0,0.0,5.97143195827406,0.0,0.0,2.364864864864863,0.5867709815078399,7.130156472261731,6.845661450924595,0.1422475106685539,12.251066856330013,8.872688477951627,2.364864864864856,0.3378378378378386,3.0405405405405332,2.7027027027027017,1.689189189189193,4.054054054054056
5108,Die Grünen,2250,19,1.0,1.0,5.971431958274063,1.0,1.0,1.1261261261261264,3.6450924608819406,1.689189189189193,7.716927453769557,5.672119487908958,8.85490753911806,8.250355618776666,2.0270270270270316,2.0270270270270174,0.0,0.6756756756756772,1.0135135135135158,1.0135135135135158
2427,DIE LINKE,2250,19,0.0,1.0,4.821597913703175,0.0,0.0,4.448198198198195,1.5291607396870575,6.614509246088197,3.982930298719765,3.7517780938833525,8.108108108108105,4.943100995732571,3.7162162162162176,4.054054054054042,4.729729729729726,4.054054054054056,4.391891891891888,5.743243243243242
5121,FDP,2250,19,0.0,0.0,4.308914177335225,0.0,0.0,2.477477477477476,5.5476529160739645,4.089615931721191,2.115931721194869,7.930298719772395,3.5384068278805074,2.631578947368425,1.689189189189193,6.418918918918912,3.0405405405405332,2.0270270270270245,0.3378378378378457,1.3513513513513473
2939,bunt.saar,2250,19,1.0,0.0,8.078473210052158,1.0,1.0,1.5765765765765767,1.653627311522051,4.623044096728307,9.815078236130866,9.423897581792318,14.63371266002845,8.32147937411095,2.3648648648648702,1.0135135135135158,1.0135135135135158,3.0405405405405403,0.0,2.0270270270270174
2766,bunt.saar,2250,19,0.0,0.0,6.238146040777621,1.0,0.0,2.4211711711711694,1.1201991465149348,2.8449502133712556,10.472972972972968,7.610241820768138,10.455192034139415,4.925320056899011,3.0405405405405332,2.0270270270270245,3.0405405405405332,5.067567567567565,1.3513513513513615,0.0
248,FDP,2250,19,1.0,0.0,3.9621858700806065,0.0,0.0,3.32207207207207,6.525604551920338,8.108108108108105,1.1201991465149348,6.223328591749642,1.475817923186355,0.32005689900426404,1.0135135135135087,3.7162162162162105,4.391891891891895,3.0405405405405475,3.378378378378372,4.391891891891888
4843,SPD,2250,19,0.0,0.0,4.777145566619254,0.0,0.0,2.308558558558559,3.271692745376953,5.423186344238985,7.21906116642959,0.40896159317212266,4.943100995732571,7.3968705547653,2.3648648648648702,0.6756756756756701,5.067567567567565,2.7027027027027017,0.3378378378378386,2.702702702702709
3843,FDP,2250,19,0.0,0.0,3.5710052157420606,0.0,0.0,4.617117117117115,5.4054054054054035,3.4317211948790884,3.165007112375541,2.6315789473684177,6.596728307254629,0.1955903271692847,7.0945945945945965,6.756756756756751,4.054054054054049,1.689189189189186,5.405405405405411,2.7027027027026946
4445,DIE LINKE,2250,19,0.0,0.0,2.631578947368426,0.0,0.0,3.434684684684683,1.0846372688477999,4.231863442389752,4.391891891891902,1.9914651493598896,1.5469416785206391,2.5426742532005733,0.3378378378378386,3.7162162162162105,4.391891891891888,0.3378378378378386,4.391891891891888,7.432432432432435
1157,bunt.saar,2250,19,1.0,0.0,5.512091038406829,1.0,0.0,3.1531531531531543,2.6493598862019923,2.275960170697026,7.432432432432435,0.3022759601706895,12.855618776671406,7.556899004267422,6.081081081081081,1.689189189189186,2.3648648648648702,1.6891891891892001,1.3513513513513473,5.743243243243242
4679,FDP,2250,19,1.0,1.0,3.609530583214795,1.0,1.0,2.984234234234235,4.836415362731152,0.5334281650071233,9.548364153627311,0.6934566145092447,4.356330014224753,1.689189189189186,0.3378378378378386,3.7162162162162176,1.689189189189193,2.7027027027026946,3.7162162162162176,5.743243243243249
542,bunt.saar,2250,19,0.0,0.0,3.938477951635843,0.0,0.0,2.759009009009008,0.9779516358463738,2.0981507823613086,3.805120910384062,6.899004267425312,3.8940256045519206,5.95661450924608,0.3378378378378386,5.067567567567565,3.0405405405405332,5.743243243243249,1.3513513513513544,1.0135135135135087
782,bunt.saar,2250,19,0.0,0.0,2.7234471313418673,0.0,1.0,3.5472972972973005,0.5512091038406766,1.3513513513513473,0.1422475106685539,3.769559032716927,7.62802275960172,2.8982930298719793,1.3513513513513615,1.689189189189186,7.432432432432435,0.0,6.756756756756758,4.054054054054063
3275,DIE LINKE,2250,19,1.0,1.0,2.3885727833096255,1.0,1.0,2.1396396396396433,3.8229018492176436,0.6934566145092447,1.6714082503556185,6.205547652916081,1.6358463726884764,0.3022759601706895,1.0135135135135087,3.378378378378379,2.3648648648648702,2.0270270270270316,2.3648648648648702,1.6891891891892001
1595,SPD,2250,19,1.0,0.0,6.472261735419626,1.0,1.0,3.772522522522518,0.32005689900426404,6.632290184921764,17.727596017069693,0.6045519203413932,2.720483641536262,10.828591749644382,3.0405405405405403,1.3513513513513544,5.4054054054054035,2.0270270270270316,6.418918918918891,4.391891891891888
278,SPD,2250,19,0.0,1.0,5.171289710763394,0.0,1.0,1.7454954954954947,2.3115220483641536,7.574679943100996,2.2048364153627347,3.840682788051211,8.677098150782356,6.418918918918912,2.0270270270270316,2.7027027027027017,1.013513513513523,2.364864864864856,2.364864864864856,0.0
2072,Die Grünen,2250,19,0.0,0.0,7.951043148411569,0.0,0.0,4.842342342342344,0.5334281650071233,11.308677098150774,10.633001422475111,1.831436699857747,9.60170697012802,13.798008534850638,6.418918918918919,1.3513513513513473,8.10810810810812,2.0270270270270245,4.054054054054056,7.0945945945945965
1500,FDP,2250,19,1.0,1.0,3.2776197249881442,1.0,1.0,3.6599099099099086,5.45874822190612,0.03556187766713492,0.10668563300141898,7.21906116642959,6.827880512091035,0.01778093883356746,3.7162162162162176,0.3378378378378386,4.729729729729726,4.054054054054049,5.743243243243242,3.378378378378379
242,Die Grünen,2250,19,1.0,0.0,2.459696538643905,1.0,1.0,2.3085585585585555,1.1557610241820626,1.8136557610241795,0.7645803698435287,0.4445234708392647,5.636557610241823,4.943100995732571,1.013513513513523,5.4054054054054035,3.7162162162162105,2.0270270270270174,1.6891891891891788,0.0
1808,Die Grünen,2250,19,0.0,0.0,5.420222854433377,0.0,0.0,2.3648648648648667,3.4317211948790884,3.271692745376953,7.503556187766705,3.556187766714082,11.237553342816497,3.52062588904694,2.3648648648648702,2.7027027027026946,4.729729729729726,2.0270270270270245,1.689189189189193,0.6756756756756914
1886,CDU,2250,19,1.0,1.0,0.9483167377904197,1.0,1.0,1.4076576576576538,1.1379800853485023,1.1379800853485094,0.7467994310099542,0.8179231863442311,0.6223328591749677,1.2268847795163538,1.3513513513513402,1.3513513513513544,2.364864864864863,2.0270270270270174,0.6756756756756701,0.6756756756756772
1566,SPD,2250,19,1.0,0.0,2.987197724039831,1.0,0.0,2.2522522522522515,4.605263157894733,2.9338549075391214,5.796586059743959,1.369132290184929,0.32005689900426404,2.8982930298719793,2.0270270270270316,1.689189189189186,3.0405405405405403,1.3513513513513473,3.378378378378372,2.0270270270270316
1880,FDP,2250,19,1.0,1.0,5.476529160739691,1.0,1.0,3.5472972972972996,1.831436699857747,1.475817923186355,7.201280227596023,5.654338549075405,14.064722617354192,2.631578947368425,2.364864864864863,0.3378378378378457,5.067567567567572,0.3378378378378386,8.108108108108112,5.067567567567565
1780,bunt.saar,2250,19,1.0,1.0,5.713608345187293,1.0,0.0,1.4639639639639601,1.9203413940255984,2.6849217638691343,8.570412517780937,4.196301564722617,10.881934566145091,6.027738264580378,0.3378378378378315,1.3513513513513402,0.3378378378378386,1.689189189189193,2.7027027027027017,2.364864864864856
4491,CDU,2250,19,1.0,0.0,5.814366998577529,1.0,1.0,1.6891891891891895,3.7339971550497992,0.8712660028449548,4.623044096728307,6.1877667140825,13.744665718349935,5.725462304409675,0.675675675675663,1.0135135135135158,3.0405405405405475,0.0,4.054054054054063,1.3513513513513473
1908,bunt.saar,2250,19,1.0,1.0,2.8271692745376975,1.0,1.0,2.4774774774774806,2.8271692745377024,0.7467994310099613,1.9559032716927405,5.298719772403977,3.165007112375541,2.9694167852062634,0.3378378378378386,4.054054054054056,2.702702702702709,0.3378378378378386,3.0405405405405403,4.391891891891902
634,bunt.saar,2250,19,0.0,1.0,5.1535087719298245,1.0,1.0,0.9009009009008982,5.707681365576107,1.795874822190612,7.0945945945945965,0.37339971550497353,9.352773826458034,6.596728307254622,0.3378378378378315,0.3378378378378386,0.6756756756756772,1.0135135135135087,1.3513513513513402,1.689189189189193
4627,Die Grünen,2250,19,1.0,0.0,4.391891891891892,1.0,1.0,4.786036036036034,1.9559032716927476,4.729729729729726,4.516358463726888,2.720483641536269,6.667852062588906,5.761024182076817,6.418918918918919,5.743243243243235,4.054054054054063,7.432432432432435,1.0135135135135016,4.054054054054049
1510,CDU,2250,19,0.0,0.0,5.947724039829301,0.0,0.0,2.195945945945945,3.6095305832147915,0.6401137980085352,11.450924608819342,2.5248933143669916,11.397581792318633,6.063300142247513,1.3513513513513473,3.0405405405405475,1.3513513513513473,1.689189189189186,1.0135135135135158,4.729729729729726
1013,FDP,2250,19,1.0,1.0,5.713608345187293,1.0,1.0,5.799549549549553,5.4765291607396875,4.907539118065429,5.423186344238971,9.60170697012802,3.2894736842105345,5.583214793741114,1.3513513513513544,3.0405405405405546,9.45945945945946,5.067567567567565,6.081081081081088,9.797297297297298
1733,FDP,2250,19,0.0,0.0,4.554883831199624,1.0,0.0,1.9144144144144164,3.2183499288762576,4.036273115220482,2.8982930298719793,9.619487908961581,1.2802275960170775,6.276671408250365,2.0270270270270174,3.378378378378379,1.3513513513513544,0.0,1.689189189189193,3.0405405405405546
826,FDP,2250,19,0.0,1.0,2.163347558084402,0.0,1.0,3.3220720720720713,1.2802275960170704,0.5867709815078257,2.5426742532005733,6.258890469416791,1.440256045519206,0.8712660028449477,1.3513513513513473,4.391891891891888,5.4054054054054035,2.3648648648648702,2.0270270270270316,4.391891891891888
3283,bunt.saar,2250,19,0.0,1.0,3.9118065433854916,0.0,1.0,1.126126126126131,3.1116642958748244,1.1557610241820697,4.409672830725462,2.9338549075391214,6.027738264580378,5.832147937411094,1.0135135135135158,0.3378378378378386,1.3513513513513544,0.3378378378378386,0.6756756756756914,3.0405405405405475
3343,CDU,2250,19,1.0,0.0,3.94736842105263,1.0,0.0,1.5765765765765778,2.00924608819345,2.489331436699864,3.7517780938833525,6.7745376955903325,3.9295874822190555,4.729729729729726,0.3378378378378386,1.0135135135135087,2.0270270270270316,2.702702702702709,0.3378378378378315,3.0405405405405475
5113,Die Grünen,2250,19,1.0,0.0,2.7441915599810316,1.0,1.0,1.632882882882883,4.87197724039828,0.8890469416785152,3.4317211948790884,0.9957325746799484,6.276671408250358,0.0,1.689189189189186,2.702702702702709,0.0,0.6756756756756701,1.3513513513513615,3.378378378378372
2225,CDU,2250,19,0.0,1.0,5.203888098624944,0.0,1.0,2.083333333333331,3.627311522048373,6.845661450924609,3.378378378378379,0.3378378378378386,13.477951635846374,3.556187766714089,0.6756756756756701,2.7027027027027017,2.7027027027027017,3.378378378378372,2.0270270270270245,1.0135135135135158
3356,bunt.saar,2250,19,1.0,0.0,5.790659080132765,1.0,1.0,1.3513513513513498,3.94736842105263,2.4893314366998567,7.04125177809388,7.805832147937409,10.241820768136563,3.2183499288762505,2.0270270270270316,0.6756756756756772,1.3513513513513544,0.3378378378378386,1.3513513513513402,2.364864864864856
4673,FDP,2250,19,1.0,0.0,3.659909909909912,1.0,0.0,4.842342342342342,0.10668563300142608,5.387624466571836,3.9651493598862046,1.8847795163584706,4.42745376955903,6.187766714082507,6.756756756756758,2.7027027027026946,4.391891891891895,5.743243243243249,4.054054054054056,5.4054054054054035
1581,Die Grünen,2250,19,1.0,1.0,6.433736367946892,1.0,0.0,1.1261261261261264,1.8847795163584706,7.076813655761022,6.045519203413939,4.302987197724036,12.713371266002838,6.578947368421048,2.0270270270270245,1.689189189189193,1.0135135135135158,1.689189189189186,0.0,0.3378378378378386
1710,SPD,2250,19,0.0,0.0,7.971787577050737,0.0,0.0,3.7725225225225216,1.0846372688477999,5.352062588904694,13.495732574679948,3.876244665718346,16.482930298719772,7.539118065433861,4.054054054054056,1.689189189189186,4.054054054054056,4.054054054054049,6.081081081081074,2.702702702702709
3157,Die Grünen,2250,19,1.0,1.0,3.4524656235182563,1.0,1.0,2.027027027027033,2.8449502133712556,5.600995732574688,1.226884779516368,0.3022759601707037,5.298719772403977,5.4409672830725455,1.6891891891892001,0.6756756756756772,1.689189189189193,4.054054054054056,0.3378378378378457,3.7162162162162247
4531,SPD,2250,19,0.0,0.0,5.805476529160742,0.0,0.0,2.702702702702703,1.4580369843527734,3.413940256045514,8.410384068278809,2.275960170697026,11.842105263157897,7.432432432432435,5.067567567567565,0.0,1.689189189189193,3.0405405405405475,2.7027027027026946,3.7162162162162176
1823,CDU,2250,19,1.0,1.0,2.5278568041725946,1.0,1.0,3.6599099099099077,0.40896159317210845,7.201280227596023,1.3157894736842124,5.45874822190612,0.46230440967283215,0.32005689900427114,0.3378378378378386,4.054054054054042,6.418918918918912,1.0135135135135087,3.7162162162162176,6.418918918918926
2158,bunt.saar,2250,19,0.0,1.0,6.03366524419156,0.0,1.0,2.2522522522522572,0.08890469416784441,2.3470839260312957,6.756756756756758,2.0625889046941666,16.162873399715508,8.78378378378379,2.702702702702709,0.3378378378378457,0.6756756756756772,2.364864864864863,3.7162162162162247,3.7162162162162247
4348,bunt.saar,2250,19,0.0,1.0,4.380037932669509,0.0,1.0,1.8018018018018023,0.46230440967283215,3.307254623044095,4.089615931721191,1.1201991465149348,9.886201991465143,7.4146514935988606,1.3513513513513473,2.0270270270270174,2.3648648648648702,2.0270270270270316,1.689189189189193,1.3513513513513544
1084,SPD,2250,19,1.0,1.0,8.653390232337602,1.0,1.0,1.2387387387387403,2.7027027027027017,8.108108108108105,14.43812233285918,2.916073968705547,12.553342816500717,11.201991465149362,0.3378378378378386,0.6756756756756772,2.0270270270270316,0.3378378378378457,2.0270270270270316,2.0270270270270174
294,CDU,2250,19,1.0,1.0,1.689189189189186,1.0,1.0,2.8153153153153156,0.37339971550498063,3.1294452347083777,2.115931721194869,0.5334281650071233,0.5512091038406766,3.4317211948790884,2.3648648648648702,2.3648648648648702,3.0405405405405332,4.054054054054049,3.7162162162162176,1.3513513513513544
4392,DIE LINKE,2250,19,1.0,1.0,1.7069701280227594,1.0,0.0,2.0833333333333335,2.2226173541963092,0.7290184921763796,3.09388335704125,3.7873399715504945,0.17780938833571014,0.23115220483641252,0.6756756756756701,2.7027027027026946,3.378378378378379,1.689189189189186,3.0405405405405475,1.013513513513523
568,Die Grünen,2250,19,0.0,1.0,2.7619724988146004,0.0,1.0,1.6891891891891884,2.115931721194869,0.284495021337122,5.974395448079662,2.933854907539107,4.889758179231862,0.37339971550498063,2.3648648648648702,1.0135135135135016,0.0,1.3513513513513615,2.364864864864863,3.0405405405405332
2645,Die Grünen,2250,19,0.0,1.0,2.753082029397819,0.0,1.0,2.4211711711711694,0.4445234708392647,0.1422475106685539,5.4054054054054035,4.160739687055475,5.672119487908958,0.6934566145092589,3.7162162162162176,0.6756756756756772,0.6756756756756772,4.054054054054056,0.675675675675663,4.729729729729726
280,DIE LINKE,2250,19,1.0,1.0,3.9295874822190675,1.0,1.0,1.1824324324324327,0.6756756756756772,1.5647226173542066,9.299431009957331,7.539118065433861,2.3648648648648702,2.1337126600284577,1.3513513513513544,0.3378378378378386,0.0,2.702702702702709,1.689189189189186,1.0135135135135087
4988,bunt.saar,2250,19,1.0,0.0,8.768966334755804,1.0,1.0,1.1842378929335002e-15,2.6315789473684177,2.7027027027026946,10.95305832147936,8.854907539118052,19.98577524893315,7.485775248933152,0.0,0.0,0.0,7.105427357601002e-15,0.0,0.0
2795,FDP,2250,19,0.0,1.0,3.3368895211000456,1.0,1.0,2.195945945945946,1.8492176386913215,1.3157894736842124,4.871977240398294,4.87197724039828,3.5028449502133725,3.6095305832147915,4.391891891891888,1.0135135135135087,0.6756756756756772,4.391891891891902,2.0270270270270245,0.6756756756756772
480,bunt.saar,2250,19,0.0,0.0,6.0247747747747775,0.0,1.0,2.3085585585585626,2.6315789473684177,5.583214793741114,5.138691322901849,3.0405405405405403,12.606685633001433,7.147937411095313,4.729729729729726,2.0270270270270316,1.0135135135135158,2.7027027027027017,1.01351351351353,2.3648648648648702
184,FDP,2250,19,1.0,1.0,5.301683262209576,1.0,1.0,6.8693693693693705,4.142958748221901,3.058321479374115,7.788051209103841,0.7467994310099613,8.623755334281647,7.4502133712659955,3.7162162162162176,6.756756756756758,6.081081081081088,7.770270270270281,7.432432432432428,9.459459459459453
5002,CDU,2250,19,1.0,0.0,3.3635609293504025,1.0,0.0,2.0270270270270316,5.743243243243242,2.5960170697012828,2.5248933143669916,5.26315789473685,1.2980085348506378,2.7560455192034112,3.0405405405405475,0.6756756756756843,1.3513513513513615,2.7027027027026946,1.3513513513513544,3.0405405405405475
1324,SPD,2250,19,0.0,1.0,5.820293978188714,1.0,0.0,1.689189189189187,4.107396870554773,8.908250355618776,5.014224751066848,0.49786628733995997,9.032716927453777,7.361308677098151,3.378378378378372,0.3378378378378386,1.3513513513513402,2.0270270270270316,2.0270270270270316,1.0135135135135087
579,FDP,2250,19,1.0,0.0,3.905879563774304,1.0,1.0,1.9144144144144164,5.316500711237566,4.391891891891895,1.0135135135135087,2.809388335704128,8.570412517780944,1.3335704125177799,1.3513513513513544,1.689189189189193,1.3513513513513615,4.391891891891888,1.0135135135135158,1.689189189189186
3250,Die Grünen,2250,19,1.0,1.0,6.1314604077762,1.0,1.0,1.689189189189187,3.9651493598862118,9.228307254623047,6.116642958748216,3.5739687055476566,8.250355618776666,5.654338549075405,2.364864864864863,1.0135135135135158,3.0405405405405332,1.689189189189193,1.0135135135135158,1.0135135135135016
65,bunt.saar,2250,19,1.0,0.0,5.239449976292081,1.0,1.0,0.45045045045045146,2.400426742532005,2.7738264580369787,7.948079658605977,6.916785206258886,9.441678520625892,1.9559032716927476,1.0135135135135158,0.0,0.0,0.6756756756756772,1.0135135135135158,0.0
210,SPD,2250,19,1.0,0.0,6.845661450924609,1.0,0.0,3.885135135135137,6.454480796586061,2.7382645803698438,11.024182076813652,4.943100995732571,7.432432432432435,8.481507823613093,0.0,2.364864864864856,5.067567567567572,9.121621621621621,3.7162162162162247,3.0405405405405475
2396,bunt.saar,2250,19,0.0,0.0,3.2124229492650564,0.0,1.0,1.4639639639639626,1.1379800853485094,3.2183499288762505,7.645803698435266,0.23115220483641252,3.9651493598862118,3.0761024182076895,3.0405405405405403,3.7162162162162247,0.3378378378378386,0.3378378378378386,0.3378378378378315,1.0135135135135016
2860,DIE LINKE,2250,19,0.0,1.0,4.483760075865342,0.0,1.0,2.0270270270270268,2.275960170697026,4.640825035561882,5.174253200568991,0.37339971550497353,7.0945945945945965,7.343527738264584,1.689189189189186,2.0270270270270245,2.702702702702709,4.054054054054056,0.0,1.689189189189186
931,bunt.saar,2250,19,1.0,1.0,6.122569938359412,1.0,1.0,2.1959459459459425,5.921052631578952,6.632290184921764,7.521337126600272,2.507112375533424,8.837126600284492,5.316500711237566,3.378378378378379,0.675675675675663,3.0405405405405475,3.378378378378372,1.0135135135135158,1.6891891891891788
3414,FDP,2250,19,1.0,1.0,2.536747273589383,1.0,1.0,2.8153153153153117,0.2489331436699942,2.1337126600284506,2.631578947368425,1.9025604551920452,1.582503556187767,6.721194879089616,1.0135135135135087,2.3648648648648702,5.067567567567565,0.675675675675663,3.7162162162162105,4.054054054054053
1635,FDP,2250,19,1.0,1.0,2.5071123755334264,1.0,1.0,1.5765765765765767,0.7467994310099471,1.6358463726884764,3.4672830725462305,4.267425320056901,2.43598862019914,2.489331436699864,2.3648648648648702,0.0,2.364864864864863,0.0,2.0270270270270245,2.7027027027027017
101,CDU,2250,19,0.0,0.0,5.020151730678047,0.0,0.0,1.9144144144144164,2.916073968705547,1.795874822190612,2.0270270270270316,11.966571834992884,10.08179231863442,1.333570412517787,0.0,3.0405405405405403,1.689189189189193,2.0270270270270316,1.689189189189193,3.0405405405405403
3538,FDP,2250,19,1.0,0.0,7.343527738264581,1.0,0.0,3.71621621621622,5.743243243243242,5.014224751066855,9.797297297297305,2.258179231863437,13.442389758179239,7.805832147937409,4.054054054054063,0.3378378378378386,4.7297297297297405,1.3513513513513402,4.391891891891902,7.432432432432435
2973,FDP,2250,19,0.0,0.0,8.179231863442393,0.0,0.0,8.8963963963964,2.86273115220483,2.809388335704128,13.442389758179239,9.797297297297305,3.9651493598862118,16.198435277382643,2.0270270270270316,6.756756756756758,13.513513513513509,4.054054054054063,10.472972972972983,16.55405405405405
4642,Die Grünen,2250,19,0.0,1.0,6.872332859174961,1.0,1.0,0.7882882882882889,7.46799431009957,7.46799431009957,7.788051209103841,3.485064011379805,4.089615931721184,10.935277382645793,0.3378378378378386,1.013513513513523,1.0135135135135016,1.0135135135135158,1.3513513513513544,0.0
1428,FDP,2250,19,0.0,1.0,2.7441915599810316,1.0,1.0,2.7027027027027017,0.26671408250355455,2.435988620199147,3.0761024182076824,7.361308677098144,0.5512091038406837,2.7738264580369787,0.3378378378378244,2.3648648648648702,3.7162162162162176,1.3513513513513544,5.067567567567572,3.378378378378372
1431,CDU,2250,19,1.0,0.0,5.986249407302039,1.0,1.0,1.9144144144144164,6.276671408250358,1.724751066856328,1.3513513513513473,9.992887624466569,11.575391180654343,4.996443812233288,1.689189189189186,2.0270270270270245,3.378378378378379,2.0270270270270316,1.013513513513523,1.3513513513513544
2359,bunt.saar,2250,19,0.0,0.0,6.359649122807017,1.0,1.0,2.2522522522522515,1.4580369843527734,4.658605974395449,8.26813655761024,1.8847795163584635,12.837837837837839,9.050497866287337,2.0270270270270245,0.3378378378378386,1.0135135135135158,2.7027027027027017,3.378378378378379,4.054054054054049
3700,DIE LINKE,2250,19,0.0,0.0,5.799549549549547,0.0,1.0,1.9707207207207205,10.330725462304407,5.26315789473685,7.183499288762434,2.1692745376955855,7.876955903271693,1.973684210526315,2.0270270270270245,1.3513513513513473,2.0270270270270245,0.6756756756756701,1.689189189189193,4.054054054054063
2060,DIE LINKE,2250,19,1.0,0.0,3.443575154101469,1.0,0.0,1.970720720720718,5.138691322901856,0.3378378378378386,0.8357041251778057,2.2048364153627347,9.672830725462298,2.471550497866282,2.7027027027026946,0.6756756756756772,3.0405405405405475,0.0,1.3513513513513473,4.054054054054042
1281,bunt.saar,2250,19,1.0,0.0,2.548601232811759,1.0,0.0,0.9572072072072059,1.6714082503556114,1.0490753911806578,6.081081081081081,3.271692745376953,2.0270270270270316,1.1913229018492189,0.0,0.675675675675663,1.0135135135135158,0.6756756756756701,2.3648648648648702,1.0135135135135158
3578,SPD,2250,19,1.0,1.0,6.940493124703651,0.0,1.0,2.7590090090090107,5.921052631578952,7.948079658605984,8.499288762446653,4.640825035561875,10.36628733997155,4.267425320056894,0.0,1.3513513513513473,4.054054054054056,2.702702702702709,6.756756756756758,1.689189189189193
438,CDU,2250,19,1.0,0.0,4.113323850165951,1.0,0.0,1.5202702702702737,0.7645803698435287,4.551920341394016,4.551920341394016,0.23115220483641252,6.169985775248925,8.410384068278809,3.378378378378386,0.3378378378378457,1.3513513513513544,0.6756756756756772,2.0270270270270316,1.3513513513513473
3866,FDP,2250,19,1.0,1.0,3.8555002370791827,1.0,1.0,1.5202702702702666,7.503556187766712,1.653627311522051,0.7645803698435216,3.8940256045519135,2.151493598862025,7.1657183499288735,0.6756756756756701,1.3513513513513473,2.364864864864863,0.675675675675663,2.702702702702709,1.3513513513513473
1485,SPD,2250,19,1.0,1.0,4.054054054054055,1.0,1.0,1.8581081081081088,5.867709815078236,4.391891891891895,1.3157894736842124,3.840682788051211,2.7560455192034112,6.152204836415365,1.0135135135135087,4.054054054054049,2.3648648648648702,2.0270270270270316,1.0135135135135158,0.6756756756756772
4973,SPD,2250,19,0.0,1.0,4.107396870554766,0.0,1.0,3.547297297297296,9.050497866287337,6.027738264580371,1.866998577524896,4.694167852062591,0.35561877667140607,2.6493598862019923,7.7702702702702595,1.0135135135135087,1.3513513513513615,6.756756756756758,0.0,4.391891891891888
3226,Die Grünen,2250,19,0.0,0.0,3.5917496443812227,0.0,0.0,3.2657657657657673,1.0668563300142253,0.426742532005683,6.223328591749642,3.378378378378379,6.223328591749642,4.231863442389766,4.729729729729733,3.378378378378379,2.702702702702709,4.054054054054056,1.689189189189186,3.0405405405405403
1564,bunt.saar,2250,19,1.0,0.0,6.021811284969179,1.0,0.0,8.44594594594595,3.94736842105263,1.1024182076813673,8.570412517780937,1.333570412517787,14.100284495021342,7.076813655761015,3.0405405405405403,4.391891891891902,9.797297297297305,7.770270270270274,12.499999999999993,13.175675675675677
4133,FDP,2250,19,0.0,1.0,2.773826458036986,1.0,1.0,4.166666666666668,3.556187766714082,2.0270270270270316,1.8847795163584635,6.916785206258886,0.12446657183500065,2.1337126600284506,2.3648648648648702,4.054054054054063,6.418918918918919,4.391891891891888,1.3513513513513473,6.418918918918919
3701,FDP,2250,19,1.0,1.0,2.664177335229965,1.0,1.0,1.4076576576576596,2.720483641536269,1.5291607396870575,1.0135135135135087,4.125177809388333,4.605263157894733,1.9914651493598896,0.6756756756756772,0.6756756756756772,2.0270270270270316,0.6756756756756772,3.0405405405405403,1.3513513513513544
3555,bunt.saar,2250,19,0.0,1.0,3.333926031294453,1.0,0.0,1.3513513513513509,2.6849217638691343,2.5960170697012828,0.017780938833574567,5.778805120910384,5.903271692745371,3.022759601706973,1.3513513513513544,2.364864864864856,2.702702702702709,0.6756756756756843,0.6756756756756772,0.3378378378378244
3429,FDP,2250,19,1.0,1.0,1.958866761498341,0.0,0.0,6.9256756756756745,2.400426742532005,0.5156472261735487,3.058321479374108,2.044807965860592,0.3556187766714132,3.378378378378379,7.094594594594589,8.445945945945944,6.081081081081081,3.378378378378372,10.135135135135144,6.418918918918919
4401,Die Grünen,2250,19,1.0,0.0,5.918089141773351,1.0,1.0,1.2387387387387403,3.5739687055476637,1.7425320056898954,5.672119487908958,6.774537695590325,10.472972972972968,7.2724039829302995,1.0135135135135087,0.3378378378378528,1.689189189189193,2.3648648648648702,0.6756756756756772,1.3513513513513402
2088,SPD,2250,19,0.0,0.0,6.0188477951635875,1.0,1.0,1.6891891891891884,1.3157894736842124,7.503556187766712,9.58392603129446,1.2091038406827934,8.694879089615938,7.805832147937409,0.3378378378378386,1.3513513513513615,2.0270270270270316,2.364864864864856,3.0405405405405332,1.0135135135135087
2234,FDP,2250,19,0.0,0.0,4.477833096254153,0.0,1.0,2.9279279279279264,7.0945945945945965,2.4182076813655797,2.3293029871977353,9.103840682788054,1.404694167852064,4.516358463726888,2.0270270270270245,4.054054054054049,3.7162162162162176,0.3378378378378386,5.067567567567565,2.364864864864863
880,CDU,2250,19,1.0,1.0,6.593764817449025,1.0,1.0,7.319819819819821,0.08890469416784441,11.308677098150781,3.3428165007112334,7.770270270270274,10.010668563300136,7.04125177809388,2.0270270270270316,10.810810810810821,9.45945945945946,2.0270270270270316,9.459459459459453,10.13513513513513
1616,FDP,2250,19,0.0,1.0,4.901612138454241,1.0,1.0,2.4774774774774735,2.7027027027026946,2.933854907539107,3.52062588904694,6.365576102418217,7.1657183499288735,6.721194879089616,1.0135135135135016,0.675675675675663,2.7027027027027017,0.3378378378378386,6.081081081081081,4.054054054054056
4638,FDP,2250,19,1.0,0.0,2.8538406827880514,1.0,1.0,2.308558558558557,0.8001422475106708,0.17780938833571014,3.8940256045519206,1.831436699857747,3.52062588904694,6.899004267425319,5.067567567567565,2.364864864864863,2.3648648648648702,2.7027027027026946,0.3378378378378315,1.0135135135135158
4383,SPD,2250,19,1.0,0.0,2.3441204362256998,1.0,1.0,1.5765765765765767,1.475817923186355,0.6223328591749677,4.445234708392604,2.115931721194869,0.9068278805120968,4.498577524893307,0.3378378378378457,2.364864864864863,1.0135135135135158,3.378378378378379,2.0270270270270174,0.3378378378378386
570,Die Grünen,2250,19,1.0,1.0,2.4834044570886675,1.0,1.0,3.6599099099099113,0.7112375533428192,2.43598862019914,2.5426742532005733,3.94736842105263,3.413940256045514,1.8492176386913286,6.756756756756751,2.0270270270270316,2.0270270270270316,6.081081081081088,1.689189189189193,3.378378378378372
4803,FDP,2250,19,0.0,0.0,4.231863442389758,0.0,1.0,4.335585585585581,6.934566145092454,3.0405405405405403,2.578236130867701,5.26315789473685,3.236130867709818,4.338549075391185,6.418918918918912,5.067567567567565,4.391891891891902,3.7162162162162105,6.081081081081074,0.3378378378378244
3554,bunt.saar,2250,19,0.0,1.0,6.475225225225223,1.0,1.0,3.040540540540539,1.3157894736842124,3.5028449502133583,11.593172119487903,2.400426742532005,13.21123755334282,6.827880512091042,3.7162162162162176,0.3378378378378244,2.364864864864856,4.054054054054056,3.378378378378379,4.391891891891902
4777,CDU,2250,19,1.0,1.0,3.1827880512091027,1.0,0.0,1.2387387387387392,6.383357041251777,2.400426742532005,0.8179231863442382,5.032005689900423,3.769559032716927,0.6934566145092447,0.3378378378378386,1.3513513513513473,2.3648648648648702,0.6756756756756772,1.0135135135135158,1.689189189189186
3083,SPD,2250,19,0.0,0.0,5.28093883357041,0.0,0.0,1.9707207207207205,1.1024182076813602,7.450213371266003,5.903271692745371,0.12446657183499354,7.894736842105267,9.210526315789465,3.0405405405405475,0.3378378378378315,2.3648648648648702,2.0270270270270316,1.3513513513513473,2.7027027027026946
4814,Die Grünen,2250,19,1.0,0.0,4.480796586059746,1.0,1.0,1.1261261261261264,0.03556187766713492,4.587482219061172,4.445234708392604,4.516358463726888,7.02347083926032,6.276671408250358,0.6756756756756701,0.3378378378378315,1.3513513513513544,1.689189189189186,1.3513513513513686,1.3513513513513473
2794,bunt.saar,2250,19,0.0,0.0,6.187766714082507,1.0,0.0,1.4639639639639626,3.982930298719772,3.9118065433855023,9.886201991465143,1.0490753911806578,9.495021337126602,8.801564722617364,0.6756756756756701,1.0135135135135087,0.3378378378378315,3.378378378378386,1.689189189189186,1.689189189189193
3936,DIE LINKE,2250,19,1.0,0.0,3.387268847795159,0.0,0.0,3.2657657657657673,1.1557610241820626,0.9423897581792318,2.3470839260312957,5.778805120910384,7.645803698435273,2.4537695590327075,4.054054054054056,2.0270270270270245,5.405405405405411,0.3378378378378386,1.3513513513513544,6.418918918918919
850,Die Grünen,2250,19,0.0,0.0,4.7564011379800855,0.0,1.0,1.3513513513513544,0.8357041251778057,0.10668563300143319,10.401849217638691,3.8229018492176436,9.014935988620195,4.356330014224746,0.6756756756756772,0.3378378378378386,4.391891891891902,0.0,2.3648648648648702,0.3378378378378386
3711,bunt.saar,2250,19,0.0,0.0,6.285561877667141,0.0,1.0,0.6193693693693648,4.142958748221901,2.738264580369851,8.55263157894737,4.711948790896159,10.526315789473685,7.04125177809388,0.0,1.0135135135135016,0.6756756756756772,1.0135135135135087,0.3378378378378386,0.675675675675663
1879,bunt.saar,2250,19,1.0,1.0,6.386320531057368,1.0,1.0,1.3513513513513484,1.5825035561877598,6.241109530583209,7.841394025604544,4.196301564722617,10.810810810810807,7.645803698435273,1.689189189189186,0.0,2.0270270270270316,1.689189189189193,1.6891891891891788,1.0135135135135016
4347,CDU,2250,19,0.0,1.0,2.474513987671885,0.0,1.0,3.322072072072069,2.275960170697026,3.556187766714082,2.151493598862025,1.724751066856328,4.214082503556185,0.9246088193456643,0.3378378378378315,1.3513513513513615,1.689189189189186,5.743243243243235,5.743243243243242,5.067567567567558
2592,CDU,2250,19,1.0,0.0,2.9783072546230422,1.0,0.0,3.7725225225225194,4.943100995732578,9.690611664295872,1.1735419630156443,1.1201991465149348,0.49786628733995997,0.4445234708392647,3.7162162162162105,0.6756756756756701,6.418918918918919,2.702702702702709,4.391891891891881,4.729729729729726
4342,bunt.saar,2250,19,0.0,0.0,4.495614035087719,0.0,1.0,1.632882882882883,2.7560455192034112,1.262446657183503,5.778805120910384,2.6671408250355597,8.712660028449498,5.796586059743959,0.6756756756756772,3.378378378378372,2.0270270270270316,1.3513513513513473,1.0135135135135158,1.3513513513513544
566,bunt.saar,2250,19,1.0,1.0,2.6256519677572308,1.0,1.0,2.2522522522522492,2.8271692745377024,2.1692745376955855,4.516358463726888,1.5647226173541924,3.342816500711244,1.3335704125177728,1.3513513513513473,0.6756756756756772,1.3513513513513402,0.3378378378378386,3.378378378378372,6.418918918918919
3923,bunt.saar,2250,19,1.0,0.0,3.665836889521099,1.0,0.0,6.250000000000001,0.21337126600283796,3.485064011379805,4.711948790896159,5.51209103840683,2.578236130867708,5.494310099573255,1.689189189189193,6.756756756756758,9.45945945945946,7.770270270270274,3.7162162162162105,8.108108108108112
1382,CDU,2250,19,1.0,0.0,3.212422949265053,1.0,1.0,2.0833333333333335,4.747510668563301,4.587482219061165,0.9423897581792318,6.152204836415365,2.115931721194869,0.7290184921763867,1.3513513513513402,2.702702702702709,3.7162162162162176,0.0,2.3648648648648702,2.364864864864863
1869,Die Grünen,2250,19,0.0,0.0,6.581910858226645,0.0,0.0,3.378378378378373,6.009957325746804,0.6756756756756772,9.637268847795163,3.982930298719765,12.197724039829296,6.987908961593163,3.0405405405405332,1.3513513513513544,4.054054054054049,5.4054054054054035,3.7162162162162033,2.7027027027026946
4367,bunt.saar,2250,19,0.0,0.0,6.161095305832152,1.0,0.0,1.85810810810811,4.800853485064017,5.245376955903268,10.330725462304414,1.1735419630156443,9.317211948790913,6.098862019914655,0.3378378378378386,3.0405405405405332,2.3648648648648702,1.689189189189193,1.3513513513513686,2.364864864864856
3656,Die Grünen,2250,19,1.0,0.0,4.131104788999525,1.0,0.0,3.7725225225225216,5.4765291607396875,2.2403982930298625,1.3513513513513473,4.516358463726888,6.7745376955903325,4.42745376955903,2.364864864864863,5.743243243243235,4.054054054054056,0.0,4.729729729729726,5.743243243243249
1450,SPD,2250,19,0.0,0.0,4.931247036510194,0.0,1.0,1.0698198198198188,3.8584637268847715,1.0312944523470833,4.729729729729726,2.3470839260312957,11.006401137980092,6.614509246088197,0.6756756756756843,0.6756756756756772,0.3378378378378244,0.3378378378378457,3.378378378378372,1.0135135135135087
5194,FDP,2250,19,1.0,1.0,4.960881934566143,1.0,1.0,1.9144144144144117,0.6578947368421026,4.747510668563301,4.889758179231862,3.5739687055476566,10.73968705547653,5.156472261735409,2.0270270270270316,1.0135135135135087,2.0270270270270316,1.0135135135135016,3.7162162162162105,1.689189189189186
1819,Die Grünen,2250,19,0.0,0.0,5.977358937885253,0.0,0.0,3.9414414414414374,2.044807965860592,6.810099573257467,6.614509246088197,2.471550497866282,13.40682788051209,4.516358463726888,4.054054054054042,0.0,4.729729729729726,6.418918918918912,6.418918918918919,2.0270270270270245
1301,FDP,2250,19,1.0,1.0,5.032005689900429,1.0,0.0,2.0833333333333335,4.783072546230443,2.6137980085348502,3.5739687055476637,6.294452347083926,8.534850640113795,4.391891891891895,3.0405405405405475,0.3378378378378386,3.378378378378372,1.0135135135135158,4.054054054054056,0.6756756756756701
902,CDU,2250,19,1.0,0.0,2.847913703176862,0.0,0.0,4.448198198198196,2.3648648648648702,9.495021337126602,1.724751066856328,0.6756756756756772,1.9559032716927476,0.8712660028449477,0.675675675675663,4.391891891891895,6.756756756756758,5.4054054054054035,5.4054054054054035,4.054054054054056
2886,FDP,2250,19,1.0,0.0,5.387624466571837,1.0,0.0,1.3513513513513484,8.517069701280235,4.089615931721191,3.7873399715504945,4.978662873399728,2.8271692745377024,8.125889046941673,0.3378378378378386,0.0,3.0405405405405403,1.3513513513513402,0.6756756756756701,2.7027027027027017
2724,CDU,2250,19,1.0,0.0,3.6776908487434845,1.0,1.0,1.8581081081081088,4.249644381223341,2.293741109530579,2.2226173541963092,2.3826458036984377,5.796586059743959,5.1209103840682815,3.0405405405405546,0.3378378378378386,3.0405405405405403,0.6756756756756701,3.0405405405405403,1.0135135135135087
2719,CDU,2250,19,0.0,1.0,1.2624466571834982,0.0,1.0,2.8716216216216233,2.6315789473684177,0.9957325746799413,0.8001422475106708,0.7467994310099613,0.23115220483641252,2.1692745376955855,0.3378378378378386,2.3648648648648702,3.378378378378379,2.0270270270270316,4.729729729729726,4.391891891891895
296,FDP,2250,19,0.0,0.0,3.751778093883356,0.0,0.0,1.6891891891891848,1.3513513513513473,6.13442389758179,1.6002844950213486,0.6756756756756772,5.565433854907539,7.183499288762434,3.0405405405405403,0.3378378378378315,2.7027027027026946,2.364864864864863,0.3378378378378315,1.3513513513513473
2640,FDP,2250,19,1.0,0.0,2.465623518255093,1.0,0.0,1.7454954954954935,3.7162162162162105,1.831436699857754,2.2759601706970045,3.413940256045514,2.507112375533424,1.0490753911806507,1.0135135135135158,0.6756756756756772,1.0135135135135087,3.378378378378372,3.378378378378372,1.0135135135135158
5076,FDP,2250,19,1.0,1.0,4.9282835467046,1.0,1.0,1.182432432432434,5.51209103840683,2.7916073968705533,2.5604551920341407,9.281650071123742,8.90825035561879,0.5156472261735452,0.6756756756756772,0.6756756756756772,1.689189189189193,2.7027027027026946,0.6756756756756843,0.6756756756756772
1871,FDP,2250,19,1.0,0.0,3.9888572783309626,1.0,0.0,2.364864864864861,4.587482219061172,1.4224751066856243,2.222617354196302,7.716927453769557,2.9694167852062634,5.014224751066855,2.0270270270270245,5.405405405405396,0.0,1.3513513513513402,1.3513513513513544,4.054054054054049
4493,bunt.saar,2250,19,1.0,0.0,6.700450450450448,1.0,1.0,1.0135135135135098,1.4402560455191917,5.796586059743959,10.97083926031295,4.2140825035561775,10.686344238975813,7.0945945945945965,0.6756756756756701,1.0135135135135087,1.3513513513513402,1.3513513513513615,1.6891891891891788,0.0
1231,DIE LINKE,2250,19,1.0,1.0,4.285206258890471,1.0,1.0,2.083333333333332,2.86273115220483,6.294452347083926,4.765291607396875,3.8229018492176436,7.716927453769557,0.2489331436699942,2.0270270270270316,4.391891891891881,3.378378378378372,0.0,1.3513513513513544,1.3513513513513544
1525,DIE LINKE,2250,19,0.0,1.0,4.240753911806539,0.0,1.0,2.421171171171167,0.46230440967283215,7.183499288762434,4.071834992887624,4.071834992887624,7.5924608819345565,2.0625889046941666,4.729729729729726,2.7027027027026946,0.3378378378378315,4.729729729729726,1.0135135135135087,1.0135135135135158
159,bunt.saar,2250,19,0.0,0.0,11.954717875770507,1.0,1.0,1.4076576576576585,3.733997155049792,10.099573257467995,15.931721194879088,3.5739687055476637,20.803698435277376,17.58534850640114,1.0135135135135158,0.3378378378378386,2.3648648648648702,0.0,2.364864864864856,2.3648648648648702
4750,CDU,2250,19,1.0,1.0,1.724751066856328,1.0,1.0,2.364864864864869,0.46230440967282505,0.40896159317212266,1.1379800853485094,5.334281650071112,2.4537695590327147,0.5512091038406837,0.0,3.0405405405405475,2.364864864864863,1.3513513513513686,5.067567567567565,2.3648648648648702
3141,FDP,2250,19,1.0,1.0,5.512091038406829,1.0,1.0,1.970720720720724,3.5028449502133725,1.0846372688477999,6.98790896159317,5.636557610241823,14.704836415362728,1.1557610241820768,3.0405405405405475,2.3648648648648702,1.0135135135135087,2.3648648648648702,2.3648648648648702,0.6756756756756772
1633,bunt.saar,2250,19,1.0,1.0,3.920697012802273,1.0,0.0,1.6328828828828843,6.13442389758179,0.4800853485063925,6.347795163584628,0.6223328591749677,6.667852062588906,3.271692745376953,3.0405405405405403,1.0135135135135158,1.3513513513513544,1.689189189189186,2.0270270270270316,0.6756756756756772
5055,CDU,2250,19,1.0,1.0,5.43800379326695,0.0,1.0,5.855855855855857,1.0312944523470904,5.494310099573248,11.166429587482213,2.880512091038412,4.889758179231862,7.1657183499288735,2.3648648648648702,4.729729729729726,8.445945945945944,8.108108108108105,6.756756756756765,4.729729729729733
2337,bunt.saar,2250,19,0.0,0.0,4.6704599336178285,1.0,1.0,1.5765765765765718,3.0761024182076824,2.7738264580369787,11.450924608819342,0.9957325746799484,5.067567567567565,4.658605974395456,0.6756756756756701,3.0405405405405332,3.378378378378372,1.3513513513513544,1.0135135135135016,0.0
2538,FDP,2250,19,1.0,1.0,3.070175438596492,1.0,1.0,5.12387387387387,6.116642958748223,0.26671408250354744,1.475817923186348,0.9601706970128063,5.707681365576107,3.8940256045519206,1.0135135135135087,5.743243243243235,6.756756756756758,1.3513513513513473,5.743243243243242,10.13513513513513
3194,FDP,2250,19,0.0,1.0,3.473210052157421,0.0,1.0,2.533783783783779,3.982930298719765,1.6714082503556185,1.3691322901849219,4.978662873399728,5.4054054054054035,3.4317211948790884,3.7162162162162176,0.3378378378378315,1.3513513513513473,3.0405405405405332,3.378378378378372,3.378378378378372
592,bunt.saar,2250,19,1.0,0.0,6.294452347083925,1.0,1.0,1.4076576576576596,2.489331436699864,3.058321479374108,11.628733997155052,3.6450924608819406,7.983641536273105,8.961593172119478,1.3513513513513544,0.0,1.01351351351353,0.3378378378378457,1.6891891891891788,4.054054054054049
1835,FDP,2250,19,1.0,0.0,3.7903034613560913,1.0,1.0,2.195945945945944,6.098862019914655,4.67638691322901,0.7290184921763796,7.930298719772395,1.4224751066856385,1.8847795163584706,4.054054054054056,0.675675675675663,1.689189189189186,2.0270270270270245,1.0135135135135158,3.7162162162162176
3566,CDU,2250,19,1.0,0.0,4.513394973921291,1.0,0.0,2.139639639639641,1.618065433854916,1.4580369843527734,8.428165007112383,5.156472261735409,4.623044096728307,5.796586059743959,0.6756756756756843,3.7162162162162176,1.3513513513513473,3.7162162162162176,0.3378378378378386,3.0405405405405403
1192,CDU,2250,19,1.0,0.0,5.094238975817923,1.0,0.0,1.3513513513513509,3.6450924608819264,8.090327169274545,0.5334281650071233,5.529871977240397,7.805832147937409,4.960881934566139,1.013513513513523,2.0270270270270316,0.6756756756756701,2.7027027027026946,1.3513513513513473,0.3378378378378386
1998,DIE LINKE,2250,19,1.0,1.0,1.852181128496915,1.0,0.0,3.941441441441443,0.6401137980085352,0.426742532005683,2.187055476529153,4.925320056899004,1.6180654338549019,1.3157894736842124,8.445945945945944,2.3648648648648702,1.3513513513513544,8.783783783783782,1.6891891891892001,1.0135135135135087
1858,FDP,2250,19,1.0,1.0,2.184091986723564,1.0,1.0,2.533783783783788,1.9203413940255984,0.9601706970127921,1.902560455192031,4.302987197724043,0.6756756756756772,3.342816500711244,3.7162162162162247,1.6891891891892001,1.3513513513513544,4.391891891891895,3.0405405405405403,1.0135135135135158
533,SPD,2250,19,1.0,1.0,3.6925082977714587,0.0,1.0,5.799549549549553,3.94736842105263,5.583214793741114,2.4893314366998567,1.1379800853485094,3.200568990042683,5.796586059743959,3.7162162162162176,1.689189189189193,5.743243243243249,6.756756756756758,9.459459459459467,7.432432432432435
3092,CDU,2250,19,1.0,1.0,2.344120436225701,1.0,0.0,2.5337837837837873,0.6756756756756772,3.378378378378379,2.560455192034155,0.9068278805120897,2.187055476529153,4.356330014224753,4.7297297297297405,1.689189189189186,3.0405405405405475,3.378378378378379,0.6756756756756772,1.689189189189193
2267,bunt.saar,2250,19,0.0,1.0,2.305595068752966,0.0,1.0,2.027027027027028,0.23115220483641252,3.9651493598862118,2.9871977240398238,0.40896159317212266,3.5739687055476637,2.6671408250355597,0.0,3.0405405405405475,3.0405405405405546,1.0135135135135087,3.0405405405405332,2.0270270270270245
1339,CDU,2250,19,0.0,0.0,3.0849928876244683,0.0,0.0,3.4909909909909906,6.863442389758184,2.489331436699864,0.7290184921763796,4.391891891891895,2.2226173541963092,1.8136557610241795,1.3513513513513544,1.689189189189186,5.743243243243228,3.0405405405405475,4.054054054054049,5.067567567567579
778,DIE LINKE,2250,19,0.0,1.0,8.262209577999052,0.0,0.0,5.011261261261258,3.307254623044102,1.6714082503556114,12.268847795163587,7.930298719772402,20.519203413940254,3.876244665718353,7.0945945945945965,2.0270270270270174,3.378378378378379,6.418918918918912,8.783783783783775,2.3648648648648702
3568,CDU,2250,19,1.0,0.0,7.450213371266006,1.0,0.0,4.617117117117117,1.226884779516368,11.504267425320059,10.68634423897582,1.4580369843527734,10.046230440967285,9.77951635846373,3.0405405405405475,6.756756756756758,3.7162162162162176,6.418918918918912,3.0405405405405403,4.729729729729726
4817,bunt.saar,2250,19,1.0,0.0,2.4922949265054584,1.0,1.0,0.6756756756756724,3.733997155049792,2.3648648648648702,0.8890469416785294,1.3157894736842124,4.711948790896166,1.9381223328591801,0.6756756756756772,0.675675675675663,1.3513513513513402,0.3378378378378386,0.3378378378378386,0.6756756756756772
3697,Die Grünen,2250,19,1.0,0.0,9.9158368895211,1.0,1.0,6.081081081081083,0.7467994310099613,15.096017069701283,10.010668563300136,4.943100995732571,15.23826458036985,13.460170697012806,3.0405405405405332,6.081081081081088,7.432432432432435,5.743243243243242,9.459459459459467,4.729729729729733
2393,FDP,2250,19,1.0,1.0,2.901256519677574,1.0,1.0,1.013513513513517,5.921052631578952,0.6934566145092447,0.5334281650071091,4.978662873399728,2.115931721194876,3.165007112375534,0.3378378378378386,1.013513513513523,1.0135135135135158,3.7162162162162247,0.0,0.0
1198,bunt.saar,2250,19,0.0,0.0,5.725462304409671,1.0,0.0,1.1261261261261286,0.8890469416785152,0.6934566145092447,10.899715504978658,0.26671408250356166,12.535561877667135,9.068278805120912,1.3513513513513473,2.364864864864863,0.6756756756756843,1.0135135135135158,0.3378378378378457,1.0135135135135158
584,DIE LINKE,2250,19,1.0,0.0,4.587482219061168,0.0,0.0,3.265765765765766,0.8357041251778057,4.978662873399728,5.298719772403977,2.151493598862025,8.143669985775247,6.116642958748223,5.067567567567565,3.0405405405405403,4.391891891891888,3.7162162162162176,0.3378378378378457,3.0405405405405403
3383,bunt.saar,2250,19,0.0,0.0,4.800853485064013,0.0,0.0,1.632882882882883,1.1201991465149348,2.3115220483641536,9.157183499288756,0.2489331436699942,11.34423897581793,4.623044096728307,3.0405405405405332,2.0270270270270316,2.0270270270270245,0.0,1.013513513513523,1.689189189189186
3902,CDU,2250,19,1.0,1.0,3.431721194879087,1.0,0.0,2.195945945945946,2.0625889046941666,4.498577524893314,5.387624466571836,1.3869132290184822,1.4224751066856385,5.8321479374110865,3.378378378378379,0.0,0.6756756756756701,5.067567567567579,1.689189189189186,2.364864864864863
370,DIE LINKE,2250,19,1.0,0.0,2.9012565196775717,1.0,1.0,3.0968468468468457,1.8847795163584706,1.618065433854916,1.831436699857747,1.689189189189186,4.889758179231862,5.494310099573248,5.067567567567565,2.364864864864863,1.689189189189186,3.378378378378379,6.081081081081081,0.0
4053,Die Grünen,2250,19,0.0,0.0,4.350403034613559,0.0,0.0,2.9279279279279264,0.4800853485063925,4.623044096728307,11.290896159317214,1.3335704125177799,7.983641536273105,0.3911806543385552,2.0270270270270245,6.081081081081081,2.0270270270270316,1.3513513513513544,3.0405405405405332,3.0405405405405332
893,bunt.saar,2250,19,1.0,0.0,7.0205073494547205,1.0,0.0,3.885135135135137,3.2183499288762576,3.0405405405405332,10.828591749644382,1.831436699857754,15.327169274537702,7.876955903271693,3.378378378378393,0.3378378378378386,4.729729729729726,4.391891891891895,5.743243243243242,4.729729729729726
1859,FDP,2250,19,0.0,1.0,4.978662873399713,1.0,1.0,2.8153153153153156,4.87197724039828,2.080369843527741,7.894736842105267,4.605263157894733,7.21906116642959,3.200568990042669,2.3648648648648702,1.0135135135135158,4.391891891891895,4.729729729729726,2.7027027027027017,1.689189189189186
843,Die Grünen,2250,19,1.0,0.0,5.384660976766238,1.0,1.0,6.249999999999999,0.3378378378378386,5.921052631578952,3.378378378378372,1.0312944523470762,14.366998577524889,7.2724039829302995,6.756756756756758,1.3513513513513473,5.743243243243242,7.770270270270274,7.7702702702702595,8.108108108108112
3464,FDP,2250,19,1.0,0.0,3.9473684210526314,1.0,1.0,1.3513513513513484,9.83285917496444,2.151493598862025,3.8229018492176365,0.40896159317210845,3.236130867709811,4.231863442389766,1.3513513513513473,1.3513513513513473,1.689189189189193,0.675675675675663,2.3648648648648702,0.6756756756756701
1817,DIE LINKE,2250,19,0.0,1.0,5.19796111901375,0.0,0.0,3.09684684684685,0.37339971550497353,6.098862019914655,4.125177809388333,2.951635846372696,12.571123755334277,5.067567567567565,2.0270270270270316,3.378378378378386,5.067567567567565,3.0405405405405403,3.0405405405405475,2.0270270270270316
2757,DIE LINKE,2250,19,0.0,0.0,4.323731626363206,0.0,1.0,1.4639639639639626,2.7204836415362763,4.569701280227605,4.054054054054056,7.0945945945945965,2.400426742532005,5.1031294452347,4.729729729729726,0.3378378378378386,0.6756756756756772,0.3378378378378386,0.3378378378378386,2.364864864864856
1062,Die Grünen,2250,19,0.0,1.0,3.4169037458511142,1.0,1.0,0.900900900900897,5.4409672830725455,1.9914651493598896,4.658605974395449,0.5689900426742511,5.51209103840683,2.329302987197721,1.3513513513513473,1.689189189189186,0.0,1.0135135135135087,0.6756756756756701,0.6756756756756701
4784,Die Grünen,2250,19,1.0,1.0,7.441322901849216,0.0,1.0,2.8153153153153148,2.471550497866282,7.965860597439537,4.587482219061172,7.823613086770983,12.339971550497864,9.45945945945946,3.0405405405405475,2.3648648648648702,2.7027027027027017,2.0270270270270245,3.378378378378372,3.378378378378372
2665,SPD,2250,19,1.0,0.0,5.1712897107633955,1.0,1.0,1.9707207207207216,1.653627311522051,5.369843527738276,9.086059743954486,7.645803698435273,1.5291607396870432,5.743243243243242,3.378378378378379,0.3378378378378528,3.378378378378372,4.729729729729726,0.0,0.0
5158,FDP,2250,19,1.0,1.0,2.717520151730678,1.0,1.0,1.0135135135135134,1.7425320056898954,2.5960170697012828,2.009246088193457,2.5960170697012757,5.3342816500711265,2.0270270270270316,1.3513513513513544,0.3378378378378315,2.0270270270270245,1.0135135135135158,0.3378378378378386,1.0135135135135158
2006,SPD,2250,19,0.0,0.0,9.702465623518258,0.0,0.0,2.7027027027027017,1.546941678520632,8.07254623044097,14.651493598862025,4.409672830725462,17.123044096728307,12.411095305832148,4.391891891891888,2.0270270270270245,1.0135135135135158,1.689189189189186,5.067567567567572,2.0270270270270245
2128,Die Grünen,2250,19,1.0,1.0,4.969772403982929,0.0,1.0,1.1824324324324327,4.67638691322901,4.000711237553347,6.418918918918919,2.507112375533424,6.845661450924595,5.369843527738276,1.3513513513513615,0.3378378378378386,2.0270270270270174,0.6756756756756843,2.0270270270270316,0.675675675675663
2998,bunt.saar,2250,19,1.0,1.0,5.784732100521576,1.0,1.0,4.3355855855855845,5.88549075391181,1.4046941678520568,8.054765291607396,0.8001422475106708,15.558321479374108,3.0049786628734125,3.0405405405405332,4.391891891891902,3.7162162162162105,3.0405405405405475,6.756756756756751,5.067567567567565
4262,FDP,2250,19,1.0,1.0,6.134423897581796,1.0,1.0,4.222972972972971,9.58392603129446,3.7517780938833525,6.810099573257467,3.3961593172119606,9.761735419630163,3.5028449502133725,2.0270270270270316,3.0405405405405332,6.756756756756751,2.0270270270270174,4.729729729729733,6.756756756756758
3930,bunt.saar,2250,19,0.0,0.0,6.525604551920341,0.0,1.0,1.2387387387387416,0.4800853485063925,11.433143669985775,3.94736842105263,2.1692745376955926,14.527027027027032,6.596728307254622,1.0135135135135158,0.3378378378378386,0.3378378378378386,3.378378378378386,1.3513513513513544,1.0135135135135158
4708,bunt.saar,2250,19,0.0,0.0,6.7330488383119915,1.0,1.0,1.9707207207207158,2.00924608819345,6.632290184921764,8.641536273115221,3.1294452347083777,11.610953058321478,8.37482219061166,1.689189189189186,1.689189189189193,1.3513513513513402,0.6756756756756701,3.0405405405405332,3.378378378378372
502,CDU,2250,19,1.0,1.0,1.8195827406353662,1.0,1.0,2.7027027027027017,3.413940256045514,0.49786628733995997,0.08890469416784441,2.6315789473684177,2.009246088193457,2.2759601706970045,0.675675675675663,3.0405405405405332,4.391891891891895,0.3378378378378386,3.7162162162162176,4.054054054054063
1138,CDU,2250,19,0.0,1.0,4.137031768610719,0.0,1.0,1.4639639639639614,3.6806543385490826,4.17852062588905,3.1116642958748244,3.627311522048373,6.454480796586061,3.769559032716927,0.3378378378378244,0.3378378378378386,0.6756756756756772,3.7162162162162105,2.0270270270270316,1.689189189189186
2607,DIE LINKE,2250,19,0.0,1.0,2.7560455192034126,0.0,1.0,5.855855855855851,5.529871977240397,2.6493598862019923,0.8357041251778057,3.200568990042669,1.0135135135135087,3.307254623044102,2.364864864864856,3.7162162162162105,8.783783783783775,5.743243243243242,6.418918918918912,8.108108108108112
4265,Die Grünen,2250,19,0.0,0.0,3.111664295874821,1.0,1.0,2.3085585585585577,1.902560455192038,2.8449502133712556,4.978662873399728,0.08890469416784441,5.529871977240397,3.3250355618776624,2.364864864864856,3.378378378378386,1.3513513513513402,1.0135135135135158,4.391891891891902,1.3513513513513473
4122,DIE LINKE,2250,19,1.0,0.0,1.5232337600758648,1.0,1.0,5.461711711711712,0.23115220483641252,0.6934566145092447,1.511379800853483,1.689189189189186,2.7916073968705533,2.2226173541963092,4.729729729729726,3.378378378378379,8.108108108108112,1.3513513513513544,7.094594594594589,8.108108108108112
2481,Die Grünen,2250,19,1.0,1.0,5.72546230440967,1.0,1.0,3.8288288288288306,4.142958748221901,11.16642958748222,3.1294452347083848,0.2844950213371291,8.926031294452343,6.703413940256041,0.6756756756756701,3.7162162162162176,3.7162162162162247,5.405405405405411,4.729729729729733,4.729729729729726
4652,FDP,2250,19,0.0,0.0,3.6569464201043154,0.0,0.0,6.756756756756758,1.724751066856328,0.7467994310099613,2.560455192034155,6.845661450924595,8.001422475106686,2.0625889046941666,5.4054054054054035,3.7162162162162176,8.445945945945958,3.378378378378372,9.45945945945946,10.135135135135137
1538,bunt.saar,2250,19,1.0,0.0,6.001066856330016,1.0,0.0,8.502252252252253,7.539118065433847,2.9871977240398238,3.9651493598862118,3.1827880512091085,13.63798008534851,4.694167852062591,5.405405405405418,3.378378378378379,9.797297297297305,7.770270270270267,12.837837837837839,11.824324324324309
1290,CDU,2250,19,1.0,1.0,0.6015884305357998,1.0,1.0,2.308558558558557,1.0135135135135087,0.9423897581792318,0.46230440967283215,0.40896159317212266,0.6223328591749677,0.16002844950213557,2.0270270270270245,1.0135135135135087,2.3648648648648702,4.054054054054049,3.7162162162162176,0.6756756756756701
3480,bunt.saar,2250,19,1.0,1.0,5.568397344713137,1.0,1.0,1.6328828828828819,2.507112375533424,3.7339971550497992,8.730440967283073,3.2894736842105345,7.6635846372688405,7.485775248933152,1.689189189189186,0.0,3.0405405405405475,1.3513513513513473,2.0270270270270174,1.689189189189193
287,FDP,2250,19,1.0,1.0,5.814366998577525,1.0,1.0,2.252252252252253,6.827880512091042,9.672830725462298,2.0981507823613086,11.34423897581793,0.0,4.943100995732571,2.7027027027027017,4.054054054054049,2.3648648648648702,0.3378378378378386,1.0135135135135158,3.0405405405405403
3946,FDP,2250,19,0.0,1.0,7.165718349928876,1.0,1.0,2.927927927927929,6.490042674253203,1.4935988620199154,9.672830725462298,12.908961593172116,2.0270270270270316,10.401849217638695,2.0270270270270316,3.0405405405405403,3.7162162162162176,0.3378378378378386,4.391891891891895,4.054054054054053
2476,CDU,2250,19,1.0,0.0,1.9944286391654806,0.0,0.0,2.027027027027026,1.6714082503556114,0.08890469416784441,3.9651493598862118,1.1024182076813602,3.876244665718353,1.262446657183503,0.6756756756756701,2.0270270270270316,1.3513513513513544,0.3378378378378315,4.391891891891888,3.378378378378379
1425,FDP,2250,19,1.0,1.0,2.421171171171176,1.0,1.0,1.1824324324324298,1.9914651493598896,2.7027027027027017,4.871977240398294,0.5334281650071233,4.30298719772405,0.1244665718349971,3.0405405405405475,1.0135135135135158,0.0,2.364864864864856,0.3378378378378244,0.33783783783783505
2289,DIE LINKE,2250,19,0.0,0.0,3.03461356092935,0.0,0.0,2.3648648648648654,7.859174964438118,3.2894736842105345,0.6934566145092447,1.0135135135135087,3.5028449502133725,1.8492176386913215,1.3513513513513473,0.6756756756756772,1.689189189189186,0.6756756756756772,3.7162162162162176,6.081081081081088
3292,Die Grünen,2250,19,1.0,0.0,6.626363205310576,1.0,0.0,1.7454954954954935,7.3968705547653,3.485064011379805,4.9075391180654435,2.507112375533424,16.056187766714082,5.4054054054054035,2.0270270270270174,0.3378378378378386,1.3513513513513615,2.364864864864856,2.0270270270270245,2.364864864864863
1201,Die Grünen,2250,19,0.0,0.0,6.087008060692273,1.0,0.0,3.997747747747752,1.7425320056899025,0.8179231863442382,9.317211948790913,6.152204836415365,8.60597439544808,9.886201991465143,3.7162162162162176,6.081081081081088,3.7162162162162247,3.7162162162162176,3.7162162162162176,3.0405405405405475
3931,FDP,2250,19,1.0,1.0,2.9101469890943563,1.0,1.0,1.632882882882883,4.623044096728307,1.1735419630156443,0.9246088193456607,6.383357041251777,0.07112375533427695,4.285206258890472,3.378378378378372,0.6756756756756772,0.33783783783783505,2.0270270270270316,0.33783783783784216,3.0405405405405403
3789,Die Grünen,2250,19,0.0,0.0,4.074798482693222,1.0,0.0,3.9414414414414387,2.2226173541963092,0.8001422475106708,4.534139402560456,5.334281650071119,8.108108108108105,3.44950213371267,1.0135135135135158,5.4054054054054035,5.067567567567565,2.0270270270270174,4.054054054054056,6.081081081081074
1534,bunt.saar,2250,19,1.0,1.0,5.678046467520152,1.0,1.0,1.069819819819821,3.6806543385490826,6.0099573257467895,10.152916073968704,0.3911806543385481,7.539118065433854,6.294452347083933,1.689189189189193,0.3378378378378386,2.3648648648648702,1.689189189189186,0.0,0.3378378378378386
4883,bunt.saar,2250,19,1.0,0.0,6.30334281650071,1.0,1.0,2.927927927927924,0.0,1.3513513513513473,5.992176386913229,6.472261735419636,15.967283072546223,8.036984352773828,1.689189189189186,1.3513513513513473,4.054054054054049,4.054054054054056,2.7027027027026946,3.7162162162162105
2334,Die Grünen,2250,19,0.0,1.0,5.263157894736842,1.0,1.0,5.912162162162159,2.6137980085348502,6.454480796586061,8.890469416785209,1.2091038406827934,7.539118065433854,4.87197724039828,3.378378378378372,6.081081081081081,7.432432432432435,6.756756756756744,6.418918918918919,5.4054054054054035
4599,bunt.saar,2250,19,0.0,0.0,2.9545993361782834,0.0,1.0,1.970720720720718,1.831436699857747,2.0270270270270316,3.769559032716927,0.2844950213371291,3.6806543385490826,6.134423897581783,0.3378378378378386,4.054054054054063,2.364864864864856,0.0,4.391891891891888,0.675675675675663
1929,bunt.saar,2250,19,1.0,1.0,5.008297771455664,1.0,1.0,1.9144144144144164,11.308677098150785,1.5291607396870432,4.587482219061172,0.2489331436699871,11.308677098150774,1.0668563300142182,0.3378378378378386,0.3378378378378386,4.054054054054049,1.3513513513513544,1.689189189189193,3.7162162162162247
513,bunt.saar,2250,19,1.0,0.0,8.226647700331911,1.0,1.0,0.0,1.1024182076813673,14.829302987197721,3.8762446657183602,0.6756756756756737,17.532005689900423,11.34423897581793,0.0,0.0,0.0,0.0,0.0,0.0
1140,Die Grünen,2250,19,1.0,0.0,3.2420578473210058,1.0,1.0,2.477477477477475,4.12517780938834,6.098862019914655,1.689189189189193,1.8136557610241795,4.836415362731152,0.8890469416785152,1.689189189189186,1.3513513513513473,3.378378378378372,0.6756756756756701,4.391891891891895,3.378378378378379
1841,FDP,2250,19,1.0,0.0,5.194997629208154,1.0,1.0,5.630630630630634,12.660028449502136,4.747510668563294,1.0668563300142253,7.574679943100989,2.4182076813655797,2.7027027027027017,0.0,6.081081081081081,8.783783783783786,4.054054054054063,7.432432432432435,7.432432432432435
3987,FDP,2250,19,0.0,0.0,8.94381223328592,0.0,1.0,8.558558558558557,2.951635846372689,11.753200568990046,11.895448079658607,6.596728307254629,7.894736842105267,12.571123755334277,5.067567567567565,10.13513513513513,11.82432432432433,2.0270270270270245,9.121621621621621,13.17567567567567
2731,FDP,2250,19,1.0,1.0,3.8377192982456116,1.0,1.0,1.8018018018018023,6.169985775248925,2.7204836415362763,2.489331436699864,2.400426742531998,4.836415362731152,4.409672830725455,2.0270270270270316,0.6756756756756772,4.054054054054056,0.0,1.0135135135135158,3.0405405405405332
1007,bunt.saar,2250,19,1.0,0.0,4.744547178757703,1.0,0.0,3.99774774774775,5.4054054054054035,2.044807965860592,8.321479374110943,0.23115220483641252,8.001422475106693,4.463015647226172,1.3513513513513544,2.7027027027026946,5.405405405405396,3.7162162162162176,6.4189189189189335,4.391891891891902
5065,bunt.saar,2250,19,1.0,1.0,4.747510668563298,1.0,1.0,1.6328828828828843,0.8890469416785152,5.298719772403977,6.756756756756758,3.9295874822190555,7.0945945945945965,4.516358463726888,2.3648648648648702,0.3378378378378386,1.0135135135135158,1.0135135135135158,2.0270270270270316,3.0405405405405332
5155,DIE LINKE,2250,19,1.0,1.0,2.2137268847795135,1.0,1.0,1.8018018018018,7.734708392603125,0.40896159317212266,3.0049786628733983,0.21337126600283796,0.8179231863442382,1.1024182076813602,2.0270270270270174,3.378378378378379,2.3648648648648702,2.702702702702709,0.3378378378378244,0.0
499,Die Grünen,2250,19,1.0,1.0,6.2351825509720245,1.0,1.0,0.6193693693693696,7.930298719772395,6.899004267425312,5.5832147937411065,0.9246088193456643,7.290184921763881,8.78378378378379,0.6756756756756701,0.3378378378378386,0.3378378378378386,1.0135135135135158,0.0,1.3513513513513544
5104,bunt.saar,2250,19,0.0,0.0,9.89212897107634,1.0,0.0,3.1531531531531543,4.747510668563301,6.1877667140825,14.295874822190612,6.934566145092475,18.11877667140824,9.068278805120912,3.0405405405405332,0.6756756756756701,4.391891891891895,5.067567567567579,3.378378378378379,2.3648648648648702
1223,bunt.saar,2250,19,1.0,1.0,3.277619724988148,1.0,1.0,2.702702702702703,0.17780938833571014,3.1294452347083848,3.982930298719779,7.005689900426745,3.236130867709818,2.1337126600284506,5.067567567567572,1.6891891891891788,1.689189189189193,6.081081081081081,1.0135135135135158,0.6756756756756772
4847,SPD,2250,19,1.0,1.0,4.866050260787103,1.0,1.0,0.6756756756756737,4.285206258890469,9.317211948790899,3.7873399715504945,3.840682788051211,2.2403982930298696,5.725462304409675,0.3378378378378386,0.6756756756756701,1.013513513513523,0.3378378378378386,0.3378378378378244,1.3513513513513473
2091,CDU,2250,19,0.0,1.0,2.761972498814606,1.0,1.0,1.576576576576579,7.343527738264598,0.9423897581792389,1.8847795163584635,2.9871977240398238,2.916073968705547,0.4978662873399671,0.3378378378378528,3.0405405405405332,0.6756756756756772,1.013513513513523,2.364864864864863,2.0270270270270245
1651,FDP,2250,19,1.0,1.0,2.4656235182550965,1.0,1.0,3.040540540540539,0.1955903271692847,2.4537695590327075,1.2624466571834958,3.591749644381224,4.854196301564727,2.43598862019914,6.081081081081074,1.3513513513513544,2.0270270270270316,2.364864864864856,2.7027027027027017,3.7162162162162176
2342,DIE LINKE,2250,19,0.0,1.0,2.2759601706970174,0.0,1.0,4.27927927927928,1.4580369843527734,1.9381223328591872,0.3556187766714132,4.694167852062591,1.2446657183499354,3.9651493598862046,7.432432432432435,1.3513513513513473,3.7162162162162176,8.783783783783782,4.391891891891902,0.0
2585,DIE LINKE,2250,19,1.0,0.0,2.756045519203415,1.0,0.0,2.8153153153153134,4.836415362731152,0.3378378378378386,2.435988620199147,2.6671408250355597,3.876244665718353,2.3826458036984377,1.689189189189186,1.689189189189193,4.054054054054056,7.094594594594589,0.675675675675663,1.689189189189193
3909,CDU,2250,19,1.0,0.0,4.252607871028928,1.0,0.0,2.4211711711711685,1.3157894736842124,2.275960170697026,3.627311522048373,8.997155049786628,7.361308677098151,1.9381223328591801,3.0405405405405332,0.0,6.081081081081081,4.391891891891888,0.3378378378378386,0.6756756756756701
875,CDU,2250,19,1.0,0.0,4.8808677098150755,1.0,1.0,3.4909909909909906,2.6493598862019923,2.9694167852062563,10.633001422475097,3.840682788051211,0.07112375533427695,9.121621621621621,3.378378378378372,2.702702702702709,3.7162162162162105,6.418918918918926,2.0270270270270245,2.7027027027027017
5174,FDP,2250,19,0.0,0.0,2.7678994784257953,1.0,0.0,7.770270270270275,2.631578947368425,5.2275960170697005,1.1201991465149348,0.8357041251778057,2.3293029871977353,4.463015647226172,9.797297297297305,6.081081081081088,8.108108108108105,4.391891891891895,9.121621621621628,9.121621621621628
3352,Die Grünen,2250,19,0.0,1.0,4.113323850165956,0.0,1.0,1.0135135135135112,1.0312944523470904,8.214793741109531,4.018492176386907,1.5291607396870575,5.298719772403977,4.587482219061172,0.3378378378378386,3.0405405405405403,1.3513513513513473,0.0,1.0135135135135087,0.3378378378378315
5176,Die Grünen,2250,19,0.0,1.0,3.852536747273586,0.0,0.0,1.8018018018018036,1.3513513513513473,1.1557610241820697,4.889758179231862,6.401137980085345,7.734708392603132,1.5825035561877598,3.0405405405405475,0.0,0.0,4.729729729729726,1.0135135135135158,2.0270270270270316
219,CDU,2250,19,1.0,1.0,6.08700806069227,1.0,1.0,3.6036036036036023,4.623044096728307,8.12588904694168,4.640825035561875,7.0590327169274545,11.539829302987194,0.5334281650071091,3.7162162162162105,6.756756756756751,1.013513513513523,3.378378378378379,2.0270270270270245,4.729729729729726
1277,bunt.saar,2250,19,0.0,1.0,4.433380749170225,0.0,1.0,3.3783783783783754,0.7823613086770962,6.9523470839260355,4.285206258890469,1.5291607396870575,9.388335704125183,3.662873399715508,2.0270270270270316,6.756756756756751,2.0270270270270316,4.391891891891888,3.7162162162162105,1.3513513513513402
1989,bunt.saar,2250,19,1.0,0.0,5.568397344713137,1.0,1.0,2.4774774774774784,1.6358463726884764,5.8321479374110865,7.467994310099577,1.6002844950213415,13.140113798008535,3.7339971550498063,2.3648648648648702,1.0135135135135087,2.0270270270270174,0.3378378378378457,4.7297297297297405,4.391891891891888
3140,bunt.saar,2250,19,1.0,0.0,7.12126600284495,1.0,1.0,2.8716216216216193,4.107396870554766,2.400426742531998,9.583926031294453,1.7069701280227534,19.523470839260327,5.4054054054054035,2.364864864864863,1.689189189189193,1.6891891891891788,3.3783783783783825,4.054054054054035,4.054054054054063
4220,SPD,2250,19,1.0,0.0,2.246325272641061,1.0,1.0,1.6891891891891895,0.2844950213371291,3.5384068278805074,3.6450924608819264,1.475817923186355,1.4758179231863409,3.058321479374108,1.0135135135135087,1.3513513513513544,2.7027027027027017,0.6756756756756701,2.702702702702709,1.689189189189193
1416,CDU,2250,19,0.0,1.0,5.618776671408251,1.0,1.0,2.3085585585585577,5.903271692745371,5.51209103840683,2.0625889046941666,9.139402560455203,4.551920341394016,6.54338549075392,1.689189189189186,1.3513513513513544,2.0270270270270316,3.0405405405405332,1.0135135135135087,4.729729729729733
547,bunt.saar,2250,19,1.0,0.0,6.910858226647698,0.0,0.0,9.346846846846846,0.37339971550497353,3.698435277382636,11.36201991465149,5.974395448079662,13.620199146514935,6.436699857752494,7.432432432432435,5.067567567567565,10.810810810810814,10.135135135135137,12.837837837837839,9.797297297297291
3378,CDU,2250,19,1.0,1.0,2.42413466097677,1.0,1.0,1.2950450450450421,1.2446657183499354,3.876244665718353,1.0668563300142253,0.9957325746799413,4.996443812233295,2.3648648648648702,2.3648648648648702,0.3378378378378244,0.6756756756756772,2.7027027027026946,1.3513513513513473,0.3378378378378386
796,FDP,2250,19,1.0,0.0,4.427453769559031,1.0,1.0,3.9414414414414396,2.7560455192034112,4.67638691322901,6.401137980085345,1.795874822190612,6.401137980085352,4.534139402560456,6.081081081081088,3.378378378378372,1.3513513513513473,9.121621621621614,1.3513513513513544,2.364864864864863
4721,bunt.saar,2250,19,1.0,0.0,4.074798482693217,1.0,0.0,1.8581081081081088,0.46230440967283215,4.569701280227598,5.778805120910384,3.307254623044095,8.943812233285918,1.3869132290184751,1.689189189189193,3.0405405405405546,1.0135135135135158,3.378378378378372,0.0,2.0270270270270174
3360,Die Grünen,2250,19,1.0,1.0,2.833096254148888,0.0,0.0,2.533783783783781,1.8847795163584706,2.6671408250355597,2.6849217638691343,2.1337126600284577,4.943100995732571,2.6849217638691343,3.378378378378379,2.364864864864856,2.0270270270270316,2.7027027027026946,1.689189189189186,3.0405405405405403
3939,Die Grünen,2250,19,1.0,1.0,6.0751541014698915,0.0,0.0,10.585585585585582,1.795874822190612,2.880512091038412,9.850640113798008,0.7290184921763867,10.77524893314368,10.419630156472252,6.756756756756758,2.7027027027027017,14.527027027027017,11.486486486486484,14.527027027027032,13.513513513513502
721,FDP,2250,19,1.0,0.0,3.825865339023231,1.0,1.0,5.855855855855857,2.187055476529153,6.027738264580371,0.9779516358463738,4.605263157894733,4.943100995732571,4.214082503556185,5.067567567567572,5.743243243243242,4.729729729729726,6.756756756756758,4.054054054054056,8.78378378378379
2257,Die Grünen,2250,19,1.0,1.0,1.7869843527738307,1.0,0.0,2.815315315315312,0.5334281650071233,2.9694167852062563,0.37339971550498063,1.9381223328591801,3.5739687055476637,1.3335704125177799,0.6756756756756701,1.0135135135135087,5.743243243243242,1.3513513513513473,4.729729729729719,3.378378378378386
4576,FDP,2250,19,1.0,0.0,4.1577761972498815,1.0,0.0,2.702702702702698,2.6315789473684177,4.17852062588905,4.054054054054056,3.7339971550497992,9.281650071123742,1.0668563300142253,3.0405405405405332,0.3378378378378386,4.729729729729733,1.0135135135135016,5.067567567567558,2.0270270270270245
646,bunt.saar,2250,19,1.0,0.0,3.6184210526315823,1.0,1.0,5.292792792792789,0.8534850640113874,4.694167852062584,0.3911806543385552,4.125177809388333,11.006401137980092,0.6401137980085423,4.054054054054056,1.3513513513513402,7.770270270270274,4.729729729729726,6.081081081081081,7.7702702702702595
5048,FDP,2250,19,0.0,1.0,2.308558558558557,1.0,1.0,2.9842342342342327,2.115931721194869,0.26671408250356166,0.9068278805120897,5.992176386913229,4.480796586059739,0.08890469416785152,5.743243243243242,0.3378378378378315,3.7162162162162176,2.3648648648648702,4.391891891891888,1.3513513513513473
2390,FDP,2250,19,1.0,1.0,6.427809388335707,1.0,1.0,1.1824324324324327,4.747510668563301,2.5426742532005733,9.850640113798008,4.516358463726888,9.992887624466583,6.916785206258886,0.6756756756756772,2.0270270270270245,1.689189189189193,0.3378378378378386,0.6756756756756701,1.689189189189193
4146,FDP,2250,19,0.0,0.0,4.759364627785682,1.0,1.0,5.3490990990990985,1.760312944523477,3.698435277382643,7.983641536273112,6.116642958748223,1.1379800853485094,7.859174964438125,5.067567567567565,6.418918918918919,4.729729729729726,5.4054054054054035,4.054054054054056,6.418918918918919
3825,Die Grünen,2250,19,1.0,1.0,2.275960170697014,1.0,1.0,3.7162162162162153,2.3115220483641536,2.6671408250355597,1.4224751066856385,3.271692745376953,1.9381223328591872,2.044807965860592,5.743243243243249,2.364864864864856,3.378378378378386,7.432432432432428,0.3378378378378386,3.0405405405405332
670,bunt.saar,2250,19,0.0,0.0,7.5480085348506405,0.0,0.0,4.673423423423419,2.6493598862019923,0.23115220483641963,14.295874822190612,3.022759601706966,13.033428165007123,12.055476529160728,4.054054054054049,1.6891891891891788,5.067567567567565,4.054054054054049,6.081081081081081,7.094594594594589
1405,FDP,2250,19,1.0,1.0,2.8834755808440025,1.0,1.0,0.7882882882882848,0.5689900426742511,0.8534850640113874,7.681365576102422,2.4537695590327075,1.1735419630156443,4.569701280227601,1.0135135135135087,0.6756756756756701,1.0135135135135087,1.0135135135135158,0.6756756756756737,0.3378378378378315
2663,Die Grünen,2250,19,0.0,1.0,4.199265054528205,0.0,1.0,1.1261261261261264,1.2268847795163538,4.67638691322901,7.4502133712659955,5.885490753911803,3.1116642958748173,2.8449502133712485,0.6756756756756772,0.675675675675663,0.3378378378378244,1.689189189189193,1.689189189189193,1.6891891891892072
2786,CDU,2250,19,1.0,1.0,3.245021337126597,1.0,1.0,4.110360360360356,3.8584637268847715,0.03556187766713492,2.5248933143669987,6.36557610241821,4.107396870554766,2.578236130867701,3.378378378378379,6.081081081081074,2.0270270270270174,6.081081081081074,6.756756756756758,0.3378378378378315
3634,CDU,2250,19,1.0,0.0,3.3220720720720727,1.0,0.0,3.3783783783783767,2.489331436699864,0.26671408250354744,1.1201991465149348,6.027738264580371,7.396870554765293,2.631578947368425,4.054054054054056,4.054054054054042,1.689189189189186,5.067567567567565,3.378378378378379,2.0270270270270316
236,bunt.saar,2250,19,0.0,0.0,3.627311522048366,0.0,1.0,1.689189189189186,1.7069701280227676,0.1955903271692847,3.8584637268847786,3.0761024182076824,5.423186344238978,7.503556187766705,2.0270270270270245,0.675675675675663,1.3513513513513544,2.364864864864863,0.3378378378378386,3.378378378378372
4703,Die Grünen,2250,19,0.0,0.0,4.605263157894736,1.0,1.0,1.2950450450450397,0.5512091038406766,3.2894736842105345,6.365576102418217,2.471550497866282,12.588904694167837,2.3648648648648702,1.0135135135135158,1.0135135135135087,1.6891891891891788,2.0270270270270174,0.6756756756756772,1.3513513513513402
1479,FDP,2250,19,1.0,1.0,5.417259364627788,1.0,0.0,1.9707207207207265,5.529871977240397,2.5604551920341407,6.401137980085359,6.632290184921764,5.1564722617354235,6.223328591749642,2.3648648648648702,2.0270270270270316,1.6891891891892001,2.3648648648648702,0.6756756756756843,2.7027027027027017
4021,FDP,2250,19,1.0,1.0,5.627667140825037,1.0,1.0,3.3783783783783767,8.641536273115221,1.6002844950213415,5.103129445234707,14.509246088193457,0.9957325746799484,2.9160739687055433,2.364864864864863,3.0405405405405332,3.7162162162162176,1.3513513513513473,5.405405405405407,4.391891891891891
960,FDP,2250,19,0.0,1.0,5.313537221431956,1.0,1.0,2.25225225225225,5.387624466571829,0.03556187766713492,2.2759601706970045,10.36628733997155,10.793029871977243,3.022759601706973,5.067567567567565,4.391891891891888,1.0135135135135087,1.689189189189193,0.0,1.3513513513513473
2398,bunt.saar,2250,19,1.0,0.0,3.751778093883356,1.0,1.0,1.407657657657661,2.3648648648648702,0.5512091038406766,5.52987197724039,5.067567567567565,6.383357041251777,2.6137980085348573,0.0,0.3378378378378386,2.702702702702709,1.0135135135135158,2.702702702702709,1.689189189189193
3737,bunt.saar,2250,19,0.0,0.0,7.6013513513513535,1.0,1.0,1.3513513513513509,0.5867709815078399,0.17780938833570303,14.118065433854902,5.4409672830725455,16.340682788051204,8.943812233285925,1.3513513513513615,0.3378378378378386,2.7027027027026946,1.3513513513513544,1.6891891891891788,0.6756756756756772
1607,bunt.saar,2250,19,1.0,0.0,4.578591749644382,1.0,0.0,5.461711711711714,1.2624466571834958,2.3826458036984306,4.925320056899011,2.080369843527734,12.28662873399717,4.534139402560456,4.729729729729726,1.689189189189186,5.067567567567565,4.729729729729733,5.405405405405411,11.14864864864866
4222,Die Grünen,2250,19,1.0,0.0,4.383001422475107,1.0,1.0,3.3783783783783754,2.187055476529153,4.320768136557611,4.587482219061172,5.014224751066855,7.343527738264598,2.8449502133712485,3.378378378378379,2.0270270270270174,3.378378378378372,4.729729729729726,3.0405405405405332,3.7162162162162247
5171,Die Grünen,2250,19,0.0,0.0,4.928283546704601,1.0,1.0,1.1261261261261264,2.044807965860592,3.236130867709818,8.463726884779526,4.605263157894733,7.396870554765293,3.8229018492176436,0.6756756756756843,1.0135135135135016,2.0270270270270316,1.0135135135135087,1.0135135135135158,1.0135135135135158
2320,DIE LINKE,2250,19,0.0,0.0,4.898648648648649,0.0,0.0,8.389639639639643,8.641536273115221,3.556187766714082,3.8229018492176436,6.454480796586061,4.409672830725462,2.507112375533424,3.0405405405405403,2.0270270270270316,13.513513513513516,8.108108108108112,11.486486486486484,12.162162162162176
3551,FDP,2250,19,1.0,1.0,3.8940256045519184,1.0,1.0,2.3085585585585604,1.6002844950213486,3.0761024182076824,2.329302987197721,1.8669985775248819,7.930298719772395,6.56116642958748,4.054054054054056,2.364864864864863,1.013513513513523,2.7027027027026946,2.3648648648648702,1.3513513513513544
2327,DIE LINKE,2250,19,0.0,0.0,5.254267425320054,0.0,0.0,2.477477477477477,0.49786628733995997,8.819345661450917,2.8271692745377024,5.174253200568991,7.130156472261731,7.076813655761022,6.081081081081088,1.3513513513513473,1.3513513513513473,1.689189189189193,0.6756756756756701,3.7162162162162176
169,CDU,2250,19,1.0,0.0,3.3279990516832605,1.0,0.0,4.054054054054055,3.0049786628734054,2.3115220483641536,8.268136557610234,1.7425320056899025,0.6934566145092376,3.94736842105263,2.3648648648648702,0.0,8.783783783783782,6.081081081081088,1.3513513513513473,5.743243243243242
5110,SPD,2250,19,1.0,0.0,3.7488146040777615,0.0,0.0,2.9279279279279273,5.174253200568991,0.4445234708392647,3.876244665718353,1.511379800853483,7.645803698435266,3.840682788051211,2.3648648648648702,4.391891891891888,1.6891891891892001,2.7027027027026946,5.067567567567565,1.3513513513513473
1634,CDU,2250,19,1.0,0.0,6.128496917970605,1.0,0.0,3.096846846846848,2.3115220483641536,4.925320056899011,7.859174964438118,3.9118065433855023,9.068278805120912,8.694879089615931,1.689189189189193,1.689189189189193,5.743243243243249,0.6756756756756701,3.7162162162162176,5.067567567567565
4898,FDP,2250,19,0.0,0.0,7.912517780938831,0.0,0.0,6.531531531531532,10.366287339971542,6.650071123755325,4.12517780938834,9.868421052631582,16.394025604551917,0.07112375533427695,2.364864864864856,5.743243243243249,6.756756756756751,10.472972972972968,5.405405405405411,8.445945945945958
5024,FDP,2250,19,0.0,0.0,3.381341868183972,0.0,0.0,5.292792792792791,6.845661450924595,4.765291607396875,2.258179231863444,5.2275960170697005,1.0668563300142253,0.12446657183499354,0.3378378378378244,7.432432432432435,8.783783783783782,3.378378378378379,6.418918918918919,5.4054054054054035
3177,bunt.saar,2250,19,0.0,0.0,5.790659080132767,0.0,0.0,3.4909909909909906,0.10668563300142608,3.2183499288762505,12.606685633001433,1.3869132290184893,9.352773826458034,8.07254623044097,3.378378378378379,3.7162162162162247,4.391891891891902,3.7162162162162105,3.0405405405405332,2.7027027027026946
2752,CDU,2250,19,1.0,1.0,1.3128259838786154,1.0,1.0,2.308558558558554,0.21337126600283796,2.1337126600284577,1.6180654338549019,0.9601706970128063,0.6223328591749677,2.329302987197721,1.6891891891891788,3.7162162162162176,0.3378378378378457,4.391891891891881,3.0405405405405332,0.6756756756756701
3547,CDU,2250,19,1.0,0.0,5.464675201517306,1.0,0.0,1.2950450450450492,8.3570412517781,3.3250355618776624,4.551920341394016,7.6635846372688405,8.285917496443822,0.6045519203413932,1.689189189189193,2.0270270270270316,2.0270270270270245,0.6756756756756772,1.013513513513523,0.3378378378378457
3119,bunt.saar,2250,19,1.0,1.0,8.902323376007589,1.0,1.0,4.279279279279279,2.3648648648648702,6.916785206258886,12.002133712660033,4.569701280227605,15.433854907539121,12.12660028449502,1.3513513513513473,0.3378378378378386,4.729729729729733,6.418918918918919,6.418918918918926,6.418918918918905
2604,FDP,2250,19,1.0,1.0,4.836415362731152,1.0,1.0,3.8851351351351355,4.12517780938834,2.916073968705547,2.5960170697012863,8.534850640113788,8.677098150782363,2.169274537695589,3.0405405405405475,3.378378378378379,3.716216216216214,2.0270270270270245,6.081081081081081,5.067567567567567
2175,bunt.saar,2250,19,1.0,1.0,1.271337126600282,0.0,1.0,2.4774774774774784,1.1024182076813602,2.0803698435277482,1.831436699857747,1.902560455192038,0.0889046941678373,0.6223328591749606,1.6891891891892001,0.3378378378378386,5.743243243243242,1.0135135135135087,4.391891891891888,1.689189189189193
3569,bunt.saar,2250,19,1.0,0.0,4.584518729255571,0.0,0.0,4.842342342342341,2.6671408250355597,0.6223328591749677,3.8940256045519135,6.347795163584642,9.690611664295872,4.285206258890469,5.067567567567565,1.689189189189186,3.0405405405405332,5.067567567567565,6.081081081081081,8.108108108108112
2425,Die Grünen,2250,19,1.0,1.0,4.700094831673778,1.0,1.0,4.729729729729727,3.485064011379805,3.342816500711244,6.454480796586061,1.2980085348506378,8.588193456614498,5.032005689900423,0.6756756756756701,4.391891891891902,8.108108108108112,4.054054054054049,6.081081081081074,5.067567567567558
5149,CDU,2250,19,1.0,0.0,2.258179231863444,1.0,0.0,1.745495495495496,2.9694167852062563,2.115931721194869,1.4580369843527734,3.9118065433855023,1.902560455192038,1.191322901849226,0.3378378378378386,1.3513513513513544,3.0405405405405332,1.689189189189193,0.0,4.054054054054056
4153,Die Grünen,2250,19,0.0,1.0,5.595068752963489,0.0,1.0,3.0968468468468466,0.9068278805120897,6.330014224751068,9.477240398293027,3.6806543385490755,9.086059743954486,4.089615931721191,3.0405405405405475,5.067567567567565,0.6756756756756772,1.0135135135135158,2.364864864864856,6.418918918918919
4378,CDU,2250,19,0.0,1.0,3.624348032242768,1.0,1.0,2.0833333333333344,3.342816500711244,1.689189189189193,1.4935988620199083,2.86273115220483,9.957325746799427,2.400426742532005,0.3378378378378386,0.0,3.0405405405405475,2.702702702702709,3.0405405405405332,3.378378378378379
17,Die Grünen,2250,19,1.0,1.0,4.424490279753439,0.0,0.0,3.2657657657657673,0.3911806543385552,3.3961593172119606,3.5739687055476566,3.058321479374108,12.571123755334277,3.556187766714075,1.689189189189193,1.0135135135135016,4.391891891891888,1.689189189189186,4.391891891891902,6.4189189189189335
4443,CDU,2250,19,0.0,0.0,4.477833096254145,1.0,1.0,2.027027027027026,9.903982930298717,3.662873399715501,5.298719772403977,5.903271692745371,1.724751066856328,0.37339971550497353,0.0,1.689189189189193,4.391891891891888,1.0135135135135158,2.364864864864863,2.7027027027026946
4514,FDP,2250,19,1.0,1.0,3.9355144618302518,1.0,1.0,2.308558558558559,3.485064011379805,9.566145092460879,4.943100995732571,1.7069701280227676,2.880512091038412,1.0312944523470762,4.391891891891888,0.3378378378378386,0.3378378378378386,3.7162162162162176,1.0135135135135158,4.054054054054056
3143,Die Grünen,2250,19,1.0,0.0,5.535798956851589,1.0,1.0,1.0135135135135134,0.26671408250354744,0.5689900426742582,8.285917496443815,7.663584637268848,9.17496443812233,7.254623044096732,0.3378378378378386,1.689189189189193,0.675675675675663,1.0135135135135158,1.689189189189193,0.6756756756756772
879,FDP,2250,19,1.0,1.0,5.802513039355147,1.0,1.0,1.0135135135135147,4.071834992887624,2.43598862019914,9.583926031294453,7.485775248933152,6.205547652916081,5.03200568990043,1.3513513513513544,2.0270270270270245,0.3378378378378386,0.6756756756756772,1.3513513513513544,0.3378378378378386
3669,SPD,2250,19,0.0,1.0,5.97143195827406,1.0,0.0,1.689189189189192,4.800853485064017,4.089615931721191,6.845661450924595,6.650071123755325,10.579658605974402,2.86273115220483,1.689189189189186,2.3648648648648702,1.0135135135135087,1.6891891891892001,2.702702702702709,0.6756756756756772
4508,FDP,2250,19,1.0,0.0,6.107752489331436,0.0,0.0,2.1959459459459474,2.578236130867701,3.1116642958748244,4.054054054054056,6.365576102418217,13.389046941678515,7.147937411095306,2.702702702702709,2.7027027027027017,1.0135135135135087,3.7162162162162247,0.3378378378378386,2.7027027027027017
3450,SPD,2250,19,0.0,0.0,4.311877667140826,0.0,0.0,3.490990990990987,2.6493598862019923,4.711948790896166,3.307254623044095,0.5867709815078399,6.650071123755325,7.965860597439537,5.743243243243242,0.6756756756756701,4.054054054054056,4.054054054054042,4.729729729729726,1.689189189189186
2676,SPD,2250,19,1.0,1.0,8.905286865813183,1.0,0.0,6.249999999999999,6.632290184921764,8.60597439544808,13.15789473684211,3.2539118065433854,10.490753911806543,11.290896159317214,3.378378378378372,4.729729729729726,4.729729729729726,6.418918918918926,9.459459459459453,8.78378378378379
2301,FDP,2250,19,1.0,1.0,4.548956851588426,1.0,0.0,3.4346846846846852,1.3157894736842124,5.565433854907525,3.413940256045514,3.4317211948790884,10.295163584637265,3.271692745376953,3.0405405405405332,1.6891891891892001,5.067567567567565,0.0,8.108108108108112,2.7027027027027017
3964,Die Grünen,2250,19,0.0,0.0,5.929943100995733,0.0,1.0,1.2950450450450457,2.9694167852062634,0.46230440967282505,9.246088193456615,4.516358463726888,13.762446657183503,4.623044096728307,0.3378378378378386,0.675675675675663,0.3378378378378386,1.0135135135135158,2.0270270270270316,3.378378378378386
426,FDP,2250,19,1.0,0.0,3.7488146040777592,1.0,1.0,1.407657657657656,2.6315789473684177,4.623044096728307,3.022759601706966,4.018492176386907,8.036984352773828,0.16002844950212847,1.3513513513513473,0.0,3.378378378378372,1.0135135135135158,0.3378378378378386,2.364864864864863
39,Die Grünen,2250,19,0.0,1.0,3.908843053579895,1.0,1.0,2.1396396396396433,2.3470839260312957,3.7873399715504945,2.9338549075391143,1.440256045519206,9.352773826458034,3.591749644381224,2.0270270270270316,0.6756756756756772,0.6756756756756772,4.391891891891895,1.689189189189193,3.378378378378386
2913,FDP,2250,19,1.0,1.0,4.231863442389758,0.0,1.0,1.8018018018017987,7.2724039829302995,5.689900426742533,4.320768136557604,4.978662873399728,0.7645803698435216,2.364864864864863,1.3513513513513473,0.3378378378378386,3.378378378378372,1.0135135135135158,1.3513513513513473,3.378378378378372
3667,bunt.saar,2250,19,1.0,1.0,2.468587008060691,0.0,0.0,2.871621621621626,3.876244665718353,4.445234708392597,0.6578947368421026,3.9651493598862046,1.511379800853483,0.35561877667140607,1.013513513513523,4.391891891891902,4.391891891891902,0.0,5.067567567567565,2.364864864864863
5157,FDP,2250,19,1.0,1.0,1.7188240872451435,1.0,1.0,1.5765765765765802,4.925320056899011,1.2091038406827934,0.2844950213371291,2.3826458036984306,1.2446657183499354,0.26671408250356166,0.3378378378378386,0.6756756756756701,0.6756756756756843,1.3513513513513686,3.7162162162162176,2.7027027027027017
539,Die Grünen,2250,19,0.0,0.0,6.74490279753438,0.0,0.0,3.096846846846848,0.8001422475106708,5.51209103840683,9.032716927453777,5.4054054054054035,8.997155049786635,10.721906116642963,4.391891891891895,1.3513513513513544,5.067567567567565,3.378378378378372,2.702702702702709,1.689189189189193
1872,CDU,2250,19,0.0,1.0,3.529516358463726,0.0,0.0,2.984234234234234,8.60597439544808,1.0668563300142253,5.689900426742533,2.329302987197721,1.1024182076813673,2.3826458036984306,1.3513513513513473,4.729729729729726,0.6756756756756772,6.081081081081088,3.0405405405405403,2.0270270270270245
1343,CDU,2250,19,0.0,1.0,3.2361308677098193,1.0,1.0,3.7162162162162153,1.369132290184929,7.005689900426752,0.6223328591749677,5.600995732574688,3.4317211948790884,1.3869132290184893,0.3378378378378386,4.729729729729726,4.391891891891888,3.378378378378379,5.405405405405411,4.054054054054049
3986,CDU,2250,19,0.0,0.0,4.596372688477953,0.0,0.0,6.587837837837835,3.2894736842105345,1.973684210526315,6.934566145092454,9.495021337126602,1.2446657183499354,4.640825035561882,3.7162162162162176,5.4054054054054035,9.797297297297298,6.756756756756758,6.418918918918905,7.432432432432428
1203,FDP,2250,19,1.0,1.0,3.612494073020386,1.0,1.0,1.970720720720718,5.921052631578952,5.103129445234707,0.8179231863442382,6.792318634423886,0.03556187766713492,3.0049786628733983,1.3513513513513473,0.3378378378378386,4.054054054054056,0.3378378378378244,4.391891891891888,1.3513513513513544
3335,Die Grünen,2250,19,1.0,0.0,3.2242769084874348,1.0,1.0,4.166666666666669,3.7517780938833525,2.6671408250355597,2.3115220483641536,3.058321479374115,6.0099573257467895,1.5469416785206391,3.7162162162162176,0.6756756756756843,7.0945945945945965,5.4054054054054035,4.054054054054063,4.054054054054049
3418,CDU,2250,19,1.0,0.0,1.71882408724514,1.0,0.0,4.335585585585587,0.6934566145092447,2.809388335704128,2.507112375533424,0.6401137980085352,0.6223328591749677,3.0405405405405403,0.6756756756756843,2.0270270270270245,7.770270270270274,2.0270270270270174,9.459459459459467,4.054054054054056
3423,Die Grünen,2250,19,0.0,0.0,5.766951161687999,1.0,0.0,1.2387387387387356,2.7027027027026946,2.720483641536269,7.04125177809388,4.889758179231862,12.251066856329999,4.996443812233288,1.0135135135135087,0.3378378378378386,3.378378378378372,0.0,0.3378378378378386,2.364864864864856
4452,CDU,2250,19,1.0,1.0,2.3115220483641523,0.0,0.0,2.815315315315312,1.8136557610241795,1.689189189189186,5.4054054054054035,1.5291607396870432,2.3293029871977353,1.1024182076813673,1.3513513513513544,1.689189189189186,4.054054054054056,3.378378378378372,4.054054054054042,2.364864864864863
913,Die Grünen,2250,19,1.0,0.0,4.738620199146507,1.0,1.0,3.322072072072069,0.1422475106685539,1.9559032716927405,6.650071123755325,0.07112375533427695,12.393314366998567,7.219061166429583,2.7027027027027017,2.0270270270270245,4.391891891891888,3.0405405405405403,3.378378378378372,4.391891891891888
4633,FDP,2250,19,1.0,0.0,3.5858226647700335,1.0,0.0,2.195945945945944,3.556187766714082,1.8136557610241795,4.338549075391185,0.3022759601707037,8.392603129445227,3.1116642958748244,1.689189189189193,3.378378378378372,1.0135135135135087,1.689189189189186,2.364864864864856,3.0405405405405475
4201,CDU,2250,19,1.0,0.0,4.711948790896159,1.0,1.0,2.08333333333333,0.7645803698435287,2.293741109530586,4.071834992887624,14.153627311522051,3.8584637268847715,3.129445234708392,2.7027027027026946,3.7162162162162176,0.3378378378378315,1.3513513513513473,1.3513513513513473,3.0405405405405403
3517,bunt.saar,2250,19,1.0,0.0,4.074798482693219,1.0,1.0,1.9144144144144104,3.8584637268847715,2.7560455192034112,6.098862019914655,2.7916073968705533,5.743243243243242,3.200568990042683,2.0270270270270245,0.675675675675663,1.3513513513513402,0.6756756756756772,3.378378378378386,3.378378378378372
3488,SPD,2250,19,0.0,0.0,4.353366524419152,1.0,0.0,1.0698198198198174,1.6714082503556114,1.2980085348506378,6.899004267425312,1.795874822190612,6.294452347083926,8.161450924608815,1.0135135135135087,0.0,1.3513513513513473,1.689189189189186,1.0135135135135158,1.3513513513513473
3681,FDP,2250,19,1.0,1.0,1.8106922712185838,1.0,1.0,2.871621621621619,1.3335704125177799,3.1294452347083777,0.7467994310099613,2.258179231863437,0.32005689900426404,3.0761024182076824,2.702702702702709,4.054054054054042,2.702702702702709,1.6891891891891788,5.067567567567565,1.0135135135135087
2049,bunt.saar,2250,19,1.0,1.0,5.408368895210998,1.0,0.0,0.9009009009009029,0.6401137980085352,6.650071123755325,6.134423897581783,0.9068278805120897,15.16714082503556,2.951635846372696,0.3378378378378386,1.3513513513513473,0.3378378378378386,0.3378378378378386,0.3378378378378457,2.702702702702709
2466,bunt.saar,2250,19,0.0,0.0,5.3668800379326695,1.0,1.0,1.1824324324324305,0.10668563300142608,2.7027027027026946,6.97012802275961,6.6678520625889135,8.445945945945937,7.3079658605974345,0.3378378378378386,0.0,2.0270270270270316,1.689189189189193,1.0135135135135016,2.0270270270270174
3827,bunt.saar,2250,19,1.0,0.0,6.922712185870079,1.0,1.0,1.013513513513517,0.40896159317211556,4.320768136557611,9.868421052631575,1.013513513513523,14.669274537695586,11.255334281650065,1.3513513513513544,1.0135135135135158,1.3513513513513544,1.013513513513523,1.3513513513513544,0.0
4794,DIE LINKE,2250,19,1.0,0.0,6.3566856330014225,1.0,1.0,1.0698198198198174,8.357041251778092,3.022759601706973,8.943812233285918,4.747510668563301,11.78876244665718,1.2802275960170704,0.0,0.3378378378378386,0.6756756756756772,1.0135135135135087,1.689189189189186,2.7027027027026946
4096,FDP,2250,19,1.0,1.0,5.126837363679468,1.0,1.0,1.4076576576576574,3.5028449502133725,5.26315789473685,4.623044096728307,3.4317211948790884,2.3826458036984306,11.557610241820761,2.0270270270270245,1.0135135135135158,2.0270270270270245,3.0405405405405332,0.0,0.3378378378378457
3435,FDP,2250,19,1.0,1.0,3.911806543385492,1.0,1.0,0.5630630630630638,5.725462304409675,4.374110953058327,1.529160739687054,6.436699857752494,0.5689900426742547,4.836415362731149,0.3378378378378386,0.6756756756756772,0.6756756756756772,0.3378378378378386,0.6756756756756772,0.6756756756756737
3954,CDU,2250,19,1.0,0.0,3.790303461356094,1.0,0.0,1.745495495495496,6.916785206258886,1.475817923186355,0.7112375533428192,5.778805120910384,6.845661450924595,1.013513513513523,0.0,1.0135135135135087,4.054054054054056,0.6756756756756772,3.0405405405405332,1.6891891891892001
3351,bunt.saar,2250,19,1.0,0.0,7.977714556661926,1.0,1.0,0.9009009009009029,3.6095305832147915,2.7738264580369787,11.21977240398293,0.2489331436699871,19.967994310099577,10.046230440967292,0.3378378378378386,0.6756756756756772,1.3513513513513544,1.3513513513513544,1.3513513513513544,0.3378378378378386
1452,SPD,2250,19,0.0,0.0,9.417970602181128,1.0,0.0,5.180180180180181,5.7254623044096675,8.108108108108105,15.433854907539121,3.769559032716927,11.450924608819342,12.019914651493607,3.7162162162162176,0.6756756756756772,4.729729729729733,6.418918918918919,8.783783783783782,6.756756756756758
5080,CDU,2250,19,1.0,0.0,4.445234708392602,1.0,0.0,4.560810810810811,2.6849217638691343,5.245376955903275,7.610241820768138,0.26671408250354744,9.086059743954479,1.7780938833570374,4.391891891891902,0.6756756756756701,9.797297297297291,4.7297297297297405,2.7027027027027017,5.067567567567565
203,DIE LINKE,2250,19,1.0,1.0,4.068871503082029,1.0,1.0,1.4639639639639637,5.707681365576107,2.9871977240398238,1.4580369843527734,3.058321479374115,9.672830725462298,1.5291607396870575,1.3513513513513473,0.6756756756756701,4.054054054054056,0.6756756756756772,0.6756756756756772,1.3513513513513544
4182,CDU,2250,19,1.0,0.0,5.387624466571836,0.0,1.0,8.22072072072072,1.0668563300142253,8.570412517780944,6.36557610241821,3.805120910384062,1.582503556187767,10.935277382645808,6.081081081081074,7.432432432432435,8.78378378378379,8.783783783783775,6.081081081081088,12.162162162162161
4982,FDP,2250,19,1.0,0.0,3.772522522522524,0.0,0.0,1.689189189189192,3.662873399715508,7.183499288762434,5.423186344238985,2.0270270270270316,3.876244665718353,0.46230440967283215,1.0135135135135158,2.364864864864863,0.0,5.067567567567572,1.3513513513513615,0.3378378378378386
5014,CDU,2250,19,0.0,0.0,2.806424845898525,1.0,1.0,0.4504504504504503,3.4317211948790884,3.4672830725462234,1.8136557610241795,2.115931721194869,5.4054054054054035,0.604551920341386,0.3378378378378386,1.689189189189186,0.0,0.3378378378378386,0.3378378378378386,0.0
28,bunt.saar,2250,19,1.0,1.0,1.2861545756282584,1.0,1.0,4.222972972972975,1.0312944523470762,2.329302987197721,0.7290184921763796,1.2624466571834958,2.3470839260312957,0.017780938833581672,1.689189189189193,5.067567567567572,5.067567567567565,1.689189189189193,5.4054054054054035,6.418918918918919
2483,FDP,2250,19,1.0,0.0,3.159080132764346,1.0,0.0,2.7590090090090094,5.689900426742533,4.658605974395456,1.6002844950213486,2.2403982930298625,2.773826458036986,1.9914651493598896,2.0270270270270245,2.0270270270270245,4.729729729729726,1.013513513513523,3.378378378378379,3.378378378378379
3704,FDP,2250,19,0.0,1.0,5.449857752489332,1.0,1.0,1.463963963963965,7.539118065433861,3.485064011379805,0.7823613086771033,9.637268847795163,8.854907539118052,2.400426742532005,1.3513513513513615,1.689189189189193,0.3378378378378315,1.0135135135135158,3.7162162162162105,0.6756756756756772
3799,CDU,2250,19,1.0,0.0,6.193693693693697,0.0,1.0,1.7454954954954947,2.9338549075391214,7.485775248933145,7.201280227596023,2.9338549075391214,10.170697012802279,6.436699857752494,0.6756756756756772,1.3513513513513544,2.0270270270270245,3.0405405405405475,0.3378378378378315,3.0405405405405332
2338,bunt.saar,2250,19,1.0,0.0,2.8330962541488858,1.0,1.0,1.5202702702702737,1.2268847795163538,2.6849217638691343,5.618776671408241,1.191322901849226,4.231863442389766,2.044807965860592,1.689189189189193,0.6756756756756843,0.3378378378378386,1.3513513513513615,2.7027027027026946,2.3648648648648702
2171,CDU,2250,19,1.0,0.0,2.6256519677572308,1.0,0.0,2.9279279279279273,1.2980085348506378,4.747510668563301,3.485064011379805,3.7873399715504945,1.0490753911806578,1.3869132290184893,1.689189189189186,1.0135135135135087,2.3648648648648702,4.054054054054056,5.067567567567565,3.378378378378379
2691,FDP,2250,19,1.0,0.0,3.7636320531057392,0.0,1.0,2.5900900900900914,0.3378378378378386,6.063300142247513,1.2802275960170704,4.747510668563301,6.472261735419636,3.6806543385490755,4.391891891891888,0.6756756756756843,3.378378378378379,0.6756756756756772,1.689189189189186,4.729729729729733
2709,bunt.saar,2250,19,1.0,0.0,8.946775723091518,1.0,1.0,1.351351351351359,5.192034139402573,3.271692745376953,9.317211948790913,7.859174964438125,18.669985775248932,9.370554765291615,1.6891891891892001,0.6756756756756772,0.3378378378378528,2.7027027027027017,1.3513513513513686,1.3513513513513544
2192,FDP,2250,19,1.0,0.0,2.753082029397819,1.0,1.0,1.407657657657661,2.880512091038412,5.423186344238985,0.40896159317212266,2.00924608819345,3.94736842105263,1.8492176386913144,1.689189189189193,0.6756756756756843,1.3513513513513544,3.7162162162162176,0.0,1.0135135135135158
1778,SPD,2250,19,0.0,0.0,4.676386913229021,1.0,1.0,1.4639639639639637,4.445234708392597,3.591749644381224,5.796586059743959,2.2048364153627347,5.938833570412527,6.081081081081088,1.3513513513513615,0.3378378378378386,1.689189189189186,3.0405405405405403,0.0,2.364864864864856
3662,Die Grünen,2250,19,0.0,0.0,4.371147463252723,0.0,1.0,1.8581081081081123,4.463015647226179,4.658605974395449,4.694167852062584,3.1294452347083777,7.556899004267429,1.7247510668563208,4.391891891891902,0.0,1.3513513513513544,0.0,2.0270270270270316,3.378378378378386
3915,FDP,2250,19,1.0,1.0,5.1179468942626825,1.0,1.0,2.421171171171172,1.2980085348506378,4.9075391180654435,7.805832147937409,5.7254623044096675,7.645803698435273,3.3250355618776624,3.0405405405405475,1.689189189189186,0.0,2.702702702702709,7.094594594594589,0.0
2207,SPD,2250,19,0.0,1.0,4.030346135609295,0.0,1.0,2.364864864864869,1.795874822190612,3.662873399715508,5.1209103840682815,2.6849217638691343,6.454480796586061,4.463015647226172,4.054054054054056,0.6756756756756843,1.0135135135135158,5.405405405405411,2.0270270270270316,1.0135135135135158
972,CDU,2250,19,1.0,1.0,1.7158605974395453,1.0,1.0,3.3783783783783776,1.369132290184929,2.3826458036984377,2.293741109530579,0.6934566145092447,0.6401137980085352,2.916073968705547,3.0405405405405332,2.364864864864863,4.391891891891888,3.7162162162162176,4.391891891891895,2.3648648648648702
1345,CDU,2250,19,1.0,1.0,2.3856092935040265,1.0,0.0,7.207207207207211,2.115931721194869,2.4537695590327075,0.053342816500716594,4.374110953058313,3.94736842105263,1.3691322901849219,1.689189189189193,5.743243243243242,9.797297297297305,6.756756756756751,11.148648648648653,8.10810810810812
787,FDP,2250,19,1.0,1.0,3.1442626837363705,1.0,1.0,2.2522522522522466,2.293741109530586,1.3869132290184893,7.592460881934571,1.226884779516368,0.01778093883356746,6.347795163584642,3.378378378378372,1.3513513513513473,1.3513513513513402,3.0405405405405332,2.0270270270270245,2.364864864864863
1125,CDU,2250,19,1.0,1.0,3.3309625414888537,1.0,1.0,7.376126126126127,2.3648648648648702,1.0490753911806507,8.499288762446653,0.8179231863442382,6.561166429587473,0.6934566145092376,4.7297297297297405,7.094594594594589,10.13513513513513,5.405405405405411,10.135135135135137,6.756756756756751
3829,FDP,2250,19,0.0,1.0,4.783072546230443,1.0,1.0,1.914414414414414,5.974395448079662,0.9246088193456643,9.26386913229019,1.689189189189193,4.694167852062591,6.152204836415358,3.0405405405405403,0.0,4.054054054054063,1.3513513513513402,1.0135135135135158,2.0270270270270245
3521,FDP,2250,19,0.0,1.0,3.873281175912753,0.0,1.0,2.252252252252255,8.357041251778092,1.4580369843527734,0.8357041251778057,3.8584637268847715,7.005689900426745,1.724751066856328,0.3378378378378386,4.054054054054056,4.054054054054063,0.6756756756756772,3.7162162162162176,0.6756756756756772
3243,CDU,2250,19,1.0,1.0,2.2996680891417696,1.0,1.0,1.3513513513513544,1.0846372688477857,2.0981507823613086,0.7112375533428192,6.347795163584628,3.2539118065433854,0.3022759601706895,2.0270270270270316,1.0135135135135158,0.6756756756756843,0.3378378378378386,3.0405405405405332,1.013513513513523
1454,FDP,2250,19,1.0,0.0,5.18907064959696,1.0,1.0,2.759009009009008,11.308677098150774,2.9694167852062563,4.907539118065429,1.7780938833570303,0.07112375533427695,10.099573257467995,0.3378378378378386,3.7162162162162176,3.7162162162162105,1.689189189189193,3.0405405405405403,4.054054054054049
2685,FDP,2250,19,0.0,1.0,3.010905642484586,1.0,0.0,1.8581081081081063,1.724751066856328,4.071834992887624,3.6450924608819335,5.28093883357041,2.115931721194869,1.2268847795163538,3.378378378378379,0.3378378378378315,1.013513513513523,2.364864864864856,1.0135135135135087,3.0405405405405403
2215,CDU,2250,19,0.0,1.0,1.0727833096254098,1.0,0.0,2.0270270270270294,1.6358463726884764,0.6756756756756772,1.1557610241820626,0.9068278805120897,1.5647226173541924,0.49786628733995997,0.3378378378378386,0.6756756756756772,4.054054054054056,1.689189189189193,2.364864864864863,3.0405405405405475
3734,bunt.saar,2250,19,0.0,0.0,4.895685158843052,0.0,0.0,2.871621621621619,3.7162162162162176,4.391891891891895,6.330014224751068,1.0668563300142253,5.885490753911803,7.983641536273105,3.0405405405405403,6.756756756756765,1.0135135135135016,1.689189189189186,2.364864864864856,2.364864864864863
1225,FDP,2250,19,0.0,1.0,4.516358463726881,0.0,1.0,2.0270270270270316,0.16002844950213557,10.170697012802265,1.404694167852064,7.841394025604551,4.943100995732571,2.578236130867701,3.378378378378393,1.3513513513513615,1.689189189189186,1.0135135135135087,4.054054054054056,0.6756756756756843
4689,CDU,2250,19,1.0,1.0,2.93385490753912,0.0,1.0,3.6599099099099086,2.560455192034155,1.2980085348506378,0.4800853485063996,5.51209103840683,7.21906116642959,0.5334281650071091,3.0405405405405332,5.067567567567572,3.0405405405405403,5.743243243243235,1.3513513513513544,3.7162162162162176
4318,Die Grünen,2250,19,0.0,0.0,7.6072783309625445,0.0,0.0,4.560810810810813,4.516358463726888,6.596728307254629,8.908250355618776,2.471550497866282,13.780227596017077,9.370554765291615,0.0,5.4054054054054035,8.108108108108105,3.7162162162162176,4.7297297297297405,5.405405405405411
2910,bunt.saar,2250,19,1.0,0.0,4.714912280701757,1.0,1.0,1.351351351351352,2.0270270270270316,3.0761024182076895,7.574679943100989,2.2048364153627347,7.770270270270274,5.636557610241823,1.3513513513513544,1.01351351351353,0.0,1.3513513513513544,2.364864864864856,2.0270270270270174
2023,CDU,2250,19,1.0,1.0,5.681009957325746,1.0,1.0,4.279279279279276,5.298719772403977,3.1472261735419664,4.089615931721191,3.840682788051211,5.7610241820768096,11.948790896159323,7.094594594594589,0.0,3.0405405405405332,3.7162162162162176,2.7027027027026946,9.121621621621621
2753,FDP,2250,19,1.0,1.0,2.136676149834044,1.0,1.0,1.4639639639639626,1.5825035561877598,3.9651493598862046,0.4267425320056901,1.51137980085349,3.1116642958748173,2.222617354196302,3.378378378378379,0.0,0.6756756756756772,3.7162162162162105,0.0,1.0135135135135087
3330,Die Grünen,2250,19,1.0,1.0,6.37446657183499,1.0,1.0,2.590090090090085,0.8179231863442382,5.494310099573248,6.525604551920338,3.6806543385490755,9.068278805120912,12.660028449502128,1.689189189189186,1.0135135135135087,3.0405405405405332,2.7027027027027017,3.0405405405405332,4.054054054054049
2184,Die Grünen,2250,19,0.0,1.0,4.628971076339493,1.0,1.0,0.6193693693693767,0.08890469416784441,8.890469416785209,7.130156472261724,0.07112375533427695,6.472261735419622,5.1209103840682815,0.3378378378378386,1.0135135135135158,0.3378378378378528,1.3513513513513615,0.3378378378378528,0.3378378378378386
4632,SPD,2250,19,0.0,0.0,4.7741820768136565,1.0,0.0,3.0405405405405417,3.1472261735419664,0.7467994310099613,8.143669985775247,11.39758179231864,2.3648648648648702,2.8449502133712556,5.743243243243249,3.7162162162162176,0.3378378378378457,6.418918918918919,0.675675675675663,1.3513513513513544
227,FDP,2250,19,1.0,0.0,7.082740635372217,1.0,0.0,2.984234234234235,11.664295874822194,3.805120910384069,3.805120910384069,10.259601706970138,12.446657183499283,0.5156472261735487,1.689189189189193,0.6756756756756772,4.729729729729733,2.0270270270270316,4.391891891891888,4.391891891891888
1506,FDP,2250,19,1.0,1.0,7.245732574679946,1.0,1.0,1.520270270270273,5.974395448079662,9.63726884779517,6.472261735419632,3.165007112375534,8.926031294452343,9.299431009957331,1.013513513513523,2.3648648648648702,1.0135135135135123,1.689189189189193,2.0270270270270245,1.0135135135135158
2728,bunt.saar,2250,19,0.0,0.0,4.187411095305833,0.0,0.0,2.533783783783781,3.200568990042669,3.271692745376953,5.600995732574688,3.840682788051211,4.249644381223341,4.960881934566139,6.081081081081081,0.6756756756756701,1.0135135135135087,3.378378378378379,3.0405405405405403,1.0135135135135087
4117,CDU,2250,19,1.0,1.0,2.699739212897106,0.0,1.0,2.533783783783786,1.653627311522051,5.1031294452347,2.880512091038412,0.426742532005683,0.35561877667140607,5.778805120910384,2.0270270270270316,3.0405405405405475,3.0405405405405403,1.0135135135135087,3.378378378378379,2.702702702702709
167,FDP,2250,19,1.0,1.0,6.092935040303462,1.0,0.0,1.2950450450450444,8.534850640113788,5.387624466571843,5.4054054054054035,6.294452347083926,3.413940256045521,7.521337126600287,2.0270270270270245,2.0270270270270245,1.3513513513513544,1.0135135135135016,1.0135135135135158,0.3378378378378457
2693,bunt.saar,2250,19,1.0,0.0,2.5041488857278345,1.0,1.0,1.1824324324324362,2.0625889046941666,3.4317211948790884,4.267425320056901,1.4580369843527734,3.342816500711251,0.46230440967282505,0.6756756756756843,2.3648648648648702,1.0135135135135158,0.6756756756756772,2.3648648648648702,0.0
3076,Die Grünen,2250,19,1.0,1.0,2.249288762446658,1.0,1.0,1.407657657657656,3.840682788051211,1.0135135135135087,0.8712660028449477,4.640825035561875,1.369132290184929,1.760312944523477,1.689189189189186,0.3378378378378386,0.675675675675663,3.378378378378379,0.0,2.3648648648648702
3559,CDU,2250,19,1.0,0.0,4.691204362257,1.0,1.0,1.9144144144144153,4.711948790896166,6.7389758179231976,2.8982930298719793,6.827880512091042,5.369843527738269,1.6002844950213486,0.6756756756756914,1.3513513513513473,5.067567567567565,0.0,1.0135135135135087,3.378378378378379
1094,Die Grünen,2250,19,0.0,0.0,5.402441915599806,0.0,1.0,0.8445945945945988,5.174253200568991,0.8179231863442311,8.339260312944532,5.138691322901842,8.908250355618776,4.036273115220467,1.0135135135135158,0.3378378378378386,2.0270270270270316,0.0,1.0135135135135158,0.6756756756756914
4706,Die Grünen,2250,19,0.0,1.0,5.9921763869132265,0.0,0.0,4.335585585585584,4.711948790896166,6.258890469416791,8.943812233285918,0.21337126600283796,8.25035561877666,7.574679943100989,4.729729729729726,3.0405405405405332,6.081081081081088,4.054054054054049,3.0405405405405403,5.067567567567565
5013,bunt.saar,2250,19,1.0,1.0,7.079777145566621,0.0,1.0,1.0135135135135098,5.26315789473685,3.271692745376953,10.633001422475118,5.565433854907525,9.032716927453777,8.712660028449505,0.3378378378378386,2.0270270270270245,1.0135135135135016,1.6891891891891788,1.0135135135135158,0.0
2448,Die Grünen,2250,19,0.0,0.0,3.0998103366524368,0.0,0.0,2.477477477477475,2.5248933143669916,5.4054054054054035,5.334281650071112,0.6756756756756772,2.9871977240398238,1.6714082503556114,4.391891891891888,1.689189189189193,3.0405405405405332,2.3648648648648702,2.364864864864856,1.0135135135135087
4949,DIE LINKE,2250,19,1.0,0.0,5.7906590801327615,1.0,0.0,3.5472972972972925,11.148648648648653,0.5512091038406766,3.520625889046933,8.872688477951627,8.997155049786628,1.653627311522051,5.067567567567565,0.675675675675663,3.378378378378379,5.067567567567565,3.7162162162162105,3.378378378378372
554,SPD,2250,19,1.0,1.0,4.667496443812233,1.0,1.0,1.0135135135135123,2.8449502133712556,10.08179231863442,6.614509246088197,1.7780938833570303,1.8847795163584777,4.800853485064017,0.6756756756756772,2.364864864864863,0.6756756756756701,0.0,1.3513513513513544,1.0135135135135087
4176,bunt.saar,2250,19,0.0,0.0,2.7797534376481763,0.0,0.0,5.180180180180184,3.591749644381224,5.974395448079662,0.1422475106685539,3.5739687055476637,2.4182076813655797,0.9779516358463738,2.0270270270270316,7.770270270270274,5.743243243243242,6.081081081081088,7.0945945945945965,2.3648648648648702
4533,Die Grünen,2250,19,0.0,0.0,3.0168326220957824,0.0,1.0,3.828828828828828,1.866998577524896,8.30369843527739,3.2183499288762576,2.1692745376955855,0.8179231863442382,1.724751066856328,1.3513513513513615,5.405405405405411,3.7162162162162033,1.689189189189193,6.418918918918912,4.391891891891888
4776,bunt.saar,2250,19,0.0,1.0,3.8021574205784723,0.0,0.0,2.984234234234235,2.6315789473684177,5.903271692745371,2.9694167852062634,5.209815078236119,5.796586059743959,0.3022759601707037,1.3513513513513473,1.0135135135135158,4.7297297297297405,5.067567567567565,3.0405405405405403,2.7027027027027017
3015,CDU,2250,19,0.0,1.0,4.516358463726888,0.0,1.0,1.6328828828828843,2.00924608819345,3.627311522048373,6.205547652916081,4.107396870554773,7.201280227596023,3.94736842105263,0.3378378378378457,3.378378378378372,2.0270270270270316,1.0135135135135087,2.3648648648648702,0.6756756756756772
727,SPD,2250,19,1.0,1.0,3.707325746799436,0.0,1.0,1.182432432432434,1.6714082503556185,0.7645803698435287,6.952347083926043,2.4537695590327147,3.7339971550498063,6.667852062588906,1.0135135135135087,0.675675675675663,2.702702702702709,0.3378378378378386,0.6756756756756914,1.689189189189193
424,bunt.saar,2250,19,0.0,0.0,5.849928876244668,0.0,1.0,1.6328828828828865,0.1955903271692847,1.3513513513513473,9.032716927453777,5.138691322901856,8.677098150782356,10.704125177809388,0.0,1.689189189189186,4.054054054054063,1.3513513513513615,2.702702702702709,0.0
4090,FDP,2250,19,0.0,0.0,2.598980559506874,0.0,0.0,4.729729729729729,0.9957325746799413,2.3470839260312957,2.6137980085348573,4.960881934566139,2.2403982930298696,2.43598862019914,4.054054054054049,3.7162162162162176,5.743243243243235,1.013513513513523,5.743243243243242,8.108108108108105
3225,FDP,2250,19,1.0,1.0,3.473210052157422,1.0,1.0,1.7454954954955006,3.271692745376953,1.760312944523477,4.231863442389766,2.044807965860592,5.45874822190612,4.071834992887624,2.3648648648648702,1.0135135135135087,1.3513513513513544,1.6891891891892072,3.378378378378379,0.6756756756756843
4447,CDU,2250,19,0.0,1.0,5.150545282124228,1.0,0.0,2.590090090090095,5.529871977240397,1.1557610241820626,2.2226173541963092,5.7610241820768096,13.869132290184922,2.3648648648648702,0.3378378378378386,1.3513513513513615,4.729729729729733,2.0270270270270316,5.067567567567572,2.0270270270270316
1137,CDU,2250,19,1.0,0.0,6.484115694642011,1.0,0.0,2.533783783783781,0.9601706970128063,6.507823613086771,2.1692745376955855,8.108108108108105,17.318634423897578,3.840682788051218,2.7027027027027017,4.391891891891888,2.0270270270270245,0.6756756756756772,0.6756756756756701,4.729729729729726
394,bunt.saar,2250,19,0.0,1.0,6.125533428165007,0.0,1.0,3.941441441441446,4.87197724039828,2.8627311522048444,9.60170697012802,1.7069701280227534,8.001422475106693,9.708392603129454,5.4054054054054035,2.0270270270270316,2.702702702702709,4.391891891891895,3.7162162162162247,5.405405405405411
800,FDP,2250,19,1.0,0.0,5.168326220957802,1.0,1.0,4.560810810810813,5.423186344238985,6.027738264580371,3.022759601706966,10.91749644381224,5.1209103840682815,0.4978662873399671,3.0405405405405332,6.081081081081088,5.067567567567572,2.0270270270270316,4.729729729729733,6.418918918918919
2455,bunt.saar,2250,19,1.0,0.0,3.419867235656709,1.0,1.0,1.0135135135135147,0.01778093883356746,3.0761024182076895,5.565433854907539,1.7069701280227534,7.396870554765293,2.7560455192034112,1.689189189189186,0.3378378378378386,0.6756756756756772,2.3648648648648702,0.3378378378378386,0.6756756756756772
2813,bunt.saar,2250,19,0.0,1.0,4.160739687055474,1.0,1.0,1.6891891891891884,2.1337126600284577,0.46230440967282505,9.050497866287337,3.236130867709818,6.241109530583209,3.840682788051197,1.0135135135135087,0.6756756756756772,3.0405405405405475,2.0270270270270245,1.0135135135135158,2.364864864864856
836,bunt.saar,2250,19,1.0,1.0,2.922000948316736,0.0,1.0,1.407657657657661,4.9075391180654435,0.26671408250354744,1.4935988620199083,8.07254623044097,2.5248933143669916,0.26671408250355455,1.3513513513513615,2.3648648648648702,0.6756756756756772,0.3378378378378386,1.0135135135135087,2.702702702702709
1053,Die Grünen,2250,19,0.0,0.0,6.967164532954006,0.0,0.0,7.770270270270271,0.10668563300142608,10.757467994310097,7.254623044096725,2.0625889046941666,9.512802275960176,12.108819345661445,4.729729729729733,5.067567567567565,9.797297297297298,7.432432432432442,8.108108108108112,11.486486486486477
4139,CDU,2250,19,1.0,1.0,5.689900426742528,1.0,1.0,2.590090090090085,1.5825035561877598,4.089615931721191,6.258890469416791,2.293741109530579,9.939544807965852,9.975106685632998,3.7162162162162105,2.0270270270270245,2.0270270270270245,3.0405405405405332,2.0270270270270174,2.7027027027027017
4249,bunt.saar,2250,19,0.0,0.0,3.0375770507349436,0.0,0.0,2.9279279279279273,2.809388335704128,4.605263157894733,2.7738264580369787,3.6450924608819335,3.271692745376953,1.1201991465149348,1.0135135135135158,2.7027027027026946,4.729729729729726,0.0,4.7297297297297405,4.391891891891888
5159,DIE LINKE,2250,19,0.0,1.0,5.5950687529634875,0.0,0.0,2.5337837837837847,6.045519203413939,9.014935988620195,2.578236130867701,6.045519203413939,8.641536273115221,1.2446657183499283,4.391891891891895,1.689189189189186,3.7162162162162176,3.0405405405405475,0.6756756756756772,1.689189189189186
710,SPD,2250,19,0.0,1.0,6.300379326695115,1.0,1.0,2.533783783783779,1.6714082503556114,5.0853485064011394,7.965860597439544,4.018492176386907,7.396870554765293,11.664295874822194,2.364864864864856,0.6756756756756701,4.054054054054042,2.3648648648648702,3.7162162162162105,2.0270270270270245
3837,bunt.saar,2250,19,1.0,1.0,1.864035087719298,1.0,1.0,9.74099099099099,0.5334281650071091,0.3378378378378386,2.258179231863444,0.5867709815078257,1.9559032716927405,5.51209103840683,5.405405405405411,9.121621621621621,13.175675675675684,1.3513513513513473,15.202702702702695,14.189189189189186
1199,Die Grünen,2250,19,0.0,1.0,4.762328117591277,0.0,0.0,3.0405405405405417,1.9559032716927476,9.174964438122338,2.3470839260312957,5.45874822190612,6.241109530583209,3.3961593172119535,3.0405405405405332,3.0405405405405475,4.054054054054063,2.0270270270270245,5.4054054054054035,0.6756756756756772
4193,Die Grünen,2250,19,1.0,0.0,5.559506875296351,1.0,0.0,1.126126126126124,4.409672830725462,7.325746799431002,5.743243243243242,4.587482219061172,7.948079658605984,3.342816500711244,0.3378378378378386,1.6891891891891788,0.3378378378378386,2.0270270270270174,2.0270270270270316,0.3378378378378386
228,CDU,2250,19,1.0,1.0,2.981270744428637,1.0,1.0,2.252252252252255,3.3605974395447973,1.5291607396870575,3.342816500711244,1.973684210526315,5.992176386913222,1.689189189189186,1.6891891891892072,1.689189189189193,2.702702702702709,1.3513513513513473,3.7162162162162105,2.364864864864863
4080,FDP,2250,19,1.0,1.0,3.1738975817923163,1.0,1.0,2.083333333333332,0.6756756756756772,2.329302987197721,1.8136557610241795,2.258179231863437,7.04125177809388,4.925320056899004,3.378378378378372,4.391891891891895,0.3378378378378457,1.6891891891891788,1.689189189189186,1.0135135135135158
3893,Die Grünen,2250,19,1.0,0.0,5.387624466571836,1.0,1.0,0.6756756756756772,6.13442389758179,4.42745376955903,4.302987197724043,1.1379800853485094,11.201991465149362,5.1209103840682815,0.3378378378378386,1.689189189189193,0.0,2.0270270270270316,0.0,0.0
3332,FDP,2250,19,1.0,0.0,4.184447605500238,1.0,1.0,2.5900900900900914,4.623044096728307,1.831436699857754,6.2766714082503725,1.7247510668563208,1.6358463726884764,9.014935988620195,3.378378378378386,3.7162162162162176,0.675675675675663,4.7297297297297405,1.0135135135135158,2.0270270270270245
174,bunt.saar,2250,19,1.0,0.0,3.8495732574679935,1.0,1.0,1.6328828828828819,2.507112375533424,1.9025604551920452,5.814366998577512,1.0668563300142253,6.525604551920338,5.280938833570417,1.689189189189186,3.0405405405405475,0.0,2.0270270270270245,1.0135135135135016,2.0270270270270316
5211,Die Grünen,2250,19,0.0,1.0,2.0892603129445213,1.0,1.0,2.92792792792793,0.07112375533427695,3.271692745376953,4.374110953058313,0.5156472261735487,2.329302987197721,1.973684210526315,0.3378378378378457,2.0270270270270245,3.0405405405405475,1.0135135135135087,5.067567567567572,6.081081081081081
2130,FDP,2250,19,1.0,1.0,4.676386913229024,1.0,1.0,1.4639639639639626,6.54338549075392,2.6671408250355597,2.7382645803698438,5.654338549075405,8.783783783783782,1.6714082503556327,2.0270270270270245,1.689189189189186,1.689189189189193,1.3513513513513615,1.689189189189186,0.3378378378378244
1265,FDP,2250,19,1.0,1.0,4.000711237553344,1.0,0.0,2.8153153153153148,7.254623044096725,1.973684210526315,1.653627311522051,2.418207681365587,7.0945945945945965,3.6095305832147915,1.689189189189186,4.729729729729726,4.054054054054056,2.0270270270270316,1.0135135135135087,3.378378378378379
3486,CDU,2250,19,0.0,0.0,6.332977714556666,0.0,0.0,3.3220720720720736,2.6493598862019923,1.9559032716927476,12.251066856330013,2.2226173541963092,9.77951635846373,9.139402560455203,1.3513513513513544,0.6756756756756772,5.067567567567572,0.0,6.756756756756751,6.081081081081088
1073,bunt.saar,2250,19,0.0,1.0,1.852181128496922,1.0,1.0,5.292792792792793,0.5867709815078399,4.729729729729726,1.795874822190612,0.6934566145092376,0.4445234708392718,2.8627311522048444,3.0405405405405332,6.081081081081088,7.770270270270274,1.3513513513513473,6.756756756756772,6.756756756756744
1262,FDP,2250,19,0.0,1.0,2.207799905168327,1.0,1.0,3.4909909909909893,1.2091038406827934,1.333570412517787,0.17780938833571014,7.574679943100989,1.5647226173541924,1.3869132290184893,3.7162162162162176,2.364864864864863,5.067567567567572,2.364864864864856,2.0270270270270245,5.4054054054054035
2584,FDP,2250,19,1.0,1.0,4.258534850640114,0.0,1.0,3.9977477477477437,5.95661450924608,4.640825035561882,0.7823613086771033,4.320768136557611,0.7290184921763867,9.121621621621621,2.0270270270270245,6.418918918918912,3.0405405405405332,1.3513513513513402,3.378378378378379,7.770270270270274
4225,bunt.saar,2250,19,1.0,1.0,4.602299668089144,1.0,1.0,2.6463963963963963,2.293741109530586,2.880512091038412,4.267425320056901,3.449502133712656,10.650782361308679,4.071834992887631,2.0270270270270245,0.6756756756756772,2.702702702702709,5.067567567567565,1.689189189189193,3.7162162162162105
4728,CDU,2250,19,1.0,0.0,3.7636320531057392,1.0,0.0,2.7027027027026995,0.3022759601707037,9.548364153627311,0.9246088193456643,0.10668563300142608,5.334281650071119,6.36557610241821,4.054054054054056,0.6756756756756701,1.3513513513513473,6.756756756756751,1.0135135135135087,2.364864864864863
4983,FDP,2250,19,1.0,0.0,6.063300142247513,1.0,1.0,2.7027027027027017,4.231863442389766,2.0981507823613086,7.965860597439544,13.442389758179239,1.5647226173541924,7.076813655761029,5.4054054054054035,2.364864864864863,2.7027027027027017,0.6756756756756772,2.0270270270270245,3.0405405405405403
241,CDU,2250,19,1.0,1.0,4.080725462304407,1.0,1.0,2.6463963963964,5.636557610241823,3.1827880512090942,3.733997155049785,6.507823613086771,2.00924608819345,3.413940256045521,0.3378378378378457,3.0405405405405403,4.729729729729733,0.3378378378378457,3.378378378378379,4.054054054054056
2237,Die Grünen,2250,19,1.0,0.0,10.621147463252727,1.0,0.0,2.0833333333333344,10.455192034139408,5.4054054054054035,10.348506401137975,1.3513513513513473,24.075391180654343,12.091038406827884,2.364864864864863,2.0270270270270316,0.6756756756756772,2.364864864864856,2.0270270270270316,3.0405405405405475
799,FDP,2250,19,0.0,0.0,2.9842342342342327,0.0,0.0,2.5337837837837847,2.00924608819345,6.13442389758179,2.187055476529153,5.245376955903275,1.6002844950213486,0.7290184921763796,4.391891891891881,1.0135135135135087,0.6756756756756772,0.3378378378378386,5.405405405405411,3.378378378378393
4311,SPD,2250,19,0.0,1.0,7.361308677098155,1.0,1.0,2.1959459459459487,8.712660028449513,6.347795163584642,6.810099573257467,5.174253200568991,10.864153627311524,6.258890469416791,2.0270270270270316,3.0405405405405403,0.6756756756756772,1.3513513513513544,2.702702702702709,3.378378378378379
2914,FDP,2250,19,1.0,1.0,4.99940730203888,1.0,1.0,1.5765765765765802,5.565433854907539,7.396870554765293,1.4580369843527734,0.03556187766713492,6.330014224751068,9.210526315789473,1.013513513513523,1.3513513513513544,3.040540540540544,1.3513513513513544,1.3513513513513544,1.3513513513513509
2418,SPD,2250,19,1.0,0.0,2.246325272641061,0.0,0.0,4.110360360360358,3.8584637268847715,3.627311522048373,0.32005689900426404,0.9957325746799413,1.2980085348506378,3.378378378378379,1.3513513513513473,0.3378378378378386,6.081081081081081,5.067567567567565,4.729729729729726,7.094594594594589
2558,bunt.saar,2250,19,1.0,1.0,5.7936225699383606,1.0,1.0,2.4211711711711708,1.689189189189186,4.978662873399728,11.806543385490748,5.4409672830725455,8.214793741109531,2.631578947368425,5.4054054054054035,0.3378378378378386,3.378378378378372,3.0405405405405403,2.0270270270270316,0.3378378378378386
156,bunt.saar,2250,19,1.0,1.0,5.512091038406832,1.0,1.0,1.4639639639639626,3.94736842105263,3.662873399715508,6.614509246088204,1.582503556187767,11.504267425320059,5.761024182076824,2.7027027027026946,1.0135135135135016,1.0135135135135158,2.3648648648648702,0.6756756756756772,1.0135135135135158
2988,SPD,2250,19,1.0,0.0,4.738620199146514,1.0,0.0,2.139639639639641,7.841394025604551,1.1201991465149348,6.507823613086771,5.494310099573248,0.6401137980085352,6.827880512091042,1.689189189189193,3.0405405405405403,2.702702702702709,1.3513513513513473,1.689189189189193,2.364864864864863
2370,FDP,2250,19,1.0,1.0,4.7475106685633,1.0,1.0,1.6891891891891848,5.95661450924608,2.951635846372696,4.480796586059739,7.770270270270274,7.21906116642959,0.10668563300141898,2.364864864864863,1.3513513513513473,1.689189189189186,0.3378378378378244,3.7162162162162176,0.6756756756756701
1514,FDP,2250,19,1.0,1.0,3.79919393077288,1.0,1.0,0.9009009009009065,5.174253200568991,6.401137980085352,0.21337126600283796,2.2226173541963163,7.3790896159317185,1.404694167852064,2.0270270270270316,0.3378378378378457,0.6756756756756772,1.01351351351353,0.3378378378378386,1.0135135135135158
1587,Die Grünen,2250,19,1.0,0.0,3.816974869606446,1.0,0.0,2.7027027027027017,0.8890469416785152,0.9246088193456643,4.551920341394023,0.26671408250354744,14.455903271692748,1.8136557610241795,1.689189189189186,3.7162162162162176,4.391891891891888,1.3513513513513473,3.7162162162162176,1.3513513513513544
908,CDU,2250,19,0.0,1.0,3.591749644381222,0.0,0.0,1.5765765765765742,4.2140825035561775,2.8982930298719793,5.814366998577526,3.0049786628733983,4.854196301564727,0.7645803698435216,0.3378378378378244,1.013513513513523,1.689189189189186,0.0,1.0135135135135087,5.4054054054054035
3203,FDP,2250,19,1.0,0.0,3.0494310099573227,1.0,1.0,2.3648648648648667,2.6315789473684177,1.3513513513513473,1.5291607396870575,1.7247510668563208,7.69914651493599,3.3605974395448044,2.7027027027026946,2.3648648648648702,3.0405405405405475,0.6756756756756772,2.0270270270270316,3.378378378378379
1048,Die Grünen,2250,19,0.0,0.0,5.858819345661453,1.0,0.0,4.279279279279284,1.0135135135135087,0.21337126600283796,8.268136557610248,6.347795163584635,12.695590327169285,6.614509246088204,4.391891891891895,0.0,5.743243243243256,4.054054054054056,5.743243243243242,5.743243243243256
2762,FDP,2250,19,1.0,1.0,4.074798482693221,1.0,1.0,3.209459459459462,7.556899004267429,2.489331436699864,2.151493598862025,2.4537695590327075,1.2802275960170704,8.517069701280228,0.6756756756756772,6.081081081081081,3.0405405405405403,1.0135135135135158,2.3648648648648702,6.081081081081088
1318,bunt.saar,2250,19,1.0,0.0,7.091631104788999,1.0,0.0,2.25225225225225,5.369843527738269,2.0625889046941595,11.397581792318633,2.6493598862019923,15.23826458036985,5.832147937411094,1.0135135135135087,0.3378378378378386,4.054054054054035,2.0270270270270245,4.054054054054063,2.0270270270270316
2805,DIE LINKE,2250,19,1.0,0.0,3.7191797060218135,0.0,0.0,3.7725225225225274,9.370554765291615,2.6315789473684177,1.7425320056899025,5.423186344238985,0.8890469416785152,2.258179231863444,0.6756756756756843,0.3378378378378386,6.756756756756751,1.3513513513513615,5.405405405405411,8.10810810810812
3633,SPD,2250,19,1.0,1.0,6.297415836889518,1.0,1.0,6.024774774774774,3.2894736842105345,0.23115220483641252,8.51706970128022,9.103840682788054,8.19701280227595,8.445945945945937,7.432432432432435,2.702702702702709,5.743243243243242,11.148648648648646,5.4054054054054035,3.7162162162162105
1110,Die Grünen,2250,19,1.0,0.0,6.309269796111901,1.0,1.0,0.7319819819819813,0.26671408250354744,6.54338549075392,7.219061166429583,4.036273115220482,13.63798008534851,6.152204836415365,2.7027027027026946,0.0,0.0,0.6756756756756772,0.3378378378378386,0.6756756756756772
4941,bunt.saar,2250,19,0.0,0.0,2.3885727833096246,0.0,0.0,2.7590090090090116,2.7027027027026946,4.000711237553347,0.35561877667140607,1.6358463726884764,2.5426742532005733,3.09388335704125,3.0405405405405475,0.0,5.743243243243249,0.3378378378378386,5.067567567567565,2.3648648648648702
478,FDP,2250,19,1.0,0.0,4.77714556661925,1.0,1.0,6.475225225225224,5.298719772403977,3.165007112375534,7.805832147937409,4.338549075391185,2.0625889046941666,5.992176386913229,1.689189189189186,6.418918918918919,10.472972972972968,2.0270270270270316,7.432432432432435,10.810810810810807
4223,bunt.saar,2250,19,1.0,0.0,7.4946657183499275,1.0,0.0,2.308558558558559,2.115931721194869,2.2403982930298625,12.073257467994324,1.1024182076813673,19.150071123755325,8.285917496443815,1.0135135135135087,3.0405405405405475,2.702702702702709,0.3378378378378386,4.054054054054042,2.702702702702709
666,CDU,2250,19,1.0,0.0,4.03330962541489,1.0,1.0,2.1396396396396398,0.3378378378378386,0.46230440967283215,1.2802275960170704,5.796586059743959,11.575391180654343,4.747510668563294,1.0135135135135087,3.378378378378379,3.378378378378379,1.689189189189186,1.013513513513523,2.364864864864863
889,DIE LINKE,2250,19,1.0,1.0,3.7102892366050297,1.0,1.0,1.85810810810811,3.7162162162162176,1.226884779516368,7.556899004267429,0.7290184921763867,8.463726884779518,0.5689900426742582,3.7162162162162176,1.3513513513513544,0.3378378378378386,3.7162162162162105,1.0135135135135087,1.01351351351353
987,FDP,2250,19,0.0,0.0,2.883475580844005,1.0,1.0,1.2387387387387332,2.5960170697012828,0.7112375533428192,2.8982930298719793,1.1024182076813673,6.347795163584635,3.6450924608819477,2.0270270270270245,0.3378378378378457,0.3378378378378315,4.054054054054035,0.0,0.675675675675663
3719,CDU,2250,19,1.0,0.0,8.431128496917973,1.0,0.0,4.5045045045045065,3.6095305832147915,7.82361308677099,8.161450924608815,2.2226173541963092,20.945945945945944,7.82361308677099,1.3513513513513473,1.6891891891892001,5.067567567567565,3.7162162162162176,9.121621621621621,6.081081081081088
865,CDU,2250,19,1.0,0.0,5.672119487908959,1.0,0.0,3.5472972972972934,7.130156472261717,5.4409672830725455,4.409672830725462,1.1201991465149348,7.02347083926032,8.908250355618776,7.094594594594582,1.0135135135135158,2.7027027027026946,5.743243243243249,0.3378378378378315,4.391891891891888
4935,FDP,2250,19,0.0,1.0,4.231863442389763,1.0,1.0,1.5765765765765825,1.5647226173542066,1.3157894736842124,0.4445234708392647,11.77098150782362,9.726173541963021,0.5689900426742511,1.3513513513513686,2.0270270270270316,1.0135135135135158,3.378378378378386,0.6756756756756772,1.0135135135135158
373,FDP,2250,19,1.0,1.0,2.394499762920816,0.0,1.0,5.799549549549551,0.16002844950213557,5.28093883357041,5.4054054054054035,2.258179231863444,1.0846372688477928,0.17780938833571014,1.689189189189193,8.445945945945951,6.756756756756758,3.0405405405405403,7.0945945945945965,7.770270270270267
3386,bunt.saar,2250,19,1.0,1.0,2.6286154575628244,1.0,0.0,2.083333333333331,5.974395448079662,0.1422475106685539,2.560455192034155,2.044807965860592,3.1294452347083848,1.9203413940255984,1.689189189189193,0.3378378378378386,1.6891891891891788,1.0135135135135158,4.729729729729726,3.0405405405405332
1599,SPD,2250,19,0.0,1.0,6.836770981507821,0.0,1.0,1.745495495495496,3.4672830725462234,6.0099573257467895,7.983641536273112,3.378378378378379,11.628733997155052,8.55263157894737,0.0,2.364864864864863,2.364864864864856,1.0135135135135158,3.378378378378386,1.3513513513513544
1914,bunt.saar,2250,19,1.0,0.0,2.9457088667614997,1.0,1.0,3.7162162162162162,4.036273115220482,2.2226173541963092,0.32005689900426404,2.293741109530586,8.641536273115221,0.16002844950213557,2.7027027027027017,4.391891891891888,3.7162162162162105,2.3648648648648702,6.081081081081081,3.0405405405405475
626,CDU,2250,19,1.0,0.0,7.737671882408724,0.0,0.0,5.180180180180185,2.293741109530579,9.815078236130866,11.433143669985775,2.435988620199147,11.326458036984356,9.121621621621621,2.3648648648648702,4.054054054054056,6.756756756756765,7.432432432432435,4.054054054054056,6.418918918918926
4778,SPD,2250,19,1.0,1.0,4.205192034139404,1.0,0.0,2.252252252252255,4.320768136557611,6.934566145092461,5.600995732574688,0.6045519203413932,3.1116642958748173,4.658605974395449,2.7027027027027017,1.689189189189186,2.0270270270270316,2.0270270270270316,2.702702702702709,2.3648648648648702
5214,FDP,2250,19,1.0,1.0,7.044215267899481,1.0,1.0,2.871621621621621,2.9338549075391214,6.650071123755332,4.391891891891895,3.165007112375541,15.842816500711244,9.28165007112375,4.729729729729733,2.0270270270270245,0.6756756756756772,2.364864864864856,5.405405405405411,2.0270270270270245
74,Die Grünen,2250,19,0.0,0.0,2.954599336178281,0.0,1.0,3.2657657657657686,2.7560455192034112,0.03556187766713492,6.152204836415365,2.6671408250355597,5.352062588904687,0.7645803698435287,1.689189189189186,3.7162162162162176,0.0,5.067567567567565,3.7162162162162247,5.405405405405418
3444,CDU,2250,19,0.0,1.0,1.935158843053576,1.0,1.0,2.252252252252253,0.7290184921763796,2.86273115220483,4.623044096728307,0.9423897581792318,0.7645803698435216,1.689189189189186,0.0,0.3378378378378386,4.054054054054049,1.3513513513513544,3.7162162162162176,4.054054054054056
5177,FDP,2250,19,1.0,1.0,7.224988146040778,1.0,1.0,0.9009009009009018,7.23684210526315,5.938833570412527,11.024182076813652,6.756756756756758,5.796586059743952,6.596728307254629,0.6756756756756772,1.0135135135135158,1.0135135135135158,1.0135135135135158,1.3513513513513473,0.3378378378378386
3337,SPD,2250,19,0.0,1.0,7.882882882882882,0.0,1.0,1.6328828828828794,1.2446657183499283,12.055476529160735,7.930298719772409,1.0312944523470762,12.553342816500717,12.482219061166425,1.689189189189193,0.3378378378378315,3.378378378378372,1.689189189189186,1.3513513513513402,1.3513513513513544
487,Die Grünen,2250,19,1.0,0.0,6.250000000000001,1.0,1.0,2.4774774774774735,2.115931721194869,9.014935988620195,2.418207681365587,6.205547652916081,9.192745376955905,8.55263157894737,0.3378378378378386,1.689189189189193,3.7162162162161962,2.702702702702709,3.7162162162162105,2.7027027027026946
870,bunt.saar,2250,19,1.0,0.0,5.473565670934092,1.0,1.0,1.9707207207207251,0.40896159317212266,0.6578947368421026,9.068278805120912,0.4800853485063996,13.30014224751067,8.926031294452343,1.0135135135135158,2.0270270270270316,2.0270270270270316,1.3513513513513544,2.3648648648648702,3.0405405405405475
3743,FDP,2250,19,1.0,1.0,5.1090564248459,1.0,1.0,1.0698198198198188,3.5028449502133725,2.5960170697012828,3.02275960170698,3.307254623044095,11.931009957325749,6.294452347083919,3.0405405405405475,0.6756756756756843,0.3378378378378244,0.0,1.3513513513513473,1.0135135135135087
1207,FDP,2250,19,1.0,1.0,3.3576339497392134,1.0,1.0,1.5765765765765718,7.290184921763881,1.1735419630156443,1.3335704125177799,5.707681365576114,2.933854907539107,1.7069701280227534,0.675675675675663,1.689189189189193,1.3513513513513544,2.364864864864856,0.675675675675663,2.7027027027027017
2511,CDU,2250,19,1.0,0.0,1.816619250829774,1.0,0.0,2.7590090090090094,0.6578947368421026,2.009246088193457,3.6095305832147915,2.115931721194869,1.9559032716927405,0.5512091038406837,4.054054054054063,0.3378378378378386,0.3378378378378386,7.0945945945945965,4.054054054054049,0.6756756756756701
1287,FDP,2250,19,1.0,0.0,5.541725936462779,1.0,0.0,1.9707207207207205,7.112375533428171,6.009957325746804,2.3115220483641536,6.472261735419629,10.970839260312943,0.37339971550497353,0.6756756756756701,2.702702702702709,2.364864864864856,2.702702702702709,0.0,3.378378378378379
2168,bunt.saar,2250,19,1.0,0.0,6.054409672830725,1.0,0.0,4.110360360360365,4.605263157894733,1.7425320056898954,9.121621621621628,4.196301564722617,8.481507823613093,8.179231863442382,5.743243243243242,2.702702702702709,3.7162162162162247,7.0945945945945965,2.702702702702709,2.702702702702709
4540,bunt.saar,2250,19,1.0,0.0,5.618776671408246,1.0,1.0,0.957207207207213,4.889758179231862,5.7254623044096675,5.672119487908958,0.9601706970127921,12.055476529160728,4.409672830725469,1.689189189189193,0.3378378378378386,1.01351351351353,1.6891891891892001,0.0,1.0135135135135158
3529,Die Grünen,2250,19,1.0,0.0,2.7175201517306746,1.0,1.0,0.8445945945945988,1.4402560455191917,1.2980085348506378,4.463015647226172,1.2624466571834958,5.0853485064011394,2.7560455192034112,1.3513513513513615,1.689189189189193,0.6756756756756772,0.3378378378378457,0.3378378378378386,0.6756756756756772
569,CDU,2250,19,0.0,1.0,6.048482693219536,0.0,1.0,2.421171171171173,5.51209103840683,7.503556187766712,2.7382645803698438,3.662873399715501,10.06401137980086,6.810099573257467,1.3513513513513544,3.7162162162162105,3.0405405405405475,2.702702702702709,2.702702702702709,1.0135135135135087
5168,bunt.saar,2250,19,1.0,0.0,5.070531057373164,1.0,1.0,1.745495495495496,3.556187766714089,2.5426742532005733,7.2724039829302995,3.4317211948790884,7.539118065433854,6.081081081081081,1.0135135135135158,1.3513513513513544,4.391891891891888,2.364864864864863,0.0,1.3513513513513544
3627,Die Grünen,2250,19,0.0,0.0,8.309625414888577,1.0,1.0,0.9572072072072046,2.6137980085348573,6.3122332859175,12.26884779516358,5.3698435277382615,16.678520625889057,6.614509246088204,0.6756756756756701,0.675675675675663,1.3513513513513402,2.364864864864863,0.3378378378378528,0.3378378378378386
705,SPD,2250,19,1.0,0.0,5.6158131816026575,1.0,0.0,5.518018018018016,2.0625889046941666,11.077524893314369,2.6137980085348573,4.480796586059739,4.747510668563301,8.712660028449513,6.081081081081081,4.729729729729726,5.743243243243235,2.364864864864856,7.432432432432435,6.756756756756765
4685,bunt.saar,2250,19,0.0,0.0,7.746562351825509,1.0,0.0,7.376126126126124,5.672119487908958,5.2631578947368425,11.024182076813652,9.868421052631575,10.526315789473685,4.12517780938834,12.162162162162161,5.743243243243242,7.094594594594589,11.824324324324323,4.054054054054056,3.378378378378372
5038,CDU,2250,19,1.0,1.0,2.587126600284494,1.0,1.0,3.2657657657657695,2.6493598862019923,3.3250355618776624,0.8890469416785152,4.889758179231862,2.7204836415362763,1.0490753911806578,0.3378378378378386,4.7297297297297405,6.081081081081088,1.3513513513513544,3.378378378378379,3.7162162162162176
3996,CDU,2250,19,1.0,1.0,2.963489805595073,0.0,1.0,1.745495495495497,3.3961593172119606,1.262446657183503,1.1557610241820768,4.338549075391185,7.005689900426745,0.6223328591749677,0.3378378378378528,0.3378378378378386,0.3378378378378386,3.7162162162162105,4.054054054054049,1.689189189189193
170,Die Grünen,2250,19,0.0,0.0,7.248696064485544,0.0,0.0,6.813063063063069,0.8534850640113874,3.627311522048373,10.312944523470854,1.902560455192038,13.193456614509245,13.602418207681367,5.067567567567565,2.3648648648648702,8.445945945945958,7.094594594594611,6.756756756756751,11.14864864864866
5165,SPD,2250,19,1.0,1.0,4.027382645803699,1.0,1.0,2.1396396396396384,0.35561877667140607,5.4409672830725455,6.952347083926043,0.8179231863442382,6.116642958748223,4.480796586059739,1.689189189189186,3.7162162162162105,0.3378378378378386,2.3648648648648702,0.3378378378378386,4.391891891891888
4424,Die Grünen,2250,19,0.0,1.0,4.184447605500233,0.0,1.0,2.646396396396393,3.1294452347083777,3.4672830725462234,5.387624466571829,4.67638691322901,6.685633001422481,1.760312944523477,0.3378378378378244,7.770270270270267,1.0135135135135158,4.054054054054042,0.3378378378378528,2.364864864864856
4331,CDU,2250,19,1.0,0.0,1.9440493124703646,0.0,1.0,1.970720720720718,3.0405405405405332,0.08890469416784441,1.2980085348506378,0.8357041251778057,4.800853485064017,1.6002844950213486,4.054054054054042,1.3513513513513473,2.3648648648648702,1.0135135135135158,1.3513513513513473,1.689189189189186
4634,FDP,2250,19,1.0,0.0,4.791963015647223,1.0,1.0,2.4211711711711685,8.445945945945944,2.2403982930298696,5.47652916073968,2.0270270270270316,3.1116642958748173,7.4502133712659955,1.689189189189186,2.7027027027027017,2.7027027027027017,2.7027027027026946,2.0270270270270245,2.7027027027027017
4676,FDP,2250,19,0.0,0.0,4.940137505926978,0.0,0.0,2.3085585585585626,5.4765291607396875,2.86273115220483,5.529871977240397,5.565433854907539,6.13442389758179,4.071834992887624,3.0405405405405475,6.081081081081088,1.0135135135135087,1.3513513513513615,1.3513513513513544,1.0135135135135158
2823,bunt.saar,2250,19,1.0,0.0,4.857159791370318,1.0,1.0,0.9572072072072094,1.1735419630156443,3.7162162162162105,8.748221906116655,2.3115220483641536,8.641536273115221,4.551920341394023,0.6756756756756772,0.3378378378378386,1.3513513513513544,0.6756756756756772,1.3513513513513544,1.3513513513513544
143,FDP,2250,19,0.0,0.0,5.571360834518731,1.0,1.0,4.391891891891895,3.840682788051211,3.769559032716927,10.206258890469414,8.179231863442396,0.4267425320056901,7.005689900426745,5.743243243243249,3.378378378378379,5.743243243243242,0.6756756756756843,4.054054054054056,6.756756756756758
272,FDP,2250,19,1.0,1.0,4.468942626837365,1.0,1.0,1.013513513513513,5.938833570412527,8.997155049786628,2.4182076813655797,1.0668563300142182,1.6002844950213415,6.792318634423896,0.3378378378378315,2.0270270270270316,0.3378378378378457,2.7027027027026946,0.0,0.6756756756756737
2473,CDU,2250,19,0.0,1.0,5.97735893788525,0.0,1.0,2.308558558558557,8.588193456614498,0.16002844950213557,4.623044096728307,7.876955903271693,13.175675675675677,1.4402560455191917,0.3378378378378386,1.0135135135135087,1.689189189189193,2.0270270270270245,4.729729729729726,4.054054054054049
340,SPD,2250,19,0.0,0.0,5.242413466097678,0.0,0.0,3.2094594594594645,0.35561877667140607,8.410384068278809,6.507823613086771,0.5512091038406766,10.91749644381224,4.711948790896166,1.3513513513513615,3.0405405405405403,3.0405405405405475,3.7162162162162176,4.391891891891902,3.7162162162162176
3622,DIE LINKE,2250,19,0.0,1.0,4.15777619724988,1.0,0.0,4.11036036036036,7.325746799431009,4.338549075391185,7.69914651493599,0.8890469416785152,3.805120910384062,0.8890469416785152,6.418918918918912,5.743243243243242,2.702702702702709,0.6756756756756772,2.702702702702709,6.418918918918912
2980,bunt.saar,2250,19,0.0,0.0,10.324798482693216,1.0,0.0,4.335585585585584,0.7645803698435216,11.415362731152207,14.935988620199147,9.512802275960176,14.242532005689895,11.077524893314354,3.378378378378379,2.0270270270270245,6.081081081081074,5.743243243243249,3.7162162162162105,5.067567567567565
1623,CDU,2250,19,0.0,0.0,6.555239449976295,0.0,0.0,3.0405405405405403,11.753200568990046,2.151493598862025,4.445234708392597,6.401137980085352,11.415362731152207,3.165007112375541,3.378378378378379,0.0,3.0405405405405332,1.0135135135135158,7.0945945945945965,3.7162162162162176
3792,CDU,2250,19,1.0,1.0,2.415244191559978,0.0,0.0,3.096846846846848,1.4224751066856385,4.17852062588905,2.86273115220483,2.2403982930298625,2.3470839260312957,1.4402560455191917,3.378378378378386,0.3378378378378386,4.729729729729726,1.689189189189186,2.702702702702709,5.743243243243242
4969,Die Grünen,2250,19,1.0,1.0,4.960881934566147,1.0,1.0,1.4639639639639626,2.5960170697012828,7.62802275960172,2.418207681365587,4.214082503556185,9.192745376955898,3.7162162162162105,1.013513513513523,1.0135135135135016,2.0270270270270174,3.0405405405405403,0.6756756756756772,1.0135135135135158
4039,FDP,2250,19,1.0,1.0,6.839734471313418,1.0,1.0,1.9144144144144128,6.507823613086771,5.423186344238985,8.036984352773828,2.720483641536269,12.446657183499283,5.903271692745371,0.0,0.3378378378378244,1.0135135135135087,0.6756756756756914,4.729729729729726,4.729729729729726
811,CDU,2250,19,1.0,1.0,4.06294452347084,0.0,1.0,1.238738738738738,0.6401137980085352,2.7382645803698438,5.4765291607396875,3.342816500711244,11.575391180654343,0.604551920341386,0.3378378378378315,2.7027027027027017,0.6756756756756772,1.689189189189186,0.3378378378378386,1.689189189189193
2494,Die Grünen,2250,19,0.0,0.0,5.162399241346606,0.0,1.0,1.520270270270269,2.951635846372689,5.387624466571829,7.450213371266003,1.2268847795163538,10.793029871977232,3.165007112375534,0.3378378378378386,0.0,4.391891891891888,2.0270270270270316,1.3513513513513402,1.0135135135135158
176,SPD,2250,19,1.0,1.0,5.968468468468469,1.0,0.0,2.2522522522522515,9.352773826458034,3.805120910384069,10.206258890469421,4.12517780938834,3.022759601706973,5.298719772403977,1.0135135135135087,4.391891891891888,4.054054054054056,0.3378378378378457,1.3513513513513402,2.3648648648648702
3269,Die Grünen,2250,19,0.0,1.0,5.651375059269797,0.0,1.0,1.6891891891891895,3.8940256045519206,2.151493598862025,5.583214793741114,12.855618776671399,2.5960170697012828,6.827880512091042,0.3378378378378457,4.054054054054056,1.0135135135135158,1.3513513513513473,2.7027027027026946,0.6756756756756772
795,bunt.saar,2250,19,1.0,1.0,7.4857752489331455,1.0,1.0,8.614864864864865,4.658605974395456,6.365576102418217,11.006401137980092,2.0981507823613086,13.264580369843529,7.521337126600272,3.378378378378372,7.0945945945945965,10.472972972972968,7.770270270270274,12.500000000000007,10.472972972972968
984,bunt.saar,2250,19,0.0,0.0,6.0158843053579885,0.0,0.0,1.8018018018018,2.4537695590327075,6.792318634423893,8.801564722617357,7.46799431009957,2.9694167852062563,7.610241820768145,3.378378378378372,1.0135135135135087,0.6756756756756701,3.7162162162162176,2.0270270270270316,0.0
4195,bunt.saar,2250,19,0.0,1.0,5.289829302987194,0.0,1.0,2.027027027027026,1.2268847795163538,5.334281650071112,4.285206258890469,5.3698435277382615,7.23684210526315,8.285917496443815,1.3513513513513473,0.675675675675663,1.3513513513513544,3.7162162162162105,1.3513513513513544,3.7162162162162247
461,FDP,2250,19,0.0,1.0,5.194997629208152,1.0,1.0,1.7454954954954982,6.027738264580371,6.845661450924595,0.5156472261735452,6.578947368421048,2.6137980085348502,8.588193456614505,1.3513513513513615,0.0,3.378378378378379,0.3378378378378386,4.054054054054056,1.3513513513513544
2878,CDU,2250,19,1.0,1.0,4.080725462304412,1.0,0.0,1.970720720720723,0.6578947368421026,7.69914651493599,3.9118065433855023,0.7112375533428192,7.130156472261731,4.374110953058327,3.7162162162162105,0.6756756756756772,2.702702702702709,3.7162162162162247,0.6756756756756772,0.3378378378378386
4998,FDP,2250,19,1.0,1.0,4.661569464201043,1.0,1.0,1.8581081081081077,5.7610241820768096,1.8136557610241866,6.045519203413946,6.810099573257467,1.3869132290184893,6.152204836415358,1.0135135135135087,2.3648648648648702,1.0135135135135123,3.378378378378379,2.7027027027027017,0.6756756756756737
3765,bunt.saar,2250,19,1.0,1.0,9.249051683262207,1.0,1.0,2.139639639639636,3.271692745376953,7.539118065433861,15.024893314366984,2.6671408250355597,16.696301564722617,10.295163584637265,0.0,1.0135135135135087,3.378378378378372,0.0,5.4054054054054035,3.0405405405405332
4306,bunt.saar,2250,19,1.0,1.0,3.1146277856804154,1.0,1.0,4.335585585585587,0.37339971550497353,5.778805120910384,2.293741109530586,4.818634423897578,3.6095305832147915,1.8136557610241795,4.391891891891888,2.3648648648648702,6.418918918918919,3.7162162162162176,1.689189189189193,7.432432432432435
299,SPD,2250,19,0.0,0.0,8.534850640113804,0.0,0.0,6.92567567567568,1.0846372688477999,7.948079658605984,14.455903271692748,8.179231863442396,9.975106685633016,9.566145092460879,6.081081081081088,4.391891891891902,8.445945945945944,10.135135135135137,7.770270270270281,4.729729729729726
4169,CDU,2250,19,0.0,0.0,3.111664295874822,0.0,1.0,5.968468468468466,2.6671408250355597,6.401137980085352,0.9246088193456643,6.685633001422467,0.3911806543385481,1.6002844950213415,9.459459459459453,2.0270270270270245,1.0135135135135158,16.21621621621621,5.067567567567565,2.0270270270270316
1565,FDP,2250,19,1.0,1.0,3.2894736842105226,1.0,1.0,2.871621621621621,5.1031294452347,0.7290184921763867,1.2268847795163538,3.3605974395447973,4.445234708392604,4.871977240398294,4.7297297297297405,0.3378378378378386,2.0270270270270245,7.7702702702702595,1.3513513513513473,1.0135135135135158
3002,Die Grünen,2250,19,0.0,0.0,2.598980559506875,0.0,0.0,4.448198198198196,2.773826458036986,1.0490753911806507,2.275960170697026,4.587482219061165,0.35561877667140607,4.551920341394016,2.3648648648648702,6.756756756756758,3.378378378378379,1.3513513513513544,4.729729729729719,8.108108108108098
964,FDP,2250,19,1.0,1.0,5.909198672356566,1.0,1.0,6.700450450450448,5.95661450924608,2.5960170697012828,8.837126600284499,0.3911806543385552,9.70839260312944,7.965860597439537,3.378378378378379,3.7162162162162176,8.445945945945951,2.7027027027026946,12.162162162162154,9.797297297297291
4724,bunt.saar,2250,19,0.0,1.0,6.3537221431958315,0.0,0.0,1.745495495495496,0.46230440967283215,4.391891891891902,8.001422475106693,3.982930298719772,11.575391180654336,9.708392603129454,1.0135135135135087,3.378378378378393,1.3513513513513402,1.3513513513513473,0.6756756756756772,2.702702702702709
1721,bunt.saar,2250,19,1.0,1.0,6.128496917970598,1.0,1.0,4.054054054054053,6.881223328591759,3.6450924608819264,12.108819345661445,6.436699857752487,1.4758179231863409,6.223328591749635,6.756756756756765,1.689189189189186,4.391891891891888,8.445945945945944,1.0135135135135158,2.0270270270270174
407,FDP,2250,19,1.0,0.0,7.1123755334281675,1.0,0.0,4.786036036036038,7.414651493598868,5.583214793741114,9.850640113798008,3.058321479374108,9.921763869132299,6.845661450924609,1.3513513513513473,9.797297297297298,4.054054054054056,0.6756756756756772,10.472972972972983,2.3648648648648702
83,FDP,2250,19,1.0,0.0,2.1603840682788067,0.0,0.0,4.448198198198199,0.2844950213371291,1.5647226173541924,0.5334281650071233,0.7467994310099471,5.725462304409675,4.107396870554773,0.3378378378378386,2.364864864864863,7.432432432432435,5.4054054054054035,3.7162162162162176,7.432432432432435
2212,bunt.saar,2250,19,1.0,1.0,7.198316737790422,1.0,1.0,1.0135135135135183,6.13442389758179,4.391891891891902,11.557610241820768,4.80085348506401,7.912517780938828,8.392603129445234,0.6756756756756772,0.6756756756756914,0.6756756756756772,1.3513513513513544,1.3513513513513544,1.3513513513513544
3686,FDP,2250,19,1.0,0.0,3.2094594594594597,1.0,1.0,1.126126126126124,4.000711237553347,1.8669985775249032,3.8229018492176365,5.814366998577512,1.7425320056899025,2.009246088193457,1.3513513513513544,0.6756756756756701,1.689189189189193,1.0135135135135016,0.0,2.0270270270270245
3510,Die Grünen,2250,19,1.0,0.0,3.514698909435751,1.0,1.0,1.2950450450450433,1.0312944523470833,3.342816500711244,3.7873399715504945,0.23115220483641252,8.623755334281647,4.071834992887624,0.3378378378378457,0.675675675675663,2.0270270270270174,1.689189189189186,2.0270270270270316,1.0135135135135158
1883,Die Grünen,2250,19,1.0,1.0,3.677690848743474,1.0,0.0,2.083333333333337,2.9694167852062563,1.4402560455191917,4.0362731152204745,2.400426742532005,7.859174964438118,3.3605974395447973,2.702702702702709,5.067567567567565,1.01351351351353,2.0270270270270316,1.0135135135135087,0.6756756756756772
4290,FDP,2250,19,1.0,1.0,5.965504978662872,1.0,1.0,1.5202702702702702,6.54338549075392,3.9295874822190555,3.3250355618776624,10.064011379800853,3.129445234708392,8.80156472261735,0.3378378378378386,2.7027027027027017,1.0135135135135087,2.0270270270270316,1.689189189189186,1.3513513513513544
429,FDP,2250,19,0.0,1.0,3.2390943575154103,0.0,1.0,1.8581081081081088,3.485064011379805,2.187055476529153,1.4935988620199154,4.17852062588905,3.5028449502133725,4.587482219061165,4.054054054054063,1.0135135135135087,1.3513513513513473,1.0135135135135158,2.364864864864863,1.3513513513513544
668,bunt.saar,2250,19,1.0,1.0,4.58748221906117,1.0,1.0,3.040540540540538,5.067567567567565,3.485064011379805,5.28093883357041,2.951635846372696,6.863442389758184,3.8762446657183602,1.689189189189186,1.0135135135135158,4.391891891891888,1.3513513513513544,5.067567567567558,4.729729729729726
921,CDU,2250,19,1.0,1.0,2.409317211948791,1.0,1.0,7.826576576576575,1.3157894736842124,0.6934566145092376,5.743243243243242,2.489331436699864,1.8136557610241866,2.400426742532005,0.6756756756756772,10.472972972972968,11.148648648648653,1.3513513513513544,11.824324324324323,11.486486486486477
2259,DIE LINKE,2250,19,0.0,0.0,2.275960170697015,0.0,0.0,5.4054054054054035,1.866998577524896,4.800853485064017,0.07112375533427695,2.489331436699864,0.9957325746799484,3.4317211948790884,8.445945945945944,2.7027027027026946,7.0945945945945965,3.7162162162162176,5.4054054054054035,5.067567567567565
1077,FDP,2250,19,1.0,0.0,2.201872925557138,1.0,0.0,3.3783783783783767,0.17780938833571014,4.463015647226179,2.5248933143669916,0.6578947368421026,3.3961593172119535,1.9914651493598896,6.081081081081081,1.3513513513513544,4.054054054054049,3.0405405405405332,3.378378378378379,2.364864864864863
358,Die Grünen,2250,19,0.0,0.0,5.852892366050266,0.0,1.0,1.4076576576576538,7.343527738264584,0.1955903271692847,8.232574679943106,1.7425320056899025,12.802275960170704,4.800853485064017,1.689189189189186,3.0405405405405332,2.0270270270270245,1.3513513513513473,0.3378378378378315,0.0
3811,bunt.saar,2250,19,1.0,1.0,4.261498340445708,1.0,0.0,3.1531531531531543,1.902560455192038,2.5248933143669916,5.45874822190612,4.80085348506401,8.623755334281647,2.258179231863437,1.6891891891892001,3.0405405405405332,4.054054054054049,0.6756756756756772,5.4054054054054035,4.054054054054063
3361,CDU,2250,19,1.0,1.0,4.747510668563302,1.0,1.0,11.204954954954957,2.151493598862025,6.756756756756758,0.7823613086771033,2.9694167852062563,9.28165007112375,6.54338549075392,8.78378378378379,11.148648648648653,11.148648648648653,11.82432432432433,15.202702702702702,9.121621621621621
2095,bunt.saar,2250,19,1.0,0.0,2.88940256045519,1.0,1.0,2.871621621621621,5.28093883357041,2.7560455192034112,3.36059743954479,1.440256045519206,3.9295874822190626,0.5689900426742582,2.364864864864863,1.3513513513513544,2.702702702702709,2.364864864864863,3.378378378378372,5.067567567567565
1990,CDU,2250,19,1.0,0.0,5.112019914651493,1.0,0.0,2.7590090090090094,4.338549075391185,2.4537695590327075,4.747510668563301,4.605263157894733,11.148648648648653,3.378378378378379,0.675675675675663,3.0405405405405403,2.364864864864863,2.3648648648648702,6.081081081081088,2.0270270270270316
3468,Die Grünen,2250,19,1.0,0.0,6.324087245139879,1.0,1.0,1.2387387387387356,3.5028449502133725,3.271692745376953,8.481507823613093,4.231863442389766,11.379800853485065,7.076813655761022,3.0405405405405403,0.6756756756756772,0.675675675675663,1.689189189189193,0.675675675675663,0.6756756756756772
2767,SPD,2250,19,1.0,0.0,6.00106685633001,1.0,0.0,4.2792792792792795,1.1557610241820626,5.334281650071112,14.22475106685632,2.044807965860592,2.8627311522048444,10.384068278805131,2.702702702702709,1.689189189189186,6.081081081081074,2.0270270270270316,8.108108108108112,5.067567567567565
5095,FDP,2250,19,1.0,1.0,3.437648174490281,1.0,1.0,2.1959459459459425,1.9559032716927476,1.6714082503556185,5.778805120910384,0.10668563300143319,8.339260312944525,2.7738264580369787,2.0270270270270174,0.6756756756756701,3.378378378378379,2.7027027027026946,2.0270270270270316,2.364864864864863
4686,CDU,2250,19,1.0,0.0,6.558202939781888,1.0,0.0,3.885135135135138,0.07112375533427695,2.7204836415362763,10.419630156472259,9.423897581792318,7.752489331436706,8.961593172119493,5.067567567567565,4.054054054054056,6.756756756756758,2.702702702702709,0.6756756756756843,4.054054054054056
3545,CDU,2250,19,1.0,1.0,2.7056661925082963,1.0,1.0,1.126126126126125,0.7290184921763796,3.1116642958748244,1.8847795163584706,0.03556187766713492,5.156472261735409,5.316500711237559,0.6756756756756772,2.364864864864863,0.0,2.7027027027026946,0.6756756756756772,0.3378378378378386
712,Die Grünen,2250,19,1.0,1.0,6.801209103840681,1.0,1.0,1.8581081081081052,2.222617354196302,4.711948790896166,5.743243243243242,5.654338549075391,10.277382645803684,12.197724039829303,2.7027027027027017,0.0,1.3513513513513402,3.0405405405405403,4.054054054054049,0.0
1763,bunt.saar,2250,19,1.0,1.0,7.429468942626838,1.0,1.0,0.6756756756756772,4.818634423897578,4.747510668563301,9.370554765291615,3.0049786628733983,13.886913229018482,8.748221906116655,0.3378378378378457,0.3378378378378386,0.6756756756756772,0.3378378378378457,1.6891891891891788,0.6756756756756772
2651,bunt.saar,2250,19,1.0,1.0,3.653982930298716,1.0,1.0,2.1396396396396398,5.369843527738269,3.556187766714082,2.00924608819345,1.0668563300142253,6.169985775248925,3.7517780938833454,3.0405405405405403,0.3378378378378386,1.689189189189186,3.7162162162162176,2.0270270270270245,2.0270270270270316
586,FDP,2250,19,1.0,0.0,3.7991939307728813,0.0,1.0,0.8445945945945988,4.551920341394016,7.343527738264584,3.342816500711244,1.9381223328591872,4.285206258890469,1.333570412517787,0.3378378378378457,0.6756756756756772,1.689189189189193,0.6756756756756843,0.6756756756756772,1.0135135135135158
970,CDU,2250,19,1.0,0.0,2.9042200094831685,1.0,1.0,3.5472972972972947,0.46230440967283215,0.6578947368421026,2.293741109530586,6.081081081081088,6.027738264580371,1.902560455192031,6.756756756756758,2.0270270270270316,3.0405405405405332,4.391891891891881,1.689189189189186,3.378378378378379
4544,CDU,2250,19,1.0,1.0,3.4435751541014703,1.0,1.0,1.8018018018018047,2.0270270270270316,4.587482219061172,5.618776671408241,2.560455192034155,2.115931721194869,3.7517780938833525,2.0270270270270316,1.689189189189193,1.0135135135135087,1.3513513513513615,2.364864864864863,2.3648648648648702
4158,DIE LINKE,2250,19,1.0,0.0,3.944404931247037,1.0,0.0,3.0968468468468457,7.0590327169274545,1.724751066856328,5.28093883357041,4.765291607396875,2.435988620199147,2.400426742532005,1.689189189189193,4.054054054054049,4.054054054054049,2.3648648648648702,3.7162162162162176,2.7027027027026946
1934,FDP,2250,19,1.0,1.0,1.9499762920815573,1.0,1.0,2.4211711711711694,0.2489331436700013,2.7382645803698367,0.9779516358463738,0.23115220483641963,7.04125177809388,0.46230440967283215,2.702702702702709,2.0270270270270174,2.0270270270270245,4.054054054054049,3.7162162162162176,0.0
1331,SPD,2250,19,0.0,0.0,8.031057373162637,1.0,1.0,4.504504504504504,0.12446657183499354,4.783072546230443,15.558321479374108,6.810099573257467,11.16642958748222,9.743954480796589,4.729729729729733,2.364864864864856,4.054054054054049,4.729729729729726,6.081081081081081,5.067567567567579
3492,SPD,2250,19,0.0,0.0,5.393551446183026,0.0,1.0,1.8581081081081041,0.40896159317212266,0.8890469416785294,11.113086770981518,1.2980085348506378,10.810810810810807,7.841394025604544,2.364864864864863,0.6756756756756772,2.0270270270270316,2.0270270270270174,3.0405405405405332,1.0135135135135016
4393,CDU,2250,19,1.0,0.0,3.9384779516358486,1.0,0.0,1.7454954954954982,5.0497866287340045,1.6002844950213486,1.1024182076813673,7.183499288762434,4.000711237553347,4.694167852062591,1.6891891891892072,3.0405405405405403,2.364864864864863,1.0135135135135087,1.689189189189193,0.6756756756756772
2247,CDU,2250,19,0.0,1.0,1.745495495495497,1.0,1.0,3.2657657657657637,1.653627311522051,0.10668563300142608,1.1379800853485094,3.3250355618776624,3.307254623044102,0.9423897581792318,1.0135135135135087,3.7162162162162176,4.391891891891888,1.689189189189186,6.418918918918919,2.364864864864863
550,Die Grünen,2250,19,1.0,0.0,5.091275486012328,1.0,1.0,0.5630630630630608,3.876244665718346,0.8001422475106637,2.2226173541963163,5.93883357041252,11.895448079658607,5.814366998577512,1.3513513513513473,0.0,1.0135135135135016,1.0135135135135158,0.0,0.0
4964,FDP,2250,19,1.0,1.0,3.701398767188239,1.0,0.0,3.153153153153152,3.1294452347083777,8.588193456614505,4.285206258890469,1.2091038406827863,2.3648648648648702,2.631578947368425,4.7297297297297405,0.3378378378378386,3.7162162162162176,4.054054054054035,2.0270270270270316,4.054054054054049
598,CDU,2250,19,1.0,0.0,4.07776197249882,1.0,1.0,3.3783783783783803,1.2446657183499354,1.4224751066856385,5.618776671408256,7.04125177809388,4.569701280227605,4.569701280227605,1.689189189189186,4.729729729729726,4.391891891891902,1.689189189189193,4.391891891891895,3.378378378378379
4688,bunt.saar,2250,19,1.0,1.0,6.87233285917497,1.0,1.0,0.33783783783783505,1.8492176386913215,10.54409672830726,5.992176386913229,4.107396870554766,13.033428165007123,5.707681365576121,0.6756756756756701,0.0,0.0,0.3378378378378386,0.0,1.0135135135135016
1505,CDU,2250,19,0.0,0.0,4.471906116642958,1.0,1.0,2.2522522522522515,3.9651493598862118,4.943100995732571,0.08890469416784441,10.50853485064011,3.0405405405405403,4.285206258890469,2.364864864864856,4.054054054054056,1.0135135135135158,2.7027027027027017,1.689189189189193,1.689189189189186
4455,Die Grünen,2250,19,1.0,0.0,5.242413466097684,0.0,0.0,3.6036036036036045,3.2183499288762576,9.815078236130866,2.275960170697026,1.475817923186355,8.179231863442396,6.490042674253203,1.689189189189186,4.054054054054056,2.0270270270270316,3.7162162162162176,5.067567567567572,5.067567567567565
3714,bunt.saar,2250,19,1.0,1.0,4.341512565196773,1.0,1.0,2.759009009009006,4.2496443812233196,2.720483641536269,8.677098150782356,2.720483641536269,3.8762446657183602,3.805120910384062,3.040540540540526,2.3648648648648702,1.3513513513513544,3.0405405405405403,3.378378378378372,3.378378378378372
1502,FDP,2250,19,1.0,1.0,4.030346135609293,1.0,1.0,3.3783783783783803,3.556187766714082,3.733997155049785,7.290184921763881,3.3250355618776624,1.866998577524896,4.409672830725455,5.067567567567565,3.378378378378372,4.054054054054063,2.702702702702716,2.0270270270270316,3.0405405405405332
1236,DIE LINKE,2250,19,1.0,0.0,2.9664532954006653,0.0,1.0,1.8581081081081041,5.636557610241816,0.23115220483641963,5.138691322901849,5.316500711237566,0.17780938833570303,1.2980085348506378,1.689189189189186,3.0405405405405332,2.364864864864856,0.0,0.6756756756756772,3.378378378378372
3921,FDP,2250,19,1.0,0.0,4.6467520151730675,1.0,1.0,3.096846846846846,2.5248933143669916,5.4409672830725455,7.005689900426745,8.659317211948796,0.7290184921763867,3.52062588904694,2.3648648648648702,4.054054054054056,3.040540540540537,2.7027027027026946,5.067567567567565,1.3513513513513544
2031,FDP,2250,19,1.0,1.0,3.45542911332385,1.0,1.0,2.5900900900900914,3.2183499288762576,0.8712660028449477,5.2275960170697005,2.0981507823613015,4.37411095305832,4.943100995732571,3.0405405405405332,2.7027027027027017,3.378378378378386,2.0270270270270316,1.0135135135135158,3.378378378378379
3889,bunt.saar,2250,19,0.0,1.0,3.3961593172119486,1.0,0.0,3.8851351351351333,0.426742532005683,0.5512091038406766,6.098862019914655,1.653627311522051,8.054765291607403,3.591749644381224,1.3513513513513473,4.391891891891895,4.391891891891895,2.0270270270270245,5.4054054054054035,5.743243243243235
1921,FDP,2250,19,1.0,1.0,2.492294926505457,1.0,1.0,2.8716216216216197,2.275960170697026,0.9601706970128063,0.5156472261735487,3.94736842105263,5.03200568990043,2.222617354196302,2.0270270270270174,2.0270270270270245,4.729729729729726,2.0270270270270316,2.0270270270270316,4.391891891891888
196,Die Grünen,2250,19,1.0,0.0,5.476529160739691,1.0,0.0,8.727477477477478,3.09388335704125,7.21906116642959,0.2489331436700013,2.2048364153627347,13.264580369843529,6.827880512091042,5.4054054054054035,5.743243243243235,9.459459459459453,7.770270270270274,12.500000000000007,11.486486486486498
2710,FDP,2250,19,1.0,1.0,5.5980322427690865,1.0,1.0,2.984234234234235,1.902560455192038,7.770270270270274,4.640825035561875,3.94736842105263,9.512802275960176,5.814366998577526,4.391891891891888,2.702702702702709,0.0,3.378378378378372,6.081081081081088,1.3513513513513544
2990,FDP,2250,19,0.0,0.0,3.4702465623518273,0.0,0.0,3.2657657657657624,1.7069701280227676,0.8534850640113874,2.1692745376955855,7.841394025604551,3.840682788051211,4.409672830725462,4.054054054054042,2.7027027027026946,3.378378378378379,3.7162162162162105,3.7162162162162176,2.0270270270270316
1489,CDU,2250,19,1.0,0.0,6.581910858226643,1.0,0.0,5.799549549549546,9.157183499288749,4.729729729729726,6.845661450924595,5.0853485064011394,3.271692745376953,10.401849217638699,6.418918918918905,2.0270270270270316,6.418918918918912,9.459459459459453,4.054054054054049,6.418918918918926
2236,FDP,2250,19,1.0,1.0,5.906235182550972,0.0,1.0,4.842342342342342,7.503556187766712,3.485064011379805,7.503556187766712,7.02347083926032,7.485775248933145,2.43598862019914,1.689189189189186,6.756756756756758,2.7027027027027017,5.067567567567579,4.054054054054049,8.783783783783782
2149,bunt.saar,2250,19,0.0,0.0,1.6180654338549043,0.0,0.0,2.5337837837837838,0.07112375533427695,0.1422475106685539,4.498577524893314,0.21337126600283796,2.8449502133712556,1.9381223328591872,4.054054054054042,3.0405405405405332,1.3513513513513615,5.405405405405411,1.0135135135135158,0.3378378378378386
726,Die Grünen,2250,19,1.0,0.0,9.468349928876249,1.0,1.0,1.126126126126125,2.6137980085348573,5.583214793741114,10.68634423897582,8.694879089615938,16.39402560455192,12.837837837837839,1.3513513513513544,0.3378378378378386,0.6756756756756772,2.0270270270270245,0.675675675675663,1.689189189189193
1202,bunt.saar,2250,19,1.0,0.0,7.349454717875772,1.0,0.0,2.9842342342342376,7.46799431009957,0.5689900426742582,10.633001422475118,0.6045519203413932,15.41607396870554,9.40611664295875,2.0270270270270316,0.0,4.391891891891902,2.7027027027027017,4.391891891891888,4.391891891891902
1788,SPD,2250,19,0.0,0.0,8.72155049786629,1.0,1.0,3.3220720720720727,3.69843527738265,9.477240398293027,11.69985775248933,1.866998577524896,14.704836415362742,10.881934566145091,2.0270270270270245,1.3513513513513473,4.391891891891902,4.729729729729726,5.067567567567579,2.364864864864856
798,CDU,2250,19,0.0,0.0,2.267069701280229,1.0,1.0,1.4076576576576596,2.5960170697012828,1.9381223328591872,0.40896159317212266,3.200568990042669,4.694167852062591,0.7645803698435216,2.0270270270270245,0.3378378378378386,1.0135135135135158,2.0270270270270316,2.3648648648648702,0.6756756756756772
2477,FDP,2250,19,1.0,1.0,4.119250829777148,1.0,1.0,4.954954954954956,7.005689900426752,6.045519203413946,0.9601706970127992,0.8357041251778128,4.018492176386914,5.849928876244668,5.743243243243249,5.405405405405411,6.418918918918919,1.3513513513513402,3.7162162162162176,7.0945945945945965
1286,DIE LINKE,2250,19,1.0,0.0,6.004030346135608,0.0,0.0,0.9009009009009029,5.725462304409675,2.6315789473684177,4.267425320056894,2.2048364153627347,14.08250355618776,7.112375533428171,1.013513513513523,0.6756756756756772,0.3378378378378386,1.013513513513523,1.0135135135135087,1.3513513513513473
5097,Die Grünen,2250,19,1.0,0.0,4.465979137031771,1.0,0.0,1.8581081081081088,4.996443812233295,0.1955903271692847,0.23115220483641963,6.525604551920338,12.837837837837839,2.00924608819345,3.0405405405405332,2.3648648648648702,0.6756756756756772,1.3513513513513544,3.0405405405405332,0.6756756756756843
4659,FDP,2250,19,1.0,1.0,4.655642484589857,1.0,1.0,0.45045045045045323,6.952347083926043,7.752489331436699,1.9203413940256056,2.3293029871977353,0.46230440967283215,8.517069701280228,0.0,0.3378378378378386,0.6756756756756808,0.3378378378378386,0.6756756756756808,0.6756756756756808
4919,CDU,2250,19,1.0,0.0,5.203888098624941,1.0,1.0,2.984234234234235,3.1294452347083848,6.490042674253203,4.800853485064017,2.951635846372696,11.984352773826451,1.866998577524896,0.0,3.378378378378379,3.378378378378379,2.3648648648648702,5.4054054054054035,3.378378378378379
3368,bunt.saar,2250,19,1.0,1.0,1.3602418207681382,1.0,1.0,1.5765765765765742,2.880512091038412,0.9957325746799413,0.284495021337122,1.831436699857747,1.9381223328591872,0.23115220483641963,2.7027027027027017,0.0,0.3378378378378457,3.0405405405405332,1.3513513513513473,2.0270270270270174
2840,Die Grünen,2250,19,1.0,0.0,5.269084874348031,1.0,1.0,1.8581081081081088,2.2048364153627347,4.445234708392597,3.6806543385490826,4.534139402560456,7.183499288762434,9.566145092460879,0.0,1.3513513513513615,2.364864864864856,3.0405405405405475,2.3648648648648702,2.0270270270270174
2978,bunt.saar,2250,19,1.0,1.0,4.142958748221909,1.0,1.0,2.4211711711711743,2.6671408250355597,2.6315789473684177,4.587482219061172,3.556187766714089,7.290184921763881,4.125177809388333,3.7162162162162176,1.689189189189193,0.0,5.067567567567572,0.6756756756756772,3.378378378378386
2789,bunt.saar,2250,19,1.0,0.0,3.0168326220957753,1.0,1.0,6.362612612612609,2.7560455192034112,0.0,2.187055476529153,4.80085348506401,4.996443812233288,3.36059743954479,4.054054054054049,3.378378378378372,7.432432432432435,5.743243243243249,8.108108108108098,9.459459459459453
329,Die Grünen,2250,19,0.0,0.0,7.965860597439542,0.0,0.0,2.8153153153153134,0.8357041251778057,8.659317211948789,7.841394025604551,3.413940256045514,13.282361308677096,13.762446657183496,6.418918918918919,2.0270270270270245,2.7027027027026946,0.6756756756756772,0.0,5.067567567567565
2217,FDP,2250,19,0.0,0.0,4.513394973921291,1.0,0.0,3.0968468468468493,3.09388335704125,10.028449502133718,2.044807965860592,4.587482219061172,1.1201991465149348,6.205547652916081,5.4054054054054035,5.067567567567579,1.689189189189186,1.3513513513513544,2.0270270270270245,3.0405405405405475
1953,FDP,2250,19,1.0,1.0,2.6760312944523483,1.0,1.0,1.745495495495491,1.2446657183499354,4.409672830725455,0.9957325746799484,3.591749644381224,2.0270270270270316,3.7873399715504945,3.0405405405405332,3.0405405405405332,0.6756756756756772,2.0270270270270174,0.3378378378378315,1.3513513513513544
4247,FDP,2250,19,1.0,1.0,2.5456377430061643,1.0,1.0,2.702702702702704,2.5960170697012828,1.9203413940255984,0.4445234708392647,0.6756756756756772,6.13442389758179,3.5028449502133725,2.7027027027026946,4.054054054054056,1.3513513513513544,3.7162162162162247,1.3513513513513544,3.0405405405405403
3772,CDU,2250,19,0.0,0.0,3.834755808440017,0.0,0.0,1.463963963963965,3.0049786628734054,4.943100995732571,2.293741109530579,5.174253200568991,7.23684210526315,0.35561877667140607,2.3648648648648702,1.0135135135135158,0.3378378378378386,1.689189189189186,3.0405405405405403,0.3378378378378386
3752,bunt.saar,2250,19,0.0,1.0,2.0211000474158376,0.0,1.0,1.7454954954954995,0.9246088193456643,1.3513513513513473,4.445234708392604,0.4445234708392647,0.7112375533428121,4.249644381223334,1.689189189189186,0.3378378378378457,3.0405405405405475,0.6756756756756772,3.0405405405405475,1.689189189189193
3557,Die Grünen,2250,19,0.0,0.0,5.69879089615932,0.0,0.0,4.0540540540540535,3.236130867709818,6.827880512091042,4.996443812233288,3.1116642958748244,9.192745376955905,6.827880512091042,5.067567567567565,1.0135135135135158,5.405405405405411,4.391891891891888,3.378378378378379,5.067567567567565
4640,Die Grünen,2250,19,1.0,0.0,3.8792081555239406,1.0,1.0,0.9572072072072034,0.2844950213371291,4.267425320056894,5.814366998577512,1.511379800853483,6.383357041251777,5.014224751066848,1.0135135135135087,0.6756756756756772,2.7027027027026946,0.6756756756756772,0.0,0.675675675675663
1458,FDP,2250,19,0.0,1.0,3.7725225225225203,1.0,1.0,2.4211711711711708,4.036273115220482,5.2275960170697005,2.187055476529153,2.6315789473684177,3.840682788051211,4.711948790896159,5.743243243243249,2.0270270270270245,1.0135135135135087,3.378378378378372,2.3648648648648702,0.0
127,FDP,2250,19,0.0,1.0,4.202228544333802,0.0,1.0,2.083333333333332,4.285206258890469,1.1557610241820626,4.302987197724036,2.9871977240398238,9.815078236130859,2.6671408250355597,3.7162162162162105,4.391891891891881,0.6756756756756772,1.689189189189186,1.0135135135135158,1.013513513513523
173,bunt.saar,2250,19,0.0,0.0,5.1742532005689945,1.0,1.0,2.477477477477477,2.987197724039838,2.3115220483641536,1.2802275960170704,4.80085348506401,14.580369843527748,5.0853485064011466,1.6891891891892001,2.7027027027026946,4.054054054054049,1.0135135135135158,3.378378378378372,2.0270270270270316
1667,FDP,2250,19,0.0,1.0,3.268729255571363,1.0,1.0,1.1824324324324351,0.3378378378378386,0.6401137980085352,4.409672830725462,7.948079658605984,4.534139402560456,1.7425320056899025,2.0270270270270316,2.364864864864863,0.3378378378378386,0.0,0.3378378378378457,2.0270270270270316
4725,bunt.saar,2250,19,0.0,0.0,2.99312470365102,1.0,1.0,1.8581081081081148,1.866998577524896,6.8100995732574745,6.152204836415365,0.03556187766713492,2.471550497866289,0.6223328591749606,2.0270270270270316,4.054054054054063,0.3378378378378528,0.3378378378378386,2.702702702702709,1.689189189189193
5196,SPD,2250,19,1.0,1.0,5.639521100047418,1.0,1.0,1.0135135135135134,1.8847795163584706,2.951635846372696,10.25960170697013,1.7069701280227534,8.072546230440977,8.961593172119478,1.689189189189193,2.0270270270270316,1.0135135135135016,1.0135135135135158,0.0,0.3378378378378386
3390,FDP,2250,19,1.0,0.0,3.0998103366524403,1.0,1.0,1.8581081081081052,7.130156472261731,2.1337126600284577,1.0135135135135087,3.5028449502133583,2.3826458036984377,2.435988620199147,1.689189189189186,1.0135135135135087,4.729729729729733,0.675675675675663,2.364864864864863,0.6756756756756772
1751,bunt.saar,2250,19,1.0,0.0,6.1314604077761965,1.0,0.0,2.4211711711711694,3.591749644381224,1.511379800853483,8.108108108108105,6.401137980085352,10.08179231863442,7.0945945945945965,1.013513513513523,4.391891891891888,1.0135135135135087,3.0405405405405475,2.0270270270270174,3.0405405405405332
3668,CDU,2250,19,1.0,0.0,3.7458511142721673,0.0,1.0,0.9572072072072041,4.9075391180654435,3.485064011379805,3.2894736842105274,9.45945945945946,0.4978662873399671,0.8357041251778021,0.3378378378378315,0.6756756756756701,0.3378378378378386,3.0405405405405403,0.3378378378378386,1.0135135135135052
3683,DIE LINKE,2250,19,1.0,0.0,2.477477477477476,0.0,1.0,3.2094594594594574,0.8357041251778057,0.03556187766713492,5.387624466571836,2.8449502133712556,3.876244665718353,1.8847795163584706,1.3513513513513473,1.689189189189186,5.4054054054054035,2.7027027027027017,4.729729729729726,3.378378378378379
3786,bunt.saar,2250,19,0.0,0.0,6.54634898055951,0.0,0.0,2.252252252252253,5.707681365576107,3.6806543385490826,4.160739687055475,11.059743954480801,12.07325746799431,2.5960170697012828,2.0270270270270174,4.054054054054063,0.3378378378378386,4.054054054054056,2.3648648648648702,0.6756756756756701
5079,bunt.saar,2250,19,1.0,0.0,5.651375059269796,1.0,0.0,8.164414414414413,1.7069701280227676,0.17780938833570303,8.926031294452343,3.6450924608819406,14.118065433854902,5.334281650071119,6.756756756756751,2.7027027027026946,10.472972972972983,6.081081081081088,12.499999999999993,10.472972972972968
519,CDU,2250,19,1.0,0.0,2.5782361308677104,1.0,0.0,2.139639639639642,0.0,1.2446657183499354,1.7780938833570303,2.2048364153627347,9.317211948790899,0.9246088193456643,2.0270270270270316,2.702702702702709,1.689189189189186,3.7162162162162176,2.702702702702709,0.0
40,bunt.saar,2250,19,0.0,0.0,2.9279279279279273,0.0,0.0,3.3783783783783803,7.02347083926032,0.3911806543385552,3.200568990042669,1.6358463726884764,0.6401137980085352,4.67638691322901,4.054054054054056,2.702702702702709,4.729729729729726,0.0,5.743243243243242,3.0405405405405475
3340,Die Grünen,2250,19,1.0,1.0,3.5028449502133747,1.0,0.0,2.590090090090085,3.733997155049792,3.7162162162162105,3.7339971550497992,0.5156472261735487,4.658605974395449,4.658605974395449,1.3513513513513473,4.054054054054049,3.0405405405405332,0.6756756756756772,2.7027027027026946,3.7162162162162105
2730,FDP,2250,19,0.0,1.0,3.1324087245139887,1.0,1.0,1.8581081081081052,3.4672830725462234,5.7254623044096675,1.013513513513523,3.2894736842105345,0.6578947368421098,4.640825035561875,6.418918918918919,2.364864864864863,0.3378378378378244,0.0,0.6756756756756772,1.3513513513513473
994,Die Grünen,2250,19,1.0,0.0,5.832147937411094,1.0,0.0,2.3085585585585577,4.67638691322901,3.662873399715508,4.249644381223334,2.2403982930298696,14.63371266002845,5.52987197724039,1.6891891891892001,0.0,2.0270270270270174,1.0135135135135158,6.081081081081081,3.0405405405405332
1729,Die Grünen,2250,19,0.0,1.0,1.7899478425794229,0.0,0.0,2.5337837837837847,1.831436699857747,0.9423897581792318,1.2802275960170704,1.866998577524896,4.765291607396875,0.053342816500716594,2.0270270270270245,0.0,3.7162162162162176,2.7027027027027017,3.378378378378393,3.378378378378372
4289,SPD,2250,19,0.0,0.0,4.584518729255572,0.0,0.0,1.8018018018018058,4.516358463726888,5.45874822190612,6.756756756756758,0.49786628733995997,8.481507823613093,1.795874822190612,1.3513513513513473,1.013513513513523,2.0270270270270316,2.3648648648648702,3.378378378378393,0.6756756756756701
2195,Die Grünen,2250,19,1.0,0.0,3.8614272166903767,1.0,1.0,3.547297297297296,5.014224751066855,1.4580369843527734,2.0803698435277482,0.49786628733995997,10.455192034139415,3.662873399715508,0.0,5.067567567567565,6.418918918918905,2.702702702702709,4.391891891891888,2.702702702702709
3087,CDU,2250,19,1.0,0.0,3.562114746325271,1.0,0.0,4.842342342342345,4.907539118065436,2.507112375533424,1.0846372688477999,7.556899004267429,5.1031294452347,0.21337126600283796,3.0405405405405546,8.445945945945951,5.743243243243242,3.7162162162162176,2.0270270270270316,6.081081081081074
781,Die Grünen,2250,19,1.0,1.0,4.655642484589855,1.0,0.0,4.39189189189189,0.8534850640113874,8.659317211948796,2.1337126600284506,2.080369843527734,8.801564722617357,5.4054054054054035,4.391891891891888,3.7162162162162247,5.067567567567565,2.7027027027027017,5.743243243243235,4.729729729729726
2637,CDU,2250,19,1.0,0.0,4.661569464201038,1.0,1.0,3.7162162162162127,3.6095305832147915,7.5924608819345565,1.2446657183499354,4.818634423897571,6.845661450924595,3.8584637268847786,4.054054054054049,2.364864864864856,2.7027027027026946,3.0405405405405475,6.081081081081074,4.054054054054056
1049,CDU,2250,19,1.0,0.0,5.8291844476055,1.0,0.0,2.3648648648648667,5.280938833570417,2.7382645803698438,7.681365576102422,6.1877667140825,8.250355618776666,4.836415362731152,5.067567567567579,2.702702702702709,1.0135135135135158,1.3513513513513473,0.3378378378378315,3.7162162162162176
4733,CDU,2250,19,0.0,0.0,6.552275960170699,0.0,0.0,3.2094594594594583,9.45945945945946,7.21906116642959,0.2489331436699942,9.70839260312944,8.97937411095306,3.69843527738265,1.689189189189186,3.0405405405405475,2.7027027027027017,4.729729729729726,4.391891891891888,2.7027027027027017
2778,bunt.saar,2250,19,0.0,0.0,7.8176861071597905,0.0,0.0,5.349099099099097,7.3790896159317185,8.036984352773828,14.740398293029862,4.338549075391178,6.810099573257467,5.600995732574688,8.445945945945937,0.6756756756756772,7.094594594594589,9.121621621621621,3.378378378378379,3.378378378378379
4570,Die Grünen,2250,19,1.0,0.0,4.5608108108108105,1.0,0.0,1.8581081081081077,3.5028449502133725,9.281650071123742,1.0312944523470904,0.21337126600283796,11.806543385490762,1.5291607396870575,0.0,3.0405405405405475,2.0270270270270174,0.0,1.0135135135135087,5.067567567567572
317,FDP,2250,19,1.0,1.0,4.735656709340922,1.0,1.0,2.477477477477475,1.9559032716927405,5.26315789473685,5.51209103840683,5.849928876244675,4.2496443812233196,5.583214793741114,4.054054054054049,1.689189189189186,3.378378378378379,0.3378378378378386,1.3513513513513402,4.054054054054056
834,FDP,2250,19,1.0,1.0,5.206851588430536,0.0,0.0,4.054054054054056,9.299431009957331,1.511379800853483,6.721194879089616,0.10668563300142608,10.277382645803698,3.3250355618776624,1.3513513513513473,5.4054054054054035,5.405405405405411,3.378378378378379,4.054054054054056,4.7297297297297405
1497,FDP,2250,19,1.0,0.0,7.287221431958276,1.0,1.0,2.0833333333333375,2.044807965860592,2.8982930298719793,12.268847795163587,6.490042674253203,8.25035561877668,11.770981507823613,2.364864864864856,2.0270270270270316,2.7027027027027017,1.01351351351353,1.6891891891892001,2.7027027027027053
4591,FDP,2250,19,0.0,1.0,3.316145092460882,0.0,1.0,3.1531531531531556,0.053342816500716594,4.2496443812233196,5.4409672830725455,4.356330014224746,2.8271692745377024,2.9694167852062634,4.054054054054049,1.013513513513523,6.418918918918919,2.702702702702709,2.0270270270270316,2.7027027027027017
315,Die Grünen,2250,19,0.0,0.0,4.866050260787102,1.0,1.0,1.2387387387387392,4.37411095305832,1.9381223328591872,6.436699857752494,0.426742532005683,9.281650071123742,6.738975817923183,0.3378378378378386,1.0135135135135087,1.689189189189193,3.0405405405405403,0.6756756756756772,0.6756756756756772
2971,DIE LINKE,2250,19,1.0,0.0,3.3457799905168315,1.0,1.0,7.263513513513513,2.3470839260312957,4.694167852062591,3.0405405405405403,5.636557610241816,2.7916073968705533,1.5647226173541924,7.0945945945945965,4.054054054054056,8.108108108108105,4.729729729729726,10.135135135135137,9.45945945945946
4151,Die Grünen,2250,19,1.0,1.0,2.272996680891417,1.0,1.0,4.166666666666668,3.0761024182076824,3.94736842105263,2.5960170697012757,0.37339971550497353,0.8357041251778128,2.809388335704128,2.364864864864863,0.6756756756756772,6.418918918918919,1.689189189189193,7.432432432432435,6.418918918918919
3572,CDU,2250,19,0.0,0.0,2.0714793741109525,0.0,1.0,1.7454954954954995,3.09388335704125,2.2759601706970045,0.3022759601706895,0.2489331436700013,3.307254623044102,3.200568990042669,0.6756756756756772,2.0270270270270316,7.105427357601002e-15,3.7162162162162247,1.3513513513513544,2.7027027027027017
4335,CDU,2250,19,0.0,1.0,6.2351825509720245,0.0,1.0,2.5900900900900865,7.254623044096725,9.88620199146515,2.809388335704128,1.2802275960170704,11.201991465149362,4.978662873399713,2.0270270270270174,1.0135135135135158,4.391891891891888,4.391891891891881,0.0,3.7162162162162176
4449,bunt.saar,2250,19,0.0,1.0,2.0625889046941666,1.0,1.0,2.2522522522522537,1.3513513513513473,2.3648648648648702,5.138691322901849,0.4800853485063996,1.7425320056898954,1.2980085348506378,4.391891891891895,0.675675675675663,1.3513513513513544,5.067567567567565,0.3378378378378528,1.689189189189193
3138,CDU,2250,19,1.0,1.0,3.1087008060692263,1.0,1.0,3.0405405405405403,3.7873399715504945,2.773826458036986,1.511379800853483,5.032005689900423,4.623044096728307,0.9246088193456643,2.702702702702709,4.729729729729726,3.7162162162162176,2.7027027027027017,1.0135135135135158,3.378378378378372
3660,FDP,2250,19,1.0,1.0,5.731389284020865,1.0,1.0,2.815315315315317,7.912517780938828,5.138691322901856,2.0981507823613086,3.0761024182076895,13.15789473684211,3.0049786628733983,2.702702702702709,0.3378378378378315,3.378378378378379,3.7162162162162247,2.0270270270270316,4.729729729729726
3908,FDP,2250,19,1.0,1.0,2.761972498814606,1.0,1.0,4.448198198198198,3.44950213371267,1.3335704125177799,3.5028449502133725,4.285206258890469,1.2802275960170775,2.720483641536269,6.418918918918912,6.756756756756765,0.6756756756756772,6.756756756756758,2.364864864864856,3.7162162162162176
1874,Die Grünen,2250,19,1.0,1.0,5.532835467045992,1.0,1.0,0.5630630630630655,1.3157894736842124,6.596728307254629,5.814366998577512,4.17852062588905,7.539118065433854,7.752489331436692,0.3378378378378386,0.6756756756756701,0.6756756756756914,0.3378378378378386,0.6756756756756772,0.6756756756756772
5058,FDP,2250,19,1.0,0.0,3.3487434803224274,1.0,0.0,3.547297297297297,5.103129445234707,2.86273115220483,0.10668563300141898,4.516358463726888,6.845661450924609,0.6578947368421098,1.689189189189193,0.6756756756756772,4.729729729729726,0.0,8.108108108108105,6.081081081081081
4761,FDP,2250,19,1.0,1.0,4.960881934566145,1.0,1.0,1.0135135135135112,9.157183499288756,2.4182076813655797,3.3605974395448044,1.2980085348506378,9.921763869132299,3.6095305832147915,0.675675675675663,2.0270270270270174,1.3513513513513473,0.6756756756756772,0.6756756756756843,0.6756756756756772
319,bunt.saar,2250,19,1.0,0.0,7.639876718824081,1.0,1.0,1.2387387387387345,3.8584637268847715,5.014224751066848,12.482219061166433,4.12517780938834,12.251066856329999,8.108108108108098,2.0270270270270245,1.3513513513513402,0.0,1.0135135135135158,2.0270270270270245,1.0135135135135016
1615,FDP,2250,19,1.0,0.0,3.615457562825983,1.0,1.0,1.689189189189187,5.067567567567565,1.8847795163584706,3.165007112375534,8.392603129445234,0.16002844950212847,3.022759601706966,1.0135135135135087,2.364864864864863,1.0135135135135087,4.729729729729726,0.6756756756756772,0.3378378378378386
1524,Die Grünen,2250,19,1.0,0.0,5.239449976292083,1.0,1.0,3.153153153153152,3.0405405405405403,2.5248933143669916,4.071834992887631,6.152204836415358,10.668563300142253,4.978662873399728,3.0405405405405403,3.7162162162162105,2.702702702702709,4.054054054054049,3.378378378378386,2.0270270270270174
1722,bunt.saar,2250,19,1.0,1.0,4.661569464201047,1.0,1.0,1.7454954954954947,4.338549075391185,2.329302987197721,7.02347083926032,1.2091038406827934,10.152916073968711,2.916073968705547,0.6756756756756843,2.0270270270270245,2.7027027027026946,0.3378378378378315,2.0270270270270245,2.702702702702709
4012,Die Grünen,2250,19,0.0,0.0,3.9118065433854867,0.0,0.0,3.4346846846846844,1.689189189189186,4.889758179231862,3.6450924608819264,1.4935988620199083,8.55263157894737,3.200568990042669,3.7162162162162176,2.702702702702709,3.0405405405405403,4.729729729729726,4.729729729729726,1.689189189189186
3402,bunt.saar,2250,19,1.0,1.0,4.255571360834519,1.0,1.0,1.0135135135135076,4.836415362731152,1.3513513513513473,5.316500711237566,2.7027027027026946,9.530583214793744,1.795874822190612,2.7027027027026946,1.689189189189186,1.3513513513513402,0.3378378378378244,0.0,0.0
1759,SPD,2250,19,1.0,1.0,4.012565196775722,0.0,0.0,5.067567567567568,9.352773826458034,0.9779516358463738,8.819345661450917,0.8179231863442382,1.760312944523477,2.3470839260312957,2.3648648648648702,2.364864864864856,7.094594594594589,5.067567567567565,6.4189189189189335,7.0945945945945965
645,SPD,2250,19,1.0,1.0,2.809388335704123,1.0,1.0,2.3648648648648667,1.866998577524896,0.6578947368421098,4.445234708392597,1.2802275960170704,1.2980085348506378,7.307965860597427,3.7162162162162176,5.4054054054054035,1.3513513513513615,2.0270270270270316,1.689189189189186,0.0
4376,SPD,2250,19,1.0,0.0,3.982930298719772,1.0,0.0,3.9977477477477463,5.28093883357041,8.054765291607403,2.0981507823613086,5.4409672830725455,2.5960170697012828,0.426742532005683,2.364864864864863,3.378378378378372,6.081081081081074,2.364864864864863,4.391891891891895,5.405405405405411
2485,CDU,2250,19,1.0,0.0,5.328354670459934,1.0,0.0,2.53378378378378,0.017780938833574567,5.707681365576107,2.9694167852062563,0.9601706970128063,15.896159317211946,6.418918918918912,2.7027027027026946,0.3378378378378315,1.689189189189186,7.770270270270274,0.3378378378378386,2.364864864864856
587,FDP,2250,19,0.0,1.0,1.6595542911332373,1.0,1.0,3.547297297297296,0.40896159317212266,3.876244665718346,0.8534850640113838,1.5825035561877598,2.009246088193457,1.2268847795163538,4.054054054054049,3.0405405405405403,0.6756756756756737,7.432432432432435,1.689189189189186,4.391891891891891
1090,CDU,2250,19,1.0,1.0,8.14366998577525,1.0,1.0,2.1396396396396375,0.32005689900426404,11.006401137980085,5.423186344238985,2.275960170697026,16.909672830725455,12.92674253200569,2.702702702702709,2.364864864864863,0.3378378378378244,2.7027027027027017,1.689189189189186,3.0405405405405403
3295,SPD,2250,19,0.0,0.0,6.122569938359412,0.0,0.0,2.7590090090090094,3.0761024182076824,0.26671408250354744,7.556899004267429,2.809388335704128,12.67780938833571,10.348506401137975,2.364864864864863,4.391891891891902,1.0135135135135158,0.0,5.067567567567565,3.7162162162162105
4592,Die Grünen,2250,19,1.0,0.0,3.8169748696064496,1.0,0.0,1.2950450450450468,2.9871977240398238,0.9246088193456643,4.0362731152204745,2.1337126600284577,6.614509246088197,6.205547652916081,2.7027027027026946,1.3513513513513615,1.689189189189193,0.0,1.013513513513523,1.0135135135135087
757,bunt.saar,2250,19,0.0,0.0,4.741583688952111,0.0,0.0,3.3783783783783825,2.115931721194869,5.849928876244675,5.885490753911803,1.262446657183503,7.112375533428171,6.223328591749642,3.7162162162162176,0.3378378378378457,2.702702702702709,5.4054054054054035,4.729729729729733,3.378378378378386
3192,bunt.saar,2250,19,1.0,0.0,3.962185870080605,1.0,1.0,0.33783783783783977,2.6849217638691414,2.0625889046941523,4.587482219061172,3.4317211948790884,7.539118065433854,3.4672830725462234,0.6756756756756843,0.0,1.0135135135135158,0.0,0.0,0.3378378378378386
4813,CDU,2250,19,1.0,1.0,3.188715030820294,1.0,1.0,3.997747747747745,1.3335704125177799,3.2894736842105274,4.498577524893321,6.916785206258886,2.578236130867701,0.5156472261735487,3.0405405405405332,4.729729729729726,4.391891891891888,1.3513513513513473,5.067567567567572,5.4054054054054035
612,CDU,2250,19,1.0,0.0,3.1798245614035126,1.0,0.0,3.8288288288288315,3.9118065433855023,5.369843527738269,0.12446657183499354,3.165007112375541,2.489331436699864,4.018492176386907,4.729729729729733,2.364864864864856,3.0405405405405475,8.108108108108112,3.7162162162162176,1.013513513513523
2756,FDP,2250,19,1.0,1.0,3.3487434803224283,1.0,1.0,1.4639639639639626,4.9075391180654435,1.4580369843527734,3.9651493598862046,5.832147937411094,1.6180654338549019,2.3115220483641536,0.3378378378378386,1.689189189189186,2.0270270270270245,3.7162162162162247,0.675675675675663,0.3378378378378386
2671,FDP,2250,19,0.0,0.0,3.1857515410146973,0.0,1.0,2.984234234234234,1.3513513513513473,1.9559032716927476,2.6671408250355597,6.045519203413939,6.721194879089616,0.37339971550497353,3.378378378378379,4.729729729729733,4.391891891891888,2.0270270270270316,0.0,3.378378378378372
3948,CDU,2250,19,0.0,0.0,2.3796823138928396,1.0,1.0,1.4076576576576585,2.560455192034155,1.8492176386913215,4.285206258890469,0.1422475106685539,4.142958748221901,1.2980085348506378,3.0405405405405332,1.3513513513513615,0.3378378378378386,1.689189189189186,0.6756756756756772,1.3513513513513544
3611,FDP,2250,19,0.0,0.0,2.053698435277383,0.0,0.0,2.7590090090090094,0.5156472261735487,0.2844950213371291,2.8271692745377024,5.885490753911803,2.2403982930298625,0.5689900426742511,4.054054054054056,2.0270270270270245,2.7027027027026946,1.689189189189193,1.3513513513513615,4.729729729729726
2371,FDP,2250,19,1.0,0.0,3.4228307254623047,0.0,1.0,1.1824324324324291,3.94736842105263,7.325746799431009,2.5960170697012828,3.3605974395447973,1.0312944523470833,2.275960170697026,1.0135135135135087,0.3378378378378386,1.3513513513513473,2.7027027027026946,0.0,1.689189189189186
2695,bunt.saar,2250,19,1.0,1.0,1.5558321479374122,0.0,1.0,4.054054054054057,1.0490753911806578,1.689189189189193,0.5512091038406766,2.6671408250355597,2.471550497866289,0.9068278805120968,1.3513513513513615,4.054054054054049,6.4189189189189335,2.0270270270270316,6.418918918918919,4.054054054054049
3258,SPD,2250,19,0.0,0.0,4.907539118065434,0.0,0.0,3.716216216216214,0.12446657183499354,1.6002844950213486,11.806543385490762,0.1422475106685539,6.987908961593163,8.783783783783782,5.067567567567565,1.3513513513513473,4.054054054054056,4.729729729729726,3.7162162162162105,3.378378378378379
3447,FDP,2250,19,0.0,0.0,7.725817923186345,1.0,1.0,0.7882882882882912,5.4054054054054035,6.54338549075392,7.894736842105267,8.926031294452343,9.423897581792318,8.161450924608822,0.6756756756756772,1.689189189189193,1.0135135135135158,1.0135135135135158,0.3378378378378457,0.0
1716,CDU,2250,19,1.0,1.0,2.433025130393556,1.0,1.0,0.9009009009008994,1.0490753911806578,3.8229018492176436,0.07112375533427695,3.5739687055476637,4.658605974395456,1.4224751066856385,0.3378378378378244,0.3378378378378315,3.378378378378393,0.3378378378378386,1.0135135135135087,0.0
1041,CDU,2250,19,1.0,0.0,5.692863916548128,1.0,0.0,2.59009009009009,0.8001422475106637,1.546941678520632,5.0497866287340045,6.916785206258886,12.162162162162161,7.681365576102422,3.7162162162162105,2.702702702702709,1.0135135135135087,2.702702702702709,5.067567567567565,0.3378378378378386
3482,FDP,2250,19,1.0,0.0,5.221669037458512,1.0,1.0,2.2522522522522492,7.3968705547653,6.383357041251777,6.863442389758184,5.103129445234707,4.978662873399713,0.6045519203413932,1.689189189189186,1.0135135135135158,3.378378378378372,1.0135135135135158,3.378378378378372,3.0405405405405332
231,SPD,2250,19,0.0,0.0,4.854196301564721,1.0,1.0,2.984234234234234,1.2446657183499354,1.0846372688477999,6.792318634423893,3.1294452347083777,6.863442389758184,10.010668563300136,0.3378378378378457,3.7162162162162176,4.391891891891895,2.7027027027026946,4.391891891891881,2.3648648648648702
595,bunt.saar,2250,19,1.0,1.0,2.098150782361305,0.0,1.0,3.0405405405405355,2.6493598862019923,1.2980085348506378,1.9203413940255984,3.733997155049792,2.578236130867701,0.40896159317210845,3.0405405405405332,1.3513513513513544,2.7027027027026946,5.067567567567565,1.689189189189186,4.391891891891881
2329,bunt.saar,2250,19,1.0,1.0,1.985538169748697,1.0,1.0,0.6756756756756772,0.07112375533427695,1.4580369843527734,3.1294452347083848,2.2403982930298696,3.7339971550498063,1.2802275960170704,0.6756756756756701,0.6756756756756772,0.6756756756756772,0.3378378378378315,1.01351351351353,0.6756756756756772
2064,bunt.saar,2250,19,0.0,0.0,5.40244191559981,0.0,0.0,2.871621621621621,3.307254623044102,0.9068278805120968,6.561166429587473,2.400426742532005,11.326458036984356,7.912517780938828,3.0405405405405403,0.3378378378378386,2.364864864864856,3.378378378378379,2.3648648648648702,5.743243243243242
1079,Die Grünen,2250,19,1.0,0.0,5.855855855855853,1.0,1.0,1.2950450450450444,2.080369843527741,3.6450924608819264,5.52987197724039,3.3605974395448044,12.393314366998567,8.125889046941687,1.689189189189186,0.0,2.702702702702709,0.3378378378378386,0.3378378378378386,2.7027027027026946
1278,CDU,2250,19,1.0,0.0,3.8732811759127515,1.0,0.0,2.364864864864869,2.5960170697012828,3.2539118065433854,4.818634423897571,5.4409672830725455,3.1294452347083777,4.000711237553347,1.013513513513523,7.0945945945945965,1.3513513513513544,0.3378378378378457,2.0270270270270316,2.364864864864863
4212,CDU,2250,19,1.0,1.0,2.827169274537694,0.0,1.0,2.3648648648648654,0.6223328591749677,2.578236130867701,5.138691322901842,1.866998577524896,3.5384068278805074,3.2183499288762505,1.3513513513513473,3.0405405405405403,1.689189189189186,4.729729729729733,1.689189189189193,1.689189189189193
4796,Die Grünen,2250,19,1.0,0.0,2.6641773352299674,1.0,0.0,1.7454954954954924,2.5960170697012828,1.191322901849226,1.7425320056898954,3.520625889046933,4.587482219061172,2.3470839260312957,1.3513513513513473,4.054054054054049,2.0270270270270174,0.3378378378378386,0.3378378378378315,2.3648648648648702
543,FDP,2250,19,1.0,1.0,5.023115220483639,1.0,1.0,2.25225225225225,5.174253200568991,2.1692745376955855,3.1294452347083777,4.356330014224753,11.824324324324323,3.485064011379805,1.0135135135135087,2.7027027027026946,1.689189189189193,4.391891891891888,2.702702702702709,1.0135135135135087
1161,CDU,2250,19,0.0,1.0,4.827524893314366,0.0,0.0,2.5900900900900914,4.356330014224746,7.005689900426745,3.236130867709811,5.921052631578945,5.654338549075398,2.7916073968705533,1.0135135135135016,0.6756756756756772,1.0135135135135087,7.432432432432435,1.013513513513523,4.391891891891902
4583,FDP,2250,19,1.0,1.0,6.27963489805595,0.0,1.0,5.630630630630626,7.307965860597427,4.658605974395456,5.1564722617354235,5.387624466571829,9.761735419630163,5.4054054054054035,4.054054054054042,4.729729729729726,6.418918918918919,6.081081081081074,5.405405405405396,7.0945945945945965
1743,FDP,2250,19,1.0,1.0,3.239094357515409,1.0,1.0,1.914414414414414,3.8940256045519206,5.0853485064011394,2.3826458036984306,6.063300142247506,1.6002844950213415,0.40896159317211556,0.6756756756756843,1.3513513513513473,2.0270270270270245,4.054054054054056,1.0135135135135087,2.364864864864863
3365,bunt.saar,2250,19,1.0,0.0,2.4863679468942608,1.0,1.0,1.970720720720724,3.378378378378379,2.1692745376955855,6.098862019914655,0.3911806543385481,1.5291607396870432,1.3513513513513544,0.6756756756756843,0.6756756756756772,3.7162162162162105,0.3378378378378386,3.7162162162162247,2.702702702702709
887,CDU,2250,19,1.0,1.0,1.781057373162638,1.0,1.0,4.842342342342344,0.9957325746799413,1.475817923186355,1.582503556187767,5.778805120910384,0.07112375533427695,0.7823613086771033,1.0135135135135158,5.067567567567565,6.756756756756758,0.3378378378378386,7.0945945945945965,8.78378378378379
4901,bunt.saar,2250,19,1.0,0.0,3.322072072072069,1.0,0.0,1.5765765765765767,0.37339971550497353,1.5291607396870432,9.388335704125176,1.9914651493598896,5.778805120910384,0.8712660028449477,1.689189189189193,2.364864864864856,1.3513513513513544,0.6756756756756701,0.6756756756756772,2.702702702702709
2200,bunt.saar,2250,19,1.0,0.0,6.573020388809859,1.0,1.0,0.8445945945945942,1.2624466571834958,3.3961593172119606,8.250355618776666,7.699146514935983,12.71337126600283,6.116642958748216,1.0135135135135158,0.675675675675663,1.0135135135135158,1.0135135135135158,0.3378378378378386,1.0135135135135158
2349,CDU,2250,19,1.0,0.0,6.943456614509248,1.0,1.0,6.137387387387391,2.2226173541963163,9.103840682788046,1.4580369843527734,8.943812233285918,11.201991465149362,8.730440967283073,2.702702702702709,7.0945945945945965,5.4054054054054035,3.0405405405405475,6.756756756756765,11.824324324324323
309,DIE LINKE,2250,19,1.0,0.0,4.803816974869609,1.0,1.0,1.4076576576576574,2.773826458036986,1.1201991465149348,7.556899004267429,2.5426742532005733,8.854907539118074,5.974395448079662,1.0135135135135087,2.3648648648648702,0.6756756756756701,1.689189189189186,0.6756756756756772,2.0270270270270316
3305,FDP,2250,19,1.0,0.0,2.590090090090088,1.0,0.0,1.3513513513513509,3.271692745376953,2.364864864864863,0.23115220483641252,5.0853485064011394,1.9203413940255984,2.6671408250355597,3.378378378378372,0.3378378378378315,0.3378378378378386,0.6756756756756772,2.7027027027027017,0.6756756756756843
4502,Die Grünen,2250,19,1.0,1.0,4.990516832622093,1.0,0.0,1.4076576576576574,3.09388335704125,4.67638691322901,4.498577524893307,5.974395448079662,9.281650071123742,2.418207681365587,1.689189189189193,0.0,0.3378378378378386,3.0405405405405403,0.6756756756756772,2.7027027027026946
1773,SPD,2250,19,0.0,0.0,5.186107159791373,1.0,0.0,2.4774774774774833,3.0761024182076824,1.5647226173541924,7.02347083926032,4.409672830725462,5.7254623044096675,9.317211948790913,4.391891891891895,2.0270270270270316,1.3513513513513686,1.0135135135135087,1.3513513513513544,4.7297297297297405
3197,bunt.saar,2250,19,0.0,0.0,5.224632527264109,0.0,0.0,7.826576576576575,3.0049786628733983,3.1472261735419664,7.112375533428171,2.0625889046941666,10.72190611664297,5.2987197724039845,4.729729729729726,2.702702702702709,9.45945945945946,6.081081081081074,12.5,11.486486486486484
3042,FDP,2250,19,1.0,0.0,3.6450924608819335,1.0,1.0,2.364864864864861,6.294452347083926,3.2894736842105274,1.1379800853485094,4.694167852062584,4.836415362731152,1.6180654338549019,1.6891891891891788,2.7027027027026946,2.7027027027027017,2.0270270270270316,3.7162162162162176,1.3513513513513402
3221,bunt.saar,2250,19,1.0,0.0,5.230559506875296,1.0,1.0,1.4639639639639672,1.9559032716927405,3.94736842105263,9.334992887624459,0.2489331436699942,11.682076813655769,4.214082503556185,0.0,0.6756756756756772,2.0270270270270316,1.0135135135135158,3.0405405405405475,2.0270270270270316
2252,FDP,2250,19,0.0,1.0,7.189426268373637,1.0,1.0,3.4346846846846844,8.783783783783782,6.169985775248932,1.795874822190612,7.485775248933145,13.833570412517787,5.067567567567565,0.3378378378378386,4.391891891891888,3.0405405405405475,3.0405405405405403,4.729729729729726,5.067567567567565
1709,bunt.saar,2250,19,0.0,0.0,2.2729966808914193,1.0,1.0,5.630630630630631,3.9651493598862118,0.8001422475106708,0.6401137980085352,3.911806543385495,3.1294452347083777,1.191322901849226,9.45945945945946,3.7162162162162176,10.135135135135137,1.0135135135135087,5.067567567567579,4.391891891891888
2859,CDU,2250,19,0.0,1.0,2.121858700806071,1.0,1.0,2.4211711711711685,3.698435277382636,4.42745376955903,0.2844950213371291,1.369132290184929,1.2446657183499354,1.7069701280227676,0.6756756756756772,3.7162162162162105,4.054054054054056,1.0135135135135016,3.7162162162162176,1.3513513513513473
4050,FDP,2250,19,1.0,0.0,4.240753911806542,1.0,0.0,3.2657657657657673,9.423897581792318,2.3648648648648702,2.009246088193457,1.3869132290184822,4.67638691322901,5.583214793741114,0.0,4.391891891891888,6.418918918918926,1.3513513513513473,3.0405405405405475,4.391891891891895
581,CDU,2250,19,1.0,1.0,2.886439070649594,0.0,1.0,3.1531531531531543,1.2802275960170775,4.943100995732571,2.933854907539107,0.6578947368421026,2.578236130867701,4.925320056899004,2.0270270270270245,0.0,2.3648648648648702,7.770270270270274,3.378378378378379,3.378378378378379
3411,bunt.saar,2250,19,1.0,0.0,4.963845424371734,1.0,0.0,3.6036036036036037,8.908250355618776,1.5825035561877598,7.361308677098144,3.805120910384062,7.6635846372688405,0.46230440967282505,4.729729729729733,1.3513513513513615,5.067567567567565,0.6756756756756772,5.067567567567558,4.729729729729726
488,FDP,2250,19,0.0,0.0,5.203888098624944,0.0,1.0,4.166666666666669,2.471550497866282,0.5334281650071233,5.636557610241816,7.82361308677099,7.02347083926032,7.734708392603132,5.067567567567579,3.7162162162162176,5.4054054054054035,0.3378378378378457,3.378378378378372,7.0945945945945965
1519,FDP,2250,19,1.0,1.0,5.414295874822191,1.0,1.0,2.8153153153153148,10.615220483641536,3.09388335704125,4.267425320056894,8.641536273115221,0.26671408250356166,5.600995732574681,2.702702702702709,4.391891891891888,1.689189189189193,2.7027027027026946,2.7027027027027017,2.7027027027027017
4435,bunt.saar,2250,19,0.0,1.0,2.228544333807495,0.0,1.0,2.8153153153153156,1.475817923186355,2.5960170697012828,1.760312944523477,0.2489331436699942,7.201280227596023,0.0889046941678373,0.3378378378378457,3.7162162162162176,3.7162162162162247,2.0270270270270316,4.729729729729719,2.364864864864856
3741,bunt.saar,2250,19,1.0,0.0,3.381341868183975,1.0,1.0,3.3783783783783825,0.9423897581792318,3.2183499288762505,2.507112375533424,4.285206258890469,5.0853485064011394,4.249644381223334,1.3513513513513544,3.7162162162162247,6.081081081081081,2.364864864864863,4.054054054054063,2.702702702702709
3796,DIE LINKE,2250,19,1.0,1.0,3.19760550023708,1.0,0.0,2.9842342342342314,4.498577524893314,1.7780938833570303,3.236130867709818,6.7745376955903325,2.880512091038412,0.017780938833574567,1.0135135135135087,1.0135135135135016,3.378378378378379,3.378378378378379,4.729729729729733,4.391891891891888
4763,FDP,2250,19,0.0,1.0,4.492650545282122,1.0,0.0,1.520270270270269,2.2403982930298625,2.6671408250355597,3.69843527738265,3.8940256045519206,6.578947368421048,7.876955903271693,0.6756756756756701,1.689189189189193,1.0135135135135087,0.3378378378378386,2.0270270270270316,3.378378378378372
4475,bunt.saar,2250,19,1.0,0.0,5.263157894736845,0.0,1.0,1.7454954954954947,4.338549075391185,1.262446657183503,11.664295874822194,1.191322901849226,6.543385490753906,6.578947368421055,0.6756756756756843,3.0405405405405403,0.0,2.364864864864856,0.6756756756756772,3.7162162162162105
2686,SPD,2250,19,1.0,1.0,5.215742057847321,1.0,1.0,1.0698198198198188,4.854196301564727,6.294452347083926,6.650071123755325,3.5028449502133725,3.449502133712656,6.54338549075392,0.3378378378378457,2.0270270270270316,1.0135135135135016,1.3513513513513473,1.0135135135135158,0.6756756756756701
1279,bunt.saar,2250,19,0.0,1.0,5.0675675675675675,0.0,1.0,13.344594594594597,1.8492176386913144,5.565433854907539,3.1116642958748173,2.8982930298719793,8.570412517780937,8.410384068278816,13.175675675675677,6.418918918918926,14.189189189189179,14.189189189189193,13.851351351351354,18.24324324324325
3314,DIE LINKE,2250,19,1.0,0.0,9.287577050734948,1.0,1.0,2.9279279279279273,6.045519203413939,7.681365576102436,14.08250355618776,7.5213371266002795,11.326458036984356,9.068278805120912,1.3513513513513473,2.0270270270270316,1.3513513513513473,3.7162162162162176,4.391891891891895,4.729729729729726
4032,Die Grünen,2250,19,1.0,0.0,4.925320056899,0.0,0.0,1.9144144144144153,0.9246088193456643,5.618776671408241,6.934566145092461,0.604551920341386,7.503556187766712,7.965860597439537,2.7027027027026946,0.0,0.0,3.378378378378372,4.7297297297297405,0.6756756756756843
4377,bunt.saar,2250,19,0.0,0.0,6.187766714082507,0.0,0.0,6.193693693693697,2.080369843527741,3.6806543385490826,9.690611664295872,1.6714082503556185,11.94879089615933,8.054765291607396,3.378378378378379,3.378378378378379,7.770270270270274,5.067567567567579,9.797297297297305,7.770270270270267
4912,SPD,2250,19,0.0,1.0,6.9138217164532945,0.0,1.0,2.533783783783781,9.743954480796589,7.147937411095306,9.263869132290182,4.285206258890469,8.97937411095306,2.0625889046941595,1.0135135135135087,1.0135135135135158,3.7162162162162176,2.0270270270270316,4.729729729729719,2.7027027027026946
4670,SPD,2250,19,1.0,0.0,3.2628022759601714,1.0,0.0,2.364864864864862,3.733997155049792,9.690611664295872,0.426742532005683,0.8179231863442382,2.880512091038412,2.0270270270270316,4.391891891891888,1.3513513513513473,4.391891891891888,2.7027027027026946,0.3378378378378457,1.0135135135135087
786,DIE LINKE,2250,19,1.0,1.0,3.2390943575154076,1.0,1.0,1.4639639639639614,0.46230440967283215,6.347795163584628,3.2894736842105345,0.4800853485063925,6.223328591749642,2.6315789473684177,2.3648648648648702,2.0270270270270174,0.3378378378378386,1.689189189189186,1.3513513513513473,1.0135135135135087
1353,FDP,2250,19,1.0,1.0,1.7366050260787087,1.0,0.0,1.1261261261261275,3.94736842105263,0.7823613086771033,0.142247510668561,0.32005689900425693,0.6045519203413932,4.623044096728307,1.689189189189193,2.0270270270270316,0.0,0.3378378378378386,2.364864864864863,0.3378378378378386
1711,FDP,2250,19,0.0,1.0,5.129800853485065,1.0,1.0,0.9572072072072046,0.6934566145092447,3.09388335704125,7.005689900426745,9.370554765291615,2.916073968705547,7.69914651493599,1.0135135135135087,0.0,0.6756756756756772,1.6891891891891788,1.3513513513513473,1.0135135135135158
4232,FDP,2250,19,1.0,1.0,4.57562825983879,1.0,0.0,1.8581081081081088,2.3648648648648702,5.974395448079662,4.071834992887624,1.5647226173542066,9.583926031294453,3.8940256045519206,2.0270270270270316,1.0135135135135087,2.0270270270270316,4.054054054054063,1.689189189189186,0.3378378378378315
41,Die Grünen,2250,19,0.0,1.0,7.592460881934564,1.0,1.0,2.308558558558557,3.769559032716927,2.9338549075391214,11.077524893314354,3.94736842105263,14.811522048364154,9.014935988620195,0.3378378378378457,1.689189189189186,4.054054054054035,2.7027027027026946,2.702702702702709,2.3648648648648702
1114,bunt.saar,2250,19,1.0,0.0,3.4583926031294454,1.0,1.0,1.2950450450450408,3.3605974395448044,0.5156472261735416,8.872688477951627,0.6934566145092376,3.5739687055476566,3.7339971550498063,0.675675675675663,1.3513513513513402,1.689189189189193,2.0270270270270316,0.6756756756756772,1.3513513513513402
1574,Die Grünen,2250,19,1.0,1.0,5.272048364153626,1.0,1.0,0.45045045045045146,0.10668563300142608,5.5476529160739645,6.152204836415365,4.018492176386914,10.330725462304414,5.476529160739673,0.3378378378378386,0.0,1.0135135135135158,0.3378378378378386,1.0135135135135158,0.0
1247,FDP,2250,19,1.0,1.0,3.968112849691797,0.0,1.0,7.657657657657655,4.231863442389752,2.8982930298719793,4.391891891891895,0.8001422475106637,5.387624466571843,6.098862019914648,2.702702702702709,8.445945945945944,11.148648648648646,6.418918918918919,10.472972972972961,6.756756756756751
4522,SPD,2250,19,1.0,0.0,8.611901375059274,1.0,1.0,3.265765765765765,2.6849217638691414,5.0853485064011394,15.096017069701283,4.925320056899011,12.357752489331446,11.522048364153626,4.391891891891881,1.3513513513513473,1.013513513513523,3.7162162162162176,6.081081081081088,3.0405405405405332
3379,FDP,2250,19,0.0,0.0,7.248696064485536,0.0,1.0,1.745495495495497,1.5825035561877598,10.046230440967285,9.050497866287337,2.916073968705547,13.282361308677096,6.61450924608819,2.702702702702709,2.0270270270270316,1.689189189189186,0.3378378378378386,2.7027027027026946,1.013513513513523
1530,Die Grünen,2250,19,0.0,0.0,3.553224276908486,1.0,1.0,2.0270270270270268,0.32005689900426404,1.831436699857747,5.387624466571822,2.471550497866289,6.9167852062588935,4.391891891891902,1.689189189189186,1.689189189189193,1.689189189189193,3.378378378378379,2.0270270270270316,1.6891891891891788
1257,CDU,2250,19,1.0,0.0,3.1057373162636375,1.0,1.0,3.603603603603606,0.5689900426742582,3.3961593172119535,5.707681365576107,1.0490753911806578,1.8669985775249032,6.045519203413946,3.378378378378386,1.3513513513513473,6.418918918918926,2.0270270270270316,3.0405405405405332,5.405405405405411
2922,FDP,2250,19,0.0,1.0,3.603603603603606,0.0,1.0,2.7027027027026995,0.9601706970128063,5.45874822190612,0.6401137980085352,5.26315789473685,7.290184921763874,2.00924608819345,3.7162162162162033,0.0,5.067567567567565,0.6756756756756772,1.689189189189186,5.067567567567565
354,CDU,2250,19,1.0,0.0,4.178520625889046,1.0,1.0,1.6328828828828783,0.9779516358463738,3.2183499288762576,5.1031294452347,6.578947368421048,8.623755334281647,0.5689900426742511,4.054054054054063,0.3378378378378244,1.3513513513513473,0.3378378378378386,0.675675675675663,3.0405405405405332
2110,CDU,2250,19,1.0,1.0,6.611545756282596,1.0,0.0,3.3220720720720727,3.9651493598862118,3.378378378378379,10.970839260312943,4.87197724039828,6.792318634423893,9.690611664295872,1.3513513513513544,1.3513513513513473,4.054054054054056,1.013513513513523,3.7162162162162105,8.445945945945944
3425,FDP,2250,19,1.0,1.0,6.347795163584635,1.0,1.0,2.027027027027024,3.9295874822190555,4.125177809388333,6.703413940256048,8.054765291607396,4.551920341394016,10.721906116642963,0.0,3.0405405405405403,0.3378378378378315,2.364864864864856,3.378378378378379,3.040540540540537
1113,bunt.saar,2250,19,1.0,0.0,4.691204362256987,1.0,1.0,1.5202702702702726,1.9203413940255984,0.0889046941678373,6.561166429587473,4.747510668563294,8.108108108108098,6.721194879089623,0.6756756756756701,1.689189189189193,1.3513513513513544,3.378378378378372,1.3513513513513686,0.6756756756756772
687,bunt.saar,2250,19,0.0,1.0,4.611190137505928,1.0,1.0,1.4076576576576574,5.743243243243242,5.1920341394025655,3.058321479374108,1.9203413940255984,7.290184921763881,4.463015647226172,0.6756756756756701,3.7162162162162247,2.3648648648648702,0.0,1.0135135135135016,0.6756756756756772
334,CDU,2250,19,1.0,1.0,5.583214793741113,1.0,1.0,3.0968468468468493,6.241109530583216,5.334281650071119,4.463015647226179,3.9651493598862046,6.756756756756758,6.7389758179231976,6.756756756756758,3.0405405405405475,0.6756756756756843,5.743243243243235,0.3378378378378386,2.0270270270270316
4481,bunt.saar,2250,19,1.0,1.0,4.483760075865337,1.0,0.0,3.4346846846846844,6.418918918918912,6.294452347083926,5.316500711237566,1.3157894736842124,3.1827880512090942,4.374110953058313,2.7027027027026946,3.378378378378379,4.054054054054049,2.7027027027027017,4.391891891891895,3.378378378378386
107,SPD,2250,19,1.0,1.0,6.658961593172125,1.0,1.0,2.1959459459459523,5.4409672830725455,7.788051209103841,8.339260312944532,5.672119487908965,2.667140825035574,10.046230440967292,1.689189189189186,0.6756756756756772,1.6891891891892072,2.0270270270270316,3.0405405405405475,4.054054054054063
1322,SPD,2250,19,1.0,1.0,3.1768610715979135,1.0,1.0,4.222972972972971,4.996443812233295,0.21337126600283796,5.014224751066848,2.258179231863444,1.8492176386913286,4.729729729729726,5.743243243243235,0.6756756756756772,2.7027027027026946,5.743243243243242,4.391891891891902,6.081081081081074
936,CDU,2250,19,1.0,0.0,5.529871977240401,1.0,0.0,2.8716216216216224,1.9381223328591872,7.556899004267429,1.6180654338549019,4.800853485064017,10.633001422475104,6.632290184921764,3.378378378378379,3.0405405405405332,2.3648648648648702,2.7027027027026946,2.702702702702709,3.0405405405405475
3965,bunt.saar,2250,19,1.0,0.0,3.53544333807492,0.0,0.0,1.9707207207207205,3.556187766714082,0.4445234708392647,3.9118065433855023,5.529871977240397,5.494310099573248,2.275960170697026,0.3378378378378386,3.378378378378386,1.3513513513513473,4.054054054054042,2.702702702702709,0.0
5145,bunt.saar,2250,19,1.0,0.0,2.723447131341865,1.0,1.0,2.477477477477476,6.810099573257467,2.151493598862018,1.9914651493598967,2.400426742532005,2.8449502133712485,0.1422475106685539,0.3378378378378315,3.7162162162162247,2.7027027027026946,3.0405405405405403,2.3648648648648702,2.7027027027026946
2080,bunt.saar,2250,19,1.0,1.0,6.1344238975817875,1.0,1.0,2.5337837837837824,5.014224751066855,5.8321479374110865,2.6493598862019923,0.03556187766713492,12.713371266002838,10.56187766714082,0.3378378378378386,4.391891891891888,4.054054054054049,1.0135135135135158,0.6756756756756772,4.729729729729726
2509,bunt.saar,2250,19,1.0,1.0,3.7428876244665736,1.0,0.0,3.490990990990987,2.3826458036984377,1.3335704125177799,6.596728307254629,5.565433854907539,6.54338549075392,0.03556187766713492,2.364864864864863,3.378378378378372,2.7027027027026946,4.054054054054056,4.391891891891881,4.054054054054056
4285,bunt.saar,2250,19,0.0,0.0,5.061640587956375,0.0,1.0,3.8288288288288315,7.005689900426752,4.818634423897571,1.9559032716927405,3.3961593172119393,6.54338549075392,6.650071123755325,4.729729729729726,4.729729729729733,5.067567567567579,4.054054054054056,3.7162162162162176,0.6756756756756772
1307,bunt.saar,2250,19,1.0,0.0,8.771929824561402,1.0,1.0,1.8581081081081052,4.17852062588905,4.694167852062584,11.148648648648646,7.485775248933145,15.433854907539114,9.690611664295872,2.7027027027027017,0.3378378378378386,0.3378378378378386,2.364864864864863,1.6891891891891788,3.7162162162162105
1670,DIE LINKE,2250,19,1.0,0.0,2.335229966808914,0.0,0.0,3.265765765765766,2.560455192034155,0.7112375533428192,4.87197724039828,2.4537695590327075,2.1692745376955855,1.2446657183499354,5.743243243243249,3.0405405405405403,1.3513513513513615,0.6756756756756772,4.729729729729726,4.054054054054042
2323,FDP,2250,19,1.0,1.0,3.2213134186818415,1.0,1.0,2.646396396396394,0.6223328591749677,4.249644381223341,2.7560455192034112,0.6934566145092447,7.681365576102422,3.3250355618776624,5.067567567567558,3.7162162162162176,1.0135135135135087,3.378378378378379,1.3513513513513544,1.3513513513513473
3319,bunt.saar,2250,19,1.0,0.0,2.945708866761501,1.0,0.0,1.407657657657661,2.115931721194869,1.3335704125177799,3.09388335704125,0.2844950213371291,8.285917496443822,2.560455192034155,2.7027027027027017,2.7027027027026946,0.6756756756756772,0.6756756756756843,0.3378378378378386,1.3513513513513686
3724,DIE LINKE,2250,19,0.0,1.0,3.428757705073494,0.0,1.0,3.7725225225225216,2.187055476529153,1.866998577524896,0.8179231863442382,4.498577524893314,10.099573257467995,1.1024182076813673,6.756756756756758,0.3378378378378386,2.364864864864863,9.797297297297291,1.0135135135135158,2.364864864864863
1828,FDP,2250,19,1.0,0.0,5.203888098624939,1.0,1.0,1.2387387387387416,5.5476529160739645,10.366287339971542,0.6578947368421026,6.3122332859175,8.339260312944525,0.0,0.0,0.0,0.3378378378378386,1.3513513513513615,5.405405405405411,0.3378378378378386
5166,bunt.saar,2250,19,0.0,0.0,2.006282598387866,0.0,1.0,0.8445945945945917,0.16002844950213557,0.2489331436700013,6.169985775248932,1.3335704125177799,1.226884779516368,2.8982930298719793,0.3378378378378244,1.689189189189193,0.0,1.0135135135135158,2.0270270270270174,0.0
1593,CDU,2250,19,1.0,1.0,2.1337126600284484,1.0,1.0,2.6463963963963963,1.4580369843527734,0.8179231863442382,5.2631578947368425,0.03556187766713492,3.271692745376953,1.9559032716927476,1.3513513513513402,3.378378378378393,2.0270270270270316,2.364864864864856,4.391891891891895,2.364864864864863
3072,Die Grünen,2250,19,1.0,0.0,7.959933617828354,1.0,1.0,3.71621621621622,3.8584637268847715,5.6899004267425255,7.432432432432435,5.689900426742533,16.482930298719772,8.605974395448087,2.702702702702709,1.6891891891891788,3.7162162162162247,4.729729729729726,5.743243243243256,3.7162162162162247
3398,Die Grünen,2250,19,1.0,0.0,5.325391180654338,0.0,1.0,2.7027027027026995,2.151493598862025,3.9295874822190555,5.014224751066848,4.018492176386914,10.864153627311524,5.974395448079662,2.7027027027027017,2.364864864864863,1.3513513513513402,6.756756756756758,2.3648648648648702,0.675675675675663
4073,SPD,2250,19,1.0,0.0,5.067567567567566,0.0,0.0,3.490990990990993,1.1735419630156443,4.054054054054056,7.46799431009957,8.108108108108105,1.5647226173541924,8.036984352773828,3.378378378378379,1.3513513513513615,4.054054054054056,3.0405405405405403,1.3513513513513544,7.770270270270267
2447,bunt.saar,2250,19,1.0,0.0,4.608226647700334,1.0,0.0,9.009009009009011,1.76031294452347,0.4445234708392718,9.708392603129454,1.653627311522051,9.850640113798008,4.231863442389752,10.810810810810807,1.01351351351353,12.837837837837839,10.135135135135137,8.445945945945951,10.810810810810807
1088,Die Grünen,2250,19,0.0,0.0,7.047178757705073,0.0,1.0,2.195945945945951,6.13442389758179,0.3378378378378386,11.433143669985782,2.3115220483641536,15.59388335704125,6.472261735419622,3.378378378378379,2.3648648648648702,2.702702702702709,1.689189189189186,1.689189189189193,1.3513513513513686
3810,DIE LINKE,2250,19,1.0,1.0,1.7721669037458458,0.0,1.0,2.5337837837837847,0.26671408250354744,1.7247510668563208,0.26671408250354744,1.1379800853485094,6.13442389758179,1.1024182076813602,3.0405405405405475,2.364864864864856,2.702702702702709,3.378378378378372,1.0135135135135158,2.702702702702709
5209,bunt.saar,2250,19,1.0,1.0,2.2492887624466555,1.0,1.0,4.222972972972978,1.2980085348506378,0.3022759601707037,1.1557610241820697,6.98790896159317,3.3605974395447973,0.3911806543385552,1.689189189189193,2.364864864864856,6.081081081081081,1.3513513513513544,7.094594594594611,6.756756756756772
1002,Die Grünen,2250,19,1.0,0.0,4.16370317686107,1.0,0.0,0.957207207207207,5.156472261735409,1.2802275960170704,2.0270270270270316,8.623755334281647,4.623044096728307,3.271692745376953,1.0135135135135158,2.0270270270270245,0.3378378378378386,1.3513513513513473,0.3378378378378386,0.6756756756756772
3229,FDP,2250,19,1.0,1.0,3.864390706495969,1.0,1.0,4.222972972972971,1.3157894736842124,0.0,4.551920341394016,1.7425320056899025,12.9800853485064,2.5960170697012828,8.783783783783782,0.3378378378378386,4.054054054054049,9.121621621621621,2.7027027027027017,0.3378378378378315
1160,FDP,2250,19,1.0,0.0,3.8347558084400184,1.0,0.0,1.9144144144144153,8.588193456614498,2.1337126600284506,4.925320056899004,1.0490753911806578,1.3157894736842124,4.996443812233288,0.6756756756756843,2.0270270270270316,0.6756756756756772,2.7027027027026946,5.4054054054054035,0.0
1476,FDP,2250,19,1.0,1.0,4.729729729729731,1.0,1.0,1.407657657657656,9.77951635846373,2.400426742532005,0.1955903271692776,9.886201991465143,5.849928876244668,0.26671408250356166,1.689189189189186,1.0135135135135087,0.6756756756756701,3.0405405405405475,1.3513513513513473,0.6756756756756772
1909,Die Grünen,2250,19,1.0,1.0,4.368183973447131,1.0,0.0,3.885135135135137,2.3648648648648702,5.0853485064011394,2.9694167852062634,0.9957325746799413,12.588904694167837,2.2048364153627347,3.7162162162162176,0.3378378378378386,5.067567567567565,4.054054054054056,4.054054054054063,6.081081081081081
1471,CDU,2250,19,1.0,1.0,2.3322664770033206,1.0,1.0,1.9144144144144128,2.418207681365587,2.00924608819345,1.902560455192031,1.9914651493598896,2.329302987197721,3.342816500711244,1.3513513513513402,0.6756756756756701,1.0135135135135158,4.054054054054049,2.702702702702709,1.689189189189193
3853,CDU,2250,19,1.0,0.0,3.7191797060218086,1.0,1.0,1.3513513513513544,3.0405405405405332,2.86273115220483,1.2091038406827934,4.285206258890469,5.1031294452347,5.814366998577526,0.0,2.3648648648648702,0.6756756756756772,0.6756756756756772,2.3648648648648702,2.0270270270270316
3814,bunt.saar,2250,19,1.0,1.0,7.349454717875772,1.0,1.0,2.9842342342342314,2.5960170697012828,2.9871977240398238,10.668563300142253,9.743954480796582,14.135846372688476,3.9651493598862118,5.067567567567565,2.0270270270270245,1.0135135135135016,6.081081081081081,0.6756756756756701,3.0405405405405475
1833,Die Grünen,2250,19,1.0,1.0,1.5587956377430057,1.0,0.0,3.9977477477477428,0.8001422475106708,1.9203413940255984,0.03556187766713492,3.769559032716927,2.5426742532005733,0.2844950213371291,1.0135135135135087,1.689189189189193,7.094594594594589,3.378378378378372,6.081081081081074,4.729729729729719
1023,FDP,2250,19,1.0,1.0,7.313892840208628,1.0,1.0,2.4774774774774797,9.992887624466569,10.597439544807969,5.227596017069704,1.2091038406827863,5.689900426742533,11.166429587482217,1.3513513513513615,2.7027027027027017,3.7162162162162176,0.0,3.0405405405405403,4.054054054054056
4857,bunt.saar,2250,19,0.0,1.0,4.93421052631579,1.0,1.0,2.646396396396394,2.6493598862019923,4.142958748221901,1.3157894736842195,4.871977240398294,12.26884779516358,4.356330014224753,2.364864864864863,2.702702702702709,0.3378378378378386,6.756756756756758,2.0270270270270174,1.6891891891891788
4909,FDP,2250,19,0.0,0.0,5.19796111901375,1.0,1.0,3.4346846846846844,7.770270270270274,6.916785206258886,4.623044096728307,5.867709815078236,1.6358463726884764,4.37411095305832,3.7162162162162176,5.4054054054054035,4.729729729729726,1.3513513513513544,3.7162162162162176,1.689189189189186
444,FDP,2250,19,1.0,1.0,3.573968705547648,1.0,1.0,2.533783783783786,6.561166429587473,4.267425320056894,2.6493598862019923,1.7780938833570303,3.805120910384069,2.3826458036984306,0.3378378378378386,3.378378378378379,2.0270270270270245,1.3513513513513544,3.0405405405405475,5.067567567567572
766,bunt.saar,2250,19,1.0,0.0,3.2894736842105288,1.0,0.0,2.0833333333333357,3.09388335704125,0.5689900426742582,5.7254623044096675,4.338549075391178,5.369843527738276,0.6401137980085423,1.013513513513523,3.378378378378386,1.689189189189193,2.364864864864863,2.7027027027026946,1.3513513513513544
3806,FDP,2250,19,1.0,1.0,3.639165481270746,1.0,1.0,0.731981981981983,2.7204836415362763,2.3826458036984306,3.147226173541963,5.600995732574688,3.2539118065433854,4.729729729729733,0.6756756756756772,1.3513513513513544,0.33783783783784216,0.3378378378378386,1.3513513513513544,0.3378378378378315
3974,CDU,2250,19,1.0,0.0,4.79492650545282,1.0,1.0,3.6599099099099086,2.6671408250355597,2.044807965860592,7.716927453769557,11.415362731152207,1.511379800853483,3.413940256045521,1.689189189189186,5.405405405405396,3.7162162162162105,2.3648648648648702,3.378378378378379,5.405405405405411
205,CDU,2250,19,1.0,1.0,2.237434803224273,0.0,1.0,1.9707207207207265,1.2802275960170775,2.2403982930298625,4.089615931721191,2.00924608819345,3.3961593172119393,0.40896159317211556,2.364864864864863,1.013513513513523,3.7162162162162176,2.702702702702716,0.3378378378378457,1.689189189189193
1627,FDP,2250,19,1.0,0.0,4.436344238975817,1.0,1.0,2.4774774774774766,6.632290184921764,5.672119487908965,0.5689900426742511,3.7517780938833525,3.5561877667140855,6.436699857752483,3.0405405405405332,2.364864864864863,3.0405405405405403,1.689189189189193,3.0405405405405403,1.6891891891891895
2458,FDP,2250,19,1.0,0.0,3.550260787102893,1.0,1.0,3.7725225225225216,6.045519203413939,7.912517780938835,1.475817923186348,1.1735419630156514,2.2403982930298696,2.4537695590327147,2.0270270270270316,5.405405405405411,5.4054054054054035,1.0135135135135016,3.378378378378379,5.4054054054054035
4772,bunt.saar,2250,19,0.0,0.0,10.250711237553341,1.0,1.0,4.560810810810815,5.565433854907525,4.054054054054063,15.380512091038419,8.588193456614498,15.41607396870554,12.5,3.7162162162162176,1.01351351351353,6.081081081081095,4.391891891891888,6.081081081081081,6.081081081081081
2528,FDP,2250,19,0.0,0.0,3.7547415836889484,0.0,1.0,1.9707207207207205,2.400426742531998,7.307965860597427,1.1735419630156443,7.4146514935988606,2.880512091038412,1.3513513513513473,1.689189189189193,1.0135135135135087,3.0405405405405403,2.0270270270270316,3.0405405405405403,1.0135135135135087
2243,FDP,2250,19,1.0,0.0,3.6391654812707444,1.0,1.0,2.984234234234235,3.9118065433855023,6.899004267425319,0.37339971550497353,1.5825035561877598,7.876955903271693,1.1913229018492189,3.7162162162162176,2.702702702702709,2.364864864864863,4.729729729729726,2.0270270270270245,2.3648648648648702
2614,bunt.saar,2250,19,1.0,0.0,2.8894025604551885,1.0,1.0,3.32207207207207,1.3513513513513473,0.9779516358463738,2.0625889046941523,2.951635846372689,8.463726884779526,1.5291607396870432,0.6756756756756701,3.7162162162162247,5.067567567567565,1.0135135135135087,6.0810810810810665,3.378378378378386
1517,FDP,2250,19,0.0,1.0,3.7636320531057414,0.0,0.0,3.2094594594594548,1.653627311522051,3.9118065433855023,4.391891891891895,2.6493598862019923,5.974395448079662,4.000711237553347,0.6756756756756701,0.6756756756756701,4.391891891891888,4.391891891891895,4.729729729729726,4.391891891891881
3342,FDP,2250,19,0.0,1.0,1.8877430061640592,0.0,1.0,2.759009009009008,0.1422475106685539,0.8534850640113874,4.534139402560456,5.103129445234707,0.3911806543385481,0.3022759601707037,1.0135135135135016,2.0270270270270316,2.364864864864863,3.7162162162162247,5.067567567567558,2.3648648648648702
613,SPD,2250,19,0.0,1.0,8.03105737316264,1.0,1.0,3.997747747747747,1.5647226173541924,7.147937411095306,14.011379800853483,0.7112375533428192,13.691322901849226,11.059743954480808,2.7027027027027017,1.3513513513513473,2.0270270270270316,2.7027027027026946,7.432432432432435,7.770270270270274
907,FDP,2250,19,0.0,0.0,6.193693693693695,1.0,1.0,4.054054054054055,9.210526315789473,1.1735419630156443,5.547652916073972,14.651493598862025,1.0668563300142253,5.51209103840683,4.391891891891895,6.418918918918919,4.391891891891895,1.689189189189193,2.7027027027027017,4.729729729729726
5037,FDP,2250,19,0.0,0.0,4.030346135609293,0.0,0.0,2.81531531531531,4.142958748221901,0.7112375533428192,1.1024182076813602,10.08179231863442,4.463015647226179,3.6806543385490826,1.689189189189186,6.418918918918912,2.0270270270270174,2.7027027027027017,1.0135135135135087,3.0405405405405332
2345,DIE LINKE,2250,19,1.0,0.0,6.1284969179706,1.0,0.0,2.2522522522522515,4.320768136557611,3.342816500711244,10.953058321479375,4.267425320056894,11.024182076813645,2.86273115220483,3.7162162162162176,1.013513513513523,1.689189189189186,5.067567567567565,2.0270270270270174,0.0
3280,Die Grünen,2250,19,0.0,1.0,7.1509009009009,0.0,1.0,2.421171171171173,2.773826458036986,6.258890469416791,8.481507823613093,4.836415362731152,17.371977240398287,3.182788051209087,2.364864864864863,1.0135135135135087,0.3378378378378386,3.378378378378379,2.702702702702709,4.7297297297297405
1012,FDP,2250,19,1.0,1.0,3.425794215267904,1.0,1.0,2.364864864864861,5.51209103840683,0.4978662873399671,5.618776671408256,1.6002844950213486,3.556187766714089,3.769559032716934,1.689189189189193,1.689189189189186,2.364864864864856,5.067567567567558,1.689189189189186,1.689189189189186
896,bunt.saar,2250,19,1.0,1.0,7.355381697486963,1.0,1.0,0.0,6.045519203413946,6.650071123755325,9.032716927453777,0.7823613086771033,11.87766714082504,9.743954480796589,0.0,0.0,0.0,0.0,0.0,0.0
3389,Die Grünen,2250,19,0.0,0.0,3.8436462778568043,0.0,1.0,3.2657657657657673,0.9068278805120897,2.507112375533424,5.672119487908951,5.529871977240404,7.201280227596023,1.2446657183499354,4.054054054054056,4.054054054054049,1.689189189189193,2.364864864864863,3.378378378378379,4.054054054054063
1291,bunt.saar,2250,19,1.0,0.0,7.177572309151255,1.0,0.0,2.7027027027027075,1.6358463726884764,2.738264580369851,10.757467994310105,3.022759601706966,14.63371266002845,10.277382645803684,2.702702702702709,0.3378378378378528,2.0270270270270316,0.6756756756756772,5.067567567567572,5.4054054054054035
3161,FDP,2250,19,0.0,1.0,5.319464201043143,0.0,1.0,4.617117117117115,3.182788051209087,3.413940256045514,8.819345661450924,1.4935988620199083,8.303698435277383,6.703413940256041,2.7027027027026946,2.364864864864856,6.418918918918919,0.6756756756756772,7.432432432432435,8.108108108108105
4423,DIE LINKE,2250,19,0.0,0.0,2.409317211948791,0.0,0.0,3.603603603603607,0.2489331436699942,6.952347083926043,0.8179231863442382,3.520625889046933,2.4537695590327075,0.46230440967283215,0.3378378378378457,3.7162162162162247,4.729729729729726,2.0270270270270245,5.067567567567572,5.743243243243249
983,SPD,2250,19,1.0,0.0,2.2878141299193913,1.0,1.0,2.3648648648648654,0.0,1.191322901849226,6.0099573257467895,2.0625889046941666,1.7780938833570303,2.6849217638691343,0.3378378378378386,5.4054054054054035,2.0270270270270316,1.0135135135135158,2.3648648648648702,3.0405405405405332
3081,Die Grünen,2250,19,1.0,1.0,7.257586533902327,1.0,1.0,1.5765765765765754,0.9423897581792318,5.192034139402573,10.295163584637265,0.8534850640113874,16.749644381223334,9.51280227596017,0.3378378378378386,3.0405405405405332,2.0270270270270174,1.0135135135135158,3.0405405405405475,0.0
2849,FDP,2250,19,0.0,1.0,2.6789947842579416,0.0,1.0,1.8018018018018023,0.32005689900426404,0.07112375533427695,4.000711237553347,7.912517780938828,2.0270270270270316,1.7425320056899025,3.378378378378372,1.3513513513513615,1.0135135135135158,3.0405405405405332,2.0270270270270316,0.0
614,FDP,2250,19,0.0,0.0,4.617117117117117,0.0,1.0,2.8716216216216233,5.45874822190612,2.3826458036984377,0.9068278805120897,9.495021337126602,7.841394025604544,1.618065433854909,1.689189189189186,4.054054054054056,2.364864864864863,2.3648648648648702,2.702702702702709,4.054054054054056
3145,Die Grünen,2250,19,1.0,1.0,4.495614035087713,0.0,0.0,5.349099099099099,3.7162162162162176,9.939544807965852,0.7645803698435216,0.7645803698435216,7.112375533428157,4.67638691322901,7.432432432432435,2.7027027027026946,5.067567567567572,7.432432432432435,3.0405405405405475,6.418918918918912
823,bunt.saar,2250,19,1.0,0.0,5.571360834518729,0.0,1.0,6.418918918918919,2.2048364153627347,3.378378378378372,12.144381223328587,2.8449502133712627,6.241109530583216,6.614509246088204,3.7162162162162176,2.7027027027026946,10.472972972972975,2.702702702702709,8.108108108108098,10.810810810810821
2249,CDU,2250,19,1.0,1.0,5.325391180654338,1.0,1.0,1.1824324324324316,7.290184921763881,3.662873399715501,6.401137980085352,6.899004267425312,6.169985775248925,1.5291607396870575,0.0,1.3513513513513544,2.364864864864863,0.6756756756756701,1.689189189189186,1.0135135135135158
3738,Die Grünen,2250,19,1.0,0.0,7.648767188240876,1.0,1.0,1.4639639639639626,2.435988620199147,9.690611664295872,9.743954480796589,3.5028449502133725,9.975106685633016,10.54409672830726,0.6756756756756772,0.3378378378378386,1.689189189189193,2.7027027027027017,1.0135135135135016,2.364864864864863
3819,bunt.saar,2250,19,1.0,0.0,7.186462778568045,1.0,1.0,0.844594594594593,8.090327169274545,0.1955903271692847,10.899715504978658,1.9914651493598896,14.793741109530579,7.147937411095313,0.6756756756756772,0.675675675675663,0.6756756756756772,2.0270270270270245,0.6756756756756772,0.3378378378378386
4622,SPD,2250,19,1.0,0.0,5.938833570412516,1.0,1.0,3.885135135135132,2.0625889046941666,0.053342816500716594,13.371266002844948,8.232574679943106,5.156472261735402,6.756756756756758,3.378378378378379,2.0270270270270316,5.4054054054054035,4.054054054054056,4.054054054054035,4.391891891891888
339,bunt.saar,2250,19,1.0,1.0,3.7310336652441927,0.0,1.0,1.1824324324324327,1.546941678520632,1.2802275960170775,4.42745376955903,3.378378378378379,7.2724039829302995,4.480796586059739,0.6756756756756772,1.3513513513513473,1.0135135135135158,0.0,1.0135135135135087,3.0405405405405475
3191,FDP,2250,19,1.0,1.0,4.2466808914177365,1.0,1.0,1.6891891891891877,1.9381223328591872,4.836415362731152,6.970128022759596,6.365576102418217,0.9246088193456643,4.445234708392604,2.0270270270270245,3.0405405405405403,2.0270270270270245,0.0,2.364864864864863,0.6756756756756737
2863,Die Grünen,2250,19,1.0,1.0,4.1725936462778535,1.0,1.0,0.6756756756756749,8.410384068278809,4.018492176386907,2.151493598862018,3.058321479374115,5.618776671408241,1.7780938833570303,0.6756756756756772,1.0135135135135016,1.0135135135135158,0.0,0.0,1.3513513513513544
4419,FDP,2250,19,1.0,0.0,5.31946420104315,1.0,0.0,1.5202702702702702,6.330014224751068,7.965860597439537,2.6493598862019923,5.0497866287340045,6.009957325746804,3.911806543385495,1.0135135135135016,0.0,2.0270270270270245,2.0270270270270316,3.378378378378379,0.6756756756756843
2127,Die Grünen,2250,19,0.0,0.0,6.741939307728788,0.0,0.0,4.054054054054057,1.4224751066856385,2.6137980085348573,9.655049786628751,4.285206258890469,11.842105263157897,10.633001422475111,4.729729729729733,1.0135135135135087,5.743243243243249,3.0405405405405403,3.378378378378379,6.4189189189189335
391,Die Grünen,2250,19,0.0,1.0,4.9431009957325776,1.0,1.0,0.6756756756756737,1.8136557610241795,3.09388335704125,7.147937411095313,0.3022759601707037,10.9352773826458,6.365576102418217,1.0135135135135087,1.3513513513513544,0.6756756756756772,0.0,0.0,1.0135135135135016
2680,CDU,2250,19,1.0,1.0,1.4935988620199143,1.0,1.0,3.885135135135131,0.6578947368421026,1.8847795163584706,1.4935988620199154,2.1692745376955855,0.10668563300141898,2.6493598862019923,2.7027027027026946,4.729729729729726,3.0405405405405403,6.081081081081074,4.729729729729726,2.0270270270270245
2206,FDP,2250,19,0.0,0.0,2.6197249881460394,1.0,1.0,3.3220720720720727,3.3250355618776624,5.796586059743959,1.724751066856328,3.662873399715508,0.1422475106685539,1.0668563300142253,1.013513513513523,1.689189189189186,4.729729729729726,4.729729729729726,4.054054054054056,3.7162162162162176
81,bunt.saar,2250,19,1.0,1.0,3.5146989094357566,1.0,1.0,2.9279279279279264,3.485064011379805,2.5960170697012828,2.4893314366998567,1.6002844950213415,8.3570412517781,2.560455192034155,2.3648648648648702,3.0405405405405403,5.4054054054054035,0.0,3.0405405405405332,3.7162162162162105
1447,Die Grünen,2250,19,1.0,0.0,8.475580844001897,1.0,1.0,3.828828828828828,2.115931721194869,3.6450924608819264,10.633001422475118,5.600995732574688,16.749644381223334,12.108819345661445,0.3378378378378386,0.6756756756756701,6.081081081081095,3.7162162162162176,7.094594594594582,5.067567567567565
5073,CDU,2250,19,1.0,1.0,1.8077287814129892,1.0,1.0,1.689189189189187,2.578236130867708,2.3115220483641536,0.9068278805120897,1.2980085348506378,2.8449502133712556,0.9068278805120897,3.0405405405405332,2.0270270270270316,0.6756756756756772,1.689189189189186,0.6756756756756701,2.0270270270270245
2003,SPD,2250,19,0.0,1.0,6.445590327169277,0.0,1.0,3.99774774774775,1.3157894736842124,4.071834992887631,12.357752489331446,3.876244665718346,10.544096728307252,6.507823613086771,2.7027027027026946,1.3513513513513544,6.418918918918919,1.3513513513513544,8.445945945945951,3.7162162162162247
1699,DIE LINKE,2250,19,0.0,0.0,5.257230915125651,0.0,0.0,1.8018018018018012,6.934566145092461,5.95661450924608,8.872688477951627,3.485064011379805,3.627311522048373,2.6671408250355597,1.3513513513513615,1.0135135135135087,2.0270270270270316,1.0135135135135087,3.0405405405405332,2.364864864864863
2308,bunt.saar,2250,19,1.0,0.0,4.486723565670938,1.0,1.0,3.0968468468468515,7.859174964438125,3.236130867709818,8.481507823613093,0.5689900426742511,5.1209103840682815,1.653627311522058,3.7162162162162176,0.3378378378378386,4.391891891891902,4.054054054054056,1.689189189189193,4.391891891891902
973,Die Grünen,2250,19,0.0,0.0,6.332977714556665,0.0,0.0,6.644144144144147,2.8449502133712556,4.623044096728307,10.77524893314368,1.2802275960170775,14.651493598862025,3.8229018492176436,3.0405405405405475,3.0405405405405475,9.459459459459467,6.418918918918912,11.486486486486484,6.418918918918926
67,FDP,2250,19,1.0,1.0,2.4982219061166417,1.0,1.0,1.3513513513513533,0.9779516358463738,1.973684210526315,3.8584637268847786,6.401137980085345,0.4800853485063996,1.2980085348506378,1.689189189189186,0.0,1.689189189189193,1.3513513513513544,0.6756756756756772,2.702702702702709
5084,FDP,2250,19,1.0,0.0,4.931247036510194,0.0,1.0,2.364864864864869,4.836415362731152,9.050497866287337,4.338549075391185,0.35561877667140607,6.027738264580371,4.978662873399713,2.0270270270270316,3.7162162162162176,1.3513513513513615,1.013513513513523,3.7162162162162176,2.364864864864863
1235,FDP,2250,19,1.0,0.0,3.6599099099099104,1.0,1.0,2.2522522522522515,2.809388335704128,0.6401137980085352,2.0270270270270316,5.2275960170697005,11.166429587482217,0.08890469416785152,4.054054054054056,3.0405405405405475,0.3378378378378315,4.054054054054042,0.6756756756756772,1.3513513513513544
2622,FDP,2250,19,1.0,1.0,5.106092935040305,1.0,1.0,1.0698198198198174,6.116642958748223,3.840682788051218,3.9295874822190555,9.370554765291615,3.5561877667140855,3.822901849217633,0.3378378378378386,1.3513513513513544,1.689189189189186,1.6891891891891788,0.0,1.3513513513513473
1602,FDP,2250,19,1.0,1.0,3.612494073020384,1.0,1.0,0.8445945945945965,7.5924608819345565,0.03556187766713492,3.4317211948790884,1.7780938833570303,5.743243243243242,3.09388335704125,1.3513513513513615,0.3378378378378386,0.6756756756756701,0.0,0.6756756756756772,2.0270270270270316
851,bunt.saar,2250,19,1.0,1.0,4.240753911806546,1.0,1.0,2.0833333333333335,4.516358463726888,6.205547652916081,4.000711237553347,1.0490753911806507,8.285917496443822,1.3869132290184822,2.702702702702709,1.689189189189186,1.3513513513513402,0.3378378378378315,2.0270270270270316,4.391891891891902
3692,SPD,2250,19,0.0,0.0,3.3813418681839713,0.0,1.0,1.632882882882883,1.724751066856328,4.498577524893314,4.87197724039828,2.435988620199147,2.293741109530579,4.463015647226179,4.054054054054049,1.3513513513513615,0.3378378378378386,2.0270270270270245,0.6756756756756772,1.3513513513513473
2837,DIE LINKE,2250,19,1.0,0.0,1.698079658605972,0.0,1.0,4.898648648648649,1.5291607396870575,0.40896159317212266,0.23115220483641252,0.08890469416784441,1.3513513513513473,6.578947368421048,8.445945945945944,1.0135135135135087,5.743243243243249,5.067567567567572,3.378378378378379,5.743243243243242
1888,bunt.saar,2250,19,0.0,1.0,6.006993835941205,1.0,1.0,2.9279279279279273,3.3961593172119535,4.498577524893307,6.738975817923183,3.058321479374108,9.121621621621628,9.228307254623047,1.689189189189186,2.7027027027026946,3.378378378378386,2.7027027027027017,3.378378378378386,3.7162162162162105
4272,FDP,2250,19,1.0,1.0,2.8093883357041243,1.0,1.0,2.252252252252253,0.8712660028449548,1.4935988620199083,0.6934566145092376,3.591749644381224,3.69843527738265,6.507823613086771,3.0405405405405475,0.0,0.6756756756756843,5.743243243243235,1.0135135135135087,3.0405405405405403
4438,FDP,2250,19,0.0,0.0,3.2420578473210035,0.0,1.0,2.3085585585585604,6.454480796586061,3.1294452347083777,0.7823613086771033,6.596728307254629,0.9957325746799413,1.4935988620199083,1.0135135135135087,5.067567567567565,3.7162162162162176,3.0405405405405475,0.6756756756756772,0.3378378378378457
934,Die Grünen,2250,19,1.0,1.0,5.387624466571833,1.0,1.0,1.463963963963965,2.8982930298719793,2.880512091038412,6.952347083926043,0.40896159317211556,8.7660028449502,10.419630156472252,1.689189189189186,3.0405405405405403,1.689189189189193,1.689189189189193,0.3378378378378244,0.3378378378378528
3580,FDP,2250,19,1.0,0.0,2.708629682313893,1.0,1.0,2.421171171171172,4.231863442389766,3.8940256045519206,0.37339971550497353,1.3335704125177799,2.916073968705547,3.5028449502133725,0.3378378378378457,1.3513513513513544,4.054054054054056,1.0135135135135158,3.378378378378372,4.391891891891888
1420,FDP,2250,19,1.0,0.0,2.9783072546230422,1.0,0.0,1.2950450450450444,3.6450924608819264,4.498577524893321,0.5334281650071091,2.151493598862018,3.5384068278805074,3.5028449502133725,2.364864864864863,1.3513513513513473,3.0405405405405332,0.6756756756756772,0.0,0.3378378378378457
4921,FDP,2250,19,0.0,1.0,2.314485538169746,1.0,1.0,3.3783783783783767,0.23115220483641252,3.8229018492176436,0.21337126600283796,4.267425320056894,1.2624466571834958,4.089615931721191,3.0405405405405403,4.391891891891895,1.689189189189186,3.7162162162162105,2.364864864864863,5.067567567567565
37,bunt.saar,2250,19,0.0,1.0,6.670815552394502,0.0,1.0,8.38963963963964,5.689900426742533,0.23115220483641963,8.428165007112376,2.3293029871977353,16.145092460881934,7.2012802275960155,3.378378378378379,3.7162162162162105,10.810810810810814,7.094594594594611,12.837837837837832,12.499999999999993
2935,bunt.saar,2250,19,1.0,0.0,5.7284257942152665,1.0,1.0,1.5765765765765778,6.578947368421048,0.23115220483641963,7.130156472261724,5.049786628733997,10.046230440967292,5.334281650071119,0.3378378378378386,2.3648648648648702,2.702702702702709,1.3513513513513544,0.6756756756756772,2.0270270270270174
2305,CDU,2250,19,1.0,0.0,5.135727833096252,0.0,1.0,6.306306306306304,8.25035561877666,2.43598862019914,2.916073968705547,4.569701280227605,11.184210526315788,1.4580369843527734,5.743243243243235,5.743243243243242,4.054054054054056,7.094594594594589,9.45945945945946,5.743243243243242
4457,CDU,2250,19,0.0,0.0,2.904220009483165,0.0,0.0,5.461711711711715,3.520625889046933,1.0668563300142253,1.9914651493598896,9.761735419630156,0.49786628733995997,0.5867709815078257,2.3648648648648702,6.081081081081081,8.783783783783782,2.0270270270270316,6.756756756756765,6.756756756756758
3506,SPD,2250,19,0.0,0.0,6.635253674727355,0.0,0.0,2.027027027027026,1.689189189189193,3.3250355618776624,8.588193456614498,5.956614509246087,9.352773826458034,10.899715504978658,0.6756756756756772,1.3513513513513473,1.3513513513513473,2.364864864864856,4.391891891891895,2.0270270270270316
2848,FDP,2250,19,0.0,0.0,4.077761972498814,1.0,1.0,3.434684684684681,2.5960170697012828,8.268136557610234,3.058321479374115,2.6493598862019923,5.903271692745371,1.9914651493598896,4.054054054054042,1.689189189189186,3.0405405405405403,5.743243243243242,4.054054054054049,2.0270270270270245
2392,FDP,2250,19,1.0,0.0,4.84530583214794,1.0,1.0,3.7162162162162176,5.4054054054054035,2.1337126600284577,5.583214793741114,4.747510668563301,8.517069701280228,2.6849217638691343,2.7027027027027017,4.054054054054056,2.702702702702709,5.4054054054054035,1.0135135135135087,6.418918918918926
1724,FDP,2250,19,1.0,1.0,3.6184210526315823,1.0,1.0,1.1824324324324351,2.6137980085348573,2.222617354196302,4.231863442389766,3.52062588904694,1.8669985775249032,7.254623044096725,3.0405405405405475,0.3378378378378386,0.3378378378378386,1.0135135135135158,2.0270270270270316,0.3378378378378386
4179,bunt.saar,2250,19,0.0,1.0,6.733048838311997,0.0,1.0,3.9977477477477463,2.258179231863444,2.151493598862018,9.637268847795163,9.014935988620195,7.948079658605984,9.388335704125176,4.729729729729726,2.0270270270270316,3.378378378378372,6.756756756756751,2.702702702702709,4.391891891891888
1100,bunt.saar,2250,19,1.0,0.0,7.559862494073026,0.0,1.0,1.2387387387387392,2.5960170697012828,4.054054054054063,7.681365576102436,3.556187766714089,18.065433854907532,9.40611664295875,0.3378378378378386,0.3378378378378386,2.364864864864856,2.0270270270270316,0.6756756756756772,1.689189189189193
2318,SPD,2250,19,0.0,0.0,5.16239924134661,1.0,1.0,1.3513513513513533,8.570412517780944,1.831436699857747,1.8136557610241795,4.498577524893314,9.174964438122338,5.0853485064011394,3.378378378378379,1.689189189189193,1.013513513513523,0.0,1.3513513513513473,0.6756756756756772
4476,FDP,2250,19,0.0,1.0,5.766951161688,0.0,1.0,1.6891891891891824,1.724751066856328,4.2140825035561775,9.672830725462298,2.5960170697012828,9.334992887624459,7.0590327169274545,4.391891891891888,0.3378378378378244,1.0135135135135087,2.7027027027026946,1.0135135135135087,0.6756756756756701
1391,bunt.saar,2250,19,1.0,0.0,4.786036036036034,1.0,1.0,3.0968468468468493,4.089615931721191,4.889758179231862,3.2539118065433854,0.7467994310099542,9.086059743954486,6.650071123755325,2.7027027027027017,0.6756756756756772,5.743243243243256,3.0405405405405403,3.7162162162162105,2.702702702702709
555,DIE LINKE,2250,19,1.0,1.0,3.4998814604077757,0.0,0.0,6.024774774774774,2.4182076813655797,3.378378378378379,6.081081081081088,2.0981507823613086,2.578236130867701,4.445234708392597,1.6891891891892001,6.081081081081074,9.45945945945946,1.0135135135135087,9.45945945945946,8.445945945945944
3167,SPD,2250,19,0.0,1.0,5.523944997629209,0.0,0.0,6.756756756756757,3.2894736842105345,6.810099573257467,4.569701280227605,2.4537695590327075,9.352773826458034,6.667852062588906,1.0135135135135087,4.054054054054056,7.0945945945945965,4.054054054054063,12.5,11.824324324324316
1532,FDP,2250,19,1.0,0.0,3.7784495021337143,1.0,0.0,4.391891891891891,4.783072546230443,0.2844950213371291,6.54338549075392,1.2980085348506378,7.876955903271693,1.8847795163584635,2.364864864864863,2.364864864864863,7.094594594594604,3.378378378378372,6.756756756756758,4.391891891891888
2657,bunt.saar,2250,19,0.0,1.0,6.134423897581794,0.0,1.0,5.799549549549553,0.6401137980085352,3.7873399715504945,10.330725462304414,6.703413940256048,12.517780938833575,2.8271692745376953,8.445945945945951,0.3378378378378386,5.067567567567565,10.810810810810821,5.4054054054054035,4.7297297297297405
742,CDU,2250,19,1.0,1.0,2.7264106211474632,1.0,1.0,3.4346846846846866,0.4978662873399742,3.4672830725462234,6.116642958748223,4.338549075391185,0.4978662873399671,1.440256045519206,1.689189189189193,0.0,6.756756756756758,1.689189189189193,6.418918918918919,4.054054054054056
6,Die Grünen,2250,19,1.0,0.0,8.022166903745855,1.0,1.0,2.7027027027027053,1.2446657183499354,3.6806543385490826,10.312944523470847,5.26315789473685,18.083214793741114,9.548364153627304,1.3513513513513615,0.3378378378378386,4.391891891891902,0.3378378378378386,6.418918918918919,3.378378378378372
63,FDP,2250,19,0.0,1.0,9.198672356567094,1.0,1.0,1.295045045045045,7.04125177809388,4.231863442389766,15.71834992887625,13.762446657183496,5.867709815078239,8.570412517780941,1.3513513513513473,1.0135135135135158,2.027027027027028,0.0,1.6891891891891895,1.6891891891891895
225,DIE LINKE,2250,19,1.0,1.0,3.831792318634424,1.0,1.0,1.8018018018018058,1.7780938833570303,0.8001422475106637,3.5739687055476637,2.4537695590327075,12.67780938833571,1.7069701280227676,2.0270270270270316,2.0270270270270316,0.0,2.0270270270270316,3.378378378378379,1.3513513513513615
4060,FDP,2250,19,1.0,0.0,2.9279279279279264,1.0,0.0,2.7027027027027017,0.604551920341386,6.916785206258886,3.378378378378379,3.307254623044095,3.0405405405405403,0.32005689900427114,8.108108108108098,0.3378378378378386,1.0135135135135158,0.6756756756756772,3.378378378378372,2.702702702702709
1790,FDP,2250,19,1.0,0.0,4.350403034613562,1.0,1.0,1.632882882882883,4.249644381223341,5.067567567567565,0.40896159317211556,6.738975817923183,9.299431009957328,0.3378378378378386,1.689189189189186,0.3378378378378386,1.0135135135135087,1.689189189189193,3.378378378378379,1.689189189189193
1214,FDP,2250,19,1.0,1.0,4.679350403034615,0.0,1.0,1.6328828828828819,0.9779516358463738,2.3648648648648702,6.507823613086771,0.9779516358463738,8.143669985775247,9.103840682788054,1.689189189189186,3.378378378378379,2.0270270270270174,0.6756756756756772,0.0,2.0270270270270316
2508,SPD,2250,19,0.0,0.0,8.866761498340447,0.0,1.0,3.490990990990992,4.445234708392597,6.081081081081088,13.602418207681367,6.045519203413946,13.993598862019908,9.032716927453777,5.067567567567565,0.3378378378378244,3.0405405405405546,5.405405405405411,5.067567567567565,2.0270270270270316
822,bunt.saar,2250,19,1.0,1.0,2.0477714556661915,1.0,1.0,2.252252252252253,1.1379800853485094,3.7162162162162105,2.8449502133712485,2.009246088193457,0.8890469416785294,1.689189189189193,2.0270270270270245,0.3378378378378528,2.702702702702709,1.689189189189186,2.364864864864856,4.391891891891888
2230,CDU,2250,19,0.0,0.0,3.5235893788525345,0.0,1.0,2.0270270270270268,4.960881934566139,2.329302987197721,1.9559032716927476,1.262446657183503,7.450213371266003,3.1827880512090942,1.0135135135135087,0.6756756756756701,3.7162162162162247,2.0270270270270245,3.0405405405405475,1.689189189189186
2760,bunt.saar,2250,19,1.0,0.0,6.504860123281179,1.0,1.0,2.9842342342342363,3.1294452347083777,2.738264580369851,12.837837837837839,7.290184921763881,8.054765291607396,4.978662873399728,2.0270270270270174,1.01351351351353,5.743243243243242,4.729729729729726,2.3648648648648702,2.0270270270270316
4765,SPD,2250,19,0.0,1.0,5.541725936462778,0.0,1.0,7.995495495495497,1.4224751066856385,2.8449502133712556,6.756756756756758,11.69985775248933,4.516358463726888,6.009957325746797,6.081081081081088,3.0405405405405475,11.14864864864866,10.472972972972975,3.378378378378372,13.85135135135134
773,FDP,2250,19,1.0,0.0,4.024419155998103,1.0,0.0,2.702702702702704,12.251066856330013,3.058321479374115,0.6934566145092447,2.4182076813655797,4.409672830725455,1.3157894736842124,0.3378378378378457,0.6756756756756772,2.3648648648648702,2.364864864864863,8.783783783783782,1.689189189189186
103,FDP,2250,19,0.0,0.0,2.945708866761502,1.0,1.0,1.4639639639639672,1.1379800853485094,2.187055476529153,0.6223328591749677,7.82361308677099,4.036273115220489,1.8669985775249032,3.7162162162162176,1.689189189189193,0.3378378378378386,1.689189189189186,0.6756756756756843,0.6756756756756843
2317,FDP,2250,19,1.0,0.0,5.11498340445709,1.0,1.0,2.2522522522522532,4.054054054054056,1.5647226173541924,6.507823613086771,5.796586059743959,6.863442389758184,5.903271692745378,2.0270270270270316,2.364864864864863,3.040540540540544,2.0270270270270316,2.0270270270270245,2.0270270270270245
2771,bunt.saar,2250,19,1.0,0.0,6.5819108582266495,1.0,1.0,0.8445945945945906,3.0405405405405403,3.9651493598862118,7.983641536273112,0.4800853485063996,16.998577524893307,7.023470839260327,0.0,1.0135135135135158,1.0135135135135016,2.0270270270270245,1.0135135135135016,0.0
4929,CDU,2250,19,1.0,1.0,0.9186818397344716,1.0,1.0,2.5900900900900887,0.32005689900426404,2.6137980085348573,0.8712660028449548,0.26671408250354744,0.6401137980085352,0.8001422475106708,3.378378378378372,0.0,3.0405405405405403,3.378378378378379,4.391891891891888,1.3513513513513544
3218,bunt.saar,2250,19,1.0,1.0,5.443930772878141,1.0,1.0,2.308558558558559,4.160739687055475,7.201280227596023,7.3790896159317185,5.138691322901842,3.0049786628734054,5.778805120910384,6.081081081081074,1.013513513513523,0.3378378378378386,6.081081081081081,0.0,0.3378378378378386
2354,FDP,2250,19,1.0,1.0,6.910858226647704,1.0,1.0,1.3513513513513498,3.627311522048373,3.165007112375534,8.32147937411095,5.0497866287340045,11.664295874822194,9.63726884779517,0.0,2.7027027027027017,2.0270270270270316,2.0270270270270174,1.3513513513513473,0.0
20,Die Grünen,2250,19,1.0,1.0,2.1485301090564235,1.0,0.0,2.533783783783786,1.511379800853483,5.352062588904687,0.1955903271692847,1.7069701280227534,3.662873399715508,0.46230440967282505,2.702702702702709,0.6756756756756772,2.0270270270270316,3.0405405405405403,4.054054054054049,2.702702702702709
3945,bunt.saar,2250,19,0.0,0.0,3.05239449976292,0.0,1.0,1.4639639639639626,1.262446657183503,0.1955903271692847,5.832147937411094,3.378378378378379,2.400426742531991,5.245376955903268,0.675675675675663,2.702702702702709,0.6756756756756772,0.6756756756756772,3.7162162162162105,0.3378378378378386
3880,DIE LINKE,2250,19,0.0,0.0,6.018847795163591,0.0,0.0,3.1531531531531556,1.2091038406827934,9.139402560455203,3.5028449502133725,7.02347083926032,12.42887624466573,2.809388335704128,7.432432432432435,1.013513513513523,1.0135135135135158,3.378378378378379,2.3648648648648702,3.7162162162162105
824,CDU,2250,19,1.0,1.0,6.00106685633001,1.0,1.0,1.6328828828828819,7.307965860597427,7.0945945945945965,1.5291607396870575,5.618776671408241,11.682076813655755,2.773826458036986,2.7027027027026946,0.6756756756756843,0.6756756756756772,1.689189189189186,2.364864864864856,1.689189189189193
2467,CDU,2250,19,1.0,1.0,3.5532242769084874,1.0,0.0,2.2522522522522492,3.271692745376953,1.2446657183499354,5.885490753911803,0.8179231863442382,6.383357041251777,3.7162162162162176,1.0135135135135158,0.3378378378378244,4.7297297297297405,3.378378378378372,2.7027027027026946,1.3513513513513473
3128,CDU,2250,19,1.0,0.0,2.192982456140348,1.0,1.0,2.139639639639636,0.6756756756756772,1.1557610241820626,0.9779516358463738,4.036273115220489,2.507112375533424,3.805120910384062,2.0270270270270174,2.3648648648648702,0.0,4.729729729729726,2.7027027027026946,1.0135135135135087
5161,FDP,2250,19,1.0,0.0,5.2364864864864895,1.0,1.0,9.346846846846844,8.517069701280235,1.6714082503556327,5.3698435277382615,6.97012802275961,4.765291607396872,4.125177809388326,12.837837837837846,9.121621621621614,10.472972972972968,5.4054054054054035,7.432432432432435,10.8108108108108
505,FDP,2250,19,1.0,0.0,3.2450213371265995,0.0,1.0,1.8581081081081077,3.591749644381224,4.818634423897571,1.546941678520632,2.6137980085348573,6.578947368421048,0.32005689900426404,3.378378378378379,0.6756756756756701,1.689189189189186,2.3648648648648702,1.3513513513513473,1.689189189189193
4027,bunt.saar,2250,19,1.0,1.0,3.1976055002370813,1.0,1.0,0.9009009009009029,3.2539118065433854,1.1913229018492189,5.369843527738283,1.5647226173541924,5.938833570412527,1.8669985775248819,0.6756756756756843,0.6756756756756772,1.3513513513513402,1.0135135135135087,0.3378378378378386,1.3513513513513686
4842,bunt.saar,2250,19,1.0,0.0,3.553224276908486,1.0,1.0,1.0135135135135158,0.5689900426742511,4.089615931721191,2.2759601706970187,1.2091038406827934,10.081792318634413,3.09388335704125,1.3513513513513473,1.0135135135135158,0.6756756756756772,1.3513513513513473,0.6756756756756914,1.0135135135135158
4578,Die Grünen,2250,19,1.0,0.0,2.2522522522522572,1.0,0.0,4.842342342342345,3.1472261735419664,6.294452347083926,2.2226173541963163,0.2489331436699942,0.3378378378378386,1.262446657183503,2.7027027027027017,2.3648648648648702,7.770270270270274,1.689189189189193,6.756756756756758,7.770270270270274
1080,bunt.saar,2250,19,1.0,0.0,6.854551920341396,1.0,1.0,0.5630630630630679,2.258179231863444,1.0490753911806578,9.637268847795156,1.333570412517787,19.701280227596015,7.147937411095313,0.3378378378378457,0.3378378378378244,0.3378378378378528,1.0135135135135158,0.6756756756756772,0.6756756756756914
4976,Die Grünen,2250,19,1.0,1.0,4.006638217164533,1.0,0.0,1.4639639639639686,6.401137980085352,1.618065433854909,2.3826458036984306,0.9068278805120897,7.2724039829302995,5.45874822190612,1.3513513513513544,1.013513513513523,1.689189189189193,0.3378378378378386,0.6756756756756843,3.7162162162162176
411,bunt.saar,2250,19,1.0,0.0,4.0718349928876245,1.0,1.0,6.193693693693696,0.6223328591749677,2.8271692745376953,4.338549075391185,4.640825035561875,6.543385490753906,5.45874822190612,5.743243243243242,3.7162162162162247,3.7162162162162247,10.810810810810807,5.067567567567565,8.108108108108112
4019,FDP,2250,19,1.0,0.0,4.2585348506401175,1.0,1.0,2.4211711711711743,6.063300142247513,5.583214793741114,0.26671408250356166,1.4224751066856385,4.036273115220489,8.17923186344239,3.7162162162162176,0.3378378378378386,1.689189189189186,1.01351351351353,2.7027027027027017,5.067567567567572
2030,DIE LINKE,2250,19,1.0,0.0,4.208155523945003,0.0,0.0,1.8581081081081088,2.275960170697026,3.3961593172119606,4.534139402560456,1.7425320056899025,8.07254623044097,5.2275960170697005,1.689189189189186,4.054054054054063,0.3378378378378244,3.0405405405405403,0.3378378378378457,1.689189189189193
481,bunt.saar,2250,19,0.0,0.0,3.9414414414414396,0.0,0.0,4.335585585585586,1.689189189189186,4.445234708392597,0.8712660028449548,3.805120910384062,5.352062588904694,7.485775248933145,9.45945945945946,4.054054054054056,2.364864864864863,4.729729729729726,4.054054054054056,1.3513513513513544
3756,DIE LINKE,2250,19,0.0,0.0,2.89532954006638,0.0,0.0,1.8018018018018012,3.0405405405405403,4.018492176386907,1.653627311522051,4.000711237553347,1.6714082503556114,2.9871977240398238,4.729729729729733,0.675675675675663,1.3513513513513544,2.0270270270270245,1.3513513513513615,0.6756756756756701
1165,DIE LINKE,2250,19,1.0,0.0,5.0675675675675675,0.0,1.0,3.547297297297297,4.42745376955903,1.0490753911806578,3.6450924608819264,3.6806543385490826,13.940256045519199,3.662873399715508,2.7027027027027017,3.0405405405405332,4.729729729729733,1.3513513513513615,5.743243243243242,3.7162162162162105
4221,Die Grünen,2250,19,0.0,0.0,9.103840682788052,1.0,1.0,2.308558558558557,1.3157894736842124,5.938833570412527,11.593172119487903,9.103840682788054,16.073968705547657,10.597439544807955,2.3648648648648702,1.0135135135135158,3.0405405405405332,1.3513513513513544,3.0405405405405332,3.0405405405405332
517,FDP,2250,19,1.0,1.0,2.676031294452347,1.0,1.0,2.7027027027027004,1.2802275960170704,1.9381223328591801,2.2403982930298696,4.551920341394023,3.6806543385490755,2.364864864864863,2.7027027027026946,2.0270270270270245,1.689189189189186,4.729729729729726,2.0270270270270316,3.0405405405405403
864,CDU,2250,19,0.0,1.0,3.7991939307728786,1.0,1.0,1.576576576576579,7.485775248933145,6.845661450924609,0.6934566145092376,1.5291607396870575,3.8229018492176436,2.4182076813655797,1.689189189189193,0.3378378378378315,1.689189189189193,3.0405405405405475,2.0270270270270316,0.6756756756756772
4316,FDP,2250,19,1.0,1.0,3.8199383594120455,1.0,1.0,6.024774774774776,6.7389758179231904,2.2048364153627347,1.546941678520625,3.8584637268847786,8.14366998577525,0.4267425320056937,7.0945945945945965,5.067567567567565,6.081081081081081,4.054054054054063,4.391891891891888,9.45945945945946
1288,SPD,2250,19,0.0,1.0,6.335941204362253,0.0,1.0,3.0968468468468493,0.7823613086770962,3.662873399715501,10.95305832147936,1.9914651493598896,13.65576102418207,6.970128022759603,3.7162162162162176,1.0135135135135087,2.364864864864863,3.0405405405405475,5.405405405405411,3.0405405405405475
1822,bunt.saar,2250,19,1.0,0.0,6.934566145092467,1.0,1.0,1.1824324324324291,0.9423897581792389,3.6806543385490826,9.228307254623047,2.8982930298719793,16.39402560455192,8.463726884779533,1.3513513513513473,1.0135135135135016,0.0,0.6756756756756772,1.0135135135135016,3.0405405405405475
4416,bunt.saar,2250,19,0.0,1.0,4.566737790422,1.0,1.0,3.0968468468468444,1.404694167852064,1.4402560455191917,8.712660028449498,2.7560455192034183,8.303698435277383,4.783072546230443,3.0405405405405332,1.3513513513513544,3.378378378378386,5.743243243243242,2.364864864864856,2.7027027027026946
3944,bunt.saar,2250,19,1.0,0.0,6.8426979611190175,1.0,0.0,2.646396396396399,1.6358463726884764,0.5156472261735416,8.588193456614505,10.597439544807969,12.695590327169285,7.023470839260327,2.3648648648648702,0.3378378378378386,2.0270270270270316,5.067567567567572,3.0405405405405332,3.0405405405405475
3504,FDP,2250,19,1.0,0.0,5.950687529634901,1.0,1.0,3.6036036036036045,3.94736842105263,2.880512091038412,5.387624466571843,1.1201991465149348,12.126600284495026,10.241820768136556,0.6756756756756772,6.081081081081081,5.067567567567572,0.0,4.391891891891895,5.4054054054054035
1898,FDP,2250,19,1.0,1.0,5.695827406353723,1.0,1.0,2.1396396396396447,7.450213371266003,4.37411095305832,5.3342816500711265,2.471550497866289,0.6045519203413932,13.940256045519206,0.0,2.0270270270270316,1.3513513513513544,3.7162162162162247,0.3378378378378457,5.405405405405411
3198,FDP,2250,19,0.0,1.0,3.1620436225699406,1.0,0.0,2.6463963963963963,3.627311522048373,2.3115220483641536,2.6493598862019923,6.3122332859175,2.6671408250355597,1.404694167852064,1.689189189189193,1.0135135135135158,4.729729729729726,1.689189189189193,3.0405405405405332,3.7162162162162176
4286,CDU,2250,19,0.0,0.0,4.53117591275486,0.0,0.0,7.207207207207209,6.472261735419629,0.5156472261735487,7.432432432432435,1.795874822190612,5.814366998577526,5.156472261735409,2.0270270270270316,5.743243243243249,11.486486486486498,2.364864864864863,11.148648648648638,10.472972972972975
3420,FDP,2250,19,1.0,1.0,3.8169748696064523,1.0,0.0,2.5337837837837873,2.4182076813655797,5.014224751066855,4.374110953058327,4.996443812233288,5.423186344238985,0.6756756756756772,4.729729729729726,3.0405405405405475,0.0,1.3513513513513615,1.689189189189193,4.391891891891895
4002,SPD,2250,19,0.0,0.0,4.711948790896154,0.0,1.0,2.0270270270270303,0.08890469416784441,4.142958748221901,9.121621621621628,0.9423897581792318,10.793029871977232,3.182788051209087,1.0135135135135158,2.3648648648648702,1.689189189189193,1.689189189189186,4.054054054054049,1.3513513513513686
3616,CDU,2250,19,1.0,1.0,2.9308914177335184,1.0,1.0,1.6328828828828819,0.4267425320056759,3.7517780938833525,1.0312944523470833,3.3250355618776624,4.800853485064017,4.2496443812233196,2.702702702702709,0.3378378378378386,2.3648648648648702,1.3513513513513473,1.0135135135135087,2.0270270270270174
2201,bunt.saar,2250,19,1.0,1.0,1.674371740161213,1.0,0.0,3.6036036036036037,1.2268847795163538,0.5689900426742582,0.26671408250355455,3.7873399715504945,3.1472261735419664,1.0490753911806507,4.391891891891888,1.689189189189193,6.418918918918919,4.054054054054056,4.054054054054063,1.0135135135135016
5208,bunt.saar,2250,19,0.0,1.0,5.97143195827406,1.0,1.0,2.0833333333333286,3.307254623044102,2.187055476529153,7.183499288762434,2.0981507823613086,14.49146514935989,6.561166429587473,2.364864864864863,2.7027027027026946,1.6891891891891788,3.378378378378386,0.3378378378378315,2.0270270270270174
5077,FDP,2250,19,0.0,1.0,5.618776671408253,1.0,1.0,4.954954954954954,4.12517780938834,5.583214793741114,6.650071123755335,10.775248933143672,3.1294452347083936,3.4495021337126595,2.0270270270270245,5.743243243243242,7.432432432432432,1.3513513513513544,5.743243243243242,7.432432432432428
4553,bunt.saar,2250,19,0.0,0.0,7.651730678046469,0.0,0.0,4.222972972972975,3.8229018492176436,5.067567567567565,7.805832147937409,1.4224751066856385,13.584637268847793,14.206970128022768,2.364864864864856,1.013513513513523,3.378378378378379,4.729729729729726,2.0270270270270316,11.82432432432433
3089,CDU,2250,19,1.0,1.0,3.754741583688952,0.0,1.0,1.970720720720718,6.365576102418217,0.053342816500716594,3.022759601706966,7.983641536273105,2.5960170697012828,2.507112375533424,2.0270270270270316,3.0405405405405332,1.689189189189186,0.6756756756756772,0.3378378378378315,4.054054054054049
2708,CDU,2250,19,1.0,0.0,2.5960170697012805,1.0,0.0,1.5202702702702677,1.1201991465149348,7.0590327169274545,2.3826458036984377,0.9601706970128063,0.08890469416784441,3.9651493598862046,0.6756756756756772,1.689189189189186,0.3378378378378386,4.054054054054042,2.0270270270270245,0.3378378378378386
647,bunt.saar,2250,19,1.0,1.0,6.89900426742532,1.0,1.0,0.45045045045045146,3.627311522048366,9.263869132290182,9.495021337126595,2.258179231863444,7.165718349928881,9.583926031294453,0.3378378378378386,0.3378378378378386,0.6756756756756772,0.3378378378378386,0.3378378378378386,0.6756756756756772
3445,CDU,2250,19,1.0,1.0,4.0125651967757205,1.0,1.0,1.4076576576576574,5.672119487908951,5.672119487908965,4.42745376955903,4.160739687055475,2.7916073968705533,1.3513513513513473,0.3378378378378386,1.3513513513513544,0.6756756756756701,2.364864864864863,1.689189189189186,2.0270270270270316
212,bunt.saar,2250,19,1.0,0.0,6.024774774774776,1.0,0.0,1.1261261261261264,2.1692745376955855,1.0312944523470904,7.076813655761022,5.95661450924608,11.895448079658614,8.01920341394026,0.0,2.3648648648648702,0.3378378378378386,1.0135135135135158,1.3513513513513402,1.689189189189193
2101,FDP,2250,19,1.0,0.0,5.989212897107634,1.0,1.0,4.27927927927928,6.863442389758184,7.503556187766712,3.1472261735419664,5.7254623044096675,9.690611664295872,3.0049786628733983,4.054054054054056,4.054054054054056,6.756756756756758,0.3378378378378386,4.054054054054056,6.418918918918919
1590,bunt.saar,2250,19,1.0,0.0,4.142958748221908,1.0,1.0,1.9144144144144104,0.6578947368421026,4.996443812233288,6.507823613086771,0.7290184921763867,7.02347083926032,4.943100995732578,1.3513513513513473,1.3513513513513402,0.6756756756756772,0.3378378378378386,3.378378378378372,4.391891891891888
915,bunt.saar,2250,19,0.0,1.0,3.446538643907066,0.0,1.0,3.9414414414414396,3.5739687055476637,5.26315789473685,1.9559032716927476,7.076813655761022,0.8890469416785152,1.9203413940255984,2.702702702702709,3.378378378378372,5.4054054054054035,3.378378378378372,5.405405405405411,3.378378378378372
1496,CDU,2250,19,1.0,1.0,4.8482693219535316,1.0,1.0,2.6463963963963955,4.623044096728307,1.1735419630156443,6.276671408250351,3.4317211948790884,12.428876244665723,1.1557610241820768,3.7162162162162105,3.0405405405405403,0.3378378378378315,6.081081081081088,0.3378378378378386,2.364864864864863
723,bunt.saar,2250,19,1.0,0.0,2.770862968231391,1.0,1.0,2.0833333333333286,3.236130867709818,0.7645803698435287,5.1920341394025655,6.098862019914648,1.0846372688477857,0.2489331436700013,1.689189189189186,0.675675675675663,2.0270270270270174,3.0405405405405403,2.7027027027026946,2.3648648648648702
4984,CDU,2250,19,0.0,1.0,1.970720720720718,1.0,0.0,3.0968468468468493,5.885490753911803,2.080369843527741,0.16002844950213557,0.21337126600283796,2.471550497866282,1.0135135135135087,2.364864864864856,3.378378378378379,2.702702702702709,3.378378378378386,4.054054054054056,2.702702702702709
4124,FDP,2250,19,0.0,1.0,4.741583688952111,1.0,0.0,2.477477477477475,2.7204836415362763,6.36557610241821,1.1735419630156443,14.544807965860592,1.7780938833570374,1.8669985775249032,4.729729729729726,0.0,3.7162162162162176,0.3378378378378244,2.0270270270270316,4.054054054054049
2759,CDU,2250,19,1.0,1.0,3.828828828828827,1.0,1.0,1.970720720720718,0.5512091038406766,0.3911806543385552,5.921052631578952,6.276671408250358,8.677098150782356,1.1557610241820626,0.0,2.3648648648648702,1.3513513513513473,1.689189189189186,4.054054054054049,2.364864864864856
75,bunt.saar,2250,19,1.0,0.0,4.172593646277856,1.0,1.0,0.6193693693693696,1.618065433854909,0.5156472261735416,5.26315789473685,1.404694167852064,9.495021337126595,6.738975817923176,0.3378378378378315,0.3378378378378386,1.689189189189193,0.3378378378378386,0.6756756756756772,0.3378378378378386
3470,Die Grünen,2250,19,1.0,0.0,8.060692271218587,0.0,1.0,1.9144144144144188,1.2980085348506378,0.6045519203413932,9.263869132290182,9.299431009957331,17.994310099573255,9.903982930298724,1.3513513513513544,2.3648648648648702,2.702702702702709,0.6756756756756772,2.702702702702709,1.689189189189193
771,bunt.saar,2250,19,0.0,1.0,6.543385490753909,1.0,1.0,2.646396396396392,1.404694167852064,0.5156472261735416,8.37482219061166,0.1955903271692776,17.83428165007112,10.935277382645793,3.378378378378379,0.3378378378378386,1.6891891891891788,1.689189189189193,3.0405405405405332,5.743243243243228
927,FDP,2250,19,1.0,1.0,4.839378852536743,0.0,1.0,6.531531531531532,3.0049786628734054,3.840682788051211,1.5647226173541924,8.7660028449502,10.010668563300136,1.8492176386913144,0.3378378378378386,7.432432432432435,9.121621621621628,9.459459459459445,6.081081081081081,6.756756756756765
1740,FDP,2250,19,1.0,0.0,3.9236605026078695,1.0,0.0,5.743243243243239,5.369843527738269,11.593172119487907,3.236130867709811,0.21337126600283796,2.7738264580369787,0.3556187766714132,4.729729729729726,5.743243243243242,10.472972972972968,7.432432432432428,2.0270270270270316,4.054054054054042
3715,Die Grünen,2250,19,0.0,0.0,5.784732100521573,0.0,0.0,2.646396396396399,0.5689900426742511,5.494310099573248,7.201280227596023,3.5384068278805074,9.068278805120912,8.837126600284499,2.0270270270270316,0.3378378378378386,2.3648648648648702,5.4054054054054035,2.3648648648648702,3.378378378378379
1021,SPD,2250,19,1.0,0.0,4.477833096254149,1.0,1.0,0.8445945945945953,4.160739687055475,0.2489331436699942,7.04125177809388,0.8001422475106708,6.063300142247506,8.55263157894737,0.6756756756756701,1.689189189189193,1.3513513513513544,0.3378378378378386,0.6756756756756772,0.3378378378378386
2631,Die Grünen,2250,19,1.0,1.0,3.0968468468468457,1.0,1.0,6.306306306306304,3.3605974395448044,3.1827880512090942,6.383357041251784,2.1337126600284506,2.3648648648648702,1.1557610241820697,3.7162162162162105,6.081081081081088,10.13513513513513,2.7027027027027017,7.7702702702702595,7.432432432432435
4719,SPD,2250,19,1.0,0.0,6.804172593646279,1.0,0.0,2.984234234234234,3.307254623044102,3.4317211948790884,13.975817923186348,9.299431009957331,3.271692745376953,7.539118065433854,3.0405405405405403,2.702702702702709,3.7162162162162105,5.405405405405411,1.3513513513513544,1.6891891891891788
182,CDU,2250,19,1.0,1.0,3.410976766239925,0.0,1.0,8.164414414414415,0.3378378378378386,2.916073968705547,4.711948790896166,1.9559032716927405,10.526315789473685,0.017780938833574567,4.054054054054049,8.445945945945944,10.810810810810814,5.743243243243242,11.824324324324323,8.108108108108112
717,bunt.saar,2250,19,1.0,0.0,3.8021574205784723,0.0,1.0,1.5765765765765778,1.866998577524896,2.00924608819345,4.160739687055468,1.9914651493598896,8.60597439544808,4.17852062588905,2.7027027027027017,0.0,1.6891891891892072,1.689189189189186,2.7027027027026946,0.6756756756756772
4660,CDU,2250,19,1.0,0.0,5.921052631578945,1.0,0.0,2.9279279279279216,0.9423897581792318,1.9559032716927405,7.076813655761022,10.13513513513513,11.84210526315789,3.5739687055476566,2.0270270270270174,7.432432432432428,1.3513513513513473,2.364864864864856,0.0,4.391891891891881
2732,bunt.saar,2250,19,1.0,1.0,9.100877192982455,1.0,1.0,3.1531531531531507,7.752489331436706,9.050497866287337,12.766714082503547,1.0312944523470762,14.63371266002845,9.370554765291615,1.0135135135135087,3.0405405405405475,3.378378378378372,2.364864864864863,4.054054054054049,5.067567567567565
1641,Die Grünen,2250,19,0.0,0.0,8.40445708866761,1.0,1.0,2.8153153153153148,5.1209103840682815,7.005689900426745,8.712660028449498,4.480796586059739,15.16714082503556,9.939544807965845,5.067567567567565,2.364864864864863,2.3648648648648702,1.0135135135135158,3.378378378378379,2.7027027027026946
3619,bunt.saar,2250,19,0.0,1.0,3.7991939307728777,0.0,1.0,1.6891891891891895,2.7382645803698438,3.1294452347083777,3.342816500711244,0.35561877667140607,4.943100995732571,8.285917496443822,0.3378378378378386,1.689189189189193,4.391891891891888,2.0270270270270245,0.6756756756756701,1.013513513513523
4751,FDP,2250,19,1.0,1.0,5.180180180180181,1.0,1.0,4.16666666666667,6.454480796586061,1.1201991465149348,8.232574679943106,5.867709815078236,8.01920341394026,1.3869132290184893,1.0135135135135158,4.054054054054056,6.081081081081084,2.702702702702709,6.418918918918919,4.729729729729733
2515,FDP,2250,19,1.0,0.0,5.962541488857277,0.0,0.0,2.702702702702704,1.1024182076813602,0.7290184921763796,7.716927453769557,4.889758179231862,13.15789473684211,8.179231863442396,3.378378378378379,6.756756756756765,1.3513513513513473,1.3513513513513544,1.3513513513513473,2.0270270270270316
2189,SPD,2250,19,1.0,1.0,5.088311996206737,1.0,1.0,2.364864864864868,0.6578947368421098,10.152916073968711,7.0945945945945965,5.316500711237566,1.618065433854909,5.6899004267425255,3.7162162162162176,0.3378378378378457,3.378378378378372,2.702702702702709,2.3648648648648702,1.689189189189193
520,Die Grünen,2250,19,1.0,1.0,3.736960644855382,1.0,1.0,1.1261261261261275,0.08890469416784441,4.463015647226179,2.044807965860592,3.69843527738265,9.77951635846373,2.3470839260312957,2.3648648648648702,0.0,0.0,1.0135135135135158,1.689189189189186,1.689189189189193
3451,Die Grünen,2250,19,1.0,1.0,6.35964912280702,1.0,1.0,2.0270270270270294,4.907539118065429,7.3968705547653,4.516358463726888,3.449502133712656,12.944523470839272,4.943100995732571,2.3648648648648702,2.7027027027026946,1.3513513513513402,0.6756756756756772,1.3513513513513686,3.7162162162162247
4851,Die Grünen,2250,19,1.0,0.0,0.6164058795637715,1.0,0.0,5.574324324324324,0.03556187766713492,1.9203413940255984,0.17780938833571014,0.07112375533427695,1.404694167852064,0.08890469416784441,9.459459459459453,7.432432432432435,4.729729729729726,2.3648648648648702,6.756756756756751,2.702702702702709
4025,bunt.saar,2250,19,1.0,1.0,4.264461830251302,1.0,1.0,2.1959459459459416,2.293741109530586,5.476529160739673,6.827880512091042,0.32005689900427114,9.60170697012802,1.0668563300142182,3.0405405405405332,5.067567567567565,2.0270270270270316,0.0,1.0135135135135016,2.0270270270270174
4442,FDP,2250,19,0.0,1.0,8.632645803698436,1.0,1.0,3.997747747747747,1.191322901849226,9.850640113798008,9.655049786628737,9.388335704125176,9.139402560455189,12.571123755334277,4.391891891891888,4.391891891891888,5.405405405405411,0.6756756756756772,3.378378378378379,5.743243243243242
4226,Die Grünen,2250,19,1.0,0.0,6.51967757230915,1.0,0.0,2.083333333333332,2.009246088193457,2.916073968705547,5.067567567567565,6.98790896159317,15.23826458036985,6.899004267425312,2.0270270270270316,2.0270270270270174,3.0405405405405332,3.0405405405405403,2.0270270270270316,0.3378378378378386
2133,bunt.saar,2250,19,0.0,1.0,4.649715504978666,0.0,1.0,3.5472972972972983,2.151493598862025,2.400426742532005,7.716927453769557,5.049786628733997,4.658605974395456,5.921052631578952,3.0405405405405403,4.054054054054056,1.3513513513513473,8.445945945945951,0.3378378378378386,4.054054054054056
2086,FDP,2250,19,1.0,1.0,5.396514935988622,1.0,1.0,1.7454954954954935,1.866998577524896,9.192745376955898,7.628022759601713,2.6137980085348573,6.490042674253203,4.587482219061165,4.054054054054056,0.0,0.3378378378378244,3.0405405405405332,2.702702702702709,0.3378378378378386
728,FDP,2250,19,1.0,1.0,5.526908487434803,1.0,1.0,2.4211711711711685,5.95661450924608,7.290184921763881,8.943812233285911,2.8627311522048444,1.689189189189186,6.418918918918919,3.0405405405405332,2.0270270270270174,1.0135135135135158,1.0135135135135158,4.054054054054049,3.378378378378379
2070,CDU,2250,19,0.0,1.0,2.6997392128971085,0.0,1.0,2.702702702702704,5.032005689900423,4.160739687055475,2.115931721194876,2.560455192034155,0.4267425320056901,1.902560455192031,1.3513513513513544,1.3513513513513473,2.7027027027027017,6.081081081081095,3.378378378378379,1.3513513513513473
3455,DIE LINKE,2250,19,1.0,0.0,3.6836178283546652,0.0,0.0,2.421171171171167,1.6358463726884764,0.07112375533426984,7.716927453769557,5.4054054054054035,3.1116642958748173,4.160739687055468,5.4054054054054035,2.3648648648648702,1.3513513513513402,5.067567567567565,0.0,0.3378378378378244
4296,FDP,2250,19,1.0,1.0,4.068871503082028,1.0,1.0,2.027027027027026,3.200568990042669,2.720483641536269,2.2048364153627347,7.396870554765293,4.836415362731152,4.054054054054049,2.7027027027027017,3.378378378378379,0.3378378378378386,0.3378378378378386,2.364864864864863,3.0405405405405332
2194,CDU,2250,19,1.0,1.0,0.7645803698435275,1.0,1.0,2.927927927927931,0.9957325746799413,0.2844950213371291,1.1735419630156443,0.21337126600283796,1.0490753911806578,0.8712660028449548,2.702702702702709,0.3378378378378386,3.7162162162162176,3.0405405405405475,6.081081081081074,1.6891891891892001
2155,Die Grünen,2250,19,0.0,0.0,6.113679468942627,0.0,1.0,1.3513513513513498,3.44950213371267,7.5213371266002795,11.824324324324323,1.8847795163584706,4.551920341394016,7.450213371266003,0.3378378378378244,2.702702702702709,0.6756756756756701,1.0135135135135158,2.3648648648648702,1.0135135135135087
1820,FDP,2250,19,1.0,1.0,2.8449502133712685,1.0,1.0,1.407657657657656,1.3335704125177799,2.1337126600284577,5.51209103840683,1.9203413940255984,2.275960170697026,3.8940256045519206,0.3378378378378315,2.364864864864856,1.689189189189186,0.3378378378378386,1.3513513513513615,2.364864864864863
5004,FDP,2250,19,0.0,0.0,6.143314366998578,0.0,0.0,1.8018018018017976,1.7069701280227676,9.583926031294453,1.8136557610241795,5.992176386913229,9.121621621621621,8.641536273115221,0.3378378378378244,0.6756756756756843,0.3378378378378244,2.364864864864856,4.054054054054056,3.0405405405405403
748,Die Grünen,2250,19,1.0,0.0,5.275011853959225,1.0,1.0,1.5202702702702666,1.3335704125177799,3.94736842105263,4.978662873399728,0.7467994310099542,13.033428165007123,7.610241820768138,0.0,1.3513513513513473,3.7162162162162105,0.6756756756756701,1.689189189189193,1.6891891891891788
1190,SPD,2250,19,0.0,0.0,5.698790896159319,1.0,1.0,2.027027027027028,3.7517780938833525,4.17852062588905,4.925320056899011,3.8229018492176436,9.992887624466576,7.5213371266002795,2.702702702702709,1.0135135135135087,0.3378378378378386,1.689189189189186,3.7162162162162176,2.702702702702709
5067,FDP,2250,19,0.0,0.0,3.692508297771454,1.0,0.0,3.828828828828828,4.711948790896166,0.6578947368421026,0.5512091038406766,9.334992887624459,5.2631578947368425,1.6358463726884764,5.4054054054054035,1.689189189189186,4.391891891891895,5.743243243243242,2.7027027027027017,3.0405405405405403
3800,CDU,2250,19,1.0,0.0,1.7484589853010917,1.0,1.0,1.463963963963966,1.618065433854909,4.569701280227605,0.10668563300142608,1.2268847795163538,1.511379800853483,1.4580369843527734,2.7027027027027017,1.013513513513523,1.0135135135135158,3.378378378378379,0.3378378378378386,0.3378378378378386
4264,bunt.saar,2250,19,0.0,0.0,5.989212897107635,1.0,1.0,2.6463963963963955,9.139402560455203,4.267425320056894,9.690611664295872,1.9203413940255984,3.09388335704125,7.82361308677099,6.756756756756765,0.0,0.0,6.081081081081074,2.702702702702709,0.3378378378378244
1204,CDU,2250,19,0.0,0.0,4.694167852062589,1.0,0.0,1.9707207207207216,8.161450924608815,1.6358463726884764,1.546941678520625,3.556187766714082,9.299431009957331,3.9651493598862046,0.6756756756756843,4.054054054054056,2.0270270270270316,0.3378378378378244,3.7162162162162176,1.0135135135135158
4336,FDP,2250,19,0.0,1.0,6.940493124703651,0.0,0.0,2.702702702702704,4.17852062588905,7.5924608819345565,10.312944523470847,7.201280227596023,6.863442389758184,5.494310099573248,1.689189189189186,3.0405405405405475,2.364864864864863,5.405405405405411,3.378378378378379,0.3378378378378386
4465,FDP,2250,19,1.0,1.0,6.83973447131342,1.0,1.0,2.646396396396399,5.867709815078236,2.8982930298719793,8.143669985775247,1.618065433854916,19.096728307254622,3.413940256045521,0.3378378378378457,5.4054054054054035,1.3513513513513544,3.0405405405405546,1.0135135135135087,4.729729729729726
2210,DIE LINKE,2250,19,0.0,0.0,4.563774300616404,0.0,0.0,3.3783783783783767,0.7290184921763796,9.263869132290182,3.8584637268847715,0.21337126600283796,8.12588904694168,5.192034139402573,2.7027027027026946,5.405405405405411,1.3513513513513473,3.7162162162162105,4.391891891891888,2.702702702702709
2854,bunt.saar,2250,19,1.0,0.0,4.457088667614982,1.0,1.0,2.759009009009006,0.4800853485063925,8.766002844950215,1.2268847795163538,0.3911806543385481,7.130156472261731,8.748221906116648,1.3513513513513473,2.0270270270270245,6.418918918918912,2.0270270270270316,4.054054054054056,0.675675675675663
3641,bunt.saar,2250,19,1.0,0.0,3.8169748696064496,1.0,1.0,2.5337837837837838,1.4224751066856385,2.151493598862025,4.356330014224746,0.1422475106685539,12.091038406827884,2.738264580369851,2.0270270270270245,4.391891891891895,1.689189189189193,2.7027027027027017,2.0270270270270316,2.364864864864856
2434,FDP,2250,19,0.0,0.0,6.0010668563300165,0.0,0.0,1.2950450450450457,3.8584637268847715,4.854196301564727,2.916073968705547,11.806543385490762,7.201280227596023,5.369843527738269,2.0270270270270316,0.3378378378378386,0.3378378378378386,3.378378378378379,1.3513513513513473,0.3378378378378386
523,bunt.saar,2250,19,1.0,0.0,4.23482693219535,1.0,1.0,2.646396396396394,1.0135135135135087,4.089615931721191,10.064011379800853,1.1557610241820768,6.401137980085345,2.684921763869127,2.7027027027026946,0.6756756756756772,3.7162162162162105,3.378378378378379,1.689189189189193,3.7162162162162105
5107,DIE LINKE,2250,19,0.0,0.0,3.4139402560455174,0.0,0.0,1.182432432432434,2.0270270270270316,1.6714082503556114,4.783072546230443,0.1422475106685539,8.019203413940254,3.840682788051211,3.7162162162162247,0.6756756756756843,1.689189189189186,1.0135135135135087,0.0,0.0
1060,FDP,2250,19,1.0,0.0,3.5650782361308635,1.0,1.0,4.448198198198198,0.03556187766713492,6.490042674253196,1.831436699857754,9.210526315789465,2.400426742532005,1.4224751066856243,1.3513513513513473,5.067567567567565,4.729729729729733,7.0945945945945965,4.391891891891888,4.054054054054056
2929,FDP,2250,19,1.0,1.0,5.749170222854432,1.0,1.0,6.306306306306305,2.8982930298719793,4.089615931721191,11.877667140825032,3.271692745376953,4.765291607396868,7.592460881934571,10.13513513513513,2.7027027027027017,9.121621621621614,5.4054054054054035,5.743243243243242,4.7297297297297405
1543,Die Grünen,2250,19,0.0,0.0,3.9118065433854894,1.0,0.0,1.2387387387387403,0.7645803698435216,1.3513513513513473,5.654338549075405,1.618065433854909,7.5213371266002795,6.561166429587473,0.6756756756756772,2.0270270270270245,1.013513513513523,2.702702702702709,1.0135135135135087,0.0
556,FDP,2250,19,1.0,0.0,3.849573257467996,1.0,1.0,2.083333333333332,2.489331436699864,7.574679943100996,0.4445234708392647,1.3335704125177799,7.788051209103841,3.4672830725462305,5.4054054054054035,1.0135135135135158,1.689189189189193,2.7027027027026946,1.3513513513513473,0.3378378378378386
4363,bunt.saar,2250,19,1.0,1.0,4.797889995258417,0.0,0.0,4.279279279279277,1.902560455192038,4.320768136557611,6.987908961593163,0.10668563300142608,10.419630156472259,5.0497866287340045,3.7162162162162033,1.3513513513513544,6.081081081081074,5.067567567567565,4.729729729729726,4.7297297297297405
4832,FDP,2250,19,0.0,1.0,3.384305357989568,1.0,1.0,1.8581081081081077,2.258179231863444,6.525604551920338,2.400426742532005,5.298719772403977,2.009246088193457,1.8136557610241866,4.391891891891881,0.3378378378378457,0.0,4.391891891891895,1.3513513513513473,0.6756756756756772
290,CDU,2250,19,1.0,1.0,2.32633949739213,1.0,1.0,1.0698198198198174,1.0135135135135087,2.916073968705547,5.138691322901856,0.5156472261735487,1.4935988620199083,2.880512091038412,0.3378378378378315,0.6756756756756843,0.6756756756756701,1.0135135135135087,1.3513513513513473,2.364864864864863
3543,bunt.saar,2250,19,0.0,1.0,2.453769559032716,1.0,1.0,2.9279279279279264,2.8982930298719793,2.9694167852062563,0.46230440967282505,3.7873399715504945,2.418207681365587,2.187055476529153,5.4054054054054035,1.3513513513513544,2.7027027027026946,2.7027027027027017,3.0405405405405332,2.3648648648648702
3820,bunt.saar,2250,19,1.0,0.0,4.626007586533902,1.0,0.0,5.405405405405408,1.8492176386913215,4.658605974395449,9.370554765291615,0.03556187766713492,8.054765291607396,3.7873399715504945,3.0405405405405403,2.3648648648648702,8.108108108108112,6.418918918918926,7.094594594594589,5.405405405405411
903,CDU,2250,19,1.0,0.0,5.1564722617354235,1.0,1.0,1.8018018018018047,3.9651493598862118,2.435988620199147,1.582503556187767,10.08179231863442,7.948079658605984,4.925320056899011,0.0,3.378378378378379,1.0135135135135158,1.3513513513513544,3.0405405405405475,2.0270270270270316
1234,bunt.saar,2250,19,1.0,0.0,3.82290184921764,1.0,1.0,3.040540540540539,5.689900426742533,0.4445234708392718,4.765291607396868,4.587482219061165,6.134423897581783,1.3157894736842195,2.702702702702709,1.3513513513513402,4.729729729729726,3.7162162162162176,2.3648648648648702,3.378378378378372
2796,Die Grünen,2250,19,0.0,0.0,4.910502607871027,0.0,0.0,2.7027027027027004,0.7290184921763796,6.596728307254629,7.112375533428171,3.3250355618776624,6.899004267425312,4.80085348506401,2.7027027027026946,0.6756756756756772,3.7162162162162105,5.067567567567565,1.3513513513513473,2.702702702702709
3891,Die Grünen,2250,19,0.0,0.0,5.369843527738262,0.0,0.0,4.279279279279279,3.378378378378379,0.08890469416784441,12.766714082503555,0.37339971550497353,7.147937411095306,8.463726884779518,4.391891891891888,1.689189189189193,6.756756756756751,3.378378378378379,4.054054054054056,5.4054054054054035
4630,SPD,2250,19,1.0,0.0,2.5604551920341385,0.0,1.0,2.083333333333332,0.17780938833571014,0.9601706970128063,6.276671408250358,5.209815078236119,2.0981507823613015,0.6401137980085352,3.0405405405405475,4.054054054054056,0.3378378378378386,3.0405405405405332,0.675675675675663,1.3513513513513544
3663,CDU,2250,19,1.0,1.0,6.590801327643432,0.0,1.0,1.1261261261261264,2.6493598862019923,5.51209103840683,9.743954480796589,0.9423897581792318,10.330725462304407,10.366287339971542,1.3513513513513544,0.0,2.0270270270270316,1.689189189189186,0.0,1.689189189189186
2010,FDP,2250,19,1.0,0.0,4.9816263632053115,1.0,1.0,2.590090090090085,3.6806543385490826,3.058321479374108,6.721194879089616,10.810810810810814,0.2489331436699871,5.3698435277382615,3.0405405405405332,1.689189189189186,3.7162162162162176,2.7027027027026946,1.0135135135135087,3.378378378378372
4181,bunt.saar,2250,19,0.0,0.0,5.598032242769079,1.0,1.0,2.8716216216216175,3.200568990042669,2.4537695590327075,3.485064011379805,4.214082503556185,14.758179231863437,5.476529160739673,2.7027027027027017,1.3513513513513402,4.054054054054063,2.0270270270270316,3.0405405405405332,4.054054054054035
2539,FDP,2250,19,0.0,1.0,3.3813418681839735,1.0,1.0,1.9144144144144188,0.1422475106685539,1.2268847795163538,2.3826458036984306,7.2724039829302995,6.276671408250365,2.987197724039838,2.0270270270270245,3.0405405405405403,2.7027027027027017,1.013513513513523,0.6756756756756843,2.0270270270270387
4366,FDP,2250,19,1.0,1.0,3.194642010431483,1.0,1.0,2.533783783783782,1.689189189189193,1.7425320056899025,2.115931721194876,3.058321479374108,4.80085348506401,5.7610241820768096,2.0270270270270174,1.689189189189186,0.6756756756756772,6.418918918918919,2.364864864864863,2.027027027027028
3350,Die Grünen,2250,19,1.0,0.0,5.2453769559032715,0.0,1.0,1.2387387387387356,4.480796586059739,3.271692745376953,7.752489331436699,2.293741109530579,6.952347083926043,6.721194879089616,0.3378378378378315,1.0135135135135158,2.7027027027026946,2.364864864864856,0.3378378378378386,0.6756756756756772
3037,bunt.saar,2250,19,1.0,1.0,4.457088667614985,1.0,1.0,3.7162162162162153,5.618776671408241,0.8179231863442311,3.485064011379805,5.03200568990043,8.392603129445234,3.3961593172119677,2.702702702702709,2.0270270270270174,1.0135135135135158,5.067567567567565,4.729729729729726,6.756756756756758
2643,SPD,2250,19,0.0,0.0,4.225936462778571,1.0,0.0,2.646396396396393,1.4224751066856385,6.792318634423893,4.9075391180654435,1.1379800853485094,6.970128022759603,4.12517780938834,2.7027027027027017,1.0135135135135087,4.391891891891881,2.0270270270270245,2.7027027027026946,3.0405405405405475
3838,CDU,2250,19,1.0,1.0,2.258179231863444,1.0,1.0,4.7860360360360374,2.3826458036984377,2.3470839260312957,1.0668563300142253,1.7069701280227676,3.94736842105263,2.0981507823613086,5.067567567567572,4.054054054054056,5.067567567567572,6.081081081081074,3.0405405405405403,5.405405405405411
157,bunt.saar,2250,19,1.0,0.0,6.140350877192986,1.0,1.0,2.5337837837837873,4.409672830725462,4.267425320056901,5.921052631578945,4.285206258890469,11.34423897581793,6.614509246088204,3.378378378378379,4.054054054054063,1.689189189189193,4.729729729729733,0.6756756756756772,0.6756756756756772
2712,DIE LINKE,2250,19,0.0,1.0,3.0820293978188715,0.0,1.0,4.448198198198195,0.8001422475106708,2.258179231863444,0.49786628733995997,3.591749644381224,8.605974395448087,2.7382645803698438,2.7027027027027017,1.0135135135135087,4.729729729729726,5.4054054054054035,10.13513513513513,2.7027027027027017
1069,FDP,2250,19,0.0,1.0,3.084992887624466,0.0,1.0,2.3648648648648667,3.307254623044102,2.4537695590327075,1.6002844950213486,5.6899004267425255,0.6934566145092447,4.765291607396868,2.3648648648648702,0.0,2.702702702702709,2.364864864864863,3.378378378378379,3.378378378378379
4322,SPD,2250,19,0.0,0.0,6.241109530583213,0.0,1.0,2.9842342342342327,1.9203413940255984,6.454480796586061,7.645803698435266,0.10668563300142608,10.650782361308679,10.668563300142246,3.378378378378379,0.6756756756756772,5.4054054054054035,1.0135135135135158,4.054054054054049,3.378378378378372
5016,FDP,2250,19,0.0,1.0,3.968112849691798,1.0,0.0,1.9707207207207158,1.902560455192038,1.2802275960170775,0.37339971550497353,8.97937411095306,10.56187766714082,0.7112375533428192,3.378378378378372,2.364864864864856,1.3513513513513473,2.364864864864863,2.0270270270270245,0.3378378378378315
862,SPD,2250,19,0.0,0.0,5.452821242294931,0.0,0.0,4.335585585585588,2.080369843527741,7.2724039829302995,7.02347083926032,0.2489331436699942,11.379800853485065,4.711948790896166,6.418918918918912,1.3513513513513473,3.378378378378386,7.770270270270274,4.7297297297297405,2.3648648648648702
1555,bunt.saar,2250,19,1.0,1.0,4.803816974869605,1.0,1.0,4.3355855855855845,11.504267425320052,2.507112375533424,0.8357041251778128,5.725462304409675,6.561166429587473,1.689189189189193,1.0135135135135087,1.0135135135135158,6.418918918918919,4.391891891891888,6.756756756756758,6.418918918918919
1912,CDU,2250,19,0.0,1.0,5.165362731152203,0.0,1.0,1.8018018018017987,2.7560455192034112,7.290184921763874,6.899004267425319,5.209815078236119,3.94736842105263,4.889758179231862,2.364864864864856,1.0135135135135087,1.0135135135135087,2.3648648648648702,2.7027027027026946,1.3513513513513544
2497,FDP,2250,19,0.0,1.0,4.142958748221903,0.0,0.0,2.4211711711711708,0.7112375533428192,2.3470839260312886,1.0668563300142253,1.0135135135135087,15.273826458036979,4.445234708392597,1.013513513513523,3.7162162162162176,6.418918918918912,0.3378378378378315,1.0135135135135087,2.0270270270270316
2855,FDP,2250,19,1.0,1.0,4.092579421526789,0.0,1.0,2.195945945945945,3.0761024182076895,2.8271692745377024,4.996443812233281,3.1116642958748173,6.881223328591744,3.662873399715501,0.0,3.378378378378379,1.689189189189186,3.0405405405405475,3.7162162162162105,1.3513513513513473
2952,bunt.saar,2250,19,0.0,1.0,5.568397344713133,1.0,1.0,1.8581081081081134,4.640825035561875,3.4672830725462234,10.455192034139408,0.5334281650071091,7.3790896159317185,6.934566145092461,1.013513513513523,3.378378378378386,4.054054054054063,0.0,0.0,2.702702702702709
5051,FDP,2250,19,0.0,1.0,2.462660028449502,1.0,1.0,2.6463963963963963,0.40896159317210845,0.6756756756756772,2.916073968705547,4.729729729729726,3.840682788051218,2.2048364153627347,0.3378378378378386,3.378378378378372,3.378378378378379,1.0135135135135158,5.405405405405411,2.364864864864863
4831,Die Grünen,2250,19,0.0,1.0,5.3668800379326695,1.0,1.0,3.8288288288288306,1.191322901849226,1.0135135135135087,9.797297297297305,1.3869132290184822,15.433854907539121,3.378378378378372,2.7027027027026946,0.6756756756756701,8.108108108108112,4.391891891891902,5.067567567567579,2.0270270270270245
1975,Die Grünen,2250,19,1.0,1.0,6.122569938359413,1.0,1.0,1.0135135135135147,0.2844950213371291,8.001422475106693,8.62375533428164,2.6493598862019923,11.415362731152207,5.761024182076817,0.6756756756756843,0.3378378378378528,0.3378378378378244,0.3378378378378386,0.6756756756756772,3.7162162162162105
4205,Die Grünen,2250,19,0.0,0.0,7.8651019440493135,0.0,0.0,4.898648648648648,2.916073968705547,1.546941678520632,12.87339971550498,2.5960170697012828,18.332147937411094,8.926031294452343,4.729729729729726,0.6756756756756772,8.78378378378379,2.7027027027026946,6.081081081081081,6.418918918918919
2424,bunt.saar,2250,19,1.0,0.0,5.535798956851587,1.0,1.0,2.364864864864863,0.6401137980085352,3.182788051209087,6.365576102418217,1.724751066856328,14.43812233285918,6.863442389758177,1.3513513513513544,0.675675675675663,3.7162162162162247,0.3378378378378386,4.729729729729726,3.378378378378372
2966,FDP,2250,19,1.0,0.0,3.53544333807492,1.0,0.0,2.1959459459459487,9.797297297297305,0.12446657183499354,4.534139402560456,3.307254623044095,3.058321479374115,0.3911806543385552,1.3513513513513473,1.689189189189186,3.378378378378393,3.378378378378386,2.3648648648648702,1.0135135135135087
3813,CDU,2250,19,0.0,1.0,4.350403034613561,0.0,1.0,2.533783783783781,4.9075391180654435,4.338549075391185,0.46230440967283215,2.00924608819345,9.957325746799427,4.42745376955903,0.0,4.729729729729726,4.729729729729726,2.364864864864856,0.3378378378378386,3.0405405405405403
3886,Die Grünen,2250,19,1.0,1.0,5.120910384068281,1.0,1.0,1.5202702702702713,1.8136557610241795,6.578947368421048,7.290184921763881,0.017780938833574567,4.17852062588905,10.846372688477949,0.6756756756756701,1.0135135135135087,2.3648648648648702,1.3513513513513544,0.3378378378378528,3.378378378378372
762,SPD,2250,19,1.0,0.0,5.550616405879563,1.0,1.0,1.463963963963965,3.2183499288762576,5.494310099573248,9.637268847795163,0.6756756756756772,4.729729729729726,9.548364153627304,1.013513513513523,0.3378378378378386,3.0405405405405332,1.689189189189193,1.0135135135135158,1.689189189189186
2804,CDU,2250,19,0.0,0.0,3.0109056424845897,1.0,0.0,4.560810810810811,2.8982930298719793,1.9381223328591872,1.262446657183503,3.1294452347083777,3.6095305832147915,5.2275960170697005,3.0405405405405475,6.418918918918926,3.0405405405405332,7.094594594594589,4.054054054054056,3.7162162162162176
764,bunt.saar,2250,19,0.0,0.0,3.8051209103840677,1.0,1.0,2.6463963963963977,3.805120910384062,0.32005689900426404,6.276671408250358,3.09388335704125,4.623044096728307,4.711948790896166,1.3513513513513544,1.689189189189193,4.391891891891895,3.0405405405405403,3.378378378378386,2.0270270270270174
3290,bunt.saar,2250,19,1.0,0.0,3.6421289710763425,0.0,0.0,1.2387387387387392,1.262446657183503,5.2275960170697005,2.809388335704128,2.5960170697012828,9.655049786628737,0.3022759601707037,2.702702702702709,0.3378378378378386,1.3513513513513473,0.3378378378378386,2.0270270270270245,0.6756756756756772
1164,bunt.saar,2250,19,1.0,0.0,6.487079184447605,1.0,1.0,1.5765765765765778,3.485064011379805,3.022759601706973,11.21977240398293,1.2446657183499283,13.83357041251778,6.116642958748216,1.0135135135135158,2.0270270270270316,1.0135135135135158,1.0135135135135158,3.378378378378372,1.0135135135135158
1249,FDP,2250,19,1.0,1.0,6.20851114272167,1.0,1.0,3.434684684684683,1.8847795163584706,8.161450924608815,6.899004267425319,2.2048364153627347,12.820056899004271,5.28093883357041,2.0270270270270316,4.391891891891888,3.7162162162162105,1.0135135135135158,4.729729729729726,4.729729729729726
1653,FDP,2250,19,1.0,1.0,8.425201517306776,1.0,1.0,1.069819819819818,5.352062588904687,11.69985775248933,7.3790896159317185,9.10384068278804,6.596728307254629,10.419630156472262,3.0405405405405332,0.6756756756756772,2.0270270270270245,0.0,0.0,0.6756756756756737
2946,SPD,2250,19,1.0,0.0,4.110360360360364,1.0,1.0,1.5765765765765754,1.2091038406827934,2.293741109530586,6.152204836415365,4.3029871977240575,0.9423897581792318,9.76173541963015,0.3378378378378386,3.378378378378372,1.0135135135135158,2.0270270270270316,0.3378378378378386,2.364864864864856
854,bunt.saar,2250,19,1.0,0.0,3.191678520625891,1.0,1.0,1.2387387387387356,2.3470839260312886,0.4978662873399742,3.6806543385490897,2.6137980085348502,5.832147937411094,4.17852062588905,2.0270270270270245,1.3513513513513544,0.3378378378378244,1.3513513513513544,2.0270270270270174,0.3378378378378386
3320,SPD,2250,19,0.0,0.0,9.361664295874823,1.0,0.0,2.984234234234234,11.59317211948791,10.73968705547653,7.04125177809388,4.978662873399713,13.762446657183496,8.054765291607403,1.0135135135135158,3.0405405405405403,3.0405405405405332,1.0135135135135087,4.729729729729726,5.067567567567579
1741,bunt.saar,2250,19,0.0,0.0,4.4481981981982,0.0,0.0,2.7590090090090107,0.16002844950213557,1.866998577524896,7.841394025604551,4.107396870554773,7.752489331436706,4.960881934566139,3.0405405405405475,2.702702702702709,2.364864864864863,2.702702702702709,2.0270270270270316,3.7162162162162033
1796,Die Grünen,2250,19,1.0,0.0,3.828828828828827,1.0,0.0,3.3783783783783803,2.9338549075391214,4.285206258890469,3.7162162162162105,2.471550497866282,7.912517780938828,1.653627311522051,3.0405405405405475,0.3378378378378386,4.054054054054063,3.7162162162162176,4.054054054054049,5.067567567567565
1660,DIE LINKE,2250,19,0.0,0.0,3.6362019914651484,0.0,1.0,2.5337837837837847,1.866998577524896,6.507823613086771,0.16002844950213557,7.681365576102422,4.018492176386907,1.5825035561877598,2.0270270270270245,1.013513513513523,2.702702702702709,2.0270270270270174,2.3648648648648702,5.067567567567565
1456,FDP,2250,19,0.0,0.0,6.3389046941678515,1.0,1.0,1.1824324324324316,7.2724039829302995,5.832147937411094,9.246088193456615,8.641536273115221,3.2894736842105274,3.7517780938833525,1.3513513513513473,0.3378378378378386,1.3513513513513473,1.689189189189193,1.3513513513513473,1.0135135135135158
1769,DIE LINKE,2250,19,1.0,0.0,4.824561403508768,0.0,1.0,1.0135135135135087,4.889758179231862,1.2980085348506378,5.209815078236119,5.867709815078236,9.850640113798008,1.831436699857747,1.0135135135135087,0.0,0.675675675675663,2.0270270270270245,1.0135135135135087,1.3513513513513473
1400,FDP,2250,19,1.0,1.0,6.223328591749643,1.0,1.0,1.520270270270269,8.499288762446653,2.5960170697012828,4.356330014224753,9.299431009957324,10.899715504978662,1.689189189189186,1.3513513513513473,0.0,0.3378378378378386,0.0,4.054054054054049,3.378378378378379
230,SPD,2250,19,0.0,0.0,6.335941204362257,0.0,0.0,2.308558558558559,1.724751066856328,1.8492176386913286,11.91322901849216,6.490042674253203,13.691322901849226,2.3470839260312957,1.0135135135135158,2.0270270270270316,0.0,0.3378378378378386,6.081081081081081,4.391891891891888
362,FDP,2250,19,1.0,0.0,4.107396870554766,1.0,1.0,1.9144144144144164,2.151493598862025,10.828591749644367,0.26671408250356166,0.6756756756756772,9.121621621621621,1.6002844950213415,5.743243243243242,7.105427357601002e-15,1.3513513513513473,3.378378378378386,0.6756756756756701,0.3378378378378457
4001,Die Grünen,2250,19,1.0,0.0,4.48968705547653,1.0,0.0,1.2387387387387392,1.9203413940255984,7.21906116642959,1.7069701280227676,4.765291607396875,7.3790896159317185,3.94736842105263,1.013513513513523,2.364864864864863,0.675675675675663,0.3378378378378457,2.7027027027027017,0.3378378378378386
4309,CDU,2250,19,1.0,0.0,3.7339971550497837,1.0,1.0,1.0135135135135123,3.022759601706973,6.1877667140825,4.17852062588905,4.267425320056894,2.1692745376955855,2.578236130867701,0.3378378378378244,1.0135135135135087,0.6756756756756772,2.0270270270270316,2.0270270270270316,0.0
2333,DIE LINKE,2250,19,1.0,0.0,4.951991465149361,1.0,0.0,2.5337837837837847,7.610241820768138,4.658605974395449,7.21906116642959,0.4445234708392647,6.596728307254629,3.1827880512090942,2.702702702702709,4.729729729729726,2.364864864864863,0.6756756756756772,4.391891891891895,0.3378378378378386
4035,Die Grünen,2250,19,1.0,0.0,5.0912754860123215,1.0,1.0,1.5765765765765754,3.3961593172119535,5.618776671408241,3.4672830725462234,3.3961593172119393,7.361308677098144,7.307965860597427,1.689189189189186,0.6756756756756701,2.0270270270270316,4.054054054054049,1.0135135135135158,0.0
3691,bunt.saar,2250,19,1.0,1.0,3.905879563774301,1.0,1.0,1.463963963963965,4.107396870554766,1.8492176386913286,2.987197724039831,4.871977240398294,4.907539118065429,4.711948790896159,3.378378378378379,0.0,0.0,2.7027027027027017,0.6756756756756772,2.0270270270270316
2668,CDU,2250,19,1.0,1.0,2.6315789473684177,1.0,1.0,4.617117117117117,2.115931721194869,5.992176386913222,1.1557610241820626,0.9779516358463738,3.058321479374115,2.489331436699864,6.756756756756751,0.6756756756756843,3.7162162162162176,6.081081081081081,4.729729729729726,5.743243243243242
1327,FDP,2250,19,0.0,1.0,3.6569464201043167,1.0,1.0,2.027027027027026,2.8271692745377024,1.4580369843527734,0.142247510668561,8.570412517780944,8.410384068278809,0.5334281650071091,2.0270270270270245,1.0135135135135087,3.0405405405405403,1.3513513513513544,0.6756756756756772,4.054054054054049
1550,FDP,2250,19,1.0,0.0,4.015528686581319,1.0,1.0,5.292792792792796,2.6493598862019923,6.934566145092461,0.8890469416785152,0.9068278805120968,9.957325746799427,2.7560455192034183,1.0135135135135158,5.067567567567579,9.797297297297305,0.3378378378378386,4.054054054054056,11.486486486486484
2068,CDU,2250,19,1.0,0.0,3.6539829302987195,1.0,1.0,1.2387387387387392,0.9601706970128063,1.262446657183503,3.5028449502133725,6.899004267425312,5.618776671408241,3.6806543385490826,1.3513513513513615,1.0135135135135087,1.0135135135135158,1.0135135135135087,2.364864864864856,0.6756756756756843
1213,CDU,2250,19,1.0,0.0,3.5710052157420598,0.0,1.0,1.7454954954954935,1.3869132290184822,2.9694167852062634,4.054054054054049,5.654338549075405,5.88549075391181,1.475817923186348,0.6756756756756772,3.0405405405405403,2.7027027027027017,1.3513513513513402,1.0135135135135158,1.689189189189186
1714,Die Grünen,2250,19,1.0,1.0,4.1073968705547665,1.0,1.0,2.195945945945945,0.7823613086770962,7.201280227596023,1.3513513513513544,0.5689900426742511,10.330725462304414,4.409672830725462,0.3378378378378315,0.3378378378378386,5.067567567567565,0.3378378378378386,3.0405405405405332,4.054054054054063
1910,SPD,2250,19,0.0,0.0,6.916785206258887,0.0,0.0,6.700450450450451,8.019203413940254,5.885490753911803,2.6315789473684177,10.295163584637265,12.837837837837839,1.831436699857747,2.0270270270270316,7.0945945945945965,8.445945945945944,2.7027027027026946,11.82432432432433,8.108108108108112
2838,FDP,2250,19,0.0,1.0,2.6552868658131814,0.0,0.0,3.8288288288288306,0.284495021337122,5.51209103840683,1.2268847795163538,7.343527738264598,0.6934566145092376,0.8712660028449477,1.3513513513513402,5.405405405405411,3.7162162162162176,3.0405405405405546,3.7162162162162176,5.743243243243242
2748,bunt.saar,2250,19,1.0,1.0,3.8347558084400197,1.0,1.0,1.8581081081081123,5.138691322901842,3.7339971550498063,3.9295874822190626,3.8940256045519206,4.445234708392604,1.8669985775248819,2.3648648648648702,2.3648648648648702,2.3648648648648702,0.0,3.7162162162162105,0.3378378378378528
1734,bunt.saar,2250,19,1.0,0.0,5.375770507349455,1.0,0.0,2.139639639639642,8.730440967283073,4.640825035561882,5.28093883357041,1.8847795163584706,9.903982930298717,1.8136557610241795,2.364864864864863,1.013513513513523,4.391891891891888,2.3648648648648702,0.3378378378378386,2.3648648648648702
3321,FDP,2250,19,1.0,0.0,5.3194642010431465,1.0,0.0,1.9707207207207194,1.4046941678520568,5.992176386913222,6.916785206258886,1.1735419630156514,9.957325746799427,6.472261735419636,0.0,3.0405405405405475,2.7027027027027017,1.0135135135135016,0.6756756756756772,4.391891891891888
3146,Die Grünen,2250,19,1.0,0.0,8.214793741109533,1.0,0.0,1.5765765765765754,7.361308677098151,5.849928876244675,9.672830725462298,3.3605974395448044,13.53129445234709,9.512802275960176,1.689189189189186,0.675675675675663,1.689189189189193,2.364864864864856,2.0270270270270316,1.013513513513523
5148,FDP,2250,19,1.0,1.0,3.4139402560455188,1.0,1.0,2.5900900900900887,5.245376955903275,1.546941678520625,1.0846372688477928,7.147937411095313,5.423186344238971,0.03556187766713492,1.689189189189186,3.7162162162162176,1.3513513513513473,1.689189189189193,6.081081081081081,1.0135135135135087
974,Die Grünen,2250,19,0.0,1.0,4.72972972972973,1.0,0.0,2.2522522522522515,2.6493598862019923,1.3157894736842124,3.662873399715508,6.347795163584642,10.472972972972968,3.9295874822190555,1.3513513513513544,2.0270270270270316,3.0405405405405332,1.3513513513513473,2.0270270270270316,3.7162162162162105
2690,FDP,2250,19,0.0,1.0,3.0968468468468457,0.0,1.0,3.9414414414414396,0.3022759601707037,2.809388335704128,5.298719772403977,7.325746799431002,2.0981507823613086,0.7467994310099542,3.0405405405405403,3.378378378378379,8.445945945945944,1.3513513513513402,2.0270270270270316,5.4054054054054035
2831,bunt.saar,2250,19,1.0,0.0,3.47913703176861,0.0,0.0,5.6306306306306295,3.7517780938833525,0.0,4.338549075391185,0.7290184921763867,9.530583214793744,2.5248933143669916,6.418918918918912,0.3378378378378386,4.7297297297297405,7.770270270270267,6.756756756756758,7.7702702702702595
4472,Die Grünen,2250,19,0.0,1.0,3.905879563774301,0.0,1.0,3.603603603603606,0.5334281650071233,3.9651493598862046,3.5384068278805074,2.0625889046941666,7.343527738264584,5.992176386913222,3.7162162162162176,6.756756756756758,2.0270270270270316,1.689189189189193,4.391891891891888,3.0405405405405475
4213,CDU,2250,19,1.0,0.0,3.9799668089141753,1.0,1.0,2.195945945945946,0.16002844950213557,1.689189189189186,7.307965860597427,3.769559032716927,5.4054054054054035,5.547652916073972,0.0,3.7162162162162176,1.013513513513523,4.391891891891895,1.0135135135135087,3.0405405405405332
593,SPD,2250,19,1.0,1.0,3.467283072546232,1.0,1.0,2.646396396396394,3.307254623044102,3.733997155049792,2.6849217638691343,1.1735419630156443,4.463015647226172,5.4409672830725455,2.3648648648648702,2.7027027027027017,1.0135135135135016,1.689189189189186,5.4054054054054035,2.7027027027027017
3005,bunt.saar,2250,19,1.0,1.0,4.374110953058321,1.0,1.0,0.9572072072072059,5.529871977240404,7.005689900426745,4.338549075391185,0.7112375533428192,6.223328591749635,2.43598862019914,0.3378378378378386,1.0135135135135158,1.3513513513513402,0.3378378378378315,1.689189189189193,1.0135135135135158
3052,Die Grünen,2250,19,1.0,1.0,4.623044096728308,1.0,1.0,0.281531531531531,4.498577524893314,5.867709815078236,4.445234708392604,0.2844950213371291,6.987908961593163,5.654338549075405,0.6756756756756701,0.0,1.0135135135135158,0.0,0.0,0.0
2154,CDU,2250,19,1.0,0.0,2.5100758653390245,0.0,1.0,1.8018018018018023,1.653627311522051,5.0497866287340045,3.1827880512091085,2.9694167852062563,1.9559032716927405,0.2489331436699871,0.6756756756756701,0.6756756756756772,3.0405405405405475,3.378378378378372,1.3513513513513544,1.689189189189193
4769,bunt.saar,2250,19,1.0,0.0,4.5252489331436685,1.0,1.0,1.2387387387387356,1.3869132290184822,0.12446657183498644,6.507823613086771,5.7610241820768096,10.384068278805131,2.987197724039831,0.3378378378378457,0.675675675675663,1.6891891891891788,0.3378378378378386,1.689189189189193,2.7027027027026946
180,bunt.saar,2250,19,1.0,0.0,5.236486486486485,1.0,0.0,1.1824324324324316,0.7467994310099542,0.5156472261735416,7.556899004267422,6.152204836415358,12.037695590327168,4.409672830725469,2.364864864864863,1.0135135135135016,0.0,1.0135135135135158,0.6756756756756772,2.0270270270270316
725,CDU,2250,19,1.0,0.0,4.774182076813659,1.0,1.0,2.195945945945944,3.9118065433855023,2.0625889046941666,0.3911806543385552,7.254623044096725,13.495732574679948,1.5291607396870575,4.054054054054056,3.7162162162162176,0.3378378378378244,0.6756756756756701,1.689189189189186,2.702702702702709
2021,SPD,2250,19,0.0,0.0,5.829184447605503,1.0,0.0,3.2657657657657637,4.587482219061172,1.5825035561877598,8.748221906116648,4.854196301564727,7.112375533428171,8.090327169274538,5.743243243243235,4.729729729729726,1.0135135135135158,7.432432432432428,0.3378378378378386,0.3378378378378386
