person_id,true_best_party,n_train,n_items_asked_50,obs_top1,obs_top3,obs_mae_mean,pred_top1,pred_top3,pred_mae_mean,obs_mae_CDU,obs_mae_DIE LINKE,obs_mae_Die Grünen,obs_mae_FDP,obs_mae_SPD,obs_mae_bunt.saar,pred_mae_CDU,pred_mae_DIE LINKE,pred_mae_Die Grünen,pred_mae_FDP,pred_mae_SPD,pred_mae_bunt.saar
118,CDU,3134,19,1.0,0.0,4.439307728781416,1.0,0.0,1.8581081081081063,2.418207681365587,1.9381223328591872,1.724751066856328,13.477951635846374,1.724751066856328,5.352062588904694,0.3378378378378244,5.405405405405411,0.0,0.6756756756756701,0.3378378378378457,4.391891891891888
1588,FDP,3134,19,1.0,1.0,4.528212422949264,1.0,1.0,1.4076576576576585,5.1031294452347,0.9068278805120897,3.3605974395448044,8.570412517780944,1.475817923186348,7.752489331436699,1.3513513513513615,1.0135135135135087,1.3513513513513544,0.6756756756756701,2.7027027027027017,1.3513513513513544
919,SPD,3134,19,0.0,0.0,3.3042911332385017,1.0,0.0,1.4639639639639626,6.703413940256041,0.2489331436699942,1.9203413940255984,4.409672830725462,3.9651493598862118,2.578236130867701,2.702702702702709,1.689189189189193,1.3513513513513544,0.3378378378378386,2.0270270270270174,0.675675675675663
2723,CDU,3134,19,1.0,1.0,2.110004741583692,1.0,1.0,2.759009009009007,2.6493598862019923,2.7560455192034112,3.6806543385490826,0.2489331436699942,0.40896159317212266,2.916073968705547,4.054054054054049,3.378378378378379,2.364864864864856,5.4054054054054035,1.0135135135135087,0.3378378378378457
2630,CDU,3134,19,0.0,1.0,3.68658131816026,1.0,1.0,1.9707207207207216,7.183499288762434,5.849928876244668,2.2403982930298625,1.4402560455191917,2.578236130867701,2.8271692745377024,1.689189189189193,1.689189189189186,1.689189189189193,5.4054054054054035,0.0,1.3513513513513544
1106,FDP,3134,19,1.0,0.0,4.116287339971547,1.0,1.0,1.6891891891891848,4.320768136557611,7.112375533428157,3.7162162162162176,3.805120910384062,2.933854907539107,2.809388335704128,1.0135135135135016,2.0270270270270245,1.3513513513513473,0.3378378378378386,2.7027027027026946,2.7027027027027017
4764,FDP,3134,19,1.0,1.0,3.242057847321005,1.0,1.0,1.6328828828828865,4.9075391180654435,3.6450924608819335,1.1379800853485094,7.076813655761022,2.578236130867701,0.10668563300141898,0.0,3.0405405405405475,2.364864864864863,1.3513513513513544,0.6756756756756843,2.3648648648648702
3782,DIE LINKE,3134,19,1.0,1.0,3.0731389284020856,1.0,0.0,5.518018018018016,7.130156472261731,1.0312944523470833,4.231863442389766,1.3691322901849219,4.196301564722617,0.4800853485063925,10.472972972972975,4.391891891891881,1.689189189189186,11.486486486486491,4.391891891891888,0.6756756756756772
2758,Die Grünen,3134,19,0.0,0.0,6.424845898530108,1.0,1.0,1.0698198198198199,2.86273115220483,6.632290184921764,9.726173541963014,0.32005689900426404,10.9352773826458,8.07254623044097,3.0405405405405403,1.013513513513523,0.0,1.3513513513513544,0.675675675675663,0.3378378378378386
1618,Die Grünen,3134,19,1.0,0.0,5.523944997629208,0.0,0.0,1.7454954954954935,0.2844950213371291,8.55263157894737,2.6671408250355597,9.939544807965852,6.258890469416791,5.4409672830725455,3.378378378378379,2.7027027027026946,0.0,1.3513513513513473,2.0270270270270245,1.0135135135135158
4886,SPD,3134,19,0.0,1.0,4.288169748696064,0.0,1.0,1.5202702702702713,8.108108108108105,5.600995732574688,1.4402560455191917,1.475817923186355,6.721194879089616,2.3826458036984306,2.0270270270270174,0.3378378378378386,1.3513513513513544,3.0405405405405475,0.3378378378378386,2.0270270270270316
3260,Die Grünen,3134,19,0.0,1.0,3.073138928402082,1.0,1.0,2.2522522522522515,3.520625889046933,1.7069701280227676,2.00924608819345,3.1294452347083777,6.116642958748223,1.9559032716927405,0.3378378378378386,2.702702702702709,3.378378378378379,0.3378378378378244,4.391891891891888,2.3648648648648702
3339,CDU,3134,19,0.0,0.0,2.8034613560929316,0.0,0.0,2.421171171171167,5.618776671408241,2.6493598862019923,0.40896159317212266,2.2403982930298625,1.973684210526315,3.9295874822190555,1.689189189189186,3.378378378378372,4.391891891891888,1.689189189189186,3.378378378378372,0.0
2972,DIE LINKE,3134,19,0.0,0.0,8.09032716927454,0.0,0.0,3.0405405405405417,3.200568990042669,9.58392603129446,7.876955903271693,2.0625889046941666,16.67852062588905,9.139402560455203,3.0405405405405403,3.0405405405405403,2.0270270270270174,2.3648648648648702,4.391891891891888,3.378378378378393
989,FDP,3134,19,1.0,1.0,3.1294452347083905,1.0,1.0,2.0833333333333357,1.5291607396870575,6.61450924608819,1.7425320056899025,1.4935988620199083,6.507823613086771,0.8890469416785152,4.391891891891895,3.0405405405405475,1.0135135135135158,1.0135135135135158,2.364864864864863,0.6756756756756772
2141,SPD,3134,19,0.0,1.0,3.6717638691322896,0.0,1.0,1.4639639639639614,3.4672830725462234,0.6223328591749677,0.3022759601707037,4.19630156472261,5.636557610241823,7.805832147937409,3.378378378378372,3.0405405405405403,2.0270270270270174,0.0,0.0,0.3378378378378386
2948,SPD,3134,19,1.0,1.0,2.9397818871503127,1.0,1.0,3.1531531531531534,2.1337126600284577,1.831436699857747,4.978662873399728,5.1564722617354235,3.200568990042683,0.3378378378378386,2.702702702702709,6.756756756756751,0.6756756756756772,0.6756756756756701,3.7162162162162247,4.391891891891888
2322,Die Grünen,3134,19,0.0,0.0,4.566737790422003,1.0,0.0,1.632882882882883,2.1337126600284577,3.4672830725462234,5.600995732574688,1.1024182076813602,8.55263157894737,6.54338549075392,3.7162162162162176,2.7027027027027017,0.3378378378378386,1.0135135135135087,0.3378378378378386,1.689189189189193
2073,CDU,3134,19,1.0,0.0,1.6595542911332426,1.0,0.0,2.0833333333333344,1.9914651493598896,3.876244665718353,1.2091038406827934,1.9914651493598896,0.1955903271692847,0.6934566145092447,0.3378378378378315,0.3378378378378457,0.3378378378378386,1.3513513513513544,5.743243243243242,4.391891891891895
1802,Die Grünen,3134,19,1.0,0.0,8.060692271218587,0.0,1.0,2.0270270270270316,1.902560455192038,7.0945945945945965,11.69985775248933,5.7254623044096675,11.34423897581793,10.597439544807962,3.378378378378393,1.0135135135135087,0.6756756756756772,4.729729729729726,0.6756756756756772,1.6891891891892072
2079,Die Grünen,3134,19,1.0,0.0,6.196657183499286,1.0,0.0,5.18018018018018,1.4935988620199083,2.3470839260312957,7.183499288762434,2.86273115220483,14.580369843527748,8.712660028449498,1.689189189189186,2.7027027027027017,7.0945945945945965,4.391891891891888,9.121621621621628,6.081081081081081
166,FDP,3134,19,1.0,1.0,4.711948790896159,1.0,1.0,3.772522522522523,1.191322901849226,5.298719772403977,1.1735419630156443,6.436699857752494,7.716927453769557,6.454480796586054,3.378378378378379,2.7027027027027017,5.067567567567565,2.0270270270270316,2.0270270270270245,7.432432432432435
703,DIE LINKE,3134,19,1.0,0.0,2.990161213845424,0.0,0.0,1.8581081081081088,1.9203413940255984,0.053342816500716594,4.854196301564727,1.2268847795163538,6.916785206258886,2.9694167852062634,3.0405405405405403,2.702702702702709,0.6756756756756772,1.3513513513513473,2.702702702702709,0.6756756756756701
3381,Die Grünen,3134,19,1.0,1.0,5.89438122332859,1.0,1.0,1.126126126126124,2.471550497866282,9.530583214793744,4.231863442389752,4.711948790896152,8.339260312944532,6.081081081081081,0.3378378378378244,2.364864864864856,0.0,3.0405405405405332,0.6756756756756914,0.3378378378378386
3041,SPD,3134,19,0.0,0.0,5.248340445708865,1.0,0.0,5.123873873873872,11.646514935988613,0.10668563300142608,0.2489331436699871,9.992887624466569,3.4317211948790884,6.063300142247506,0.6756756756756701,4.054054054054049,8.783783783783782,2.364864864864856,5.743243243243249,9.121621621621621
1336,bunt.saar,3134,19,1.0,0.0,4.439307728781411,1.0,0.0,2.59009009009009,1.7069701280227676,0.1422475106685539,10.046230440967285,0.1422475106685539,9.157183499288756,5.4409672830725455,2.702702702702709,2.702702702702709,1.3513513513513544,1.0135135135135087,3.378378378378372,4.391891891891888
4555,bunt.saar,3134,19,1.0,0.0,7.15682788051209,1.0,1.0,0.45045045045045146,0.08890469416784441,3.9295874822190555,8.605974395448087,1.689189189189186,18.31436699857752,10.312944523470847,0.6756756756756843,0.6756756756756772,0.0,1.3513513513513473,0.0,0.0
4307,FDP,3134,19,0.0,1.0,4.089615931721194,1.0,1.0,1.1824324324324322,1.7069701280227676,2.8449502133712627,4.107396870554766,9.40611664295875,1.0312944523470762,5.440967283072538,0.3378378378378386,1.0135135135135087,2.027027027027028,1.0135135135135016,2.0270270270270316,0.6756756756756843
378,CDU,3134,19,1.0,0.0,3.298364153627311,1.0,0.0,3.3783783783783776,1.4580369843527734,0.3911806543385552,0.23115220483641252,8.872688477951627,6.223328591749642,2.6137980085348573,0.3378378378378386,6.081081081081074,3.0405405405405403,3.0405405405405403,3.0405405405405475,4.729729729729726
1251,CDU,3134,19,1.0,0.0,2.702702702702703,1.0,0.0,1.85810810810811,2.258179231863444,2.8449502133712556,2.560455192034155,0.16002844950213557,4.534139402560456,3.8584637268847715,3.378378378378379,1.3513513513513544,0.3378378378378244,4.391891891891902,0.6756756756756843,1.0135135135135158
4206,FDP,3134,19,1.0,1.0,2.2107633949739225,1.0,1.0,1.5765765765765754,4.640825035561882,2.4182076813655797,0.4267425320056901,3.6806543385490826,1.0668563300142253,1.0312944523470762,1.3513513513513473,1.3513513513513473,2.0270270270270316,2.0270270270270316,0.6756756756756701,2.0270270270270245
259,SPD,3134,19,0.0,1.0,7.5065196775723075,0.0,0.0,5.405405405405403,7.219061166429583,5.600995732574681,8.55263157894737,6.009957325746804,4.142958748221901,13.513513513513509,7.0945945945945965,0.6756756756756701,5.743243243243242,6.756756756756751,5.4054054054054035,6.756756756756751
2802,Die Grünen,3134,19,0.0,0.0,8.164414414414418,1.0,1.0,2.5337837837837847,4.9786628733997205,12.695590327169278,3.7339971550497992,1.5647226173541924,17.869843527738276,8.143669985775247,3.7162162162162176,0.0,1.6891891891891788,5.067567567567565,2.702702702702716,2.0270270270270316
142,FDP,3134,19,1.0,1.0,8.360004741583687,1.0,0.0,5.405405405405408,7.841394025604551,5.636557610241816,9.032716927453777,3.4672830725462234,11.184210526315788,12.997866287339967,1.689189189189193,9.121621621621621,5.067567567567572,3.7162162162162247,6.756756756756758,6.081081081081081
2557,bunt.saar,3134,19,1.0,1.0,6.018847795163587,1.0,1.0,2.533783783783781,2.5960170697012828,3.8940256045519206,8.125889046941687,5.832147937411094,6.756756756756758,8.908250355618776,1.3513513513513473,3.378378378378379,3.378378378378372,1.3513513513513473,4.391891891891888,1.3513513513513544
2131,bunt.saar,3134,19,1.0,1.0,5.040896159317214,0.0,0.0,2.083333333333331,4.12517780938834,5.352062588904687,5.0853485064011394,4.925320056899011,5.636557610241823,5.1209103840682815,1.0135135135135158,3.0405405405405332,4.054054054054063,0.3378378378378386,3.0405405405405332,1.0135135135135016
3182,FDP,3134,19,0.0,1.0,4.895685158843052,1.0,1.0,1.3513513513513509,2.8982930298719793,3.591749644381224,1.0312944523470762,11.575391180654336,5.014224751066855,5.2631578947368425,1.689189189189193,1.689189189189186,0.3378378378378386,2.0270270270270316,1.0135135135135087,1.3513513513513473
2908,DIE LINKE,3134,19,0.0,0.0,3.7962304409672867,0.0,0.0,3.941441441441443,5.743243243243242,2.560455192034155,2.7382645803698438,7.82361308677099,1.4935988620199083,2.4182076813655797,3.0405405405405403,1.0135135135135087,5.4054054054054035,4.054054054054063,5.405405405405411,4.729729729729733
4585,bunt.saar,3134,19,1.0,1.0,5.355026078710288,1.0,0.0,1.7454954954954935,4.445234708392597,7.770270270270274,6.543385490753906,2.151493598862025,7.752489331436699,3.4672830725462234,2.364864864864856,1.689189189189193,1.3513513513513544,3.0405405405405403,1.3513513513513402,0.6756756756756772
806,bunt.saar,3134,19,0.0,0.0,5.4202228544333835,1.0,1.0,1.914414414414414,1.973684210526315,4.285206258890469,4.249644381223334,5.1920341394025655,10.91749644381224,5.903271692745378,0.0,0.0,3.378378378378386,0.3378378378378386,4.391891891891888,3.378378378378372
268,Die Grünen,3134,19,1.0,0.0,6.2470365101944045,1.0,0.0,1.9707207207207194,2.880512091038412,2.418207681365587,7.965860597439544,5.014224751066855,13.65576102418207,5.547652916073957,3.0405405405405475,1.6891891891891788,3.378378378378372,2.0270270270270245,1.3513513513513544,0.3378378378378386
4914,FDP,3134,19,0.0,0.0,4.516358463726886,0.0,1.0,2.421171171171167,1.2446657183499354,3.733997155049792,3.6450924608819335,12.820056899004271,1.404694167852064,4.2496443812233196,2.7027027027026946,1.3513513513513544,4.054054054054049,0.0,1.3513513513513473,5.067567567567558
2092,CDU,3134,19,1.0,1.0,3.6569464201043154,1.0,1.0,1.5202702702702677,6.241109530583209,0.26671408250356166,4.2496443812233196,8.837126600284499,0.17780938833571014,2.1692745376955926,2.0270270270270316,0.3378378378378315,2.0270270270270174,3.0405405405405332,0.6756756756756772,1.0135135135135158
3327,CDU,3134,19,1.0,1.0,3.526552868658129,1.0,0.0,2.0833333333333357,0.5334281650071233,4.818634423897571,1.8136557610241795,5.209815078236119,2.916073968705547,5.867709815078236,2.0270270270270316,2.702702702702709,3.7162162162162176,2.0270270270270245,1.3513513513513473,0.6756756756756843
525,Die Grünen,3134,19,1.0,0.0,3.7606685633001398,1.0,1.0,1.6891891891891906,0.26671408250354744,1.0490753911806578,5.4054054054054035,6.845661450924595,4.000711237553347,4.996443812233288,0.3378378378378386,2.0270270270270316,1.0135135135135016,3.7162162162162176,2.0270270270270316,1.013513513513523
1272,CDU,3134,19,1.0,0.0,4.383001422475107,1.0,1.0,0.6193693693693625,4.534139402560456,4.445234708392597,1.6180654338549019,9.70839260312944,2.560455192034155,3.4317211948790884,0.3378378378378244,1.0135135135135087,0.3378378378378244,0.3378378378378457,0.675675675675663,1.0135135135135087
839,FDP,3134,19,1.0,1.0,3.336889521100049,1.0,1.0,1.6328828828828794,4.391891891891902,4.267425320056894,3.485064011379805,1.5825035561877598,3.840682788051218,2.4537695590327147,2.364864864864856,1.689189189189193,2.0270270270270316,0.675675675675663,2.0270270270270174,1.0135135135135158
1920,SPD,3134,19,0.0,0.0,5.269084874348035,0.0,1.0,1.5202702702702713,8.108108108108105,0.9779516358463738,5.636557610241823,1.0490753911806578,10.579658605974402,5.26315789473685,3.378378378378379,1.3513513513513544,1.6891891891891788,1.013513513513523,1.3513513513513544,0.3378378378378386
2440,bunt.saar,3134,19,1.0,0.0,6.241109530583215,1.0,0.0,2.027027027027026,0.6578947368421098,1.831436699857747,8.125889046941687,10.401849217638684,10.757467994310105,5.672119487908958,3.0405405405405403,0.6756756756756772,1.0135135135135158,4.054054054054049,1.0135135135135158,2.364864864864856
3090,Die Grünen,3134,19,1.0,1.0,2.741228070175436,1.0,0.0,4.560810810810807,3.5028449502133725,4.67638691322901,1.795874822190612,0.9779516358463738,4.943100995732571,0.5512091038406766,4.054054054054049,0.0,9.121621621621614,1.0135135135135158,7.0945945945945965,6.0810810810810665
741,FDP,3134,19,1.0,0.0,5.064604077761969,1.0,1.0,0.6756756756756784,8.25035561877666,7.147937411095306,2.916073968705547,4.089615931721191,2.720483641536269,5.2631578947368425,0.6756756756756843,0.0,0.3378378378378386,2.0270270270270316,0.0,1.0135135135135158
1133,Die Grünen,3134,19,1.0,0.0,5.097202465623514,1.0,1.0,1.8018018018018023,2.8982930298719793,4.889758179231862,5.4054054054054035,3.4672830725462234,9.886201991465143,4.0362731152204745,2.0270270270270245,1.0135135135135087,2.3648648648648702,2.0270270270270245,1.3513513513513544,2.0270270270270316
1219,FDP,3134,19,1.0,1.0,2.8538406827880514,1.0,1.0,3.9414414414414423,1.2268847795163538,1.475817923186348,5.494310099573255,0.9246088193456643,2.6671408250355597,5.3342816500711265,6.081081081081081,2.364864864864863,1.3513513513513544,7.770270270270274,2.7027027027027017,3.378378378378379
5100,CDU,3134,19,1.0,0.0,3.002015173067805,0.0,0.0,4.335585585585584,4.960881934566139,0.426742532005683,0.1955903271692847,6.827880512091042,4.694167852062591,0.9068278805120897,2.364864864864856,4.391891891891888,7.432432432432435,3.7162162162162176,4.729729729729726,3.378378378378379
3807,DIE LINKE,3134,19,0.0,1.0,5.168326220957797,0.0,1.0,3.3783783783783705,6.845661450924595,7.983641536273105,4.12517780938834,2.5960170697012828,5.387624466571836,4.071834992887624,6.0810810810810665,6.0810810810810665,1.689189189189193,2.7027027027026946,1.0135135135135087,2.7027027027026946
4621,CDU,3134,19,1.0,1.0,6.433736367946895,0.0,1.0,1.4076576576576567,7.343527738264598,5.583214793741114,5.174253200568991,12.588904694167837,7.04125177809388,0.8712660028449477,2.702702702702716,2.0270270270270316,0.6756756756756701,1.0135135135135016,0.6756756756756701,1.3513513513513509
3315,Die Grünen,3134,19,0.0,0.0,9.471313418681836,0.0,0.0,3.7725225225225194,4.960881934566139,5.992176386913229,11.024182076813652,4.783072546230443,18.189900426742525,11.877667140825032,3.378378378378379,3.0405405405405332,4.391891891891888,4.054054054054063,5.405405405405396,2.364864864864856
3185,Die Grünen,3134,19,1.0,0.0,5.1920341394025575,0.0,0.0,2.5337837837837847,6.703413940256041,5.316500711237559,1.511379800853483,1.3869132290184822,9.672830725462298,6.56116642958748,4.054054054054056,0.675675675675663,2.702702702702709,5.067567567567579,0.3378378378378386,2.364864864864863
4461,bunt.saar,3134,19,1.0,1.0,4.788999525841632,1.0,1.0,1.689189189189187,0.3378378378378386,3.4317211948790884,8.01920341394026,4.907539118065429,4.943100995732578,7.0945945945945965,2.364864864864856,0.0,2.0270270270270316,3.040540540540526,0.6756756756756772,2.0270270270270316
4848,SPD,3134,19,1.0,1.0,4.294096728307263,1.0,1.0,1.8018018018018012,4.9075391180654435,6.7389758179231976,2.951635846372696,0.5156472261735487,5.512091038406837,5.138691322901856,1.3513513513513473,0.3378378378378244,1.3513513513513473,2.3648648648648702,4.391891891891902,1.0135135135135158
2344,bunt.saar,3134,19,1.0,0.0,5.9506875296348944,1.0,1.0,3.0968468468468466,1.8492176386913144,1.3869132290184822,9.60170697012802,0.4267425320056901,12.055476529160728,10.384068278805131,2.7027027027027017,0.6756756756756772,3.378378378378386,3.378378378378379,4.054054054054035,4.391891891891902
4593,bunt.saar,3134,19,0.0,1.0,3.8643907064959677,1.0,1.0,2.0833333333333264,0.6756756756756772,3.182788051209087,4.978662873399728,4.19630156472261,6.258890469416791,3.8940256045519135,4.054054054054049,1.6891891891891788,2.0270270270270174,0.0,3.0405405405405332,1.6891891891891788
1052,SPD,3134,19,0.0,0.0,6.759720246562355,1.0,1.0,3.378378378378381,1.8492176386913215,0.37339971550498063,12.428876244665723,0.6934566145092447,13.53129445234709,11.682076813655769,1.689189189189186,0.3378378378378457,5.067567567567579,2.0270270270270316,6.418918918918919,4.729729729729726
44,FDP,3134,19,1.0,1.0,4.258534850640111,1.0,1.0,1.2387387387387403,7.21906116642959,1.5647226173541924,0.7290184921763867,7.6635846372688405,4.747510668563294,3.627311522048366,0.6756756756756772,1.0135135135135087,2.0270270270270316,0.6756756756756772,2.0270270270270316,1.0135135135135158
1276,bunt.saar,3134,19,0.0,0.0,4.919393077287814,1.0,1.0,0.8445945945945965,1.1201991465149348,0.46230440967282505,1.3869132290184751,5.067567567567565,13.015647226173549,8.463726884779533,0.6756756756756701,1.3513513513513544,1.3513513513513686,0.6756756756756701,0.6756756756756772,0.3378378378378386
2600,bunt.saar,3134,19,1.0,1.0,7.90362731152205,1.0,1.0,1.6891891891891884,3.0761024182076824,4.80085348506401,7.112375533428171,1.9914651493598896,18.10099573257468,12.339971550497864,2.364864864864863,1.0135135135135158,1.3513513513513544,0.0,1.0135135135135087,4.391891891891888
3862,SPD,3134,19,0.0,0.0,5.802513039355144,0.0,0.0,2.984234234234234,6.490042674253203,7.876955903271693,3.0049786628734054,2.4537695590327075,9.263869132290182,5.725462304409675,0.6756756756756843,4.391891891891888,2.7027027027027017,3.7162162162162105,5.067567567567572,1.3513513513513473
1732,SPD,3134,19,1.0,0.0,3.7577050734945465,0.0,0.0,4.110360360360361,3.1116642958748244,4.267425320056894,5.618776671408241,2.275960170697026,3.200568990042669,4.071834992887624,3.0405405405405403,5.067567567567565,1.013513513513523,7.770270270270274,0.3378378378378386,7.432432432432428
3897,Die Grünen,3134,19,0.0,0.0,6.012920815552394,0.0,1.0,1.3513513513513498,0.6934566145092447,1.0490753911806578,6.330014224751068,6.418918918918919,16.251778093883352,5.334281650071119,1.689189189189186,3.378378378378379,0.675675675675663,0.3378378378378386,0.675675675675663,1.3513513513513686
926,bunt.saar,3134,19,1.0,0.0,5.7936225699383606,1.0,1.0,0.7882882882882853,1.0668563300142253,3.6806543385490826,7.82361308677099,3.8229018492176365,11.717638691322904,6.650071123755325,0.3378378378378386,1.3513513513513615,0.3378378378378244,2.364864864864863,0.3378378378378244,0.0
3490,FDP,3134,19,0.0,1.0,4.285206258890468,1.0,1.0,3.5472972972972934,5.174253200568991,0.053342816500716594,2.2403982930298696,12.251066856329999,2.3115220483641536,3.6806543385490755,1.3513513513513473,3.7162162162162176,3.378378378378379,4.729729729729719,3.0405405405405332,5.067567567567565
3581,CDU,3134,19,1.0,0.0,3.043504030346137,1.0,0.0,1.5202702702702713,0.6223328591749677,2.8982930298719793,3.022759601706973,7.147937411095306,2.6137980085348573,1.9559032716927405,1.689189189189186,0.3378378378378386,1.3513513513513615,0.0,2.7027027027027017,3.0405405405405403
4554,CDU,3134,19,1.0,0.0,3.428757705073494,0.0,1.0,1.5202702702702666,0.284495021337122,4.391891891891895,1.3157894736842124,5.95661450924608,5.93883357041252,2.6849217638691343,1.3513513513513402,0.6756756756756772,1.689189189189186,2.0270270270270245,3.0405405405405403,0.3378378378378315
3105,CDU,3134,19,0.0,0.0,5.645448079658604,1.0,0.0,1.745495495495496,8.108108108108105,5.014224751066855,6.418918918918912,4.089615931721191,6.13442389758179,4.107396870554773,1.6891891891892001,0.6756756756756772,2.0270270270270174,3.378378378378379,1.0135135135135087,1.689189189189193
2293,FDP,3134,19,1.0,1.0,4.329658605974394,1.0,1.0,0.957207207207207,12.055476529160735,1.9914651493598896,4.196301564722617,2.115931721194869,3.0049786628733983,2.6137980085348502,1.3513513513513473,1.689189189189186,0.3378378378378386,0.6756756756756772,0.6756756756756772,1.0135135135135158
13,SPD,3134,19,0.0,0.0,5.654338549075391,0.0,0.0,4.054054054054053,4.729729729729726,1.689189189189186,11.024182076813645,2.7382645803698438,4.978662873399728,8.766002844950215,4.729729729729726,3.378378378378379,4.391891891891881,4.054054054054049,6.081081081081088,1.689189189189193
4893,CDU,3134,19,0.0,1.0,0.6786391654812718,1.0,1.0,3.1531531531531556,1.6358463726884764,0.32005689900426404,0.1955903271692847,0.40896159317212266,1.3513513513513473,0.16002844950213557,0.6756756756756772,0.6756756756756772,5.067567567567565,2.0270270270270316,6.418918918918926,4.054054054054056
2577,FDP,3134,19,1.0,1.0,4.883831199620674,1.0,1.0,0.9009009009008982,7.69914651493599,4.587482219061172,1.724751066856328,10.668563300142253,0.40896159317211556,4.214082503556185,0.3378378378378386,2.364864864864863,0.3378378378378386,1.3513513513513402,1.0135135135135087,0.0
3244,bunt.saar,3134,19,1.0,0.0,6.436699857752487,1.0,1.0,1.9144144144144128,6.899004267425319,4.480796586059739,8.623755334281647,1.5291607396870575,12.731152204836413,4.356330014224746,0.6756756756756772,2.364864864864856,0.3378378378378386,3.7162162162162105,1.689189189189186,2.702702702702709
2474,CDU,3134,19,0.0,0.0,2.5663821716453312,1.0,1.0,1.0698198198198188,3.662873399715508,0.7645803698435216,1.1735419630156443,0.6223328591749677,2.8271692745377024,6.347795163584642,0.0,2.7027027027027017,1.3513513513513473,0.0,1.689189189189186,0.6756756756756772
284,Die Grünen,3134,19,1.0,0.0,7.971787577050736,1.0,1.0,0.9572072072072046,0.8357041251778057,9.743954480796589,7.82361308677099,4.463015647226172,13.673541963015644,11.290896159317214,0.6756756756756701,1.3513513513513615,0.675675675675663,1.0135135135135158,0.0,2.0270270270270174
4586,DIE LINKE,3134,19,0.0,1.0,4.178520625889049,0.0,1.0,3.716216216216221,0.4445234708392647,3.6095305832147915,9.70839260312944,0.9779516358463738,2.9338549075391214,7.3968705547653,3.378378378378386,1.689189189189193,5.4054054054054035,3.7162162162162176,5.067567567567579,3.0405405405405475
2350,FDP,3134,19,0.0,1.0,4.24964438122333,1.0,1.0,1.6328828828828836,1.795874822190612,1.2802275960170775,3.0405405405405403,12.624466571834994,4.943100995732571,1.8136557610241866,4.729729729729733,0.3378378378378315,0.6756756756756772,1.689189189189193,1.0135135135135158,1.3513513513513509
630,Die Grünen,3134,19,1.0,1.0,7.687292555713608,1.0,1.0,0.6756756756756772,4.142958748221908,2.400426742531998,7.3790896159317185,4.480796586059739,16.180654338549083,11.5398293029872,0.0,0.3378378378378528,0.6756756756756772,1.689189189189193,0.675675675675663,0.6756756756756772
4868,bunt.saar,3134,19,1.0,0.0,6.1936936936936915,1.0,1.0,1.5202702702702702,5.298719772403977,1.7780938833570303,9.17496443812233,1.1024182076813673,13.72688477951636,6.081081081081081,3.0405405405405332,1.3513513513513544,0.6756756756756772,1.0135135135135087,2.0270270270270316,1.0135135135135158
3285,FDP,3134,19,1.0,1.0,3.704362256993834,1.0,1.0,1.576576576576578,8.036984352773828,0.3911806543385481,0.0711237553342805,12.304409672830715,0.5689900426742547,0.8534850640113767,0.0,1.3513513513513544,2.7027027027027053,0.0,2.7027027027027053,2.7027027027027035
1521,SPD,3134,19,1.0,0.0,6.703413940256044,1.0,0.0,1.8581081081081123,1.4402560455191917,5.8321479374110865,10.312944523470854,3.6095305832147915,8.837126600284492,10.188477951635846,3.378378378378379,0.6756756756756843,1.01351351351353,0.6756756756756701,2.702702702702709,2.7027027027027017
4601,CDU,3134,19,0.0,0.0,7.76434329065908,0.0,0.0,3.6036036036036023,6.54338549075392,8.143669985775247,9.121621621621621,2.507112375533424,14.100284495021342,6.169985775248925,0.0,2.364864864864863,3.0405405405405332,4.729729729729726,7.0945945945945965,4.391891891891895
1147,CDU,3134,19,0.0,0.0,3.9177335229966794,0.0,0.0,4.617117117117117,4.943100995732571,4.356330014224753,0.2489331436699942,8.534850640113788,1.724751066856328,3.698435277382643,2.702702702702709,4.729729729729733,5.067567567567572,4.054054054054049,5.4054054054054035,5.743243243243235
5070,Die Grünen,3134,19,0.0,0.0,4.548956851588429,1.0,0.0,1.2950450450450408,0.3378378378378386,1.9914651493598896,5.032005689900423,1.7425320056899025,7.5924608819345565,10.597439544807962,0.6756756756756701,0.3378378378378315,0.3378378378378386,1.689189189189186,0.3378378378378386,4.391891891891881
2399,FDP,3134,19,1.0,0.0,5.65433854907539,1.0,0.0,3.0968468468468444,8.677098150782356,2.0270270270270316,5.2631578947368425,11.877667140825032,4.587482219061165,1.4935988620199083,3.378378378378379,3.378378378378379,5.743243243243242,1.3513513513513473,1.689189189189186,3.0405405405405332
563,FDP,3134,19,1.0,0.0,3.5354433380749177,1.0,1.0,1.2950450450450457,2.9871977240398238,6.667852062588906,2.5960170697012828,1.7069701280227676,3.8940256045519206,3.3605974395448044,0.3378378378378315,3.0405405405405332,0.0,1.013513513513523,0.3378378378378457,3.0405405405405403
805,SPD,3134,19,0.0,0.0,3.375414888572781,1.0,1.0,1.9144144144144175,0.1955903271692847,4.658605974395449,3.698435277382636,6.401137980085345,4.694167852062584,0.604551920341386,2.0270270270270245,1.013513513513523,0.6756756756756772,4.054054054054056,1.689189189189193,2.0270270270270316
98,CDU,3134,19,1.0,0.0,6.327050734945472,1.0,0.0,3.9414414414414423,0.40896159317210845,2.773826458036986,12.748933143669987,0.46230440967283215,16.322901849217644,5.245376955903275,2.3648648648648702,3.378378378378379,5.743243243243242,5.067567567567565,4.729729729729733,2.364864864864863
1243,CDU,3134,19,0.0,0.0,4.673423423423425,0.0,0.0,2.4774774774774784,9.60170697012802,4.125177809388333,2.9338549075391214,5.583214793741114,3.0761024182076824,2.7204836415362763,3.378378378378379,5.4054054054054035,3.378378378378386,0.6756756756756772,0.6756756756756772,1.3513513513513473
3709,bunt.saar,3134,19,1.0,0.0,5.814366998577525,1.0,0.0,0.9009009009009006,4.889758179231862,3.236130867709818,2.951635846372696,8.694879089615931,10.08179231863442,5.032005689900423,1.0135135135135087,1.689189189189193,0.6756756756756772,1.3513513513513473,0.0,0.6756756756756772
1299,FDP,3134,19,1.0,1.0,3.5769321953532462,1.0,1.0,1.745495495495496,6.525604551920338,4.87197724039828,0.6578947368421098,7.752489331436699,0.9246088193456643,0.7290184921763867,3.378378378378379,0.6756756756756701,4.054054054054049,0.0,1.3513513513513615,1.0135135135135158
413,bunt.saar,3134,19,0.0,0.0,6.027738264580371,0.0,1.0,2.871621621621621,3.5739687055476566,5.814366998577526,4.60526315789474,4.036273115220482,13.193456614509245,4.943100995732578,0.0,4.054054054054056,5.4054054054054035,0.0,5.405405405405411,2.364864864864856
1803,bunt.saar,3134,19,1.0,1.0,5.681009957325749,1.0,1.0,1.2950450450450433,0.23115220483641252,4.587482219061172,6.899004267425312,2.987197724039838,11.77098150782362,7.610241820768138,0.3378378378378386,3.7162162162162105,0.3378378378378386,2.7027027027026946,0.3378378378378386,0.3378378378378386
1569,FDP,3134,19,1.0,1.0,5.0142247510668545,1.0,1.0,0.8445945945945953,0.21337126600283796,7.21906116642959,5.547652916073968,7.361308677098144,3.733997155049785,6.009957325746804,0.6756756756756772,0.6756756756756701,0.3378378378378386,0.6756756756756772,2.0270270270270316,0.6756756756756772
89,DIE LINKE,3134,19,1.0,0.0,3.1442626837363683,0.0,0.0,4.110360360360361,5.51209103840683,3.0049786628734054,3.556187766714082,1.404694167852064,5.245376955903275,0.1422475106685539,2.0270270270270245,2.7027027027027017,6.4189189189189335,2.0270270270270245,3.7162162162162105,7.770270270270274
1341,Die Grünen,3134,19,1.0,0.0,7.696183025130389,1.0,1.0,1.2387387387387427,0.7645803698435216,6.934566145092461,10.828591749644382,1.3513513513513473,17.194167852062584,9.10384068278804,0.0,1.689189189189186,0.3378378378378386,3.0405405405405475,0.6756756756756914,1.689189189189193
1737,CDU,3134,19,0.0,1.0,4.480796586059746,1.0,1.0,3.547297297297297,7.681365576102436,4.836415362731152,6.916785206258886,2.3648648648648702,1.3335704125177799,3.7517780938833525,0.6756756756756914,4.729729729729726,5.4054054054054035,0.3378378378378244,5.067567567567572,5.067567567567565
809,FDP,3134,19,1.0,1.0,3.123518255097204,1.0,1.0,1.632882882882883,5.4765291607396875,0.5689900426742511,0.0,5.032005689900423,5.992176386913229,1.6714082503556327,3.0405405405405475,0.6756756756756701,0.6756756756756772,2.3648648648648702,1.3513513513513544,1.6891891891891788
2358,bunt.saar,3134,19,1.0,1.0,3.15315315315315,1.0,1.0,1.9707207207207205,1.2980085348506378,0.5512091038406766,7.361308677098144,3.4317211948790884,3.982930298719765,2.293741109530586,2.0270270270270245,1.6891891891891788,2.3648648648648702,1.0135135135135158,2.364864864864863,2.3648648648648702
1083,CDU,3134,19,1.0,1.0,1.9973921289710763,1.0,0.0,1.6328828828828865,2.044807965860592,4.800853485064017,0.5689900426742511,1.5647226173541924,2.5426742532005733,0.46230440967283215,1.3513513513513686,1.0135135135135087,2.0270270270270316,1.0135135135135087,2.0270270270270316,2.3648648648648702
3276,SPD,3134,19,1.0,1.0,4.637861545756281,1.0,1.0,1.8581081081081134,1.7069701280227534,2.00924608819345,8.55263157894737,4.125177809388333,5.280938833570417,6.152204836415365,3.7162162162162105,2.702702702702716,1.3513513513513544,2.702702702702709,0.3378378378378386,0.3378378378378528
1078,CDU,3134,19,1.0,1.0,2.6315789473684235,1.0,0.0,5.799549549549546,1.7425320056899025,3.733997155049792,2.471550497866282,5.796586059743959,1.653627311522051,0.3911806543385552,3.7162162162162176,5.743243243243235,6.418918918918912,2.3648648648648702,10.810810810810807,5.743243243243235
2575,DIE LINKE,3134,19,0.0,0.0,6.484115694642014,0.0,0.0,3.3220720720720736,3.3961593172119535,9.868421052631582,4.516358463726888,6.490042674253203,7.628022759601713,7.005689900426745,5.743243243243249,4.729729729729726,3.378378378378379,1.689189189189193,0.3378378378378386,4.054054054054056
3493,SPD,3134,19,1.0,0.0,2.3796823138928374,1.0,0.0,1.0135135135135147,2.5248933143669916,2.6671408250355597,5.014224751066848,0.9068278805120897,2.471550497866289,0.6934566145092447,0.3378378378378386,0.0,0.6756756756756772,1.3513513513513544,0.0,3.7162162162162176
321,DIE LINKE,3134,19,1.0,0.0,2.7916073968705555,0.0,0.0,1.8581081081081123,3.200568990042669,2.6315789473684177,2.951635846372696,1.1379800853485094,4.9075391180654435,1.9203413940255984,2.7027027027027017,2.0270270270270316,0.3378378378378386,3.0405405405405475,1.3513513513513615,1.689189189189193
4618,Die Grünen,3134,19,0.0,1.0,6.821953532479847,1.0,1.0,3.0405405405405426,3.0405405405405403,4.658605974395449,6.330014224751068,6.223328591749642,14.687055476529153,5.992176386913229,1.689189189189186,1.0135135135135016,3.378378378378386,5.067567567567579,5.067567567567572,2.0270270270270316
3612,bunt.saar,3134,19,1.0,0.0,5.595068752963491,1.0,1.0,1.5765765765765731,5.1920341394025655,0.8001422475106637,12.411095305832163,2.7382645803698367,8.161450924608815,4.267425320056901,0.6756756756756701,1.689189189189193,1.3513513513513402,0.6756756756756701,2.0270270270270316,3.0405405405405332
3956,bunt.saar,3134,19,1.0,1.0,3.271692745376955,1.0,1.0,1.463963963963965,3.9651493598862046,0.8534850640113802,6.987908961593163,1.1735419630156443,2.258179231863437,4.391891891891902,1.3513513513513544,0.0,1.689189189189193,1.3513513513513544,2.702702702702709,1.6891891891891788
4009,bunt.saar,3134,19,1.0,1.0,3.772522522522525,0.0,0.0,3.3783783783783754,2.7560455192034112,4.729729729729726,2.258179231863437,1.2802275960170775,9.655049786628751,1.9559032716927476,2.7027027027026946,2.3648648648648702,4.391891891891888,4.054054054054056,3.378378378378372,3.378378378378372
2576,bunt.saar,3134,19,1.0,1.0,2.782716927453761,1.0,0.0,3.434684684684683,2.578236130867701,3.378378378378372,3.1294452347083848,1.902560455192031,3.982930298719765,1.7247510668563137,2.3648648648648702,1.3513513513513402,3.0405405405405475,3.7162162162162176,4.391891891891895,5.743243243243228
3933,CDU,3134,19,0.0,0.0,4.640825035561877,1.0,0.0,2.252252252252253,3.6095305832147915,2.809388335704128,7.3790896159317185,0.26671408250354744,6.7745376955903325,7.005689900426745,0.3378378378378386,2.0270270270270245,3.378378378378372,1.3513513513513615,3.0405405405405403,3.378378378378379
1005,bunt.saar,3134,19,1.0,1.0,5.304646752015171,1.0,1.0,2.646396396396394,1.0846372688477999,2.507112375533424,8.801564722617364,5.387624466571836,9.672830725462298,4.374110953058306,2.7027027027026946,1.689189189189193,3.378378378378386,4.729729729729733,1.0135135135135016,2.364864864864856
743,CDU,3134,19,1.0,1.0,2.717520151730677,0.0,1.0,3.378378378378379,0.8179231863442311,2.151493598862025,4.818634423897578,0.26671408250355455,6.009957325746804,2.2403982930298696,1.0135135135135158,2.364864864864863,3.0405405405405403,7.0945945945945965,4.054054054054056,2.7027027027027017
693,FDP,3134,19,1.0,0.0,3.0553579895685132,1.0,1.0,2.0270270270270303,2.4537695590327075,3.2539118065433854,0.8179231863442382,2.809388335704128,3.200568990042669,5.796586059743952,5.743243243243249,0.6756756756756843,2.0270270270270316,0.3378378378378386,0.6756756756756772,2.7027027027027017
1924,CDU,3134,19,1.0,0.0,3.6273115220483647,0.0,0.0,1.9707207207207205,5.156472261735409,7.112375533428171,0.3378378378378386,3.7873399715504945,5.1209103840682815,0.2489331436699942,2.0270270270270245,0.3378378378378386,2.364864864864856,4.391891891891902,2.0270270270270316,0.6756756756756701
512,FDP,3134,19,0.0,1.0,2.25225225225225,0.0,0.0,2.3648648648648667,5.45874822190612,2.0625889046941666,1.4224751066856385,1.3869132290184822,1.795874822190612,1.3869132290184822,0.0,5.067567567567572,2.3648648648648702,0.3378378378378457,3.7162162162162176,2.7027027027026946
3297,bunt.saar,3134,19,1.0,0.0,4.608226647700325,1.0,1.0,1.4076576576576596,3.200568990042669,5.209815078236119,2.400426742531998,1.4224751066856243,10.561877667140813,4.854196301564727,3.378378378378379,0.3378378378378386,1.0135135135135158,2.7027027027027017,1.013513513513523,0.0
460,FDP,3134,19,0.0,0.0,3.153153153153152,0.0,1.0,0.9009009009008994,2.6849217638691343,5.1031294452347,1.1379800853485094,8.321479374110943,0.6756756756756772,0.9957325746799484,2.0270270270270316,0.3378378378378457,0.3378378378378386,1.3513513513513402,0.3378378378378315,1.0135135135135087
2699,SPD,3134,19,1.0,0.0,2.198909435751544,1.0,1.0,5.968468468468472,2.5960170697012828,3.627311522048373,1.653627311522051,1.475817923186355,0.7823613086770962,3.058321479374108,1.689189189189186,4.7297297297297405,10.810810810810807,7.432432432432435,5.743243243243242,5.405405405405418
4860,FDP,3134,19,1.0,0.0,2.658250355618776,1.0,0.0,2.59009009009009,2.151493598862025,2.293741109530586,2.578236130867701,1.5647226173541924,3.2894736842105274,4.071834992887624,4.391891891891895,2.0270270270270245,1.689189189189193,4.391891891891888,1.689189189189186,1.3513513513513544
4462,FDP,3134,19,1.0,1.0,4.972735893788526,1.0,1.0,1.520270270270272,8.766002844950215,9.868421052631582,1.1024182076813673,5.423186344238978,0.8712660028449477,3.8051209103840655,1.689189189189193,3.378378378378379,1.3513513513513544,0.0,0.6756756756756772,2.027027027027028
2368,FDP,3134,19,1.0,0.0,6.611545756282598,1.0,0.0,3.265765765765766,5.4409672830725455,4.320768136557611,3.982930298719772,8.570412517780944,13.22901849217638,4.125177809388333,2.0270270270270245,4.391891891891902,3.378378378378379,3.0405405405405475,0.675675675675663,6.081081081081081
2983,DIE LINKE,3134,19,1.0,0.0,3.9770033191085807,1.0,0.0,2.4774774774774806,4.018492176386907,3.1294452347083848,4.42745376955903,5.192034139402573,6.276671408250351,0.8179231863442382,3.378378378378393,1.0135135135135158,1.689189189189186,5.743243243243249,0.6756756756756701,2.3648648648648702
982,Die Grünen,3134,19,1.0,0.0,4.762328117591276,0.0,1.0,1.9707207207207216,4.978662873399713,3.2894736842105345,3.911806543385495,1.3157894736842124,10.9352773826458,4.142958748221901,0.3378378378378386,2.0270270270270316,0.6756756756756772,2.364864864864863,1.689189189189193,4.729729729729726
1259,bunt.saar,3134,19,1.0,1.0,4.329658605974397,1.0,1.0,0.7319819819819777,2.9694167852062634,4.356330014224746,8.890469416785209,0.4800853485063996,5.45874822190612,3.8229018492176436,1.0135135135135087,0.6756756756756772,0.3378378378378386,0.6756756756756772,1.0135135135135016,0.675675675675663
2065,FDP,3134,19,1.0,1.0,2.8301327643432876,1.0,1.0,4.898648648648645,8.392603129445227,0.6578947368421026,0.01778093883356746,2.507112375533424,1.795874822190612,3.6095305832147915,0.3378378378378244,5.4054054054054035,4.391891891891888,5.4054054054054035,6.756756756756758,7.094594594594593
3604,Die Grünen,3134,19,1.0,1.0,6.288525367472737,1.0,1.0,1.9144144144144153,0.7467994310099542,9.83285917496444,5.938833570412527,4.160739687055475,11.148648648648646,5.903271692745378,1.3513513513513473,0.6756756756756843,2.7027027027026946,1.3513513513513473,2.702702702702709,2.702702702702709
5182,Die Grünen,3134,19,1.0,1.0,4.540066382171649,1.0,1.0,2.1396396396396384,2.080369843527741,5.849928876244675,2.3293029871977353,3.733997155049792,6.685633001422481,6.561166429587473,0.6756756756756772,2.364864864864856,1.0135135135135158,4.729729729729733,3.0405405405405332,1.0135135135135158
1388,CDU,3134,19,1.0,1.0,2.8271692745377,1.0,1.0,2.195945945945945,1.618065433854909,4.711948790896166,3.8584637268847715,3.2183499288762576,1.4224751066856385,2.1337126600284577,3.0405405405405403,3.0405405405405403,1.689189189189186,2.7027027027026946,1.689189189189186,1.013513513513523
4937,Die Grünen,3134,19,0.0,0.0,6.460407776197247,0.0,1.0,1.2387387387387367,3.200568990042669,1.0668563300142182,10.526315789473685,7.965860597439551,8.445945945945937,7.556899004267422,1.3513513513513473,0.0,2.0270270270270316,1.689189189189186,1.3513513513513402,1.0135135135135158
2353,CDU,3134,19,0.0,0.0,3.591749644381222,1.0,0.0,3.490990990990994,9.157183499288756,1.2980085348506378,3.3250355618776624,4.42745376955903,2.329302987197721,1.013513513513523,1.0135135135135087,7.0945945945945965,2.3648648648648702,0.6756756756756772,4.729729729729733,5.067567567567579
1282,bunt.saar,3134,19,1.0,1.0,2.6878852536747266,1.0,0.0,3.4346846846846866,1.2446657183499354,0.6756756756756772,5.28093883357041,1.3513513513513473,6.490042674253203,1.0846372688477857,3.378378378378393,2.702702702702709,3.0405405405405332,0.3378378378378315,6.081081081081074,5.067567567567579
4876,SPD,3134,19,1.0,0.0,2.364864864864862,1.0,0.0,2.308558558558559,5.814366998577526,2.7738264580369787,4.107396870554766,0.2844950213371291,0.46230440967282505,0.7467994310099471,2.0270270270270316,1.3513513513513402,1.3513513513513544,0.6756756756756772,4.391891891891888,4.054054054054063
355,Die Grünen,3134,19,0.0,0.0,10.671526789947839,1.0,1.0,5.743243243243241,0.9246088193456643,7.645803698435273,16.056187766714082,9.246088193456615,17.567567567567565,12.588904694167837,6.418918918918919,2.364864864864863,7.432432432432435,7.7702702702702595,4.729729729729726,5.743243243243242
300,FDP,3134,19,1.0,1.0,6.436699857752487,0.0,1.0,0.8445945945945942,5.885490753911803,5.725462304409675,1.4935988620199083,7.930298719772395,14.580369843527741,3.0049786628733983,1.689189189189186,0.3378378378378386,1.0135135135135158,1.3513513513513473,0.3378378378378386,0.3378378378378386
1312,FDP,3134,19,1.0,1.0,8.650426742532003,1.0,1.0,1.9144144144144157,3.200568990042669,7.770270270270267,11.931009957325749,8.712660028449498,6.241109530583209,14.046941678520625,2.0270270270270316,1.689189189189186,2.7027027027027017,1.3513513513513544,1.689189189189193,2.027027027027028
4992,FDP,3134,19,0.0,1.0,5.375770507349453,1.0,0.0,1.9144144144144175,6.1877667140825,2.773826458036986,3.165007112375541,7.183499288762434,9.903982930298717,3.0405405405405403,1.689189189189193,0.3378378378378386,3.7162162162162176,2.3648648648648702,0.6756756756756843,2.7027027027027017
4454,CDU,3134,19,1.0,0.0,3.399122807017541,1.0,0.0,3.2094594594594583,0.3022759601707037,2.400426742532005,3.8584637268847715,2.187055476529153,6.436699857752494,5.209815078236119,2.7027027027027017,4.391891891891895,3.0405405405405403,5.067567567567565,2.364864864864863,1.689189189189186
2544,CDU,3134,19,1.0,1.0,3.319108582266479,1.0,1.0,1.5202702702702655,0.1955903271692847,2.080369843527741,7.823613086770983,5.778805120910384,2.9871977240398238,1.0490753911806578,2.7027027027026946,2.364864864864856,0.6756756756756701,1.0135135135135087,0.6756756756756772,1.689189189189186
704,FDP,3134,19,1.0,1.0,2.397463252726413,1.0,1.0,2.477477477477477,2.9694167852062634,1.475817923186355,2.631578947368425,1.4402560455191917,4.534139402560456,1.333570412517787,5.743243243243242,0.0,2.364864864864863,2.702702702702709,0.6756756756756701,3.378378378378379
2123,CDU,3134,19,1.0,1.0,3.0553579895685146,0.0,0.0,2.5900900900900865,2.9694167852062563,5.2631578947368425,4.214082503556185,2.507112375533424,2.6849217638691414,0.6934566145092376,2.0270270270270316,3.0405405405405403,0.6756756756756772,7.7702702702702595,0.675675675675663,1.3513513513513473
1578,bunt.saar,3134,19,0.0,0.0,7.334637268847797,1.0,0.0,1.0698198198198234,1.2446657183499354,0.8890469416785294,10.02844950213371,9.139402560455203,13.602418207681367,9.10384068278804,2.3648648648648702,1.0135135135135158,0.3378378378378386,0.6756756756756843,1.3513513513513686,0.675675675675663
2164,CDU,3134,19,1.0,0.0,2.999051683262207,1.0,1.0,0.7882882882882901,5.067567567567565,0.10668563300141898,5.423186344238971,5.387624466571829,0.07112375533427695,1.9381223328591801,0.6756756756756772,1.689189189189186,0.3378378378378386,0.0,1.3513513513513544,0.6756756756756843
4017,FDP,3134,19,1.0,1.0,5.9892128971076355,1.0,1.0,2.1959459459459523,6.703413940256041,0.053342816500716594,7.948079658605984,6.667852062588906,3.236130867709811,11.326458036984356,2.3648648648648702,2.0270270270270316,2.702702702702709,0.6756756756756914,0.3378378378378457,5.067567567567565
1173,SPD,3134,19,0.0,0.0,5.209815078236132,1.0,0.0,1.632882882882883,3.733997155049792,1.6002844950213486,6.863442389758184,6.490042674253203,6.0099573257467895,6.561166429587473,1.0135135135135087,1.689189189189186,2.0270270270270245,3.378378378378379,0.6756756756756914,1.0135135135135087
2416,FDP,3134,19,1.0,1.0,4.397818871503084,1.0,1.0,1.238738738738738,7.485775248933145,1.4224751066856243,5.849928876244668,5.654338549075405,0.7290184921763867,5.245376955903275,1.3513513513513544,2.0270270270270174,0.6756756756756772,1.013513513513523,1.3513513513513473,1.0135135135135087
682,bunt.saar,3134,19,1.0,0.0,7.977714556661922,1.0,0.0,3.0405405405405426,2.187055476529153,7.0945945945945965,10.348506401137975,5.8321479374110865,15.629445234708385,6.7745376955903325,0.3378378378378386,4.391891891891902,3.378378378378372,2.364864864864863,5.405405405405411,2.3648648648648702
1250,bunt.saar,3134,19,1.0,0.0,5.624703651019438,1.0,1.0,0.900900900900897,0.5156472261735487,5.369843527738276,6.650071123755325,4.943100995732571,10.739687055476516,5.52987197724039,1.689189189189186,2.0270270270270174,0.0,0.3378378378378386,0.3378378378378386,1.0135135135135016
2811,SPD,3134,19,0.0,0.0,6.881223328591745,1.0,0.0,3.3220720720720713,5.672119487908965,0.604551920341386,8.25035561877666,11.966571834992884,10.081792318634413,4.711948790896166,3.7162162162162176,3.378378378378379,1.3513513513513473,4.391891891891888,5.067567567567565,2.0270270270270316
5062,bunt.saar,3134,19,1.0,0.0,6.774537695590329,1.0,0.0,3.3220720720720713,0.46230440967283215,2.0625889046941595,9.246088193456615,2.631578947368425,15.611664295874824,10.633001422475118,4.054054054054049,0.0,4.054054054054049,3.378378378378379,3.378378378378372,5.067567567567579
4064,CDU,3134,19,1.0,1.0,2.4804409672830716,1.0,0.0,2.590090090090088,0.32005689900426404,7.734708392603125,0.16002844950213557,1.6002844950213486,0.4800853485063925,4.587482219061165,3.0405405405405332,1.3513513513513473,3.7162162162162176,1.0135135135135087,2.7027027027027017,3.7162162162162176
2104,bunt.saar,3134,19,1.0,0.0,4.623044096728305,1.0,0.0,2.1396396396396375,2.0625889046941666,2.293741109530579,5.28093883357041,4.089615931721191,7.254623044096725,6.756756756756758,2.702702702702709,3.0405405405405332,3.0405405405405332,1.3513513513513544,2.0270270270270174,0.6756756756756772
3526,FDP,3134,19,0.0,0.0,2.9131104788999522,1.0,0.0,1.7454954954954982,2.3826458036984306,5.2275960170697005,2.4182076813655797,4.694167852062584,1.973684210526315,0.7823613086771033,1.3513513513513686,1.3513513513513473,1.3513513513513473,3.7162162162162247,1.3513513513513473,1.3513513513513544
752,FDP,3134,19,0.0,0.0,3.5176623992413467,0.0,0.0,4.110360360360363,0.8712660028449548,3.1472261735419664,2.471550497866282,7.805832147937409,3.769559032716927,3.0405405405405403,1.3513513513513544,4.054054054054056,5.743243243243249,4.054054054054056,3.7162162162162176,5.743243243243242
4587,FDP,3134,19,0.0,0.0,6.377430061640592,0.0,0.0,4.617117117117118,2.6137980085348573,6.578947368421048,6.258890469416791,13.833570412517787,1.973684210526315,7.005689900426752,3.7162162162162105,2.3648648648648702,5.743243243243242,4.391891891891895,4.054054054054056,7.432432432432435
1217,bunt.saar,3134,19,0.0,1.0,8.79563774300616,0.0,1.0,2.139639639639636,5.849928876244668,3.7162162162162105,6.578947368421048,4.17852062588905,20.48364153627311,11.966571834992877,0.3378378378378386,1.6891891891891788,1.3513513513513473,1.689189189189186,3.378378378378379,4.391891891891888
455,bunt.saar,3134,19,0.0,0.0,6.101825509720245,1.0,1.0,1.5765765765765778,1.2446657183499354,1.3335704125177799,8.570412517780937,2.7916073968705533,11.397581792318633,11.273115220483632,1.3513513513513615,2.702702702702709,1.3513513513513544,1.689189189189186,0.0,2.364864864864856
3536,FDP,3134,19,0.0,1.0,3.493954480796584,1.0,0.0,3.4909909909909906,7.930298719772395,1.2980085348506378,5.88549075391181,3.1116642958748244,0.4800853485063925,2.258179231863444,3.378378378378379,7.0945945945945965,1.0135135135135087,3.378378378378379,3.0405405405405403,3.0405405405405403
1621,Die Grünen,3134,19,1.0,0.0,2.45080606922712,1.0,1.0,4.504504504504504,2.435988620199147,5.156472261735409,2.4893314366998567,0.6578947368421098,0.9068278805120897,3.058321479374108,0.0,7.770270270270267,5.4054054054054035,2.364864864864863,7.770270270270267,3.7162162162162247
3966,Die Grünen,3134,19,1.0,0.0,5.657302038880984,1.0,1.0,1.6891891891891884,2.6671408250355597,2.9871977240398238,6.614509246088204,1.4580369843527734,13.65576102418207,6.561166429587473,2.0270270270270245,1.689189189189186,1.6891891891891788,1.3513513513513544,0.6756756756756772,2.702702702702709
1513,CDU,3134,19,1.0,0.0,3.052394499762922,1.0,1.0,3.8288288288288306,3.9295874822190626,6.401137980085352,1.3691322901849219,3.1472261735419664,1.3335704125177799,2.1337126600284506,5.067567567567565,0.0,3.378378378378379,7.0945945945945965,5.067567567567572,2.3648648648648702
2812,FDP,3134,19,1.0,0.0,3.4287577050734925,1.0,1.0,1.4639639639639614,5.4054054054054035,3.5384068278805074,4.089615931721191,2.809388335704128,1.2268847795163538,3.5028449502133725,1.0135135135135016,2.7027027027027017,1.689189189189186,0.3378378378378386,0.6756756756756772,2.364864864864863
5185,Die Grünen,3134,19,1.0,1.0,3.351706970128024,0.0,0.0,7.038288288288289,2.951635846372696,4.854196301564727,0.604551920341386,4.249644381223341,6.169985775248925,1.2802275960170704,10.472972972972975,8.445945945945951,0.3378378378378386,7.0945945945945965,10.810810810810807,5.067567567567565
133,SPD,3134,19,1.0,0.0,8.019203413940255,1.0,1.0,1.2950450450450421,7.290184921763874,6.54338549075392,10.241820768136563,4.551920341394016,8.321479374110943,11.16642958748222,0.675675675675663,1.3513513513513473,0.6756756756756772,3.0405405405405332,1.0135135135135158,1.0135135135135158
777,FDP,3134,19,0.0,0.0,3.7369606448553783,0.0,1.0,1.4639639639639637,2.293741109530579,0.7290184921763796,2.8449502133712556,6.294452347083926,9.014935988620195,1.2446657183499354,1.3513513513513473,2.7027027027026946,0.0,0.6756756756756843,1.689189189189186,2.3648648648648702
1181,FDP,3134,19,1.0,1.0,4.6704599336178285,0.0,0.0,3.659909909909905,4.623044096728307,6.827880512091042,5.2275960170697005,2.7027027027026946,6.205547652916081,2.435988620199147,2.364864864864863,0.6756756756756701,3.378378378378379,5.405405405405389,4.391891891891881,5.743243243243249
3975,Die Grünen,3134,19,1.0,1.0,4.670459933617827,1.0,1.0,1.7454954954954924,5.778805120910384,4.960881934566139,0.32005689900426404,6.916785206258886,9.583926031294453,0.46230440967283215,1.0135135135135087,4.054054054054056,0.3378378378378386,1.0135135135135087,1.0135135135135087,3.0405405405405332
715,FDP,3134,19,0.0,0.0,6.2114746325272625,1.0,0.0,2.871621621621621,4.729729729729726,4.267425320056894,6.756756756756758,5.5476529160739645,13.762446657183496,2.2048364153627347,5.4054054054054035,0.6756756756756772,3.378378378378379,0.6756756756756772,5.067567567567565,2.0270270270270245
402,Die Grünen,3134,19,1.0,1.0,3.4702465623518264,1.0,1.0,1.0135135135135112,0.32005689900427114,5.0497866287340045,3.805120910384062,3.200568990042669,2.3470839260312886,6.098862019914662,0.6756756756756772,1.3513513513513402,0.3378378378378386,0.3378378378378386,1.6891891891891788,1.689189189189193
3050,CDU,3134,19,1.0,0.0,4.2318634423897565,1.0,1.0,2.08333333333333,3.3605974395447973,0.053342816500716594,3.3605974395448044,6.507823613086771,10.988620199146517,1.1201991465149348,2.7027027027026946,2.702702702702709,2.0270270270270174,0.3378378378378244,3.7162162162162176,1.0135135135135158
4320,Die Grünen,3134,19,0.0,0.0,4.531175912754864,0.0,1.0,2.308558558558557,4.107396870554773,0.2489331436699942,6.970128022759603,4.925320056899011,4.960881934566139,5.974395448079662,2.0270270270270174,3.378378378378379,0.3378378378378386,4.729729729729726,2.0270270270270245,1.3513513513513544
4507,Die Grünen,3134,19,1.0,1.0,5.438003793266954,1.0,1.0,2.1396396396396433,4.569701280227605,2.8982930298719793,3.8229018492176436,1.2091038406827934,12.766714082503547,7.361308677098151,2.0270270270270316,2.0270270270270316,2.0270270270270316,0.6756756756756701,4.054054054054063,2.0270270270270316
530,bunt.saar,3134,19,1.0,1.0,4.320768136557606,1.0,1.0,3.885135135135137,0.07112375533427695,7.23684210526315,2.9338549075391143,5.209815078236126,5.814366998577512,4.658605974395456,3.0405405405405332,2.0270270270270316,6.756756756756758,1.0135135135135158,5.743243243243256,4.729729729729726
1597,bunt.saar,3134,19,1.0,0.0,4.940137505926981,1.0,1.0,0.675675675675676,5.2275960170697005,4.17852062588905,4.107396870554766,0.32005689900427114,11.87766714082504,3.9295874822190626,1.3513513513513544,0.0,0.0,2.7027027027027017,0.0,0.0
857,Die Grünen,3134,19,1.0,1.0,5.953651019440493,1.0,1.0,1.295045045045048,1.760312944523477,4.267425320056894,8.872688477951627,2.6315789473684177,11.379800853485065,6.8100995732574745,0.3378378378378386,0.3378378378378386,1.689189189189193,2.0270270270270316,1.689189189189193,1.689189189189193
1723,Die Grünen,3134,19,1.0,0.0,5.698790896159316,1.0,0.0,1.238738738738738,5.45874822190612,3.236130867709818,3.698435277382636,2.4537695590327075,9.174964438122338,10.170697012802279,1.0135135135135087,1.689189189189193,0.3378378378378386,1.3513513513513473,0.6756756756756701,2.3648648648648702
1885,Die Grünen,3134,19,0.0,0.0,4.5578473210052195,1.0,1.0,2.5900900900900865,3.4317211948790884,7.628022759601713,2.258179231863444,3.413940256045514,9.139402560455203,1.475817923186355,4.054054054054056,1.0135135135135087,2.0270270270270245,3.378378378378379,1.0135135135135087,4.054054054054042
1172,SPD,3134,19,1.0,1.0,2.08926031294452,1.0,1.0,4.842342342342342,4.836415362731152,0.21337126600283796,1.7247510668563208,3.59174964438121,0.5689900426742582,1.6002844950213415,2.3648648648648702,4.054054054054056,7.432432432432435,0.675675675675663,7.432432432432435,7.0945945945945965
3417,FDP,3134,19,0.0,1.0,2.421171171171173,0.0,1.0,4.504504504504504,0.6756756756756772,0.5334281650071233,0.4267425320056901,4.640825035561882,1.795874822190612,6.454480796586054,4.054054054054049,4.729729729729733,5.067567567567565,1.689189189189186,5.067567567567572,6.418918918918919
3639,bunt.saar,3134,19,1.0,0.0,6.63525367472736,1.0,1.0,1.182432432432428,0.40896159317212266,2.418207681365587,9.921763869132292,4.391891891891895,16.660739687055468,6.009957325746797,0.6756756756756701,0.3378378378378244,1.689189189189193,1.3513513513513473,1.6891891891891788,1.3513513513513544
4611,FDP,3134,19,1.0,1.0,4.332622095779989,1.0,0.0,1.6328828828828807,4.889758179231862,2.080369843527741,2.115931721194869,1.973684210526315,10.970839260312943,3.9651493598862046,1.0135135135135087,2.7027027027027017,1.689189189189186,2.7027027027026946,0.6756756756756772,1.0135135135135158
2599,Die Grünen,3134,19,1.0,1.0,7.029397818871505,1.0,1.0,2.308558558558559,9.068278805120912,4.409672830725462,0.6045519203413932,8.641536273115221,14.26031294452347,5.192034139402573,3.0405405405405403,3.7162162162162176,4.054054054054049,0.6756756756756843,0.6756756756756772,1.689189189189186
4878,FDP,3134,19,1.0,1.0,3.4613560929350426,1.0,1.0,3.772522522522523,0.3911806543385552,3.911806543385495,7.254623044096725,1.1024182076813673,6.330014224751075,1.7780938833570374,6.4189189189189335,2.7027027027026946,4.054054054054056,3.0405405405405332,3.0405405405405403,3.378378378378379
791,CDU,3134,19,0.0,0.0,5.737316263632056,1.0,1.0,1.0135135135135147,5.316500711237566,8.374822190611667,3.7517780938833525,3.662873399715508,8.374822190611667,4.943100995732571,0.3378378378378386,1.0135135135135158,2.3648648648648702,0.0,1.689189189189186,0.6756756756756772
4045,bunt.saar,3134,19,1.0,1.0,5.32539118065434,1.0,1.0,1.0135135135135134,4.107396870554773,10.330725462304414,2.9338549075391143,0.7645803698435216,9.797297297297305,4.018492176386914,1.689189189189193,1.3513513513513544,1.3513513513513544,1.3513513513513544,0.3378378378378244,0.0
2449,CDU,3134,19,1.0,1.0,2.1307491702228583,1.0,1.0,3.434684684684683,1.0490753911806578,2.8271692745377024,0.0,2.489331436699864,3.342816500711244,3.0761024182076824,6.081081081081081,2.3648648648648702,5.4054054054054035,3.378378378378372,2.0270270270270245,1.3513513513513473
2526,Die Grünen,3134,19,0.0,0.0,4.2496443812233275,0.0,0.0,4.2792792792792795,0.40896159317212266,5.156472261735409,6.525604551920338,0.3911806543385552,5.51209103840683,7.503556187766712,5.405405405405411,0.0,5.4054054054054035,3.7162162162162176,3.0405405405405475,8.108108108108098
978,bunt.saar,3134,19,1.0,0.0,3.2924371740161207,1.0,1.0,2.81531531531531,0.8712660028449477,1.5825035561877598,2.418207681365587,0.9246088193456643,11.806543385490748,2.151493598862018,1.689189189189186,2.364864864864856,4.054054054054035,2.7027027027027017,2.0270270270270316,4.054054054054049
2089,CDU,3134,19,1.0,1.0,4.5282124229492675,1.0,1.0,1.5765765765765731,2.275960170697026,4.12517780938834,7.574679943100996,4.534139402560456,7.2724039829302995,1.3869132290184893,1.0135135135135087,1.0135135135135158,1.0135135135135158,0.675675675675663,2.0270270270270245,3.7162162162162105
1704,FDP,3134,19,0.0,0.0,6.531531531531531,1.0,1.0,4.11036036036036,9.495021337126602,8.60597439544808,0.03556187766713492,5.921052631578952,9.050497866287337,6.081081081081081,4.054054054054056,3.0405405405405332,3.0405405405405475,3.7162162162162105,6.756756756756758,4.054054054054056
3063,FDP,3134,19,0.0,1.0,4.528212422949266,1.0,1.0,1.5202702702702702,1.9914651493598896,0.32005689900427114,6.490042674253196,11.593172119487903,1.5291607396870575,5.245376955903275,1.3513513513513544,0.6756756756756772,3.378378378378379,0.3378378378378386,0.6756756756756701,2.7027027027027017
349,FDP,3134,19,1.0,1.0,3.550260787102894,1.0,1.0,3.265765765765767,2.5248933143669916,1.4580369843527734,1.1379800853485165,11.34423897581793,0.3911806543385481,4.445234708392604,7.0945945945945965,0.0,2.702702702702709,7.432432432432435,1.689189189189186,0.6756756756756737
1292,DIE LINKE,3134,19,1.0,0.0,2.3648648648648645,1.0,0.0,3.3220720720720736,1.475817923186355,0.7467994310099613,5.209815078236119,4.445234708392597,1.6358463726884764,0.6756756756756772,3.378378378378372,2.0270270270270316,5.067567567567565,0.6756756756756843,4.054054054054056,4.729729729729733
4480,CDU,3134,19,1.0,1.0,3.772522522522518,1.0,0.0,2.0833333333333335,1.0668563300142182,3.627311522048366,5.565433854907539,5.672119487908951,2.293741109530579,4.409672830725455,3.7162162162162247,1.3513513513513473,1.689189189189186,0.0,3.7162162162162176,2.0270270270270245
1451,Die Grünen,3134,19,1.0,0.0,3.6925082977714574,1.0,0.0,3.6599099099099077,1.760312944523477,6.276671408250358,1.4046941678520568,3.022759601706966,5.849928876244675,3.840682788051211,3.378378378378379,2.7027027027026946,3.7162162162162247,3.7162162162162105,3.7162162162162033,4.729729729729733
3574,CDU,3134,19,1.0,1.0,3.692508297771455,1.0,1.0,5.011261261261264,4.67638691322901,2.6137980085348573,2.720483641536269,2.151493598862025,2.6315789473684177,7.361308677098151,1.3513513513513686,7.0945945945945965,5.067567567567565,4.729729729729733,4.391891891891895,7.432432432432428
3678,CDU,3134,19,0.0,0.0,1.71882408724514,1.0,1.0,3.209459459459456,1.8847795163584706,1.8136557610241795,0.3378378378378386,4.765291607396875,1.2980085348506378,0.21337126600283796,4.054054054054056,4.054054054054042,3.7162162162162176,2.7027027027026946,4.054054054054056,0.6756756756756701
3091,SPD,3134,19,1.0,0.0,2.0359174964438096,1.0,0.0,2.477477477477477,2.187055476529153,0.6934566145092447,4.480796586059739,1.8136557610241795,0.6401137980085352,2.400426742532005,3.0405405405405475,5.405405405405411,0.0,4.729729729729726,0.6756756756756701,1.0135135135135087
2451,Die Grünen,3134,19,0.0,1.0,4.359293504030346,0.0,0.0,3.1531531531531543,2.8982930298719793,1.3513513513513473,5.6899004267425255,1.404694167852064,8.517069701280235,6.294452347083926,1.3513513513513615,0.3378378378378386,4.729729729729719,5.067567567567565,2.702702702702709,4.729729729729733
467,bunt.saar,3134,19,1.0,1.0,4.608226647700331,1.0,1.0,1.2950450450450457,0.3378378378378386,8.428165007112383,4.960881934566139,2.3826458036984377,9.477240398293027,2.0625889046941595,0.6756756756756772,1.0135135135135087,1.689189189189186,1.0135135135135087,0.6756756756756843,2.702702702702709
4955,bunt.saar,3134,19,1.0,0.0,7.50059269796112,1.0,1.0,0.9009009009009018,3.200568990042669,6.667852062588906,11.059743954480808,3.94736842105263,10.348506401137975,9.77951635846373,3.0405405405405332,0.3378378378378386,0.3378378378378386,1.0135135135135087,0.0,0.6756756756756914
4381,FDP,3134,19,0.0,0.0,3.5887861545756294,1.0,1.0,0.6193693693693696,3.5028449502133725,0.12446657183500065,4.854196301564727,9.228307254623047,1.4224751066856243,2.400426742532005,1.3513513513513544,1.0135135135135087,0.0,0.3378378378378386,0.0,1.0135135135135158
3883,Die Grünen,3134,19,0.0,1.0,6.146277856804172,1.0,1.0,2.927927927927925,1.4224751066856385,0.9068278805120968,8.51706970128022,3.627311522048373,14.544807965860592,7.859174964438111,1.689189189189186,3.0405405405405475,3.378378378378372,3.7162162162162176,2.0270270270270174,3.7162162162162105
1669,bunt.saar,3134,19,0.0,1.0,3.399122807017543,0.0,1.0,2.7590090090090094,1.475817923186355,0.6756756756756772,2.329302987197721,3.4672830725462234,6.7745376955903325,5.672119487908951,3.7162162162162176,1.689189189189186,1.013513513513523,3.378378378378379,3.7162162162162176,3.0405405405405332
2315,DIE LINKE,3134,19,1.0,0.0,5.906235182550975,1.0,0.0,2.5337837837837838,3.5739687055476637,2.8271692745376953,6.685633001422481,4.605263157894733,12.162162162162161,5.583214793741114,0.6756756756756772,2.0270270270270316,3.7162162162162247,2.7027027027026946,5.4054054054054035,0.6756756756756701
1397,Die Grünen,3134,19,1.0,0.0,4.302987197724037,1.0,0.0,3.9977477477477463,4.036273115220482,3.805120910384062,1.0668563300142182,7.556899004267429,1.511379800853483,7.841394025604551,4.391891891891888,2.364864864864863,1.689189189189193,8.783783783783782,6.418918918918912,0.3378378378378386
3658,bunt.saar,3134,19,0.0,0.0,3.156116642958748,0.0,0.0,1.4076576576576538,0.017780938833574567,1.6002844950213415,2.720483641536269,0.9068278805120897,7.965860597439544,5.7254623044096675,0.3378378378378315,3.0405405405405332,1.3513513513513544,2.0270270270270245,1.0135135135135158,0.675675675675663
4646,FDP,3134,19,0.0,1.0,5.615813181602662,1.0,1.0,1.463963963963966,7.82361308677099,6.881223328591759,0.8534850640113874,9.975106685633016,6.54338549075392,1.6180654338549019,0.0,4.054054054054056,1.0135135135135158,1.01351351351353,1.0135135135135158,1.6891891891891788
4292,Die Grünen,3134,19,1.0,0.0,2.640469416785205,1.0,1.0,3.8288288288288306,0.1422475106685539,0.053342816500716594,3.307254623044102,0.7823613086771033,9.690611664295872,1.8669985775248819,2.0270270270270245,3.378378378378379,4.729729729729726,3.378378378378372,3.0405405405405475,6.4189189189189335
1601,FDP,3134,19,1.0,1.0,3.9770033191085843,1.0,0.0,1.632882882882883,2.151493598862025,1.8492176386913215,8.712660028449513,0.03556187766713492,10.668563300142246,0.4445234708392647,3.378378378378372,2.0270270270270316,0.3378378378378457,0.3378378378378386,1.689189189189186,2.0270270270270245
5138,bunt.saar,3134,19,0.0,1.0,6.9493835941204365,1.0,1.0,2.5900900900900923,9.317211948790899,3.182788051209087,10.526315789473685,3.9651493598862118,10.91749644381224,3.7873399715504945,0.3378378378378386,0.3378378378378386,4.054054054054056,5.4054054054054035,4.391891891891902,1.0135135135135158
3558,FDP,3134,19,0.0,1.0,6.0751541014698915,0.0,1.0,3.547297297297297,2.9694167852062634,7.04125177809388,5.174253200568991,5.992176386913229,11.895448079658607,3.378378378378379,4.054054054054049,2.0270270270270245,5.743243243243242,0.6756756756756772,5.067567567567572,3.7162162162162176
3787,FDP,3134,19,1.0,1.0,4.356330014224748,1.0,1.0,1.4076576576576574,4.67638691322901,5.4409672830725455,0.9779516358463738,1.831436699857747,10.864153627311524,2.3470839260312886,0.6756756756756772,2.364864864864863,0.3378378378378386,0.0,2.0270270270270316,3.0405405405405332
1256,FDP,3134,19,0.0,1.0,4.249644381223334,1.0,1.0,1.9707207207207194,3.6806543385490826,0.8712660028449477,2.471550497866289,7.343527738264598,4.569701280227605,6.56116642958748,1.0135135135135016,2.0270270270270316,2.3648648648648702,1.0135135135135016,1.689189189189193,3.7162162162162176
202,DIE LINKE,3134,19,1.0,0.0,5.950687529634902,0.0,1.0,1.3513513513513544,2.2226173541963092,3.9651493598862118,9.815078236130866,0.5867709815078399,9.886201991465143,9.228307254623047,0.0,1.3513513513513544,1.013513513513523,3.7162162162162176,1.0135135135135158,1.0135135135135158
3036,bunt.saar,3134,19,1.0,0.0,5.9003082029397795,1.0,1.0,1.4076576576576596,3.627311522048366,6.383357041251777,4.285206258890469,1.0846372688477928,15.647226173541966,4.374110953058306,0.3378378378378386,2.3648648648648702,2.0270270270270316,1.689189189189186,0.0,2.0270270270270316
3026,FDP,3134,19,0.0,1.0,8.54374110953058,1.0,1.0,1.801801801801804,6.418918918918912,9.228307254623047,6.418918918918919,11.966571834992877,7.450213371265999,9.77951635846373,1.013513513513523,1.689189189189186,1.0135135135135158,1.3513513513513544,4.72972972972973,1.0135135135135158
3590,CDU,3134,19,1.0,0.0,4.711948790896158,0.0,1.0,2.6463963963963977,4.889758179231862,4.729729729729726,2.4182076813655797,4.87197724039828,5.014224751066855,6.347795163584642,1.0135135135135087,0.3378378378378315,2.702702702702709,4.054054054054063,1.689189189189193,6.081081081081081
1936,Die Grünen,3134,19,1.0,0.0,4.137031768610712,0.0,0.0,3.547297297297296,1.1557610241820626,6.507823613086771,4.605263157894733,1.1024182076813602,5.529871977240397,5.921052631578952,4.054054054054056,1.6891891891892001,2.7027027027026946,5.067567567567565,3.0405405405405332,4.729729729729726
2224,CDU,3134,19,1.0,1.0,6.6085822664770015,1.0,1.0,2.027027027027026,6.561166429587473,8.694879089615931,4.463015647226179,7.5213371266002795,9.03271692745377,3.378378378378379,2.364864864864863,2.0270270270270245,1.3513513513513473,3.0405405405405403,1.0135135135135158,2.364864864864863
2372,FDP,3134,19,1.0,1.0,2.2848506401137976,1.0,1.0,1.632882882882883,3.2539118065433854,0.9957325746799413,1.1379800853485094,5.014224751066848,0.17780938833571014,3.129445234708392,2.364864864864856,2.3648648648648702,1.3513513513513473,1.689189189189193,1.689189189189193,0.3378378378378386
368,bunt.saar,3134,19,1.0,0.0,8.45779990516832,1.0,1.0,2.252252252252253,6.152204836415358,0.4267425320056759,12.251066856329999,5.423186344238971,15.184921763869134,11.308677098150781,1.0135135135135158,1.3513513513513544,2.0270270270270174,2.0270270270270316,4.054054054054063,3.0405405405405332
3693,FDP,3134,19,1.0,0.0,5.743243243243245,1.0,0.0,2.871621621621626,7.0945945945945965,6.54338549075392,4.871977240398294,3.058321479374108,12.162162162162161,0.7290184921763867,3.7162162162162176,1.3513513513513544,4.054054054054056,0.3378378378378528,4.391891891891895,3.378378378378379
3628,FDP,3134,19,1.0,1.0,5.42022285443338,1.0,1.0,2.0270270270270268,10.91749644381224,2.7560455192034183,4.480796586059739,5.476529160739673,2.987197724039838,5.903271692745371,1.013513513513523,3.0405405405405332,2.0270270270270316,0.0,3.7162162162162105,2.364864864864863
4790,bunt.saar,3134,19,0.0,0.0,8.354077761972496,1.0,0.0,3.434684684684683,0.9779516358463738,1.51137980085349,13.05120910384067,5.1209103840682815,15.629445234708385,13.83357041251778,2.0270270270270245,0.3378378378378386,4.3918918918918735,3.0405405405405475,5.405405405405411,5.4054054054054035
2871,SPD,3134,19,0.0,0.0,5.87956377430062,1.0,0.0,3.096846846846842,0.2844950213371291,10.579658605974402,8.32147937411095,6.436699857752494,3.6806543385490826,5.974395448079662,6.418918918918919,1.3513513513513473,2.7027027027026946,4.729729729729726,1.0135135135135016,2.364864864864863
4798,bunt.saar,3134,19,0.0,1.0,4.990516832622099,1.0,1.0,2.1959459459459474,2.222617354196302,1.8847795163584777,6.347795163584628,4.142958748221908,10.152916073968711,5.1920341394025655,4.054054054054049,1.689189189189193,1.0135135135135158,4.729729729729733,0.6756756756756772,1.0135135135135158
4835,SPD,3134,19,0.0,0.0,4.445234708392607,0.0,1.0,1.407657657657656,4.249644381223341,4.107396870554773,5.849928876244675,0.16002844950213557,7.23684210526315,5.067567567567565,0.6756756756756701,0.6756756756756701,0.6756756756756843,2.364864864864856,2.0270270270270316,2.0270270270270245
4215,CDU,3134,19,1.0,1.0,3.040540540540544,0.0,1.0,3.603603603603606,1.6002844950213415,4.054054054054056,1.9559032716927405,3.2183499288762576,0.053342816500716594,7.361308677098151,0.0,5.067567567567565,3.7162162162162105,4.391891891891902,4.054054054054063,4.391891891891895
2698,FDP,3134,19,1.0,1.0,1.5054528212422937,1.0,1.0,2.1959459459459474,2.7560455192034112,2.080369843527734,1.333570412517787,1.1024182076813673,1.3513513513513473,0.40896159317211556,4.054054054054049,0.3378378378378457,1.3513513513513544,2.7027027027026946,3.0405405405405475,1.689189189189193
121,DIE LINKE,3134,19,1.0,0.0,5.2068515884305375,1.0,0.0,6.70045045045045,1.0668563300142253,1.6002844950213486,11.539829302987194,3.7162162162162176,4.587482219061165,8.730440967283073,7.770270270270274,2.3648648648648702,7.770270270270267,10.13513513513513,3.7162162162162176,8.445945945945944
4340,bunt.saar,3134,19,1.0,1.0,4.137031768610714,1.0,0.0,0.9009009009008994,2.6493598862019923,1.4758179231863409,7.183499288762434,3.413940256045521,6.081081081081081,4.018492176386914,0.6756756756756701,0.3378378378378386,0.6756756756756772,1.0135135135135158,1.3513513513513544,1.3513513513513402
494,FDP,3134,19,0.0,0.0,3.0286865813181585,0.0,0.0,1.0698198198198139,0.03556187766713492,5.334281650071119,0.7290184921763796,3.7339971550497992,6.98790896159317,1.3513513513513473,3.7162162162162176,0.3378378378378244,0.3378378378378244,0.675675675675663,0.6756756756756701,0.6756756756756843
2339,FDP,3134,19,1.0,1.0,2.2996680891417696,1.0,1.0,2.421171171171172,0.6401137980085352,2.880512091038412,0.9601706970127921,3.5028449502133583,2.3826458036984306,3.4317211948790884,3.378378378378372,4.054054054054056,1.0135135135135087,1.01351351351353,2.0270270270270245,3.0405405405405403
1104,FDP,3134,19,1.0,1.0,5.186107159791372,1.0,1.0,1.8581081081081123,4.2140825035561775,1.1024182076813673,9.992887624466583,6.596728307254629,2.987197724039838,6.223328591749635,0.3378378378378386,0.6756756756756772,2.7027027027027017,1.689189189189193,1.6891891891892001,4.054054054054063
1338,Die Grünen,3134,19,0.0,0.0,5.606922712185869,1.0,1.0,0.6756756756756749,2.7560455192034112,1.9025604551920452,8.51706970128022,2.5426742532005733,9.815078236130866,8.108108108108098,0.3378378378378386,1.3513513513513686,0.0,0.3378378378378386,1.0135135135135016,1.0135135135135016
3525,CDU,3134,19,0.0,1.0,2.2996680891417705,0.0,0.0,2.1396396396396375,2.6671408250355597,0.07112375533427695,4.943100995732571,0.32005689900426404,1.689189189189186,4.107396870554766,1.689189189189186,1.3513513513513544,0.3378378378378386,5.4054054054054035,2.7027027027026946,1.3513513513513473
2627,Die Grünen,3134,19,1.0,1.0,5.5802513039355155,0.0,0.0,6.25,0.8890469416785152,5.369843527738276,7.112375533428171,5.4765291607396875,9.60170697012802,5.032005689900423,3.378378378378379,4.391891891891902,8.445945945945951,7.432432432432428,7.432432432432435,6.418918918918905
360,FDP,3134,19,0.0,1.0,2.3915362731152214,1.0,1.0,2.533783783783786,0.40896159317212266,0.5334281650071091,1.3157894736842124,9.246088193456615,1.6358463726884764,1.2091038406827934,0.0,2.0270270270270245,4.391891891891895,0.6756756756756843,3.378378378378379,4.729729729729733
3006,CDU,3134,19,1.0,1.0,3.6273115220483647,0.0,1.0,1.8018018018018023,3.6095305832147915,3.09388335704125,4.889758179231862,3.2539118065433854,5.316500711237559,1.6002844950213415,1.689189189189186,1.689189189189193,0.3378378378378457,4.054054054054042,2.3648648648648702,0.6756756756756772
4499,Die Grünen,3134,19,1.0,1.0,8.226647700331908,1.0,1.0,3.7162162162162162,2.5960170697012828,6.223328591749642,10.277382645803684,5.334281650071119,16.038406827880515,8.890469416785209,3.7162162162162176,1.0135135135135087,4.391891891891888,3.378378378378379,4.391891891891902,5.4054054054054035
5111,Die Grünen,3134,19,1.0,0.0,2.6760312944523448,1.0,1.0,2.0833333333333335,1.6358463726884764,0.46230440967283215,2.791607396870546,3.271692745376953,6.578947368421048,1.3157894736842124,2.0270270270270316,3.0405405405405403,1.0135135135135158,0.6756756756756701,2.0270270270270316,3.7162162162162105
4052,FDP,3134,19,1.0,0.0,4.8097439544808,1.0,0.0,5.51801801801802,7.343527738264598,9.88620199146515,1.333570412517787,3.7517780938833525,4.320768136557611,2.222617354196302,2.0270270270270316,5.405405405405411,8.783783783783782,0.3378378378378386,8.783783783783782,7.770270270270274
1649,bunt.saar,3134,19,1.0,0.0,6.418918918918916,1.0,1.0,0.9572072072072059,4.889758179231862,2.7738264580369787,8.001422475106693,2.7027027027027017,14.331436699857747,5.814366998577512,0.6756756756756701,0.0,1.689189189189193,0.3378378378378386,1.3513513513513544,1.6891891891891788
3764,Die Grünen,3134,19,1.0,0.0,5.135727833096255,1.0,1.0,1.126126126126124,1.3513513513513473,0.32005689900426404,6.294452347083933,1.76031294452347,13.264580369843529,7.82361308677099,0.0,3.7162162162162247,0.3378378378378386,0.3378378378378386,0.675675675675663,1.6891891891891788
1806,bunt.saar,3134,19,1.0,0.0,5.7550972024656275,1.0,0.0,0.1689189189189193,1.475817923186348,8.428165007112376,7.62802275960172,4.996443812233288,7.112375533428171,4.889758179231862,0.0,0.6756756756756772,0.0,0.0,0.0,0.3378378378378386
3934,FDP,3134,19,1.0,1.0,5.9180891417733505,1.0,1.0,5.855855855855855,4.302987197724036,8.42816500711237,7.147937411095306,4.17852062588905,4.054054054054049,7.396870554765293,4.054054054054056,7.094594594594589,7.770270270270274,3.0405405405405403,6.418918918918912,6.756756756756758
2877,Die Grünen,3134,19,0.0,0.0,4.954954954954954,1.0,1.0,1.1261261261261264,2.6493598862019923,0.3911806543385552,7.4502133712659955,0.5334281650071091,12.908961593172116,5.796586059743959,0.6756756756756701,0.675675675675663,2.0270270270270316,0.3378378378378315,1.01351351351353,2.0270270270270316
4394,SPD,3134,19,1.0,0.0,4.791963015647224,0.0,0.0,3.040540540540537,0.5156472261735487,6.934566145092461,7.894736842105267,3.8584637268847715,3.7162162162162105,5.8321479374110865,1.0135135135135087,2.7027027027026946,4.729729729729726,2.702702702702709,5.405405405405396,1.689189189189186
1646,bunt.saar,3134,19,0.0,0.0,6.525604551920339,0.0,1.0,2.3648648648648645,1.8492176386913215,2.044807965860592,10.295163584637258,0.8534850640113874,14.758179231863444,9.352773826458034,2.3648648648648702,0.0,2.0270270270270174,4.391891891891895,2.0270270270270316,3.378378378378372
90,CDU,3134,19,1.0,0.0,1.8551446183025142,1.0,1.0,1.745495495495496,3.3605974395447973,2.151493598862025,0.5334281650071233,1.9203413940255984,2.6493598862019923,0.5156472261735487,1.3513513513513473,3.378378378378372,1.3513513513513615,1.013513513513523,2.364864864864863,1.0135135135135087
2595,FDP,3134,19,1.0,1.0,3.1827880512091027,1.0,1.0,2.4211711711711743,2.9871977240398238,2.4182076813655797,1.7425320056899025,6.169985775248932,1.511379800853483,4.267425320056894,0.6756756756756843,2.0270270270270245,2.0270270270270245,6.081081081081095,1.3513513513513544,2.364864864864863
3978,FDP,3134,19,1.0,1.0,4.753437648174491,1.0,0.0,2.5900900900900923,9.637268847795163,2.6671408250355597,1.1201991465149348,9.655049786628751,2.5248933143669916,2.916073968705547,3.378378378378372,3.378378378378379,2.0270270270270245,3.7162162162162247,2.702702702702709,0.3378378378378457
627,Die Grünen,3134,19,1.0,0.0,4.931247036510197,1.0,0.0,3.040540540540539,3.7162162162162176,0.9779516358463738,7.165718349928881,2.6493598862019923,8.97937411095306,6.098862019914655,1.3513513513513473,1.0135135135135087,5.4054054054054035,3.7162162162162176,3.378378378378372,3.378378378378386
446,bunt.saar,3134,19,1.0,0.0,4.522285443338077,1.0,0.0,2.1396396396396433,8.961593172119493,0.17780938833571014,0.8001422475106708,5.51209103840683,10.330725462304407,1.3513513513513473,0.0,5.405405405405411,4.391891891891902,3.0405405405405475,0.0,0.0
2714,SPD,3134,19,0.0,0.0,3.6213845424371747,1.0,0.0,2.027027027027028,7.361308677098151,6.152204836415365,0.5512091038406766,0.9601706970128063,4.623044096728307,2.080369843527741,1.689189189189186,1.3513513513513473,0.6756756756756772,4.391891891891895,1.0135135135135158,3.0405405405405475
1932,CDU,3134,19,1.0,0.0,2.6819582740635384,1.0,1.0,4.335585585585588,2.951635846372696,0.6045519203413932,5.387624466571843,2.2759601706970045,2.8449502133712627,2.0270270270270316,6.418918918918919,6.081081081081088,3.0405405405405332,7.770270270270281,1.3513513513513544,1.3513513513513544
3983,FDP,3134,19,1.0,1.0,3.1175912754860136,1.0,1.0,2.252252252252255,5.903271692745371,1.2446657183499354,3.5739687055476566,0.3378378378378386,6.169985775248932,1.475817923186348,2.702702702702709,0.6756756756756843,2.0270270270270316,6.081081081081081,2.0270270270270245,0.0
2254,bunt.saar,3134,19,1.0,0.0,3.221313418681833,1.0,1.0,1.1824324324324316,3.59174964438121,1.1557610241820697,6.827880512091042,1.5647226173541924,4.80085348506401,1.3869132290184751,0.3378378378378244,0.6756756756756772,0.6756756756756772,3.0405405405405403,1.0135135135135016,1.3513513513513686
4643,Die Grünen,3134,19,1.0,0.0,7.0323613086771,1.0,1.0,1.745495495495503,4.018492176386907,2.6493598862019923,5.761024182076824,3.805120910384069,16.038406827880515,9.921763869132292,1.013513513513523,1.689189189189193,1.3513513513513544,1.689189189189193,1.3513513513513686,3.378378378378386
4641,FDP,3134,19,0.0,1.0,2.42709815078236,0.0,1.0,4.279279279279279,1.6714082503556114,3.09388335704125,1.618065433854909,3.0405405405405332,1.9381223328591872,3.200568990042669,3.378378378378379,4.729729729729726,6.081081081081088,0.675675675675663,5.405405405405411,5.4054054054054035
3501,Die Grünen,3134,19,0.0,0.0,8.792674253200566,1.0,1.0,3.040540540540539,4.480796586059739,4.214082503556185,12.179943100995736,9.619487908961588,16.002844950213365,6.258890469416784,3.378378378378386,2.0270270270270316,3.0405405405405332,3.7162162162162176,3.0405405405405332,3.0405405405405332
335,CDU,3134,19,1.0,0.0,3.200568990042671,1.0,0.0,3.885135135135132,0.6045519203413932,3.7517780938833525,2.187055476529153,9.690611664295872,2.0625889046941666,0.9068278805120897,1.3513513513513402,3.0405405405405403,6.081081081081074,0.6756756756756772,5.743243243243242,6.418918918918919
2314,SPD,3134,19,0.0,1.0,3.98293029871977,1.0,1.0,0.5067567567567567,1.4935988620199083,0.5334281650071233,6.703413940256041,4.87197724039828,5.494310099573255,4.80085348506401,0.0,1.3513513513513544,1.0135135135135158,0.6756756756756701,0.0,0.0
2926,DIE LINKE,3134,19,1.0,0.0,2.658250355618781,1.0,0.0,2.477477477477475,1.191322901849226,0.9779516358463738,5.2275960170697005,2.0981507823613086,2.2226173541963092,4.231863442389766,0.6756756756756701,4.391891891891888,0.3378378378378386,5.067567567567565,2.7027027027027017,1.689189189189186
4623,FDP,3134,19,0.0,1.0,4.0481270744428635,0.0,1.0,4.560810810810811,3.94736842105263,4.160739687055475,5.725462304409675,0.9601706970128063,4.142958748221901,5.352062588904694,7.0945945945945965,1.3513513513513473,4.729729729729726,6.081081081081088,3.7162162162162176,4.391891891891895
1749,bunt.saar,3134,19,1.0,0.0,5.31353722143196,1.0,1.0,0.8445945945945965,4.018492176386907,0.5689900426742582,7.432432432432435,2.987197724039838,10.668563300142253,6.205547652916067,1.0135135135135087,0.0,1.3513513513513544,1.013513513513523,0.3378378378378386,1.3513513513513544
441,bunt.saar,3134,19,1.0,0.0,5.639521100047414,1.0,1.0,1.4076576576576632,3.769559032716927,4.551920341394016,5.95661450924608,2.3115220483641536,8.908250355618776,8.339260312944532,1.689189189189186,1.689189189189193,1.013513513513523,2.0270270270270245,1.013513513513523,1.01351351351353
1986,DIE LINKE,3134,19,0.0,1.0,3.6184210526315765,0.0,1.0,4.5608108108108105,2.400426742532005,0.9779516358463738,3.0049786628733983,3.8584637268847715,10.241820768136556,1.2268847795163538,5.405405405405411,1.689189189189193,5.4054054054054035,6.081081081081074,7.094594594594589,1.689189189189193
901,bunt.saar,3134,19,1.0,0.0,6.904931247036511,1.0,0.0,3.547297297297297,2.7382645803698438,3.378378378378372,13.371266002844948,2.720483641536269,10.312944523470854,8.908250355618776,1.689189189189186,1.3513513513513402,5.743243243243228,3.7162162162162176,3.378378378378393,5.405405405405418
5010,SPD,3134,19,1.0,1.0,6.258890469416788,1.0,1.0,2.702702702702709,2.6671408250355597,1.6714082503556114,9.317211948790913,5.547652916073972,9.352773826458034,8.997155049786642,1.013513513513523,3.0405405405405546,3.0405405405405475,2.0270270270270316,4.054054054054049,3.0405405405405475
2226,FDP,3134,19,0.0,1.0,6.436699857752487,1.0,1.0,1.5202702702702713,3.6450924608819264,3.058321479374108,10.152916073968704,8.623755334281647,2.5248933143669987,10.615220483641536,0.6756756756756843,1.3513513513513473,1.689189189189186,3.0405405405405475,1.0135135135135087,1.3513513513513544
3970,DIE LINKE,3134,19,1.0,0.0,3.0494310099573254,0.0,1.0,1.1261261261261228,0.9957325746799413,1.1379800853485023,4.356330014224746,2.7916073968705533,6.276671408250358,2.738264580369851,0.3378378378378386,1.3513513513513402,1.689189189189193,0.0,2.7027027027027017,0.675675675675663
2493,Die Grünen,3134,19,1.0,0.0,4.84826932195353,1.0,1.0,1.1824324324324351,2.951635846372689,0.23115220483641963,6.899004267425312,3.0405405405405403,9.42389758179231,6.543385490753906,1.3513513513513473,2.3648648648648702,0.3378378378378386,1.0135135135135087,1.3513513513513686,0.6756756756756772
2379,Die Grünen,3134,19,1.0,1.0,4.883831199620672,1.0,1.0,1.1824324324324305,3.805120910384062,3.6450924608819264,3.1116642958748173,5.03200568990043,12.660028449502136,1.0490753911806578,0.6756756756756772,1.689189189189186,0.0,2.0270270270270316,1.3513513513513473,1.3513513513513402
397,bunt.saar,3134,19,1.0,1.0,3.102773826458036,1.0,1.0,1.5202702702702655,2.187055476529153,9.637268847795163,0.1422475106685539,1.7780938833570374,3.982930298719779,0.8890469416785294,0.3378378378378386,1.0135135135135158,3.0405405405405332,0.3378378378378315,1.3513513513513402,3.0405405405405332
1283,FDP,3134,19,0.0,1.0,4.211119013750594,0.0,1.0,1.9144144144144153,3.2894736842105345,2.7204836415362763,5.743243243243242,3.698435277382636,5.921052631578952,3.8940256045519206,2.3648648648648702,2.0270270270270245,0.3378378378378386,3.378378378378372,3.0405405405405403,0.3378378378378457
5179,FDP,3134,19,1.0,1.0,2.6760312944523457,1.0,1.0,1.6891891891891835,4.87197724039828,2.880512091038412,2.43598862019914,2.418207681365587,0.6756756756756772,2.7738264580369787,0.0,1.0135135135135087,2.364864864864863,3.7162162162161962,2.364864864864863,0.6756756756756701
2602,Die Grünen,3134,19,0.0,1.0,2.3441204362256998,1.0,1.0,2.027027027027026,7.414651493598868,2.00924608819345,0.9779516358463738,0.4445234708392647,0.9068278805120897,2.3115220483641536,1.3513513513513473,3.0405405405405403,2.3648648648648702,0.6756756756756701,3.0405405405405403,1.689189189189186
5090,Die Grünen,3134,19,1.0,1.0,4.270388809862496,0.0,1.0,3.3220720720720713,3.769559032716927,2.3115220483641536,4.267425320056901,2.951635846372696,7.0945945945945965,5.2275960170697005,4.391891891891895,0.3378378378378386,2.702702702702709,4.391891891891888,4.054054054054049,4.054054054054049
4520,FDP,3134,19,0.0,0.0,3.793266951161692,0.0,0.0,3.772522522522523,8.036984352773828,4.391891891891895,1.191322901849226,1.262446657183503,6.009957325746804,1.866998577524896,0.3378378378378386,4.729729729729733,6.418918918918926,1.0135135135135087,4.729729729729726,5.4054054054054035
131,SPD,3134,19,0.0,1.0,7.242769084874346,1.0,1.0,2.9279279279279287,8.499288762446653,3.7873399715504945,2.8449502133712556,12.126600284495026,9.495021337126602,6.703413940256041,3.0405405405405403,1.689189189189193,4.729729729729733,3.378378378378379,2.7027027027026946,2.0270270270270316
4118,Die Grünen,3134,19,1.0,0.0,6.7360123281175985,1.0,1.0,1.9707207207207251,0.8179231863442382,3.627311522048373,9.743954480796589,4.9075391180654435,12.28662873399717,9.032716927453777,1.689189189189193,0.0,2.3648648648648702,2.702702702702709,2.0270270270270316,3.0405405405405475
2277,SPD,3134,19,1.0,0.0,3.428757705073495,1.0,0.0,4.391891891891891,4.889758179231862,0.16002844950213557,7.112375533428171,0.6578947368421026,2.293741109530579,5.45874822190612,2.0270270270270316,7.094594594594589,4.054054054054049,3.0405405405405403,6.081081081081081,4.054054054054056
4467,FDP,3134,19,1.0,1.0,2.3144855381697496,1.0,1.0,1.8018018018018023,0.6045519203413932,6.063300142247513,0.4445234708392647,4.249644381223334,0.426742532005683,2.0981507823613086,5.067567567567565,0.3378378378378386,0.3378378378378386,4.054054054054049,1.013513513513523,0.0
2443,bunt.saar,3134,19,1.0,1.0,6.747866287339968,1.0,1.0,1.2950450450450421,7.307965860597427,5.814366998577512,7.076813655761022,7.165718349928888,10.526315789473685,2.5960170697012757,0.3378378378378244,2.0270270270270174,1.6891891891891788,1.3513513513513615,2.0270270270270316,0.3378378378378386
297,SPD,3134,19,1.0,0.0,3.4435751541014703,1.0,0.0,2.195945945945945,1.8136557610241795,1.7069701280227676,6.614509246088197,2.3470839260312957,0.8001422475106637,7.3790896159317185,0.0,5.4054054054054035,0.3378378378378386,3.7162162162162176,1.0135135135135016,2.702702702702709
1917,bunt.saar,3134,19,1.0,0.0,4.474869606448554,0.0,0.0,1.4639639639639637,3.805120910384062,5.600995732574688,3.342816500711244,1.4935988620199083,9.228307254623047,3.378378378378372,0.0,1.0135135135135087,3.378378378378372,3.0405405405405475,0.0,1.3513513513513544
842,DIE LINKE,3134,19,1.0,0.0,6.143314366998577,1.0,0.0,2.5337837837837824,2.4537695590327075,3.0405405405405332,10.864153627311524,3.058321479374115,13.086770981507833,4.356330014224746,3.378378378378379,1.3513513513513402,4.054054054054056,1.689189189189186,2.702702702702709,2.0270270270270245
737,CDU,3134,19,0.0,1.0,5.482456140350874,0.0,0.0,3.209459459459462,8.534850640113788,5.138691322901856,3.1827880512090942,3.9295874822190555,7.69914651493599,4.409672830725462,4.391891891891888,0.3378378378378386,3.7162162162162176,5.405405405405411,2.702702702702709,2.702702702702709
2524,Die Grünen,3134,19,0.0,0.0,5.352062588904693,1.0,1.0,1.520270270270269,3.4672830725462234,2.6849217638691343,7.183499288762434,4.231863442389766,11.717638691322904,2.8271692745376953,1.689189189189193,0.675675675675663,0.675675675675663,2.0270270270270316,1.689189189189193,2.3648648648648702
3881,CDU,3134,19,1.0,1.0,1.3632053105737303,1.0,1.0,4.222972972972973,0.21337126600283796,0.21337126600283796,0.9601706970128063,0.10668563300142608,5.47652916073968,1.2091038406827934,3.0405405405405475,7.432432432432435,4.054054054054056,4.391891891891888,2.364864864864863,4.054054054054049
5044,SPD,3134,19,1.0,0.0,5.778805120910389,1.0,0.0,2.7590090090090142,6.490042674253203,3.44950213371267,7.859174964438118,0.1955903271692847,7.610241820768145,9.068278805120912,2.0270270270270316,0.3378378378378457,4.391891891891895,3.378378378378379,2.0270270270270316,4.391891891891902
776,CDU,3134,19,0.0,1.0,4.332622095779992,1.0,1.0,0.8445945945945942,3.449502133712656,2.560455192034155,5.992176386913222,0.9068278805120968,7.645803698435273,5.4409672830725455,1.0135135135135158,0.675675675675663,0.0,2.0270270270270316,0.0,1.3513513513513544
4961,bunt.saar,3134,19,1.0,0.0,5.5683973447131345,1.0,1.0,0.9009009009009029,1.7069701280227676,2.4537695590327075,6.525604551920338,6.632290184921764,14.011379800853483,2.0803698435277482,1.013513513513523,1.0135135135135158,0.0,0.3378378378378457,1.0135135135135158,2.0270270270270174
164,bunt.saar,3134,19,1.0,1.0,2.7145566619250823,1.0,1.0,3.997747747747747,2.471550497866282,1.9381223328591872,4.907539118065429,2.5426742532005733,1.7780938833570303,2.6493598862019923,3.7162162162162176,4.054054054054056,2.0270270270270316,5.743243243243242,4.054054054054049,4.391891891891888
2608,bunt.saar,3134,19,0.0,0.0,6.252963489805597,0.0,0.0,3.7162162162162162,2.1692745376955855,2.293741109530586,10.384068278805131,0.32005689900427114,12.215504978662878,10.13513513513513,2.3648648648648702,2.7027027027026946,4.729729729729726,2.702702702702709,2.7027027027027017,7.0945945945945965
4668,SPD,3134,19,0.0,0.0,4.5252489331436685,0.0,1.0,1.4076576576576538,1.369132290184929,11.148648648648653,0.7290184921763796,0.017780938833574567,9.672830725462298,4.2140825035561775,0.675675675675663,1.689189189189193,0.675675675675663,0.3378378378378315,4.391891891891888,0.6756756756756843
5220,bunt.saar,3134,19,1.0,0.0,5.60099573257468,0.0,0.0,4.391891891891894,2.489331436699864,2.916073968705547,7.5924608819345565,2.4182076813655797,11.877667140825032,6.3122332859175,2.702702702702709,1.3513513513513544,5.067567567567565,3.7162162162162105,7.432432432432435,6.081081081081088
4612,FDP,3134,19,0.0,0.0,5.218705547652918,0.0,0.0,5.968468468468468,5.725462304409675,5.689900426742533,7.23684210526315,3.236130867709818,2.3293029871977353,7.0945945945945965,4.054054054054056,1.3513513513513473,8.783783783783782,0.3378378378378386,11.486486486486491,9.797297297297291
1943,FDP,3134,19,1.0,1.0,5.852892366050264,0.0,1.0,0.7882882882882889,3.8940256045519206,5.174253200568991,6.490042674253203,3.627311522048373,8.232574679943106,7.69914651493599,2.0270270270270316,1.0135135135135158,0.3378378378378386,1.3513513513513473,0.0,0.0
674,Die Grünen,3134,19,1.0,0.0,4.276315789473685,1.0,0.0,1.4639639639639637,0.2489331436699942,4.160739687055475,2.00924608819345,7.076813655761022,6.596728307254629,5.565433854907539,3.378378378378379,1.0135135135135158,0.6756756756756701,0.0,1.689189189189186,2.0270270270270316
4671,CDU,3134,19,1.0,1.0,5.357989568515886,1.0,0.0,2.2522522522522537,4.249644381223341,6.650071123755325,0.8179231863442382,2.6671408250355597,11.326458036984356,6.436699857752494,0.0,2.3648648648648702,5.4054054054054035,3.0405405405405475,2.7027027027027017,0.0
4056,bunt.saar,3134,19,1.0,0.0,5.183143669985772,1.0,1.0,1.0135135135135123,0.9601706970127921,1.760312944523477,5.796586059743959,4.534139402560456,13.886913229018482,4.160739687055468,0.3378378378378244,0.0,1.0135135135135158,1.689189189189186,1.0135135135135158,2.0270270270270316
4965,FDP,3134,19,1.0,0.0,3.111664295874822,1.0,1.0,3.8851351351351355,1.9381223328591872,6.899004267425319,1.795874822190612,1.1557610241820697,3.129445234708392,3.7517780938833525,6.081081081081088,1.3513513513513473,2.7027027027027017,2.702702702702709,6.418918918918919,4.054054054054049
5019,bunt.saar,3134,19,1.0,1.0,4.03034613560929,1.0,1.0,2.139639639639635,1.7069701280227676,0.40896159317210845,5.156472261735402,6.36557610241821,7.930298719772395,2.6137980085348573,2.364864864864856,2.0270270270270316,0.675675675675663,4.391891891891895,1.3513513513513473,2.0270270270270174
1791,FDP,3134,19,1.0,1.0,4.706021811284969,1.0,1.0,1.2950450450450444,3.805120910384062,6.045519203413946,1.3157894736842124,1.1735419630156514,4.551920341394016,11.344238975817923,2.0270270270270245,1.689189189189193,0.6756756756756772,0.6756756756756772,0.3378378378378315,2.364864864864863
4420,CDU,3134,19,1.0,1.0,2.735301090564249,1.0,1.0,1.7454954954954924,2.738264580369851,2.115931721194869,3.4317211948790884,1.653627311522051,2.435988620199147,4.036273115220489,1.0135135135135016,2.7027027027027017,1.0135135135135087,3.0405405405405332,0.6756756756756772,2.0270270270270316
4256,bunt.saar,3134,19,0.0,0.0,7.527264106211475,0.0,0.0,2.92792792792793,1.831436699857747,5.067567567567565,9.317211948790899,10.526315789473685,10.650782361308679,7.770270270270274,3.378378378378379,2.0270270270270316,2.7027027027027017,8.108108108108105,1.3513513513513615,0.0
4482,CDU,3134,19,1.0,0.0,3.662873399715506,1.0,1.0,1.6328828828828843,3.8229018492176436,4.836415362731152,1.8492176386913215,0.017780938833574567,5.1031294452347,6.347795163584642,3.0405405405405475,0.6756756756756772,0.6756756756756772,3.0405405405405332,0.6756756756756843,1.689189189189186
3941,bunt.saar,3134,19,1.0,0.0,6.484115694642008,1.0,1.0,0.7882882882882901,2.7204836415362763,1.9203413940255984,12.980085348506393,0.16002844950212847,11.984352773826451,9.139402560455203,0.0,1.689189189189193,1.0135135135135158,1.0135135135135158,1.0135135135135158,0.0
1412,bunt.saar,3134,19,1.0,1.0,2.5841631104788974,1.0,1.0,1.1261261261261275,2.5248933143669916,2.9871977240398238,2.6315789473684177,2.3470839260312957,3.5739687055476637,1.4402560455191917,0.3378378378378386,1.689189189189186,2.0270270270270316,0.6756756756756843,2.0270270270270245,0.0
2178,FDP,3134,19,0.0,0.0,3.2954006638217166,0.0,0.0,1.2950450450450457,1.0668563300142182,5.369843527738269,3.627311522048366,3.378378378378372,1.546941678520632,4.783072546230443,2.0270270270270316,0.3378378378378386,0.6756756756756701,0.3378378378378386,2.3648648648648702,2.0270270270270245
244,DIE LINKE,3134,19,1.0,1.0,4.104433380749171,1.0,0.0,3.4909909909909906,5.689900426742533,2.418207681365587,7.450213371266003,1.1735419630156443,2.5960170697012828,5.298719772403977,0.0,2.3648648648648702,5.067567567567565,3.0405405405405403,4.391891891891895,6.081081081081074
3751,DIE LINKE,3134,19,1.0,0.0,0.6490042674253225,1.0,1.0,2.646396396396393,0.9779516358463738,0.3378378378378386,0.16002844950213557,1.511379800853483,0.3911806543385552,0.5156472261735487,0.3378378378378386,0.6756756756756701,3.7162162162162176,3.0405405405405332,5.067567567567565,3.0405405405405332
4956,DIE LINKE,3134,19,0.0,1.0,6.1522048364153585,1.0,1.0,1.2950450450450421,5.4409672830725455,7.325746799431002,6.1877667140825,3.698435277382643,7.130156472261731,7.130156472261731,1.3513513513513473,2.7027027027026946,0.6756756756756701,1.689189189189193,0.6756756756756772,0.6756756756756701
991,bunt.saar,3134,19,1.0,1.0,2.2463252726410587,1.0,0.0,8.614864864864868,4.729729729729726,1.7247510668563208,0.32005689900426404,4.889758179231862,0.7467994310099613,1.0668563300142182,7.770270270270267,1.3513513513513686,9.459459459459467,9.121621621621628,11.486486486486477,12.5
2423,FDP,3134,19,0.0,1.0,2.681958274063541,1.0,1.0,1.8018018018018023,2.9338549075391214,2.009246088193457,4.445234708392604,0.10668563300143319,4.107396870554766,2.489331436699864,0.6756756756756843,1.689189189189193,3.0405405405405403,2.364864864864856,1.3513513513513473,1.689189189189193
4881,FDP,3134,19,0.0,0.0,5.357989568515886,1.0,0.0,2.5337837837837824,2.5426742532005733,7.539118065433847,3.7873399715504945,3.3961593172119606,11.184210526315788,3.69843527738265,1.3513513513513544,1.6891891891891788,2.3648648648648702,3.0405405405405332,5.4054054054054035,1.3513513513513544
4838,bunt.saar,3134,19,1.0,0.0,4.771218587008057,1.0,0.0,11.430180180180178,2.9338549075391214,0.12446657183498644,8.19701280227595,3.1116642958748173,9.530583214793737,4.729729729729726,9.797297297297305,4.054054054054049,13.17567567567567,12.162162162162154,15.202702702702702,14.189189189189193
4727,DIE LINKE,3134,19,1.0,0.0,5.135727833096257,0.0,0.0,4.448198198198199,8.214793741109531,1.902560455192038,12.660028449502136,1.0490753911806578,5.583214793741114,1.404694167852064,5.4054054054054035,1.6891891891892001,9.121621621621628,6.081081081081074,1.3513513513513473,3.0405405405405403
2764,DIE LINKE,3134,19,0.0,1.0,2.080369843527739,0.0,0.0,4.729729729729729,2.6849217638691343,2.6315789473684177,3.662873399715501,2.151493598862025,1.1735419630156443,0.17780938833571014,1.3513513513513544,1.0135135135135087,8.445945945945944,1.3513513513513544,8.783783783783775,7.432432432432435
1756,FDP,3134,19,1.0,1.0,4.35040303461356,1.0,0.0,2.646396396396394,3.2183499288762576,9.014935988620195,8.712660028449498,1.7780938833570303,1.1557610241820768,2.222617354196302,5.405405405405389,0.3378378378378386,1.3513513513513473,3.7162162162162247,4.054054054054056,1.0135135135135087
265,Die Grünen,3134,19,1.0,0.0,5.568397344713136,1.0,1.0,0.5630630630630632,1.1379800853485094,7.752489331436706,7.0590327169274545,0.5867709815078257,5.974395448079662,10.899715504978658,0.3378378378378457,1.0135135135135087,0.0,0.0,1.6891891891891788,0.3378378378378457
2442,FDP,3134,19,0.0,0.0,6.498933143669986,1.0,1.0,1.8018018018018,14.88264580369843,6.970128022759596,3.09388335704125,9.228307254623047,0.2489331436699871,4.569701280227605,0.6756756756756701,0.6756756756756772,1.0135135135135158,1.689189189189186,3.0405405405405403,3.7162162162162105
2160,FDP,3134,19,1.0,1.0,5.147581792318639,1.0,1.0,2.927927927927931,5.316500711237566,0.2844950213371291,6.863442389758184,6.703413940256041,2.880512091038412,8.837126600284499,3.0405405405405403,0.6756756756756843,4.054054054054056,2.0270270270270316,3.0405405405405403,4.729729729729733
2867,bunt.saar,3134,19,0.0,0.0,6.078117591275482,1.0,1.0,2.252252252252255,1.689189189189186,3.982930298719765,7.574679943100989,5.28093883357041,9.210526315789465,8.730440967283073,2.0270270270270245,1.013513513513523,1.3513513513513544,4.729729729729733,1.3513513513513473,3.0405405405405475
32,DIE LINKE,3134,19,1.0,0.0,5.654338549075391,1.0,0.0,2.702702702702703,0.23115220483641252,2.720483641536269,10.846372688477949,7.005689900426745,9.45945945945946,3.662873399715508,1.3513513513513473,0.3378378378378386,5.743243243243249,1.0135135135135087,4.391891891891895,3.378378378378379
4038,bunt.saar,3134,19,1.0,1.0,3.505808440018967,1.0,0.0,2.027027027027023,0.9068278805120897,5.7254623044096675,0.6401137980085423,4.943100995732571,6.685633001422481,2.1337126600284506,1.689189189189193,0.0,3.378378378378372,2.0270270270270245,3.0405405405405332,2.0270270270270174
4997,CDU,3134,19,0.0,0.0,5.897344713134189,1.0,0.0,3.378378378378381,4.925320056899011,1.795874822190612,4.17852062588905,0.9068278805120897,17.692034139402573,5.885490753911803,0.0,1.689189189189193,2.7027027027026946,1.689189189189193,8.783783783783797,5.405405405405411
2462,CDU,3134,19,1.0,0.0,4.211119013750594,1.0,0.0,2.5900900900900923,2.720483641536269,6.241109530583209,5.938833570412527,4.640825035561882,1.9559032716927476,3.769559032716927,1.01351351351353,1.689189189189186,3.0405405405405475,2.364864864864863,3.378378378378372,4.054054054054056
73,FDP,3134,19,1.0,1.0,3.9740398293029835,1.0,1.0,0.5067567567567531,4.67638691322901,0.7645803698435216,3.556187766714089,6.472261735419622,3.7517780938833525,4.623044096728307,0.0,1.3513513513513473,0.3378378378378386,0.675675675675663,0.6756756756756701,0.0
1099,CDU,3134,19,1.0,1.0,2.667140825035567,0.0,1.0,2.590090090090095,0.053342816500716594,2.560455192034155,2.6315789473684177,5.867709815078236,4.036273115220489,0.8534850640113874,2.702702702702709,1.3513513513513615,3.0405405405405403,6.081081081081095,1.0135135135135158,1.3513513513513473
3471,FDP,3134,19,0.0,1.0,3.410976766239923,1.0,0.0,2.3085585585585613,2.1337126600284506,2.7560455192034183,4.391891891891895,5.476529160739673,4.445234708392604,1.2624466571834958,0.0,1.3513513513513473,6.756756756756758,1.6891891891892072,0.3378378378378386,3.7162162162162176
251,Die Grünen,3134,19,1.0,0.0,3.360597439544808,1.0,1.0,1.0698198198198188,2.86273115220483,2.720483641536269,2.1692745376955855,0.5867709815078399,5.7254623044096675,6.098862019914655,1.0135135135135087,2.0270270270270245,0.0,0.3378378378378457,1.0135135135135016,2.0270270270270316
2430,bunt.saar,3134,19,1.0,1.0,3.2865101944049258,1.0,1.0,2.195945945945946,3.556187766714082,6.507823613086771,2.00924608819345,0.9068278805120897,6.650071123755325,0.0889046941678373,1.0135135135135087,2.0270270270270174,4.391891891891895,0.6756756756756772,0.6756756756756772,4.391891891891902
4783,Die Grünen,3134,19,1.0,1.0,5.864746325272641,1.0,1.0,2.1396396396396398,0.3022759601707037,4.694167852062584,7.716927453769557,5.387624466571836,10.828591749644382,6.258890469416784,3.0405405405405475,1.3513513513513544,3.7162162162162105,2.3648648648648702,1.6891891891891788,0.6756756756756772
4606,bunt.saar,3134,19,1.0,0.0,4.332622095779989,1.0,1.0,0.6756756756756749,0.9957325746799484,1.1735419630156514,9.939544807965845,1.6002844950213415,4.569701280227591,7.716927453769557,0.0,1.0135135135135158,2.364864864864856,0.3378378378378386,0.3378378378378386,0.0
1839,DIE LINKE,3134,19,0.0,1.0,1.7277145566619285,0.0,1.0,2.1959459459459474,0.9068278805120897,1.6002844950213486,2.329302987197721,3.733997155049792,1.333570412517787,0.46230440967283215,2.364864864864863,2.0270270270270245,1.3513513513513615,5.4054054054054035,1.689189189189193,0.3378378378378386
1051,SPD,3134,19,1.0,1.0,2.8330962541488858,1.0,1.0,2.027027027027028,1.9203413940255984,0.9068278805120897,5.1209103840682815,3.69843527738265,2.0625889046941595,3.2894736842105345,1.3513513513513544,2.0270270270270316,3.378378378378372,1.689189189189186,1.3513513513513544,2.3648648648648702
4074,bunt.saar,3134,19,0.0,1.0,3.3279990516832605,1.0,1.0,1.5202702702702726,0.35561877667140607,1.51137980085349,5.832147937411094,1.0846372688477928,6.650071123755325,4.534139402560456,1.689189189189186,0.3378378378378386,2.0270270270270316,1.3513513513513544,2.0270270270270174,1.6891891891892072
2138,bunt.saar,3134,19,1.0,1.0,4.033309625414886,1.0,1.0,3.6599099099099135,1.3869132290184822,1.653627311522051,1.3157894736842124,4.036273115220489,12.962304409672832,2.8449502133712485,3.378378378378393,4.391891891891902,5.4054054054054035,2.0270270270270316,3.378378378378379,3.378378378378372
365,bunt.saar,3134,19,1.0,1.0,3.5235893788525416,1.0,1.0,1.5202702702702666,5.778805120910384,2.0270270270270316,2.6849217638691343,0.6756756756756772,7.752489331436706,2.2226173541963163,1.0135135135135087,0.0,2.7027027027026946,0.0,4.054054054054056,1.3513513513513402
5053,DIE LINKE,3134,19,1.0,0.0,5.4913466097676595,1.0,0.0,1.8581081081081063,3.805120910384062,1.689189189189193,7.112375533428171,1.4402560455191917,12.731152204836413,6.169985775248925,5.743243243243249,1.0135135135135158,0.3378378378378386,2.364864864864856,1.0135135135135087,0.6756756756756701
3834,FDP,3134,19,1.0,1.0,1.5350877192982466,1.0,1.0,2.7590090090090107,0.9246088193456643,6.187766714082507,0.12446657183499354,0.35561877667140607,1.3513513513513473,0.26671408250356166,2.702702702702709,0.3378378378378315,5.067567567567579,5.067567567567572,0.6756756756756701,2.7027027027027017
2505,FDP,3134,19,0.0,1.0,2.773826458036981,0.0,1.0,3.2094594594594583,2.7027027027026946,3.0761024182076824,1.546941678520625,6.1877667140825,2.578236130867701,0.5512091038406837,5.067567567567565,1.3513513513513544,2.7027027027027017,4.7297297297297405,2.0270270270270174,3.378378378378372
4463,Die Grünen,3134,19,0.0,0.0,9.029753437648177,1.0,1.0,2.533783783783788,5.03200568990043,10.899715504978658,9.726173541963014,7.503556187766712,14.651493598862025,6.365576102418217,1.3513513513513473,3.0405405405405403,1.689189189189193,3.7162162162162176,3.7162162162162247,1.6891891891892072
3932,Die Grünen,3134,19,1.0,1.0,4.670459933617832,1.0,1.0,4.5045045045045065,2.1337126600284577,4.302987197724043,5.600995732574688,3.0405405405405403,6.7745376955903325,6.169985775248932,3.378378378378393,0.6756756756756701,6.081081081081081,5.743243243243235,5.067567567567565,6.081081081081095
3408,FDP,3134,19,1.0,0.0,5.603959222380275,1.0,1.0,1.576576576576579,7.21906116642959,2.7382645803698367,9.423897581792318,6.614509246088197,1.6358463726884764,5.992176386913229,1.3513513513513544,1.3513513513513544,1.3513513513513544,2.364864864864863,1.3513513513513544,1.689189189189193
1134,SPD,3134,19,0.0,0.0,6.484115694642008,1.0,1.0,1.970720720720723,5.049786628733997,3.1827880512090942,11.184210526315788,1.6714082503556256,5.95661450924608,11.859886201991465,3.7162162162162176,2.0270270270270245,0.3378378378378386,1.6891891891892001,3.7162162162162176,0.3378378378378386
2747,bunt.saar,3134,19,1.0,1.0,5.713608345187294,1.0,0.0,3.5472972972972947,7.752489331436706,4.747510668563308,6.9167852062588935,0.40896159317211556,12.002133712660033,2.4537695590327075,2.0270270270270316,3.0405405405405332,2.364864864864856,5.067567567567572,4.391891891891888,4.391891891891888
136,FDP,3134,19,0.0,1.0,5.073494547178761,1.0,1.0,3.828828828828834,6.632290184921764,0.8534850640113874,3.342816500711244,11.628733997155052,3.058321479374108,4.925320056899011,0.6756756756756843,3.7162162162162176,6.081081081081088,2.702702702702709,5.743243243243249,4.054054054054056
2636,bunt.saar,3134,19,1.0,1.0,3.0701754385964897,1.0,1.0,3.6036036036036023,3.6095305832147915,5.672119487908951,2.2226173541963163,0.142247510668561,5.778805120910384,0.9957325746799341,2.0270270270270245,1.689189189189193,5.743243243243228,3.0405405405405403,2.3648648648648702,6.756756756756758
678,CDU,3134,19,0.0,0.0,5.935870080606922,0.0,0.0,4.786036036036035,11.522048364153626,2.880512091038412,5.51209103840683,11.024182076813645,0.08890469416784441,4.587482219061172,3.0405405405405332,0.3378378378378386,8.108108108108112,5.4054054054054035,4.054054054054056,7.770270270270267
5039,DIE LINKE,3134,19,1.0,0.0,5.3728070175438605,1.0,1.0,0.8445945945945988,6.472261735419629,1.226884779516368,6.205547652916081,4.12517780938834,11.682076813655755,2.5248933143669916,0.0,0.6756756756756914,1.689189189189193,1.0135135135135158,0.6756756756756843,1.0135135135135087
4408,Die Grünen,3134,19,0.0,0.0,3.597676623992413,0.0,0.0,1.970720720720718,1.0490753911806578,2.6849217638691343,5.95661450924608,3.662873399715501,6.596728307254629,1.6358463726884764,1.689189189189186,5.4054054054054035,0.0,1.3513513513513473,0.0,3.378378378378372
2124,FDP,3134,19,1.0,0.0,6.792318634423899,1.0,0.0,2.8716216216216224,11.770981507823613,9.45945945945946,0.46230440967283215,6.827880512091042,5.3698435277382615,6.863442389758184,3.0405405405405403,8.108108108108112,0.3378378378378315,0.6756756756756772,2.364864864864863,2.702702702702709
1612,Die Grünen,3134,19,1.0,0.0,3.4376481744902776,1.0,1.0,0.9009009009008994,3.236130867709818,4.2140825035561775,1.0135135135135087,2.3648648648648702,7.556899004267429,2.2403982930298625,1.689189189189193,0.3378378378378244,1.013513513513523,0.3378378378378244,1.3513513513513473,0.6756756756756843
797,DIE LINKE,3134,19,1.0,1.0,6.4307728781413,1.0,1.0,2.1396396396396398,4.516358463726888,3.3250355618776624,7.0945945945945965,4.800853485064017,11.646514935988613,7.201280227596023,1.689189189189186,3.0405405405405403,0.3378378378378386,1.3513513513513473,4.054054054054056,2.3648648648648702
558,FDP,3134,19,1.0,1.0,1.9410858226647711,1.0,1.0,1.069819819819821,0.053342816500716594,0.017780938833574567,2.5248933143669987,2.809388335704128,3.7873399715504945,2.4537695590327147,1.689189189189193,1.3513513513513544,1.3513513513513473,0.3378378378378386,0.6756756756756772,1.0135135135135158
565,SPD,3134,19,1.0,1.0,3.203532479848269,0.0,0.0,1.8018018018018023,3.591749644381224,3.520625889046933,7.165718349928888,1.1201991465149348,2.1692745376955855,1.653627311522051,1.3513513513513615,1.689189189189186,1.3513513513513473,0.3378378378378386,0.3378378378378386,5.743243243243242
1344,CDU,3134,19,1.0,1.0,3.858463726884782,1.0,1.0,1.6328828828828783,0.3911806543385552,7.752489331436706,0.37339971550497353,5.28093883357041,6.863442389758184,2.489331436699864,1.3513513513513402,0.6756756756756772,2.364864864864863,2.0270270270270174,1.689189189189186,1.689189189189186
2772,Die Grünen,3134,19,0.0,0.0,3.6539829302987172,0.0,1.0,1.1261261261261275,4.071834992887624,2.00924608819345,4.67638691322901,0.26671408250356166,4.267425320056894,6.632290184921764,1.3513513513513615,0.3378378378378457,1.0135135135135016,3.0405405405405403,1.0135135135135158,0.0
4488,SPD,3134,19,1.0,0.0,3.1531531531531543,1.0,0.0,1.7454954954954982,1.191322901849226,2.951635846372696,6.294452347083926,1.2980085348506378,4.463015647226172,2.720483641536269,3.0405405405405475,2.702702702702709,0.0,2.364864864864863,1.0135135135135158,1.3513513513513544
4385,FDP,3134,19,1.0,1.0,4.510431484115695,1.0,1.0,1.914414414414414,4.12517780938834,6.970128022759596,0.3556187766714132,2.507112375533424,4.516358463726888,8.588193456614505,1.3513513513513473,4.054054054054049,0.3378378378378457,3.378378378378379,1.0135135135135158,1.3513513513513473
4529,FDP,3134,19,0.0,1.0,3.2242769084874303,1.0,1.0,1.1824324324324316,0.0889046941678373,0.8357041251778057,3.4672830725462305,7.4502133712659955,5.4054054054054035,2.0981507823613086,0.6756756756756772,0.6756756756756772,1.0135135135135158,3.0405405405405332,0.3378378378378386,1.3513513513513473
5035,CDU,3134,19,1.0,0.0,5.8736367946894275,1.0,0.0,2.2522522522522537,5.903271692745371,2.9871977240398238,7.005689900426745,5.4054054054054035,5.192034139402573,8.748221906116648,2.0270270270270245,3.7162162162162176,1.013513513513523,1.0135135135135087,2.0270270270270316,3.7162162162162176
4280,FDP,3134,19,1.0,0.0,5.206851588430538,1.0,0.0,5.79954954954955,1.973684210526315,5.067567567567565,7.770270270270274,2.275960170697026,5.0853485064011394,9.068278805120912,5.4054054054054035,1.0135135135135087,8.78378378378379,7.094594594594589,3.0405405405405475,9.45945945945946
4160,CDU,3134,19,1.0,0.0,3.7102892366050226,1.0,0.0,1.2387387387387332,0.7290184921763796,1.618065433854909,6.1877667140825,3.4672830725462234,6.418918918918912,3.840682788051211,0.3378378378378244,1.3513513513513473,2.364864864864856,2.0270270270270245,1.3513513513513473,0.0
4692,CDU,3134,19,0.0,0.0,4.954954954954954,1.0,1.0,1.5202702702702702,5.583214793741114,3.1827880512090942,4.516358463726888,12.162162162162161,1.9914651493598896,2.293741109530579,0.3378378378378386,0.6756756756756701,3.7162162162162176,1.689189189189193,0.6756756756756701,2.0270270270270316
2018,bunt.saar,3134,19,1.0,0.0,5.100165955429112,1.0,0.0,2.1959459459459474,2.187055476529153,0.9423897581792318,12.891180654338555,0.12446657183499354,9.334992887624459,5.1209103840682815,1.3513513513513544,4.054054054054056,2.702702702702709,2.7027027027026946,2.0270270270270316,0.3378378378378386
4548,bunt.saar,3134,19,0.0,0.0,4.134068278805124,0.0,0.0,3.3783783783783776,2.809388335704128,5.298719772403977,4.587482219061172,0.10668563300142608,6.081081081081088,5.921052631578952,7.0945945945945965,3.7162162162162176,1.0135135135135087,3.7162162162162176,1.689189189189186,3.0405405405405403
4302,CDU,3134,19,1.0,0.0,2.5100758653390236,1.0,0.0,3.547297297297297,0.6578947368421026,0.35561877667140607,6.045519203413939,2.7560455192034112,3.8229018492176436,1.4224751066856385,2.7027027027026946,6.081081081081088,2.702702702702709,1.689189189189186,4.391891891891888,3.7162162162162176
878,bunt.saar,3134,19,1.0,0.0,6.549312470365101,1.0,1.0,1.4639639639639672,5.618776671408256,3.6806543385490826,10.650782361308671,1.4224751066856243,13.424608819345664,4.498577524893307,0.6756756756756843,1.3513513513513402,1.3513513513513544,2.364864864864863,1.689189189189193,1.3513513513513686
2380,SPD,3134,19,1.0,0.0,5.1712897107634,1.0,1.0,1.0135135135135134,1.0490753911806578,0.23115220483641963,12.464438122332858,6.614509246088197,3.7339971550498063,6.934566145092461,1.689189189189193,1.0135135135135158,1.689189189189193,0.0,1.0135135135135016,0.6756756756756772
283,bunt.saar,3134,19,1.0,1.0,7.604314841156946,1.0,1.0,4.222972972972973,0.4978662873399671,1.4758179231863409,15.060455192034155,6.169985775248932,17.46088193456614,4.960881934566146,5.743243243243242,0.3378378378378386,5.743243243243242,6.418918918918919,4.054054054054049,3.0405405405405475
1357,FDP,3134,19,0.0,1.0,9.269796111901375,1.0,1.0,1.1842378929335002e-15,12.233285917496445,7.539118065433847,9.139402560455189,16.073968705547657,1.9559032716927476,8.677098150782363,0.0,7.105427357601002e-15,0.0,0.0,0.0,0.0
4097,SPD,3134,19,0.0,0.0,6.104788999525842,1.0,1.0,1.3513513513513473,7.681365576102422,4.87197724039828,8.766002844950215,2.3648648648648702,8.890469416785209,4.054054054054056,2.364864864864863,0.6756756756756701,0.6756756756756701,2.7027027027026946,0.3378378378378386,1.3513513513513473
3156,FDP,3134,19,1.0,0.0,8.019203413940255,1.0,0.0,5.461711711711712,3.8584637268847786,6.454480796586054,17.105263157894733,0.2844950213371291,10.455192034139408,9.957325746799427,8.445945945945944,2.0270270270270316,9.121621621621621,0.3378378378378457,1.3513513513513473,11.486486486486484
3308,Die Grünen,3134,19,1.0,0.0,2.332266477003317,1.0,1.0,1.3513513513513533,1.4224751066856385,0.6578947368421026,2.115931721194869,0.07112375533427695,4.658605974395449,5.067567567567565,2.3648648648648702,0.3378378378378386,1.0135135135135158,1.013513513513523,1.0135135135135016,2.3648648648648702
2521,CDU,3134,19,1.0,0.0,2.293741109530579,0.0,0.0,5.236486486486485,1.9203413940255984,3.698435277382643,2.187055476529153,0.0,5.4765291607396875,0.4800853485063925,1.3513513513513544,9.459459459459453,9.459459459459453,1.689189189189186,3.0405405405405475,6.418918918918919
2048,FDP,3134,19,1.0,0.0,2.3263394973921265,1.0,1.0,1.126126126126125,3.662873399715508,0.6401137980085352,6.081081081081081,0.7467994310099471,2.1337126600284506,0.6934566145092376,2.0270270270270174,0.0,0.6756756756756772,1.689189189189193,2.0270270270270316,0.3378378378378315
3223,bunt.saar,3134,19,1.0,0.0,2.338193456614512,1.0,0.0,2.8716216216216197,1.7780938833570303,3.236130867709818,5.494310099573255,2.3293029871977353,1.1735419630156514,0.017780938833581672,2.0270270270270245,2.0270270270270316,2.364864864864856,2.364864864864856,4.054054054054063,4.391891891891888
1474,Die Grünen,3134,19,1.0,0.0,5.660265528686581,1.0,1.0,2.1396396396396384,2.3648648648648702,6.507823613086771,2.6671408250355597,5.209815078236119,11.34423897581793,5.867709815078236,4.729729729729726,1.013513513513523,2.0270270270270245,3.7162162162162105,1.0135135135135087,0.3378378378378386
1659,CDU,3134,19,1.0,1.0,4.338549075391184,1.0,0.0,0.9009009009009006,0.2844950213371291,12.92674253200569,3.69843527738265,1.4224751066856385,2.2226173541963092,5.4765291607396875,0.3378378378378386,0.6756756756756772,1.3513513513513544,1.689189189189186,1.0135135135135158,0.3378378378378315
1242,FDP,3134,19,1.0,0.0,4.074798482693217,1.0,1.0,1.7454954954954995,4.729729729729726,2.7027027027026946,5.3698435277382615,1.7425320056898954,5.4054054054054035,4.498577524893321,2.702702702702709,0.6756756756756843,1.0135135135135087,2.3648648648648702,0.3378378378378386,3.378378378378386
1556,CDU,3134,19,1.0,0.0,3.440611664295877,1.0,0.0,4.898648648648648,0.3911806543385552,4.089615931721191,0.32005689900426404,9.797297297297305,4.036273115220489,2.009246088193457,1.0135135135135016,7.0945945945945965,7.770270270270267,4.054054054054063,4.391891891891895,5.067567567567565
2797,bunt.saar,3134,19,1.0,0.0,4.000711237553343,1.0,1.0,1.2950450450450397,0.2844950213371291,2.0625889046941595,5.26315789473685,1.0490753911806507,9.050497866287337,6.294452347083933,1.3513513513513473,0.3378378378378386,2.7027027027026946,0.0,1.6891891891891788,1.6891891891891788
4273,bunt.saar,3134,19,1.0,1.0,3.701398767188241,1.0,1.0,2.871621621621619,2.3115220483641536,3.840682788051197,6.258890469416784,3.0049786628733983,3.058321479374108,3.7339971550498063,3.378378378378379,3.7162162162162105,3.0405405405405332,2.364864864864863,4.054054054054063,0.675675675675663
2040,Die Grünen,3134,19,1.0,1.0,6.694523470839258,1.0,1.0,1.9707207207207216,5.992176386913222,3.8584637268847715,7.841394025604544,3.9295874822190555,11.77098150782362,6.7745376955903325,2.0270270270270174,2.7027027027027017,0.6756756756756772,1.3513513513513544,3.378378378378386,1.689189189189193
256,bunt.saar,3134,19,0.0,1.0,6.1640587956377395,1.0,1.0,3.3220720720720736,1.0668563300142253,6.899004267425312,3.840682788051197,10.881934566145098,5.7254623044096675,8.570412517780937,5.067567567567565,1.0135135135135087,2.3648648648648702,5.405405405405418,4.054054054054063,2.0270270270270174
2125,CDU,3134,19,1.0,1.0,2.353010905642486,1.0,1.0,1.745495495495497,0.6756756756756772,1.1735419630156443,2.916073968705547,2.275960170697026,4.978662873399713,2.0981507823613086,2.3648648648648702,1.689189189189193,0.3378378378378386,2.7027027027027017,0.6756756756756772,2.7027027027027017
4022,FDP,3134,19,1.0,1.0,5.532835467045992,1.0,1.0,2.2522522522522515,1.9559032716927405,6.027738264580371,3.662873399715501,5.032005689900423,11.610953058321485,4.907539118065429,4.7297297297297405,1.689189189189186,2.364864864864863,1.0135135135135158,1.689189189189186,2.0270270270270174
2955,FDP,3134,19,0.0,1.0,6.747866287339971,1.0,1.0,1.2387387387387403,4.142958748221901,1.831436699857754,4.17852062588905,16.802987197724036,6.063300142247513,7.46799431009957,0.6756756756756772,1.0135135135135087,1.6891891891891895,1.013513513513523,1.6891891891891895,1.3513513513513544
2105,bunt.saar,3134,19,1.0,1.0,4.17852062588905,1.0,0.0,0.9009009009008982,1.6002844950213415,2.43598862019914,7.432432432432435,1.3157894736842124,6.685633001422481,5.600995732574688,2.364864864864863,0.3378378378378386,0.0,1.3513513513513473,1.3513513513513402,0.0
2330,FDP,3134,19,0.0,1.0,4.6793504030346105,1.0,1.0,1.689189189189186,2.9338549075391214,3.556187766714082,2.222617354196302,10.615220483641522,3.271692745376953,5.47652916073968,0.3378378378378315,3.0405405405405332,2.364864864864863,0.3378378378378386,3.0405405405405403,1.0135135135135087
1482,SPD,3134,19,1.0,0.0,7.865101944049314,1.0,0.0,1.1261261261261275,5.4765291607396875,7.147937411095306,8.428165007112383,8.463726884779518,8.926031294452343,8.748221906116648,1.3513513513513544,0.6756756756756772,0.3378378378378315,3.0405405405405332,0.3378378378378457,1.013513513513523
1443,Die Grünen,3134,19,1.0,0.0,1.4876718824087252,1.0,1.0,3.040540540540544,1.653627311522051,0.9779516358463738,1.0668563300142182,0.1955903271692847,4.302987197724043,0.7290184921763796,1.0135135135135087,2.3648648648648702,4.7297297297297405,0.6756756756756701,4.729729729729733,4.7297297297297405
1039,Die Grünen,3134,19,0.0,0.0,3.840682788051204,0.0,1.0,1.745495495495496,2.809388335704128,3.5739687055476637,4.818634423897564,2.080369843527734,9.619487908961581,0.1422475106685539,0.3378378378378457,3.378378378378379,0.3378378378378386,2.7027027027027017,0.6756756756756772,3.0405405405405332
3421,bunt.saar,3134,19,1.0,0.0,6.232219061166428,1.0,1.0,1.5765765765765778,2.3648648648648702,1.1379800853485023,11.5398293029872,4.818634423897578,14.758179231863437,2.7738264580369787,1.0135135135135087,0.6756756756756772,2.3648648648648702,1.3513513513513473,2.3648648648648702,1.689189189189193
2167,Die Grünen,3134,19,0.0,0.0,5.420222854433381,0.0,0.0,2.1396396396396384,1.831436699857747,3.8229018492176436,7.556899004267429,5.316500711237559,6.1877667140825,7.805832147937409,2.0270270270270245,2.364864864864856,1.689189189189193,3.7162162162162105,2.702702702702709,0.3378378378378386
3393,FDP,3134,19,0.0,0.0,3.8288288288288292,0.0,0.0,3.4346846846846866,3.0405405405405403,9.45945945945946,0.8179231863442382,2.0270270270270316,6.721194879089616,0.9068278805120897,3.0405405405405403,2.364864864864863,6.756756756756765,2.3648648648648702,2.7027027027027017,3.378378378378379
4619,FDP,3134,19,1.0,1.0,2.9101469890943577,1.0,1.0,1.2950450450450433,0.6401137980085352,8.908250355618776,1.191322901849226,1.7780938833570303,1.3157894736842124,3.627311522048366,3.7162162162162105,1.689189189189186,0.6756756756756772,0.0,1.3513513513513473,0.3378378378378386
2659,bunt.saar,3134,19,1.0,1.0,5.375770507349458,1.0,1.0,1.2387387387387427,2.151493598862025,3.8762446657183602,6.685633001422488,3.662873399715501,6.472261735419622,9.40611664295875,1.689189189189193,0.6756756756756772,0.6756756756756914,1.689189189189186,0.0,2.702702702702709
3890,FDP,3134,19,1.0,1.0,5.55061640587956,1.0,1.0,2.1959459459459496,7.130156472261731,2.2759601706970045,4.160739687055475,10.02844950213371,5.7610241820768096,3.94736842105263,1.3513513513513615,0.6756756756756843,2.0270270270270245,2.702702702702709,3.378378378378379,3.0405405405405403
4991,bunt.saar,3134,19,1.0,1.0,6.558202939781887,1.0,1.0,2.984234234234234,4.142958748221908,0.40896159317210845,10.846372688477949,5.51209103840683,10.02844950213371,8.410384068278816,3.378378378378379,0.3378378378378386,2.7027027027026946,3.7162162162162176,3.0405405405405475,4.729729729729726
4549,FDP,3134,19,1.0,1.0,2.038880986249403,1.0,1.0,2.9842342342342363,0.49786628733995997,2.115931721194876,1.3869132290184893,5.334281650071112,1.5291607396870575,1.3691322901849219,4.391891891891902,2.7027027027027017,3.0405405405405403,0.3378378378378386,4.729729729729726,2.702702702702709
398,FDP,3134,19,1.0,0.0,2.0744428639165498,1.0,1.0,2.984234234234233,3.5028449502133725,1.1557610241820768,0.142247510668561,1.0312944523470904,3.840682788051218,2.7738264580369787,0.3378378378378386,3.0405405405405403,3.040540540540544,4.391891891891888,3.378378378378372,3.7162162162162176
2245,bunt.saar,3134,19,1.0,1.0,2.163347558084395,1.0,0.0,3.265765765765765,4.480796586059739,1.0312944523470904,1.6714082503556114,1.1024182076813602,4.605263157894733,0.0889046941678373,0.6756756756756701,0.3378378378378386,5.743243243243249,2.364864864864863,5.743243243243242,4.729729729729726
4033,FDP,3134,19,0.0,1.0,4.359293504030346,1.0,1.0,1.463963963963965,1.973684210526315,1.0490753911806578,4.889758179231862,4.018492176386907,12.606685633001426,1.618065433854909,1.3513513513513473,1.013513513513523,1.0135135135135087,1.0135135135135016,1.3513513513513615,3.0405405405405475
4682,DIE LINKE,3134,19,0.0,0.0,3.1146277856804168,0.0,0.0,4.279279279279277,4.42745376955903,4.889758179231862,0.17780938833571014,4.569701280227605,4.480796586059739,0.1422475106685539,3.378378378378372,1.0135135135135087,7.432432432432435,3.378378378378379,5.067567567567565,5.4054054054054035
4582,CDU,3134,19,1.0,0.0,3.0731389284020865,1.0,1.0,2.5337837837837838,1.369132290184929,4.800853485064017,1.262446657183503,2.471550497866282,3.7162162162162176,4.818634423897571,1.0135135135135016,1.689189189189186,2.0270270270270316,1.013513513513523,5.4054054054054035,4.054054054054056
181,Die Grünen,3134,19,1.0,0.0,6.964201043148411,1.0,1.0,1.0135135135135134,0.3022759601706895,5.903271692745371,5.796586059743959,0.6756756756756772,18.705547652916074,10.401849217638699,0.3378378378378457,2.0270270270270245,0.0,0.6756756756756772,1.0135135135135016,2.0270270270270316
965,bunt.saar,3134,19,1.0,0.0,1.7662399241346591,0.0,0.0,2.5337837837837847,3.5739687055476637,3.6095305832147915,0.32005689900426404,0.08890469416784441,1.618065433854909,1.3869132290184822,0.6756756756756772,1.3513513513513473,1.689189189189193,3.378378378378379,3.0405405405405475,5.067567567567565
1902,FDP,3134,19,1.0,1.0,4.949027975343765,1.0,0.0,2.5337837837837824,3.876244665718353,7.485775248933145,3.1472261735419664,4.196301564722617,7.3968705547653,3.59174964438121,4.391891891891888,2.364864864864863,4.729729729729726,2.702702702702709,0.0,1.0135135135135087
1795,bunt.saar,3134,19,1.0,1.0,4.5459933617828385,0.0,0.0,2.7027027027027017,1.973684210526315,4.9075391180654435,5.636557610241823,1.2446657183499354,8.481507823613093,5.032005689900423,0.0,1.013513513513523,3.378378378378379,2.7027027027026946,3.7162162162162176,5.405405405405396
4129,FDP,3134,19,0.0,0.0,9.871384542437177,1.0,1.0,4.786036036036035,9.63726884779517,7.965860597439551,8.054765291607396,13.442389758179239,7.912517780938835,12.21550497866287,3.0405405405405403,5.743243243243242,6.081081081081081,1.689189189189186,6.081081081081081,6.081081081081081
3209,bunt.saar,3134,19,1.0,0.0,7.639876718824084,1.0,1.0,0.8445945945945953,1.973684210526315,4.480796586059739,9.246088193456615,7.716927453769557,16.02062588904694,6.401137980085338,1.0135135135135087,2.0270270270270316,0.0,1.0135135135135158,0.0,1.0135135135135158
1526,bunt.saar,3134,19,1.0,0.0,4.086652441915601,1.0,1.0,0.5630630630630643,0.6045519203413932,0.17780938833570303,5.26315789473685,3.840682788051218,10.401849217638691,4.231863442389752,0.3378378378378457,0.6756756756756772,0.6756756756756772,1.0135135135135087,0.0,0.6756756756756772
3472,FDP,3134,19,1.0,1.0,3.523589378852533,1.0,1.0,2.646396396396394,2.6137980085348573,4.87197724039828,2.578236130867701,4.42745376955903,1.76031294452347,4.889758179231862,2.0270270270270245,3.378378378378372,3.7162162162162105,1.689189189189193,2.7027027027027017,2.364864864864863
1712,FDP,3134,19,1.0,0.0,3.9177335229966856,1.0,0.0,2.4774774774774726,6.205547652916081,0.16002844950213557,4.374110953058327,4.249644381223341,6.13442389758179,2.3826458036984377,2.0270270270270245,2.0270270270270174,1.689189189189186,2.364864864864856,4.054054054054049,2.7027027027027017
1554,bunt.saar,3134,19,1.0,1.0,5.206851588430534,1.0,1.0,1.9144144144144128,0.6578947368421026,3.0405405405405332,8.179231863442382,3.165007112375534,7.467994310099577,8.730440967283073,3.0405405405405403,2.3648648648648702,1.6891891891891788,0.3378378378378386,1.3513513513513544,2.7027027027026946
1047,CDU,3134,19,1.0,1.0,3.363560929350404,1.0,1.0,2.3085585585585604,4.42745376955903,0.053342816500716594,1.8492176386913144,7.894736842105267,5.174253200568991,0.7823613086771033,3.0405405405405475,1.689189189189186,2.7027027027027017,1.689189189189193,3.378378378378379,1.3513513513513544
3484,FDP,3134,19,0.0,0.0,3.1768610715979135,1.0,1.0,0.9572072072072011,0.4800853485063925,4.338549075391185,3.022759601706966,7.770270270270274,2.6493598862019923,0.8001422475106708,1.689189189189193,0.3378378378378244,0.3378378378378315,0.675675675675663,2.0270270270270245,0.6756756756756701
4196,CDU,3134,19,0.0,0.0,6.14331436699858,1.0,1.0,2.3085585585585604,7.876955903271693,0.5156472261735487,5.28093883357041,11.415362731152207,11.45092460881935,0.32005689900427114,1.0135135135135087,1.3513513513513544,4.054054054054056,0.6756756756756772,5.067567567567572,1.689189189189193
1460,SPD,3134,19,1.0,0.0,2.9694167852062634,1.0,1.0,1.9144144144144128,3.591749644381224,2.7560455192034112,3.627311522048373,1.2446657183499354,0.053342816500716594,6.54338549075392,1.3513513513513473,4.054054054054049,0.6756756756756772,0.6756756756756843,1.3513513513513402,3.378378378378379
5054,FDP,3134,19,1.0,1.0,1.6980796586059697,0.0,0.0,6.250000000000003,1.7425320056899025,0.21337126600283796,0.37339971550497353,3.3250355618776624,1.689189189189186,2.8449502133712556,2.702702702702709,6.081081081081088,6.081081081081088,3.0405405405405475,8.783783783783782,10.8108108108108
3010,SPD,3134,19,0.0,0.0,10.37221431958274,0.0,1.0,3.9414414414414423,8.339260312944525,5.814366998577526,18.243243243243242,0.16002844950212847,19.630156472261724,10.046230440967292,2.364864864864863,1.3513513513513615,6.081081081081081,1.689189189189186,9.121621621621614,3.0405405405405475
3608,FDP,3134,19,0.0,1.0,4.030346135609295,0.0,1.0,3.4909909909909893,0.9068278805120968,3.0049786628733983,0.7467994310099613,9.726173541963014,4.943100995732571,4.854196301564727,2.3648648648648702,2.702702702702709,3.0405405405405332,6.418918918918919,2.364864864864856,4.054054054054049
5034,DIE LINKE,3134,19,0.0,0.0,3.1946420104314854,0.0,0.0,3.6036036036036045,0.6401137980085352,3.378378378378379,1.2446657183499283,1.2802275960170775,9.246088193456615,3.378378378378379,6.081081081081081,3.378378378378379,6.081081081081081,3.7162162162162176,0.6756756756756843,1.689189189189186
347,FDP,3134,19,1.0,1.0,2.8686581318160242,1.0,1.0,1.8018018018018,2.7738264580369787,0.32005689900427114,3.09388335704125,3.165007112375534,7.112375533428157,0.7467994310099542,1.3513513513513402,1.689189189189193,3.0405405405405403,1.3513513513513544,3.378378378378372,0.0
4266,Die Grünen,3134,19,0.0,0.0,6.125533428165007,0.0,0.0,2.702702702702704,3.0049786628733983,3.271692745376953,6.3122332859175,2.773826458036986,12.126600284495026,9.263869132290182,5.067567567567558,0.6756756756756772,2.3648648648648702,0.6756756756756843,2.702702702702709,4.729729729729726
2471,bunt.saar,3134,19,1.0,0.0,4.0125651967757205,1.0,1.0,1.407657657657656,0.9068278805120897,1.9203413940255984,3.9651493598862118,5.014224751066855,7.503556187766705,4.765291607396861,0.6756756756756701,3.378378378378372,0.3378378378378386,2.0270270270270245,1.3513513513513544,0.6756756756756772
462,FDP,3134,19,1.0,1.0,4.5904457088667625,1.0,0.0,2.5900900900900914,0.8890469416785152,6.934566145092461,5.921052631578952,4.587482219061172,4.551920341394016,4.658605974395456,2.0270270270270316,1.3513513513513473,3.0405405405405403,3.378378378378386,0.6756756756756701,5.067567567567572
4631,bunt.saar,3134,19,1.0,1.0,5.396514935988621,1.0,1.0,3.7162162162162153,1.3157894736842124,3.6806543385490826,10.881934566145091,3.3605974395448044,8.125889046941687,5.014224751066848,4.391891891891895,1.3513513513513402,6.756756756756758,3.378378378378379,1.689189189189193,4.729729729729726
4519,FDP,3134,19,1.0,1.0,4.679350403034615,1.0,1.0,5.686936936936935,2.7204836415362763,9.281650071123742,2.3648648648648702,2.951635846372696,5.423186344238985,5.334281650071119,5.4054054054054035,4.391891891891881,4.391891891891902,6.418918918918919,5.405405405405411,8.108108108108098
3160,FDP,3134,19,1.0,1.0,2.6197249881460416,1.0,1.0,3.772522522522524,2.009246088193457,3.9651493598862046,7.876955903271693,0.5156472261735487,0.23115220483641252,1.1201991465149348,6.418918918918926,1.689189189189193,4.729729729729726,6.756756756756751,2.0270270270270316,1.0135135135135158
1636,bunt.saar,3134,19,1.0,1.0,4.679350403034609,1.0,1.0,0.563063063063062,0.3911806543385481,10.561877667140813,5.03200568990043,3.6095305832147915,1.6358463726884764,6.845661450924595,0.3378378378378315,0.3378378378378457,0.6756756756756772,0.6756756756756772,0.6756756756756772,0.675675675675663
3613,Die Grünen,3134,19,0.0,0.0,7.992532005689899,0.0,0.0,3.0968468468468466,6.169985775248925,6.721194879089616,10.224039829302974,1.866998577524896,13.460170697012806,9.512802275960176,0.6756756756756772,0.0,5.743243243243235,0.6756756756756701,6.756756756756765,4.729729729729733
3021,FDP,3134,19,0.0,1.0,2.9131104788999536,0.0,1.0,2.9842342342342363,3.5384068278805216,0.9423897581792389,1.4580369843527734,7.983641536273105,1.724751066856328,1.831436699857754,4.054054054054063,2.364864864864863,4.054054054054056,2.3648648648648702,2.0270270270270245,3.0405405405405403
4015,CDU,3134,19,1.0,0.0,4.676386913229023,0.0,1.0,1.9707207207207205,5.707681365576114,6.934566145092461,1.1379800853485094,4.338549075391185,8.730440967283073,1.2091038406827934,3.7162162162162247,0.6756756756756772,2.702702702702709,3.0405405405405332,1.3513513513513473,0.3378378378378315
1963,bunt.saar,3134,19,1.0,1.0,2.862731152204835,1.0,0.0,2.702702702702704,0.8712660028449548,2.400426742531998,0.4800853485063925,3.0761024182076824,5.992176386913229,4.356330014224753,0.6756756756756701,1.689189189189193,5.067567567567565,2.0270270270270245,5.743243243243242,1.01351351351353
2377,SPD,3134,19,0.0,0.0,6.042555713608348,1.0,1.0,1.3513513513513533,7.450213371266003,9.40611664295875,6.1877667140825,2.151493598862025,6.596728307254629,4.463015647226179,1.3513513513513544,2.0270270270270316,1.3513513513513473,1.689189189189193,0.0,1.689189189189193
4709,CDU,3134,19,1.0,0.0,6.267780938833575,1.0,0.0,1.8018018018018023,1.9914651493598896,3.2183499288762576,7.770270270270274,4.783072546230443,11.34423897581793,8.499288762446653,1.689189189189193,1.689189189189186,1.0135135135135158,2.0270270270270245,2.3648648648648702,2.0270270270270245
3503,Die Grünen,3134,19,1.0,0.0,2.5811996206733063,1.0,0.0,7.207207207207207,3.307254623044095,1.4224751066856385,4.765291607396875,2.400426742532005,0.3378378378378386,3.2539118065433854,9.121621621621621,6.418918918918912,8.445945945945958,1.0135135135135087,10.13513513513513,8.108108108108112
4008,SPD,3134,19,1.0,0.0,4.954954954954954,0.0,1.0,3.096846846846843,0.3911806543385552,6.223328591749642,11.91322901849216,0.9957325746799484,5.796586059743959,4.409672830725462,2.7027027027026946,1.689189189189186,2.0270270270270316,4.391891891891888,2.364864864864856,5.4054054054054035
524,FDP,3134,19,0.0,1.0,5.168326220957801,1.0,1.0,1.3513513513513502,1.8847795163584706,5.992176386913236,5.778805120910388,9.95732574679942,2.7382645803698367,4.658605974395456,1.0135135135135087,2.7027027027027017,0.33783783783784216,0.3378378378378386,2.7027027027027017,1.0135135135135087
4091,bunt.saar,3134,19,0.0,0.0,6.401137980085347,1.0,0.0,1.8581081081081063,3.09388335704125,1.262446657183503,10.170697012802279,4.605263157894733,12.251066856329999,7.02347083926032,2.3648648648648702,3.378378378378379,0.6756756756756701,3.0405405405405403,1.3513513513513402,0.3378378378378386
400,Die Grünen,3134,19,0.0,0.0,3.1650071123755317,0.0,1.0,1.689189189189187,1.5825035561877598,0.8357041251778057,6.276671408250358,0.46230440967283215,0.6756756756756772,9.157183499288756,0.3378378378378244,2.364864864864863,2.0270270270270245,0.0,4.729729729729726,0.6756756756756843
2280,FDP,3134,19,1.0,0.0,3.2183499288762456,1.0,1.0,1.3513513513513484,5.974395448079662,2.5960170697012828,0.2489331436699871,2.400426742531998,2.3826458036984377,5.707681365576107,1.0135135135135016,2.364864864864856,0.6756756756756772,1.689189189189193,0.0,2.364864864864863
4127,CDU,3134,19,0.0,0.0,4.059981033665241,1.0,1.0,2.1959459459459474,5.8321479374110865,2.507112375533424,0.40896159317212266,3.7517780938833525,10.56187766714082,1.2980085348506378,1.3513513513513473,1.3513513513513473,3.0405405405405475,2.0270270270270316,1.013513513513523,4.391891891891888
4695,Die Grünen,3134,19,1.0,0.0,5.452821242294924,0.0,0.0,3.6599099099099113,0.0,3.6450924608819264,8.125889046941687,4.551920341394016,10.295163584637258,6.098862019914655,6.081081081081088,0.3378378378378386,5.743243243243256,4.391891891891881,3.378378378378372,2.0270270270270316
4510,FDP,3134,19,0.0,1.0,5.05867709815078,1.0,1.0,1.6891891891891884,5.156472261735409,1.5647226173541924,3.7162162162162176,10.561877667140813,2.951635846372689,6.401137980085359,1.0135135135135087,2.0270270270270245,1.689189189189186,0.6756756756756843,4.054054054054056,0.6756756756756701
15,CDU,3134,19,1.0,1.0,4.69120436225699,1.0,0.0,2.5900900900900923,0.32005689900426404,3.662873399715501,8.588193456614505,10.472972972972968,0.8357041251778057,4.267425320056894,1.3513513513513544,1.3513513513513544,6.081081081081081,0.3378378378378457,4.054054054054056,2.364864864864863
1642,bunt.saar,3134,19,1.0,1.0,2.38560929350403,1.0,1.0,1.1824324324324305,1.5291607396870575,2.951635846372696,3.022759601706973,2.0625889046941666,4.605263157894733,0.1422475106685539,0.3378378378378315,2.364864864864856,1.689189189189193,1.3513513513513473,0.6756756756756772,0.6756756756756772
2673,Die Grünen,3134,19,0.0,1.0,4.211119013750594,1.0,1.0,1.1824324324324327,3.520625889046933,1.689189189189193,5.4054054054054035,3.02275960170698,8.570412517780944,3.058321479374108,1.0135135135135087,1.3513513513513402,2.0270270270270316,1.013513513513523,1.0135135135135158,0.6756756756756772
1255,bunt.saar,3134,19,1.0,0.0,5.60099573257468,1.0,1.0,1.9144144144144153,2.507112375533424,1.4046941678520568,6.294452347083933,3.52062588904694,13.83357041251778,6.045519203413946,1.689189189189186,1.3513513513513544,4.054054054054049,2.3648648648648702,0.0,2.0270270270270316
2672,bunt.saar,3134,19,0.0,0.0,8.902323376007587,1.0,0.0,2.5337837837837824,0.8001422475106708,3.485064011379805,13.709103840682786,3.236130867709818,20.999288762446653,11.184210526315788,3.378378378378372,2.3648648648648702,0.0,2.0270270270270245,5.743243243243242,1.689189189189186
3791,bunt.saar,3134,19,1.0,1.0,6.063300142247513,1.0,1.0,1.2387387387387392,6.827880512091042,4.285206258890469,10.526315789473685,4.463015647226179,6.614509246088197,3.662873399715508,0.6756756756756772,0.0,3.0405405405405403,2.0270270270270316,1.3513513513513473,0.3378378378378386
2844,bunt.saar,3134,19,1.0,0.0,4.071834992887621,1.0,1.0,1.407657657657655,3.3605974395448044,3.805120910384062,1.9025604551920452,3.7873399715504945,8.872688477951627,2.7027027027026946,1.0135135135135087,0.0,2.0270270270270174,1.0135135135135158,2.364864864864856,2.0270270270270316
2228,bunt.saar,3134,19,1.0,0.0,5.026078710289238,1.0,1.0,1.2950450450450397,3.8229018492176365,0.46230440967282505,6.365576102418217,1.2802275960170775,12.73115220483642,5.494310099573255,0.3378378378378386,1.3513513513513544,1.3513513513513402,2.0270270270270245,1.3513513513513402,1.3513513513513402
722,bunt.saar,3134,19,0.0,0.0,6.152204836415361,1.0,1.0,1.407657657657656,1.0668563300142253,1.4224751066856385,8.588193456614505,1.582503556187767,13.63798008534851,10.615220483641522,1.0135135135135087,0.3378378378378528,2.702702702702709,1.689189189189186,1.3513513513513402,1.3513513513513402
597,bunt.saar,3134,19,1.0,0.0,1.5410146989094393,1.0,1.0,2.1959459459459425,3.1472261735419664,2.631578947368425,1.760312944523477,1.404694167852064,0.284495021337122,0.017780938833581672,0.0,4.729729729729726,2.7027027027026946,1.3513513513513473,3.7162162162162105,0.6756756756756772
3500,CDU,3134,19,1.0,0.0,7.817686107159791,1.0,0.0,3.8851351351351333,2.6493598862019923,9.210526315789465,12.32219061166429,0.5867709815078399,12.802275960170704,9.334992887624459,1.0135135135135158,5.067567567567565,4.729729729729733,0.3378378378378244,8.108108108108112,4.054054054054049
1076,FDP,3134,19,1.0,1.0,4.237790422000946,1.0,1.0,0.33783783783783977,1.4580369843527734,1.3513513513513473,6.596728307254629,5.209815078236119,4.854196301564727,5.95661450924608,0.0,0.6756756756756843,0.0,0.0,1.3513513513513544,0.0
332,SPD,3134,19,1.0,0.0,4.963845424371741,1.0,0.0,1.463963963963966,0.8890469416785152,6.13442389758179,9.512802275960176,0.46230440967283215,4.978662873399728,7.805832147937409,1.3513513513513473,0.3378378378378386,2.702702702702709,2.3648648648648702,1.3513513513513544,0.6756756756756772
3553,SPD,3134,19,1.0,1.0,4.957918444760555,1.0,1.0,1.0135135135135112,0.5867709815078399,2.00924608819345,9.868421052631575,1.013513513513523,7.681365576102436,8.588193456614505,1.013513513513523,1.689189189189186,0.3378378378378386,1.6891891891891788,0.3378378378378244,1.0135135135135158
3655,FDP,3134,19,1.0,1.0,4.7475106685633,1.0,1.0,1.5765765765765807,1.7069701280227676,1.9559032716927476,7.076813655761029,2.8449502133712485,8.712660028449498,6.187766714082507,2.0270270270270316,1.0135135135135158,1.0135135135135158,1.01351351351353,2.7027027027027017,1.6891891891891895
4165,FDP,3134,19,1.0,1.0,2.495258416311048,1.0,1.0,2.9842342342342314,1.1024182076813602,3.662873399715501,3.449502133712656,3.485064011379805,2.987197724039838,0.2844950213371291,7.770270270270267,1.689189189189186,3.378378378378379,1.689189189189193,2.0270270270270174,1.3513513513513473
2428,FDP,3134,19,0.0,1.0,3.064248458985299,1.0,1.0,4.054054054054053,2.8449502133712556,3.8584637268847786,2.222617354196302,5.2275960170697005,2.151493598862025,2.080369843527734,5.743243243243235,6.418918918918919,4.391891891891888,1.0135135135135087,1.689189189189193,5.067567567567572
3869,SPD,3134,19,0.0,0.0,6.193693693693695,1.0,0.0,1.4076576576576574,6.045519203413939,4.391891891891895,6.418918918918912,6.685633001422481,9.495021337126602,4.12517780938834,2.3648648648648702,0.6756756756756701,0.0,0.6756756756756772,1.0135135135135087,3.7162162162162176
353,bunt.saar,3134,19,0.0,0.0,4.534139402560457,1.0,1.0,2.3085585585585604,5.4765291607396875,3.236130867709818,12.660028449502128,0.49786628733995997,0.3556187766714203,4.978662873399728,3.378378378378379,1.013513513513523,4.054054054054049,3.7162162162162176,0.6756756756756772,1.0135135135135158
5046,Die Grünen,3134,19,1.0,1.0,2.9308914177335255,1.0,0.0,7.319819819819821,3.3961593172119535,3.022759601706973,3.307254623044102,0.26671408250356166,4.071834992887624,3.52062588904694,5.4054054054054035,3.0405405405405475,9.797297297297305,10.472972972972968,5.4054054054054035,9.797297297297298
4561,FDP,3134,19,1.0,1.0,4.273352299668087,1.0,1.0,5.405405405405408,1.5825035561877598,4.071834992887624,9.246088193456615,0.4800853485063925,0.9246088193456643,9.334992887624466,4.054054054054063,4.391891891891895,7.432432432432428,3.7162162162162247,5.4054054054054035,7.432432432432435
2918,Die Grünen,3134,19,1.0,0.0,6.353722143195825,1.0,1.0,1.9144144144144082,1.8136557610241795,3.022759601706973,11.87766714082504,0.10668563300141898,12.144381223328587,9.157183499288756,1.3513513513513473,1.0135135135135016,4.054054054054049,0.0,4.054054054054049,1.0135135135135016
916,FDP,3134,19,0.0,0.0,5.209815078236134,0.0,1.0,0.7319819819819848,4.996443812233288,9.850640113798008,4.836415362731152,9.975106685633016,0.16002844950213557,1.440256045519206,0.675675675675663,0.6756756756756772,0.3378378378378386,1.3513513513513686,0.3378378378378457,1.0135135135135158
1568,bunt.saar,3134,19,1.0,0.0,7.841394025604554,1.0,1.0,1.689189189189192,0.6934566145092447,2.0270270270270316,12.748933143670001,6.312233285917493,17.283072546230443,7.983641536273112,1.013513513513523,0.0,3.0405405405405475,1.0135135135135158,3.0405405405405475,2.0270270270270174
68,bunt.saar,3134,19,0.0,1.0,6.493006164058795,1.0,1.0,1.6328828828828843,0.5689900426742511,0.9068278805120968,9.441678520625892,1.689189189189186,17.81650071123756,8.534850640113788,0.0,2.702702702702709,1.0135135135135158,3.0405405405405475,1.0135135135135016,2.0270270270270316
2906,Die Grünen,3134,19,0.0,0.0,7.568752963489804,0.0,0.0,4.222972972972972,2.9871977240398238,3.7162162162162176,14.135846372688476,2.809388335704128,16.002844950213372,5.7610241820768096,5.4054054054054035,6.418918918918912,3.0405405405405403,4.729729729729726,3.0405405405405403,2.702702702702709
1237,DIE LINKE,3134,19,1.0,0.0,2.678994784257943,0.0,1.0,3.6036036036036045,0.8357041251778057,3.94736842105263,3.236130867709818,1.724751066856328,3.840682788051211,2.489331436699864,1.0135135135135158,0.6756756756756772,6.081081081081095,0.6756756756756701,7.094594594594589,6.081081081081081
698,DIE LINKE,3134,19,0.0,0.0,4.818634423897581,0.0,0.0,4.39189189189189,5.067567567567565,8.766002844950215,0.8534850640113874,3.7517780938833525,4.818634423897571,5.654338549075398,10.13513513513513,3.0405405405405403,0.0,8.445945945945937,1.3513513513513473,3.378378378378386
4978,FDP,3134,19,0.0,0.0,5.503200568990042,1.0,0.0,1.3513513513513484,11.664295874822194,2.631578947368425,0.07112375533427695,6.827880512091042,8.890469416785209,2.933854907539107,1.689189189189193,3.0405405405405403,0.3378378378378244,1.0135135135135087,1.0135135135135158,1.0135135135135087
1348,FDP,3134,19,0.0,0.0,3.1738975817923176,1.0,0.0,3.3220720720720713,2.2403982930298696,2.916073968705547,2.0270270270270316,6.827880512091042,2.9871977240398238,2.044807965860592,4.391891891891888,4.391891891891881,3.378378378378379,2.0270270270270316,1.3513513513513615,4.391891891891888
1379,bunt.saar,3134,19,1.0,1.0,5.844001896633479,1.0,1.0,1.6328828828828807,3.1472261735419664,3.627311522048373,6.436699857752494,7.592460881934571,6.721194879089616,7.539118065433854,2.3648648648648702,0.6756756756756701,1.0135135135135016,2.702702702702709,1.0135135135135158,2.0270270270270174
1182,bunt.saar,3134,19,0.0,0.0,5.648411569464201,0.0,0.0,2.8153153153153148,0.8890469416785152,4.711948790896166,5.921052631578952,5.2631578947368425,7.841394025604551,9.263869132290182,6.081081081081088,1.689189189189186,1.3513513513513473,1.3513513513513473,1.3513513513513473,5.067567567567572
4425,CDU,3134,19,1.0,0.0,3.0079421526789916,1.0,1.0,1.9707207207207216,1.0135135135135087,2.115931721194869,0.1422475106685539,2.880512091038412,9.210526315789465,2.6849217638691414,2.0270270270270245,2.0270270270270316,1.689189189189193,1.689189189189193,3.0405405405405403,1.3513513513513473
4042,bunt.saar,3134,19,1.0,0.0,9.266832622095775,0.0,1.0,4.898648648648645,5.174253200568991,3.058321479374108,12.482219061166425,13.264580369843515,10.739687055476516,10.881934566145091,5.067567567567565,0.6756756756756772,5.067567567567565,7.770270270270267,3.7162162162161962,7.0945945945945965
3188,FDP,3134,19,1.0,1.0,6.6589615931721235,1.0,1.0,0.8445945945945942,6.756756756756758,2.3293029871977353,6.258890469416791,9.690611664295872,3.307254623044102,11.610953058321485,1.0135135135135158,1.3513513513513402,0.3378378378378386,0.6756756756756772,1.0135135135135158,0.6756756756756772
4417,FDP,3134,19,1.0,1.0,3.7636320531057366,1.0,1.0,1.9144144144144153,4.551920341394016,1.653627311522051,6.13442389758179,1.1735419630156514,0.9423897581792389,8.125889046941673,2.3648648648648702,0.6756756756756772,1.3513513513513473,2.0270270270270316,3.378378378378379,1.689189189189186
175,FDP,3134,19,1.0,0.0,6.202584163110477,0.0,0.0,3.9977477477477508,2.009246088193457,4.445234708392597,7.770270270270274,7.503556187766712,8.694879089615931,6.792318634423893,4.7297297297297405,1.013513513513523,5.067567567567565,5.4054054054054035,4.054054054054056,3.7162162162162176
4655,FDP,3134,19,1.0,0.0,4.694167852062592,0.0,0.0,4.391891891891891,7.076813655761022,4.374110953058327,1.369132290184929,0.5156472261735487,8.766002844950215,6.063300142247513,2.0270270270270174,3.7162162162162176,8.783783783783782,0.3378378378378386,7.094594594594589,4.391891891891902
4189,SPD,3134,19,0.0,1.0,2.7619724988146026,0.0,0.0,6.531531531531535,1.2802275960170704,4.285206258890469,7.21906116642959,0.4267425320056901,2.400426742532005,0.9601706970127921,5.743243243243249,9.45945945945946,4.729729729729733,5.743243243243249,4.729729729729726,8.783783783783797
2219,Die Grünen,3134,19,1.0,0.0,5.239449976292082,1.0,1.0,2.702702702702704,0.3022759601707037,0.7112375533428192,7.859174964438111,4.071834992887624,11.664295874822194,6.827880512091042,4.729729729729733,2.0270270270270316,2.0270270270270174,4.391891891891895,1.0135135135135158,2.0270270270270316
3344,FDP,3134,19,0.0,0.0,3.879208155523944,0.0,1.0,2.195945945945946,1.724751066856328,4.12517780938834,2.6849217638691343,4.267425320056894,8.161450924608815,2.3115220483641536,4.729729729729733,2.0270270270270316,1.689189189189193,1.689189189189186,1.3513513513513473,1.689189189189186
2364,Die Grünen,3134,19,0.0,1.0,3.7339971550497872,1.0,1.0,3.3783783783783754,0.5156472261735487,3.5739687055476566,5.103129445234707,2.187055476529153,8.55263157894737,2.471550497866289,3.0405405405405332,0.3378378378378386,4.054054054054049,4.729729729729726,4.054054054054056,4.054054054054049
4651,Die Grünen,3134,19,1.0,1.0,6.445590327169274,1.0,1.0,1.5202702702702655,5.245376955903275,4.249644381223341,7.005689900426745,2.933854907539107,8.641536273115221,10.597439544807955,2.364864864864863,1.689189189189186,1.0135135135135158,3.040540540540526,0.0,1.0135135135135016
3514,FDP,3134,19,1.0,1.0,4.09257942152679,1.0,1.0,1.8581081081081088,7.556899004267429,7.254623044096725,0.3022759601706895,3.2539118065433854,0.26671408250356166,5.921052631578952,1.0135135135135158,1.3513513513513544,3.7162162162162105,0.0,0.6756756756756772,4.391891891891895
3324,bunt.saar,3134,19,1.0,0.0,5.844001896633479,1.0,1.0,0.6756756756756749,1.3335704125177799,4.943100995732571,8.463726884779526,0.5867709815078257,13.015647226173549,6.721194879089623,0.3378378378378386,1.0135135135135087,0.0,2.364864864864863,0.0,0.3378378378378386
1042,bunt.saar,3134,19,1.0,0.0,5.648411569464198,1.0,1.0,2.421171171171167,5.565433854907525,4.960881934566139,5.974395448079662,0.2489331436699871,14.08250355618776,3.058321479374115,1.6891891891891788,3.378378378378393,1.3513513513513402,3.378378378378379,0.3378378378378244,4.391891891891888
1185,bunt.saar,3134,19,0.0,0.0,5.811403508771929,0.0,0.0,6.531531531531534,0.46230440967283215,5.903271692745371,3.8762446657183602,3.413940256045521,13.65576102418207,7.556899004267422,5.067567567567565,3.7162162162162176,4.054054054054063,8.78378378378379,9.121621621621614,8.445945945945951
4281,SPD,3134,19,1.0,1.0,6.623399715504977,1.0,0.0,2.5900900900900887,4.516358463726888,4.142958748221901,5.5476529160739645,4.374110953058327,10.419630156472252,10.73968705547653,1.689189189189193,2.0270270270270245,1.689189189189193,0.6756756756756772,7.432432432432428,2.0270270270270174
5137,FDP,3134,19,0.0,1.0,2.459696538643904,0.0,1.0,1.0135135135135183,0.2844950213371291,3.1827880512090942,1.3513513513513473,5.565433854907539,4.302987197724036,0.07112375533427695,2.364864864864863,1.3513513513513615,0.6756756756756843,0.6756756756756772,0.6756756756756772,0.3378378378378457
3830,bunt.saar,3134,19,0.0,1.0,5.117946894262684,0.0,1.0,1.74549549549549,2.6849217638691414,1.0312944523470904,5.138691322901849,2.8982930298719793,10.188477951635846,8.7660028449502,1.689189189189186,1.3513513513513402,1.0135135135135158,1.3513513513513473,1.0135135135135158,4.054054054054035
5089,bunt.saar,3134,19,1.0,0.0,6.5018966334755826,1.0,1.0,1.6328828828828854,4.231863442389766,0.8179231863442311,7.89473684210526,6.418918918918919,13.015647226173549,6.6322901849217715,2.0270270270270316,1.0135135135135158,0.0,4.729729729729733,1.0135135135135158,1.0135135135135158
1054,bunt.saar,3134,19,1.0,0.0,4.960881934566146,1.0,1.0,0.7319819819819801,2.400426742532005,1.7425320056898954,4.996443812233295,4.125177809388333,13.08677098150784,3.4139402560455068,1.3513513513513473,0.3378378378378528,0.3378378378378244,0.6756756756756772,0.3378378378378244,1.3513513513513544
4663,FDP,3134,19,0.0,1.0,3.1916785206258873,1.0,1.0,1.1824324324324327,1.0668563300142182,5.03200568990043,4.42745376955903,6.703413940256041,1.1201991465149348,0.8001422475106708,0.3378378378378386,0.3378378378378386,2.364864864864863,1.689189189189193,2.364864864864863,0.0
4966,bunt.saar,3134,19,1.0,1.0,4.374110953058323,1.0,1.0,1.2387387387387392,3.307254623044095,4.9075391180654435,6.810099573257467,0.10668563300142608,9.761735419630156,1.3513513513513473,1.0135135135135158,1.689189189189186,0.3378378378378386,3.378378378378379,0.6756756756756701,0.3378378378378457
2161,bunt.saar,3134,19,0.0,1.0,3.9029160739687114,1.0,1.0,2.083333333333332,2.5960170697012828,5.014224751066848,2.3293029871977353,2.3293029871977353,5.778805120910384,5.369843527738283,1.3513513513513544,1.689189189189193,3.7162162162162105,7.105427357601002e-15,3.0405405405405332,2.7027027027026946
3560,FDP,3134,19,0.0,1.0,1.41358463726885,1.0,1.0,1.5765765765765778,0.9779516358463738,1.1735419630156443,0.9957325746799484,1.0490753911806578,2.9694167852062634,1.3157894736842124,3.378378378378372,1.3513513513513544,1.3513513513513544,2.0270270270270316,0.3378378378378386,1.0135135135135158
1206,FDP,3134,19,1.0,1.0,3.479137031768611,1.0,1.0,2.815315315315317,4.160739687055475,3.2183499288762576,1.0668563300142253,4.783072546230443,3.236130867709811,4.409672830725455,4.391891891891895,5.743243243243249,1.0135135135135087,2.3648648648648702,0.3378378378378457,3.0405405405405332
4511,bunt.saar,3134,19,0.0,0.0,5.337245139876722,0.0,1.0,2.25225225225225,8.161450924608815,3.0405405405405403,7.681365576102422,2.489331436699864,8.374822190611667,2.275960170697026,4.054054054054042,4.391891891891888,0.6756756756756701,2.3648648648648702,0.3378378378378457,1.689189189189186
270,bunt.saar,3134,19,0.0,0.0,5.88549075391181,0.0,0.0,5.236486486486492,2.0270270270270316,0.9246088193456643,7.005689900426745,5.174253200568991,11.664295874822194,8.517069701280235,6.4189189189189335,1.013513513513523,5.4054054054054035,3.378378378378379,6.756756756756758,8.445945945945958
1037,bunt.saar,3134,19,1.0,1.0,2.2552157420578425,1.0,0.0,2.3085585585585604,4.800853485064017,0.46230440967282505,3.7517780938833525,1.689189189189186,2.400426742531998,0.4267425320056759,2.702702702702709,1.0135135135135158,1.0135135135135158,2.7027027027027017,3.0405405405405475,3.378378378378372
3872,CDU,3134,19,1.0,0.0,1.692152678994783,1.0,1.0,4.166666666666669,0.3022759601707037,4.67638691322901,0.6934566145092376,0.23115220483641252,2.0270270270270316,2.222617354196302,2.7027027027027017,4.054054054054063,5.067567567567565,4.054054054054056,5.743243243243249,3.378378378378379
1174,Die Grünen,3134,19,0.0,0.0,5.728425794215268,0.0,0.0,3.9414414414414374,0.07112375533427695,4.569701280227605,7.6635846372688405,0.40896159317212266,13.193456614509245,8.463726884779518,3.7162162162162033,1.3513513513513473,5.743243243243242,5.067567567567565,5.4054054054054035,2.364864864864863
585,bunt.saar,3134,19,0.0,0.0,7.39687055476529,1.0,1.0,2.759009009009013,0.5689900426742511,0.03556187766713492,13.068990042674258,3.2539118065433854,15.985064011379805,11.46870554765291,2.364864864864863,0.6756756756756843,3.7162162162162247,2.3648648648648702,3.7162162162162247,3.7162162162162105
3100,bunt.saar,3134,19,0.0,0.0,3.9740398293029906,0.0,0.0,2.5337837837837838,1.902560455192038,5.796586059743959,0.9957325746799413,0.7112375533428192,7.147937411095306,7.290184921763881,2.7027027027026946,0.3378378378378386,0.6756756756756772,3.0405405405405403,2.364864864864863,6.081081081081088
4439,FDP,3134,19,1.0,1.0,3.6302750118539584,1.0,1.0,2.98423423423424,6.116642958748223,1.1735419630156443,1.3513513513513473,5.636557610241823,5.298719772403977,2.2048364153627347,2.3648648648648702,1.3513513513513544,2.3648648648648702,0.6756756756756843,4.7297297297297405,6.418918918918919
655,DIE LINKE,3134,19,0.0,0.0,3.559151256519679,0.0,1.0,4.898648648648646,0.1422475106685539,4.498577524893314,3.9651493598862118,0.8534850640113874,5.95661450924608,5.938833570412527,5.743243243243242,0.6756756756756701,5.4054054054054035,3.378378378378379,7.7702702702702595,6.418918918918919
1688,Die Grünen,3134,19,1.0,0.0,6.682669511616882,0.0,1.0,2.1396396396396447,3.0049786628733983,9.352773826458034,8.232574679943106,3.8229018492176436,9.192745376955905,6.490042674253203,4.391891891891902,1.3513513513513544,2.702702702702709,2.0270270270270316,1.3513513513513544,1.0135135135135158
4745,FDP,3134,19,0.0,1.0,2.444879089615936,0.0,1.0,3.2094594594594597,1.8847795163584777,1.4935988620199083,2.293741109530586,5.174253200568998,2.0270270270270316,1.795874822190612,1.3513513513513544,3.378378378378372,2.3648648648648702,4.391891891891902,2.7027027027026946,5.067567567567565
4102,bunt.saar,3134,19,1.0,0.0,8.937885253674727,1.0,0.0,2.5337837837837824,2.9871977240398238,8.623755334281647,12.357752489331446,0.5512091038406837,15.273826458036986,13.83357041251778,0.3378378378378386,1.689189189189186,3.0405405405405332,0.3378378378378315,5.067567567567565,4.7297297297297405
2740,CDU,3134,19,1.0,0.0,3.2272403982930284,0.0,1.0,1.8018018018017987,2.9871977240398238,6.436699857752494,2.115931721194869,2.9338549075391214,0.8179231863442382,4.071834992887624,0.6756756756756843,0.6756756756756772,1.689189189189186,4.054054054054042,0.3378378378378244,3.378378378378379
3942,FDP,3134,19,1.0,1.0,4.427453769559034,1.0,0.0,3.322072072072075,2.8271692745377024,0.23115220483641252,7.3790896159317185,2.329302987197721,10.91749644381224,2.880512091038412,3.378378378378379,2.3648648648648702,2.702702702702709,5.067567567567572,3.7162162162162176,2.7027027027027017
4910,Die Grünen,3134,19,0.0,0.0,8.07550972024656,0.0,0.0,2.984234234234235,0.017780938833574567,5.174253200568991,11.308677098150774,1.8492176386913215,16.767425320056894,13.335704125177806,1.3513513513513544,0.0,5.4054054054054035,4.054054054054056,5.067567567567565,2.0270270270270316
2182,FDP,3134,19,1.0,0.0,4.181484115694641,1.0,1.0,6.756756756756754,0.37339971550497353,4.498577524893314,10.046230440967285,1.6358463726884764,1.618065433854909,6.916785206258886,4.729729729729726,4.729729729729726,9.797297297297298,6.418918918918919,5.067567567567558,9.797297297297298
1065,bunt.saar,3134,19,1.0,1.0,4.110360360360361,1.0,0.0,1.8581081081081028,0.3911806543385552,2.1337126600284506,10.02844950213371,2.3826458036984306,9.655049786628751,0.07112375533426984,2.7027027027026946,0.3378378378378386,1.3513513513513544,4.391891891891888,0.675675675675663,1.6891891891891788
571,CDU,3134,19,1.0,1.0,1.6980796586059743,1.0,0.0,1.5765765765765825,1.3513513513513473,1.191322901849226,0.21337126600283796,4.729729729729726,0.1422475106685539,2.560455192034155,0.3378378378378457,2.0270270270270316,0.3378378378378386,3.0405405405405475,0.6756756756756843,3.0405405405405475
2422,bunt.saar,3134,19,1.0,0.0,3.5384068278805096,1.0,0.0,1.2950450450450408,4.320768136557611,1.7247510668563208,5.494310099573255,1.8847795163584635,7.04125177809388,0.7645803698435287,1.0135135135135087,2.702702702702709,1.6891891891891788,0.6756756756756701,0.3378378378378386,1.3513513513513402
4547,SPD,3134,19,0.0,0.0,5.275011853959227,0.0,0.0,3.7162162162162176,1.4580369843527734,3.733997155049792,6.810099573257467,0.1955903271692847,13.442389758179239,6.009957325746804,5.743243243243242,0.3378378378378315,4.054054054054056,4.054054054054056,4.391891891891902,3.7162162162162176
3358,SPD,3134,19,1.0,0.0,1.8077287814129928,1.0,0.0,3.1531531531531556,1.5825035561877598,0.1955903271692847,5.4054054054054035,2.3826458036984377,0.1955903271692847,1.0846372688477857,1.3513513513513473,0.3378378378378386,3.378378378378386,3.0405405405405403,5.4054054054054035,5.405405405405418
3576,FDP,3134,19,0.0,0.0,4.55784732100521,1.0,1.0,1.4639639639639686,3.1294452347083777,0.49786628733995997,3.413940256045514,6.454480796586061,9.03271692745377,4.818634423897578,3.0405405405405475,0.6756756756756843,0.6756756756756772,3.0405405405405403,1.0135135135135158,0.3378378378378457
4710,bunt.saar,3134,19,0.0,0.0,7.5361545756282595,1.0,0.0,5.405405405405406,3.7162162162162176,0.0889046941678373,13.015647226173549,3.805120910384069,13.015647226173549,11.575391180654336,3.378378378378379,1.0135135135135016,6.081081081081088,6.418918918918919,7.0945945945945965,8.445945945945951
3496,CDU,3134,19,1.0,1.0,2.5071123755334255,1.0,1.0,2.2522522522522515,2.400426742531998,2.6315789473684177,1.973684210526315,4.943100995732571,3.0761024182076824,0.01778093883356746,0.3378378378378386,2.7027027027026946,3.0405405405405403,3.0405405405405332,3.0405405405405475,1.3513513513513544
3153,CDU,3134,19,0.0,0.0,3.9621858700806065,1.0,0.0,1.1824324324324316,2.3648648648648702,7.485775248933145,2.86273115220483,0.32005689900426404,8.001422475106686,2.7382645803698438,0.0,1.3513513513513544,0.6756756756756772,1.0135135135135087,1.0135135135135087,3.0405405405405403
71,bunt.saar,3134,19,1.0,0.0,2.178165007112382,1.0,1.0,1.6891891891891906,1.0312944523470833,0.5689900426742582,1.0312944523470975,1.2091038406827934,8.694879089615938,0.5334281650071233,0.6756756756756843,2.0270270270270316,2.0270270270270316,0.3378378378378315,3.0405405405405332,2.0270270270270316
2684,bunt.saar,3134,19,1.0,0.0,7.319819819819819,1.0,0.0,2.7590090090090116,1.6714082503556185,1.3869132290184822,9.032716927453777,5.049786628733997,14.88264580369843,11.895448079658607,2.3648648648648702,2.3648648648648702,2.702702702702709,1.689189189189193,1.689189189189186,5.743243243243242
31,FDP,3134,19,1.0,1.0,7.5835704125177825,1.0,1.0,0.7882882882882889,3.94736842105263,10.597439544807969,9.921763869132299,3.4317211948790884,3.662873399715501,13.940256045519206,0.3378378378378386,0.0,0.0,1.0135135135135158,2.364864864864863,1.0135135135135158
2986,CDU,3134,19,1.0,0.0,4.3533665244191555,1.0,1.0,2.1396396396396398,6.081081081081081,5.138691322901856,2.5248933143669916,6.614509246088197,2.773826458036986,2.9871977240398238,1.3513513513513544,1.3513513513513473,4.054054054054049,1.3513513513513473,2.3648648648648702,2.3648648648648702
4257,FDP,3134,19,1.0,0.0,3.1650071123755374,1.0,0.0,0.7319819819819813,5.600995732574688,2.5960170697012828,5.4054054054054035,0.5867709815078399,1.2980085348506378,3.5028449502133725,0.6756756756756701,0.3378378378378386,0.0,1.6891891891891788,1.3513513513513544,0.3378378378378457
1844,FDP,3134,19,0.0,1.0,2.8419867235656695,1.0,1.0,2.4774774774774735,2.0270270270270316,0.9246088193456643,0.6401137980085352,7.307965860597427,3.3961593172119393,2.7560455192034183,0.675675675675663,4.054054054054042,1.689189189189186,0.6756756756756772,3.7162162162162176,4.054054054054056
1736,bunt.saar,3134,19,1.0,1.0,5.023115220483644,1.0,1.0,1.1824324324324362,5.618776671408256,2.2226173541963163,7.752489331436692,2.9694167852062634,6.365576102418217,5.209815078236119,7.105427357601002e-15,1.01351351351353,2.0270270270270316,1.0135135135135158,2.0270270270270174,1.0135135135135158
3694,SPD,3134,19,0.0,0.0,9.610597439544813,0.0,0.0,5.292792792792795,3.485064011379805,9.050497866287337,15.149359886201992,8.054765291607403,11.94879089615933,9.975106685633016,1.0135135135135087,1.0135135135135087,7.432432432432435,6.081081081081088,9.121621621621628,7.094594594594604
1629,DIE LINKE,3134,19,1.0,1.0,1.8403271692745342,1.0,0.0,2.8716216216216197,0.37339971550497353,0.9423897581792318,3.1294452347083777,1.760312944523477,2.7204836415362763,2.115931721194869,8.10810810810812,1.689189189189186,0.3378378378378244,4.391891891891888,2.364864864864863,0.3378378378378386
4797,bunt.saar,3134,19,0.0,1.0,3.689544807965858,1.0,1.0,3.490990990990994,3.520625889046933,2.6137980085348573,2.43598862019914,3.413940256045514,5.067567567567565,5.0853485064011394,4.391891891891888,1.3513513513513544,3.7162162162162247,5.4054054054054035,2.702702702702709,3.378378378378386
343,Die Grünen,3134,19,0.0,0.0,5.23944997629208,0.0,0.0,1.8581081081081077,8.677098150782356,0.4800853485063925,5.45874822190612,4.445234708392597,6.436699857752494,5.93883357041252,2.702702702702709,4.054054054054063,1.3513513513513473,1.0135135135135087,1.689189189189186,0.3378378378378315
4110,CDU,3134,19,1.0,0.0,4.400782361308676,1.0,1.0,5.067567567567569,2.809388335704128,4.978662873399713,5.174253200568991,2.9871977240398238,7.076813655761022,3.378378378378379,3.378378378378379,2.702702702702709,8.108108108108105,3.0405405405405475,6.418918918918919,6.756756756756758
395,CDU,3134,19,1.0,0.0,1.45507349454718,1.0,0.0,3.3220720720720713,1.8492176386913286,1.9559032716927476,1.2980085348506378,0.3911806543385552,1.2624466571834958,1.973684210526315,1.689189189189193,5.743243243243242,2.364864864864863,3.0405405405405332,5.743243243243249,1.3513513513513473
2165,DIE LINKE,3134,19,1.0,1.0,1.6565908013276385,0.0,1.0,2.6463963963963977,1.1024182076813602,1.2091038406827863,0.26671408250355455,0.8179231863442382,5.156472261735409,1.3869132290184822,3.0405405405405403,0.0,5.067567567567565,1.0135135135135087,5.067567567567565,1.6891891891892072
475,SPD,3134,19,0.0,0.0,7.607278330962544,0.0,0.0,5.855855855855857,1.0490753911806578,6.401137980085345,15.753911806543385,1.6002844950213415,11.34423897581793,9.495021337126602,5.067567567567565,4.729729729729733,8.445945945945958,1.0135135135135016,9.797297297297298,6.081081081081088
746,FDP,3134,19,1.0,1.0,3.576932195353249,1.0,1.0,3.8288288288288315,1.760312944523477,4.534139402560456,6.899004267425319,1.6714082503556114,5.974395448079662,0.6223328591749677,5.743243243243242,3.7162162162162176,4.054054054054056,4.054054054054056,4.729729729729733,0.6756756756756843
1121,bunt.saar,3134,19,1.0,0.0,6.958274063537221,1.0,1.0,1.1261261261261275,1.191322901849226,4.943100995732571,13.63798008534851,4.747510668563294,10.95305832147936,6.276671408250365,0.3378378378378386,0.6756756756756772,2.702702702702709,2.0270270270270245,0.3378378378378386,0.6756756756756772
5183,Die Grünen,3134,19,1.0,0.0,4.231863442389756,1.0,1.0,3.4346846846846844,2.293741109530579,1.3513513513513473,4.818634423897564,2.5426742532005733,8.339260312944532,6.045519203413939,6.081081081081074,0.3378378378378457,5.067567567567579,0.6756756756756701,4.054054054054035,4.391891891891902
2176,FDP,3134,19,1.0,1.0,4.231863442389757,1.0,1.0,2.59009009009009,0.17780938833571014,0.7645803698435216,4.356330014224753,0.5512091038406766,16.66073968705547,2.880512091038412,4.729729729729733,1.689189189189186,1.689189189189193,5.4054054054054035,1.3513513513513473,0.6756756756756772
1166,CDU,3134,19,1.0,0.0,3.7932669511616885,1.0,0.0,2.25225225225225,1.0668563300142253,5.814366998577526,1.724751066856328,2.8449502133712556,7.3968705547653,3.911806543385495,2.7027027027027017,3.0405405405405403,0.6756756756756701,4.391891891891888,1.689189189189193,1.0135135135135087
4333,CDU,3134,19,0.0,1.0,1.7751303935514475,0.0,0.0,6.024774774774774,1.3335704125177799,1.3157894736842124,0.37339971550497353,0.2489331436699942,2.0981507823613086,5.280938833570417,3.0405405405405475,0.3378378378378386,8.783783783783782,2.364864864864863,10.810810810810807,10.810810810810807
3291,Die Grünen,3134,19,1.0,0.0,7.7080369843527725,1.0,1.0,2.2522522522522537,0.8001422475106708,10.170697012802279,7.645803698435273,0.10668563300141898,17.994310099573255,9.530583214793737,0.3378378378378386,1.0135135135135087,4.054054054054049,1.0135135135135158,5.067567567567579,2.0270270270270316
2173,CDU,3134,19,0.0,1.0,2.195945945945944,0.0,0.0,4.222972972972973,4.267425320056894,2.2403982930298625,2.187055476529153,0.6756756756756772,1.2091038406827934,2.5960170697012828,1.689189189189193,2.0270270270270316,10.135135135135137,2.364864864864863,7.094594594594589,2.0270270270270245
211,DIE LINKE,3134,19,0.0,0.0,2.640469416785207,0.0,0.0,3.209459459459462,3.1116642958748244,3.8940256045519206,1.4224751066856385,0.8001422475106708,4.818634423897578,1.795874822190612,1.0135135135135158,1.689189189189193,4.054054054054056,1.0135135135135087,6.756756756756765,4.729729729729733
1132,bunt.saar,3134,19,1.0,1.0,7.017543859649123,1.0,1.0,1.0135135135135147,3.129445234708392,0.5334281650071233,10.25960170697013,2.364864864864863,16.322901849217644,9.495021337126587,1.3513513513513473,0.6756756756756772,1.0135135135135158,1.0135135135135158,1.3513513513513544,0.6756756756756772
1000,Die Grünen,3134,19,0.0,0.0,7.2101706970128,1.0,1.0,1.5765765765765767,2.7560455192034112,5.494310099573248,7.076813655761022,7.4146514935988606,10.91749644381224,9.60170697012802,1.3513513513513615,1.3513513513513473,0.6756756756756772,1.689189189189193,0.675675675675663,3.7162162162162176
269,SPD,3134,19,0.0,0.0,5.518018018018021,0.0,0.0,1.8018018018018023,8.748221906116648,3.5384068278805074,1.475817923186355,7.112375533428171,8.481507823613093,3.7517780938833525,0.3378378378378386,1.0135135135135158,0.0,1.3513513513513473,5.067567567567579,3.0405405405405332
2985,Die Grünen,3134,19,1.0,1.0,7.524300616405878,1.0,1.0,4.72972972972973,0.23115220483641252,9.192745376955905,6.383357041251784,4.054054054054049,16.429587482219056,8.85490753911806,2.3648648648648702,1.0135135135135087,6.081081081081081,3.7162162162162105,9.121621621621628,6.081081081081081
2717,FDP,3134,19,1.0,1.0,3.3250355618776655,1.0,1.0,2.2522522522522563,3.2539118065433854,3.6095305832147915,6.169985775248932,0.7290184921763796,4.907539118065426,1.2802275960170775,3.378378378378379,0.3378378378378386,0.6756756756756772,5.067567567567579,0.6756756756756843,3.378378378378379
5083,CDU,3134,19,1.0,0.0,3.6539829302987243,1.0,1.0,3.9977477477477463,1.2446657183499354,0.6223328591749677,6.6678520625889135,4.516358463726888,4.854196301564727,4.018492176386914,5.743243243243228,4.391891891891895,5.405405405405411,4.054054054054056,2.0270270270270245,2.364864864864863
2475,CDU,3134,19,1.0,0.0,2.6671408250355584,0.0,0.0,1.5765765765765742,1.0135135135135087,2.9694167852062563,1.3335704125177799,3.556187766714082,5.494310099573248,1.6358463726884764,0.0,1.689189189189186,2.0270270270270174,2.7027027027026946,2.0270270270270316,1.0135135135135158
3552,SPD,3134,19,0.0,0.0,4.611190137505926,0.0,1.0,1.463963963963965,6.507823613086771,4.783072546230443,1.9203413940255984,7.361308677098151,6.881223328591759,0.21337126600283796,0.3378378378378457,1.0135135135135158,1.689189189189193,1.0135135135135087,0.6756756756756772,4.054054054054049
3863,FDP,3134,19,0.0,0.0,6.427809388335706,1.0,0.0,8.671171171171173,12.464438122332865,4.018492176386914,4.374110953058327,0.1422475106685539,12.286628733997162,5.28093883357041,14.864864864864863,4.054054054054049,8.445945945945951,9.459459459459467,7.094594594594589,8.108108108108112
1681,CDU,3134,19,0.0,1.0,2.696775723091515,0.0,1.0,2.2522522522522515,0.10668563300143319,4.267425320056894,0.9779516358463738,5.832147937411094,2.6849217638691414,2.3115220483641536,4.3918918918918735,0.3378378378378386,0.6756756756756772,6.081081081081095,0.0,2.0270270270270245
2633,Die Grünen,3134,19,1.0,0.0,7.186462778568045,1.0,0.0,1.6891891891891884,4.516358463726888,2.5426742532005733,3.6806543385490826,8.55263157894737,12.144381223328601,11.682076813655755,0.3378378378378386,3.0405405405405403,1.689189189189193,0.6756756756756772,1.689189189189186,2.7027027027026946
5210,Die Grünen,3134,19,0.0,0.0,6.69452347083926,0.0,0.0,6.925675675675676,0.49786628733995997,5.032005689900423,8.51706970128022,5.03200568990043,15.57610241820769,5.512091038406837,4.391891891891881,5.067567567567558,7.770270270270274,8.783783783783782,9.797297297297305,5.743243243243256
2800,FDP,3134,19,1.0,1.0,2.7797534376481763,1.0,1.0,1.9144144144144175,5.938833570412527,4.498577524893314,0.37339971550497353,1.226884779516368,4.640825035561875,0.0,1.3513513513513544,1.0135135135135087,2.702702702702709,1.01351351351353,2.702702702702709,2.7027027027026946
4795,bunt.saar,3134,19,1.0,1.0,3.6243480322427692,1.0,0.0,5.180180180180179,7.965860597439537,0.8890469416785294,4.374110953058313,0.32005689900426404,4.249644381223341,3.94736842105263,2.7027027027026946,1.689189189189193,6.756756756756758,6.081081081081081,7.094594594594589,6.756756756756758
387,FDP,3134,19,1.0,0.0,3.7073257467994254,1.0,1.0,0.6756756756756795,1.6714082503556114,1.9203413940255984,6.792318634423893,4.480796586059739,5.103129445234707,2.2759601706970045,1.013513513513523,0.6756756756756843,0.6756756756756701,0.3378378378378386,1.3513513513513544,7.105427357601002e-15
1814,FDP,3134,19,1.0,0.0,8.250355618776673,1.0,1.0,1.3513513513513526,4.765291607396875,6.54338549075392,5.476529160739684,13.015647226173549,8.890469416785209,10.81081081081081,1.689189189189186,1.689189189189193,1.0135135135135158,1.689189189189193,0.3378378378378386,1.6891891891891895
2567,Die Grünen,3134,19,0.0,1.0,4.054054054054053,1.0,1.0,1.2387387387387392,2.8982930298719793,4.623044096728307,6.152204836415365,1.1201991465149348,7.699146514935983,1.831436699857747,1.0135135135135087,0.0,1.689189189189193,2.0270270270270245,1.3513513513513544,1.3513513513513544
2634,bunt.saar,3134,19,1.0,1.0,2.797534376481751,1.0,1.0,1.0135135135135123,3.236130867709818,2.3648648648648702,0.017780938833574567,3.485064011379805,5.600995732574688,2.0803698435277482,2.0270270270270316,0.0,2.0270270270270174,1.013513513513523,0.3378378378378386,0.675675675675663
3875,FDP,3134,19,1.0,1.0,3.5295163584637286,1.0,1.0,3.490990990990992,3.2183499288762576,3.6095305832147915,2.0625889046941666,3.6806543385490826,3.271692745376953,5.334281650071119,0.3378378378378244,6.418918918918926,3.7162162162162176,3.378378378378379,4.729729729729733,2.3648648648648702
2139,FDP,3134,19,1.0,0.0,4.285206258890469,1.0,1.0,2.477477477477476,1.4580369843527734,2.916073968705547,1.2091038406827899,4.729729729729726,8.214793741109531,7.1834992887624445,4.729729729729726,0.6756756756756701,0.33783783783783505,4.729729729729726,1.3513513513513544,3.040540540540544
2117,DIE LINKE,3134,19,1.0,0.0,7.84435751541015,1.0,0.0,5.4617117117117155,1.404694167852064,7.290184921763881,7.948079658605984,0.32005689900426404,15.913940256045514,14.189189189189193,6.418918918918926,4.054054054054063,5.405405405405411,7.0945945945945965,0.3378378378378315,9.459459459459467
3406,FDP,3134,19,1.0,1.0,4.605263157894739,1.0,1.0,2.3648648648648654,4.285206258890469,3.840682788051218,6.152204836415358,5.938833570412527,1.529160739687054,5.88549075391181,2.364864864864856,3.0405405405405475,3.040540540540537,1.0135135135135158,2.0270270270270316,2.7027027027027053
25,bunt.saar,3134,19,1.0,1.0,5.580251303935515,1.0,1.0,2.7027027027027053,1.3513513513513473,7.254623044096725,8.125889046941687,2.507112375533424,8.410384068278809,5.832147937411094,3.378378378378379,0.3378378378378386,4.054054054054063,4.054054054054049,2.0270270270270316,2.3648648648648702
5139,Die Grünen,3134,19,1.0,1.0,7.6458036984352775,1.0,1.0,2.1959459459459496,1.2446657183499283,9.441678520625892,9.352773826458034,2.507112375533424,16.35846372688478,6.97012802275961,1.3513513513513544,0.3378378378378386,2.702702702702709,2.364864864864863,3.7162162162162247,2.702702702702709
2662,bunt.saar,3134,19,1.0,1.0,5.698790896159317,1.0,1.0,2.477477477477475,3.0761024182076824,3.1294452347083848,9.530583214793737,5.618776671408256,8.659317211948796,4.17852062588905,3.378378378378379,2.364864864864856,2.7027027027026946,2.702702702702709,2.0270270270270174,1.689189189189193
5221,FDP,3134,19,1.0,1.0,3.9473684210526314,1.0,1.0,3.096846846846848,3.307254623044095,0.3378378378378386,3.485064011379805,3.52062588904694,6.13442389758179,6.899004267425319,0.6756756756756701,3.378378378378379,5.067567567567572,2.3648648648648702,1.3513513513513544,5.743243243243242
85,Die Grünen,3134,19,1.0,0.0,4.8897581792318645,1.0,0.0,1.3513513513513498,1.475817923186355,5.95661450924608,2.5960170697012757,0.6401137980085352,14.206970128022768,4.463015647226172,1.3513513513513473,1.0135135135135087,1.3513513513513402,0.3378378378378386,2.3648648648648702,1.689189189189193
1837,CDU,3134,19,1.0,1.0,5.094238975817923,0.0,1.0,1.9144144144144175,8.285917496443822,0.7290184921763796,0.7112375533428192,10.899715504978658,6.187766714082507,3.7517780938833525,2.3648648648648702,3.378378378378393,1.0135135135135158,1.0135135135135158,0.3378378378378315,3.378378378378379
3354,CDU,3134,19,1.0,0.0,3.2005689900426773,0.0,0.0,2.027027027027026,2.0803698435277482,4.640825035561875,2.8271692745377024,1.6714082503556114,4.765291607396875,3.2183499288762505,0.675675675675663,0.3378378378378386,1.0135135135135087,5.405405405405411,3.7162162162162176,1.0135135135135158
1296,Die Grünen,3134,19,1.0,1.0,2.596017069701278,1.0,1.0,3.0405405405405417,0.03556187766713492,3.378378378378372,1.0135135135135158,4.765291607396868,4.071834992887624,2.3115220483641536,2.0270270270270245,1.689189189189193,4.391891891891888,1.0135135135135158,4.7297297297297405,4.391891891891888
396,FDP,3134,19,1.0,1.0,1.4787814129919425,1.0,1.0,2.1959459459459496,1.7069701280227676,2.7916073968705533,0.26671408250354744,2.275960170697026,0.3022759601707037,1.5291607396870575,4.7297297297297405,1.013513513513523,0.3378378378378244,3.7162162162162176,3.0405405405405475,0.3378378378378457
793,CDU,3134,19,1.0,1.0,2.8805120910384083,1.0,1.0,2.3648648648648645,0.6578947368421026,5.03200568990043,2.507112375533424,6.54338549075392,0.9246088193456643,1.618065433854909,2.7027027027026946,1.0135135135135087,2.0270270270270316,1.689189189189186,4.729729729729733,2.0270270270270316
2934,FDP,3134,19,1.0,1.0,3.7991939307728786,1.0,1.0,0.9009009009009006,8.090327169274545,1.831436699857747,2.2403982930298696,7.361308677098144,0.5156472261735487,2.7560455192034183,1.689189189189186,0.3378378378378386,0.0,0.0,1.689189189189186,1.689189189189193
2059,FDP,3134,19,1.0,1.0,4.285206258890471,1.0,1.0,3.0405405405405417,2.9338549075391214,4.3029871977240575,4.765291607396868,4.356330014224746,2.364864864864863,6.98790896159317,0.6756756756756701,3.378378378378393,4.054054054054049,3.378378378378386,4.054054054054049,2.7027027027027017
490,bunt.saar,3134,19,1.0,0.0,4.074798482693219,1.0,1.0,2.477477477477476,2.009246088193457,2.880512091038412,7.539118065433854,2.4537695590327147,6.454480796586061,3.1116642958748173,3.378378378378379,3.7162162162162247,3.0405405405405475,3.0405405405405403,0.3378378378378244,1.3513513513513402
4374,Die Grünen,3134,19,0.0,0.0,5.532835467045995,0.0,0.0,1.0135135135135098,4.249644381223341,3.591749644381224,5.245376955903275,3.5384068278805074,10.50853485064011,6.063300142247513,0.6756756756756701,0.3378378378378386,0.6756756756756701,1.0135135135135087,2.0270270270270174,1.3513513513513544
3589,FDP,3134,19,1.0,1.0,2.8834755808440016,1.0,1.0,2.59009009009009,4.338549075391185,6.721194879089616,1.9203413940255984,0.5689900426742582,3.0049786628733983,0.7467994310099542,0.3378378378378244,2.0270270270270316,3.7162162162162176,2.0270270270270316,2.702702702702709,4.729729729729726
3797,Die Grünen,3134,19,1.0,0.0,5.571360834518729,0.0,1.0,3.3783783783783776,4.320768136557611,7.628022759601713,6.970128022759603,1.4224751066856385,5.618776671408241,7.46799431009957,1.0135135135135087,2.0270270270270245,2.7027027027026946,4.054054054054056,4.391891891891895,6.081081081081088
4496,FDP,3134,19,1.0,0.0,2.483404457088669,1.0,1.0,1.2387387387387416,0.6756756756756772,1.191322901849226,0.8179231863442382,3.805120910384062,8.12588904694168,0.2844950213371291,3.0405405405405475,1.0135135135135158,1.689189189189193,0.3378378378378386,1.0135135135135087,0.3378378378378457
4543,DIE LINKE,3134,19,1.0,0.0,3.7962304409672867,1.0,0.0,4.054054054054057,1.5647226173541924,0.9246088193456643,8.090327169274545,1.4224751066856385,3.236130867709818,7.539118065433861,3.7162162162162176,1.013513513513523,4.7297297297297405,4.391891891891888,4.729729729729726,5.743243243243249
2468,SPD,3134,19,1.0,0.0,4.614153627311523,0.0,1.0,1.4639639639639626,4.338549075391185,4.605263157894733,9.086059743954486,3.1116642958748244,0.9957325746799413,5.5476529160739645,3.378378378378372,0.0,1.0135135135135158,1.3513513513513473,1.689189189189186,1.3513513513513544
1472,CDU,3134,19,1.0,0.0,5.68397344713134,1.0,0.0,2.59009009009009,4.889758179231862,4.2496443812233196,6.418918918918912,3.1116642958748244,5.778805120910384,9.655049786628737,0.6756756756756772,3.0405405405405546,2.364864864864856,2.7027027027027017,1.0135135135135087,5.743243243243242
4879,CDU,3134,19,1.0,1.0,2.7056661925082977,1.0,0.0,1.7454954954954947,3.307254623044095,2.5248933143669916,1.546941678520632,2.5960170697012828,5.4765291607396875,0.7823613086770962,2.0270270270270174,1.3513513513513615,1.689189189189186,1.689189189189186,3.0405405405405403,0.6756756756756772
3884,CDU,3134,19,1.0,1.0,4.608226647700331,1.0,1.0,1.463963963963965,3.662873399715508,5.067567567567565,6.258890469416791,3.520625889046933,7.2368421052631575,1.902560455192031,0.3378378378378457,2.0270270270270316,1.0135135135135087,1.689189189189186,0.3378378378378386,3.378378378378379
2625,bunt.saar,3134,19,1.0,1.0,7.734708392603131,1.0,1.0,2.1396396396396384,0.7467994310099542,4.640825035561882,10.295163584637265,9.743954480796582,12.233285917496445,8.748221906116655,2.364864864864863,1.3513513513513473,2.7027027027026946,1.0135135135135087,2.702702702702709,2.702702702702709
4819,FDP,3134,19,0.0,1.0,4.175557136083452,0.0,1.0,6.531531531531531,2.3470839260312886,6.810099573257467,2.4182076813655797,7.254623044096725,2.151493598862025,4.071834992887624,4.729729729729719,7.770270270270274,8.108108108108112,2.364864864864863,7.770270270270267,8.445945945945951
2269,bunt.saar,3134,19,0.0,0.0,3.7251066856329964,0.0,1.0,2.0270270270270223,2.9694167852062563,5.51209103840683,0.3911806543385552,1.1557610241820626,6.650071123755325,5.672119487908951,1.689189189189186,3.378378378378379,3.7162162162162105,2.0270270270270174,0.3378378378378386,1.0135135135135016
4329,DIE LINKE,3134,19,1.0,0.0,4.08072546230441,1.0,0.0,1.5765765765765742,8.428165007112383,1.3157894736842124,1.866998577524896,5.8321479374110865,4.551920341394016,2.489331436699864,2.0270270270270316,2.7027027027026946,1.0135135135135087,0.6756756756756772,3.0405405405405332,0.0
3968,FDP,3134,19,1.0,1.0,4.735656709340921,1.0,1.0,2.308558558558556,3.769559032716927,4.9786628733997205,3.09388335704125,7.539118065433861,0.2133712660028415,8.819345661450924,2.0270270270270316,2.364864864864863,2.027027027027028,4.729729729729719,1.3513513513513473,1.3513513513513473
3095,CDU,3134,19,1.0,1.0,2.0625889046941643,1.0,1.0,2.421171171171172,3.1116642958748173,2.7382645803698438,1.5291607396870575,1.6714082503556114,2.578236130867701,0.7467994310099542,2.0270270270270316,2.702702702702709,3.378378378378379,0.3378378378378315,3.7162162162162176,2.364864864864863
4203,FDP,3134,19,1.0,1.0,5.432076813655762,1.0,1.0,2.5337837837837873,7.165718349928888,6.116642958748223,2.293741109530586,7.574679943100989,7.663584637268848,1.7780938833570374,0.6756756756756843,1.0135135135135158,1.689189189189186,3.7162162162162247,4.391891891891895,3.7162162162162176
1761,bunt.saar,3134,19,0.0,0.0,3.162043622569938,0.0,1.0,5.180180180180179,5.7254623044096675,1.2091038406827934,4.374110953058327,3.876244665718353,2.3470839260312957,1.4402560455191917,4.391891891891888,6.756756756756758,2.7027027027026946,7.432432432432435,5.743243243243249,4.054054054054049
906,CDU,3134,19,1.0,0.0,3.8258653390232347,1.0,0.0,2.984234234234235,2.3470839260312957,2.9871977240398238,1.6180654338549019,7.539118065433861,5.316500711237559,3.1472261735419664,1.6891891891891788,4.729729729729733,4.054054054054063,1.013513513513523,1.3513513513513473,5.067567567567565
3233,bunt.saar,3134,19,1.0,0.0,4.513394973921289,1.0,1.0,1.8018018018018012,0.8179231863442382,2.329302987197721,6.738975817923183,5.8321479374110865,5.0497866287340045,6.3122332859175,1.013513513513523,3.378378378378379,0.6756756756756772,0.3378378378378386,0.3378378378378244,5.067567567567565
1329,SPD,3134,19,1.0,0.0,2.871621621621621,1.0,1.0,1.5202702702702737,0.8179231863442382,5.529871977240397,3.556187766714082,1.1735419630156443,2.329302987197721,3.8229018492176436,4.054054054054056,0.6756756756756843,0.6756756756756843,2.364864864864863,0.6756756756756843,0.6756756756756701
4238,bunt.saar,3134,19,1.0,1.0,2.8894025604551934,1.0,1.0,2.139639639639641,0.3022759601707037,4.605263157894733,1.1735419630156514,2.364864864864863,7.325746799431002,1.5647226173542066,6.081081081081088,0.6756756756756772,0.0,4.054054054054049,1.0135135135135016,1.01351351351353
4532,CDU,3134,19,1.0,1.0,5.903271692745382,1.0,1.0,1.4639639639639672,4.978662873399728,8.748221906116648,3.876244665718353,4.9075391180654435,9.761735419630156,3.1472261735419664,0.6756756756756843,2.702702702702709,0.6756756756756843,1.689189189189186,2.7027027027027017,0.3378378378378386
5028,CDU,3134,19,0.0,0.0,3.153153153153152,1.0,0.0,3.265765765765765,2.187055476529153,1.5291607396870575,3.1827880512090942,4.12517780938834,6.54338549075392,1.3513513513513473,3.378378378378386,0.3378378378378386,6.081081081081074,2.0270270270270245,4.391891891891888,3.378378378378379
3629,CDU,3134,19,0.0,1.0,6.267780938833575,0.0,1.0,4.054054054054054,8.339260312944525,1.3335704125177799,3.307254623044102,12.606685633001426,7.361308677098158,4.658605974395456,0.0,3.7162162162162176,6.418918918918923,4.391891891891888,5.743243243243249,4.054054054054049
3812,CDU,3134,19,1.0,0.0,4.086652441915603,1.0,1.0,3.0405405405405417,2.8982930298719793,2.151493598862025,1.6358463726884764,7.503556187766712,5.369843527738269,4.960881934566153,3.0405405405405475,2.364864864864863,5.4054054054054035,0.3378378378378386,1.0135135135135087,6.081081081081088
1326,DIE LINKE,3134,19,1.0,0.0,3.4109767662399264,1.0,0.0,3.209459459459462,1.4935988620199083,2.9694167852062634,6.934566145092461,0.16002844950213557,5.689900426742533,3.2183499288762576,4.729729729729733,0.0,2.7027027027026946,4.391891891891902,3.378378378378379,4.054054054054063
5059,DIE LINKE,3134,19,0.0,1.0,3.4702465623518286,0.0,0.0,2.5337837837837847,3.165007112375541,3.9118065433855023,6.241109530583209,1.5291607396870575,4.071834992887624,1.902560455192038,4.391891891891888,0.0,2.0270270270270245,3.0405405405405475,2.0270270270270316,3.7162162162162176
2169,CDU,3134,19,1.0,1.0,2.00035561877667,1.0,1.0,5.349099099099096,5.494310099573255,1.689189189189186,0.9957325746799413,0.5512091038406766,0.8712660028449548,2.400426742532005,4.729729729729726,5.405405405405411,3.0405405405405332,9.797297297297291,3.7162162162162105,5.4054054054054035
4136,FDP,3134,19,1.0,1.0,2.4478425794215255,1.0,1.0,2.53378378378378,3.3605974395447973,0.142247510668561,2.080369843527734,4.249644381223334,1.8847795163584635,2.9694167852062634,6.0810810810810665,2.7027027027027017,0.3378378378378315,1.0135135135135158,4.729729729729726,0.3378378378378386
3507,CDU,3134,19,0.0,0.0,5.073494547178757,0.0,0.0,7.770270270270271,5.51209103840683,5.47652916073968,0.32005689900426404,12.713371266002838,5.174253200568991,1.2446657183499354,0.0,10.135135135135137,9.121621621621621,7.0945945945945965,12.162162162162154,8.10810810810812
233,CDU,3134,19,0.0,1.0,3.0701754385964883,0.0,1.0,1.1824324324324351,4.000711237553347,0.03556187766713492,2.507112375533424,4.089615931721191,6.169985775248925,1.618065433854909,0.6756756756756843,0.3378378378378457,1.0135135135135087,2.3648648648648702,1.0135135135135158,1.689189189189186
1355,CDU,3134,19,1.0,1.0,3.090919867235661,1.0,1.0,1.520270270270269,3.9651493598862118,1.262446657183503,0.5156472261735487,4.925320056899011,4.463015647226179,3.413940256045514,0.3378378378378315,1.013513513513523,1.3513513513513473,3.0405405405405403,1.689189189189186,1.689189189189186
2554,CDU,3134,19,1.0,0.0,2.284850640113801,1.0,0.0,3.2657657657657637,3.7517780938833525,2.7204836415362763,3.44950213371267,0.1955903271692847,1.795874822190612,1.795874822190612,3.378378378378372,4.054054054054056,4.054054054054042,0.6756756756756701,3.378378378378379,4.054054054054063
4833,Die Grünen,3134,19,1.0,1.0,4.765291607396869,1.0,1.0,2.7590090090090107,0.23115220483641252,5.974395448079662,5.938833570412527,0.5334281650071091,10.081792318634413,5.832147937411094,2.3648648648648702,2.702702702702709,3.378378378378372,2.0270270270270316,3.378378378378372,2.702702702702709
2501,Die Grünen,3134,19,1.0,0.0,5.04682313892841,1.0,1.0,2.759009009009013,1.475817923186355,1.760312944523477,4.747510668563301,4.711948790896166,12.606685633001433,4.978662873399728,4.391891891891902,4.054054054054049,2.0270270270270316,0.6756756756756772,3.378378378378386,2.0270270270270316
4894,bunt.saar,3134,19,1.0,0.0,5.055713608345183,1.0,0.0,2.195945945945946,2.0625889046941666,6.1877667140825,6.845661450924595,0.8890469416785152,7.574679943100989,6.7745376955903325,3.378378378378379,2.0270270270270316,2.3648648648648702,1.0135135135135087,1.3513513513513544,3.0405405405405332
845,CDU,3134,19,1.0,1.0,2.6286154575628253,1.0,0.0,2.421171171171172,1.2802275960170775,4.160739687055475,4.711948790896166,0.07112375533427695,2.4537695590327075,3.09388335704125,3.0405405405405546,0.6756756756756701,2.7027027027027017,1.0135135135135087,3.378378378378379,3.7162162162162176
77,DIE LINKE,3134,19,1.0,1.0,3.6184210526315845,0.0,1.0,1.0135135135135112,3.6806543385490826,1.4758179231863409,6.027738264580378,4.142958748221908,3.9651493598862118,2.418207681365587,0.3378378378378244,0.6756756756756772,0.0,0.3378378378378386,1.689189189189193,3.0405405405405332
223,FDP,3134,19,1.0,1.0,3.6569464201043154,1.0,1.0,0.9009009009008994,7.503556187766712,1.9914651493598896,2.4182076813655797,4.445234708392604,5.352062588904694,0.23115220483641252,1.013513513513523,0.6756756756756772,1.0135135135135087,1.6891891891891788,0.6756756756756701,0.3378378378378386
3687,CDU,3134,19,1.0,0.0,2.7619724988146026,1.0,0.0,2.5900900900900887,0.40896159317210845,2.1337126600284577,3.4672830725462234,4.534139402560456,4.160739687055475,1.866998577524896,0.3378378378378386,3.378378378378372,4.054054054054063,1.0135135135135087,3.7162162162162105,3.0405405405405403
869,FDP,3134,19,1.0,1.0,6.104788999525841,1.0,1.0,6.86936936936937,0.23115220483641252,2.8271692745377024,8.232574679943106,2.00924608819345,13.655761024182077,9.672830725462298,4.729729729729726,8.108108108108112,9.45945945945946,5.405405405405411,5.743243243243242,7.770270270270267
4859,FDP,3134,19,0.0,1.0,3.6688003793266986,0.0,0.0,2.027027027027026,0.9601706970128063,9.050497866287344,0.6578947368421098,4.320768136557611,4.569701280227605,2.4537695590327147,4.391891891891881,0.6756756756756772,3.378378378378379,1.3513513513513402,0.6756756756756843,1.689189189189193
1757,FDP,3134,19,1.0,1.0,1.6684447605500239,1.0,1.0,1.8018018018017976,2.0625889046941595,3.44950213371267,2.044807965860592,1.4580369843527734,0.053342816500716594,0.9423897581792318,1.0135135135135016,2.364864864864856,0.6756756756756843,1.3513513513513402,2.364864864864863,3.0405405405405403
2028,Die Grünen,3134,19,0.0,1.0,6.487079184447604,1.0,1.0,2.421171171171167,0.604551920341386,7.805832147937409,8.997155049786642,4.694167852062591,6.650071123755325,10.170697012802272,2.7027027027026946,1.3513513513513473,2.702702702702709,3.378378378378379,2.7027027027026946,1.6891891891891788
4691,Die Grünen,3134,19,0.0,0.0,6.638217164532949,0.0,1.0,1.069819819819821,6.3122332859175,2.43598862019914,7.859174964438111,2.9694167852062563,13.05120910384067,7.2012802275960155,1.689189189189193,0.3378378378378386,0.3378378378378386,3.0405405405405403,0.3378378378378386,0.6756756756756772
3224,Die Grünen,3134,19,0.0,0.0,2.844950213371264,0.0,0.0,4.2229729729729755,0.4800853485063925,7.716927453769557,0.9423897581792318,2.489331436699864,0.37339971550497353,5.067567567567565,0.3378378378378386,0.0,6.081081081081088,5.405405405405411,7.432432432432428,6.081081081081088
2903,Die Grünen,3134,19,1.0,0.0,4.388928402086301,1.0,0.0,3.6599099099099086,2.560455192034155,2.951635846372696,3.7339971550497992,3.09388335704125,6.987908961593163,7.005689900426745,2.0270270270270174,1.3513513513513473,4.054054054054063,2.3648648648648702,5.4054054054054035,6.756756756756751
4712,FDP,3134,19,0.0,0.0,4.45708866761498,0.0,1.0,3.434684684684683,1.973684210526315,3.7517780938833525,7.610241820768138,6.0099573257467895,2.00924608819345,5.387624466571836,4.054054054054063,1.0135135135135087,5.4054054054054035,1.3513513513513402,4.391891891891888,4.391891891891895
5130,FDP,3134,19,1.0,1.0,7.687292555713607,1.0,1.0,1.0135135135135158,5.494310099573248,6.116642958748223,7.076813655761029,8.321479374110943,8.32147937411095,10.793029871977247,1.013513513513523,0.6756756756756772,1.689189189189186,0.3378378378378386,1.3513513513513544,1.0135135135135158
3901,FDP,3134,19,1.0,0.0,3.4939544807965857,1.0,1.0,1.4076576576576574,2.9871977240398238,5.7610241820768096,1.831436699857754,1.8136557610241795,7.94807965860598,0.6223328591749677,2.0270270270270245,0.6756756756756772,1.3513513513513544,2.3648648648648702,0.6756756756756701,1.3513513513513473
501,FDP,3134,19,1.0,0.0,5.915125651967762,1.0,1.0,1.5765765765765813,10.419630156472259,0.3911806543385552,5.93883357041252,3.7339971550497992,11.610953058321485,3.3961593172119535,0.3378378378378386,1.013513513513523,0.3378378378378386,1.3513513513513686,4.391891891891895,2.0270270270270245
1020,CDU,3134,19,1.0,0.0,7.168681839734471,1.0,0.0,2.7027027027027053,4.19630156472261,6.383357041251777,6.721194879089616,7.805832147937409,14.527027027027032,3.378378378378379,3.7162162162162176,0.3378378378378386,4.391891891891895,2.0270270270270316,3.0405405405405475,2.7027027027027017
1643,Die Grünen,3134,19,1.0,0.0,5.417259364627789,1.0,0.0,2.421171171171172,6.827880512091042,1.0312944523470833,5.849928876244675,0.7467994310099613,10.046230440967285,8.001422475106686,3.0405405405405475,2.3648648648648702,1.689189189189186,3.7162162162162176,1.689189189189186,2.0270270270270245
3043,bunt.saar,3134,19,0.0,0.0,6.341868183973445,0.0,1.0,3.828828828828828,1.4580369843527734,2.0270270270270316,9.334992887624459,7.21906116642959,9.95732574679942,8.054765291607396,3.7162162162162176,1.689189189189193,3.0405405405405332,6.418918918918919,3.0405405405405332,5.067567567567572
3950,CDU,3134,19,0.0,0.0,5.550616405879563,0.0,1.0,2.59009009009009,5.494310099573248,6.276671408250351,5.921052631578952,0.7645803698435216,10.277382645803698,4.569701280227605,4.391891891891895,0.3378378378378315,2.364864864864863,5.4054054054054035,0.3378378378378457,2.7027027027027017
3742,FDP,3134,19,1.0,1.0,5.879563774300618,1.0,1.0,6.981981981981981,4.249644381223341,6.045519203413939,6.116642958748223,3.94736842105263,11.753200568990046,3.165007112375534,3.378378378378379,6.081081081081074,8.445945945945951,7.770270270270274,9.45945945945946,6.756756756756751
217,CDU,3134,19,1.0,0.0,2.7501185395922207,1.0,0.0,1.407657657657656,2.258179231863444,1.191322901849226,2.8449502133712556,3.8584637268847715,4.42745376955903,1.9203413940255984,1.689189189189186,2.7027027027026946,0.0,2.3648648648648702,0.0,1.689189189189186
482,bunt.saar,3134,19,1.0,0.0,5.624703651019437,1.0,0.0,1.5765765765765767,3.7517780938833525,4.42745376955903,9.459459459459467,3.6450924608819406,10.739687055476516,1.7247510668563137,0.3378378378378386,0.0,3.0405405405405475,1.013513513513523,3.0405405405405332,2.0270270270270174
4810,CDU,3134,19,1.0,0.0,2.690848743480321,1.0,0.0,1.5202702702702737,3.449502133712656,0.8179231863442382,1.0490753911806578,2.044807965860592,5.778805120910384,3.0049786628733983,0.3378378378378386,1.3513513513513473,0.6756756756756843,1.6891891891892072,2.0270270270270316,3.0405405405405332
4740,CDU,3134,19,1.0,0.0,1.872925557136084,0.0,1.0,1.2950450450450421,0.03556187766713492,2.6137980085348573,7.716927453769557,0.017780938833574567,0.6934566145092447,0.16002844950213557,1.013513513513523,0.3378378378378315,2.0270270270270245,4.054054054054049,0.0,0.3378378378378244
4927,bunt.saar,3134,19,0.0,1.0,6.818990042674255,0.0,1.0,2.5337837837837824,6.152204836415365,1.2802275960170704,6.810099573257467,8.428165007112383,11.664295874822194,6.578947368421048,1.0135135135135087,0.3378378378378386,3.7162162162162176,2.0270270270270316,3.378378378378372,4.729729729729726
4375,FDP,3134,19,0.0,1.0,2.9842342342342376,1.0,1.0,3.6036036036036023,6.009957325746804,3.271692745376953,1.2091038406827934,3.8229018492176436,2.3115220483641536,1.2802275960170775,2.702702702702709,2.702702702702709,4.391891891891888,6.081081081081074,2.0270270270270245,3.7162162162162105
1153,FDP,3134,19,0.0,0.0,4.531175912754862,0.0,0.0,4.166666666666665,10.277382645803698,7.503556187766712,0.8712660028449548,0.5156472261735487,7.681365576102422,0.3378378378378386,1.689189189189186,7.432432432432435,5.743243243243235,1.689189189189193,4.391891891891888,4.054054054054056
3169,bunt.saar,3134,19,1.0,0.0,6.5256045519203445,1.0,1.0,1.7454954954954935,1.6002844950213415,2.1692745376955855,8.534850640113788,4.3029871977240575,15.433854907539114,7.112375533428178,1.689189189189193,3.378378378378372,1.0135135135135158,3.040540540540526,1.0135135135135158,0.3378378378378386
5180,CDU,3134,19,1.0,0.0,5.117946894262683,1.0,1.0,2.083333333333337,3.7339971550497992,8.232574679943106,2.8449502133712556,6.845661450924595,5.2275960170697005,3.8229018492176436,3.378378378378393,2.0270270270270245,1.3513513513513544,2.7027027027026946,1.013513513513523,2.0270270270270316
1464,FDP,3134,19,0.0,1.0,2.5041488857278345,1.0,1.0,2.139639639639642,0.3911806543385552,2.507112375533424,2.329302987197721,4.551920341394016,1.333570412517787,3.9118065433855023,2.702702702702709,4.054054054054056,0.3378378378378315,3.0405405405405403,1.689189189189193,1.013513513513523
3911,CDU,3134,19,1.0,1.0,5.2068515884305375,1.0,0.0,2.759009009009007,1.689189189189186,6.827880512091042,5.5476529160739645,1.4224751066856385,10.330725462304407,5.423186344238985,3.0405405405405332,0.0,4.054054054054056,4.391891891891888,3.0405405405405332,2.0270270270270316
5027,CDU,3134,19,0.0,1.0,4.741583688952112,1.0,1.0,1.914414414414414,5.849928876244675,2.2048364153627347,2.2048364153627347,6.294452347083919,8.428165007112383,3.4672830725462234,2.0270270270270174,2.0270270270270316,1.3513513513513473,3.0405405405405403,1.0135135135135158,2.0270270270270316
1151,FDP,3134,19,1.0,1.0,4.889758179231862,0.0,1.0,13.006756756756758,8.926031294452336,0.8534850640113838,6.721194879089619,4.694167852062591,3.59174964438121,4.55192034139403,4.391891891891881,17.229729729729726,14.86486486486486,7.770270270270281,13.851351351351362,19.932432432432428
2151,SPD,3134,19,0.0,1.0,3.339853010905646,1.0,0.0,1.689189189189192,0.9246088193456643,3.6806543385490826,5.636557610241823,0.8179231863442382,6.703413940256041,2.275960170697026,1.3513513513513615,0.3378378378378386,2.3648648648648702,0.3378378378378457,1.3513513513513544,4.391891891891881
3867,bunt.saar,3134,19,1.0,0.0,6.1255334281650065,1.0,0.0,0.6756756756756737,2.400426742532005,0.35561877667140607,10.259601706970138,4.018492176386914,13.886913229018482,5.832147937411094,0.3378378378378386,1.013513513513523,0.3378378378378244,0.6756756756756701,1.3513513513513473,0.3378378378378386
2019,Die Grünen,3134,19,0.0,0.0,7.470957799905168,0.0,0.0,6.306306306306308,1.1379800853485094,7.414651493598868,11.575391180654336,1.3157894736842124,10.561877667140813,12.820056899004271,5.4054054054054035,1.3513513513513544,10.135135135135144,5.067567567567565,7.432432432432435,8.445945945945944
3284,CDU,3134,19,1.0,0.0,3.058321479374108,1.0,0.0,1.970720720720724,3.698435277382636,3.805120910384062,2.0625889046941666,7.805832147937409,0.7467994310099613,0.23115220483641252,1.689189189189186,2.702702702702709,2.3648648648648702,1.0135135135135158,2.0270270270270316,2.0270270270270316
749,Die Grünen,3134,19,1.0,1.0,9.00604551920341,1.0,1.0,3.322072072072075,1.9203413940255984,11.130867709815078,11.21977240398293,2.187055476529153,15.753911806543378,11.824324324324323,4.054054054054063,0.3378378378378457,4.729729729729726,2.364864864864863,4.729729729729726,3.7162162162162247
4112,Die Grünen,3134,19,1.0,1.0,5.8321479374110945,1.0,1.0,1.9144144144144175,2.293741109530586,2.9871977240398238,5.796586059743959,3.485064011379805,10.899715504978658,9.530583214793737,2.3648648648648702,2.0270270270270245,3.0405405405405475,1.0135135135135158,2.0270270270270316,1.0135135135135158
2253,CDU,3134,19,1.0,0.0,5.266121384542433,1.0,1.0,1.7454954954954924,2.3470839260312957,7.414651493598868,3.9295874822190555,2.5248933143669916,8.534850640113788,6.845661450924595,2.0270270270270174,1.0135135135135158,1.689189189189193,0.6756756756756772,2.0270270270270174,3.0405405405405332
4677,CDU,3134,19,1.0,0.0,6.030701754385963,0.0,1.0,6.024774774774773,3.94736842105263,6.294452347083919,3.6450924608819335,3.236130867709818,17.86984352773826,1.1913229018492189,0.3378378378378386,3.378378378378372,9.121621621621614,6.4189189189189335,9.459459459459453,7.432432432432428
4291,bunt.saar,3134,19,1.0,0.0,3.653982930298721,1.0,0.0,8.38963963963964,8.30369843527739,1.404694167852064,1.3157894736842124,5.4054054054054035,1.0668563300142253,4.42745376955903,10.810810810810814,7.770270270270274,7.770270270270274,7.094594594594589,10.135135135135137,6.756756756756751
2246,Die Grünen,3134,19,0.0,0.0,8.685988620199145,1.0,1.0,2.815315315315312,4.658605974395456,4.818634423897571,13.068990042674258,1.7069701280227534,14.63371266002845,13.22901849217638,1.3513513513513544,2.364864864864863,5.067567567567565,2.0270270270270245,4.054054054054049,2.0270270270270174
4088,CDU,3134,19,1.0,0.0,4.720839260312949,1.0,1.0,0.9572072072072105,0.4445234708392718,6.276671408250358,4.623044096728307,1.0490753911806578,9.77951635846373,6.152204836415365,1.6891891891892072,1.0135135135135087,1.0135135135135158,1.0135135135135087,0.0,1.013513513513523
680,bunt.saar,3134,19,0.0,1.0,3.0583214793741056,0.0,1.0,1.1824324324324327,3.5384068278805074,1.7780938833570303,4.605263157894733,2.5960170697012828,0.0889046941678373,5.743243243243242,1.0135135135135158,0.6756756756756772,2.3648648648648702,0.3378378378378386,1.3513513513513544,1.3513513513513402
1907,Die Grünen,3134,19,0.0,0.0,5.624703651019444,0.0,1.0,1.0698198198198188,1.6358463726884764,4.996443812233288,8.943812233285925,0.23115220483641252,13.975817923186348,3.9651493598862118,1.0135135135135158,0.0,1.0135135135135158,1.3513513513513473,1.0135135135135158,2.0270270270270174
2268,FDP,3134,19,0.0,1.0,4.8956851588430546,1.0,1.0,1.5202702702702702,2.9338549075391214,3.2894736842105345,5.174253200568991,11.539829302987194,1.1557610241820768,5.28093883357041,3.0405405405405403,1.0135135135135087,0.3378378378378386,2.364864864864863,2.0270270270270316,0.3378378378378386
1611,SPD,3134,19,0.0,0.0,5.6128496917970585,0.0,0.0,2.5337837837837824,5.654338549075405,7.788051209103841,1.9559032716927405,0.21337126600283796,10.561877667140813,7.503556187766712,4.7297297297297405,1.0135135135135087,0.6756756756756701,3.7162162162162176,3.0405405405405332,2.0270270270270245
3502,CDU,3134,19,1.0,0.0,4.350403034613557,1.0,0.0,0.7882882882882866,0.0889046941678373,6.667852062588906,3.5384068278805074,1.8492176386913215,7.841394025604551,6.116642958748223,0.0,1.0135135135135158,0.6756756756756701,1.3513513513513473,1.3513513513513473,0.3378378378378386
750,FDP,3134,19,1.0,1.0,2.477477477477477,1.0,1.0,1.970720720720723,5.209815078236119,4.729729729729726,1.404694167852064,1.2980085348506378,0.8534850640113874,1.369132290184929,2.0270270270270316,1.3513513513513615,2.0270270270270245,3.378378378378386,1.689189189189186,1.3513513513513473
2677,FDP,3134,19,1.0,0.0,2.9575628259838838,1.0,1.0,4.39189189189189,2.1337126600284577,5.58321479374111,2.4537695590327218,0.2844950213371291,6.934566145092475,0.3556187766714096,3.7162162162162176,3.0405405405405403,4.391891891891888,7.770270270270267,2.7027027027026946,4.729729729729733
4902,CDU,3134,19,0.0,0.0,5.387624466571835,0.0,1.0,1.9707207207207216,11.290896159317214,5.1920341394025655,6.347795163584635,1.0846372688477857,3.2894736842105274,5.1209103840682815,0.0,1.3513513513513473,2.7027027027027017,3.0405405405405475,2.0270270270270316,2.7027027027027017
206,SPD,3134,19,0.0,0.0,5.061640587956377,0.0,0.0,3.4346846846846844,0.8534850640113874,5.636557610241816,7.112375533428171,1.404694167852064,6.0099573257467895,9.352773826458034,5.743243243243242,0.6756756756756772,3.378378378378379,2.0270270270270316,4.391891891891881,4.391891891891895
1549,FDP,3134,19,1.0,0.0,5.603959222380275,1.0,1.0,3.885135135135138,4.960881934566139,4.516358463726888,4.836415362731152,6.703413940256041,8.410384068278809,4.196301564722617,1.013513513513523,3.0405405405405403,7.0945945945945965,2.3648648648648702,5.405405405405411,4.391891891891888
440,bunt.saar,3134,19,1.0,1.0,6.525604551920339,1.0,1.0,1.126126126126124,2.0625889046941666,4.729729729729726,9.743954480796589,2.2403982930298696,13.193456614509252,7.183499288762434,1.3513513513513473,0.3378378378378386,1.689189189189193,0.3378378378378315,1.3513513513513544,1.6891891891891788
1390,bunt.saar,3134,19,1.0,0.0,5.713608345187295,1.0,1.0,1.9144144144144128,3.627311522048373,0.2489331436700013,8.499288762446653,4.42745376955903,10.419630156472252,7.059032716927462,3.378378378378379,1.689189189189193,1.6891891891891788,0.3378378378378386,2.0270270270270174,2.3648648648648702
2647,CDU,3134,19,1.0,0.0,2.5811996206733014,1.0,0.0,6.137387387387387,0.8001422475106708,0.3378378378378386,4.676386913229017,5.565433854907525,1.3869132290184893,2.720483641536269,3.378378378378372,7.432432432432435,9.121621621621614,3.0405405405405546,7.432432432432428,6.418918918918919
3152,FDP,3134,19,0.0,0.0,3.9858937885253702,0.0,1.0,2.1396396396396384,1.9381223328591872,2.0981507823613086,0.40896159317212266,9.530583214793744,7.254623044096725,2.6849217638691343,3.0405405405405403,0.6756756756756701,3.378378378378379,0.6756756756756772,3.7162162162162176,1.3513513513513473
1948,bunt.saar,3134,19,1.0,0.0,4.937174016121381,1.0,1.0,1.970720720720723,3.378378378378379,1.0668563300142182,6.881223328591744,0.142247510668561,11.16642958748222,6.987908961593163,2.7027027027027017,2.0270270270270316,1.0135135135135158,4.391891891891895,1.689189189189193,0.0
3234,bunt.saar,3134,19,1.0,0.0,2.9486723565670943,1.0,1.0,1.8018018018017987,0.5689900426742511,1.6002844950213486,5.583214793741114,0.9779516358463738,6.507823613086771,2.4537695590327075,1.0135135135135087,2.7027027027026946,2.3648648648648702,1.3513513513513473,2.364864864864856,1.0135135135135158
2535,CDU,3134,19,1.0,0.0,3.348743480322424,1.0,0.0,4.504504504504503,3.7517780938833525,2.293741109530579,4.302987197724036,0.49786628733995997,8.997155049786628,0.2489331436699871,7.432432432432435,6.081081081081074,0.3378378378378386,8.445945945945944,2.0270270270270245,2.7027027027027017
2103,CDU,3134,19,1.0,0.0,5.79362256993836,0.0,0.0,2.5337837837837838,2.8982930298719793,5.8321479374110865,9.40611664295875,5.778805120910384,8.748221906116648,2.0981507823613086,0.3378378378378386,1.3513513513513473,1.689189189189186,4.054054054054056,1.689189189189186,6.081081081081088
2273,bunt.saar,3134,19,1.0,1.0,2.723447131341865,1.0,1.0,3.3220720720720727,3.7873399715504945,1.4224751066856385,2.400426742531998,3.662873399715501,2.6315789473684177,2.43598862019914,4.391891891891902,2.0270270270270316,1.6891891891891788,9.797297297297291,0.0,2.0270270270270316
4339,bunt.saar,3134,19,1.0,1.0,5.037932669511616,1.0,1.0,6.249999999999997,1.2091038406827934,5.067567567567565,6.009957325746797,3.271692745376953,7.912517780938828,6.756756756756758,7.770270270270267,1.0135135135135016,7.094594594594582,8.108108108108105,5.067567567567579,8.445945945945951
2540,FDP,3134,19,1.0,1.0,2.3885727833096255,0.0,1.0,2.5337837837837895,0.35561877667140607,2.6671408250355597,3.2183499288762505,2.0625889046941595,0.17780938833571014,5.849928876244668,3.378378378378393,0.3378378378378386,5.067567567567565,0.6756756756756914,0.0,5.743243243243249
2556,bunt.saar,3134,19,0.0,0.0,5.802513039355145,0.0,0.0,3.4909909909909884,1.0312944523470833,1.653627311522051,6.330014224751068,2.951635846372696,14.527027027027032,8.321479374110943,3.0405405405405332,1.689189189189186,3.0405405405405332,1.0135135135135087,6.081081081081088,6.081081081081081
3212,FDP,3134,19,0.0,0.0,6.798245614035085,1.0,1.0,5.743243243243245,0.1422475106685539,2.0981507823613086,15.878378378378379,9.157183499288756,5.7610241820768096,7.752489331436703,3.378378378378379,5.743243243243242,8.783783783783782,1.013513513513523,6.756756756756758,8.783783783783779
123,CDU,3134,19,0.0,0.0,2.7204836415362728,1.0,0.0,4.166666666666664,0.8357041251778057,2.0625889046941666,3.805120910384062,3.0405405405405403,3.9651493598862046,2.6137980085348573,5.405405405405411,4.729729729729726,2.0270270270270316,5.067567567567565,2.0270270270270174,5.743243243243235
4407,SPD,3134,19,0.0,0.0,4.67045993361783,0.0,0.0,1.2950450450450444,2.8982930298719793,1.9914651493598896,8.232574679943106,2.293741109530579,8.60597439544808,4.000711237553347,0.6756756756756701,1.3513513513513544,1.0135135135135087,2.7027027027027017,0.0,2.0270270270270316
4523,bunt.saar,3134,19,1.0,0.0,6.4663347558084405,0.0,0.0,9.346846846846848,2.4182076813655797,0.1955903271692847,10.56187766714082,1.6358463726884764,15.291607396870546,8.694879089615938,8.445945945945944,0.3378378378378386,11.486486486486484,10.472972972972975,10.472972972972975,14.86486486486487
10,bunt.saar,3134,19,1.0,1.0,4.723802750118536,1.0,1.0,1.9144144144144128,10.170697012802268,3.165007112375534,1.3869132290184751,1.7425320056899025,9.708392603129454,2.1692745376955855,4.7297297297297405,2.7027027027026946,0.675675675675663,2.7027027027027017,0.6756756756756772,0.0
3759,Die Grünen,3134,19,0.0,0.0,5.366880037932667,1.0,1.0,1.6328828828828807,3.413940256045514,0.8534850640113874,9.334992887624459,1.653627311522051,5.6899004267425255,11.255334281650065,2.0270270270270316,3.0405405405405332,0.0,1.3513513513513473,1.0135135135135158,2.364864864864856
977,bunt.saar,3134,19,1.0,0.0,4.889758179231865,1.0,1.0,1.632882882882883,0.7645803698435216,1.2446657183499354,10.864153627311524,0.9246088193456643,9.51280227596017,6.027738264580378,0.6756756756756701,1.0135135135135158,3.378378378378372,1.3513513513513544,1.3513513513513544,2.0270270270270316
4084,CDU,3134,19,1.0,1.0,3.2302038880986252,0.0,1.0,1.4639639639639686,3.4317211948790884,3.271692745376953,0.10668563300141898,8.641536273115221,2.8271692745377024,1.1024182076813673,2.0270270270270316,0.0,2.0270270270270316,1.01351351351353,1.689189189189186,2.0270270270270316
1089,FDP,3134,19,1.0,1.0,6.101825509720246,1.0,1.0,1.3513513513513533,12.78449502133713,1.831436699857747,1.7425320056899025,6.347795163584628,12.037695590327168,1.8669985775249032,2.702702702702709,0.3378378378378386,2.7027027027027017,0.3378378378378386,1.0135135135135158,1.0135135135135158
2229,SPD,3134,19,1.0,0.0,6.380393551446183,1.0,1.0,2.702702702702703,3.44950213371267,2.2226173541963092,6.845661450924595,7.69914651493599,7.788051209103834,10.277382645803698,3.7162162162162176,3.0405405405405475,1.689189189189186,2.0270270270270316,4.729729729729726,1.0135135135135087
3905,SPD,3134,19,1.0,0.0,7.02643432906591,1.0,1.0,1.5765765765765754,6.401137980085352,8.659317211948789,7.734708392603132,7.165718349928888,3.271692745376953,8.926031294452343,1.3513513513513473,1.3513513513513473,2.0270270270270174,2.0270270270270316,1.0135135135135158,1.689189189189193
262,Die Grünen,3134,19,1.0,0.0,5.681009957325746,1.0,0.0,2.0270270270270268,6.258890469416791,7.361308677098151,1.4935988620199083,2.329302987197721,13.709103840682786,2.9338549075391214,4.729729729729726,2.0270270270270316,0.6756756756756772,2.702702702702709,1.689189189189186,0.3378378378378315
3469,Die Grünen,3134,19,1.0,0.0,2.975343764817451,1.0,1.0,1.6328828828828865,5.778805120910384,0.49786628733995997,1.2091038406827934,0.5334281650071233,7.02347083926032,2.809388335704128,2.0270270270270245,1.3513513513513615,1.3513513513513615,2.0270270270270316,1.3513513513513473,1.689189189189193
1294,FDP,3134,19,1.0,0.0,3.3398530109056437,0.0,1.0,2.59009009009009,3.2183499288762576,2.9871977240398238,1.973684210526315,2.2403982930298625,7.1301564722617385,2.489331436699864,2.364864864864856,2.702702702702709,2.0270270270270316,2.0270270270270316,2.0270270270270174,4.391891891891895
2381,FDP,3134,19,1.0,0.0,4.080725462304408,1.0,0.0,2.0270270270270268,3.2894736842105345,2.187055476529153,4.480796586059739,5.334281650071119,5.049786628733997,4.142958748221908,4.054054054054063,0.6756756756756772,0.3378378378378386,4.054054054054049,2.364864864864863,0.6756756756756701
2896,FDP,3134,19,1.0,1.0,1.9499762920815538,1.0,1.0,3.6036036036035988,3.0049786628733983,1.9203413940255984,3.342816500711244,0.8001422475106637,2.0981507823613086,0.5334281650071091,4.391891891891881,6.081081081081074,1.689189189189186,1.0135135135135016,3.7162162162162176,4.729729729729733
1028,FDP,3134,19,1.0,0.0,3.0583214793741043,1.0,0.0,1.8018018018018036,2.3115220483641536,3.1294452347083777,2.4537695590327075,3.3605974395447973,2.1692745376955855,4.925320056899004,3.0405405405405332,3.0405405405405475,1.3513513513513473,1.6891891891892072,1.0135135135135087,0.6756756756756772
4804,bunt.saar,3134,19,0.0,1.0,7.998458985301093,1.0,1.0,2.7590090090090094,8.108108108108105,2.7738264580369787,9.459459459459467,2.8271692745377024,14.49146514935989,10.330725462304414,1.689189189189193,0.3378378378378386,2.702702702702709,2.7027027027027017,3.378378378378372,5.743243243243242
1887,FDP,3134,19,0.0,0.0,6.125533428165006,0.0,0.0,2.364864864864861,0.017780938833574567,6.294452347083919,5.298719772403977,4.356330014224746,17.229729729729726,3.556187766714089,2.7027027027026946,1.0135135135135087,1.689189189189186,1.0135135135135016,5.743243243243242,2.0270270270270316
2061,CDU,3134,19,1.0,0.0,5.56247036510194,1.0,1.0,2.2522522522522492,3.698435277382636,5.921052631578952,4.818634423897571,5.814366998577526,5.885490753911803,7.23684210526315,3.0405405405405332,0.3378378378378386,2.0270270270270174,1.0135135135135087,3.378378378378379,3.7162162162162176
1463,CDU,3134,19,1.0,1.0,2.7323376007586546,1.0,1.0,2.1959459459459487,0.7823613086770962,2.7916073968705533,6.454480796586054,4.302987197724043,0.46230440967283215,1.6002844950213486,1.0135135135135158,2.0270270270270174,3.0405405405405475,0.6756756756756843,2.3648648648648702,4.054054054054056
2404,FDP,3134,19,1.0,1.0,4.160739687055479,1.0,1.0,1.7454954954954935,9.157183499288756,0.5334281650071233,4.534139402560456,3.627311522048373,6.454480796586054,0.6578947368421098,3.0405405405405332,3.378378378378379,0.6756756756756701,2.3648648648648702,0.6756756756756701,0.3378378378378386
4089,DIE LINKE,3134,19,0.0,0.0,6.810099573257464,0.0,0.0,5.4617117117117076,0.6756756756756772,3.0405405405405332,10.864153627311524,2.6671408250355597,14.740398293029862,8.872688477951627,3.0405405405405475,3.378378378378372,6.756756756756751,4.054054054054042,8.108108108108098,7.432432432432435
2750,CDU,3134,19,0.0,1.0,2.8242057847320985,1.0,0.0,2.1396396396396398,6.169985775248925,5.992176386913222,0.9957325746799484,0.23115220483641252,0.9068278805120897,2.6493598862019923,3.0405405405405403,1.3513513513513615,1.3513513513513473,5.743243243243242,0.6756756756756772,0.6756756756756701
4473,FDP,3134,19,0.0,1.0,5.8054765291607415,1.0,1.0,1.7454954954954978,0.053342816500716594,6.9523470839260355,2.5604551920341407,10.633001422475111,6.294452347083919,8.339260312944525,0.3378378378378386,2.0270270270270245,2.027027027027028,0.6756756756756914,2.0270270270270245,3.378378378378379
1785,Die Grünen,3134,19,1.0,0.0,7.933262209578,1.0,0.0,2.759009009009013,2.578236130867701,8.481507823613093,6.667852062588906,9.263869132290182,11.113086770981518,9.495021337126602,4.391891891891902,1.013513513513523,2.3648648648648702,4.391891891891902,2.0270270270270174,2.364864864864863
2563,bunt.saar,3134,19,1.0,1.0,4.869013750592696,1.0,1.0,1.0698198198198199,3.4317211948790884,0.9068278805120968,4.089615931721191,1.831436699857747,13.744665718349935,5.209815078236119,1.0135135135135087,0.3378378378378386,0.6756756756756772,0.6756756756756772,0.3378378378378457,3.378378378378372
1380,SPD,3134,19,0.0,0.0,9.1364390706496,0.0,0.0,4.110360360360365,4.783072546230443,5.903271692745371,10.91749644381224,2.3826458036984377,18.616642958748223,12.215504978662878,2.7027027027027017,0.6756756756756772,4.7297297297297405,1.3513513513513544,9.797297297297305,5.405405405405411
923,Die Grünen,3134,19,0.0,0.0,4.732693219535321,1.0,1.0,1.069819819819821,2.9871977240398238,3.4672830725462234,6.223328591749635,1.440256045519206,10.739687055476516,3.5384068278805216,1.3513513513513615,1.689189189189193,1.0135135135135158,1.0135135135135158,1.0135135135135016,0.3378378378378386
372,CDU,3134,19,1.0,1.0,2.284850640113799,1.0,1.0,4.448198198198199,4.907539118065436,4.12517780938834,0.017780938833574567,2.4537695590327075,1.2446657183499283,0.9601706970128063,4.391891891891895,2.364864864864863,4.729729729729726,5.067567567567572,6.418918918918919,3.7162162162162176
5125,bunt.saar,3134,19,1.0,0.0,3.3457799905168266,1.0,0.0,2.477477477477477,1.262446657183503,2.7027027027026946,5.209815078236119,6.490042674253196,2.293741109530579,2.115931721194869,0.3378378378378457,5.405405405405389,2.702702702702709,0.6756756756756772,4.054054054054049,1.689189189189193
4255,DIE LINKE,3134,19,0.0,1.0,4.394855381697485,0.0,1.0,3.490990990990992,2.7382645803698438,3.4672830725462234,1.7425320056899025,1.795874822190612,13.95803698435277,2.6671408250355597,3.7162162162162176,1.689189189189186,3.7162162162162176,5.067567567567572,2.7027027027027017,4.054054054054056
7,Die Grünen,3134,19,0.0,0.0,6.404101469890944,0.0,1.0,2.5900900900900914,4.374110953058327,1.7425320056899025,7.556899004267429,2.86273115220483,13.904694167852064,7.983641536273112,4.391891891891888,1.0135135135135087,4.729729729729726,2.702702702702709,0.6756756756756843,2.0270270270270316
3374,Die Grünen,3134,19,0.0,1.0,4.054054054054055,0.0,1.0,1.1261261261261228,0.3911806543385552,3.342816500711244,9.17496443812233,0.6578947368421026,1.9381223328591801,8.819345661450917,0.3378378378378386,0.675675675675663,0.3378378378378386,1.689189189189186,3.0405405405405475,0.675675675675663
1429,FDP,3134,19,1.0,1.0,3.1827880512091036,1.0,1.0,2.0833333333333335,4.160739687055475,5.28093883357041,0.8001422475106708,1.3335704125177799,6.347795163584642,1.1735419630156443,3.0405405405405475,1.689189189189193,1.689189189189186,2.364864864864856,2.0270270270270316,1.689189189189186
3442,FDP,3134,19,0.0,1.0,3.5680417259364625,1.0,1.0,1.6328828828828843,4.12517780938834,6.827880512091042,0.9957325746799413,4.551920341394016,3.342816500711244,1.5647226173541924,1.689189189189186,1.3513513513513544,2.0270270270270245,2.702702702702709,1.3513513513513544,0.6756756756756772
1851,SPD,3134,19,0.0,0.0,4.907539118065437,1.0,0.0,1.1824324324324327,7.82361308677099,3.7517780938833525,1.2980085348506378,4.054054054054056,7.948079658605984,4.569701280227605,0.3378378378378244,3.7162162162162176,0.6756756756756772,0.3378378378378386,1.3513513513513544,0.6756756756756843
4130,bunt.saar,3134,19,0.0,0.0,5.334281650071123,0.0,1.0,1.8581081081081063,0.9779516358463738,0.6045519203413932,6.596728307254622,5.049786628733997,9.850640113798008,8.926031294452343,2.364864864864856,3.378378378378372,0.0,0.3378378378378457,2.0270270270270174,3.0405405405405475
3449,SPD,3134,19,1.0,0.0,4.694167852062594,1.0,0.0,6.193693693693699,1.1379800853485094,5.796586059743959,6.436699857752494,2.5960170697012828,3.200568990042683,8.997155049786635,5.4054054054054035,1.3513513513513615,7.432432432432435,7.432432432432435,7.0945945945945965,8.445945945945958
1184,FDP,3134,19,1.0,1.0,5.814366998577519,1.0,0.0,1.689189189189187,5.174253200568991,7.254623044096725,5.156472261735409,10.295163584637258,4.42745376955903,2.578236130867701,3.7162162162162176,1.0135135135135087,2.0270270270270316,1.3513513513513402,1.689189189189193,0.3378378378378315
899,Die Grünen,3134,19,1.0,0.0,6.137387387387386,1.0,0.0,2.590090090090095,5.174253200568991,8.26813655761024,6.330014224751068,0.07112375533427695,14.08250355618776,2.8982930298719793,1.689189189189186,1.689189189189193,3.378378378378386,0.0,2.3648648648648702,6.4189189189189335
1398,DIE LINKE,3134,19,1.0,0.0,5.09423897581792,1.0,0.0,0.9009009009008958,4.2140825035561775,3.09388335704125,6.0099573257467895,4.409672830725462,6.899004267425312,5.938833570412527,1.0135135135135087,0.675675675675663,1.0135135135135016,1.0135135135135087,0.6756756756756772,1.0135135135135158
60,CDU,3134,19,0.0,0.0,2.681958274063536,1.0,1.0,1.7454954954954982,4.783072546230443,2.0625889046941666,1.689189189189186,0.7290184921763796,3.8940256045519206,2.9338549075391214,1.3513513513513473,2.702702702702709,2.364864864864863,3.378378378378393,0.0,0.6756756756756772
4192,CDU,3134,19,0.0,0.0,3.002015173067806,1.0,0.0,1.1261261261261264,3.591749644381224,2.7916073968705533,2.1337126600284577,7.788051209103841,1.1379800853485094,0.5689900426742511,1.3513513513513473,3.7162162162162176,0.0,0.0,1.0135135135135158,0.6756756756756772
158,bunt.saar,3134,19,1.0,1.0,2.2729966808914193,0.0,1.0,3.0968468468468457,2.8271692745377024,3.3961593172119535,1.6714082503556114,2.0625889046941666,2.3115220483641536,1.369132290184929,2.0270270270270245,4.391891891891888,4.729729729729733,1.0135135135135087,3.7162162162162247,2.7027027027026946
4903,CDU,3134,19,1.0,1.0,4.039236605026081,0.0,1.0,4.279279279279279,0.9957325746799413,9.03271692745377,3.165007112375534,3.627311522048373,5.921052631578952,1.4935988620199154,0.3378378378378386,5.067567567567565,4.391891891891888,4.391891891891888,7.0945945945945965,4.391891891891895
5192,FDP,3134,19,1.0,0.0,4.335585585585586,1.0,0.0,5.405405405405404,1.795874822190612,7.965860597439544,6.401137980085352,6.347795163584642,1.795874822190612,1.7069701280227534,5.743243243243242,1.689189189189186,7.770270270270274,10.135135135135137,2.0270270270270245,5.067567567567565
3142,CDU,3134,19,1.0,0.0,4.59933617828355,1.0,0.0,2.5337837837837838,2.6849217638691343,6.063300142247513,3.2183499288762576,6.063300142247513,5.4054054054054035,4.160739687055475,1.0135135135135016,1.3513513513513473,5.405405405405411,1.3513513513513544,3.378378378378379,2.702702702702709
4040,FDP,3134,19,0.0,0.0,4.717875770507351,0.0,0.0,3.3783783783783803,5.7610241820768096,4.409672830725462,1.4224751066856385,7.0945945945945965,8.55263157894737,1.0668563300142253,1.689189189189193,3.378378378378379,5.067567567567565,2.3648648648648702,2.3648648648648702,5.4054054054054035
4809,bunt.saar,3134,19,1.0,0.0,4.768255097202469,1.0,1.0,2.25225225225225,2.6493598862019923,3.9651493598862118,8.303698435277383,2.329302987197721,7.290184921763881,4.071834992887624,5.405405405405411,1.0135135135135158,2.364864864864856,1.689189189189186,0.3378378378378386,2.7027027027026946
1577,DIE LINKE,3134,19,0.0,0.0,2.403390232337602,0.0,0.0,2.927927927927931,1.7069701280227676,4.623044096728307,0.3022759601707037,1.7780938833570303,5.387624466571836,0.6223328591749677,1.3513513513513615,1.689189189189186,5.067567567567572,0.0,6.418918918918926,3.0405405405405403
2414,bunt.saar,3134,19,1.0,1.0,5.482456140350878,1.0,1.0,0.5630630630630643,4.356330014224753,1.0490753911806578,10.668563300142253,1.3869132290184893,7.965860597439544,7.46799431009957,0.3378378378378386,0.3378378378378386,0.6756756756756772,0.6756756756756772,0.6756756756756772,0.6756756756756772
835,SPD,3134,19,1.0,1.0,3.1620436225699393,1.0,1.0,1.5202702702702713,0.5334281650071233,0.9779516358463738,9.103840682788054,4.267425320056894,2.400426742531998,1.689189189189193,3.0405405405405403,0.3378378378378386,0.6756756756756701,2.3648648648648702,0.6756756756756772,2.0270270270270316
4756,bunt.saar,3134,19,0.0,1.0,4.424490279753434,0.0,0.0,1.9144144144144188,3.662873399715501,0.8001422475106637,5.387624466571829,2.258179231863444,5.547652916073957,8.890469416785209,0.6756756756756843,1.689189189189193,4.054054054054063,2.364864864864863,2.3648648648648702,0.3378378378378386
5147,FDP,3134,19,0.0,1.0,2.5811996206733063,1.0,1.0,1.9144144144144104,2.6137980085348573,3.840682788051211,0.9779516358463738,4.943100995732571,0.4445234708392647,2.6671408250355597,1.0135135135135158,1.689189189189186,3.378378378378379,0.6756756756756701,2.0270270270270174,2.7027027027026946
377,FDP,3134,19,0.0,1.0,3.2657657657657673,1.0,1.0,1.8018018018017987,4.0362731152204745,0.6756756756756772,3.840682788051218,5.0497866287340045,0.8179231863442382,5.174253200568991,0.3378378378378386,1.0135135135135087,3.0405405405405475,0.675675675675663,4.054054054054049,1.689189189189186
5222,Die Grünen,3134,19,0.0,0.0,6.0929350403034634,0.0,0.0,3.2657657657657673,0.7112375533428192,11.006401137980085,3.6806543385490826,1.4935988620199083,10.152916073968711,9.512802275960176,3.378378378378379,2.0270270270270245,2.3648648648648702,6.418918918918919,1.689189189189193,3.7162162162162176
2963,Die Grünen,3134,19,1.0,0.0,5.008297771455664,1.0,1.0,2.0270270270270268,3.1116642958748244,5.885490753911803,4.214082503556185,0.1422475106685539,12.624466571834994,4.071834992887624,0.3378378378378457,0.6756756756756701,2.364864864864856,3.0405405405405403,3.7162162162162176,2.0270270270270316
1394,CDU,3134,19,1.0,0.0,2.95459933617828,1.0,0.0,2.0833333333333344,1.7425320056898954,6.490042674253203,2.187055476529153,1.5647226173541924,0.1422475106685539,5.600995732574681,0.3378378378378386,1.689189189189186,1.6891891891892001,0.6756756756756701,4.391891891891895,3.7162162162162176
641,Die Grünen,3134,19,1.0,0.0,4.966808914177335,1.0,1.0,1.1261261261261286,0.604551920341386,0.7467994310099471,9.317211948790913,1.795874822190612,12.091038406827884,5.245376955903268,0.3378378378378386,2.3648648648648702,1.689189189189193,0.3378378378378386,0.6756756756756772,1.3513513513513544
1840,FDP,3134,19,1.0,1.0,5.357989568515882,1.0,1.0,2.1396396396396384,4.267425320056894,4.87197724039828,4.711948790896152,7.681365576102436,4.587482219061165,6.027738264580364,1.689189189189186,3.7162162162162176,3.378378378378372,0.3378378378378386,1.0135135135135158,2.7027027027027017
1402,FDP,3134,19,0.0,0.0,3.2183499288762456,0.0,1.0,2.5337837837837847,0.23115220483641252,1.4224751066856385,3.876244665718346,12.091038406827884,0.9779516358463738,0.7112375533428192,3.0405405405405403,3.0405405405405403,2.7027027027027017,0.6756756756756772,3.0405405405405403,2.702702702702709
4241,FDP,3134,19,0.0,1.0,4.667496443812236,1.0,1.0,1.9707207207207216,0.8712660028449548,4.17852062588905,3.8584637268847786,10.170697012802279,7.0945945945945965,1.831436699857754,4.391891891891895,0.3378378378378386,0.6756756756756772,2.7027027027027017,1.0135135135135158,2.7027027027027017
4125,FDP,3134,19,1.0,1.0,5.263157894736843,1.0,1.0,2.0833333333333344,7.5213371266002795,3.59174964438121,0.12446657183500065,9.921763869132299,9.761735419630163,0.6578947368421098,0.6756756756756843,2.0270270270270174,1.3513513513513544,0.0,4.729729729729733,3.7162162162162176
1155,CDU,3134,19,1.0,0.0,5.446894262683738,1.0,0.0,1.182432432432434,3.2894736842105345,1.1379800853485094,7.112375533428171,5.2275960170697005,9.761735419630156,6.152204836415358,1.689189189189193,0.0,1.689189189189186,0.6756756756756843,2.7027027027027017,0.3378378378378386
3922,FDP,3134,19,1.0,1.0,4.454125177809389,1.0,1.0,4.166666666666668,2.507112375533424,0.2489331436699871,5.103129445234707,0.8357041251778128,16.340682788051218,1.689189189189186,3.7162162162162176,0.0,4.729729729729733,5.067567567567565,6.756756756756765,4.729729729729726
4674,FDP,3134,19,1.0,1.0,4.501541014698905,1.0,1.0,2.139639639639641,8.588193456614498,4.2140825035561775,2.951635846372689,4.87197724039828,2.471550497866289,3.911806543385495,1.3513513513513473,1.3513513513513615,2.3648648648648702,1.689189189189193,3.378378378378379,2.7027027027026946
905,bunt.saar,3134,19,1.0,1.0,7.773233760075868,1.0,1.0,1.8581081081081123,4.943100995732571,4.125177809388333,11.095305832147943,5.387624466571843,14.135846372688476,6.952347083926043,0.6756756756756772,1.0135135135135158,3.7162162162162247,2.3648648648648702,2.702702702702709,0.6756756756756772
4498,FDP,3134,19,1.0,1.0,5.6632290184921805,1.0,0.0,1.9144144144144188,8.517069701280235,1.902560455192031,5.1564722617354235,8.285917496443822,4.658605974395449,5.45874822190612,1.689189189189193,2.7027027027027017,2.3648648648648702,1.3513513513513615,1.689189189189193,1.689189189189193
3094,bunt.saar,3134,19,1.0,0.0,3.13240872451399,1.0,1.0,1.182432432432434,0.5156472261735487,1.6714082503556114,8.997155049786635,0.8712660028449477,5.032005689900423,1.7069701280227747,1.0135135135135087,1.3513513513513615,0.3378378378378244,3.0405405405405403,0.6756756756756914,0.6756756756756772
2621,SPD,3134,19,1.0,0.0,5.4676386913229,1.0,1.0,1.1824324324324305,4.551920341394016,0.16002844950213557,8.517069701280235,6.952347083926028,6.650071123755325,5.974395448079662,0.0,2.702702702702709,0.6756756756756701,2.0270270270270245,0.3378378378378244,1.3513513513513544
4963,bunt.saar,3134,19,1.0,1.0,3.0346135609293534,1.0,0.0,1.8581081081081063,6.152204836415365,3.3961593172119606,0.4445234708392718,2.009246088193457,3.0405405405405332,3.165007112375534,2.3648648648648702,0.0,4.054054054054035,1.0135135135135087,2.0270270270270316,1.689189189189193
3985,bunt.saar,3134,19,1.0,0.0,4.427453769559034,1.0,1.0,1.0135135135135147,0.7467994310099542,1.1379800853485023,9.921763869132292,6.863442389758184,3.342816500711251,4.551920341394023,2.364864864864863,0.3378378378378386,1.3513513513513544,1.689189189189193,0.0,0.3378378378378386
1227,DIE LINKE,3134,19,0.0,0.0,2.8123518255097224,1.0,1.0,2.702702702702703,2.151493598862025,3.307254623044095,1.0668563300142253,0.3911806543385552,6.810099573257467,3.1472261735419664,2.364864864864863,1.689189189189186,3.7162162162162176,0.3378378378378386,4.391891891891895,3.7162162162162176
4058,FDP,3134,19,1.0,1.0,5.1120199146514915,1.0,0.0,2.59009009009009,7.485775248933145,2.4537695590327147,3.9295874822190555,5.0853485064011394,5.067567567567565,6.650071123755332,1.3513513513513544,4.391891891891895,2.7027027027027017,0.3378378378378386,2.364864864864863,4.391891891891888
1805,CDU,3134,19,1.0,1.0,3.680654338549074,1.0,1.0,1.463963963963965,3.520625889046933,5.796586059743952,3.8584637268847786,5.814366998577526,2.6849217638691414,0.40896159317211556,2.702702702702709,1.0135135135135158,0.3378378378378386,2.3648648648648702,0.675675675675663,1.689189189189193
1765,SPD,3134,19,1.0,1.0,1.431365576102414,1.0,1.0,1.8581081081081088,0.8890469416785152,4.818634423897571,1.9559032716927405,0.26671408250354744,0.35561877667140607,0.3022759601707037,2.702702702702709,1.3513513513513544,2.3648648648648702,0.6756756756756701,2.7027027027027017,1.3513513513513473
4762,CDU,3134,19,1.0,1.0,3.867354196301566,0.0,1.0,1.8018018018018023,2.4537695590327075,1.7069701280227676,3.129445234708392,7.948079658605984,5.654338549075391,2.3115220483641536,1.0135135135135158,1.013513513513523,0.3378378378378386,3.0405405405405332,2.7027027027027017,2.7027027027027017
684,Die Grünen,3134,19,1.0,1.0,4.531175912754853,1.0,1.0,1.2387387387387427,0.32005689900426404,2.400426742531998,8.62375533428164,2.7382645803698367,5.8677098150782285,7.23684210526315,1.0135135135135158,0.6756756756756914,2.3648648648648702,0.3378378378378315,2.702702702702709,0.3378378378378386
3960,bunt.saar,3134,19,0.0,0.0,5.906235182550975,0.0,1.0,2.8716216216216224,0.40896159317212266,1.4758179231863409,8.641536273115221,4.018492176386914,10.579658605974402,10.312944523470847,1.689189189189186,0.6756756756756772,3.0405405405405332,4.054054054054049,3.7162162162162247,4.054054054054063
266,CDU,3134,19,1.0,1.0,4.626007586533903,1.0,1.0,3.0405405405405426,3.09388335704125,4.17852062588905,6.756756756756758,0.3378378378378386,5.352062588904694,8.036984352773828,0.6756756756756772,0.6756756756756772,5.405405405405411,5.067567567567565,0.6756756756756843,5.743243243243242
618,Die Grünen,3134,19,1.0,0.0,7.90066382171645,1.0,1.0,1.6328828828828819,0.9957325746799413,7.788051209103841,5.387624466571822,6.063300142247506,17.923186344238978,9.246088193456615,0.3378378378378386,0.0,3.7162162162162105,1.3513513513513544,2.702702702702709,1.6891891891891788
2562,CDU,3134,19,1.0,0.0,6.973091512565198,1.0,0.0,3.65990990990991,1.0135135135135087,4.925320056899011,8.783783783783782,10.73968705547653,10.526315789473685,5.849928876244675,2.7027027027027017,0.6756756756756701,4.729729729729726,1.3513513513513544,6.756756756756758,5.743243243243249
146,FDP,3134,19,0.0,1.0,3.6539829302987186,0.0,1.0,0.9009009009008994,1.9559032716927476,4.694167852062591,0.37339971550497353,5.95661450924608,4.142958748221908,4.80085348506401,0.6756756756756772,0.6756756756756772,0.3378378378378386,2.364864864864856,0.6756756756756772,0.6756756756756701
3804,SPD,3134,19,0.0,1.0,3.3428165007112405,1.0,1.0,0.7882882882882901,0.2844950213371291,0.6045519203413932,9.246088193456615,0.4445234708392647,3.769559032716927,5.707681365576114,1.0135135135135087,2.0270270270270316,0.6756756756756701,0.0,0.3378378378378386,0.6756756756756914
4749,bunt.saar,3134,19,0.0,0.0,4.249644381223326,0.0,0.0,1.520270270270269,1.973684210526315,0.9779516358463738,8.197012802275957,3.7517780938833525,6.241109530583209,4.356330014224746,1.0135135135135087,0.6756756756756772,1.3513513513513615,2.7027027027026946,0.6756756756756772,2.7027027027026946
4959,CDU,3134,19,0.0,1.0,5.743243243243242,1.0,1.0,1.2950450450450468,8.517069701280235,10.56187766714082,0.5512091038406766,4.498577524893314,7.663584637268848,2.6671408250355597,0.0,0.6756756756756843,2.0270270270270245,1.0135135135135158,0.6756756756756772,3.378378378378379
4230,Die Grünen,3134,19,0.0,0.0,3.736960644855382,1.0,1.0,1.4639639639639708,2.2226173541963092,0.017780938833574567,4.694167852062584,4.018492176386907,8.801564722617357,2.6671408250355597,1.3513513513513544,2.0270270270270245,1.01351351351353,1.3513513513513615,2.0270270270270316,1.013513513513523
4388,SPD,3134,19,0.0,0.0,6.324087245139874,1.0,1.0,1.0135135135135134,3.4672830725462234,8.392603129445227,10.846372688477949,3.09388335704125,7.574679943100989,4.569701280227605,0.3378378378378386,0.3378378378378457,1.0135135135135158,0.6756756756756772,2.364864864864856,1.3513513513513473
2581,CDU,3134,19,1.0,1.0,5.6276671408250385,1.0,0.0,4.110360360360363,0.9423897581792318,1.369132290184929,8.766002844950215,3.7517780938833525,13.958036984352773,4.978662873399728,2.3648648648648702,0.6756756756756843,4.729729729729726,4.054054054054056,7.094594594594589,5.743243243243249
4770,CDU,3134,19,1.0,0.0,4.741583688952111,1.0,1.0,4.729729729729729,4.9075391180654435,3.805120910384062,5.672119487908958,7.147937411095306,2.5604551920341407,4.356330014224753,2.364864864864856,0.6756756756756772,9.121621621621628,0.0,7.432432432432428,8.783783783783782
3870,DIE LINKE,3134,19,1.0,1.0,5.574324324324323,1.0,1.0,3.4346846846846844,2.489331436699864,2.8449502133712485,7.912517780938828,1.9914651493598896,12.802275960170704,5.4054054054054035,3.0405405405405332,3.378378378378372,1.0135135135135158,5.067567567567572,3.0405405405405475,5.067567567567565
3919,bunt.saar,3134,19,1.0,1.0,4.486723565670935,1.0,1.0,1.4639639639639601,3.876244665718346,4.67638691322901,3.165007112375534,2.6671408250355597,8.659317211948803,3.8762446657183602,1.3513513513513473,1.0135135135135158,2.0270270270270316,1.3513513513513473,1.0135135135135016,2.0270270270270174
1371,FDP,3134,19,1.0,0.0,5.357989568515886,1.0,1.0,2.8716216216216197,6.685633001422481,1.1557610241820768,8.570412517780944,2.5248933143669916,6.152204836415358,7.059032716927462,0.0,1.689189189189186,4.729729729729726,2.0270270270270174,3.0405405405405403,5.743243243243249
2401,bunt.saar,3134,19,0.0,1.0,1.7603129445234735,1.0,0.0,1.914414414414414,0.9957325746799413,0.9601706970128063,1.2446657183499354,1.191322901849226,5.174253200568991,0.9957325746799413,1.0135135135135158,0.3378378378378315,3.7162162162162033,2.702702702702709,1.689189189189193,2.0270270270270316
701,bunt.saar,3134,19,1.0,1.0,4.323731626363202,1.0,0.0,1.0698198198198223,3.09388335704125,7.201280227596023,3.3605974395447973,3.627311522048366,7.183499288762434,1.4758179231863409,2.702702702702709,0.0,1.0135135135135158,0.3378378378378386,1.3513513513513544,1.0135135135135158
3098,CDU,3134,19,1.0,1.0,4.068871503082032,1.0,1.0,1.6891891891891884,1.0490753911806578,1.0846372688477999,4.231863442389766,2.5960170697012828,9.70839260312944,5.743243243243242,1.3513513513513402,5.4054054054054035,0.3378378378378457,1.3513513513513473,1.3513513513513473,0.3378378378378457
1360,bunt.saar,3134,19,1.0,1.0,4.222972972972975,1.0,1.0,1.689189189189192,2.489331436699864,2.951635846372696,4.960881934566139,1.404694167852064,9.512802275960176,4.018492176386907,2.702702702702709,2.0270270270270316,2.0270270270270245,0.6756756756756843,0.6756756756756701,2.0270270270270316
4535,FDP,3134,19,1.0,0.0,2.670104314841159,1.0,0.0,1.6891891891891884,4.249644381223341,0.5334281650071233,2.0981507823613086,3.022759601706973,3.5384068278805074,2.578236130867701,4.391891891891881,0.3378378378378386,0.0,2.0270270270270316,3.0405405405405475,0.3378378378378315
4853,CDU,3134,19,0.0,0.0,7.029397818871505,0.0,1.0,2.3085585585585626,3.556187766714082,10.010668563300136,5.778805120910384,0.4445234708392647,13.086770981507833,9.299431009957331,1.3513513513513615,1.3513513513513473,1.3513513513513544,4.391891891891895,1.6891891891892001,3.7162162162162176
1640,DIE LINKE,3134,19,1.0,1.0,1.8047652916073922,0.0,1.0,2.3085585585585604,2.773826458036986,1.8669985775248819,2.7738264580369787,0.5334281650071091,2.7027027027026946,0.17780938833570303,0.6756756756756843,2.0270270270270174,1.689189189189193,3.0405405405405475,3.7162162162162247,2.7027027027026946
4559,bunt.saar,3134,19,1.0,1.0,4.451161688003794,1.0,1.0,2.2522522522522537,2.2403982930298696,3.058321479374108,5.761024182076824,6.54338549075392,6.1877667140825,2.916073968705547,2.7027027027027017,1.3513513513513544,1.3513513513513544,2.7027027027026946,2.702702702702709,2.702702702702709
2894,FDP,3134,19,1.0,0.0,2.9042200094831636,1.0,1.0,2.308558558558557,4.374110953058313,1.6358463726884764,4.142958748221908,2.0981507823613015,1.0312944523470762,4.142958748221908,1.3513513513513402,1.689189189189186,3.0405405405405403,1.689189189189193,1.689189189189186,4.391891891891895
1605,FDP,3134,19,1.0,1.0,6.561166429587483,1.0,1.0,1.013513513513517,5.369843527738276,0.12446657183500065,4.551920341394016,8.7660028449502,11.59317211948791,8.961593172119493,0.3378378378378528,1.689189189189186,0.6756756756756843,2.0270270270270316,0.3378378378378386,1.0135135135135087
863,FDP,3134,19,1.0,1.0,2.027027027027026,1.0,1.0,1.970720720720724,0.4267425320056759,2.0625889046941666,2.329302987197721,1.5469416785206391,4.302987197724036,1.4935988620199154,1.3513513513513544,2.0270270270270245,1.3513513513513615,1.0135135135135158,2.0270270270270316,4.054054054054056
4253,Die Grünen,3134,19,1.0,0.0,4.643788525367476,1.0,1.0,6.5315315315315345,4.285206258890469,0.10668563300143319,5.956614509246094,1.475817923186348,9.77951635846373,6.258890469416784,4.054054054054056,3.7162162162162247,6.756756756756758,8.445945945945951,7.770270270270281,8.445945945945937
2279,FDP,3134,19,0.0,1.0,4.101469890943574,1.0,0.0,2.815315315315312,1.902560455192038,0.9068278805120897,7.23684210526315,6.934566145092461,0.2489331436699871,7.3790896159317185,3.378378378378372,4.729729729729726,1.689189189189186,2.0270270270270245,1.0135135135135087,4.054054054054056
3766,FDP,3134,19,0.0,1.0,5.8054765291607415,0.0,1.0,1.4076576576576596,4.943100995732571,3.342816500711244,7.21906116642959,3.0049786628734054,13.051209103840684,3.271692745376953,0.6756756756756772,4.054054054054063,1.0135135135135158,0.0,1.689189189189186,1.0135135135135158
3528,DIE LINKE,3134,19,1.0,0.0,5.15054528212423,0.0,0.0,3.6036036036036037,6.063300142247513,2.3826458036984306,2.6849217638691343,7.46799431009957,10.757467994310097,1.546941678520632,1.3513513513513544,0.675675675675663,6.4189189189189335,4.729729729729726,1.3513513513513473,7.0945945945945965
4537,FDP,3134,19,1.0,1.0,3.88809862494073,1.0,1.0,2.3085585585585604,2.578236130867701,3.1116642958748244,3.6806543385490826,4.658605974395449,6.881223328591744,2.4182076813655797,2.702702702702709,0.3378378378378386,3.0405405405405475,2.0270270270270316,0.3378378378378244,5.405405405405411
4319,SPD,3134,19,0.0,0.0,3.496917970602182,1.0,0.0,2.4211711711711708,2.115931721194869,0.9601706970128063,4.978662873399728,5.885490753911803,1.3869132290184822,5.654338549075405,1.689189189189193,4.391891891891895,1.6891891891891788,3.0405405405405475,3.0405405405405475,0.675675675675663
1913,FDP,3134,19,0.0,1.0,6.516714082503557,0.0,0.0,3.828828828828827,1.831436699857747,3.058321479374115,1.262446657183503,7.876955903271693,17.727596017069704,7.343527738264584,3.7162162162162176,5.743243243243249,8.108108108108098,3.378378378378379,1.0135135135135087,1.0135135135135087
5218,Die Grünen,3134,19,0.0,0.0,4.800853485064014,0.0,0.0,2.0270270270270268,0.07112375533427695,1.0490753911806578,7.4502133712659955,4.800853485064017,11.94879089615933,3.485064011379805,3.0405405405405475,2.364864864864856,2.7027027027026946,1.689189189189193,1.689189189189193,0.6756756756756772
1535,FDP,3134,19,0.0,1.0,3.698435277382643,1.0,1.0,2.139639639639642,2.471550497866282,1.404694167852064,1.3513513513513473,4.818634423897571,5.618776671408256,6.525604551920338,3.378378378378393,2.7027027027027017,1.0135135135135087,4.729729729729733,7.105427357601002e-15,1.0135135135135087
2969,bunt.saar,3134,19,1.0,1.0,4.252607871028917,1.0,1.0,1.576576576576579,2.86273115220483,3.7162162162162105,6.845661450924595,0.8712660028449477,7.6635846372688405,3.556187766714075,1.0135135135135158,1.689189189189193,1.3513513513513544,3.7162162162162176,1.689189189189193,0.0
1302,CDU,3134,19,1.0,1.0,4.187411095305833,1.0,1.0,4.786036036036038,2.8627311522048444,2.86273115220483,3.7162162162162176,8.890469416785209,2.258179231863444,4.534139402560456,4.054054054054063,4.054054054054056,7.432432432432435,1.3513513513513473,3.7162162162162176,8.108108108108112
779,DIE LINKE,3134,19,1.0,1.0,2.4033902323375997,1.0,0.0,2.477477477477476,2.7560455192034112,0.26671408250355455,2.0981507823613086,1.546941678520632,7.2724039829302995,0.4800853485063925,2.3648648648648702,0.3378378378378244,4.391891891891888,0.3378378378378386,3.378378378378379,4.054054054054056
476,Die Grünen,3134,19,0.0,0.0,4.205192034139401,1.0,0.0,0.7319819819819813,1.3335704125177799,3.94736842105263,3.3605974395447973,2.8449502133712556,10.11735419630157,3.627311522048373,1.3513513513513544,1.0135135135135087,0.3378378378378386,0.3378378378378315,0.6756756756756772,0.6756756756756772
4584,SPD,3134,19,1.0,0.0,7.708036984352776,1.0,1.0,3.5472972972972947,3.733997155049792,5.45874822190612,12.304409672830715,3.5739687055476637,11.255334281650065,9.921763869132299,4.054054054054049,2.3648648648648702,3.378378378378372,5.743243243243249,5.405405405405389,0.3378378378378386
2502,SPD,3134,19,0.0,0.0,7.364272166903741,1.0,0.0,4.617117117117115,0.10668563300142608,4.818634423897571,9.281650071123742,5.8321479374110865,9.690611664295872,14.455903271692748,4.729729729729733,1.3513513513513473,5.067567567567565,6.756756756756751,3.7162162162162105,6.081081081081081
4972,CDU,3134,19,1.0,1.0,3.2331673779042185,1.0,1.0,1.5765765765765813,0.46230440967282505,4.463015647226179,0.9601706970127921,6.899004267425312,5.014224751066855,1.6002844950213486,0.3378378378378386,4.054054054054056,1.6891891891892001,0.6756756756756772,2.0270270270270316,0.6756756756756843
2025,CDU,3134,19,1.0,0.0,3.861427216690371,1.0,1.0,1.6328828828828854,5.565433854907539,1.1201991465149348,3.4317211948790884,2.4537695590327075,8.143669985775247,2.4537695590327075,1.0135135135135087,2.702702702702709,2.0270270270270316,2.7027027027027017,0.3378378378378457,1.0135135135135158
3778,DIE LINKE,3134,19,0.0,1.0,1.6595542911332355,0.0,1.0,1.914414414414414,0.3378378378378386,2.9694167852062563,1.831436699857747,0.5689900426742511,2.0625889046941666,2.187055476529153,2.3648648648648702,1.0135135135135158,1.689189189189186,3.378378378378379,3.0405405405405332,0.0
1691,DIE LINKE,3134,19,0.0,1.0,4.732693219535324,0.0,0.0,3.2657657657657624,2.9871977240398238,5.156472261735402,10.330725462304414,3.2894736842105345,3.8229018492176436,2.809388335704128,1.0135135135135087,1.3513513513513402,5.4054054054054035,2.0270270270270316,4.391891891891888,5.4054054054054035
1560,FDP,3134,19,1.0,1.0,2.6641773352299665,0.0,1.0,2.477477477477475,1.6358463726884764,1.0668563300142253,1.1735419630156443,0.6578947368421026,8.374822190611667,3.0761024182076824,1.689189189189186,3.378378378378379,3.378378378378372,1.0135135135135087,2.364864864864863,3.0405405405405403
1453,DIE LINKE,3134,19,0.0,1.0,5.586178283546701,1.0,1.0,1.0698198198198188,3.5384068278805074,0.40896159317210845,8.819345661450917,2.6137980085348573,14.153627311522051,3.982930298719765,1.0135135135135158,0.3378378378378386,0.3378378378378386,0.3378378378378315,3.7162162162162176,0.6756756756756701
417,SPD,3134,19,1.0,0.0,2.3678283546704626,1.0,0.0,2.6463963963963963,0.16002844950213557,2.9871977240398238,3.0049786628734054,5.51209103840683,1.8847795163584777,0.6578947368421026,0.0,0.6756756756756701,3.378378378378372,1.0135135135135158,5.405405405405418,5.4054054054054035
4658,FDP,3134,19,1.0,0.0,5.737316263632053,1.0,1.0,1.0698198198198199,6.970128022759603,4.80085348506401,8.054765291607396,8.392603129445234,0.9779516358463738,5.2275960170697005,0.675675675675663,1.3513513513513544,0.6756756756756772,0.6756756756756772,0.0,3.0405405405405475
2248,FDP,3134,19,1.0,1.0,3.8347558084400184,1.0,1.0,2.1959459459459487,5.885490753911803,3.591749644381224,1.724751066856328,4.018492176386907,4.658605974395456,3.129445234708392,0.3378378378378386,3.378378378378386,2.7027027027027017,2.702702702702709,0.0,4.054054054054056
3214,DIE LINKE,3134,19,1.0,0.0,3.520625889046942,1.0,0.0,2.8716216216216233,1.724751066856328,0.604551920341386,1.546941678520632,5.1209103840682815,10.028449502133718,2.0981507823613086,4.391891891891895,2.0270270270270316,3.0405405405405403,1.689189189189193,1.689189189189186,4.391891891891895
1962,FDP,3134,19,1.0,1.0,6.602655286865811,1.0,0.0,1.6328828828828807,7.930298719772395,4.089615931721191,9.103840682788054,7.859174964438111,4.658605974395449,5.974395448079662,2.0270270270270245,2.0270270270270245,1.0135135135135158,1.3513513513513402,1.689189189189186,1.689189189189193
2035,bunt.saar,3134,19,1.0,0.0,2.5367472735893757,1.0,0.0,2.139639639639635,2.1692745376955855,1.1024182076813602,4.605263157894733,1.760312944523477,3.200568990042669,2.3826458036984306,1.3513513513513473,3.7162162162162176,1.689189189189186,2.0270270270270174,1.0135135135135087,3.0405405405405332
4875,bunt.saar,3134,19,1.0,1.0,2.20483641536273,1.0,1.0,1.182432432432434,2.489331436699864,1.1913229018492189,3.236130867709818,2.364864864864863,3.805120910384062,0.1422475106685539,1.3513513513513473,1.0135135135135158,0.6756756756756772,0.0,3.378378378378386,0.6756756756756772
4231,CDU,3134,19,0.0,0.0,5.1949976292081566,0.0,1.0,2.421171171171173,5.778805120910384,4.12517780938834,4.694167852062591,2.4537695590327075,11.895448079658607,2.2226173541963092,2.0270270270270245,3.378378378378372,0.6756756756756843,4.054054054054063,2.3648648648648702,2.0270270270270245
1731,FDP,3134,19,1.0,1.0,3.470246562351825,1.0,0.0,2.5900900900900843,3.3961593172119535,1.1557610241820626,1.0668563300142253,1.902560455192038,11.770981507823613,1.5291607396870575,4.054054054054049,4.054054054054042,3.378378378378372,0.675675675675663,0.3378378378378386,3.0405405405405403
1289,FDP,3134,19,0.0,1.0,1.866998577524896,0.0,1.0,4.391891891891892,0.9246088193456643,0.16002844950213557,0.35561877667140607,5.369843527738276,3.5384068278805074,0.8534850640113874,2.7027027027026946,4.7297297297297405,5.4054054054054035,1.689189189189193,5.405405405405411,6.418918918918912
492,Die Grünen,3134,19,0.0,0.0,5.778805120910387,1.0,0.0,1.12612612612613,4.249644381223341,0.6578947368421026,8.659317211948796,5.938833570412527,11.522048364153626,3.6450924608819264,0.3378378378378386,2.0270270270270316,1.689189189189193,1.3513513513513544,0.0,1.3513513513513615
132,Die Grünen,3134,19,0.0,1.0,5.766951161688001,0.0,1.0,2.9279279279279273,2.9694167852062634,1.4402560455191917,6.578947368421055,5.049786628733997,11.717638691322904,6.845661450924595,1.3513513513513473,1.689189189189193,5.4054054054054035,2.364864864864863,4.391891891891902,2.364864864864856
996,bunt.saar,3134,19,1.0,0.0,9.12754860123281,1.0,1.0,0.5630630630630703,0.3378378378378386,9.228307254623047,7.005689900426745,8.428165007112373,19.02560455192034,10.739687055476523,0.3378378378378386,0.3378378378378386,0.6756756756756914,0.6756756756756843,0.6756756756756772,0.6756756756756914
1561,FDP,3134,19,1.0,1.0,2.299668089141772,0.0,0.0,3.1531531531531534,1.4935988620199083,3.2894736842105274,1.6714082503556185,2.7560455192034112,0.2844950213371291,4.302987197724036,7.0945945945945965,3.7162162162162176,1.689189189189186,5.067567567567565,1.3513513513513544,0.0
2704,Die Grünen,3134,19,0.0,0.0,3.333926031294458,0.0,1.0,2.8153153153153148,7.770270270270274,3.3250355618776624,2.951635846372696,0.2489331436699942,5.192034139402573,0.5156472261735487,1.689189189189186,3.0405405405405403,2.0270270270270316,2.7027027027027017,3.378378378378372,4.054054054054056
1411,bunt.saar,3134,19,1.0,0.0,6.9493835941204365,1.0,0.0,3.6036036036036045,5.298719772403977,1.4935988620199083,15.433854907539114,4.623044096728307,8.463726884779526,6.383357041251784,2.0270270270270316,0.3378378378378386,7.094594594594582,3.0405405405405475,4.054054054054063,5.067567567567565
4113,Die Grünen,3134,19,0.0,1.0,2.7619724988146004,1.0,1.0,4.166666666666664,1.7780938833570303,2.0803698435277482,6.169985775248932,3.271692745376953,2.4537695590327075,0.8179231863442311,2.0270270270270245,1.0135135135135016,5.067567567567565,2.0270270270270245,7.0945945945945965,7.770270270270274
1744,CDU,3134,19,1.0,1.0,9.03568041725936,1.0,0.0,3.490990990990992,8.819345661450917,6.223328591749635,11.148648648648653,10.384068278805124,11.024182076813645,6.61450924608819,1.0135135135135087,2.702702702702709,5.743243243243249,1.3513513513513544,5.4054054054054035,4.729729729729726
1675,Die Grünen,3134,19,1.0,1.0,5.298719772403982,0.0,1.0,3.0968468468468493,5.8321479374110865,4.249644381223341,0.6934566145092447,8.090327169274545,11.913229018492167,1.0135135135135087,2.364864864864863,1.689189189189186,2.702702702702716,4.391891891891895,3.7162162162162176,3.7162162162162176
4210,SPD,3134,19,0.0,1.0,6.098862019914649,0.0,0.0,3.828828828828828,4.818634423897571,3.4317211948790884,7.254623044096725,1.0312944523470833,11.290896159317214,8.766002844950215,5.4054054054054035,0.3378378378378386,5.743243243243242,3.0405405405405332,4.7297297297297405,3.7162162162162105
5041,bunt.saar,3134,19,0.0,0.0,7.290184921763871,0.0,1.0,2.0270270270270268,4.9075391180654435,9.548364153627311,4.160739687055475,4.729729729729726,9.850640113798008,10.54409672830726,1.3513513513513473,4.054054054054056,2.0270270270270245,1.689189189189186,0.3378378378378386,2.702702702702709
2488,FDP,3134,19,1.0,1.0,6.205547652916074,1.0,1.0,2.7590090090090107,11.397581792318633,4.463015647226179,7.521337126600287,2.720483641536269,10.668563300142246,0.46230440967283215,3.0405405405405475,1.0135135135135087,6.756756756756765,2.702702702702709,0.0,3.0405405405405332
4568,FDP,3134,19,1.0,1.0,4.910502607871031,1.0,1.0,1.8018018018018047,4.943100995732571,1.760312944523477,5.778805120910384,6.027738264580378,9.121621621621621,1.831436699857754,0.3378378378378386,1.6891891891892001,2.7027027027027017,0.3378378378378386,4.054054054054056,1.689189189189193
640,bunt.saar,3134,19,0.0,0.0,5.177216690374582,0.0,0.0,3.2094594594594597,1.4402560455191917,4.480796586059739,4.267425320056894,1.831436699857747,10.810810810810814,8.232574679943106,5.4054054054054035,0.3378378378378315,2.0270270270270316,5.067567567567565,2.3648648648648702,4.054054054054056
3097,SPD,3134,19,1.0,1.0,6.4396633475580805,0.0,1.0,4.279279279279277,1.2268847795163538,12.713371266002838,7.432432432432435,1.3869132290184822,6.792318634423886,9.086059743954486,2.0270270270270316,4.729729729729726,4.054054054054056,1.689189189189186,9.459459459459445,3.7162162162162176
1931,bunt.saar,3134,19,1.0,0.0,2.6137980085348524,1.0,0.0,2.9842342342342314,1.5647226173541924,5.938833570412527,0.5689900426742511,2.3826458036984377,4.17852062588905,1.0490753911806578,1.3513513513513544,0.0,6.418918918918912,2.7027027027027017,5.067567567567565,2.364864864864856
1832,bunt.saar,3134,19,1.0,1.0,3.8406827880512098,1.0,1.0,1.1824324324324305,1.4580369843527734,5.95661450924608,7.112375533428171,0.6756756756756772,2.5426742532005733,5.2987197724039845,0.0,2.0270270270270245,0.0,1.689189189189186,1.3513513513513402,2.0270270270270316
2062,CDU,3134,19,1.0,1.0,3.467283072546232,1.0,1.0,1.8018018018018058,3.698435277382636,2.2048364153627347,0.9957325746799413,5.654338549075405,6.578947368421048,1.6714082503556256,0.0,0.6756756756756772,3.7162162162162176,1.3513513513513615,2.3648648648648702,2.702702702702709
2100,DIE LINKE,3134,19,1.0,0.0,3.2450213371265995,1.0,0.0,2.9279279279279287,2.5426742532005733,6.6322901849217715,0.1422475106685539,9.157183499288756,0.21337126600283796,0.7823613086771033,0.3378378378378386,2.702702702702709,3.378378378378372,3.378378378378372,2.702702702702709,5.067567567567572
671,SPD,3134,19,0.0,0.0,3.5561877667140833,0.0,0.0,2.533783783783786,5.4409672830725455,3.982930298719772,0.7823613086770962,1.0135135135135087,10.06401137980086,0.053342816500716594,2.364864864864863,2.702702702702709,1.0135135135135087,6.418918918918926,1.689189189189193,1.0135135135135158
3195,bunt.saar,3134,19,1.0,0.0,2.936818397344711,0.0,0.0,4.222972972972973,3.165007112375541,3.5739687055476566,2.2048364153627347,2.5248933143669916,5.334281650071112,0.8179231863442311,3.7162162162162176,5.067567567567565,8.108108108108112,2.0270270270270245,2.0270270270270316,4.391891891891888
909,FDP,3134,19,1.0,1.0,4.486723565670933,1.0,1.0,3.941441441441441,6.881223328591759,2.2403982930298696,3.52062588904694,2.578236130867708,8.463726884779511,3.236130867709811,4.729729729729719,4.054054054054056,2.3648648648648702,5.743243243243242,3.378378378378379,3.378378378378379
5056,FDP,3134,19,1.0,0.0,5.663229018492178,1.0,1.0,4.222972972972972,10.721906116642963,3.5739687055476566,5.654338549075398,5.032005689900423,4.925320056899004,4.071834992887624,0.0,3.0405405405405332,7.432432432432428,3.0405405405405332,6.418918918918926,5.405405405405411
3779,bunt.saar,3134,19,1.0,0.0,3.8999525841631084,1.0,0.0,3.9414414414414423,2.0625889046941666,8.97937411095306,5.992176386913229,0.49786628733995997,4.658605974395449,1.2091038406827863,3.7162162162162176,5.743243243243242,5.067567567567565,3.7162162162162176,3.378378378378379,2.0270270270270316
4802,CDU,3134,19,0.0,1.0,2.945708866761496,1.0,1.0,1.4076576576576585,2.3648648648648702,5.618776671408241,4.142958748221901,0.32005689900426404,3.44950213371267,1.7780938833570303,0.0,3.378378378378379,0.0,1.3513513513513544,1.3513513513513473,2.3648648648648702
3727,Die Grünen,3134,19,1.0,0.0,5.829184447605505,1.0,1.0,2.1959459459459474,0.9423897581792318,5.600995732574688,8.410384068278809,3.378378378378379,9.975106685633016,6.667852062588906,3.0405405405405403,0.0,2.0270270270270316,4.054054054054056,2.0270270270270316,2.0270270270270245
5021,bunt.saar,3134,19,0.0,1.0,4.068871503082025,1.0,1.0,4.560810810810811,6.916785206258886,3.94736842105263,3.698435277382636,2.2403982930298696,3.1294452347083848,4.480796586059739,4.729729729729733,4.729729729729726,6.4189189189189335,1.689189189189186,4.054054054054049,5.743243243243242
2362,CDU,3134,19,0.0,1.0,2.741228070175436,0.0,1.0,2.8716216216216224,3.378378378378372,3.627311522048373,5.1031294452347,0.284495021337122,3.9651493598862046,0.08890469416784441,2.7027027027026946,4.054054054054049,1.3513513513513615,1.689189189189193,3.7162162162162176,3.7162162162162176
531,FDP,3134,19,1.0,1.0,3.7458511142721633,1.0,1.0,2.2522522522522537,1.4402560455191917,5.903271692745371,0.9246088193456607,6.169985775248932,1.3869132290184893,6.650071123755335,3.0405405405405475,3.0405405405405403,2.7027027027027017,0.3378378378378386,1.3513513513513544,3.0405405405405403
201,bunt.saar,3134,19,0.0,1.0,6.341868183973446,0.0,1.0,1.9144144144144128,0.6934566145092447,2.3115220483641536,9.477240398293027,4.320768136557604,10.099573257468002,11.148648648648646,2.3648648648648702,0.3378378378378386,1.3513513513513402,0.6756756756756701,1.3513513513513544,5.4054054054054035
999,Die Grünen,3134,19,0.0,0.0,10.754504504504501,0.0,0.0,4.56081081081081,11.308677098150774,4.9075391180654435,11.184210526315788,5.387624466571829,19.68349928876244,12.055476529160735,0.3378378378378386,2.3648648648648702,5.067567567567565,4.729729729729726,9.121621621621621,5.743243243243235
4891,SPD,3134,19,0.0,0.0,8.709696538643907,0.0,0.0,5.236486486486487,6.063300142247513,0.3022759601707037,15.398293029871972,4.445234708392597,14.527027027027032,11.522048364153626,0.3378378378378386,1.689189189189186,7.432432432432435,4.729729729729726,10.135135135135137,7.0945945945945965
1015,bunt.saar,3134,19,1.0,1.0,4.655642484589852,1.0,0.0,5.799549549549552,2.187055476529153,2.7560455192034112,7.361308677098144,3.2539118065433854,7.201280227596023,5.174253200568998,3.7162162162162176,5.067567567567565,6.756756756756758,7.432432432432435,4.054054054054056,7.770270270270281
2412,FDP,3134,19,1.0,1.0,3.4169037458511156,1.0,1.0,1.407657657657655,6.934566145092461,0.3911806543385481,1.1379800853485165,6.3122332859175,0.6934566145092376,5.03200568990043,0.6756756756756701,0.6756756756756772,1.689189189189186,3.0405405405405332,1.0135135135135158,1.3513513513513473
3130,FDP,3134,19,1.0,0.0,6.270744428639163,1.0,1.0,1.5765765765765778,3.8940256045519206,7.930298719772395,3.8940256045519206,0.6045519203413932,14.74039829302987,6.56116642958748,1.013513513513523,0.0,0.6756756756756843,3.0405405405405332,2.7027027027027017,2.0270270270270245
2147,bunt.saar,3134,19,1.0,0.0,6.691559981033667,1.0,0.0,1.8018018018018012,3.520625889046933,4.302987197724043,8.801564722617364,2.009246088193457,15.949502133712663,5.565433854907539,0.6756756756756772,0.3378378378378386,2.702702702702709,0.6756756756756701,4.729729729729733,1.6891891891891788
3204,CDU,3134,19,1.0,1.0,1.6180654338549065,1.0,1.0,2.5900900900900887,2.187055476529153,1.866998577524896,0.5689900426742511,2.9871977240398238,1.475817923186348,0.6223328591749677,3.0405405405405332,3.0405405405405403,0.6756756756756772,3.7162162162162176,3.0405405405405403,2.0270270270270245
2389,Die Grünen,3134,19,0.0,1.0,3.3902323376007524,0.0,1.0,1.238738738738738,5.156472261735409,5.298719772403977,5.032005689900423,0.40896159317212266,1.0846372688477857,3.3605974395447973,0.0,2.0270270270270245,2.7027027027027017,1.689189189189186,0.6756756756756772,0.3378378378378386
111,SPD,3134,19,1.0,0.0,2.6078710289236633,0.0,0.0,2.759009009009008,2.7382645803698438,0.3022759601707037,6.13442389758179,0.3378378378378386,2.6849217638691343,3.44950213371267,3.378378378378379,1.0135135135135087,2.364864864864863,4.729729729729733,2.702702702702709,2.364864864864856
2400,Die Grünen,3134,19,1.0,0.0,4.388928402086294,1.0,0.0,1.745495495495496,4.285206258890469,5.885490753911803,3.7162162162162105,0.3911806543385552,8.197012802275957,3.8584637268847715,1.0135135135135158,2.3648648648648702,3.0405405405405332,0.6756756756756701,2.702702702702709,0.6756756756756772
2292,bunt.saar,3134,19,0.0,0.0,3.6421289710763354,1.0,1.0,2.7590090090090116,1.831436699857747,4.60526315789474,8.783783783783782,0.426742532005683,4.480796586059739,1.7247510668563208,1.3513513513513473,4.054054054054063,2.0270270270270316,3.0405405405405403,3.0405405405405403,3.0405405405405475
2707,SPD,3134,19,1.0,0.0,5.867709815078236,1.0,0.0,2.1959459459459487,3.6095305832147915,3.9295874822190555,8.694879089615938,4.67638691322901,3.7339971550498063,10.561877667140813,2.0270270270270316,1.3513513513513544,2.702702702702709,1.3513513513513473,5.067567567567579,0.6756756756756701
549,CDU,3134,19,1.0,0.0,4.8186344238975805,0.0,0.0,2.195945945945945,3.6450924608819264,9.530583214793737,1.0312944523470833,0.46230440967283215,6.667852062588906,7.574679943100996,0.0,0.3378378378378386,1.0135135135135087,6.418918918918912,2.0270270270270316,3.378378378378379
5081,CDU,3134,19,1.0,1.0,3.5769321953532476,1.0,1.0,2.139639639639642,1.2446657183499354,2.809388335704128,4.605263157894733,5.618776671408241,4.516358463726888,2.6671408250355597,2.3648648648648702,1.3513513513513544,2.0270270270270316,2.7027027027027017,1.0135135135135158,3.378378378378379
1966,FDP,3134,19,1.0,1.0,5.3313181602655275,1.0,0.0,3.99774774774775,5.067567567567565,6.169985775248932,5.707681365576107,2.187055476529153,9.921763869132299,2.933854907539107,3.7162162162162176,0.6756756756756772,7.770270270270274,3.378378378378386,4.729729729729733,3.7162162162162105
1263,bunt.saar,3134,19,1.0,1.0,3.03165007112376,1.0,1.0,1.6328828828828819,0.8534850640113874,1.369132290184929,1.1735419630156514,0.2844950213371291,8.55263157894737,5.956614509246094,0.3378378378378386,1.6891891891891788,4.054054054054049,0.6756756756756772,2.0270270270270316,1.0135135135135158
5116,CDU,3134,19,1.0,1.0,4.895685158843055,1.0,1.0,1.5765765765765767,2.187055476529153,4.854196301564727,9.40611664295875,0.9246088193456643,3.9651493598862118,8.036984352773828,0.675675675675663,0.3378378378378386,2.702702702702709,2.0270270270270316,1.3513513513513544,2.364864864864863
3598,SPD,3134,19,1.0,0.0,3.2746562351825474,1.0,0.0,3.265765765765766,5.636557610241816,3.5384068278805074,6.54338549075392,0.03556187766713492,0.03556187766713492,3.8584637268847715,0.3378378378378457,1.3513513513513544,4.729729729729719,1.689189189189193,5.405405405405411,6.081081081081074
3654,bunt.saar,3134,19,1.0,0.0,6.3774300616405855,1.0,0.0,1.6891891891891848,3.5739687055476566,1.4580369843527734,10.277382645803684,2.0981507823613086,16.39402560455192,4.463015647226172,0.3378378378378386,1.3513513513513402,2.7027027027026946,2.7027027027027017,2.7027027027026946,0.3378378378378386
4704,bunt.saar,3134,19,1.0,0.0,5.921052631578948,1.0,1.0,1.2387387387387403,5.903271692745371,2.7560455192034112,7.254623044096732,0.10668563300141898,15.04267425320058,4.463015647226172,0.6756756756756701,1.689189189189193,0.6756756756756772,3.0405405405405332,0.6756756756756914,0.6756756756756772
920,CDU,3134,19,0.0,1.0,3.327999051683262,1.0,1.0,2.308558558558559,5.6899004267425255,7.948079658605977,0.053342816500716594,2.0270270270270316,2.6671408250355597,1.5825035561877598,1.0135135135135158,4.391891891891902,3.0405405405405332,0.3378378378378386,3.378378378378379,1.689189189189186
2791,FDP,3134,19,1.0,0.0,6.6915599810336674,1.0,0.0,6.587837837837834,2.4182076813655797,6.152204836415365,9.743954480796589,0.2489331436700013,14.22475106685632,7.361308677098151,6.756756756756758,4.729729729729726,9.121621621621621,0.675675675675663,11.486486486486477,6.756756756756758
3066,Die Grünen,3134,19,0.0,0.0,3.562114746325271,0.0,0.0,5.40540540540541,9.388335704125183,1.2268847795163538,3.5739687055476637,0.8712660028449477,0.1422475106685539,6.169985775248925,11.14864864864866,2.0270270270270316,3.378378378378379,11.148648648648653,0.3378378378378386,4.391891891891895
3023,FDP,3134,19,1.0,1.0,4.543029871977237,1.0,1.0,6.869369369369372,2.7916073968705533,1.7069701280227534,4.107396870554766,1.0668563300142182,11.628733997155052,5.95661450924608,6.418918918918926,9.121621621621621,7.770270270270267,4.7297297297297405,5.4054054054054035,7.770270270270274
2085,bunt.saar,3134,19,1.0,0.0,3.6124940730203874,0.0,0.0,4.786036036036035,0.3022759601707037,1.6714082503556114,4.356330014224746,0.9246088193456643,7.912517780938828,6.507823613086771,1.689189189189186,2.0270270270270174,5.4054054054054035,3.7162162162162176,6.081081081081081,9.797297297297305
3540,SPD,3134,19,0.0,1.0,6.21740161213845,0.0,1.0,1.4639639639639614,2.115931721194869,8.943812233285918,9.850640113798008,3.058321479374115,8.321479374110943,5.014224751066848,3.0405405405405403,0.6756756756756772,0.3378378378378315,1.689189189189186,1.3513513513513402,1.689189189189193
673,CDU,3134,19,1.0,1.0,3.08202939781887,1.0,1.0,1.5765765765765731,5.334281650071112,0.6756756756756772,1.5291607396870575,4.960881934566139,4.374110953058327,1.618065433854909,0.3378378378378386,4.391891891891888,1.0135135135135087,1.0135135135135087,1.0135135135135087,1.689189189189186
3349,CDU,3134,19,1.0,0.0,9.723210052157421,1.0,0.0,5.686936936936938,2.0625889046941666,8.303698435277383,11.273115220483646,4.12517780938834,17.63869132290185,14.93598862019914,5.405405405405411,1.689189189189186,5.743243243243242,4.391891891891895,8.78378378378379,8.108108108108105
2561,CDU,3134,19,1.0,0.0,3.034613560929349,1.0,0.0,5.292792792792791,0.6934566145092447,0.5867709815078399,2.86273115220483,4.445234708392597,5.8321479374110865,3.7873399715504945,2.364864864864856,2.7027027027026946,7.770270270270274,2.3648648648648702,9.45945945945946,7.094594594594589
4360,bunt.saar,3134,19,1.0,0.0,4.1429587482219015,1.0,0.0,3.040540540540537,3.1294452347083777,0.07112375533427695,5.974395448079662,4.089615931721191,10.437411095305833,1.1557610241820697,2.0270270270270174,3.378378378378372,2.3648648648648702,2.0270270270270245,4.391891891891888,4.054054054054049
3069,CDU,3134,19,1.0,0.0,1.8995969653864435,1.0,1.0,2.252252252252253,0.6223328591749677,3.4317211948790884,0.5867709815078399,0.7823613086770962,5.654338549075398,0.32005689900427114,3.7162162162162176,2.7027027027027017,0.0,5.743243243243235,1.3513513513513615,0.0
1766,FDP,3134,19,0.0,1.0,2.957562825983878,0.0,1.0,4.222972972972971,2.0270270270270316,2.489331436699864,3.1116642958748173,6.970128022759603,0.37339971550497353,2.7738264580369787,1.0135135135135016,2.0270270270270245,6.756756756756758,1.689189189189193,5.067567567567565,8.783783783783782
2874,SPD,3134,19,0.0,1.0,5.506164058795636,0.0,1.0,2.9279279279279287,1.8492176386913215,0.5512091038406766,15.184921763869141,0.604551920341386,9.76173541963015,5.0853485064011394,2.7027027027026946,0.3378378378378528,4.729729729729726,2.0270270270270245,5.4054054054054035,2.3648648648648702
2522,bunt.saar,3134,19,1.0,0.0,5.592105263157888,1.0,1.0,1.1261261261261204,3.378378378378379,0.5512091038406766,8.534850640113788,1.7069701280227534,12.055476529160728,7.325746799431002,0.3378378378378386,1.6891891891891788,1.3513513513513544,1.689189189189186,0.3378378378378244,1.3513513513513402
3278,CDU,3134,19,1.0,0.0,3.935514461830253,1.0,0.0,2.1396396396396398,3.9651493598862118,3.840682788051211,0.49786628733995997,9.388335704125183,5.4765291607396875,0.4445234708392647,0.6756756756756772,1.3513513513513473,3.0405405405405475,2.364864864864863,1.3513513513513544,4.054054054054049
1369,DIE LINKE,3134,19,0.0,0.0,5.20981507823613,1.0,0.0,2.7027027027026995,2.4182076813655797,4.018492176386907,9.192745376955905,1.689189189189186,12.055476529160735,1.8847795163584706,4.391891891891888,3.378378378378372,4.054054054054049,1.0135135135135087,3.0405405405405403,0.3378378378378386
4287,Die Grünen,3134,19,1.0,1.0,4.335585585585583,1.0,1.0,2.421171171171173,5.1031294452347,3.627311522048373,1.8669985775248819,1.9203413940255984,6.063300142247506,7.432432432432435,5.4054054054054035,4.054054054054063,0.3378378378378386,2.364864864864863,0.3378378378378386,2.0270270270270316
639,FDP,3134,19,0.0,1.0,4.341512565196777,1.0,1.0,3.6036036036036037,3.627311522048373,2.6315789473684177,1.3157894736842124,9.228307254623047,5.1920341394025655,4.054054054054049,1.3513513513513544,1.3513513513513473,7.0945945945945965,1.3513513513513544,4.729729729729733,5.743243243243235
104,CDU,3134,19,1.0,1.0,3.1027738264580393,1.0,1.0,1.689189189189193,0.23115220483641963,1.9381223328591872,5.494310099573248,3.8940256045519206,2.5960170697012828,4.463015647226179,1.689189189189193,6.418918918918926,0.0,0.3378378378378457,0.6756756756756843,1.0135135135135087
3524,bunt.saar,3134,19,1.0,0.0,3.490990990990994,1.0,1.0,1.0135135135135123,2.489331436699864,0.9957325746799413,3.8762446657183602,0.3022759601706895,9.992887624466576,3.2894736842105345,1.689189189189193,3.0405405405405332,1.0135135135135016,7.105427357601002e-15,0.0,0.3378378378378386
4760,bunt.saar,3134,19,1.0,1.0,3.162043622569938,1.0,1.0,1.0698198198198174,3.8940256045519206,2.115931721194869,2.5426742532005733,1.795874822190612,8.001422475106693,0.6223328591749606,2.3648648648648702,0.0,1.0135135135135016,0.0,1.0135135135135016,2.0270270270270316
4413,Die Grünen,3134,19,1.0,0.0,5.295756282598389,1.0,0.0,1.4076576576576596,3.09388335704125,4.000711237553347,5.796586059743959,3.9295874822190555,12.233285917496453,2.720483641536269,2.0270270270270316,0.0,2.3648648648648702,0.6756756756756701,2.0270270270270316,1.3513513513513544
3696,FDP,3134,19,0.0,1.0,4.101469890943579,1.0,1.0,3.15315315315315,0.37339971550498063,0.2489331436699942,3.840682788051211,1.369132290184929,11.077524893314369,7.69914651493599,2.0270270270270174,1.689189189189193,3.0405405405405403,3.0405405405405332,4.729729729729726,4.391891891891888
4931,CDU,3134,19,1.0,1.0,1.3187529634898023,1.0,0.0,4.448198198198196,0.9957325746799413,0.6401137980085352,2.187055476529153,2.2403982930298625,0.017780938833574567,1.831436699857747,1.0135135135135158,1.3513513513513544,7.432432432432428,1.0135135135135087,9.459459459459453,6.418918918918919
1328,FDP,3134,19,0.0,0.0,4.4185633001422495,0.0,0.0,7.488738738738738,3.7162162162162176,2.0270270270270316,0.2489331436699942,10.810810810810814,4.765291607396868,4.943100995732571,1.0135135135135087,10.472972972972975,8.108108108108112,7.432432432432435,9.121621621621614,8.783783783783782
3070,bunt.saar,3134,19,1.0,0.0,4.937174016121381,1.0,1.0,2.8716216216216246,4.267425320056894,0.9246088193456643,9.334992887624459,4.534139402560456,6.721194879089616,3.840682788051197,4.729729729729726,2.7027027027026946,1.689189189189193,5.743243243243249,1.689189189189193,0.6756756756756914
1596,FDP,3134,19,0.0,0.0,5.992176386913228,0.0,1.0,4.786036036036037,2.3826458036984306,9.370554765291608,6.009957325746797,7.699146514935983,5.707681365576107,4.783072546230443,2.3648648648648702,4.391891891891888,7.770270270270274,2.7027027027026946,2.7027027027027017,8.78378378378379
4149,CDU,3134,19,1.0,1.0,4.966808914177338,0.0,1.0,2.4774774774774784,1.2980085348506378,8.481507823613093,3.7162162162162176,2.5960170697012828,8.036984352773828,5.672119487908965,2.0270270270270245,4.054054054054063,0.3378378378378386,3.378378378378379,1.3513513513513473,3.7162162162162176
1965,FDP,3134,19,0.0,0.0,3.4198672356567066,0.0,0.0,4.504504504504503,4.356330014224753,2.187055476529153,2.3115220483641536,7.6635846372688405,3.3250355618776624,0.6756756756756772,6.418918918918912,6.756756756756765,5.067567567567565,1.6891891891891788,1.689189189189193,5.4054054054054035
2834,Die Grünen,3134,19,1.0,0.0,4.907539118065433,1.0,1.0,3.716216216216219,4.80085348506401,2.773826458036986,2.0981507823613015,1.7425320056899025,10.13513513513513,7.894736842105267,0.3378378378378386,4.729729729729726,4.7297297297297405,3.0405405405405403,4.054054054054063,5.4054054054054035
2063,CDU,3134,19,1.0,0.0,3.5087719298245617,1.0,1.0,1.6891891891891906,1.2091038406827863,8.179231863442396,0.8001422475106708,1.3869132290184822,4.783072546230443,4.694167852062591,2.0270270270270174,2.0270270270270316,0.6756756756756772,2.702702702702709,1.0135135135135158,1.689189189189193
3605,FDP,3134,19,0.0,0.0,8.33333333333334,1.0,1.0,1.7454954954954924,10.152916073968711,3.449502133712656,15.949502133712663,9.655049786628751,2.275960170697026,8.517069701280228,0.0,2.364864864864863,4.391891891891895,0.3378378378378244,0.6756756756756701,2.7027027027027017
4437,DIE LINKE,3134,19,0.0,0.0,3.6925082977714525,1.0,0.0,2.927927927927925,2.0625889046941666,3.591749644381224,5.209815078236119,3.1827880512090942,8.001422475106686,0.10668563300142608,3.0405405405405332,3.7162162162162033,0.6756756756756843,1.689189189189186,2.364864864864856,6.081081081081088
2265,DIE LINKE,3134,19,1.0,0.0,6.098862019914649,1.0,0.0,2.8716216216216246,0.7112375533428192,2.7560455192034112,12.87339971550498,0.08890469416784441,11.842105263157897,8.321479374110943,1.689189189189193,1.0135135135135158,3.7162162162162247,2.702702702702709,4.391891891891895,3.7162162162162105
43,CDU,3134,19,0.0,0.0,3.7102892366050297,0.0,0.0,3.7162162162162153,4.534139402560456,3.058321479374115,0.5867709815078399,8.445945945945944,4.12517780938834,1.511379800853483,1.0135135135135087,4.729729729729726,4.391891891891888,3.378378378378379,4.729729729729733,4.054054054054056
4116,CDU,3134,19,1.0,0.0,2.4626600284494984,1.0,0.0,4.279279279279282,0.5689900426742511,4.694167852062591,2.7382645803698438,2.578236130867701,2.7027027027026946,1.4935988620199083,5.067567567567572,3.7162162162162176,1.689189189189186,9.121621621621621,4.391891891891902,1.689189189189193
3534,FDP,3134,19,1.0,1.0,1.8936699857752473,1.0,0.0,5.349099099099099,0.604551920341386,2.951635846372689,3.09388335704125,1.2980085348506378,1.3157894736842124,2.0981507823613086,11.148648648648646,3.7162162162162105,5.743243243243249,0.6756756756756772,4.054054054054049,6.756756756756765
868,bunt.saar,3134,19,1.0,0.0,7.41465149359887,1.0,1.0,2.4211711711711743,1.6002844950213486,7.752489331436706,9.139402560455203,2.489331436699864,13.922475106685646,9.583926031294453,3.378378378378379,2.364864864864863,2.702702702702709,1.689189189189193,1.689189189189193,2.702702702702709
14,FDP,3134,19,1.0,1.0,6.273707918444761,1.0,1.0,0.1689189189189193,4.409672830725462,3.6095305832147915,5.2631578947368425,9.921763869132299,5.120910384068278,9.317211948790895,0.3378378378378386,0.0,0.3378378378378386,0.3378378378378386,0.0,0.0
3168,CDU,3134,19,1.0,1.0,2.527856804172597,1.0,0.0,2.9279279279279273,4.978662873399728,4.071834992887624,0.053342816500716594,1.9203413940255984,3.44950213371267,0.6934566145092447,0.0,4.391891891891895,5.067567567567565,2.3648648648648702,2.364864864864856,3.378378378378379
4864,FDP,3134,19,1.0,1.0,3.8406827880512076,1.0,0.0,3.0405405405405417,7.788051209103841,4.036273115220482,0.8534850640113874,0.0889046941678373,6.650071123755332,3.627311522048366,5.067567567567565,1.3513513513513473,3.378378378378379,5.405405405405418,1.0135135135135158,2.0270270270270245
1221,CDU,3134,19,1.0,0.0,3.08202939781887,1.0,1.0,1.407657657657662,4.302987197724043,1.9203413940255984,0.46230440967283215,3.7873399715504945,7.965860597439537,0.053342816500716594,0.0,0.3378378378378457,2.0270270270270316,1.3513513513513615,1.6891891891892001,3.0405405405405332
3913,bunt.saar,3134,19,0.0,1.0,4.089615931721195,0.0,1.0,2.533783783783786,4.42745376955903,5.903271692745378,4.9075391180654435,1.1201991465149348,5.156472261735409,3.022759601706973,0.6756756756756772,3.7162162162162247,2.364864864864856,2.3648648648648702,4.391891891891895,1.689189189189193
2776,FDP,3134,19,1.0,1.0,2.9012565196775775,1.0,0.0,2.3085585585585533,3.733997155049792,2.0270270270270316,0.5867709815078257,5.849928876244675,4.658605974395456,0.5512091038406837,4.391891891891888,3.378378378378372,0.3378378378378386,4.054054054054042,0.3378378378378315,1.3513513513513473
2530,SPD,3134,19,0.0,0.0,8.63560929350403,0.0,0.0,4.166666666666672,5.903271692745371,6.1877667140825,15.273826458036986,2.3826458036984306,17.016358463726895,5.0497866287340045,2.702702702702709,2.3648648648648702,5.067567567567565,3.7162162162162176,9.459459459459467,1.6891891891892072
1868,bunt.saar,3134,19,1.0,0.0,4.584518729255572,1.0,0.0,6.2500000000000036,1.3513513513513473,2.0803698435277482,3.94736842105263,1.3691322901849219,13.709103840682786,5.049786628733997,5.743243243243249,2.702702702702716,6.756756756756758,6.418918918918926,8.783783783783775,7.0945945945945965
3732,SPD,3134,19,0.0,0.0,6.555239449976292,0.0,1.0,2.646396396396399,0.5334281650071091,2.489331436699864,9.566145092460879,1.9914651493598896,14.544807965860592,10.206258890469421,7.094594594594604,2.702702702702709,1.013513513513523,0.6756756756756772,4.391891891891881,0.0
1606,SPD,3134,19,1.0,0.0,3.2776197249881434,1.0,0.0,2.1396396396396455,1.0668563300142253,3.236130867709818,4.87197724039828,2.1337126600284577,4.142958748221901,4.2140825035561775,3.378378378378379,0.3378378378378457,2.702702702702709,0.3378378378378457,4.054054054054063,2.0270270270270316
4029,DIE LINKE,3134,19,0.0,1.0,2.4656235182550987,0.0,1.0,1.5765765765765767,0.6223328591749677,5.26315789473685,3.733997155049792,0.9246088193456643,3.769559032716927,0.4800853485063925,1.689189189189186,1.689189189189186,0.3378378378378386,1.689189189189193,2.0270270270270245,2.0270270270270316
4858,Die Grünen,3134,19,0.0,0.0,5.19796111901375,0.0,0.0,3.0968468468468466,1.6358463726884764,5.867709815078236,5.618776671408241,1.369132290184929,9.174964438122338,7.5213371266002795,2.0270270270270316,1.0135135135135087,4.054054054054049,2.364864864864863,5.405405405405411,3.7162162162162176
4738,Die Grünen,3134,19,0.0,0.0,5.3905879563774315,0.0,1.0,2.9842342342342314,0.6578947368421098,2.418207681365587,11.201991465149362,2.0270270270270316,10.490753911806543,5.547652916073957,4.729729729729726,1.3513513513513402,4.7297297297297405,1.689189189189193,3.7162162162162105,1.6891891891891788
4197,bunt.saar,3134,19,1.0,1.0,5.043859649122804,1.0,1.0,1.914414414414414,0.37339971550497353,6.134423897581783,6.881223328591744,4.818634423897578,9.192745376955898,2.8627311522048444,2.0270270270270245,0.0,1.3513513513513544,2.364864864864863,2.7027027027026946,3.0405405405405475
3326,FDP,3134,19,1.0,1.0,4.6645329540066385,1.0,1.0,2.027027027027028,1.9203413940255984,1.0312944523470833,2.987197724039838,7.0945945945945965,12.891180654338548,2.0625889046941666,2.0270270270270316,0.0,2.3648648648648702,0.3378378378378386,4.054054054054049,3.378378378378379
5199,bunt.saar,3134,19,1.0,1.0,4.972735893788525,1.0,1.0,1.8018018018018012,6.330014224751068,2.8271692745376953,4.60526315789474,6.703413940256048,6.223328591749635,3.1472261735419664,2.7027027027027017,1.0135135135135158,0.6756756756756772,4.054054054054056,1.3513513513513544,1.0135135135135016
3857,FDP,3134,19,0.0,0.0,5.719535324798481,0.0,1.0,2.927927927927924,2.7916073968705533,4.409672830725462,1.404694167852064,12.99786628733996,8.694879089615931,4.018492176386914,3.378378378378372,3.378378378378379,1.3513513513513473,2.364864864864856,1.689189189189193,5.405405405405396
5029,FDP,3134,19,1.0,1.0,3.0168326220957824,1.0,1.0,1.914414414414414,1.2268847795163538,0.017780938833574567,8.517069701280228,4.391891891891902,1.1201991465149348,2.8271692745377024,5.067567567567572,0.0,3.0405405405405475,0.3378378378378244,1.689189189189186,1.3513513513513544
4717,FDP,3134,19,0.0,1.0,5.061640587956378,1.0,1.0,0.5630630630630632,4.9075391180654435,3.3605974395448044,6.578947368421048,6.916785206258886,2.258179231863444,6.347795163584642,2.0270270270270316,0.0,0.3378378378378386,1.0135135135135087,0.0,0.0
2094,SPD,3134,19,0.0,1.0,3.7577050734945465,0.0,1.0,1.4639639639639672,0.32005689900426404,4.42745376955903,5.7610241820768096,0.053342816500716594,1.9914651493598896,9.992887624466569,1.3513513513513544,1.0135135135135158,0.6756756756756701,0.6756756756756843,3.0405405405405475,2.0270270270270316
3610,Die Grünen,3134,19,0.0,1.0,6.979018492176387,0.0,1.0,3.9977477477477485,1.369132290184929,7.005689900426745,7.539118065433861,1.9203413940255984,16.571834992887617,7.46799431009957,4.729729729729726,0.6756756756756772,5.067567567567579,3.378378378378379,4.391891891891888,5.743243243243242
4150,Die Grünen,3134,19,1.0,1.0,2.4745139876718816,1.0,1.0,3.0968468468468537,2.7916073968705533,5.369843527738276,0.6045519203413932,0.08890469416785152,4.125177809388333,1.8669985775248819,0.6756756756756843,1.01351351351353,4.391891891891902,2.0270270270270245,5.4054054054054035,5.067567567567579
5205,FDP,3134,19,1.0,1.0,2.9042200094831663,1.0,1.0,1.8581081081081063,3.6450924608819264,1.191322901849226,2.3470839260312886,6.418918918918919,3.2539118065433854,0.5689900426742511,1.013513513513523,2.0270270270270316,3.0405405405405332,2.0270270270270174,2.364864864864856,0.6756756756756772
4620,FDP,3134,19,1.0,1.0,4.009601706970127,1.0,1.0,1.6891891891891906,3.6095305832147915,2.507112375533424,2.5248933143669916,3.1294452347083848,10.06401137980086,2.2226173541963092,1.0135135135135158,1.0135135135135087,1.3513513513513615,4.729729729729726,1.013513513513523,1.0135135135135087
883,bunt.saar,3134,19,1.0,0.0,2.1277856804172566,0.0,0.0,4.110360360360359,1.3335704125177799,3.271692745376953,2.2403982930298625,0.5156472261735487,4.605263157894733,0.8001422475106637,3.378378378378372,0.3378378378378315,3.378378378378372,4.054054054054056,6.081081081081088,7.432432432432435
295,FDP,3134,19,0.0,1.0,2.7441915599810365,1.0,1.0,1.0698198198198199,1.3157894736842124,2.631578947368425,0.46230440967283215,4.338549075391185,1.511379800853483,6.205547652916081,1.3513513513513473,1.3513513513513473,0.6756756756756701,2.0270270270270316,0.6756756756756772,0.3378378378378457
1959,bunt.saar,3134,19,1.0,0.0,3.070175438596492,1.0,1.0,1.1261261261261264,1.9559032716927476,1.226884779516368,5.245376955903268,3.022759601706973,4.854196301564727,2.115931721194869,0.6756756756756772,1.3513513513513544,0.3378378378378386,0.6756756756756772,1.3513513513513402,2.3648648648648702
3675,FDP,3134,19,0.0,1.0,3.6421289710763376,1.0,1.0,3.434684684684683,1.6714082503556114,0.053342816500716594,4.783072546230443,7.325746799431002,4.694167852062591,3.3250355618776624,4.391891891891881,3.0405405405405403,3.0405405405405403,3.0405405405405475,2.7027027027027017,4.391891891891888
3237,Die Grünen,3134,19,1.0,0.0,5.112019914651499,0.0,1.0,1.3513513513513533,1.902560455192038,2.3470839260312957,7.62802275960172,1.475817923186348,10.36628733997155,6.952347083926043,2.3648648648648702,0.6756756756756772,1.3513513513513544,3.0405405405405403,0.3378378378378386,0.3378378378378386
1115,Die Grünen,3134,19,0.0,1.0,4.664532954006641,0.0,0.0,1.3513513513513484,3.5028449502133725,3.5739687055476637,6.258890469416791,5.636557610241816,5.778805120910384,3.236130867709818,0.6756756756756772,1.689189189189186,1.689189189189186,0.3378378378378457,3.0405405405405332,0.675675675675663
4951,FDP,3134,19,1.0,1.0,7.248696064485537,1.0,1.0,0.8445945945945917,6.525604551920338,5.4409672830725455,9.03271692745377,0.9601706970128063,12.0199146514936,9.512802275960162,0.675675675675663,0.0,0.0,1.689189189189186,0.6756756756756701,2.0270270270270316
5123,bunt.saar,3134,19,1.0,0.0,3.3665244191559993,0.0,0.0,1.8581081081081063,1.8136557610241795,2.9338549075391214,1.9914651493598896,0.17780938833571014,7.556899004267429,5.7254623044096675,2.702702702702709,1.3513513513513473,2.364864864864856,0.6756756756756701,0.3378378378378386,3.7162162162162176
3910,FDP,3134,19,1.0,1.0,5.426149834044569,1.0,1.0,3.1531531531531534,3.94736842105263,2.1337126600284577,2.5248933143669987,7.752489331436699,8.19701280227595,8.00142247510668,0.6756756756756772,1.689189189189193,4.729729729729733,0.6756756756756772,6.081081081081074,5.067567567567565
234,SPD,3134,19,1.0,0.0,4.359293504030346,1.0,1.0,1.3513513513513498,8.481507823613093,0.7467994310099613,3.5028449502133725,2.471550497866282,6.223328591749642,4.729729729729726,0.3378378378378244,4.729729729729726,1.0135135135135158,0.6756756756756843,0.6756756756756772,0.6756756756756701
3710,bunt.saar,3134,19,1.0,0.0,7.082740635372211,1.0,0.0,2.984234234234234,3.0405405405405403,4.498577524893314,7.930298719772395,4.747510668563294,13.851351351351347,8.428165007112376,3.0405405405405475,3.378378378378379,1.689189189189186,2.7027027027027017,3.378378378378379,3.7162162162162105
541,Die Grünen,3134,19,1.0,0.0,4.448198198198196,1.0,1.0,1.2950450450450408,1.8847795163584706,0.6401137980085352,4.87197724039828,2.9694167852062563,10.881934566145091,5.4409672830725455,0.3378378378378386,2.0270270270270245,0.3378378378378244,3.0405405405405332,1.689189189189186,0.3378378378378386
789,SPD,3134,19,1.0,1.0,2.3115220483641536,1.0,0.0,7.601351351351352,1.2802275960170704,2.5426742532005733,2.080369843527741,3.4672830725462305,2.9871977240398238,1.511379800853483,1.013513513513523,4.391891891891888,10.810810810810814,4.054054054054056,11.824324324324316,13.513513513513516
3861,bunt.saar,3134,19,1.0,0.0,6.205547652916074,1.0,1.0,2.871621621621621,0.49786628733995997,2.9338549075391214,9.672830725462298,6.347795163584635,10.312944523470854,7.467994310099577,2.364864864864856,0.6756756756756701,1.689189189189193,6.418918918918912,1.6891891891892072,4.391891891891888
664,Die Grünen,3134,19,0.0,0.0,6.454480796586062,1.0,1.0,3.322072072072077,0.4800853485063925,4.711948790896166,11.753200568990046,0.3911806543385481,13.709103840682786,7.681365576102436,2.0270270270270245,1.689189189189193,5.743243243243256,3.0405405405405403,5.743243243243242,1.6891891891892072
4258,Die Grünen,3134,19,1.0,0.0,7.826576576576577,1.0,1.0,1.5765765765765731,2.8982930298719793,8.179231863442396,9.477240398293027,4.2140825035561775,14.313655761024187,7.876955903271693,0.3378378378378244,0.3378378378378457,2.7027027027026946,4.391891891891888,1.3513513513513544,0.3378378378378315
4723,FDP,3134,19,1.0,0.0,4.273352299668087,1.0,1.0,3.7725225225225203,3.3250355618776624,6.276671408250351,0.8001422475106708,6.347795163584635,4.463015647226172,4.42745376955903,4.054054054054056,2.364864864864856,3.0405405405405475,6.756756756756744,4.054054054054056,2.364864864864863
306,bunt.saar,3134,19,1.0,1.0,4.895685158843054,1.0,1.0,2.9842342342342363,4.054054054054056,4.694167852062591,1.760312944523477,7.325746799431009,6.1877667140825,5.352062588904687,3.7162162162162176,4.054054054054056,5.743243243243235,3.378378378378379,0.3378378378378386,0.6756756756756914
128,bunt.saar,3134,19,0.0,0.0,5.476529160739681,1.0,0.0,2.027027027027023,4.480796586059739,0.9779516358463738,10.277382645803684,1.8136557610241795,10.224039829302974,5.0853485064011394,0.6756756756756772,2.364864864864856,3.7162162162162105,2.0270270270270316,1.689189189189186,1.6891891891891788
3207,bunt.saar,3134,19,1.0,0.0,6.167022285443337,1.0,0.0,6.925675675675674,2.7027027027026946,7.965860597439544,8.534850640113788,0.5334281650071091,13.63798008534851,3.627311522048373,1.013513513513523,6.418918918918912,9.797297297297291,4.054054054054056,11.486486486486484,8.783783783783775
3367,FDP,3134,19,0.0,1.0,3.5502607871028906,0.0,0.0,6.362612612612615,0.4800853485063925,3.3605974395448044,1.369132290184929,9.83285917496444,3.8584637268847715,2.400426742532005,3.378378378378372,3.378378378378393,7.770270270270274,4.391891891891895,10.810810810810814,8.445945945945944
1725,Die Grünen,3134,19,0.0,0.0,6.647107633949736,0.0,0.0,3.2657657657657637,1.4224751066856385,2.1692745376955855,13.051209103840677,5.156472261735409,14.295874822190612,3.7873399715504945,4.054054054054049,2.7027027027026946,3.378378378378379,7.0945945945945965,1.0135135135135158,1.3513513513513473
1384,CDU,3134,19,1.0,0.0,4.22593646277857,1.0,0.0,2.477477477477476,2.5960170697012828,1.0846372688477999,2.2403982930298625,5.192034139402573,9.903982930298717,4.338549075391185,4.391891891891895,4.054054054054056,0.0,1.689189189189186,3.0405405405405332,1.689189189189186
5017,FDP,3134,19,1.0,1.0,3.5295163584637272,0.0,1.0,1.8581081081081123,3.7873399715504945,4.267425320056894,0.9601706970128063,4.17852062588905,5.138691322901856,2.8449502133712627,1.3513513513513544,2.3648648648648702,0.3378378378378386,2.702702702702709,2.3648648648648702,2.0270270270270316
4647,FDP,3134,19,0.0,1.0,2.634542437174017,1.0,1.0,1.6891891891891895,1.9559032716927476,2.0625889046941666,2.222617354196302,5.4054054054054035,3.485064011379805,0.6756756756756772,2.0270270270270174,3.7162162162162176,1.689189189189193,0.0,1.0135135135135158,1.689189189189193
985,Die Grünen,3134,19,0.0,0.0,4.762328117591274,0.0,1.0,0.7319819819819848,3.840682788051218,1.1379800853485023,5.4054054054054035,4.551920341394016,10.864153627311524,2.7738264580369787,0.3378378378378457,0.0,0.3378378378378386,1.3513513513513544,0.3378378378378386,2.0270270270270316
1619,CDU,3134,19,0.0,1.0,3.3635609293504047,1.0,1.0,2.5900900900900914,1.653627311522051,2.044807965860592,2.631578947368425,6.863442389758184,5.921052631578952,1.0668563300142253,0.6756756756756701,2.0270270270270316,2.364864864864863,0.6756756756756843,5.743243243243242,4.054054054054056
193,bunt.saar,3134,19,1.0,0.0,5.192034139402562,1.0,1.0,1.3513513513513544,0.46230440967283215,0.4978662873399742,10.526315789473685,1.6180654338549019,12.428876244665723,5.618776671408256,0.3378378378378386,0.6756756756756772,2.3648648648648702,2.7027027027026946,1.3513513513513686,0.6756756756756772
4746,FDP,3134,19,0.0,0.0,5.037932669511618,0.0,0.0,5.236486486486488,4.231863442389766,0.03556187766713492,5.7254623044096675,9.637268847795163,9.139402560455203,1.4580369843527734,0.6756756756756843,6.081081081081074,4.054054054054056,5.743243243243242,8.445945945945958,6.418918918918912
4552,SPD,3134,19,0.0,0.0,3.3487434803224247,0.0,1.0,2.53378378378378,1.0490753911806578,6.916785206258886,1.8136557610241795,0.426742532005683,7.841394025604551,2.044807965860592,5.067567567567565,0.0,2.0270270270270174,4.391891891891895,2.7027027027026946,1.0135135135135087
2406,bunt.saar,3134,19,0.0,0.0,6.632290184921761,0.0,1.0,1.4639639639639686,6.027738264580371,4.551920341394016,6.845661450924595,0.8534850640113874,13.993598862019915,7.5213371266002795,2.0270270270270316,1.3513513513513544,2.3648648648648702,1.013513513513523,1.689189189189186,0.3378378378378457
3624,FDP,3134,19,1.0,1.0,7.121266002844952,0.0,0.0,2.9842342342342385,7.788051209103841,7.574679943100996,5.796586059743959,4.587482219061172,12.9800853485064,4.000711237553347,4.391891891891895,0.0,6.756756756756765,0.6756756756756772,3.0405405405405475,3.0405405405405475
2722,FDP,3134,19,1.0,1.0,4.0777619724988154,0.0,1.0,1.2950450450450468,1.262446657183503,8.339260312944525,1.8492176386913215,0.9423897581792318,8.250355618776666,3.8229018492176436,1.013513513513523,1.3513513513513473,1.689189189189186,0.6756756756756843,2.3648648648648702,0.6756756756756701
3533,bunt.saar,3134,19,1.0,1.0,3.2628022759601705,1.0,1.0,3.9977477477477485,4.925320056899004,1.2091038406827863,4.196301564722617,1.2268847795163538,7.005689900426745,1.0135135135135158,3.0405405405405332,0.6756756756756914,4.7297297297297405,8.108108108108105,3.7162162162162105,3.7162162162162105
3630,bunt.saar,3134,19,1.0,0.0,7.681365576102418,1.0,1.0,1.745495495495497,3.058321479374115,5.0497866287340045,13.05120910384067,3.1472261735419664,14.08250355618776,7.69914651493599,0.3378378378378386,1.3513513513513686,2.0270270270270174,2.0270270270270316,2.7027027027026946,2.0270270270270316
282,FDP,3134,19,1.0,1.0,4.18444760550024,1.0,1.0,5.518018018018016,2.0270270270270316,6.596728307254629,6.169985775248929,3.627311522048373,1.386913229018493,5.2987197724039845,5.4054054054054035,6.756756756756758,6.756756756756754,2.364864864864856,4.729729729729733,7.0945945945945965
2644,CDU,3134,19,0.0,0.0,5.500237079184449,1.0,1.0,3.7162162162162153,0.8179231863442382,8.570412517780944,7.343527738264584,6.294452347083919,6.472261735419636,3.5028449502133725,5.743243243243235,1.3513513513513544,7.094594594594589,3.7162162162162176,2.7027027027027017,1.689189189189193
4321,CDU,3134,19,1.0,0.0,5.698790896159319,1.0,0.0,0.7882882882882877,3.982930298719765,9.40611664295875,4.107396870554773,8.481507823613093,4.463015647226179,3.7517780938833525,0.6756756756756843,1.3513513513513473,0.3378378378378457,0.3378378378378244,0.3378378378378386,1.689189189189186
1916,bunt.saar,3134,19,1.0,1.0,4.255571360834523,0.0,0.0,4.279279279279282,6.7389758179231976,4.480796586059739,5.4409672830725455,0.1955903271692847,7.3968705547653,1.2802275960170704,3.7162162162162176,1.0135135135135158,6.756756756756758,5.4054054054054035,4.391891891891902,4.391891891891895
4732,CDU,3134,19,1.0,1.0,1.7543859649122797,1.0,1.0,5.968468468468466,1.8669985775248819,1.4224751066856385,0.4445234708392647,3.3605974395447973,2.6849217638691414,0.7467994310099542,0.0,5.4054054054054035,10.135135135135137,2.0270270270270174,9.121621621621621,9.121621621621621
464,CDU,3134,19,0.0,0.0,4.3148411569464225,0.0,0.0,6.024774774774773,2.6315789473684177,4.640825035561882,3.6450924608819406,0.8534850640113874,6.614509246088197,7.503556187766712,1.0135135135135087,4.729729729729719,9.121621621621628,2.3648648648648702,10.472972972972968,8.445945945945944
3522,bunt.saar,3134,19,1.0,0.0,4.874940730203888,1.0,1.0,1.6891891891891906,1.4402560455191917,0.3022759601707037,7.0590327169274545,3.342816500711244,10.9352773826458,6.169985775248932,3.0405405405405403,0.3378378378378386,0.6756756756756772,3.378378378378379,1.3513513513513402,1.3513513513513686
980,Die Grünen,3134,19,0.0,0.0,5.989212897107634,0.0,1.0,1.463963963963966,2.809388335704128,5.618776671408241,6.258890469416784,2.400426742532005,13.246799431009954,5.600995732574688,1.0135135135135158,0.6756756756756843,1.689189189189193,1.0135135135135158,1.689189189189193,2.7027027027026946
3173,SPD,3134,19,0.0,1.0,1.6684447605500228,1.0,0.0,3.3220720720720713,0.8179231863442382,0.426742532005683,3.662873399715501,4.036273115220482,0.5867709815078399,0.4800853485063925,2.0270270270270174,0.6756756756756772,5.743243243243249,4.729729729729726,2.7027027027026946,4.054054054054063
3038,CDU,3134,19,1.0,0.0,4.5489568515884296,1.0,0.0,1.5765765765765731,6.223328591749642,2.080369843527741,2.6137980085348573,6.401137980085352,8.19701280227595,1.7780938833570374,1.689189189189186,3.0405405405405475,0.6756756756756701,2.7027027027027017,0.675675675675663,0.6756756756756701
2112,bunt.saar,3134,19,1.0,1.0,8.02216690374585,1.0,1.0,2.533783783783781,7.521337126600287,8.054765291607396,8.428165007112376,6.685633001422467,11.859886201991465,5.5832147937411065,2.7027027027026946,2.0270270270270174,2.3648648648648702,4.391891891891888,1.689189189189186,2.0270270270270316
3680,bunt.saar,3134,19,1.0,0.0,3.233167377904221,0.0,0.0,3.941441441441443,1.795874822190612,1.404694167852064,3.520625889046933,0.9957325746799413,8.463726884779518,3.2183499288762576,3.378378378378379,3.7162162162162176,2.3648648648648702,6.756756756756751,4.391891891891895,3.0405405405405475
3585,bunt.saar,3134,19,1.0,0.0,6.009957325746797,1.0,1.0,1.9144144144144117,3.02275960170698,0.12446657183498644,11.91322901849216,2.080369843527734,11.21977240398293,7.69914651493599,1.013513513513523,1.0135135135135158,3.0405405405405332,1.3513513513513473,4.054054054054049,1.0135135135135016
2038,Die Grünen,3134,19,1.0,0.0,4.815670934091986,1.0,1.0,2.8716216216216224,0.40896159317212266,4.551920341394016,5.032005689900423,1.7425320056899025,12.802275960170704,4.356330014224746,1.3513513513513544,2.0270270270270316,4.729729729729726,0.6756756756756772,3.7162162162162033,4.7297297297297405
4026,FDP,3134,19,1.0,1.0,3.680654338549074,1.0,1.0,1.6328828828828807,8.890469416785209,1.760312944523477,0.3022759601706895,4.67638691322901,4.285206258890469,2.1692745376955926,2.364864864864856,0.0,3.040540540540526,2.702702702702709,0.0,1.689189189189193
4341,Die Grünen,3134,19,0.0,0.0,5.402441915599809,0.0,1.0,1.3513513513513509,2.0270270270270316,9.40611664295875,5.885490753911803,1.8136557610241795,4.889758179231862,8.392603129445227,3.378378378378379,0.0,0.6756756756756843,3.378378378378372,0.0,0.6756756756756701
2742,bunt.saar,3134,19,1.0,1.0,3.138335704125178,1.0,0.0,2.083333333333332,1.2268847795163538,0.1422475106685539,4.160739687055468,6.347795163584635,4.391891891891902,2.560455192034155,4.391891891891895,0.0,0.3378378378378386,5.4054054054054035,1.3513513513513402,1.0135135135135158
3938,bunt.saar,3134,19,1.0,0.0,2.723447131341866,0.0,1.0,2.195945945945944,3.8584637268847715,0.604551920341386,0.6223328591749677,2.4182076813655797,5.8321479374110865,3.0049786628734054,0.6756756756756843,3.0405405405405403,4.391891891891881,0.3378378378378315,4.391891891891888,0.3378378378378386
545,bunt.saar,3134,19,1.0,0.0,2.2226173541962972,1.0,0.0,2.308558558558559,3.7162162162162176,3.840682788051197,0.21337126600283796,1.3157894736842124,2.471550497866289,1.7780938833570303,1.013513513513523,3.7162162162162105,2.3648648648648702,2.7027027027027017,1.3513513513513544,2.7027027027026946
95,bunt.saar,3134,19,1.0,1.0,5.580251303935511,1.0,1.0,1.8018018018018036,4.67638691322901,4.640825035561882,5.476529160739673,1.3513513513513473,9.086059743954486,8.250355618776666,2.702702702702709,2.0270270270270245,0.3378378378378386,0.3378378378378315,2.3648648648648702,3.0405405405405475
308,FDP,3134,19,0.0,0.0,3.4702465623518286,0.0,0.0,2.3648648648648667,0.5334281650071233,2.151493598862025,6.045519203413939,2.8982930298719793,5.0497866287340045,4.142958748221901,3.7162162162162176,4.054054054054063,2.3648648648648702,1.3513513513513473,2.7027027027027017,0.0
1836,Die Grünen,3134,19,1.0,0.0,5.393551446183026,1.0,1.0,1.8018018018018047,5.1209103840682815,3.9118065433855023,8.108108108108098,0.23115220483641252,10.312944523470854,4.67638691322901,2.7027027027027017,3.0405405405405403,0.0,1.689189189189186,1.3513513513513686,2.0270270270270316
1935,CDU,3134,19,1.0,1.0,4.726766239924134,1.0,1.0,2.027027027027028,0.7823613086770962,2.6493598862019923,9.281650071123742,0.3911806543385552,5.369843527738269,9.88620199146515,0.675675675675663,5.405405405405411,0.6756756756756843,1.3513513513513615,3.0405405405405403,1.0135135135135087
2296,Die Grünen,3134,19,0.0,1.0,4.205192034139405,1.0,1.0,2.139639639639642,1.3869132290184822,4.409672830725462,3.1472261735419664,5.192034139402573,7.894736842105267,3.200568990042683,2.0270270270270316,2.0270270270270316,2.0270270270270316,0.0,1.689189189189193,5.067567567567565
359,SPD,3134,19,0.0,0.0,4.332622095779995,0.0,0.0,1.689189189189187,0.5867709815078399,5.867709815078236,4.623044096728307,5.1209103840682815,5.974395448079662,3.8229018492176436,3.0405405405405332,1.3513513513513544,1.689189189189186,1.0135135135135087,3.0405405405405403,0.0
635,FDP,3134,19,0.0,1.0,7.479848269321948,1.0,1.0,1.5202702702702702,9.210526315789465,3.8940256045519206,10.064011379800853,10.561877667140813,2.2759601706970045,8.872688477951634,0.0,0.6756756756756843,2.3648648648648702,0.6756756756756701,2.364864864864856,3.0405405405405403
1396,DIE LINKE,3134,19,1.0,0.0,3.1709340919867244,1.0,0.0,2.9842342342342305,3.0761024182076824,0.32005689900426404,5.867709815078236,1.2268847795163538,3.8229018492176436,4.711948790896166,4.054054054054049,1.0135135135135087,1.3513513513513473,6.081081081081081,3.0405405405405403,2.364864864864856
3027,CDU,3134,19,1.0,0.0,4.747510668563301,1.0,1.0,1.6328828828828807,3.2894736842105345,2.3115220483641536,4.018492176386907,10.73968705547653,7.716927453769557,0.40896159317212266,3.0405405405405332,2.3648648648648702,0.0,0.3378378378378315,1.689189189189186,2.364864864864863
4194,DIE LINKE,3134,19,0.0,0.0,3.1531531531531556,1.0,0.0,2.477477477477477,1.902560455192038,3.2894736842105345,2.435988620199147,7.716927453769557,2.631578947368425,0.9423897581792318,1.3513513513513473,0.6756756756756772,3.378378378378379,5.067567567567565,3.7162162162162176,0.6756756756756772
5015,SPD,3134,19,0.0,0.0,6.410028449502136,0.0,1.0,7.094594594594599,0.4445234708392647,0.26671408250355455,10.881934566145091,3.058321479374108,14.86486486486487,8.943812233285925,2.364864864864863,1.689189189189193,10.135135135135144,6.081081081081088,13.175675675675677,9.121621621621628
5068,CDU,3134,19,0.0,0.0,5.171289710763393,1.0,0.0,3.9977477477477485,5.156472261735409,2.2048364153627347,8.001422475106686,2.471550497866282,7.556899004267429,5.636557610241816,4.729729729729733,5.4054054054054035,2.0270270270270245,6.418918918918926,3.7162162162162176,1.689189189189186
4837,FDP,3134,19,1.0,1.0,8.834163110478901,1.0,1.0,5.3490990990990985,2.2048364153627347,9.63726884779517,14.189189189189186,4.640825035561882,7.04125177809388,15.291607396870553,4.054054054054056,5.067567567567565,6.081081081081081,4.054054054054056,6.418918918918912,6.418918918918919
4403,bunt.saar,3134,19,0.0,1.0,4.142958748221908,0.0,0.0,1.5765765765765778,5.814366998577526,5.192034139402573,2.00924608819345,2.435988620199147,8.410384068278809,0.9957325746799413,1.689189189189186,1.3513513513513615,2.7027027027026946,2.3648648648648702,0.3378378378378386,1.0135135135135158
2829,FDP,3134,19,1.0,1.0,6.501896633475579,1.0,1.0,2.984234234234234,7.183499288762434,9.086059743954486,6.3122332859175,2.044807965860592,7.485775248933145,6.899004267425319,1.689189189189186,4.391891891891895,2.0270270270270316,1.689189189189186,5.743243243243242,2.364864864864863
3245,FDP,3134,19,0.0,1.0,3.03461356092935,1.0,1.0,1.126126126126125,1.1024182076813602,3.413940256045514,0.5156472261735487,4.320768136557611,3.2183499288762505,5.636557610241816,2.702702702702709,1.0135135135135087,1.0135135135135087,0.0,1.3513513513513473,0.6756756756756772
4895,bunt.saar,3134,19,1.0,0.0,4.649715504978665,1.0,1.0,0.731981981981986,1.2980085348506378,2.880512091038412,6.596728307254622,6.116642958748223,7.147937411095313,3.8584637268847786,1.0135135135135158,0.0,0.0,2.3648648648648702,1.01351351351353,0.0
4397,FDP,3134,19,1.0,0.0,4.300023707918451,1.0,0.0,1.8581081081081112,4.925320056899011,1.8847795163584706,1.9381223328591872,9.708392603129454,4.711948790896166,2.6315789473684177,2.3648648648648702,2.702702702702709,0.0,3.7162162162162247,1.689189189189186,0.6756756756756772
3761,Die Grünen,3134,19,1.0,0.0,3.9236605026078712,1.0,1.0,1.407657657657655,1.2268847795163538,3.0049786628734054,2.2403982930298696,5.067567567567565,9.726173541963014,2.2759601706970187,0.0,1.0135135135135016,2.364864864864856,3.7162162162162176,0.3378378378378386,1.0135135135135158
4653,DIE LINKE,3134,19,0.0,1.0,2.9338549075391165,0.0,1.0,2.7590090090090094,1.5825035561877598,3.0405405405405332,4.285206258890469,0.8179231863442382,7.485775248933145,0.3911806543385552,5.067567567567565,1.689189189189193,1.3513513513513544,2.702702702702709,2.364864864864863,3.378378378378372
1374,SPD,3134,19,0.0,1.0,2.981270744428638,0.0,1.0,1.9144144144144082,3.02275960170698,1.1201991465149348,5.387624466571829,1.0312944523470762,7.130156472261724,0.1955903271692847,4.054054054054042,1.3513513513513544,0.3378378378378244,3.0405405405405332,1.3513513513513402,1.3513513513513544
3699,CDU,3134,19,1.0,0.0,2.20483641536273,0.0,0.0,4.673423423423422,0.32005689900426404,0.8357041251778057,1.724751066856328,1.2980085348506378,6.36557610241821,2.6849217638691343,2.0270270270270245,4.729729729729733,6.081081081081074,3.0405405405405403,5.067567567567565,7.0945945945945965
2015,bunt.saar,3134,19,1.0,0.0,6.092935040303465,1.0,0.0,4.89864864864865,7.859174964438118,4.356330014224753,4.249644381223341,5.938833570412527,9.388335704125183,4.765291607396868,11.82432432432433,2.7027027027027017,1.3513513513513615,9.121621621621621,0.3378378378378386,4.054054054054049
4293,bunt.saar,3134,19,1.0,1.0,5.78473210052158,1.0,1.0,1.1824324324324316,0.9957325746799413,8.570412517780944,7.059032716927462,2.6493598862019923,6.294452347083933,9.13940256045521,1.0135135135135087,0.3378378378378386,1.6891891891891788,1.689189189189193,2.0270270270270316,0.3378378378378386
2410,SPD,3134,19,0.0,0.0,7.334637268847795,0.0,0.0,9.853603603603604,0.6578947368421098,2.6315789473684177,9.797297297297305,5.4054054054054035,11.148648648648646,14.366998577524889,5.067567567567565,3.7162162162162176,11.824324324324337,9.121621621621621,14.864864864864863,14.527027027027025
1648,FDP,3134,19,1.0,0.0,4.125177809388334,1.0,1.0,2.8153153153153134,4.018492176386907,1.902560455192031,8.00142247510668,4.729729729729726,2.258179231863444,3.840682788051218,1.0135135135135016,3.0405405405405403,5.405405405405396,0.6756756756756772,3.378378378378379,3.378378378378386
141,SPD,3134,19,0.0,1.0,4.510431484115692,1.0,1.0,1.689189189189193,5.529871977240397,4.516358463726888,5.8677098150782285,0.10668563300142608,6.881223328591744,4.160739687055468,2.7027027027026946,3.0405405405405403,0.3378378378378386,1.3513513513513615,1.0135135135135158,1.6891891891892072
788,FDP,3134,19,1.0,1.0,3.197605500237078,1.0,1.0,1.126126126126124,5.583214793741114,0.8890469416785152,0.1422475106685539,0.6756756756756772,10.650782361308679,1.2446657183499283,0.3378378378378386,1.0135135135135087,2.0270270270270245,1.689189189189193,1.0135135135135087,0.6756756756756701
4999,bunt.saar,3134,19,1.0,1.0,5.4024419155998125,1.0,0.0,0.9009009009009006,1.9203413940255984,1.51137980085349,4.249644381223334,5.45874822190612,12.962304409672832,6.3122332859175,1.689189189189193,0.6756756756756772,1.3513513513513544,0.0,1.3513513513513544,0.3378378378378244
1754,bunt.saar,3134,19,1.0,0.0,8.558558558558557,1.0,1.0,1.689189189189192,5.138691322901856,7.503556187766712,9.726173541963014,5.47652916073968,12.926742532005676,10.579658605974402,2.3648648648648702,0.3378378378378386,1.689189189189193,2.7027027027027017,0.3378378378378386,2.702702702702709
1297,FDP,3134,19,0.0,1.0,7.992532005689903,1.0,0.0,0.4504504504504503,3.3250355618776624,4.320768136557611,11.077524893314372,12.073257467994324,9.228307254623047,7.930298719772402,0.0,0.0,0.3378378378378386,1.0135135135135158,1.0135135135135087,0.3378378378378386
2865,bunt.saar,3134,19,1.0,0.0,3.8051209103840677,1.0,0.0,1.8018018018017987,2.080369843527741,2.8982930298719793,8.712660028449498,0.6578947368421026,4.480796586059739,4.000711237553347,1.3513513513513473,3.7162162162162105,1.6891891891891788,2.364864864864863,1.3513513513513544,0.3378378378378386
780,bunt.saar,3134,19,1.0,1.0,2.9190374585111414,1.0,1.0,1.4076576576576574,0.9246088193456643,3.3605974395447973,6.756756756756758,1.1379800853485094,5.1209103840682815,0.21337126600283796,2.7027027027026946,0.0,0.3378378378378386,2.0270270270270245,0.3378378378378386,3.0405405405405475
5172,Die Grünen,3134,19,1.0,0.0,5.796586059743951,1.0,1.0,1.5765765765765754,0.9068278805120897,7.147937411095306,6.472261735419622,0.604551920341386,10.615220483641522,9.032716927453777,0.0,0.3378378378378386,2.7027027027026946,1.0135135135135087,2.364864864864863,3.0405405405405475
2262,Die Grünen,3134,19,1.0,0.0,3.4435751541014703,0.0,0.0,2.25225225225225,6.13442389758179,0.1955903271692847,1.618065433854909,3.413940256045514,5.743243243243242,3.556187766714082,2.0270270270270245,1.0135135135135087,2.3648648648648702,3.378378378378379,2.0270270270270245,2.7027027027026946
2202,bunt.saar,3134,19,1.0,1.0,3.778449502133713,0.0,1.0,5.968468468468461,2.5426742532005733,1.1201991465149348,4.231863442389752,1.2091038406827934,10.97083926031295,2.5960170697012757,5.4054054054054035,3.378378378378372,6.418918918918905,6.756756756756744,7.0945945945945965,6.756756756756744
1434,FDP,3134,19,1.0,0.0,3.6036036036036037,1.0,0.0,2.083333333333332,1.831436699857747,0.7823613086770962,4.391891891891895,2.9694167852062563,10.988620199146517,0.6578947368421098,3.378378378378372,1.3513513513513473,1.0135135135135158,1.689189189189193,3.7162162162162176,1.3513513513513473
4037,FDP,3134,19,1.0,0.0,3.908843053579897,1.0,1.0,1.8018018018018036,3.09388335704125,4.658605974395456,1.3157894736842124,4.605263157894733,4.818634423897578,4.960881934566153,6.081081081081088,0.675675675675663,0.3378378378378386,2.0270270270270316,0.6756756756756772,1.013513513513523
2484,SPD,3134,19,1.0,1.0,4.818634423897585,1.0,1.0,2.195945945945944,5.743243243243242,3.165007112375541,2.418207681365587,6.721194879089616,5.547652916073957,5.316500711237566,2.0270270270270316,4.391891891891888,0.3378378378378244,2.364864864864863,3.378378378378372,0.6756756756756843
3625,DIE LINKE,3134,19,0.0,1.0,6.018847795163584,0.0,0.0,3.2094594594594597,1.5825035561877598,5.5476529160739645,6.490042674253203,4.036273115220489,14.366998577524896,4.089615931721191,1.689189189189193,2.3648648648648702,4.054054054054056,4.054054054054056,6.081081081081074,1.0135135135135087
1177,Die Grünen,3134,19,1.0,0.0,5.790659080132766,1.0,0.0,1.4076576576576585,3.769559032716927,3.9651493598862118,4.658605974395449,0.7823613086770962,12.731152204836413,8.837126600284499,3.0405405405405403,1.3513513513513544,0.0,1.689189189189186,0.6756756756756772,1.689189189189193
617,FDP,3134,19,1.0,0.0,5.168326220957801,0.0,0.0,5.405405405405408,6.1877667140825,5.369843527738269,0.4978662873399671,5.583214793741114,5.583214793741114,7.788051209103841,2.0270270270270316,1.0135135135135158,8.78378378378379,3.0405405405405403,5.743243243243242,11.82432432432433
2115,bunt.saar,3134,19,1.0,1.0,5.55357989568516,1.0,1.0,6.2499999999999964,1.7069701280227676,4.107396870554766,7.396870554765293,2.4182076813655797,13.798008534850638,3.8940256045519135,5.743243243243235,7.094594594594589,4.729729729729733,9.121621621621621,5.743243243243235,5.067567567567565
102,FDP,3134,19,1.0,1.0,5.209815078236132,1.0,1.0,1.8018018018018036,6.1877667140825,2.5960170697012828,2.5248933143669987,8.801564722617364,6.312233285917493,4.836415362731152,3.7162162162162176,2.702702702702709,1.3513513513513544,0.6756756756756772,0.3378378378378386,2.0270270270270245
4402,Die Grünen,3134,19,1.0,0.0,3.8525367472735916,1.0,0.0,4.617117117117118,9.850640113798008,6.241109530583209,0.1955903271692847,3.69843527738265,3.0049786628734054,0.12446657183499354,4.729729729729726,3.7162162162162176,4.054054054054063,3.378378378378379,5.067567567567565,6.756756756756758
4926,Die Grünen,3134,19,1.0,1.0,4.314841156946415,1.0,1.0,2.8716216216216224,0.1422475106685539,3.413940256045514,4.142958748221901,2.2759601706970045,9.530583214793744,6.383357041251777,4.729729729729726,1.689189189189193,2.3648648648648702,4.391891891891902,1.3513513513513473,2.7027027027026946
4527,FDP,3134,19,1.0,0.0,4.525248933143672,1.0,0.0,2.7027027027027017,8.748221906116648,1.1201991465149348,1.6358463726884764,4.640825035561882,7.325746799431009,3.6806543385490826,2.3648648648648702,1.3513513513513473,7.0945945945945965,3.0405405405405332,1.0135135135135158,1.3513513513513473
1664,Die Grünen,3134,19,0.0,1.0,3.1057373162636353,0.0,1.0,1.3513513513513509,2.080369843527741,0.5867709815078399,5.032005689900423,0.6401137980085352,5.26315789473685,5.032005689900423,1.689189189189186,1.3513513513513686,0.0,2.0270270270270174,3.0405405405405332,0.0
289,Die Grünen,3134,19,1.0,0.0,6.238146040777622,1.0,0.0,3.2094594594594597,6.045519203413939,4.640825035561882,5.174253200568998,3.94736842105263,10.91749644381224,6.703413940256041,2.3648648648648702,2.0270270270270245,3.0405405405405475,4.729729729729726,4.054054054054056,3.0405405405405332
2352,CDU,3134,19,1.0,1.0,5.005334281650071,1.0,1.0,1.7454954954954947,0.32005689900426404,1.511379800853483,2.8449502133712556,6.347795163584642,14.295874822190612,4.711948790896166,1.689189189189193,3.378378378378379,1.0135135135135158,2.0270270270270245,1.3513513513513473,1.0135135135135087
947,FDP,3134,19,0.0,0.0,5.826220957799905,0.0,1.0,0.9009009009008947,3.2183499288762576,2.293741109530586,7.0590327169274545,9.157183499288756,4.765291607396868,8.463726884779511,0.675675675675663,1.0135135135135087,2.0270270270270245,0.675675675675663,0.3378378378378386,0.6756756756756701
2660,bunt.saar,3134,19,1.0,0.0,5.482456140350878,1.0,1.0,2.1396396396396398,3.7162162162162176,5.51209103840683,8.623755334281647,0.5334281650071091,8.179231863442396,6.330014224751068,1.3513513513513473,2.0270270270270316,2.0270270270270174,4.054054054054049,2.364864864864863,1.01351351351353
4877,Die Grünen,3134,19,1.0,0.0,2.711593172119489,1.0,0.0,2.5337837837837847,0.46230440967283215,1.0668563300142182,2.880512091038412,0.6223328591749677,4.409672830725462,6.827880512091042,2.0270270270270245,3.378378378378386,2.0270270270270316,4.054054054054042,0.6756756756756772,3.0405405405405475
82,bunt.saar,3134,19,0.0,0.0,5.805476529160742,0.0,0.0,3.6036036036036045,0.7467994310099613,8.12588904694168,7.325746799431002,0.12446657183499354,9.192745376955905,9.317211948790913,3.0405405405405403,0.6756756756756772,4.729729729729719,3.378378378378379,3.378378378378379,6.4189189189189335
2043,FDP,3134,19,0.0,1.0,3.831792318634426,1.0,1.0,2.927927927927925,7.876955903271693,0.6578947368421026,2.0981507823613086,10.241820768136563,1.8669985775249032,0.2489331436699871,2.364864864864863,2.0270270270270316,3.3783783783783754,1.3513513513513402,4.391891891891888,4.054054054054053
4786,bunt.saar,3134,19,0.0,0.0,6.252963489805591,0.0,1.0,1.0698198198198199,1.902560455192038,6.472261735419629,6.845661450924595,1.1735419630156443,12.251066856330013,8.872688477951627,2.364864864864856,1.0135135135135158,1.013513513513523,0.0,2.0270270270270245,0.0
5108,Die Grünen,3134,19,1.0,1.0,5.971431958274063,1.0,1.0,1.1261261261261264,3.6450924608819406,1.689189189189193,7.716927453769557,5.672119487908958,8.85490753911806,8.250355618776666,2.0270270270270316,2.0270270270270174,0.0,0.6756756756756772,1.0135135135135158,1.0135135135135158
2427,DIE LINKE,3134,19,1.0,1.0,4.448198198198196,1.0,1.0,1.1261261261261286,1.5291607396870575,3.982930298719765,6.614509246088197,2.1692745376955855,7.450213371266003,4.943100995732571,2.0270270270270245,0.3378378378378457,1.0135135135135087,1.013513513513523,1.3513513513513544,1.0135135135135158
5121,FDP,3134,19,1.0,0.0,3.713252726410618,0.0,0.0,2.6463963963963963,2.916073968705547,4.747510668563301,5.778805120910384,0.03556187766713492,6.169985775248925,2.6315789473684177,1.689189189189193,5.743243243243242,3.378378378378372,3.378378378378379,1.689189189189193,0.0
2939,bunt.saar,3134,19,1.0,0.0,8.40445708866761,1.0,0.0,5.574324324324322,4.267425320056894,3.307254623044095,9.157183499288756,5.47652916073968,18.58108108108108,9.637268847795156,4.391891891891895,0.0,5.4054054054054035,7.770270270270267,7.432432432432428,8.445945945945937
2766,bunt.saar,3134,19,0.0,0.0,6.238146040777621,1.0,0.0,2.421171171171172,1.1201991465149348,2.8449502133712556,10.472972972972968,7.610241820768138,10.455192034139415,4.925320056899011,3.0405405405405332,3.0405405405405475,2.0270270270270245,5.067567567567565,1.3513513513513615,0.0
248,FDP,3134,19,1.0,0.0,3.307254623044097,0.0,0.0,1.2950450450450468,3.236130867709818,8.108108108108105,1.7780938833570303,3.591749644381224,2.1337126600284577,0.9957325746799484,1.689189189189193,4.054054054054049,0.6756756756756772,0.0,0.3378378378378457,1.0135135135135158
4843,SPD,3134,19,0.0,0.0,5.106092935040302,0.0,0.0,3.0405405405405403,1.9559032716927405,4.107396870554773,8.534850640113788,3.0405405405405403,6.916785206258886,6.081081081081088,2.3648648648648702,0.6756756756756701,6.081081081081081,3.7162162162162176,1.689189189189186,3.7162162162162176
3843,FDP,3134,19,1.0,0.0,2.4745139876718825,1.0,0.0,2.759009009009007,2.115931721194869,4.089615931721191,3.165007112375541,0.6578947368421026,4.623044096728307,0.1955903271692847,5.743243243243242,5.4054054054054035,2.0270270270270316,1.3513513513513473,2.0270270270270174,0.0
4445,DIE LINKE,3134,19,0.0,0.0,2.0507349454717905,0.0,0.0,3.265765765765772,1.546941678520632,4.231863442389752,1.760312944523477,1.9914651493598896,0.23115220483641963,2.5426742532005733,1.013513513513523,9.797297297297298,1.01351351351353,4.054054054054056,1.689189189189193,2.0270270270270316
1157,bunt.saar,3134,19,1.0,0.0,6.5107871028923645,1.0,0.0,2.3085585585585577,1.2980085348506378,1.0135135135135087,10.064011379800853,0.3556187766714132,15.487197724039824,10.846372688477949,4.729729729729726,3.0405405405405403,1.3513513513513544,0.6756756756756843,1.3513513513513473,2.7027027027026946
4679,FDP,3134,19,1.0,0.0,3.692508297771454,1.0,1.0,1.8581081081081077,7.46799431009957,2.507112375533424,0.3378378378378386,3.2539118065433854,3.0405405405405403,5.5476529160739645,0.0,1.689189189189186,2.0270270270270316,1.689189189189186,1.689189189189186,4.054054054054056
542,bunt.saar,3134,19,0.0,0.0,3.938477951635843,0.0,0.0,2.984234234234234,0.9779516358463738,2.0981507823613086,3.805120910384062,6.899004267425312,3.8940256045519206,5.95661450924608,1.0135135135135158,4.729729729729726,3.7162162162162176,5.067567567567565,2.0270270270270316,1.3513513513513473
782,bunt.saar,3134,19,0.0,0.0,2.7234471313418673,0.0,1.0,3.5472972972973005,0.5512091038406766,1.3513513513513473,0.1422475106685539,3.769559032716927,7.62802275960172,2.8982930298719793,1.3513513513513615,1.689189189189186,7.432432432432435,0.0,6.756756756756758,4.054054054054063
3275,DIE LINKE,3134,19,1.0,1.0,3.4732100521574245,1.0,1.0,1.5202702702702702,5.138691322901856,1.2802275960170775,0.3022759601707037,4.889758179231862,6.241109530583209,2.987197724039838,3.0405405405405403,2.364864864864856,1.689189189189186,0.3378378378378457,1.0135135135135087,0.6756756756756843
1595,SPD,3134,19,1.0,0.0,7.5865339023233735,1.0,1.0,4.391891891891888,1.6358463726884764,4.000711237553347,20.35917496443811,5.974395448079662,2.720483641536262,10.828591749644382,4.391891891891888,3.378378378378379,5.4054054054054035,3.378378378378379,6.418918918918891,3.378378378378386
278,SPD,3134,19,1.0,0.0,6.7063774300616394,1.0,1.0,1.5202702702702666,4.943100995732571,8.890469416785209,4.836415362731152,3.840682788051211,8.677098150782356,9.050497866287337,0.3378378378378386,1.0135135135135087,0.3378378378378386,1.689189189189186,3.0405405405405332,2.7027027027026946
2072,Die Grünen,3134,19,0.0,0.0,6.854551920341398,0.0,0.0,4.673423423423426,1.8492176386913215,7.361308677098151,9.975106685633016,0.5156472261735487,6.3122332859175,15.11379800853485,6.418918918918919,0.3378378378378315,8.445945945945958,2.702702702702709,2.0270270270270316,8.108108108108105
1500,FDP,3134,19,1.0,1.0,3.0523944997629187,1.0,1.0,3.603603603603606,2.8271692745377024,2.6671408250355597,2.7382645803698367,5.903271692745371,1.5647226173541924,2.6137980085348502,4.054054054054056,0.0,5.067567567567565,5.067567567567579,4.391891891891895,3.0405405405405403
242,Die Grünen,3134,19,1.0,0.0,3.0435040303461314,1.0,1.0,2.5900900900900887,4.445234708392597,3.1294452347083777,1.8669985775248819,0.8712660028449548,3.0049786628734054,4.943100995732571,0.6756756756756843,5.4054054054054035,3.7162162162162105,3.0405405405405403,1.6891891891891788,1.0135135135135158
1808,Die Grünen,3134,19,0.0,0.0,5.200924608819343,0.0,0.0,4.110360360360361,2.115931721194869,1.2980085348506378,7.503556187766705,3.556187766714082,12.553342816500717,4.17852062588905,1.3513513513513544,1.0135135135135158,6.418918918918919,5.067567567567565,6.418918918918926,4.391891891891888
1886,CDU,3134,19,1.0,1.0,1.9618302513039343,1.0,1.0,5.461711711711712,0.4800853485063925,3.1116642958748244,2.5426742532005733,1.1557610241820697,1.2802275960170775,3.200568990042669,2.0270270270270316,3.0405405405405403,7.770270270270274,4.391891891891888,8.108108108108105,7.432432432432435
1566,SPD,3134,19,1.0,0.0,2.6612138454243763,1.0,1.0,1.2387387387387403,5.26315789473685,0.9601706970128063,5.138691322901856,1.369132290184929,0.3378378378378386,2.8982930298719793,0.0,1.689189189189186,2.7027027027026946,0.3378378378378457,2.0270270270270316,0.6756756756756843
1880,FDP,3134,19,1.0,1.0,4.160739687055481,1.0,1.0,3.6036036036036045,4.463015647226179,1.475817923186355,1.9381223328591801,8.285917496443822,8.80156472261735,0.0,2.364864864864863,2.702702702702709,3.0405405405405475,3.378378378378379,6.081081081081081,4.054054054054049
1780,bunt.saar,3134,19,1.0,1.0,6.481152204836419,1.0,0.0,2.8716216216216197,3.8940256045519206,2.6849217638691343,8.570412517780937,4.196301564722617,16.145092460881934,3.3961593172119677,3.378378378378372,2.3648648648648702,2.364864864864856,1.3513513513513544,4.391891891891895,3.378378378378372
4491,CDU,3134,19,1.0,1.0,7.349454717875772,1.0,1.0,1.238738738738738,4.391891891891902,8.108108108108105,4.623044096728307,8.819345661450917,13.744665718349935,4.409672830725462,0.3378378378378386,0.3378378378378315,2.0270270270270245,0.6756756756756701,4.054054054054063,0.0
1908,bunt.saar,3134,19,1.0,0.0,2.619724988146037,1.0,1.0,2.195945945945945,1.7780938833570303,0.5689900426742511,5.903271692745371,2.009246088193457,4.480796586059739,0.9779516358463738,3.0405405405405332,3.0405405405405403,0.6756756756756772,2.0270270270270316,3.0405405405405403,1.3513513513513473
634,bunt.saar,3134,19,0.0,1.0,5.1535087719298245,1.0,1.0,0.9009009009008982,5.707681365576107,1.795874822190612,7.0945945945945965,0.37339971550497353,9.352773826458034,6.596728307254622,0.3378378378378315,0.3378378378378386,0.6756756756756772,1.0135135135135087,1.3513513513513402,1.689189189189193
4627,Die Grünen,3134,19,1.0,0.0,4.172593646277854,1.0,0.0,5.1238738738738725,1.2980085348506378,2.7560455192034112,5.174253200568998,5.352062588904694,7.325746799431002,3.1294452347083848,7.094594594594589,5.743243243243235,4.054054054054063,7.432432432432435,2.364864864864863,4.054054054054049
1510,CDU,3134,19,0.0,0.0,6.276671408250356,1.0,0.0,1.7454954954954947,2.951635846372696,0.6401137980085352,10.79302987197724,4.498577524893314,11.397581792318633,7.3790896159317185,2.0270270270270316,2.3648648648648702,3.0405405405405332,0.6756756756756701,2.364864864864863,0.0
1013,FDP,3134,19,1.0,1.0,5.713608345187293,0.0,1.0,5.461711711711715,5.4765291607396875,4.907539118065429,5.423186344238971,9.60170697012802,3.2894736842105345,5.583214793741114,3.378378378378386,2.702702702702709,7.770270270270267,4.391891891891902,5.4054054054054035,9.121621621621621
1733,FDP,3134,19,0.0,0.0,3.603603603603601,0.0,0.0,9.234234234234233,2.7027027027026946,4.694167852062591,4.338549075391178,3.698435277382636,4.569701280227605,1.6180654338549019,3.378378378378372,12.837837837837839,11.824324324324323,3.378378378378372,9.121621621621621,14.86486486486487
826,FDP,3134,19,1.0,1.0,2.9990516832622114,0.0,1.0,3.265765765765766,4.569701280227605,1.902560455192031,2.5426742532005733,2.3115220483641536,3.165007112375534,3.5028449502133725,1.3513513513513473,4.054054054054049,5.067567567567572,2.3648648648648702,2.0270270270270316,4.729729729729726
3283,bunt.saar,3134,19,0.0,1.0,4.030346135609293,0.0,1.0,1.126126126126125,6.401137980085352,5.1031294452347,3.7517780938833525,1.0135135135135087,5.369843527738276,2.5426742532005733,1.0135135135135158,1.689189189189193,0.6756756756756772,1.0135135135135087,0.675675675675663,1.689189189189193
3343,CDU,3134,19,1.0,0.0,4.652678994784256,1.0,0.0,2.3648648648648654,3.3250355618776624,0.1422475106685539,3.7517780938833525,6.7745376955903325,9.192745376955905,4.729729729729726,0.6756756756756701,3.7162162162162176,1.3513513513513473,2.3648648648648702,3.7162162162162176,2.3648648648648702
5113,Die Grünen,3134,19,1.0,0.0,2.7441915599810316,1.0,1.0,1.3513513513513509,4.87197724039828,0.8890469416785152,3.4317211948790884,0.9957325746799484,6.276671408250358,0.0,2.364864864864856,2.0270270270270316,0.3378378378378386,0.0,0.6756756756756843,2.7027027027026946
2225,CDU,3134,19,1.0,1.0,4.406709340919868,0.0,1.0,1.8018018018018,2.9694167852062563,3.556187766714089,0.5689900426742511,4.285206258890469,12.162162162162161,2.8982930298719793,0.3378378378378386,3.7162162162162105,1.3513513513513473,0.6756756756756701,3.378378378378379,1.3513513513513544
3356,bunt.saar,3134,19,1.0,0.0,5.352062588904695,1.0,0.0,12.556306306306311,1.3157894736842124,1.1735419630156514,7.04125177809388,6.490042674253196,12.87339971550498,3.2183499288762505,9.121621621621621,5.743243243243249,14.86486486486487,15.202702702702709,15.54054054054054,14.86486486486487
4673,FDP,3134,19,1.0,0.0,3.659909909909912,1.0,0.0,4.842342342342342,0.10668563300142608,5.387624466571836,3.9651493598862046,1.8847795163584706,4.42745376955903,6.187766714082507,6.756756756756758,2.7027027027026946,4.391891891891895,5.743243243243249,4.054054054054056,5.4054054054054035
1581,Die Grünen,3134,19,1.0,1.0,5.337245139876717,1.0,0.0,2.4211711711711743,3.200568990042669,5.7610241820768096,3.413940256045514,6.934566145092461,8.766002844950215,3.94736842105263,2.702702702702709,2.702702702702709,0.6756756756756772,3.378378378378372,2.702702702702709,2.3648648648648702
1710,SPD,3134,19,0.0,0.0,7.971787577050737,0.0,1.0,3.2094594594594597,1.0846372688477999,5.352062588904694,13.495732574679948,3.876244665718346,16.482930298719772,7.539118065433861,3.7162162162162176,1.3513513513513473,3.378378378378379,3.378378378378379,5.4054054054054035,2.0270270270270316
3157,Die Grünen,3134,19,1.0,0.0,2.904220009483167,1.0,0.0,3.209459459459462,2.8449502133712556,4.285206258890469,0.5689900426742582,0.3022759601707037,7.2724039829302995,2.151493598862018,2.364864864864863,3.378378378378379,2.3648648648648702,4.391891891891895,3.378378378378379,3.378378378378386
4531,SPD,3134,19,0.0,0.0,5.805476529160742,1.0,0.0,1.970720720720724,1.4580369843527734,3.413940256045514,8.410384068278809,2.275960170697026,11.842105263157897,7.432432432432435,4.391891891891902,0.3378378378378386,0.3378378378378386,3.0405405405405475,1.3513513513513473,2.3648648648648702
1823,CDU,3134,19,1.0,0.0,4.394855381697487,1.0,0.0,4.842342342342344,1.7247510668563137,5.88549075391181,3.94736842105263,8.090327169274545,3.09388335704125,3.627311522048373,0.3378378378378386,5.4054054054054035,8.445945945945944,1.013513513513523,5.743243243243242,8.108108108108112
2158,bunt.saar,3134,19,1.0,1.0,5.346135609293506,1.0,1.0,3.153153153153159,2.0625889046941666,1.689189189189193,5.4409672830725455,3.8584637268847786,12.215504978662878,6.8100995732574745,3.378378378378379,0.3378378378378457,3.7162162162162247,4.054054054054056,3.7162162162162247,3.7162162162162247
4348,bunt.saar,3134,19,0.0,0.0,5.32242769084874,0.0,1.0,1.85810810810811,2.1692745376955855,3.307254623044095,5.4054054054054035,3.7517780938833525,9.886201991465143,7.4146514935988606,3.0405405405405403,1.689189189189193,2.0270270270270316,1.3513513513513473,1.3513513513513544,1.689189189189193
1084,SPD,3134,19,1.0,1.0,7.776197249881463,1.0,1.0,1.2387387387387403,5.334281650071119,8.108108108108105,14.43812233285918,0.2844950213371291,7.290184921763881,11.201991465149362,0.3378378378378386,0.6756756756756772,2.0270270270270316,0.3378378378378457,2.0270270270270316,2.0270270270270174
294,CDU,3134,19,1.0,1.0,1.689189189189186,1.0,1.0,2.4774774774774797,0.37339971550498063,3.1294452347083777,2.115931721194869,0.5334281650071233,0.5512091038406766,3.4317211948790884,0.3378378378378457,3.0405405405405475,3.0405405405405332,3.378378378378379,3.7162162162162176,1.3513513513513544
4392,DIE LINKE,3134,19,1.0,1.0,2.4508060692271223,1.0,0.0,2.0833333333333335,1.5647226173541924,0.5867709815078399,5.067567567567565,3.1294452347083777,2.151493598862025,2.2048364153627347,1.0135135135135087,2.7027027027026946,3.378378378378379,1.3513513513513473,3.0405405405405475,1.013513513513523
568,Die Grünen,3134,19,0.0,1.0,2.7619724988146004,0.0,1.0,2.1959459459459474,2.115931721194869,0.284495021337122,5.974395448079662,2.933854907539107,4.889758179231862,0.37339971550498063,4.391891891891902,1.3513513513513402,0.6756756756756843,3.0405405405405546,1.689189189189186,2.0270270270270174
2645,Die Grünen,3134,19,1.0,1.0,2.9249644381223283,1.0,1.0,2.59009009009009,5.707681365576107,2.4893314366998567,2.7738264580369787,4.818634423897578,1.7247510668563137,0.03556187766713492,4.729729729729733,0.3378378378378386,0.6756756756756772,5.067567567567565,0.6756756756756772,4.054054054054049
280,DIE LINKE,3134,19,1.0,1.0,6.03959222380275,0.0,1.0,1.6891891891891906,0.6756756756756772,1.0668563300142182,12.588904694167852,6.223328591749642,10.91749644381224,4.765291607396875,1.689189189189193,2.7027027027026946,2.7027027027027017,1.689189189189186,1.013513513513523,0.3378378378378457
4988,bunt.saar,3134,19,1.0,0.0,8.768966334755804,1.0,1.0,0.5067567567567579,2.6315789473684177,2.7027027027026946,10.95305832147936,8.854907539118052,19.98577524893315,7.485775248933152,0.3378378378378386,0.3378378378378386,0.3378378378378528,0.675675675675663,0.6756756756756772,0.6756756756756772
2795,FDP,3134,19,0.0,0.0,5.96846846846847,0.0,1.0,3.209459459459461,3.165007112375541,0.6578947368421098,10.135135135135137,6.1877667140825,8.108108108108105,7.556899004267429,3.7162162162162176,0.3378378378378386,5.067567567567572,0.6756756756756843,5.743243243243242,3.7162162162162105
480,bunt.saar,3134,19,0.0,0.0,4.928283546704601,0.0,0.0,3.772522522522525,2.6315789473684177,4.267425320056894,3.165007112375534,3.0405405405405403,11.94879089615933,4.516358463726888,6.756756756756758,0.3378378378378386,1.3513513513513544,5.743243243243235,4.7297297297297405,3.7162162162162247
184,FDP,3134,19,0.0,1.0,3.4850640113798,1.0,1.0,2.759009009009006,2.8271692745377024,3.520625889046933,7.1301564722617385,2.5426742532005733,0.7290184921763796,4.160739687055475,5.4054054054054035,2.0270270270270245,2.3648648648648702,4.729729729729726,0.675675675675663,1.3513513513513473
5002,CDU,3134,19,0.0,0.0,3.4050497866287337,0.0,0.0,5.0112612612612635,7.716927453769557,2.5960170697012828,1.4224751066856385,7.23684210526315,0.6756756756756772,0.7823613086770962,6.081081081081081,0.3378378378378386,6.081081081081088,6.081081081081088,5.743243243243242,5.743243243243242
1324,SPD,3134,19,0.0,1.0,7.793978188715026,1.0,0.0,1.9707207207207194,4.107396870554773,11.539829302987194,7.645803698435266,0.49786628733995997,12.980085348506393,9.992887624466569,3.378378378378372,0.6756756756756701,3.0405405405405332,0.6756756756756843,2.3648648648648702,1.689189189189186
579,FDP,3134,19,1.0,0.0,4.774182076813658,1.0,1.0,1.520270270270269,6.632290184921764,7.02347083926032,0.9601706970128063,4.783072546230443,7.254623044096725,1.9914651493598896,0.675675675675663,0.6756756756756701,2.702702702702709,1.3513513513513544,0.6756756756756701,3.0405405405405475
3250,Die Grünen,3134,19,1.0,1.0,5.912162162162162,1.0,1.0,4.4481981981982,1.3335704125177799,7.912517780938828,6.116642958748216,3.5739687055476566,10.881934566145091,5.654338549075405,5.067567567567572,0.0,5.067567567567565,6.418918918918919,5.067567567567579,5.067567567567565
65,bunt.saar,3134,19,1.0,0.0,5.645448079658606,1.0,1.0,0.731981981981979,6.152204836415358,8.036984352773821,4.000711237553347,0.9957325746799484,11.415362731152207,3.271692745376953,0.3378378378378315,0.6756756756756772,0.675675675675663,1.0135135135135087,1.3513513513513544,0.3378378378378386
210,SPD,3134,19,1.0,0.0,6.845661450924609,1.0,0.0,3.885135135135137,6.454480796586061,2.7382645803698438,11.024182076813652,4.943100995732571,7.432432432432435,8.481507823613093,0.0,2.364864864864856,5.067567567567572,9.121621621621621,3.7162162162162247,3.0405405405405475
2396,bunt.saar,3134,19,0.0,1.0,3.245021337126604,0.0,1.0,3.040540540540539,1.795874822190612,5.849928876244675,5.672119487908951,1.7425320056899025,3.9651493598862118,0.4445234708392718,0.6756756756756701,6.4189189189189335,2.3648648648648702,2.0270270270270316,3.0405405405405332,3.7162162162161962
2860,DIE LINKE,3134,19,0.0,1.0,5.032005689900429,0.0,1.0,2.7027027027027004,2.275960170697026,3.3250355618776624,6.490042674253203,1.689189189189186,7.752489331436706,8.659317211948789,2.364864864864856,2.7027027027026946,3.378378378378379,4.729729729729719,0.6756756756756843,2.3648648648648702
931,bunt.saar,3134,19,1.0,1.0,7.986605026078707,1.0,1.0,2.25225225225225,7.23684210526315,4.658605974395449,10.152916073968704,6.454480796586054,11.46870554765291,7.948079658605977,5.067567567567565,0.0,1.3513513513513544,4.391891891891888,1.6891891891891788,1.0135135135135158
3414,FDP,3134,19,1.0,1.0,2.536747273589383,1.0,1.0,2.8153153153153117,0.2489331436699942,2.1337126600284506,2.631578947368425,1.9025604551920452,1.582503556187767,6.721194879089616,1.0135135135135087,2.3648648648648702,5.067567567567565,0.675675675675663,3.7162162162162105,4.054054054054053
1635,FDP,3134,19,1.0,1.0,2.3085585585585604,1.0,1.0,1.1261261261261264,0.5689900426742582,0.3378378378378386,2.151493598862025,6.241109530583216,3.7517780938833525,0.8001422475106708,1.01351351351353,1.3513513513513473,1.0135135135135087,0.0,0.6756756756756701,2.7027027027027017
101,CDU,3134,19,0.0,0.0,5.020151730678047,0.0,0.0,1.6891891891891895,2.916073968705547,1.795874822190612,2.0270270270270316,11.966571834992884,10.08179231863442,1.333570412517787,0.3378378378378386,2.364864864864863,1.013513513513523,1.689189189189186,2.364864864864863,2.364864864864863
3538,FDP,3134,19,1.0,0.0,7.343527738264581,1.0,0.0,3.2657657657657673,5.743243243243242,5.014224751066855,9.797297297297305,2.258179231863437,13.442389758179239,7.805832147937409,4.054054054054063,0.0,4.054054054054063,2.0270270270270174,3.7162162162162176,5.743243243243242
2973,FDP,3134,19,0.0,0.0,4.8897581792318645,0.0,0.0,8.502252252252257,0.8890469416785152,1.4935988620199083,6.863442389758184,3.2183499288762576,5.28093883357041,11.59317211948791,3.378378378378379,6.418918918918919,12.500000000000007,0.6756756756756843,13.851351351351354,14.189189189189193
4642,Die Grünen,3134,19,1.0,1.0,6.8723328591749615,1.0,1.0,0.7882882882882901,6.152204836415365,6.810099573257467,6.472261735419622,4.80085348506401,7.3790896159317185,9.619487908961588,1.3513513513513473,1.3513513513513473,0.3378378378378528,0.0,1.3513513513513544,0.3378378378378386
1428,FDP,3134,19,0.0,1.0,3.049431009957324,0.0,1.0,3.9414414414414423,1.0490753911806578,2.1692745376955855,3.0761024182076824,7.361308677098144,0.5512091038406837,4.089615931721191,1.3513513513513402,4.391891891891895,5.067567567567572,2.0270270270270316,5.743243243243249,5.067567567567565
1431,CDU,3134,19,1.0,0.0,5.547652916073968,1.0,1.0,1.463963963963965,6.934566145092461,3.69843527738265,1.3513513513513473,9.334992887624459,9.601706970128028,2.364864864864863,2.0270270270270174,0.0,0.0,3.0405405405405475,2.3648648648648702,1.3513513513513544
2359,bunt.saar,3134,19,0.0,0.0,6.359649122807017,1.0,1.0,2.2522522522522515,1.4580369843527734,4.658605974395449,8.26813655761024,1.8847795163584635,12.837837837837839,9.050497866287337,2.0270270270270245,0.3378378378378386,1.0135135135135158,2.7027027027027017,3.378378378378379,4.054054054054049
3700,DIE LINKE,3134,19,0.0,0.0,5.799549549549547,0.0,1.0,1.8018018018018023,10.330725462304407,5.26315789473685,7.183499288762434,2.1692745376955855,7.876955903271693,1.973684210526315,0.6756756756756701,0.3378378378378386,2.0270270270270245,2.0270270270270245,1.689189189189193,4.054054054054063
2060,DIE LINKE,3134,19,1.0,0.0,3.98885727833096,1.0,1.0,1.8018018018018012,5.796586059743959,2.293741109530579,0.8357041251778057,3.520625889046933,7.69914651493599,3.7873399715504945,3.7162162162162176,0.3378378378378386,1.3513513513513473,2.702702702702709,0.0,2.7027027027026946
1281,bunt.saar,3134,19,1.0,1.0,2.021100047415833,1.0,0.0,1.7454954954954935,0.35561877667140607,1.5825035561877598,3.449502133712656,1.9559032716927405,4.658605974395449,0.12446657183498644,1.3513513513513615,1.0135135135135016,1.689189189189193,1.0135135135135158,2.7027027027026946,2.7027027027026946
3578,SPD,3134,19,0.0,1.0,7.269440493124701,0.0,1.0,3.2657657657657624,4.605263157894733,11.237553342816504,9.157183499288756,0.03556187766713492,12.997866287339967,5.583214793741114,1.3513513513513473,1.0135135135135087,2.7027027027026946,3.378378378378379,7.432432432432428,3.7162162162162176
438,CDU,3134,19,1.0,0.0,4.113323850165951,1.0,1.0,0.7882882882882924,0.7645803698435287,4.551920341394016,4.551920341394016,0.23115220483641252,6.169985775248925,8.410384068278809,1.689189189189193,0.3378378378378386,0.3378378378378457,1.3513513513513473,0.3378378378378457,0.6756756756756843
3866,FDP,3134,19,1.0,0.0,4.6971313418681815,1.0,1.0,1.4639639639639614,8.161450924608815,4.285206258890469,0.5512091038406837,7.841394025604544,0.8357041251778057,6.507823613086771,0.3378378378378386,0.3378378378378386,0.3378378378378315,3.378378378378372,2.0270270270270245,2.364864864864863
1485,SPD,3134,19,1.0,0.0,3.6154575628259806,0.0,0.0,4.166666666666667,5.209815078236119,1.760312944523477,1.973684210526315,2.5248933143669916,3.413940256045514,6.810099573257467,0.3378378378378386,0.3378378378378315,6.418918918918912,1.3513513513513615,9.121621621621621,7.432432432432435
4973,SPD,3134,19,0.0,1.0,3.6688003793266923,1.0,1.0,4.054054054054053,6.418918918918912,2.080369843527741,3.1827880512090942,7.325746799431009,1.6714082503556114,1.333570412517787,6.081081081081074,3.378378378378379,1.689189189189186,7.770270270270274,0.3378378378378386,5.067567567567565
3226,Die Grünen,3134,19,0.0,0.0,3.5917496443812227,0.0,0.0,3.2657657657657673,1.0668563300142253,0.426742532005683,6.223328591749642,3.378378378378379,6.223328591749642,4.231863442389766,4.729729729729733,3.378378378378379,2.702702702702709,4.054054054054056,1.689189189189186,3.0405405405405403
1564,bunt.saar,3134,19,1.0,0.0,5.802513039355147,1.0,1.0,2.0270270270270303,2.631578947368425,5.0497866287340045,3.307254623044102,2.6493598862019923,14.100284495021342,7.076813655761015,2.3648648648648702,1.3513513513513686,2.0270270270270316,2.0270270270270245,3.0405405405405332,1.3513513513513544
4133,FDP,3134,19,0.0,1.0,3.170934091986721,1.0,1.0,4.448198198198199,2.2403982930298625,4.000711237553347,3.200568990042669,7.574679943100989,1.1913229018492189,0.8179231863442382,1.013513513513523,4.729729729729733,8.445945945945944,3.378378378378372,2.0270270270270245,7.0945945945945965
3701,FDP,3134,19,1.0,1.0,2.335229966808914,1.0,1.0,1.4076576576576596,3.378378378378372,3.5028449502133725,0.35561877667140607,2.151493598862018,3.2894736842105274,1.333570412517787,0.6756756756756772,0.6756756756756772,2.0270270270270316,0.6756756756756772,3.0405405405405403,1.3513513513513544
3555,bunt.saar,3134,19,1.0,1.0,3.3279990516832627,0.0,0.0,1.85810810810811,2.6849217638691343,3.2539118065433854,0.6401137980085352,3.805120910384062,7.21906116642959,2.3648648648648702,1.689189189189193,0.3378378378378386,0.0,0.6756756756756772,4.054054054054049,4.391891891891902
3429,FDP,3134,19,1.0,1.0,3.2805832147937384,1.0,0.0,6.756756756756758,0.23115220483641252,4.747510668563294,4.374110953058327,2.044807965860592,4.907539118065426,3.378378378378379,5.405405405405411,10.810810810810807,5.743243243243242,4.729729729729726,7.432432432432442,6.418918918918919
4401,Die Grünen,3134,19,1.0,0.0,5.260194404931247,1.0,1.0,8.558558558558557,3.5739687055476637,1.7425320056898954,5.672119487908958,4.80085348506401,8.499288762446653,7.2724039829302995,7.770270270270274,3.0405405405405332,10.472972972972968,11.148648648648653,9.121621621621621,9.797297297297291
2088,SPD,3134,19,0.0,0.0,4.8127074442863895,0.0,0.0,2.2522522522522563,0.6578947368421026,4.2140825035561775,8.26813655761024,0.5512091038406766,8.694879089615938,6.490042674253203,2.3648648648648702,0.6756756756756843,3.7162162162162247,1.0135135135135158,5.067567567567565,0.6756756756756772
2234,FDP,3134,19,0.0,0.0,3.562114746325271,1.0,1.0,1.3513513513513533,7.0945945945945965,3.733997155049792,1.6180654338549019,5.156472261735409,2.5426742532005733,1.2268847795163538,1.689189189189186,1.3513513513513473,0.3378378378378457,2.702702702702709,2.0270270270270316,0.0
880,CDU,3134,19,1.0,1.0,6.37446657183499,1.0,1.0,6.024774774774772,5.352062588904694,11.308677098150781,0.7112375533428121,6.454480796586061,10.010668563300136,4.409672830725455,4.391891891891888,8.445945945945951,6.418918918918916,4.391891891891888,7.094594594594589,5.4054054054054035
1616,FDP,3134,19,0.0,0.0,3.289473684210525,1.0,1.0,1.689189189189186,3.3605974395447973,2.2759601706970045,3.7162162162162176,5.707681365576114,2.5604551920341407,2.115931721194876,1.0135135135135158,1.6891891891891788,2.7027027027027017,2.0270270270270174,0.0,2.7027027027027017
4638,FDP,3134,19,1.0,1.0,4.439307728781412,1.0,1.0,2.308558558558557,2.773826458036986,3.1116642958748173,5.867709815078236,1.1735419630156514,5.494310099573255,8.214793741109531,5.067567567567565,2.364864864864863,2.3648648648648702,2.7027027027026946,0.3378378378378315,1.0135135135135158
4383,SPD,3134,19,1.0,0.0,2.3441204362256998,1.0,1.0,2.0270270270270303,1.475817923186355,0.6223328591749677,4.445234708392604,2.115931721194869,0.9068278805120968,4.498577524893307,0.6756756756756843,3.0405405405405546,1.6891891891891788,3.7162162162162176,2.7027027027026946,0.3378378378378528
570,Die Grünen,3134,19,1.0,1.0,2.355974395448078,1.0,0.0,1.1261261261261228,0.604551920341386,0.46230440967282505,1.226884779516368,2.6315789473684177,7.361308677098144,1.8492176386913286,2.0270270270270245,0.675675675675663,1.6891891891891788,0.3378378378378386,0.6756756756756772,1.3513513513513544
4803,FDP,3134,19,0.0,0.0,2.7145566619250836,0.0,1.0,3.8288288288288292,6.934566145092454,5.672119487908965,0.053342816500716594,0.0,0.604551920341386,3.02275960170698,6.418918918918912,4.391891891891895,5.067567567567572,1.689189189189193,4.054054054054056,1.3513513513513473
3554,bunt.saar,3134,19,0.0,1.0,6.036628733997155,1.0,1.0,1.9144144144144128,3.2894736842105274,0.8712660028449477,10.9352773826458,1.0846372688477928,13.869132290184929,6.169985775248932,2.3648648648648702,1.6891891891891788,0.675675675675663,3.378378378378379,1.689189189189193,1.689189189189193
4777,CDU,3134,19,1.0,1.0,5.331318160265528,1.0,0.0,3.096846846846848,0.8534850640113802,5.689900426742533,5.423186344238985,2.400426742531998,9.03271692745377,8.588193456614505,0.0,1.689189189189186,5.405405405405411,0.6756756756756914,3.7162162162162105,7.094594594594589
3083,SPD,3134,19,0.0,0.0,5.28093883357041,0.0,0.0,1.9707207207207205,1.1024182076813602,7.450213371266003,5.903271692745371,0.12446657183499354,7.894736842105267,9.210526315789465,3.0405405405405475,0.3378378378378315,2.3648648648648702,2.0270270270270316,1.3513513513513473,2.7027027027026946
4814,Die Grünen,3134,19,1.0,0.0,3.591749644381222,1.0,1.0,0.8445945945945977,0.6223328591749677,5.903271692745371,1.8136557610241795,3.8584637268847715,5.707681365576114,3.6450924608819264,0.3378378378378386,2.364864864864863,0.3378378378378386,1.0135135135135158,0.6756756756756914,0.3378378378378386
2794,bunt.saar,3134,19,0.0,0.0,6.187766714082507,1.0,1.0,1.2950450450450457,3.982930298719772,3.9118065433855023,9.886201991465143,1.0490753911806578,9.495021337126602,8.801564722617364,1.0135135135135087,0.3378378378378386,0.3378378378378386,2.702702702702709,1.0135135135135087,2.3648648648648702
3936,DIE LINKE,3134,19,1.0,0.0,2.9486723565670885,0.0,0.0,2.421171171171173,1.1557610241820626,2.258179231863444,6.952347083926028,1.831436699857747,5.014224751066855,0.4800853485063925,4.391891891891902,0.3378378378378457,2.3648648648648702,1.689189189189186,2.0270270270270245,3.7162162162162105
850,Die Grünen,3134,19,0.0,0.0,4.756401137980085,0.0,0.0,6.925675675675678,1.4935988620199083,0.10668563300143319,8.428165007112376,4.480796586059739,10.330725462304414,3.698435277382636,4.391891891891895,3.0405405405405546,9.797297297297305,7.770270270270274,9.797297297297291,6.756756756756751
3711,bunt.saar,3134,19,0.0,0.0,6.285561877667141,0.0,1.0,1.1261261261261264,4.142958748221901,2.738264580369851,8.55263157894737,4.711948790896159,10.526315789473685,7.04125177809388,0.6756756756756701,1.01351351351353,0.3378378378378386,0.3378378378378386,1.689189189189186,2.7027027027026946
1879,bunt.saar,3134,19,1.0,1.0,5.858819345661449,1.0,1.0,0.3378378378378386,1.0490753911806578,4.925320056899011,9.157183499288756,1.5647226173541924,10.810810810810807,7.645803698435273,0.0,0.3378378378378386,0.3378378378378386,0.6756756756756772,0.0,0.6756756756756772
4347,CDU,3134,19,0.0,1.0,2.2166903745851108,0.0,1.0,4.504504504504503,1.618065433854909,1.7069701280227676,2.4537695590327075,1.724751066856328,4.214082503556185,1.582503556187767,1.3513513513513473,2.3648648648648702,5.4054054054054035,4.391891891891888,8.445945945945951,5.067567567567558
2592,CDU,3134,19,1.0,0.0,2.9783072546230422,1.0,0.0,3.7725225225225194,4.943100995732578,9.690611664295872,1.1735419630156443,1.1201991465149348,0.49786628733995997,0.4445234708392647,3.7162162162162105,0.6756756756756701,6.418918918918919,2.702702702702709,4.391891891891881,4.729729729729726
4342,bunt.saar,3134,19,1.0,0.0,5.2809388335704135,0.0,1.0,1.2950450450450468,2.7560455192034112,1.369132290184929,7.752489331436699,2.00924608819345,11.34423897581793,6.454480796586061,2.0270270270270316,2.0270270270270316,0.6756756756756772,1.3513513513513473,0.3378378378378386,1.3513513513513544
566,bunt.saar,3134,19,0.0,1.0,4.264461830251307,1.0,1.0,2.5337837837837838,0.1955903271692776,3.485064011379805,6.490042674253203,4.196301564722617,6.632290184921764,4.587482219061172,1.689189189189186,4.054054054054063,0.3378378378378386,0.6756756756756772,4.729729729729726,3.7162162162162105
3923,bunt.saar,3134,19,1.0,1.0,0.7971787577050774,1.0,0.0,4.842342342342342,1.5291607396870575,0.8534850640113874,0.5512091038406766,0.2489331436699942,1.369132290184929,0.23115220483641963,1.689189189189193,8.108108108108098,6.756756756756751,5.067567567567565,2.0270270270270316,5.405405405405418
1382,CDU,3134,19,1.0,1.0,7.808795637743002,1.0,1.0,1.4076576576576574,5.4054054054054035,11.166429587482213,8.268136557610234,3.520625889046933,11.326458036984356,7.1657183499288735,2.3648648648648702,1.0135135135135087,0.0,0.6756756756756772,3.378378378378372,1.0135135135135158
1869,Die Grünen,3134,19,0.0,0.0,6.01588430535799,0.0,0.0,2.08333333333333,6.009957325746804,4.587482219061172,6.347795163584628,1.2802275960170775,11.539829302987194,6.330014224751068,1.689189189189186,4.391891891891888,0.6756756756756772,3.378378378378379,1.0135135135135087,1.3513513513513402
4367,bunt.saar,3134,19,1.0,0.0,6.0573731626363205,1.0,0.0,2.7027027027027075,7.432432432432435,2.6493598862019923,7.04125177809388,5.1209103840682815,10.633001422475111,3.4672830725462234,1.689189189189193,1.689189189189193,2.3648648648648702,3.7162162162162176,3.378378378378386,3.378378378378386
3656,Die Grünen,3134,19,1.0,0.0,4.13999525841631,1.0,0.0,4.2792792792792795,7.450213371266003,2.3648648648648702,1.2802275960170775,5.8321479374110865,5.45874822190612,2.4537695590327075,1.689189189189193,4.391891891891888,4.729729729729733,3.0405405405405332,6.756756756756758,5.067567567567572
1450,SPD,3134,19,0.0,0.0,4.931247036510194,0.0,1.0,0.8445945945945953,3.8584637268847715,1.0312944523470833,4.729729729729726,2.3470839260312957,11.006401137980092,6.614509246088197,0.3378378378378386,0.3378378378378386,0.3378378378378386,1.0135135135135087,2.702702702702709,0.3378378378378386
5194,FDP,3134,19,1.0,1.0,4.960881934566143,1.0,1.0,2.4211711711711694,0.6578947368421026,4.747510668563301,4.889758179231862,3.5739687055476566,10.73968705547653,5.156472261735409,2.3648648648648702,1.3513513513513544,2.702702702702709,1.3513513513513402,4.391891891891888,2.364864864864856
1819,Die Grünen,3134,19,0.0,0.0,6.196657183499286,0.0,0.0,3.15315315315315,4.67638691322901,2.86273115220483,6.614509246088197,2.471550497866282,13.40682788051209,7.147937411095306,5.405405405405389,3.0405405405405403,1.689189189189186,3.378378378378372,4.391891891891895,1.0135135135135158
1301,FDP,3134,19,0.0,0.0,5.360953058321481,1.0,1.0,1.351351351351352,6.756756756756758,0.6401137980085352,7.5213371266002795,6.952347083926043,4.587482219061165,5.707681365576107,3.7162162162162105,0.3378378378378386,1.3513513513513473,0.3378378378378457,2.0270270270270245,0.3378378378378457
902,CDU,3134,19,1.0,0.0,2.299668089141773,1.0,1.0,3.153153153153152,0.3911806543385552,2.258179231863444,2.3826458036984306,4.623044096728307,1.9559032716927476,2.187055476529153,2.0270270270270316,3.378378378378372,3.7162162162162176,2.364864864864856,3.0405405405405475,4.391891891891888
2886,FDP,3134,19,1.0,0.0,3.0849928876244674,1.0,0.0,1.7454954954954947,7.201280227596023,2.7738264580369787,1.1557610241820768,1.689189189189193,0.1955903271692776,5.494310099573255,1.0135135135135087,0.6756756756756772,3.0405405405405403,2.3648648648648702,0.6756756756756701,2.7027027027027017
2724,CDU,3134,19,1.0,0.0,2.800497866287344,1.0,1.0,1.9144144144144117,1.618065433854916,2.951635846372696,0.9068278805120897,1.0668563300142253,5.138691322901856,5.1209103840682815,2.0270270270270245,1.0135135135135087,3.0405405405405403,0.6756756756756701,3.378378378378379,1.3513513513513473
2719,CDU,3134,19,0.0,1.0,2.172238027501185,0.0,1.0,2.1959459459459487,3.2894736842105345,0.9957325746799413,1.1735419630156443,1.2268847795163538,3.520625889046933,2.8271692745377024,0.3378378378378386,1.689189189189186,2.3648648648648702,2.3648648648648702,4.054054054054056,2.3648648648648702
296,FDP,3134,19,1.0,0.0,4.623044096728306,0.0,0.0,1.4639639639639626,2.6671408250355597,4.818634423897571,4.231863442389766,1.9559032716927476,6.223328591749642,7.841394025604551,2.7027027027026946,0.0,0.3378378378378457,0.3378378378378315,2.3648648648648702,3.0405405405405332
2640,FDP,3134,19,1.0,0.0,2.382645803698432,1.0,0.0,1.1261261261261264,3.7162162162162105,0.8001422475106708,2.2759601706970045,3.413940256045514,2.507112375533424,1.582503556187767,0.6756756756756914,0.6756756756756701,0.3378378378378244,1.689189189189193,2.7027027027027017,0.6756756756756772
5076,FDP,3134,19,1.0,1.0,4.388928402086292,1.0,1.0,0.9572072072072064,6.169985775248925,1.8136557610241866,2.044807965860592,5.334281650071112,4.2496443812233196,6.721194879089616,1.689189189189186,0.6756756756756772,1.0135135135135158,1.0135135135135016,7.105427357601002e-15,1.3513513513513509
1871,FDP,3134,19,1.0,0.0,3.843646277856802,1.0,0.0,2.083333333333331,8.534850640113788,0.5512091038406837,0.9068278805120897,7.0590327169274545,4.285206258890469,1.724751066856328,1.689189189189193,4.391891891891888,0.6756756756756772,1.6891891891891788,2.0270270270270245,2.0270270270270245
4493,bunt.saar,3134,19,1.0,1.0,5.384660976766242,1.0,1.0,4.279279279279276,0.7823613086770962,4.480796586059739,7.681365576102436,2.8982930298719793,8.054765291607396,8.410384068278809,3.378378378378379,2.364864864864856,6.0810810810810665,4.391891891891902,5.067567567567565,4.391891891891888
1231,DIE LINKE,3134,19,0.0,0.0,7.524300616405878,0.0,0.0,3.096846846846848,0.426742532005683,4.889758179231862,11.34423897581793,1.4402560455191917,16.92745376955903,10.11735419630157,2.0270270270270316,2.0270270270270316,2.0270270270270316,4.054054054054049,3.7162162162162105,4.729729729729733
1525,DIE LINKE,3134,19,0.0,1.0,2.441915599810335,1.0,1.0,3.772522522522524,0.8534850640113874,1.9203413940255984,4.729729729729726,4.071834992887624,1.0135135135135087,2.0625889046941666,3.7162162162162176,2.0270270270270316,4.054054054054056,2.7027027027026946,7.432432432432435,2.702702702702709
159,bunt.saar,3134,19,0.0,0.0,8.202939781887148,1.0,1.0,1.0698198198198223,0.21337126600283796,7.46799431009957,10.668563300142253,4.320768136557611,14.22475106685632,12.32219061166429,1.0135135135135158,0.3378378378378386,0.3378378378378386,3.0405405405405332,1.3513513513513686,0.3378378378378386
4750,CDU,3134,19,1.0,1.0,2.474513987671884,1.0,1.0,3.71621621621622,4.409672830725462,0.9068278805120897,2.151493598862025,4.018492176386907,0.17780938833571014,3.1827880512091085,2.0270270270270316,3.378378378378372,4.054054054054056,4.054054054054063,4.391891891891895,4.391891891891902
3141,FDP,3134,19,1.0,1.0,4.0303461356092924,1.0,1.0,2.0833333333333344,2.187055476529153,2.400426742532005,4.356330014224753,5.636557610241823,8.783783783783782,0.8179231863442382,1.0135135135135158,1.013513513513523,3.378378378378379,1.6891891891891788,0.6756756756756772,4.729729729729733
1633,bunt.saar,3134,19,0.0,1.0,5.624703651019437,1.0,1.0,0.7882882882882877,4.818634423897571,0.17780938833570303,9.637268847795163,3.2539118065433854,9.299431009957324,6.561166429587473,0.6756756756756701,0.0,0.3378378378378386,1.013513513513523,0.6756756756756772,2.0270270270270174
5055,CDU,3134,19,1.0,1.0,2.9427453769559073,0.0,1.0,5.461711711711714,1.0312944523470904,4.17852062588905,7.876955903271693,0.40896159317212266,0.9423897581792389,3.2183499288762505,2.3648648648648702,3.7162162162162176,8.445945945945944,9.45945945945946,5.405405405405411,3.378378378378379
2337,bunt.saar,3134,19,1.0,1.0,5.215742057847322,0.0,1.0,8.558558558558554,3.0761024182076824,1.4580369843527734,10.13513513513513,1.6358463726884764,10.330725462304414,4.658605974395456,4.054054054054049,2.7027027027026946,12.837837837837824,6.756756756756758,12.162162162162161,12.837837837837839
2538,FDP,3134,19,1.0,1.0,3.6391654812707466,1.0,1.0,6.587837837837838,4.800853485064017,0.3911806543385552,2.1337126600284506,2.9338549075391214,7.02347083926032,4.551920341394016,0.6756756756756701,5.4054054054054035,10.472972972972975,1.013513513513523,8.108108108108105,13.851351351351347
3194,FDP,3134,19,0.0,1.0,3.9118065433854894,0.0,1.0,1.9144144144144128,3.982930298719765,4.302987197724036,5.316500711237566,8.926031294452343,0.1422475106685539,0.8001422475106708,3.7162162162162176,0.3378378378378315,0.3378378378378315,2.702702702702709,2.0270270270270245,2.364864864864863
592,bunt.saar,3134,19,1.0,0.0,6.075154101469887,1.0,1.0,1.4076576576576596,1.1735419630156443,1.0846372688477857,10.97083926031295,3.6450924608819406,10.615220483641522,8.961593172119478,1.3513513513513544,0.0,1.01351351351353,0.3378378378378457,1.6891891891891788,4.054054054054049
1835,FDP,3134,19,1.0,0.0,3.6006401137980064,1.0,1.0,3.2094594594594574,8.730440967283073,0.7290184921763796,3.3605974395448044,0.03556187766713492,5.369843527738269,3.378378378378379,2.7027027027027017,1.689189189189186,4.054054054054042,1.0135135135135087,2.702702702702709,7.0945945945945965
3566,CDU,3134,19,1.0,0.0,3.3072546230440985,0.0,0.0,4.110360360360359,1.618065433854916,2.773826458036986,3.8229018492176436,8.445945945945944,0.6756756756756772,2.507112375533424,1.689189189189186,3.0405405405405403,3.7162162162162176,6.756756756756758,3.0405405405405332,6.418918918918919
1192,CDU,3134,19,1.0,0.0,4.107396870554762,1.0,0.0,1.3513513513513509,1.6714082503556114,6.116642958748223,2.507112375533424,6.1877667140825,5.174253200568991,2.9871977240398238,1.013513513513523,2.0270270270270316,0.6756756756756701,2.7027027027026946,1.3513513513513473,0.3378378378378386
1998,DIE LINKE,3134,19,1.0,0.0,3.4998814604077757,1.0,0.0,7.48873873873874,4.587482219061172,1.7425320056899025,3.5028449502133725,0.3378378378378386,5.565433854907525,5.2631578947368425,8.108108108108105,5.405405405405411,11.486486486486491,2.0270270270270245,9.459459459459467,8.445945945945944
1858,FDP,3134,19,1.0,1.0,2.184091986723564,1.0,1.0,2.533783783783788,1.9203413940255984,0.9601706970127921,1.902560455192031,4.302987197724043,0.6756756756756772,3.342816500711244,3.7162162162162247,1.6891891891892001,1.3513513513513544,4.391891891891895,3.0405405405405403,1.0135135135135158
533,SPD,3134,19,1.0,1.0,3.532479848269323,0.0,1.0,3.6599099099099064,1.3157894736842124,6.899004267425312,3.805120910384062,0.17780938833571014,3.200568990042683,5.796586059743959,3.378378378378379,1.0135135135135158,5.4054054054054035,3.0405405405405403,1.3513513513513402,7.7702702702702595
3092,CDU,3134,19,1.0,1.0,8.730440967283075,1.0,0.0,5.968468468468472,5.280938833570417,9.299431009957331,9.797297297297305,3.698435277382643,14.029160739687057,10.277382645803698,6.418918918918919,2.3648648648648702,8.783783783783797,6.081081081081074,5.405405405405411,6.756756756756758
2267,bunt.saar,3134,19,0.0,1.0,2.7175201517306804,0.0,1.0,1.6328828828828843,0.23115220483641252,3.9651493598862118,3.6450924608819264,2.2226173541963092,3.5739687055476637,2.6671408250355597,0.3378378378378386,3.0405405405405475,2.0270270270270245,0.3378378378378386,3.0405405405405332,1.013513513513523
1339,CDU,3134,19,0.0,0.0,3.218349928876249,0.0,1.0,2.1959459459459487,3.5739687055476637,0.8001422475106708,3.2183499288762576,3.0761024182076824,6.827880512091042,1.8136557610241795,0.3378378378378386,2.702702702702709,4.054054054054042,1.3513513513513544,1.3513513513513544,3.378378378378393
778,DIE LINKE,3134,19,0.0,0.0,8.357041251778094,0.0,0.0,4.5608108108108105,3.271692745376953,2.275960170697026,14.900426742532005,5.298719772403977,17.887624466571836,6.507823613086771,9.459459459459453,0.6756756756756772,3.378378378378379,4.729729729729719,5.743243243243242,3.378378378378393
3568,CDU,3134,19,1.0,0.0,6.8545519203414,1.0,0.0,3.885135135135137,1.8847795163584777,7.556899004267429,8.712660028449513,2.489331436699864,10.046230440967285,10.437411095305833,4.391891891891902,4.391891891891888,3.0405405405405475,3.378378378378372,3.7162162162162176,4.391891891891895
4817,bunt.saar,3134,19,1.0,1.0,4.027382645803705,1.0,1.0,1.407657657657656,7.02347083926032,4.338549075391185,0.8890469416785294,5.26315789473685,4.711948790896166,1.9381223328591801,1.3513513513513544,1.689189189189193,2.7027027027026946,0.3378378378378386,1.6891891891891788,0.6756756756756772
3697,Die Grünen,3134,19,1.0,0.0,7.503556187766718,0.0,0.0,10.191441441441444,1.404694167852064,11.148648648648653,6.721194879089616,0.9957325746799413,11.94879089615933,12.802275960170704,5.067567567567565,8.445945945945958,12.162162162162161,8.783783783783782,12.837837837837846,13.851351351351354
2393,FDP,3134,19,1.0,1.0,2.901256519677574,1.0,1.0,1.013513513513517,5.921052631578952,0.6934566145092447,0.5334281650071091,4.978662873399728,2.115931721194876,3.165007112375534,0.3378378378378386,1.013513513513523,1.0135135135135158,3.7162162162162247,0.0,0.0
1198,bunt.saar,3134,19,0.0,0.0,5.725462304409675,1.0,0.0,1.2387387387387356,1.546941678520632,2.00924608819345,10.241820768136563,0.26671408250356166,11.877667140825032,8.410384068278809,2.7027027027026946,1.689189189189186,0.6756756756756772,0.3378378378378315,1.689189189189186,0.3378378378378386
584,DIE LINKE,3134,19,1.0,0.0,4.418563300142249,0.0,0.0,2.984234234234235,0.4800853485063925,4.320768136557611,6.614509246088197,2.151493598862025,8.143669985775247,4.800853485064017,5.4054054054054035,2.7027027027027017,3.7162162162162176,3.0405405405405403,0.3378378378378386,2.702702702702709
3383,bunt.saar,3134,19,0.0,0.0,4.866050260787108,0.0,1.0,1.5765765765765718,2.8271692745377024,3.627311522048373,7.841394025604551,2.880512091038412,8.712660028449513,3.307254623044095,1.0135135135135087,4.054054054054049,1.0135135135135087,2.0270270270270245,1.0135135135135087,0.3378378378378315
3902,CDU,3134,19,1.0,1.0,2.2255808440018945,1.0,1.0,1.9144144144144175,0.08890469416784441,0.5512091038406766,2.0981507823613086,4.67638691322901,1.4224751066856385,4.516358463726888,4.054054054054056,2.0270270270270245,0.3378378378378386,3.378378378378393,1.0135135135135158,0.6756756756756772
370,DIE LINKE,3134,19,1.0,0.0,3.8080844001896614,1.0,0.0,3.547297297297297,0.08890469416784441,3.591749644381231,3.805120910384062,0.37339971550497353,10.152916073968704,4.836415362731152,6.081081081081081,0.3378378378378315,3.0405405405405403,5.067567567567572,1.3513513513513544,5.4054054054054035
4053,Die Grünen,3134,19,0.0,0.0,4.350403034613559,0.0,0.0,2.9279279279279264,0.4800853485063925,4.623044096728307,11.290896159317214,1.3335704125177799,7.983641536273105,0.3911806543385552,2.0270270270270245,6.081081081081081,2.0270270270270316,1.3513513513513544,3.0405405405405332,3.0405405405405332
893,bunt.saar,3134,19,1.0,0.0,7.239805595068752,1.0,0.0,4.054054054054055,4.534139402560456,4.356330014224746,10.828591749644382,1.831436699857754,14.011379800853483,7.876955903271693,4.391891891891902,0.3378378378378386,5.067567567567565,5.405405405405411,5.067567567567565,4.054054054054049
1859,FDP,3134,19,1.0,1.0,4.320768136557611,1.0,1.0,2.4774774774774797,0.9246088193456643,1.4224751066856385,9.868421052631575,0.6578947368421026,8.534850640113795,4.516358463726888,4.391891891891902,2.3648648648648702,2.364864864864863,4.729729729729726,0.0,1.0135135135135158
843,Die Grünen,3134,19,1.0,0.0,5.384660976766238,1.0,1.0,0.957207207207207,0.3378378378378386,5.921052631578952,3.378378378378372,1.0312944523470762,14.366998577524889,7.2724039829302995,0.6756756756756772,0.3378378378378386,1.689189189189193,0.3378378378378386,0.3378378378378386,2.364864864864856
3464,FDP,3134,19,1.0,0.0,6.004030346135611,1.0,1.0,1.5202702702702713,9.83285917496444,2.151493598862025,9.086059743954479,4.854196301564727,3.236130867709811,6.863442389758184,1.3513513513513473,1.3513513513513473,2.0270270270270245,3.0405405405405475,0.3378378378378457,1.0135135135135158
1817,DIE LINKE,3134,19,0.0,1.0,5.636557610241819,0.0,0.0,2.8153153153153183,1.0312944523470833,6.756756756756758,4.125177809388333,4.267425320056894,12.571123755334277,5.067567567567565,2.702702702702709,3.0405405405405475,4.391891891891888,3.0405405405405403,2.3648648648648702,1.3513513513513544
2757,DIE LINKE,3134,19,0.0,1.0,4.652678994784259,0.0,0.0,1.4639639639639637,2.7204836415362763,3.2539118065433854,6.027738264580371,4.463015647226179,6.347795163584642,5.1031294452347,2.7027027027027017,0.6756756756756843,1.3513513513513473,2.7027027027027017,0.0,1.3513513513513473
1062,Die Grünen,3134,19,0.0,1.0,2.430061640587958,1.0,1.0,1.8018018018017976,6.098862019914655,0.017780938833574567,2.0270270270270316,1.2268847795163538,4.854196301564727,0.35561877667140607,0.6756756756756701,1.689189189189186,1.6891891891891788,1.3513513513513473,3.378378378378379,2.0270270270270245
4784,Die Grünen,3134,19,1.0,1.0,6.673779042200089,1.0,1.0,1.9707207207207216,6.418918918918912,5.992176386913222,0.6401137980085352,7.1657183499288735,13.65576102418207,6.169985775248925,1.013513513513523,3.0405405405405475,0.3378378378378386,2.364864864864863,2.7027027027026946,2.364864864864863
2665,SPD,3134,19,1.0,1.0,2.978307254623046,1.0,1.0,4.673423423423423,0.9957325746799484,5.369843527738276,5.138691322901849,4.356330014224753,0.21337126600283796,1.795874822190612,5.067567567567565,4.391891891891902,5.4054054054054035,8.108108108108105,2.7027027027026946,2.3648648648648702
5158,FDP,3134,19,1.0,1.0,2.717520151730678,1.0,1.0,1.5765765765765767,1.7425320056898954,2.5960170697012828,2.009246088193457,2.5960170697012757,5.3342816500711265,2.0270270270270316,1.689189189189193,1.0135135135135087,2.7027027027026946,1.3513513513513544,1.0135135135135158,1.689189189189193
2006,SPD,3134,19,0.0,0.0,8.45187292555714,0.0,0.0,7.545045045045046,1.546941678520632,8.730440967283073,12.67780938833571,0.1955903271692847,17.78093883357041,9.77951635846373,8.445945945945944,2.7027027027027017,8.78378378378379,6.081081081081074,10.472972972972983,8.783783783783782
2128,Die Grünen,3134,19,0.0,1.0,4.572664770033192,1.0,1.0,1.5765765765765778,2.044807965860592,1.369132290184929,7.076813655761022,3.413940256045521,10.13513513513513,3.3961593172119606,3.0405405405405475,0.0,1.3513513513513544,3.7162162162162176,0.6756756756756843,0.675675675675663
2998,bunt.saar,3134,19,1.0,1.0,6.804172593646279,1.0,1.0,1.745495495495496,8.517069701280228,2.5426742532005733,6.738975817923183,2.489331436699864,16.21621621621621,4.320768136557618,1.3513513513513473,2.702702702702709,1.0135135135135158,3.0405405405405475,2.0270270270270174,0.3378378378378386
4262,FDP,3134,19,1.0,1.0,4.30891417733523,1.0,1.0,2.9842342342342327,8.926031294452343,1.1201991465149348,1.546941678520625,6.685633001422481,5.814366998577526,1.76031294452347,0.6756756756756843,1.689189189189186,5.067567567567565,1.3513513513513402,4.054054054054056,5.067567567567565
3930,bunt.saar,3134,19,0.0,0.0,7.462067330488384,0.0,1.0,2.364864864864869,1.4935988620199083,8.801564722617357,5.26315789473685,4.142958748221908,17.158605974395456,7.912517780938828,2.0270270270270316,0.0,1.689189189189193,5.067567567567572,2.3648648648648702,3.0405405405405475
4708,bunt.saar,3134,19,0.0,0.0,6.7330488383119915,1.0,1.0,1.9707207207207158,2.00924608819345,6.632290184921764,8.641536273115221,3.1294452347083777,11.610953058321478,8.37482219061166,1.689189189189186,1.689189189189193,1.3513513513513402,0.6756756756756701,3.0405405405405332,3.378378378378372
502,CDU,3134,19,1.0,0.0,3.0583214793741127,1.0,1.0,2.0833333333333335,4.071834992887624,4.107396870554773,2.5426742532005733,0.6578947368421026,6.61450924608819,0.3556187766714132,0.3378378378378244,1.3513513513513473,2.364864864864863,4.054054054054063,2.3648648648648702,2.0270270270270316
1138,CDU,3134,19,0.0,1.0,2.8212422949265075,0.0,1.0,1.2387387387387427,3.6806543385490826,2.2048364153627347,2.4537695590327075,2.3115220483641536,5.138691322901856,1.1379800853485094,1.013513513513523,0.3378378378378386,0.3378378378378386,2.702702702702709,2.702702702702709,0.3378378378378386
2607,DIE LINKE,3134,19,0.0,1.0,2.468587008060696,0.0,0.0,5.968468468468466,5.529871977240397,1.3335704125177799,1.1379800853485094,1.8847795163584706,0.9601706970128063,3.9651493598862118,2.7027027027026946,3.0405405405405475,9.797297297297305,5.067567567567565,6.081081081081074,9.121621621621614
4265,Die Grünen,3134,19,0.0,0.0,2.6730678046467475,1.0,1.0,2.815315315315311,1.902560455192038,2.187055476529153,4.320768136557611,0.08890469416784441,4.87197724039828,2.6671408250355597,2.0270270270270174,4.054054054054056,2.0270270270270174,1.689189189189186,5.067567567567565,2.0270270270270245
4122,DIE LINKE,3134,19,1.0,0.0,1.001659554291135,1.0,1.0,4.5608108108108105,0.23115220483641252,0.6934566145092447,0.1955903271692847,0.37339971550497353,3.44950213371267,1.0668563300142253,5.067567567567565,3.0405405405405403,7.0945945945945965,2.0270270270270316,5.067567567567565,5.067567567567565
2481,Die Grünen,3134,19,1.0,0.0,5.944760550023705,1.0,1.0,2.3648648648648654,2.1692745376955855,9.850640113798008,4.445234708392604,2.916073968705547,8.926031294452343,7.361308677098144,2.0270270270270245,2.364864864864863,1.3513513513513544,2.702702702702709,1.3513513513513544,4.391891891891888
4652,FDP,3134,19,0.0,0.0,2.388572783309621,0.0,0.0,6.700450450450453,3.5384068278805074,3.200568990042669,0.07112375533427695,1.5825035561877598,2.7382645803698438,3.200568990042669,5.067567567567565,2.3648648648648702,11.148648648648653,1.3513513513513473,10.810810810810814,9.459459459459467
1538,bunt.saar,3134,19,1.0,0.0,5.598032242769083,1.0,1.0,1.3513513513513509,4.907539118065429,1.6714082503556114,6.596728307254622,2.080369843527734,13.63798008534851,4.694167852062591,0.675675675675663,1.689189189189186,0.3378378378378386,3.0405405405405475,1.6891891891891788,0.6756756756756914
1290,CDU,3134,19,1.0,1.0,1.490635372214322,1.0,1.0,2.139639639639647,0.35561877667140607,3.5739687055476637,1.1201991465149348,1.724751066856328,0.6934566145092447,1.475817923186355,3.378378378378393,0.0,1.013513513513523,5.405405405405411,2.3648648648648702,0.6756756756756843
3480,bunt.saar,3134,19,1.0,1.0,5.568397344713137,0.0,1.0,4.56081081081081,2.507112375533424,3.7339971550497992,8.730440967283073,3.2894736842105345,7.6635846372688405,7.485775248933152,1.689189189189186,4.391891891891902,4.391891891891888,4.729729729729726,4.729729729729719,7.432432432432435
287,FDP,3134,19,1.0,1.0,6.362612612612613,1.0,1.0,4.39189189189189,4.854196301564727,9.014935988620195,8.677098150782363,6.081081081081081,3.94736842105263,5.600995732574681,4.391891891891888,4.391891891891888,5.405405405405411,2.364864864864856,4.391891891891895,5.4054054054054035
3946,FDP,3134,19,1.0,1.0,9.029753437648175,1.0,1.0,2.1396396396396415,9.77951635846373,4.783072546230443,10.988620199146517,12.908961593172116,3.342816500711244,12.375533428165003,2.0270270270270316,2.0270270270270245,2.7027027027027017,0.3378378378378386,3.0405405405405475,2.7027027027027053
2476,CDU,3134,19,1.0,0.0,2.1040777619725013,0.0,0.0,2.195945945945945,1.6714082503556114,0.7467994310099613,3.9651493598862118,3.0761024182076824,2.560455192034155,0.604551920341386,1.0135135135135087,2.7027027027027017,1.0135135135135158,0.3378378378378386,5.067567567567565,3.0405405405405403
1425,FDP,3134,19,1.0,1.0,3.9325509720246585,1.0,1.0,2.1959459459459434,5.280938833570417,3.876244665718346,4.871977240398294,2.507112375533424,1.6714082503556327,5.387624466571836,3.7162162162162105,0.3378378378378386,1.689189189189186,0.3378378378378386,3.7162162162162105,3.3783783783783754
2289,DIE LINKE,3134,19,0.0,0.0,2.584163110478901,0.0,1.0,1.2387387387387356,5.885490753911803,1.3157894736842124,1.2802275960170704,2.329302987197721,4.160739687055475,0.5334281650071233,0.6756756756756701,1.0135135135135087,0.3378378378378386,2.0270270270270174,0.3378378378378315,3.0405405405405475
3292,Die Grünen,3134,19,1.0,0.0,6.626363205310578,1.0,1.0,1.407657657657656,8.712660028449513,6.116642958748223,4.9075391180654435,3.8229018492176436,10.79302987197724,5.4054054054054035,2.0270270270270174,0.6756756756756772,1.3513513513513615,1.3513513513513473,0.6756756756756701,2.364864864864863
1201,Die Grünen,3134,19,0.0,0.0,7.183499288762449,0.0,0.0,3.8288288288288306,5.689900426742533,7.3968705547653,10.633001422475111,6.152204836415365,3.342816500711244,9.886201991465143,3.378378378378379,7.432432432432435,3.378378378378386,4.729729729729726,2.3648648648648702,1.689189189189186
3931,FDP,3134,19,1.0,1.0,3.7873399715504963,1.0,1.0,1.6328828828828847,7.254623044096725,1.1735419630156443,0.9246088193456607,3.7517780938833525,5.334281650071123,4.285206258890472,2.364864864864863,0.3378378378378386,0.6756756756756808,2.702702702702709,0.0,3.7162162162162176
3789,Die Grünen,3134,19,0.0,0.0,4.294096728307255,1.0,0.0,4.391891891891888,4.19630156472261,2.773826458036986,3.2183499288762576,6.650071123755325,6.792318634423893,2.1337126600284577,1.689189189189186,6.081081081081081,5.743243243243228,2.7027027027026946,3.378378378378386,6.756756756756751
1534,bunt.saar,3134,19,1.0,1.0,5.678046467520152,1.0,1.0,1.2387387387387392,3.6806543385490826,6.0099573257467895,10.152916073968704,0.3911806543385481,7.539118065433854,6.294452347083933,2.0270270270270316,0.6756756756756772,1.6891891891891788,2.3648648648648702,0.3378378378378386,0.3378378378378386
4883,bunt.saar,3134,19,1.0,0.0,5.75509720246562,1.0,1.0,1.914414414414414,1.3157894736842124,3.982930298719765,4.67638691322901,5.814366998577526,13.335704125177806,5.4054054054054035,1.3513513513513473,1.3513513513513473,3.0405405405405332,2.3648648648648702,1.689189189189193,1.689189189189193
2334,Die Grünen,3134,19,1.0,1.0,5.852892366050258,1.0,1.0,2.8153153153153156,0.01778093883356746,7.112375533428171,8.890469416785209,1.4224751066856243,10.170697012802272,7.503556187766705,1.689189189189186,4.054054054054063,3.0405405405405332,3.0405405405405332,3.0405405405405475,2.0270270270270316
4599,bunt.saar,3134,19,1.0,0.0,2.0922238027501145,1.0,1.0,3.209459459459463,1.1735419630156443,0.053342816500716594,3.1116642958748173,0.37339971550497353,4.996443812233288,2.8449502133712485,2.3648648648648702,2.702702702702709,3.378378378378386,2.364864864864863,5.067567567567565,3.378378378378386
1929,bunt.saar,3134,19,1.0,1.0,4.350403034613557,1.0,1.0,1.3513513513513555,8.01920341394026,1.5291607396870432,7.876955903271693,1.5647226173541924,4.071834992887624,3.0405405405405332,2.0270270270270245,0.3378378378378386,2.3648648648648702,0.3378378378378386,1.689189189189193,1.3513513513513686
513,bunt.saar,3134,19,1.0,0.0,8.226647700331911,1.0,1.0,0.0,1.1024182076813673,14.829302987197721,3.8762446657183602,0.6756756756756737,17.532005689900423,11.34423897581793,0.0,0.0,0.0,0.0,0.0,0.0
1140,Die Grünen,3134,19,1.0,0.0,3.2420578473210058,1.0,1.0,2.477477477477475,4.12517780938834,6.098862019914655,1.689189189189193,1.8136557610241795,4.836415362731152,0.8890469416785152,1.689189189189186,1.3513513513513473,3.378378378378372,0.6756756756756701,4.391891891891895,3.378378378378379
1841,FDP,3134,19,1.0,0.0,4.3889284020862975,1.0,1.0,5.180180180180182,9.370554765291615,2.115931721194876,1.0668563300142253,8.232574679943106,0.21337126600283796,5.3342816500711265,0.3378378378378457,4.729729729729726,10.135135135135133,3.7162162162162247,6.081081081081081,6.081081081081081
3987,FDP,3134,19,0.0,1.0,4.889758179231863,1.0,1.0,4.2792792792792795,2.3115220483641536,3.8584637268847715,5.316500711237559,6.596728307254629,3.94736842105263,7.3079658605974345,5.743243243243242,3.378378378378379,4.729729729729733,1.689189189189193,4.054054054054049,6.081081081081081
2731,FDP,3134,19,1.0,1.0,4.057017543859648,1.0,1.0,3.0968468468468466,7.485775248933145,0.7467994310099613,3.1472261735419664,3.7162162162162105,3.52062588904694,5.7254623044096675,0.0,2.702702702702709,5.743243243243249,2.0270270270270174,3.0405405405405403,5.067567567567565
1007,bunt.saar,3134,19,1.0,0.0,5.731389284020864,1.0,1.0,0.8445945945945988,6.063300142247513,2.044807965860592,9.637268847795163,2.86273115220483,9.317211948790913,4.463015647226172,0.3378378378378386,1.3513513513513686,0.6756756756756914,0.3378378378378386,1.6891891891891788,0.6756756756756772
5065,bunt.saar,3134,19,1.0,0.0,6.3151967757230905,1.0,1.0,0.7882882882882841,0.426742532005683,3.3250355618776624,9.388335704125176,7.876955903271693,9.726173541963014,7.147937411095313,1.0135135135135087,0.0,0.3378378378378386,0.6756756756756772,1.3513513513513402,1.3513513513513402
5155,DIE LINKE,3134,19,0.0,1.0,4.560810810810808,1.0,0.0,1.3513513513513555,5.1031294452347,2.2226173541963092,8.268136557610234,0.21337126600283796,8.712660028449513,2.8449502133712556,0.3378378378378457,0.3378378378378386,0.3378378378378386,1.0135135135135158,4.391891891891902,1.689189189189193
499,Die Grünen,3134,19,1.0,1.0,6.5848743480322405,1.0,1.0,0.8445945945945942,10.561877667140813,4.267425320056894,5.5832147937411065,0.3911806543385481,9.921763869132292,8.78378378378379,1.0135135135135087,0.6756756756756772,0.3378378378378386,1.3513513513513473,0.3378378378378386,1.3513513513513544
5104,bunt.saar,3134,19,0.0,0.0,9.89212897107634,1.0,0.0,3.1531531531531543,4.747510668563301,6.1877667140825,14.295874822190612,6.934566145092475,18.11877667140824,9.068278805120912,3.0405405405405332,0.6756756756756701,4.391891891891895,5.067567567567579,3.378378378378379,2.3648648648648702
1223,bunt.saar,3134,19,1.0,1.0,3.277619724988148,1.0,1.0,2.421171171171173,0.17780938833571014,3.1294452347083848,3.982930298719779,7.005689900426745,3.236130867709818,2.1337126600284506,4.729729729729726,1.3513513513513544,1.0135135135135158,5.743243243243249,1.689189189189193,0.0
4847,SPD,3134,19,1.0,1.0,4.886794689426271,1.0,1.0,1.1261261261261264,3.627311522048373,9.975106685633008,4.445234708392597,4.498577524893314,1.7069701280227676,5.067567567567565,1.3513513513513473,1.0135135135135087,1.013513513513523,0.0,2.0270270270270316,1.3513513513513473
2091,CDU,3134,19,0.0,1.0,3.588786154575626,0.0,1.0,2.9279279279279273,6.685633001422481,3.662873399715501,2.0625889046941666,1.6714082503556114,2.3470839260312886,5.103129445234707,1.01351351351353,4.391891891891881,2.7027027027027017,2.364864864864863,3.0405405405405332,4.054054054054056
1651,FDP,3134,19,1.0,1.0,2.4656235182550965,1.0,1.0,3.040540540540539,0.1955903271692847,2.4537695590327075,1.2624466571834958,3.591749644381224,4.854196301564727,2.43598862019914,6.081081081081074,1.3513513513513544,2.0270270270270316,2.364864864864856,2.7027027027027017,3.7162162162162176
2342,DIE LINKE,3134,19,0.0,1.0,3.825865339023231,0.0,1.0,3.490990990990992,2.115931721194869,3.2539118065433854,2.933854907539107,6.6678520625889135,1.3869132290184822,6.596728307254629,5.4054054054054035,3.378378378378379,2.0270270270270316,6.756756756756751,2.0270270270270316,1.3513513513513544
2585,DIE LINKE,3134,19,0.0,0.0,3.3635609293504083,1.0,0.0,2.7027027027027017,1.0846372688477999,6.258890469416791,0.1955903271692847,1.2802275960170775,6.507823613086771,4.854196301564727,3.378378378378379,0.0,5.4054054054054035,4.729729729729726,1.0135135135135087,1.689189189189193
3909,CDU,3134,19,1.0,0.0,4.252607871028928,1.0,0.0,1.8581081081081088,1.3157894736842124,2.275960170697026,3.627311522048373,8.997155049786628,7.361308677098151,1.9381223328591801,1.3513513513513473,0.6756756756756772,4.729729729729733,2.7027027027027017,1.0135135135135087,0.6756756756756843
875,CDU,3134,19,1.0,0.0,4.8808677098150755,1.0,1.0,3.7725225225225203,2.6493598862019923,2.9694167852062563,10.633001422475097,3.840682788051211,0.07112375533427695,9.121621621621621,3.7162162162162105,3.0405405405405332,4.054054054054049,5.743243243243249,2.7027027027027017,3.378378378378379
5174,FDP,3134,19,0.0,0.0,2.877548601232816,0.0,0.0,8.051801801801803,0.0,1.2802275960170704,0.46230440967283215,2.151493598862025,6.2766714082503725,7.0945945945945965,10.472972972972968,6.081081081081088,8.108108108108105,3.7162162162162105,9.797297297297305,10.135135135135137
3352,Die Grünen,3134,19,0.0,1.0,4.880867709815077,0.0,0.0,2.0833333333333335,1.0312944523470904,8.872688477951627,3.3605974395447973,3.5028449502133725,7.2724039829302995,5.245376955903275,0.6756756756756772,2.7027027027027017,2.7027027027026946,1.3513513513513544,3.7162162162162176,1.3513513513513544
5176,Die Grünen,3134,19,0.0,1.0,3.962185870080605,0.0,0.0,1.9144144144144153,2.009246088193457,3.1294452347083848,3.5739687055476566,7.716927453769557,7.076813655761022,0.26671408250355455,2.3648648648648702,0.3378378378378386,0.3378378378378386,4.054054054054056,1.6891891891891788,2.702702702702709
219,CDU,3134,19,1.0,0.0,4.765291607396871,1.0,1.0,2.5900900900900887,1.9559032716927405,4.17852062588905,2.009246088193457,8.374822190611667,8.908250355618776,3.165007112375534,1.3513513513513544,5.067567567567565,0.3378378378378386,2.364864864864863,2.7027027027026946,3.7162162162162176
1277,bunt.saar,3134,19,0.0,1.0,4.433380749170225,0.0,1.0,3.3783783783783754,0.7823613086770962,6.9523470839260355,4.285206258890469,1.5291607396870575,9.388335704125183,3.662873399715508,2.0270270270270316,6.756756756756751,2.0270270270270316,4.391891891891888,3.7162162162162105,1.3513513513513402
1989,bunt.saar,3134,19,1.0,0.0,5.568397344713137,1.0,1.0,2.4774774774774784,1.6358463726884764,5.8321479374110865,7.467994310099577,1.6002844950213415,13.140113798008535,3.7339971550498063,2.3648648648648702,1.0135135135135087,2.0270270270270174,0.3378378378378457,4.7297297297297405,4.391891891891888
3140,bunt.saar,3134,19,1.0,0.0,7.12126600284495,1.0,1.0,2.8716216216216193,4.107396870554766,2.400426742531998,9.583926031294453,1.7069701280227534,19.523470839260327,5.4054054054054035,2.364864864864863,1.689189189189193,1.6891891891891788,3.3783783783783825,4.054054054054035,4.054054054054063
4220,SPD,3134,19,1.0,0.0,2.246325272641061,1.0,1.0,1.9707207207207205,0.2844950213371291,3.5384068278805074,3.6450924608819264,1.475817923186355,1.4758179231863409,3.058321479374108,0.6756756756756772,0.3378378378378386,0.6756756756756701,3.7162162162162176,2.702702702702709,3.7162162162162105
1416,CDU,3134,19,1.0,1.0,3.645092460881935,0.0,1.0,2.08333333333333,3.9295874822190555,6.827880512091035,1.404694167852064,4.534139402560456,1.262446657183503,3.911806543385495,0.0,1.0135135135135087,0.6756756756756701,5.405405405405389,1.689189189189193,3.7162162162162176
547,bunt.saar,3134,19,1.0,0.0,4.800853485064015,1.0,1.0,2.0270270270270268,3.662873399715501,0.2489331436700013,9.388335704125176,2.0270270270270316,10.330725462304414,3.1472261735419664,3.7162162162162176,0.675675675675663,1.3513513513513544,3.378378378378379,1.3513513513513544,1.689189189189193
3378,CDU,3134,19,1.0,1.0,2.42413466097677,1.0,1.0,1.2950450450450421,1.2446657183499354,3.876244665718353,1.0668563300142253,0.9957325746799413,4.996443812233295,2.3648648648648702,2.3648648648648702,0.3378378378378244,0.6756756756756772,2.7027027027026946,1.3513513513513473,0.3378378378378386
796,FDP,3134,19,1.0,0.0,4.427453769559031,1.0,1.0,4.391891891891892,2.7560455192034112,4.67638691322901,6.401137980085345,1.795874822190612,6.401137980085352,4.534139402560456,6.756756756756765,2.7027027027026946,2.0270270270270245,9.797297297297305,2.0270270270270245,3.0405405405405403
4721,bunt.saar,3134,19,1.0,0.0,4.8423423423423415,1.0,0.0,1.6891891891891884,1.7780938833570303,3.9118065433855023,6.436699857752494,5.28093883357041,10.259601706970138,1.3869132290184751,1.013513513513523,4.054054054054056,0.3378378378378386,2.702702702702709,0.675675675675663,1.3513513513513402
3360,Die Grünen,3134,19,0.0,1.0,2.382645803698439,0.0,1.0,1.8581081081081088,1.2268847795163538,0.6223328591749677,3.342816500711244,1.475817923186355,4.285206258890469,3.342816500711244,2.0270270270270316,0.6756756756756701,1.689189189189193,2.364864864864856,2.702702702702709,1.689189189189193
3939,Die Grünen,3134,19,1.0,1.0,6.733048838311994,1.0,1.0,1.3513513513513484,2.4537695590327075,0.9068278805120897,11.16642958748222,2.044807965860592,12.091038406827884,11.735419630156471,1.3513513513513473,3.378378378378379,0.6756756756756772,1.3513513513513473,0.6756756756756772,0.675675675675663
721,FDP,3134,19,0.0,1.0,3.6302750118539593,0.0,1.0,3.3220720720720727,1.1024182076813602,1.866998577524896,0.32005689900427114,9.868421052631582,7.574679943100996,1.0490753911806507,8.445945945945958,0.6756756756756772,2.7027027027027017,3.0405405405405332,3.378378378378379,1.689189189189186
2257,Die Grünen,3134,19,1.0,1.0,2.1011142721669067,1.0,1.0,1.8581081081081112,3.165007112375541,2.3115220483641536,1.6002844950213415,2.5960170697012828,0.9423897581792318,1.9914651493598896,2.0270270270270316,0.6756756756756772,0.6756756756756843,5.4054054054054035,0.3378378378378457,2.0270270270270245
4576,FDP,3134,19,1.0,0.0,3.5828591749644403,1.0,0.0,2.927927927927924,1.3157894736842124,4.17852062588905,0.10668563300142608,5.0497866287340045,10.597439544807962,0.2489331436699871,3.7162162162162105,0.0,4.391891891891895,0.675675675675663,5.743243243243235,3.0405405405405403
646,bunt.saar,3134,19,1.0,0.0,7.053105737316262,0.0,0.0,5.461711711711707,0.8534850640113874,4.0362731152204745,7.503556187766705,2.4537695590327147,18.243243243243242,9.228307254623047,2.7027027027026946,2.7027027027026946,3.378378378378372,7.094594594594589,8.445945945945937,8.445945945945951
5048,FDP,3134,19,1.0,1.0,2.1840919867235677,1.0,1.0,2.9279279279279287,0.5156472261735487,1.0490753911806507,2.222617354196302,5.992176386913229,0.7823613086771033,2.5426742532005733,5.743243243243242,0.6756756756756772,3.7162162162162176,3.378378378378386,3.0405405405405332,1.0135135135135158
2390,FDP,3134,19,1.0,1.0,4.673423423423421,1.0,0.0,1.9707207207207194,2.115931721194869,1.2268847795163538,11.166429587482213,4.516358463726888,4.729729729729733,4.285206258890469,0.0,0.3378378378378386,2.702702702702709,1.6891891891891788,4.054054054054049,3.0405405405405403
4146,FDP,3134,19,1.0,0.0,4.540066382171644,1.0,1.0,6.193693693693695,3.0761024182076824,2.3826458036984306,7.983641536273112,2.1692745376955855,3.769559032716927,7.859174964438125,4.391891891891888,7.432432432432435,6.418918918918919,5.067567567567565,5.405405405405411,8.445945945945951
3825,Die Grünen,3134,19,1.0,1.0,3.701398767188241,1.0,0.0,2.4211711711711685,1.653627311522051,3.3250355618776624,4.054054054054063,1.9559032716927405,8.517069701280235,2.7027027027026946,5.4054054054054035,0.0,2.0270270270270174,2.0270270270270174,3.0405405405405403,2.0270270270270316
670,bunt.saar,3134,19,0.0,0.0,7.361308677098148,0.0,0.0,4.954954954954953,0.6756756756756772,1.7425320056898954,15.611664295874824,1.7069701280227534,13.691322901849226,10.739687055476516,4.729729729729726,1.3513513513513402,5.743243243243242,4.391891891891895,6.756756756756765,6.756756756756751
1405,FDP,3134,19,1.0,1.0,5.295756282598389,1.0,1.0,0.8445945945945917,2.5426742532005733,3.485064011379805,8.997155049786628,5.0853485064011394,3.8051209103840655,7.859174964438125,1.3513513513513473,0.3378378378378315,0.6756756756756701,1.3513513513513544,1.3513513513513473,0.0
2663,Die Grünen,3134,19,0.0,1.0,4.5282124229492595,0.0,1.0,1.4639639639639601,1.2268847795163538,5.334281650071112,7.4502133712659955,4.569701280227605,5.743243243243242,2.8449502133712485,1.3513513513513473,1.0135135135135016,0.675675675675663,1.013513513513523,2.364864864864856,2.3648648648648702
2786,CDU,3134,19,1.0,1.0,2.178165007112375,1.0,1.0,4.2792792792792795,0.08890469416784441,4.640825035561882,0.7645803698435216,4.391891891891895,1.1557610241820768,2.0270270270270316,5.067567567567572,7.7702702702702595,2.7027027027027017,2.7027027027027017,4.729729729729733,2.702702702702709
3634,CDU,3134,19,1.0,0.0,2.776789947842577,1.0,0.0,2.984234234234234,0.1422475106685539,1.5825035561877598,1.511379800853483,6.027738264580371,7.396870554765293,0.0,4.391891891891895,5.743243243243235,0.3378378378378386,3.378378378378379,3.378378378378379,0.6756756756756772
236,bunt.saar,3134,19,0.0,0.0,2.6404694167852063,0.0,1.0,1.689189189189186,1.0490753911806578,0.8534850640113802,3.200568990042683,1.76031294452347,3.449502133712656,5.52987197724039,2.0270270270270245,0.675675675675663,1.3513513513513544,2.364864864864863,0.3378378378378386,3.378378378378372
4703,Die Grünen,3134,19,0.0,0.0,3.1590801327643447,1.0,0.0,1.8018018018017976,1.866998577524896,1.3157894736842124,3.7339971550497992,2.471550497866282,9.299431009957324,0.26671408250355455,0.3378378378378386,2.7027027027026946,2.364864864864856,1.3513513513513615,1.0135135135135016,3.0405405405405332
1479,FDP,3134,19,1.0,1.0,8.511142721669037,1.0,1.0,2.3085585585585613,10.79302987197724,1.3869132290184893,12.980085348506407,9.263869132290182,10.419630156472266,6.223328591749642,1.689189189189193,0.3378378378378386,4.391891891891902,0.0,3.378378378378386,4.054054054054049
4021,FDP,3134,19,1.0,0.0,7.491702228544334,1.0,1.0,1.9144144144144146,4.694167852062591,2.916073968705547,7.734708392603132,13.193456614509245,8.232574679943106,8.179231863442386,3.0405405405405332,2.0270270270270316,2.3648648648648702,2.364864864864863,0.0,1.6891891891891895
960,FDP,3134,19,1.0,1.0,5.061640587956376,1.0,1.0,2.2522522522522492,7.361308677098144,1.2802275960170775,5.565433854907525,6.418918918918919,5.529871977240404,4.214082503556185,6.418918918918912,2.7027027027026946,3.378378378378372,1.0135135135135158,0.0,0.0
2398,bunt.saar,3134,19,1.0,0.0,3.8969890943575187,1.0,1.0,1.5765765765765767,1.7069701280227676,0.10668563300143319,6.1877667140825,6.383357041251777,6.383357041251777,2.6137980085348573,0.0,1.6891891891891788,2.702702702702709,0.6756756756756701,2.702702702702709,1.689189189189193
3737,bunt.saar,3134,19,0.0,0.0,6.857515410146988,1.0,0.0,3.659909909909912,0.7290184921763796,2.151493598862018,12.802275960170697,2.809388335704128,15.024893314366984,7.62802275960172,2.702702702702709,0.3378378378378386,5.743243243243242,3.7162162162162176,4.729729729729726,4.7297297297297405
1607,bunt.saar,3134,19,1.0,0.0,3.8851351351351355,1.0,1.0,3.265765765765765,4.551920341394016,1.0668563300142182,3.6095305832147915,0.5512091038406837,10.97083926031295,2.560455192034155,0.6756756756756701,3.378378378378386,4.391891891891902,4.391891891891888,4.391891891891888,2.364864864864856
4222,Die Grünen,3134,19,1.0,1.0,4.383001422475107,1.0,1.0,3.5472972972972934,4.818634423897571,5.636557610241823,1.9559032716927476,3.69843527738265,7.343527738264598,2.8449502133712485,4.391891891891888,1.0135135135135016,4.391891891891888,4.729729729729726,3.0405405405405332,3.7162162162162247
5171,Die Grünen,3134,19,0.0,0.0,4.928283546704601,1.0,1.0,1.1261261261261264,2.044807965860592,3.236130867709818,8.463726884779526,4.605263157894733,7.396870554765293,3.8229018492176436,0.3378378378378457,1.0135135135135016,2.0270270270270316,1.3513513513513473,0.0,2.0270270270270316
2320,DIE LINKE,3134,19,0.0,0.0,4.898648648648649,0.0,0.0,8.333333333333334,8.641536273115221,3.556187766714082,3.8229018492176436,6.454480796586061,4.409672830725462,2.507112375533424,2.7027027027027017,2.3648648648648702,13.851351351351354,7.770270270270274,11.824324324324323,11.486486486486484
3551,FDP,3134,19,1.0,1.0,3.4909909909909906,1.0,1.0,1.9144144144144128,2.258179231863444,3.0761024182076824,2.9871977240398238,0.10668563300143319,7.930298719772395,4.587482219061165,2.7027027027026946,2.0270270270270174,0.6756756756756772,3.7162162162162105,1.013513513513523,1.3513513513513544
2327,DIE LINKE,3134,19,0.0,0.0,5.144618302513035,0.0,0.0,1.4639639639639637,3.7873399715504945,6.845661450924595,2.1692745376955855,4.516358463726888,7.788051209103841,5.7610241820768096,2.702702702702709,1.0135135135135087,1.0135135135135087,1.0135135135135158,2.364864864864856,0.6756756756756843
169,CDU,3134,19,1.0,0.0,3.1857515410147017,1.0,0.0,2.927927927927925,2.3470839260312957,0.9957325746799484,4.320768136557611,4.17852062588905,4.640825035561882,2.631578947368425,1.6891891891891788,3.7162162162162176,3.7162162162162176,1.689189189189186,5.067567567567565,1.689189189189186
5110,SPD,3134,19,0.0,0.0,4.516358463726888,0.0,0.0,2.364864864864863,3.200568990042669,3.733997155049792,5.849928876244675,0.1955903271692847,8.303698435277383,5.814366998577526,3.7162162162162176,3.0405405405405403,0.6756756756756843,3.0405405405405332,3.0405405405405332,0.6756756756756701
1634,CDU,3134,19,1.0,0.0,6.238146040777622,1.0,0.0,4.166666666666667,1.653627311522051,6.241109530583209,8.517069701280235,2.5960170697012828,9.726173541963021,8.694879089615931,2.0270270270270316,2.364864864864856,7.770270270270274,1.3513513513513473,5.405405405405411,6.081081081081081
4898,FDP,3134,19,1.0,1.0,6.816026552868653,0.0,1.0,2.590090090090096,2.471550497866282,6.650071123755325,4.12517780938834,7.23684210526315,13.762446657183496,6.650071123755325,2.3648648648648702,0.3378378378378457,3.0405405405405475,5.743243243243242,2.702702702702709,1.3513513513513615
5024,FDP,3134,19,1.0,0.0,2.355974395448077,1.0,1.0,2.027027027027026,6.1877667140825,1.1557610241820626,1.689189189189186,2.5960170697012828,2.3826458036984377,0.12446657183499354,1.689189189189193,2.0270270270270316,2.3648648648648702,4.054054054054042,1.689189189189186,0.3378378378378315
3177,bunt.saar,3134,19,0.0,0.0,6.229255571360838,0.0,0.0,3.65990990990991,1.4224751066856385,5.1920341394025655,11.290896159317214,2.7027027027027017,8.694879089615938,8.07254623044097,2.7027027027027017,2.3648648648648702,4.7297297297297405,3.7162162162162105,3.378378378378372,5.067567567567565
2752,CDU,3134,19,1.0,1.0,2.7471550497866275,1.0,1.0,1.8581081081081052,0.21337126600283796,0.16002844950213557,4.907539118065429,0.35561877667140607,4.569701280227605,6.276671408250351,0.0,2.0270270270270316,0.675675675675663,5.067567567567572,1.0135135135135087,2.364864864864856
3547,CDU,3134,19,1.0,0.0,5.464675201517306,0.0,0.0,1.126126126126131,7.04125177809388,4.640825035561875,3.236130867709818,6.347795163584628,8.285917496443822,3.236130867709811,1.689189189189193,2.0270270270270316,1.689189189189186,0.3378378378378528,1.013513513513523,0.0
3119,bunt.saar,3134,19,1.0,1.0,6.798245614035088,1.0,1.0,3.040540540540537,1.5825035561877598,3.627311522048373,10.02844950213371,3.2539118065433854,11.486486486486491,10.810810810810807,3.378378378378372,0.6756756756756701,2.0270270270270174,6.418918918918919,2.3648648648648702,3.378378378378372
2604,FDP,3134,19,0.0,1.0,3.899952584163112,1.0,1.0,3.8288288288288292,1.1379800853485094,0.2844950213371291,2.5960170697012863,13.798008534850638,3.413940256045521,2.169274537695589,2.7027027027027017,2.702702702702709,4.054054054054049,2.702702702702709,5.4054054054054035,5.405405405405405
2175,bunt.saar,3134,19,1.0,0.0,2.08036984352774,0.0,1.0,1.2387387387387416,0.21337126600283796,1.4224751066856385,4.463015647226172,3.876244665718353,0.5689900426742582,1.9381223328591801,2.364864864864863,0.3378378378378528,0.3378378378378386,1.6891891891892001,0.3378378378378386,2.364864864864856
3569,bunt.saar,3134,19,1.0,0.0,4.584518729255571,1.0,1.0,1.9144144144144128,2.6671408250355597,0.6223328591749677,3.8940256045519135,6.347795163584642,9.690611664295872,4.285206258890469,0.6756756756756701,3.0405405405405403,1.0135135135135158,3.378378378378379,1.0135135135135158,2.364864864864856
2425,Die Grünen,3134,19,1.0,1.0,5.906235182550973,1.0,1.0,2.139639639639636,0.8534850640113874,4.000711237553347,7.770270270270274,5.245376955903275,11.21977240398293,6.347795163584628,2.0270270270270245,2.0270270270270316,3.378378378378372,2.7027027027027017,1.3513513513513473,1.3513513513513402
5149,CDU,3134,19,1.0,0.0,4.602299668089145,0.0,0.0,4.335585585585584,1.653627311522051,8.694879089615931,0.8001422475106708,9.174964438122338,5.192034139402573,2.0981507823613086,0.6756756756756772,3.0405405405405403,6.418918918918912,8.108108108108112,2.0270270270270174,5.743243243243242
4153,Die Grünen,3134,19,1.0,1.0,5.512091038406827,0.0,1.0,3.4909909909909906,0.40896159317212266,7.645803698435273,8.161450924608815,3.6806543385490755,9.086059743954486,4.089615931721191,3.7162162162162176,4.391891891891895,2.0270270270270316,0.3378378378378315,2.7027027027026946,7.770270270270274
4378,CDU,3134,19,0.0,0.0,3.170934091986723,0.0,0.0,3.32207207207207,3.342816500711244,0.284495021337122,0.17780938833571014,5.494310099573248,7.325746799431009,2.400426742532005,1.3513513513513544,2.0270270270270174,5.4054054054054035,0.3378378378378386,6.081081081081081,4.729729729729726
17,Die Grünen,3134,19,1.0,1.0,4.424490279753439,0.0,0.0,3.2657657657657673,0.3911806543385552,3.3961593172119606,3.5739687055476566,3.058321479374108,12.571123755334277,3.556187766714075,1.689189189189193,1.0135135135135016,4.391891891891888,1.689189189189186,4.391891891891902,6.4189189189189335
4443,CDU,3134,19,0.0,0.0,4.67045993361783,1.0,1.0,2.8153153153153183,9.246088193456615,1.689189189189186,6.614509246088197,4.587482219061172,2.2226173541963092,3.662873399715501,0.6756756756756843,2.3648648648648702,5.4054054054054035,0.6756756756756772,3.7162162162162176,4.054054054054056
4514,FDP,3134,19,1.0,1.0,4.119250829777143,1.0,1.0,2.871621621621621,2.1692745376955855,6.934566145092461,4.943100995732571,3.556187766714082,4.19630156472261,2.916073968705547,5.743243243243242,2.3648648648648702,2.0270270270270245,3.378378378378379,2.0270270270270245,1.689189189189186
3143,Die Grünen,3134,19,1.0,0.0,3.6599099099099113,1.0,1.0,1.126126126126131,1.0490753911806578,1.8847795163584777,4.338549075391185,0.23115220483641252,5.885490753911796,8.570412517780937,2.0270270270270316,0.6756756756756914,2.0270270270270316,1.0135135135135158,1.0135135135135158,0.0
879,FDP,3134,19,1.0,1.0,3.455429113323852,1.0,1.0,1.7454954954954947,4.071834992887624,2.8271692745377024,4.320768136557611,6.169985775248932,0.9423897581792389,2.400426742532005,1.0135135135135158,1.3513513513513544,2.702702702702709,1.0135135135135016,2.0270270270270245,2.364864864864863
3669,SPD,3134,19,0.0,1.0,6.08108108108108,1.0,0.0,1.1261261261261264,7.432432432432435,8.036984352773828,5.529871977240397,5.334281650071119,9.263869132290182,0.8890469416785152,1.3513513513513473,1.689189189189193,0.3378378378378244,1.3513513513513615,2.0270270270270316,0.0
4508,FDP,3134,19,1.0,0.0,7.204243717401614,1.0,0.0,2.195945945945946,3.236130867709818,4.42745376955903,6.027738264580371,5.707681365576114,13.389046941678515,10.437411095305833,2.3648648648648702,2.364864864864863,1.689189189189186,3.7162162162162247,1.689189189189186,1.3513513513513473
3450,SPD,3134,19,0.0,0.0,4.225936462778566,0.0,0.0,2.9842342342342305,1.9914651493598896,5.369843527738269,3.307254623044095,1.3869132290184822,5.992176386913229,7.307965860597427,3.7162162162162105,0.3378378378378386,4.054054054054056,4.391891891891888,4.729729729729726,0.675675675675663
2676,SPD,3134,19,1.0,1.0,9.124585111427217,1.0,0.0,7.995495495495496,6.632290184921764,8.60597439544808,14.473684210526315,3.2539118065433854,11.806543385490748,9.975106685633016,4.391891891891881,5.743243243243249,7.770270270270274,7.770270270270274,12.499999999999993,9.797297297297305
2301,FDP,3134,19,1.0,1.0,5.316500711237549,1.0,0.0,3.7725225225225216,0.6578947368421026,6.223328591749635,5.387624466571836,0.8001422475106637,12.92674253200569,5.903271692745371,2.7027027027026946,1.3513513513513615,5.743243243243242,0.6756756756756772,8.783783783783782,3.378378378378372
3964,Die Grünen,3134,19,0.0,0.0,5.60099573257468,0.0,1.0,1.7454954954954947,2.9694167852062634,1.7780938833570303,7.930298719772409,2.5426742532005733,15.078236130867701,3.307254623044102,1.0135135135135158,1.3513513513513544,1.0135135135135158,0.3378378378378386,2.7027027027026946,4.054054054054049
426,FDP,3134,19,1.0,0.0,3.7488146040777592,1.0,1.0,1.407657657657656,2.6315789473684177,4.623044096728307,3.022759601706966,4.018492176386907,8.036984352773828,0.16002844950212847,1.3513513513513473,0.0,3.378378378378372,1.0135135135135158,0.3378378378378386,2.364864864864863
39,Die Grünen,3134,19,0.0,1.0,4.181484115694641,0.0,1.0,1.1824324324324327,4.320768136557611,0.8179231863442311,4.907539118065429,4.729729729729733,6.721194879089616,3.591749644381224,1.0135135135135087,1.0135135135135158,1.3513513513513544,3.7162162162162176,0.0,0.0
2913,FDP,3134,19,1.0,1.0,4.231863442389758,0.0,1.0,2.0833333333333357,7.2724039829302995,5.689900426742533,4.320768136557604,4.978662873399728,0.7645803698435216,2.364864864864863,1.013513513513523,1.0135135135135087,4.054054054054056,0.3378378378378457,2.0270270270270316,4.054054054054049
3667,bunt.saar,3134,19,1.0,1.0,2.468587008060691,0.0,0.0,2.871621621621626,3.876244665718353,4.445234708392597,0.6578947368421026,3.9651493598862046,1.511379800853483,0.35561877667140607,1.013513513513523,4.391891891891902,4.391891891891902,0.0,5.067567567567565,2.364864864864863
5157,FDP,3134,19,1.0,0.0,5.470602181128501,1.0,1.0,4.054054054054059,5.583214793741114,4.711948790896166,4.978662873399713,1.5647226173542066,11.77098150782362,4.214082503556185,1.3513513513513473,3.0405405405405475,3.7162162162162176,2.702702702702709,8.445945945945958,5.067567567567572
539,Die Grünen,3134,19,1.0,0.0,5.27204836415363,1.0,0.0,1.8018018018018012,1.831436699857747,4.854196301564727,5.0853485064011394,2.773826458036986,8.997155049786635,8.090327169274545,2.364864864864863,0.3378378378378386,3.378378378378372,2.364864864864863,2.3648648648648702,0.0
1872,CDU,3134,19,0.0,1.0,3.209459459459462,0.0,1.0,4.898648648648649,7.290184921763874,0.2489331436699871,0.4267425320056901,0.3022759601707037,8.108108108108105,2.880512091038412,1.3513513513513473,5.743243243243242,4.729729729729733,6.756756756756765,8.108108108108105,2.7027027027027017
1343,CDU,3134,19,0.0,1.0,4.125177809388334,1.0,1.0,2.871621621621621,4.000711237553347,5.689900426742533,2.00924608819345,4.285206258890469,4.089615931721191,4.676386913229017,0.3378378378378386,4.054054054054056,3.7162162162162176,0.3378378378378386,5.067567567567565,3.7162162162162105
3986,CDU,3134,19,0.0,0.0,2.6463963963963955,1.0,0.0,2.2522522522522537,3.2894736842105345,1.973684210526315,1.6714082503556114,6.863442389758184,0.07112375533427695,2.00924608819345,1.3513513513513473,1.3513513513513473,2.702702702702709,1.3513513513513544,2.702702702702709,4.054054054054056
1203,FDP,3134,19,1.0,1.0,4.270388809862492,1.0,1.0,1.745495495495496,5.26315789473685,1.1557610241820768,4.765291607396868,6.134423897581783,1.3513513513513473,6.952347083926028,1.689189189189193,1.3513513513513473,2.0270270270270245,1.01351351351353,3.7162162162162105,0.6756756756756701
3335,Die Grünen,3134,19,1.0,1.0,3.1146277856804168,1.0,1.0,4.729729729729733,4.409672830725462,3.982930298719765,2.3115220483641536,3.058321479374115,4.694167852062584,0.23115220483641963,3.378378378378379,1.013513513513523,6.418918918918919,6.756756756756758,5.405405405405418,5.4054054054054035
3418,CDU,3134,19,1.0,0.0,2.0477714556661923,1.0,1.0,2.6463963963963977,1.3513513513513473,2.151493598862025,2.507112375533424,0.6401137980085352,1.2802275960170704,4.356330014224753,1.3513513513513473,2.7027027027027017,4.729729729729733,0.3378378378378386,5.743243243243249,1.0135135135135158
3423,Die Grünen,3134,19,0.0,0.0,6.220365101944047,1.0,0.0,1.5202702702702666,2.7027027027026946,4.694167852062584,7.699146514935983,1.689189189189186,14.88264580369843,5.654338549075405,0.675675675675663,1.0135135135135016,3.7162162162162247,0.3378378378378386,0.6756756756756772,2.7027027027026946
4452,CDU,3134,19,1.0,0.0,1.2120673304883798,0.0,0.0,1.9144144144144104,0.16002844950213557,0.37339971550497353,1.831436699857754,1.5291607396870432,1.6180654338549019,1.76031294452347,1.689189189189193,1.0135135135135087,1.3513513513513544,3.7162162162161962,2.7027027027026946,1.0135135135135158
913,Die Grünen,3134,19,1.0,0.0,6.993835941204357,1.0,1.0,5.12387387387387,4.463015647226179,1.9559032716927405,9.939544807965845,4.018492176386914,12.393314366998567,9.192745376955898,5.067567567567565,0.3378378378378386,7.432432432432421,5.067567567567572,5.4054054054054035,7.432432432432421
4633,FDP,3134,19,1.0,0.0,3.5858226647700335,1.0,0.0,2.2522522522522492,3.556187766714082,1.8136557610241795,4.338549075391185,0.3022759601707037,8.392603129445227,3.1116642958748244,2.3648648648648702,3.0405405405405332,1.689189189189186,2.364864864864856,1.689189189189186,2.364864864864863
4201,CDU,3134,19,1.0,1.0,5.4439307728781365,1.0,1.0,3.1531531531531543,5.156472261735402,4.925320056899004,2.7560455192034112,7.574679943100989,6.490042674253203,5.7610241820768096,2.7027027027026946,7.0945945945945965,1.3513513513513615,2.0270270270270245,1.0135135135135158,4.729729729729733
3517,bunt.saar,3134,19,1.0,0.0,4.074798482693219,1.0,1.0,1.9707207207207216,3.8584637268847715,2.7560455192034112,6.098862019914655,2.7916073968705533,5.743243243243242,3.200568990042683,1.689189189189186,1.0135135135135158,1.0135135135135158,1.0135135135135158,3.0405405405405475,4.054054054054049
3488,SPD,3134,19,0.0,0.0,5.778805120910384,0.0,0.0,3.6036036036036037,1.6714082503556114,3.9295874822190555,7.556899004267429,3.1116642958748244,7.610241820768145,10.79302987197724,2.364864864864856,1.689189189189193,3.7162162162162176,4.391891891891895,4.729729729729733,4.729729729729726
3681,FDP,3134,19,1.0,0.0,3.6213845424371756,1.0,1.0,2.984234234234234,0.6756756756756772,7.3968705547653,2.0625889046941666,4.231863442389752,5.600995732574681,1.760312944523477,2.702702702702709,0.3378378378378244,2.702702702702709,5.743243243243242,4.729729729729726,1.689189189189193
2049,bunt.saar,3134,19,1.0,1.0,5.654338549075387,1.0,0.0,0.9009009009009029,1.2980085348506378,7.307965860597427,6.792318634423886,0.40896159317211556,15.16714082503556,2.951635846372696,0.3378378378378386,1.3513513513513473,0.3378378378378386,0.3378378378378386,0.3378378378378457,2.702702702702709
2466,bunt.saar,3134,19,0.0,1.0,5.989212897107631,1.0,1.0,7.432432432432429,0.5512091038406766,5.992176386913229,6.3122332859175,7.325746799431009,8.445945945945937,7.3079658605974345,5.067567567567565,3.378378378378372,9.459459459459467,9.797297297297291,7.432432432432428,9.459459459459453
3827,bunt.saar,3134,19,1.0,0.0,8.019203413940255,1.0,1.0,1.5765765765765802,1.724751066856328,6.952347083926043,9.868421052631575,6.276671408250365,14.669274537695586,8.62375533428164,1.3513513513513544,2.0270270270270316,1.3513513513513544,2.3648648648648702,1.3513513513513544,1.0135135135135158
4794,DIE LINKE,3134,19,1.0,1.0,2.2907776197249903,1.0,1.0,2.2522522522522515,0.46230440967283215,0.9246088193456643,5.654338549075405,1.4580369843527734,3.236130867709818,2.00924608819345,3.7162162162162176,1.0135135135135016,1.013513513513523,0.6756756756756843,3.0405405405405403,4.054054054054042
4096,FDP,3134,19,1.0,1.0,7.977714556661925,1.0,1.0,2.5337837837837847,5.4765291607396875,7.23684210526315,8.570412517780944,4.747510668563301,6.330014224751068,15.504978662873398,0.6756756756756772,3.378378378378379,1.689189189189193,1.689189189189193,3.0405405405405403,4.729729729729726
3435,FDP,3134,19,1.0,1.0,3.911806543385492,1.0,1.0,0.5630630630630638,5.725462304409675,4.374110953058327,1.529160739687054,6.436699857752494,0.5689900426742547,4.836415362731149,0.3378378378378386,0.6756756756756772,0.6756756756756772,0.3378378378378386,0.6756756756756772,0.6756756756756737
3954,CDU,3134,19,1.0,0.0,3.6539829302987186,1.0,1.0,1.6891891891891884,4.943100995732571,4.107396870554773,1.9203413940255984,5.1209103840682815,5.529871977240397,0.3022759601706895,0.3378378378378386,1.3513513513513473,4.054054054054056,1.0135135135135087,1.0135135135135087,2.3648648648648702
3351,bunt.saar,3134,19,1.0,0.0,8.333333333333334,1.0,1.0,1.6891891891891895,0.32005689900427114,4.089615931721191,11.87766714082504,2.3826458036984306,20.625889046941687,10.704125177809388,1.689189189189186,0.3378378378378386,3.378378378378386,0.0,2.3648648648648702,2.364864864864856
1452,SPD,3134,19,0.0,0.0,9.417970602181128,1.0,0.0,3.828828828828827,5.7254623044096675,8.108108108108105,15.433854907539121,3.769559032716927,11.450924608819342,12.019914651493607,4.729729729729726,0.3378378378378315,2.3648648648648702,5.743243243243242,5.4054054054054035,4.391891891891888
5080,CDU,3134,19,1.0,0.0,9.142366050260781,1.0,0.0,3.941441441441435,2.578236130867701,5.903271692745371,12.21550497866287,7.503556187766712,16.980796586059743,9.672830725462298,0.675675675675663,0.0,7.432432432432428,2.364864864864856,9.121621621621614,4.054054054054049
203,DIE LINKE,3134,19,1.0,1.0,4.068871503082029,1.0,1.0,1.4639639639639637,5.707681365576107,2.9871977240398238,1.4580369843527734,3.058321479374115,9.672830725462298,1.5291607396870575,1.3513513513513473,0.6756756756756701,4.054054054054056,0.6756756756756772,0.6756756756756772,1.3513513513513544
4182,CDU,3134,19,1.0,0.0,5.277975343764819,0.0,1.0,8.333333333333332,0.40896159317212266,8.570412517780944,6.36557610241821,3.805120910384062,1.582503556187767,10.935277382645808,6.081081081081074,7.0945945945945965,9.797297297297298,8.783783783783775,6.081081081081088,12.162162162162161
4982,FDP,3134,19,1.0,0.0,3.772522522522524,1.0,0.0,3.5472972972972983,3.662873399715508,7.183499288762434,5.423186344238985,2.0270270270270316,3.876244665718353,0.46230440967283215,0.6756756756756772,6.081081081081074,4.054054054054056,3.378378378378372,4.391891891891902,2.702702702702709
5014,CDU,3134,19,1.0,0.0,2.7145566619250814,1.0,1.0,0.8445945945945906,2.7738264580369787,4.783072546230443,1.1557610241820626,3.4317211948790884,2.773826458036986,1.369132290184929,0.6756756756756772,1.3513513513513473,0.6756756756756701,0.6756756756756772,1.0135135135135087,0.675675675675663
28,bunt.saar,3134,19,0.0,1.0,2.6997392128971107,1.0,1.0,4.673423423423419,3.5739687055476566,6.276671408250358,5.992176386913229,0.053342816500716594,0.284495021337122,0.017780938833581672,1.3513513513513544,4.391891891891895,6.418918918918905,1.3513513513513544,6.756756756756744,7.7702702702702595
2483,FDP,3134,19,0.0,0.0,4.311877667140826,0.0,0.0,5.349099099099095,5.689900426742533,5.974395448079662,6.205547652916081,5.529871977240397,1.1735419630156443,1.2980085348506378,1.0135135135135087,2.7027027027026946,10.472972972972975,4.054054054054042,6.418918918918919,7.432432432432428
3704,FDP,3134,19,1.0,1.0,4.860123281175913,1.0,1.0,1.5202702702702702,7.539118065433861,2.8271692745377024,3.165007112375534,7.005689900426745,6.223328591749635,2.400426742532005,2.0270270270270316,1.013513513513523,1.0135135135135087,0.6756756756756772,3.040540540540526,1.3513513513513544
3799,CDU,3134,19,1.0,0.0,5.974395448079663,0.0,0.0,1.4639639639639637,1.618065433854909,8.801564722617357,7.201280227596023,0.3022759601707037,12.802275960170704,5.1209103840682815,0.6756756756756772,0.3378378378378457,1.0135135135135087,2.0270270270270316,1.689189189189186,3.0405405405405332
2338,bunt.saar,3134,19,1.0,1.0,3.2479848269321976,1.0,0.0,3.9414414414414445,4.516358463726888,3.342816500711244,1.0135135135135087,2.507112375533424,5.5476529160739645,2.560455192034155,0.3378378378378386,1.3513513513513402,5.067567567567572,4.729729729729733,6.081081081081088,6.081081081081095
2171,CDU,3134,19,0.0,0.0,4.708985301090565,1.0,0.0,2.9842342342342376,2.6137980085348573,6.063300142247513,6.116642958748223,7.734708392603125,4.338549075391185,1.3869132290184893,1.0135135135135158,0.3378378378378386,5.743243243243249,1.3513513513513615,3.7162162162162176,5.743243243243242
2691,FDP,3134,19,1.0,0.0,3.7636320531057392,0.0,1.0,5.292792792792792,0.3378378378378386,6.063300142247513,1.2802275960170704,4.747510668563301,6.472261735419636,3.6806543385490755,0.6756756756756701,4.054054054054056,7.432432432432435,4.391891891891895,5.405405405405396,9.797297297297298
2709,bunt.saar,3134,19,1.0,0.0,8.946775723091518,1.0,1.0,1.4076576576576656,7.82361308677099,3.271692745376953,9.317211948790913,7.859174964438125,16.038406827880515,9.370554765291615,2.3648648648648702,1.0135135135135158,1.01351351351353,2.0270270270270316,1.01351351351353,1.0135135135135158
2192,FDP,3134,19,1.0,1.0,3.508771929824563,1.0,1.0,3.7162162162162176,0.9068278805120897,4.107396870554773,3.0405405405405403,0.6223328591749677,3.94736842105263,8.428165007112376,2.7027027027027017,2.702702702702709,6.081081081081081,5.405405405405411,1.0135135135135158,4.391891891891888
1778,SPD,3134,19,1.0,0.0,3.4702465623518264,1.0,1.0,1.8581081081081088,3.1294452347083777,4.9075391180654435,5.796586059743959,2.2048364153627347,1.9914651493598896,2.7916073968705533,2.702702702702709,0.6756756756756772,1.689189189189186,3.0405405405405403,1.3513513513513544,1.689189189189186
3662,Die Grünen,3134,19,0.0,0.0,4.371147463252723,0.0,1.0,1.8581081081081123,4.463015647226179,4.658605974395449,4.694167852062584,3.1294452347083777,7.556899004267429,1.7247510668563208,4.391891891891902,0.0,1.3513513513513544,0.0,2.0270270270270316,3.378378378378386
3915,FDP,3134,19,1.0,1.0,5.1179468942626825,1.0,1.0,2.421171171171172,1.2980085348506378,4.9075391180654435,7.805832147937409,5.7254623044096675,7.645803698435273,3.3250355618776624,3.0405405405405475,1.689189189189186,0.0,2.702702702702709,7.094594594594589,0.0
2207,SPD,3134,19,0.0,1.0,3.760668563300142,0.0,1.0,1.013513513513517,1.4935988620199083,6.952347083926043,2.4893314366998567,4.658605974395449,5.138691322901849,1.831436699857747,0.0,0.6756756756756843,2.0270270270270316,0.0,1.0135135135135158,2.3648648648648702
972,CDU,3134,19,1.0,1.0,1.7158605974395453,1.0,1.0,3.4346846846846844,1.369132290184929,2.3826458036984377,2.293741109530579,0.6934566145092447,0.6401137980085352,2.916073968705547,3.378378378378372,2.7027027027027017,5.067567567567565,3.0405405405405403,3.7162162162162176,2.702702702702709
1345,CDU,3134,19,1.0,1.0,3.2390943575154068,1.0,1.0,0.5067567567567591,0.5156472261735416,5.4409672830725455,4.551920341394016,2.400426742531998,3.2894736842105274,3.236130867709811,0.6756756756756772,1.689189189189193,0.3378378378378457,0.0,0.3378378378378386,0.0
787,FDP,3134,19,1.0,1.0,4.264461830251302,1.0,1.0,1.745495495495491,0.9779516358463738,3.3605974395448044,9.566145092460893,0.0889046941678373,3.9295874822190555,7.663584637268848,2.364864864864856,2.0270270270270316,0.3378378378378244,1.6891891891891788,1.3513513513513544,2.7027027027027017
1125,CDU,3134,19,1.0,0.0,4.012565196775726,1.0,0.0,6.1936936936936915,3.6806543385490826,5.529871977240404,5.867709815078236,4.445234708392597,2.6137980085348573,1.9381223328591801,5.067567567567565,5.743243243243242,8.108108108108098,3.0405405405405475,9.797297297297291,5.4054054054054035
3829,FDP,3134,19,0.0,1.0,7.633949739212896,1.0,1.0,3.3220720720720727,3.342816500711244,4.87197724039828,11.895448079658607,3.0049786628734054,9.957325746799427,12.731152204836413,2.3648648648648702,2.364864864864856,6.081081081081081,0.6756756756756843,4.391891891891895,4.054054054054049
3521,FDP,3134,19,1.0,1.0,4.314841156946421,0.0,1.0,1.9707207207207205,9.014935988620195,1.831436699857747,3.769559032716927,1.8847795163584706,5.689900426742533,3.69843527738265,0.3378378378378386,2.702702702702709,2.7027027027027017,1.689189189189186,3.7162162162162176,0.6756756756756701
3243,CDU,3134,19,1.0,1.0,2.856804172593646,1.0,1.0,2.25225225225225,1.0846372688477857,3.413940256045514,1.369132290184929,6.347795163584628,4.569701280227605,0.3556187766714132,1.3513513513513544,2.0270270270270316,2.7027027027026946,2.0270270270270174,1.689189189189186,3.7162162162162176
1454,FDP,3134,19,1.0,0.0,4.531175912754855,1.0,1.0,3.2094594594594574,11.308677098150774,1.653627311522051,3.59174964438121,3.09388335704125,0.07112375533427695,7.46799431009957,1.0135135135135158,4.054054054054056,4.729729729729719,0.0,5.067567567567565,4.391891891891888
2685,FDP,3134,19,0.0,1.0,3.3694879089615903,1.0,1.0,1.9707207207207194,3.0405405405405403,4.729729729729726,6.276671408250351,2.6493598862019923,2.115931721194869,1.404694167852064,4.054054054054049,2.0270270270270316,0.3378378378378386,2.7027027027026946,0.6756756756756772,2.0270270270270245
2215,CDU,3134,19,0.0,1.0,1.3128259838786118,1.0,1.0,1.3513513513513555,2.293741109530579,0.6401137980085352,1.1557610241820626,0.40896159317212266,1.5647226173541924,1.8136557610241795,2.702702702702709,0.6756756756756772,1.3513513513513615,2.7027027027027017,0.3378378378378386,0.3378378378378457
3734,bunt.saar,3134,19,0.0,0.0,4.895685158843052,0.0,0.0,3.0968468468468466,3.7162162162162176,4.391891891891895,6.330014224751068,1.0668563300142253,5.885490753911803,7.983641536273105,3.7162162162162176,6.418918918918926,0.3378378378378386,2.364864864864863,3.0405405405405403,2.7027027027026946
1225,FDP,3134,19,0.0,1.0,4.516358463726881,0.0,1.0,2.0270270270270316,0.16002844950213557,10.170697012802265,1.404694167852064,7.841394025604551,4.943100995732571,2.578236130867701,3.378378378378393,1.3513513513513615,1.689189189189186,1.0135135135135087,4.054054054054056,0.6756756756756843
4689,CDU,3134,19,1.0,0.0,3.372451398767191,1.0,1.0,4.448198198198195,0.5867709815078399,1.9559032716927476,3.769559032716927,6.827880512091042,4.587482219061165,2.507112375533424,5.743243243243228,5.067567567567572,5.743243243243242,4.054054054054049,1.3513513513513544,4.729729729729726
4318,Die Grünen,3134,19,1.0,0.0,7.716927453769561,0.0,0.0,3.941441441441446,4.516358463726888,7.254623044096725,6.934566145092461,5.1031294452347,13.780227596017077,8.712660028449513,0.6756756756756843,3.0405405405405475,6.756756756756751,3.0405405405405475,6.081081081081088,4.054054054054056
2910,bunt.saar,3134,19,1.0,0.0,4.714912280701757,1.0,1.0,1.351351351351352,2.0270270270270316,3.0761024182076895,7.574679943100989,2.2048364153627347,7.770270270270274,5.636557610241823,1.3513513513513544,1.01351351351353,0.0,1.3513513513513544,2.364864864864856,2.0270270270270174
2023,CDU,3134,19,1.0,1.0,4.803816974869602,1.0,1.0,3.8851351351351355,5.956614509246087,1.831436699857747,2.773826458036986,3.1827880512090942,4.445234708392597,10.633001422475104,6.756756756756751,0.6756756756756843,2.364864864864863,3.0405405405405475,2.0270270270270174,8.445945945945951
2753,FDP,3134,19,1.0,1.0,3.0909198672356553,1.0,1.0,1.4076576576576596,4.2140825035561775,1.333570412517787,2.2048364153627347,4.142958748221901,0.4800853485063996,6.169985775248932,1.689189189189193,1.3513513513513544,1.0135135135135158,0.3378378378378386,0.6756756756756772,3.378378378378379
3330,Die Grünen,3134,19,1.0,0.0,6.759720246562346,1.0,0.0,8.783783783783784,1.1557610241820626,6.810099573257467,7.183499288762434,3.6806543385490755,9.068278805120912,12.660028449502128,6.418918918918912,3.0405405405405403,10.13513513513513,9.797297297297298,11.148648648648653,12.162162162162168
2184,Die Grünen,3134,19,0.0,1.0,3.9473684210526288,0.0,1.0,1.0135135135135194,0.08890469416784441,8.890469416785209,5.814366998577512,0.5867709815078399,5.156472261735402,3.1472261735419664,0.0,0.3378378378378386,0.6756756756756914,1.6891891891892001,1.689189189189193,1.689189189189193
4632,SPD,3134,19,0.0,0.0,4.7741820768136565,1.0,0.0,3.0405405405405417,3.1472261735419664,0.7467994310099613,8.143669985775247,11.39758179231864,2.3648648648648702,2.8449502133712556,5.743243243243249,3.7162162162162176,0.3378378378378457,6.418918918918919,0.675675675675663,1.3513513513513544
227,FDP,3134,19,1.0,0.0,6.205547652916075,1.0,0.0,2.5900900900900914,6.401137980085352,3.805120910384069,5.1209103840682815,8.943812233285918,12.446657183499283,0.5156472261735487,2.364864864864863,0.3378378378378386,4.054054054054056,1.3513513513513615,3.7162162162162105,3.7162162162162176
1506,FDP,3134,19,1.0,1.0,7.245732574679946,1.0,1.0,2.2522522522522532,5.974395448079662,9.63726884779517,6.472261735419632,3.165007112375534,8.926031294452343,9.299431009957331,0.3378378378378386,3.7162162162162176,2.3648648648648667,1.689189189189193,3.378378378378372,2.0270270270270316
2728,bunt.saar,3134,19,1.0,0.0,3.9681128496917957,0.0,0.0,2.6463963963963977,1.2268847795163538,5.903271692745371,4.943100995732571,2.5248933143669916,4.9075391180654435,4.302987197724043,6.418918918918926,0.6756756756756701,1.3513513513513544,3.7162162162162176,3.378378378378379,0.3378378378378386
4117,CDU,3134,19,1.0,0.0,5.947724039829301,1.0,0.0,3.9977477477477485,1.653627311522051,11.024182076813645,8.143669985775247,0.8890469416785152,6.223328591749642,7.752489331436706,4.054054054054049,0.6756756756756701,3.7162162162162176,8.108108108108105,3.0405405405405475,4.391891891891902
167,FDP,3134,19,1.0,1.0,4.557847321005215,1.0,0.0,2.477477477477475,8.534850640113788,4.071834992887624,2.7738264580369787,2.3470839260312957,7.361308677098158,2.258179231863444,1.689189189189186,0.0,4.054054054054056,2.0270270270270174,4.054054054054056,3.0405405405405332
2693,bunt.saar,3134,19,1.0,0.0,3.05239449976292,1.0,0.0,8.333333333333334,4.694167852062591,0.8001422475106637,2.293741109530586,3.805120910384069,4.551920341394023,2.1692745376955855,4.391891891891895,5.067567567567565,9.121621621621628,12.162162162162161,10.13513513513513,9.121621621621628
3076,Die Grünen,3134,19,1.0,0.0,4.14295874822191,1.0,1.0,0.9572072072072011,1.2091038406827934,4.9075391180654435,5.0497866287340045,0.03556187766713492,8.60597439544808,5.0497866287340045,0.6756756756756772,0.3378378378378386,1.3513513513513402,0.6756756756756701,1.3513513513513402,1.3513513513513402
3559,CDU,3134,19,1.0,0.0,4.252607871028926,1.0,1.0,2.027027027027028,4.711948790896166,5.423186344238985,1.5825035561877598,5.51209103840683,8.001422475106686,0.2844950213371291,1.3513513513513686,0.6756756756756701,4.391891891891888,1.0135135135135158,1.0135135135135087,3.7162162162162176
1094,Die Grünen,3134,19,0.0,1.0,6.279634898055948,0.0,1.0,1.0698198198198199,6.490042674253196,2.1337126600284506,8.339260312944532,7.770270270270267,8.908250355618776,4.036273115220467,1.3513513513513473,0.0,2.702702702702709,0.6756756756756701,1.689189189189193,0.0
4706,Die Grünen,3134,19,0.0,0.0,6.979018492176384,0.0,0.0,4.504504504504504,4.711948790896166,6.916785206258886,9.60170697012802,2.187055476529153,10.881934566145091,7.574679943100989,2.0270270270270316,4.054054054054056,6.081081081081088,3.7162162162162105,6.081081081081074,5.067567567567565
5013,bunt.saar,3134,19,0.0,1.0,6.202584163110479,1.0,1.0,1.126126126126124,5.26315789473685,3.271692745376953,10.633001422475118,2.933854907539107,6.401137980085338,8.712660028449505,1.0135135135135158,1.689189189189186,1.6891891891891788,1.0135135135135087,0.6756756756756772,0.6756756756756772
2448,Die Grünen,3134,19,0.0,0.0,3.568041725936458,0.0,0.0,2.1959459459459425,0.10668563300142608,6.721194879089616,5.334281650071112,1.9559032716927405,5.618776671408241,1.6714082503556114,3.378378378378379,1.689189189189193,3.378378378378372,0.0,2.7027027027026946,2.0270270270270174
4949,DIE LINKE,3134,19,1.0,1.0,5.790659080132766,1.0,0.0,1.3513513513513533,8.517069701280235,2.5248933143669916,4.836415362731152,7.556899004267429,9.655049786628737,1.653627311522051,0.3378378378378386,1.3513513513513686,1.3513513513513473,1.689189189189193,2.0270270270270245,1.3513513513513473
554,SPD,3134,19,1.0,0.0,4.951991465149362,1.0,1.0,1.069819819819821,1.5291607396870575,7.450213371266003,9.246088193456615,0.8534850640113874,4.516358463726888,6.116642958748223,1.6891891891892001,1.0135135135135087,0.0,0.3378378378378386,2.0270270270270316,1.3513513513513473
4176,bunt.saar,3134,19,0.0,0.0,3.1709340919867253,0.0,0.0,1.069819819819821,2.9338549075391214,0.7112375533428192,3.805120910384062,2.258179231863444,6.36557610241821,2.951635846372696,0.0,2.0270270270270316,0.3378378378378386,0.0,0.6756756756756772,3.378378378378379
4533,Die Grünen,3134,19,0.0,1.0,3.588786154575627,0.0,1.0,4.842342342342337,5.156472261735409,0.40896159317212266,2.044807965860592,7.432432432432435,0.8179231863442382,5.672119487908965,1.689189189189186,4.729729729729733,5.743243243243228,3.0405405405405403,7.432432432432421,6.418918918918912
4776,bunt.saar,3134,19,0.0,1.0,3.8021574205784723,0.0,0.0,2.9279279279279273,2.6315789473684177,5.903271692745371,2.9694167852062634,5.209815078236119,5.796586059743959,0.3022759601707037,1.0135135135135087,0.3378378378378386,5.067567567567565,5.743243243243242,2.364864864864856,3.0405405405405546
3015,CDU,3134,19,1.0,1.0,3.858463726884781,1.0,1.0,1.8018018018018047,0.6934566145092447,0.9957325746799413,7.5213371266002795,1.475817923186355,8.517069701280235,3.94736842105263,1.013513513513523,2.0270270270270316,2.3648648648648702,2.364864864864856,2.702702702702709,0.3378378378378386
727,SPD,3134,19,1.0,1.0,3.707325746799436,0.0,1.0,0.8445945945945953,1.6714082503556185,0.7645803698435287,6.952347083926043,2.4537695590327147,3.7339971550498063,6.667852062588906,0.6756756756756701,0.0,3.0405405405405332,0.3378378378378386,0.0,1.01351351351353
424,bunt.saar,3134,19,1.0,0.0,1.2802275960170668,0.0,1.0,0.8445945945945965,3.7517780938833525,0.03556187766713492,0.17780938833570303,0.12446657183499354,3.413940256045514,0.17780938833570303,0.6756756756756772,0.6756756756756843,2.0270270270270316,0.3378378378378315,0.3378378378378386,1.0135135135135158
4090,FDP,3134,19,0.0,0.0,3.6984352773826443,0.0,1.0,5.0675675675675675,0.9779516358463738,1.6002844950213486,3.271692745376953,8.25035561877666,1.7069701280227534,6.383357041251777,2.3648648648648702,5.405405405405411,5.743243243243235,0.0,7.770270270270267,9.121621621621621
3225,FDP,3134,19,1.0,1.0,2.5960170697012814,1.0,1.0,1.8018018018017987,3.271692745376953,3.0761024182076824,0.2844950213371291,5.992176386913229,0.1955903271692776,2.7560455192034183,2.3648648648648702,0.3378378378378386,0.3378378378378386,0.675675675675663,6.081081081081074,1.0135135135135087
4447,CDU,3134,19,0.0,1.0,4.033309625414887,0.0,1.0,1.463963963963966,5.529871977240397,1.8136557610241795,0.9068278805120897,5.7610241820768096,9.921763869132299,0.26671408250354744,0.0,2.0270270270270316,1.3513513513513544,0.3378378378378457,1.3513513513513473,3.7162162162162176
1137,CDU,3134,19,1.0,0.0,6.703413940256045,1.0,1.0,2.7590090090090107,0.9601706970128063,9.139402560455189,6.116642958748223,2.8449502133712556,16.002844950213372,5.1564722617354235,3.7162162162162176,2.7027027027027017,2.3648648648648702,4.391891891891895,0.6756756756756772,2.7027027027027017
394,bunt.saar,3134,19,0.0,1.0,3.7458511142721718,0.0,1.0,1.5202702702702666,2.3648648648648702,1.0846372688477857,5.654338549075405,3.556187766714089,4.054054054054063,5.761024182076817,3.0405405405405332,2.0270270270270316,0.675675675675663,1.0135135135135158,1.0135135135135016,1.3513513513513544
800,FDP,3134,19,1.0,1.0,3.796230440967284,1.0,1.0,1.1824324324324316,2.7916073968705533,3.3961593172119535,3.022759601706966,8.285917496443822,1.831436699857754,3.449502133712656,3.7162162162162176,0.6756756756756701,0.3378378378378315,1.013513513513523,0.0,1.3513513513513473
2455,bunt.saar,3134,19,1.0,0.0,5.5861782835467055,0.0,0.0,9.62837837837838,2.6137980085348502,5.707681365576114,3.591749644381224,2.2403982930298696,14.63371266002845,4.729729729729726,3.378378378378372,6.4189189189189335,8.445945945945951,10.810810810810814,14.527027027027025,14.189189189189193
2813,bunt.saar,3134,19,0.0,1.0,4.006638217164533,1.0,1.0,1.5202702702702737,5.423186344238985,6.77453769559034,3.7873399715504945,0.604551920341386,6.241109530583209,1.2091038406827863,1.689189189189193,2.3648648648648702,1.0135135135135158,1.689189189189186,1.3513513513513473,1.01351351351353
836,bunt.saar,3134,19,1.0,1.0,5.793622569938361,1.0,0.0,2.252252252252253,4.9075391180654435,3.556187766714082,5.4409672830725455,10.046230440967285,6.472261735419629,4.338549075391185,2.3648648648648702,3.0405405405405475,3.7162162162162105,1.0135135135135158,3.0405405405405475,0.3378378378378244
1053,Die Grünen,3134,19,0.0,0.0,7.4798482693219555,0.0,0.0,6.081081081081077,0.5512091038406766,12.07325746799431,6.596728307254629,2.7204836415362763,12.144381223328601,10.79302987197724,5.4054054054054035,4.054054054054056,7.094594594594589,6.418918918918912,5.4054054054054035,8.108108108108098
4139,CDU,3134,19,1.0,1.0,4.2644618302512995,1.0,1.0,2.0833333333333273,2.8982930298719793,2.115931721194869,4.943100995732571,1.6358463726884764,6.650071123755325,7.3435277382645765,3.0405405405405332,1.0135135135135087,1.689189189189186,3.0405405405405332,2.7027027027026946,1.0135135135135087
4249,bunt.saar,3134,19,0.0,1.0,2.0507349454717834,0.0,1.0,1.9707207207207194,1.4935988620199083,1.3157894736842124,3.4317211948790884,1.0135135135135087,3.271692745376953,1.7780938833570303,3.7162162162162105,0.6756756756756772,0.3378378378378386,4.054054054054056,0.0,3.0405405405405332
5159,DIE LINKE,3134,19,0.0,0.0,3.8643907064959677,0.0,0.0,2.5900900900900923,8.019203413940254,5.067567567567565,1.2624466571834958,4.071834992887624,4.694167852062591,0.07112375533427695,3.7162162162162176,1.689189189189186,2.702702702702709,3.0405405405405475,2.702702702702709,1.689189189189186
710,SPD,3134,19,0.0,1.0,8.594120436225698,0.0,1.0,3.6036036036036037,3.591749644381224,11.006401137980085,12.571123755334277,1.3869132290184822,12.002133712660033,11.006401137980085,0.3378378378378315,0.0,6.756756756756751,4.7297297297297405,8.445945945945951,1.3513513513513473
3837,bunt.saar,3134,19,1.0,1.0,5.37280701754386,1.0,1.0,5.968468468468473,3.165007112375534,2.9694167852062563,6.205547652916081,3.2183499288762505,8.534850640113788,8.143669985775247,7.094594594594604,6.418918918918926,5.743243243243249,3.0405405405405403,7.0945945945945965,6.418918918918919
1199,Die Grünen,3134,19,0.0,1.0,4.762328117591277,0.0,0.0,3.0405405405405417,1.9559032716927476,9.174964438122338,2.3470839260312957,5.45874822190612,6.241109530583209,3.3961593172119535,3.0405405405405332,3.0405405405405475,4.054054054054063,2.0270270270270245,5.4054054054054035,0.6756756756756772
4193,Die Grünen,3134,19,0.0,0.0,5.120910384068277,1.0,0.0,1.238738738738738,4.409672830725462,2.720483641536269,6.401137980085345,3.271692745376953,9.263869132290182,4.658605974395449,0.6756756756756772,1.0135135135135016,0.3378378378378386,2.364864864864863,2.702702702702709,0.3378378378378386
228,CDU,3134,19,1.0,1.0,2.619724988146037,1.0,1.0,1.0135135135135147,3.3605974395447973,4.160739687055475,0.604551920341386,5.921052631578952,0.7290184921763796,0.9423897581792318,1.0135135135135158,1.3513513513513473,1.013513513513523,0.3378378378378386,1.689189189189186,0.6756756756756772
4080,FDP,3134,19,1.0,1.0,1.4787814129919379,1.0,0.0,2.252252252252253,3.271692745376953,0.35561877667140607,1.1557610241820626,0.9423897581792318,0.1955903271692847,2.951635846372689,4.391891891891888,4.729729729729733,0.6756756756756701,2.3648648648648702,0.6756756756756772,0.6756756756756772
3893,Die Grünen,3134,19,1.0,0.0,5.387624466571833,1.0,1.0,0.7882882882882901,6.13442389758179,4.42745376955903,2.9871977240398238,2.4537695590327075,8.570412517780944,7.752489331436706,0.3378378378378386,1.689189189189193,1.013513513513523,0.6756756756756701,1.0135135135135158,0.0
3332,FDP,3134,19,1.0,0.0,2.6730678046467573,1.0,0.0,3.0405405405405403,3.9651493598862118,0.142247510668561,2.3293029871977353,2.2226173541963163,2.3115220483641536,5.067567567567565,3.0405405405405332,4.391891891891888,1.0135135135135087,5.743243243243256,2.3648648648648702,1.689189189189186
174,bunt.saar,3134,19,1.0,1.0,4.791963015647222,1.0,1.0,1.7454954954954935,2.7560455192034112,5.334281650071112,6.472261735419622,2.3826458036984306,5.8677098150782285,5.938833570412527,2.0270270270270316,0.0,1.0135135135135016,2.7027027027027017,1.6891891891891788,3.0405405405405475
5211,Die Grünen,3134,19,0.0,0.0,3.624348032242768,1.0,1.0,1.520270270270269,2.7027027027026946,4.587482219061172,6.347795163584628,3.1472261735419664,4.302987197724043,0.6578947368421026,1.689189189189186,0.3378378378378315,0.6756756756756914,1.0135135135135087,2.7027027027027017,2.7027027027026946
2130,FDP,3134,19,1.0,1.0,4.860123281175915,1.0,1.0,3.603603603603604,5.2275960170697005,5.298719772403977,3.8406827880512147,4.338549075391185,3.52062588904694,6.934566145092475,4.054054054054042,5.067567567567565,6.081081081081084,1.689189189189193,1.0135135135135158,3.7162162162162247
1265,FDP,3134,19,1.0,1.0,3.0109056424845924,1.0,0.0,1.1261261261261264,3.9651493598862118,3.2894736842105274,2.293741109530586,1.1024182076813673,5.778805120910384,1.6358463726884764,1.689189189189193,2.7027027027026946,0.6756756756756772,0.3378378378378386,0.3378378378378386,1.0135135135135158
3486,CDU,3134,19,1.0,0.0,6.146277856804176,1.0,0.0,3.209459459459461,1.9914651493598896,3.9651493598862118,12.908961593172116,1.0668563300142253,7.805832147937409,9.139402560455203,0.6756756756756701,4.729729729729733,3.0405405405405403,3.378378378378379,3.378378378378379,4.054054054054063
1073,bunt.saar,3134,19,1.0,1.0,2.581199620673305,1.0,1.0,5.630630630630631,0.5867709815078399,3.413940256045514,1.795874822190612,2.009246088193457,4.818634423897564,2.8627311522048444,3.378378378378372,6.756756756756765,8.445945945945951,1.689189189189186,6.081081081081095,7.432432432432421
1262,FDP,3134,19,0.0,1.0,4.445234708392603,0.0,1.0,3.490990990990993,1.866998577524896,1.9559032716927405,2.4537695590327147,13.495732574679948,5.51209103840683,1.3869132290184893,4.054054054054056,3.7162162162162176,5.067567567567572,0.3378378378378386,0.6756756756756772,7.0945945945945965
2584,FDP,3134,19,1.0,0.0,2.447842579421524,1.0,1.0,2.9279279279279287,0.6934566145092447,0.6934566145092376,7.770270270270267,0.9423897581792318,0.07112375533427695,4.516358463726888,2.702702702702716,2.0270270270270245,5.4054054054054035,5.4054054054054035,0.6756756756756701,1.3513513513513544
4225,bunt.saar,3134,19,1.0,1.0,5.479492650545279,1.0,1.0,2.0833333333333344,2.293741109530586,4.196301564722617,5.5832147937411065,4.107396870554766,11.308677098150774,5.387624466571822,1.3513513513513473,0.0,2.0270270270270316,4.054054054054049,2.0270270270270316,3.0405405405405475
4728,CDU,3134,19,1.0,0.0,5.283902323376011,1.0,0.0,2.9279279279279273,1.618065433854916,12.179943100995729,1.7069701280227676,1.2091038406827934,8.623755334281647,6.36557610241821,6.081081081081088,0.3378378378378386,0.3378378378378386,6.756756756756751,1.689189189189186,2.364864864864863
4983,FDP,3134,19,1.0,1.0,3.609530583214793,1.0,1.0,3.265765765765765,0.9423897581792389,1.8492176386913144,2.7027027027027017,7.5213371266002795,0.2489331436699871,8.392603129445234,7.432432432432428,4.054054054054049,1.3513513513513544,2.364864864864863,2.0270270270270245,2.3648648648648702
241,CDU,3134,19,1.0,1.0,2.5397107633949774,1.0,1.0,2.083333333333331,3.662873399715508,0.10668563300142608,0.4445234708392647,5.849928876244675,4.640825035561882,0.5334281650071091,1.3513513513513402,2.0270270270270316,2.702702702702709,0.675675675675663,2.7027027027026946,3.0405405405405475
2237,Die Grünen,3134,19,1.0,0.0,10.621147463252727,1.0,0.0,2.083333333333332,10.455192034139408,5.4054054054054035,10.348506401137975,1.3513513513513473,24.075391180654343,12.091038406827884,1.3513513513513544,2.0270270270270316,1.6891891891891788,2.364864864864856,3.0405405405405475,2.0270270270270245
799,FDP,3134,19,0.0,0.0,2.545637743006162,0.0,0.0,3.772522522522524,1.3513513513513473,4.818634423897571,0.8712660028449548,4.587482219061172,2.916073968705547,0.7290184921763796,1.3513513513513473,2.0270270270270245,3.378378378378386,2.364864864864863,6.756756756756758,6.756756756756765
4311,SPD,3134,19,0.0,0.0,8.78674727358938,1.0,1.0,2.5337837837837847,5.423186344238985,5.689900426742533,11.415362731152207,8.463726884779511,12.837837837837839,8.890469416785209,2.3648648648648702,2.3648648648648702,1.3513513513513473,1.689189189189186,3.378378378378379,4.054054054054056
2914,FDP,3134,19,1.0,1.0,3.671763869132292,1.0,1.0,1.7454954954954978,8.854907539118074,2.1337126600284506,2.7738264580369822,0.6223328591749606,3.69843527738265,3.9473684210526336,1.3513513513513615,1.689189189189186,3.378378378378379,1.0135135135135158,1.3513513513513544,1.6891891891891895
2418,SPD,3134,19,1.0,0.0,2.246325272641061,0.0,0.0,4.673423423423423,3.8584637268847715,3.627311522048373,0.32005689900426404,0.9957325746799413,1.2980085348506378,3.378378378378379,1.689189189189186,1.0135135135135087,6.756756756756758,5.4054054054054035,5.4054054054054035,7.770270270270281
2558,bunt.saar,3134,19,1.0,0.0,6.107752489331435,1.0,1.0,3.2094594594594583,0.37339971550497353,1.6002844950213415,13.12233285917496,5.4409672830725455,9.530583214793737,6.578947368421055,5.067567567567565,1.6891891891891788,4.391891891891888,4.391891891891895,2.0270270270270316,1.689189189189193
156,bunt.saar,3134,19,1.0,1.0,3.209459459459461,1.0,1.0,1.5765765765765778,0.6578947368421098,1.0312944523470904,3.3250355618776695,4.214082503556185,8.214793741109531,1.8136557610241795,0.6756756756756772,2.3648648648648702,2.364864864864856,0.0,1.689189189189193,2.3648648648648702
2988,SPD,3134,19,1.0,0.0,5.073494547178755,1.0,1.0,1.463963963963965,7.841394025604551,2.435988620199147,6.507823613086771,5.494310099573248,1.9914651493598896,6.169985775248925,0.0,3.7162162162162176,0.3378378378378457,1.689189189189186,1.3513513513513544,1.689189189189186
2370,FDP,3134,19,0.0,1.0,6.501896633475578,0.0,1.0,6.813063063063062,5.298719772403977,1.6358463726884764,4.480796586059739,12.375533428165006,9.850640113798008,5.3698435277382615,2.364864864864856,9.459459459459467,7.432432432432428,10.472972972972968,2.364864864864863,8.78378378378379
1514,FDP,3134,19,1.0,1.0,3.399122807017546,1.0,1.0,2.027027027027026,5.174253200568991,5.743243243243242,0.4445234708392647,2.2226173541963163,6.721194879089616,0.08890469416784441,3.378378378378379,0.6756756756756701,2.0270270270270245,0.6756756756756772,1.0135135135135087,4.391891891891895
1587,Die Grünen,3134,19,1.0,0.0,4.439307728781414,1.0,0.0,1.5765765765765778,0.426742532005683,2.3648648648648702,1.9203413940255984,3.02275960170698,14.455903271692748,4.445234708392604,0.3378378378378386,4.391891891891902,2.0270270270270316,0.0,1.0135135135135158,1.6891891891891788
908,CDU,3134,19,1.0,1.0,1.8581081081081077,1.0,1.0,3.09684684684685,1.0490753911806578,0.9246088193456643,4.498577524893314,3.0049786628733983,0.9068278805120897,0.7645803698435216,4.054054054054063,3.0405405405405475,0.6756756756756772,3.7162162162162176,1.689189189189193,5.4054054054054035
3203,FDP,3134,19,1.0,1.0,1.84329065908013,1.0,1.0,2.7590090090090116,1.3157894736842124,0.6934566145092447,2.8449502133712627,2.3826458036984306,3.7517780938833525,0.07112375533427695,2.3648648648648702,3.7162162162162176,2.702702702702709,1.689189189189193,4.391891891891895,1.689189189189186
1048,Die Grünen,3134,19,0.0,0.0,5.349099099099104,0.0,0.0,4.279279279279286,3.6450924608819335,1.760312944523477,7.610241820768138,1.7425320056899025,12.695590327169285,4.640825035561889,3.7162162162162176,0.6756756756756914,6.418918918918919,3.378378378378379,6.081081081081088,5.405405405405418
2762,FDP,3134,19,1.0,0.0,3.8555002370791827,1.0,1.0,2.927927927927932,6.241109530583209,0.142247510668561,3.1116642958748173,3.769559032716927,3.982930298719772,5.88549075391181,0.6756756756756772,5.743243243243249,4.391891891891895,0.0,1.013513513513523,5.743243243243249
1318,bunt.saar,3134,19,1.0,0.0,6.324087245139876,1.0,0.0,1.3513513513513555,6.027738264580371,1.4046941678520568,10.081792318634413,1.3335704125177799,14.580369843527748,4.516358463726888,0.3378378378378386,0.6756756756756772,2.7027027027026946,1.0135135135135158,2.702702702702716,0.6756756756756914
2805,DIE LINKE,3134,19,1.0,0.0,4.172593646277861,1.0,0.0,3.7162162162162153,8.712660028449513,0.6578947368421026,3.058321479374115,6.7389758179231976,4.836415362731152,1.0312944523470833,0.3378378378378244,2.7027027027026946,6.081081081081088,2.702702702702709,3.378378378378379,7.0945945945945965
3633,SPD,3134,19,1.0,1.0,6.955310573731623,0.0,1.0,3.3220720720720727,1.973684210526315,2.86273115220483,8.51706970128022,11.735419630156485,8.19701280227595,8.445945945945937,6.081081081081088,4.054054054054056,0.0,8.108108108108112,1.6891891891891788,0.0
1110,Die Grünen,3134,19,1.0,0.0,6.309269796111901,1.0,1.0,0.7319819819819813,0.26671408250354744,6.54338549075392,7.219061166429583,4.036273115220482,13.63798008534851,6.152204836415365,2.7027027027026946,0.0,0.0,0.6756756756756772,0.3378378378378386,0.6756756756756772
4941,bunt.saar,3134,19,1.0,0.0,1.6417733522996656,1.0,0.0,3.3220720720720713,1.3869132290184822,3.342816500711244,0.3022759601707037,1.6358463726884764,1.4046941678520568,1.7780938833570303,2.3648648648648702,1.3513513513513402,7.094594594594589,0.3378378378378386,5.067567567567565,3.7162162162162247
478,FDP,3134,19,0.0,0.0,4.119250829777145,1.0,1.0,3.209459459459461,2.6671408250355597,6.454480796586054,1.8847795163584635,5.654338549075405,7.983641536273112,0.07112375533427695,3.0405405405405546,1.3513513513513544,3.378378378378379,3.378378378378372,3.7162162162162176,4.391891891891888
4223,bunt.saar,3134,19,1.0,0.0,7.4946657183499275,1.0,0.0,2.308558558558559,2.115931721194869,2.2403982930298625,12.073257467994324,1.1024182076813673,19.150071123755325,8.285917496443815,1.0135135135135087,3.0405405405405475,2.702702702702709,0.3378378378378386,4.054054054054042,2.702702702702709
666,CDU,3134,19,1.0,1.0,4.812707444286393,1.0,1.0,1.5202702702702702,2.3115220483641536,3.7517780938833525,2.6671408250355597,3.8229018492176436,10.259601706970138,6.063300142247513,0.3378378378378386,0.6756756756756772,0.3378378378378386,3.0405405405405403,3.7162162162162176,1.0135135135135087
889,DIE LINKE,3134,19,1.0,1.0,3.7102892366050297,0.0,1.0,2.0833333333333344,3.7162162162162176,1.226884779516368,7.556899004267429,0.7290184921763867,8.463726884779518,0.5689900426742582,3.378378378378379,1.3513513513513544,0.3378378378378386,3.378378378378379,1.0135135135135087,3.0405405405405475
987,FDP,3134,19,0.0,0.0,2.658250355618776,1.0,1.0,2.0270270270270245,4.569701280227598,3.236130867709811,1.0490753911806507,4.391891891891902,2.400426742532005,0.3022759601706895,3.0405405405405546,1.0135135135135087,1.689189189189186,3.0405405405405332,1.3513513513513473,2.0270270270270174
3719,CDU,3134,19,1.0,0.0,7.995495495495496,1.0,0.0,4.560810810810807,0.3378378378378386,6.507823613086771,9.477240398293027,4.854196301564727,15.024893314366992,11.77098150782362,3.378378378378372,0.675675675675663,5.743243243243235,1.689189189189193,8.108108108108105,7.770270270270274
865,CDU,3134,19,1.0,0.0,7.711000474158369,1.0,0.0,4.279279279279277,7.788051209103841,7.414651493598868,11.646514935988613,2.8271692745377024,5.707681365576107,10.881934566145084,2.7027027027026946,2.364864864864863,6.081081081081081,5.067567567567565,3.378378378378386,6.081081081081074
4935,FDP,3134,19,0.0,1.0,4.231863442389763,1.0,1.0,1.463963963963965,1.5647226173542066,1.3157894736842124,0.4445234708392647,11.77098150782362,9.726173541963021,0.5689900426742511,2.0270270270270316,1.689189189189186,0.6756756756756772,3.7162162162162247,0.0,0.6756756756756701
373,FDP,3134,19,1.0,1.0,3.2183499288762456,1.0,1.0,4.78603603603604,5.7610241820768096,3.9651493598862118,0.8001422475106708,0.9423897581792318,4.37411095305832,3.4672830725462305,0.6756756756756843,8.108108108108112,5.405405405405411,1.3513513513513544,6.756756756756758,6.418918918918919
3386,bunt.saar,3134,19,1.0,1.0,2.6286154575628244,1.0,0.0,0.9009009009008982,5.974395448079662,0.1422475106685539,2.560455192034155,2.044807965860592,3.1294452347083848,1.9203413940255984,0.3378378378378386,0.6756756756756772,1.0135135135135016,1.3513513513513544,0.6756756756756772,1.3513513513513402
1599,SPD,3134,19,0.0,1.0,5.740279753437648,0.0,1.0,1.3513513513513533,0.17780938833571014,4.0362731152204745,5.352062588904687,6.6678520625889135,10.312944523470847,7.89473684210526,0.3378378378378457,2.0270270270270245,0.0,2.7027027027027017,2.0270270270270316,1.0135135135135158
1914,bunt.saar,3134,19,1.0,0.0,2.839023233760075,1.0,0.0,3.4346846846846852,4.036273115220482,2.880512091038412,0.9957325746799413,3.6095305832147915,4.694167852062591,0.8179231863442311,4.391891891891888,4.054054054054049,2.3648648648648702,4.729729729729733,4.391891891891895,0.6756756756756772
626,CDU,3134,19,1.0,0.0,6.267780938833574,1.0,0.0,1.2387387387387367,2.951635846372696,5.867709815078236,8.801564722617357,0.1955903271692847,10.010668563300136,9.77951635846373,1.3513513513513473,0.0,1.689189189189186,2.0270270270270245,0.3378378378378386,2.0270270270270245
4778,SPD,3134,19,1.0,1.0,4.205192034139404,1.0,0.0,2.252252252252255,4.320768136557611,6.934566145092461,5.600995732574688,0.6045519203413932,3.1116642958748173,4.658605974395449,2.7027027027027017,1.689189189189186,2.0270270270270316,2.0270270270270316,2.702702702702709,2.3648648648648702
5214,FDP,3134,19,1.0,1.0,7.044215267899481,1.0,1.0,3.2657657657657673,2.9338549075391214,6.650071123755332,4.391891891891895,3.165007112375541,15.842816500711244,9.28165007112375,5.067567567567579,2.364864864864863,1.0135135135135158,2.7027027027026946,5.743243243243249,2.7027027027027017
74,Die Grünen,3134,19,0.0,0.0,2.954599336178281,0.0,1.0,3.2657657657657686,2.7560455192034112,0.03556187766713492,6.152204836415365,2.6671408250355597,5.352062588904687,0.7645803698435287,1.689189189189186,3.7162162162162176,0.0,5.067567567567565,3.7162162162162247,5.405405405405418
3444,CDU,3134,19,0.0,0.0,2.717520151730677,1.0,1.0,1.4639639639639686,2.7027027027026946,8.783783783783782,2.6493598862019923,0.37339971550498063,1.4224751066856385,0.37339971550497353,1.6891891891892072,2.0270270270270245,1.3513513513513544,2.3648648648648702,1.0135135135135087,0.3378378378378457
5177,FDP,3134,19,1.0,0.0,8.650426742532007,1.0,1.0,2.9842342342342305,7.894736842105267,5.938833570412527,13.65576102418207,6.756756756756758,8.42816500711237,9.228307254623047,0.3378378378378386,3.378378378378372,3.7162162162162176,1.6891891891891788,4.054054054054049,4.729729729729726
3337,SPD,3134,19,0.0,1.0,7.882882882882882,0.0,1.0,1.6328828828828794,1.2446657183499283,12.055476529160735,7.930298719772409,1.0312944523470762,12.553342816500717,12.482219061166425,1.689189189189193,0.3378378378378315,3.378378378378372,1.689189189189186,1.3513513513513402,1.3513513513513544
487,Die Grünen,3134,19,1.0,0.0,5.372807017543859,1.0,1.0,2.5900900900900923,0.1422475106685539,8.357041251778092,1.760312944523477,8.17923186344239,5.903271692745371,7.894736842105267,0.6756756756756843,3.378378378378379,3.378378378378372,2.0270270270270316,4.7297297297297405,1.3513513513513473
870,bunt.saar,3134,19,1.0,0.0,5.473565670934092,1.0,1.0,2.2522522522522515,0.40896159317212266,0.6578947368421026,9.068278805120912,0.4800853485063996,13.30014224751067,8.926031294452343,1.689189189189186,1.3513513513513473,1.689189189189193,2.0270270270270245,3.0405405405405332,3.7162162162162247
3743,FDP,3134,19,1.0,1.0,5.43800379326695,1.0,1.0,2.0270270270270268,4.818634423897571,5.2275960170697005,3.02275960170698,3.307254623044095,10.615220483641536,5.636557610241816,3.7162162162162176,0.3378378378378386,1.013513513513523,2.0270270270270174,2.7027027027027017,2.364864864864863
1207,FDP,3134,19,1.0,1.0,2.836059743954484,1.0,1.0,2.7590090090090045,5.316500711237566,0.8001422475106708,3.307254623044095,5.0497866287340045,2.2759601706970045,0.26671408250356166,1.6891891891891788,2.7027027027027017,2.7027027027027017,3.378378378378372,1.3513513513513402,4.729729729729733
2511,CDU,3134,19,1.0,0.0,3.2479848269321976,1.0,0.0,2.5337837837837824,0.6578947368421026,4.640825035561875,7.556899004267429,1.4580369843527734,1.333570412517787,3.840682788051218,2.7027027027026946,1.3513513513513473,1.3513513513513473,6.418918918918919,3.0405405405405403,0.3378378378378457
1287,FDP,3134,19,1.0,0.0,11.024182076813654,1.0,0.0,3.1531531531531543,11.717638691322904,9.957325746799427,10.206258890469414,4.498577524893314,21.497155049786628,8.268136557610234,0.3378378378378386,2.0270270270270316,1.0135135135135158,4.391891891891895,5.743243243243242,5.4054054054054035
2168,bunt.saar,3134,19,1.0,0.0,6.054409672830725,1.0,0.0,4.110360360360365,4.605263157894733,1.7425320056898954,9.121621621621628,4.196301564722617,8.481507823613093,8.179231863442382,5.743243243243242,2.702702702702709,3.7162162162162247,7.0945945945945965,2.702702702702709,2.702702702702709
4540,bunt.saar,3134,19,1.0,0.0,5.618776671408246,1.0,1.0,0.957207207207213,4.889758179231862,5.7254623044096675,5.672119487908958,0.9601706970127921,12.055476529160728,4.409672830725469,1.689189189189193,0.3378378378378386,1.01351351351353,1.6891891891892001,0.0,1.0135135135135158
3529,Die Grünen,3134,19,1.0,0.0,2.1692745376955904,1.0,1.0,1.463963963963965,2.7560455192034112,1.9559032716927476,3.1472261735419664,0.6045519203413932,3.769559032716927,0.7823613086770962,1.0135135135135158,2.0270270270270174,0.6756756756756772,2.0270270270270316,1.0135135135135158,2.0270270270270316
569,CDU,3134,19,1.0,0.0,6.451517306780467,1.0,0.0,3.828828828828828,5.51209103840683,3.556187766714089,6.472261735419629,1.0312944523470833,12.695590327169278,9.441678520625892,3.0405405405405403,5.067567567567558,2.7027027027027017,6.418918918918919,2.702702702702709,3.0405405405405403
5168,bunt.saar,3134,19,1.0,0.0,5.070531057373164,1.0,1.0,1.745495495495496,3.556187766714089,2.5426742532005733,7.2724039829302995,3.4317211948790884,7.539118065433854,6.081081081081081,1.0135135135135158,1.3513513513513544,4.391891891891888,2.364864864864863,0.0,1.3513513513513544
3627,Die Grünen,3134,19,0.0,0.0,8.309625414888577,1.0,1.0,1.3513513513513509,2.6137980085348573,6.3122332859175,12.26884779516358,5.3698435277382615,16.678520625889057,6.614509246088204,1.3513513513513544,0.0,2.0270270270270174,2.7027027027027017,1.0135135135135158,1.0135135135135158
705,SPD,3134,19,1.0,0.0,5.586178283546707,1.0,0.0,2.8153153153153148,1.8847795163584706,11.077524893314369,3.271692745376953,0.5334281650071233,6.063300142247506,10.68634423897582,7.770270270270274,1.3513513513513473,0.3378378378378386,0.6756756756756701,4.729729729729726,2.0270270270270316
4685,bunt.saar,3134,19,1.0,0.0,5.114983404457089,1.0,0.0,5.630630630630628,3.0405405405405403,6.578947368421048,7.076813655761029,3.2894736842105274,6.578947368421048,4.12517780938834,9.459459459459453,4.391891891891895,5.4054054054054035,10.472972972972968,1.689189189189186,2.364864864864863
5038,CDU,3134,19,0.0,1.0,4.593409198672358,0.0,0.0,2.759009009009013,6.596728307254629,5.95661450924608,4.374110953058327,0.9423897581792318,5.352062588904694,4.338549075391185,1.0135135135135158,0.6756756756756843,3.378378378378379,4.054054054054056,4.054054054054056,3.378378378378386
3996,CDU,3134,19,1.0,1.0,2.5545282124229516,0.0,1.0,2.1959459459459496,2.738264580369851,0.7112375533428192,0.4978662873399671,5.654338549075405,5.689900426742533,0.03556187766713492,0.3378378378378528,1.689189189189186,1.0135135135135158,1.689189189189193,4.729729729729733,3.7162162162162176
170,Die Grünen,3134,19,0.0,0.0,7.162754860123286,0.0,0.0,2.9279279279279287,0.1955903271692847,2.3115220483641536,9.655049786628751,2.7027027027026946,15.825035561877662,12.28662873399717,2.7027027027026946,1.0135135135135087,3.378378378378393,1.013513513513523,4.054054054054042,5.405405405405411
5165,SPD,3134,19,1.0,1.0,4.027382645803699,1.0,1.0,2.1396396396396384,0.35561877667140607,5.4409672830725455,6.952347083926043,0.8179231863442382,6.116642958748223,4.480796586059739,1.689189189189186,3.7162162162162105,0.3378378378378386,2.3648648648648702,0.3378378378378386,4.391891891891888
4424,Die Grünen,3134,19,0.0,1.0,4.184447605500233,0.0,1.0,3.547297297297291,3.1294452347083777,3.4672830725462234,5.387624466571829,4.67638691322901,6.685633001422481,1.760312944523477,1.3513513513513473,8.108108108108105,2.3648648648648702,4.729729729729726,1.0135135135135016,3.7162162162161962
4331,CDU,3134,19,1.0,1.0,2.655286865813187,0.0,1.0,1.238738738738738,0.2489331436700013,2.5426742532005733,2.6137980085348573,2.151493598862025,6.116642958748223,2.258179231863444,4.391891891891881,1.3513513513513473,0.3378378378378315,0.3378378378378457,1.013513513513523,0.0
4634,FDP,3134,19,1.0,0.0,3.5858226647700313,1.0,1.0,6.024774774774772,7.788051209103841,2.2403982930298696,4.818634423897578,0.7112375533428192,0.4800853485063996,5.47652916073968,1.0135135135135087,8.783783783783775,9.459459459459453,0.3378378378378386,5.405405405405411,11.148648648648646
4676,FDP,3134,19,1.0,0.0,5.63063063063063,0.0,0.0,2.533783783783781,1.5291607396870575,3.058321479374115,9.477240398293027,1.618065433854909,8.766002844950215,9.334992887624459,4.391891891891895,3.7162162162162176,3.0405405405405332,1.0135135135135087,1.3513513513513473,1.689189189189186
2823,bunt.saar,3134,19,1.0,0.0,5.950687529634891,1.0,1.0,0.0,3.805120910384069,0.4267425320056759,6.116642958748216,6.899004267425319,11.273115220483632,7.183499288762434,0.0,0.0,0.0,0.0,0.0,0.0
143,FDP,3134,19,0.0,0.0,5.571360834518731,1.0,1.0,4.72972972972973,3.840682788051211,3.769559032716927,10.206258890469414,8.179231863442396,0.4267425320056901,7.005689900426745,6.418918918918912,3.7162162162162176,6.418918918918919,0.0,4.729729729729733,7.0945945945945965
272,FDP,3134,19,1.0,1.0,3.772522522522523,1.0,1.0,1.4639639639639626,2.6493598862019923,5.049786628733997,2.8449502133712627,2.3826458036984377,6.86344238975818,2.8449502133712663,0.6756756756756701,0.3378378378378457,2.3648648648648596,2.0270270270270174,2.702702702702709,0.6756756756756737
2473,CDU,3134,19,0.0,0.0,6.415955429113321,0.0,1.0,4.222972972972973,11.21977240398293,2.7916073968705533,1.9914651493598896,6.561166429587473,14.49146514935989,1.4402560455191917,2.0270270270270245,3.7162162162162176,2.0270270270270245,3.0405405405405475,7.432432432432435,7.094594594594589
340,SPD,3134,19,0.0,0.0,5.461711711711714,0.0,0.0,2.0270270270270303,0.35561877667140607,5.778805120910384,9.139402560455203,3.1827880512090942,10.91749644381224,3.3961593172119535,2.364864864864863,0.3378378378378386,3.0405405405405475,3.0405405405405475,3.0405405405405475,0.3378378378378386
3622,DIE LINKE,3134,19,0.0,1.0,1.53805120910384,0.0,1.0,2.759009009009007,3.378378378378379,0.9246088193456643,1.1201991465149348,2.2048364153627347,1.1735419630156443,0.426742532005683,7.094594594594589,0.3378378378378386,3.0405405405405403,0.0,1.3513513513513473,4.729729729729726
2980,bunt.saar,3134,19,0.0,0.0,11.09234234234234,1.0,1.0,2.5900900900900887,2.7382645803698438,8.12588904694168,16.251778093883352,8.197012802275957,18.189900426742525,13.05120910384067,1.0135135135135087,1.013513513513523,5.743243243243242,0.3378378378378386,3.7162162162162105,3.7162162162162105
1623,CDU,3134,19,0.0,0.0,6.555239449976291,0.0,0.0,1.3513513513513509,7.147937411095306,0.8357041251778057,9.70839260312944,3.769559032716927,14.046941678520625,3.8229018492176436,1.3513513513513473,2.0270270270270245,0.0,0.3378378378378457,3.0405405405405403,1.3513513513513473
3792,CDU,3134,19,1.0,0.0,2.4478425794215277,1.0,0.0,2.421171171171172,0.10668563300143319,2.86273115220483,1.0846372688477999,6.1877667140825,3.662873399715508,0.7823613086770962,1.01351351351353,0.6756756756756772,4.054054054054056,3.378378378378372,1.0135135135135016,4.391891891891895
4969,Die Grünen,3134,19,1.0,1.0,5.728425794215272,1.0,1.0,1.1824324324324316,5.2275960170697005,1.7069701280227676,3.7339971550498063,6.845661450924609,10.50853485064011,6.347795163584635,0.3378378378378386,0.3378378378378244,2.364864864864856,2.7027027027027017,1.0135135135135158,0.3378378378378528
4039,FDP,3134,19,1.0,1.0,6.347795163584633,1.0,1.0,2.533783783783781,1.2446657183499354,1.1557610241820626,8.036984352773828,0.0889046941678373,19.025604551920335,8.534850640113795,3.7162162162162033,0.3378378378378244,2.364864864864863,1.01351351351353,5.4054054054054035,2.364864864864863
811,CDU,3134,19,1.0,1.0,2.7530820293978224,0.0,1.0,3.0968468468468466,1.3335704125177799,1.4224751066856385,1.5291607396870575,3.342816500711244,7.628022759601713,1.262446657183503,1.0135135135135158,4.391891891891888,3.7162162162162176,2.364864864864863,4.391891891891888,2.702702702702709
2494,Die Grünen,3134,19,0.0,1.0,4.863086770981504,0.0,1.0,5.3490990990990985,2.293741109530586,6.045519203413939,6.134423897581783,4.694167852062591,5.52987197724039,4.480796586059739,4.729729729729733,1.689189189189193,9.121621621621614,4.729729729729726,3.7162162162162105,8.108108108108112
176,SPD,3134,19,1.0,1.0,5.091275486012331,1.0,0.0,1.914414414414414,8.036984352773828,7.752489331436706,6.258890469416791,0.17780938833571014,3.022759601706973,5.298719772403977,1.689189189189193,4.729729729729726,2.702702702702709,0.0,0.675675675675663,1.689189189189193
3269,Die Grünen,3134,19,0.0,1.0,5.888454243717402,0.0,0.0,2.871621621621627,1.369132290184929,3.4672830725462234,8.214793741109531,6.276671408250351,6.54338549075392,9.45945945945946,4.054054054054063,3.0405405405405475,3.378378378378379,2.0270270270270316,0.6756756756756843,4.054054054054056
795,bunt.saar,3134,19,1.0,1.0,7.4857752489331455,1.0,1.0,5.968468468468469,4.658605974395456,6.365576102418217,11.006401137980092,2.0981507823613086,13.264580369843529,7.521337126600272,1.689189189189186,4.7297297297297405,7.094594594594589,4.054054054054056,9.121621621621628,9.121621621621614
984,bunt.saar,3134,19,0.0,0.0,6.0158843053579885,0.0,0.0,3.547297297297297,2.4537695590327075,6.792318634423893,8.801564722617357,7.46799431009957,2.9694167852062563,7.610241820768145,5.743243243243242,2.0270270270270174,1.0135135135135158,8.108108108108105,0.6756756756756772,3.7162162162162247
4195,bunt.saar,3134,19,0.0,1.0,5.2098150782361285,0.0,1.0,3.26576576576576,0.08890469416784441,1.3869132290184822,5.600995732574688,6.027738264580364,8.55263157894737,9.60170697012802,3.0405405405405332,1.0135135135135016,2.702702702702709,5.067567567567558,2.7027027027026946,5.067567567567565
461,FDP,3134,19,0.0,0.0,8.312588904694167,1.0,1.0,2.3085585585585555,6.027738264580371,9.477240398293027,4.747510668563294,7.894736842105267,7.876955903271693,13.851351351351347,1.3513513513513473,4.391891891891888,2.0270270270270245,0.0,1.689189189189186,4.391891891891888
2878,CDU,3134,19,1.0,1.0,4.080725462304412,1.0,1.0,1.463963963963965,0.6578947368421026,7.69914651493599,3.9118065433855023,0.7112375533428192,7.130156472261731,4.374110953058327,3.378378378378372,0.3378378378378386,1.689189189189193,2.3648648648648702,0.3378378378378386,0.6756756756756772
4998,FDP,3134,19,1.0,0.0,9.429824561403507,1.0,1.0,4.391891891891896,7.076813655761022,3.449502133712656,15.256045519203418,7.46799431009957,9.28165007112375,14.046941678520625,1.013513513513523,5.4054054054054035,5.743243243243249,2.0270270270270316,4.729729729729733,7.432432432432435
3765,bunt.saar,3134,19,1.0,1.0,9.249051683262207,1.0,1.0,2.1396396396396398,3.271692745376953,7.539118065433861,15.024893314366984,2.6671408250355597,16.696301564722617,10.295163584637265,0.6756756756756772,1.3513513513513473,2.7027027027026946,0.6756756756756843,4.7297297297297405,2.7027027027026946
4306,bunt.saar,3134,19,1.0,1.0,3.5532242769084874,1.0,1.0,3.885135135135138,1.689189189189186,6.436699857752494,3.6095305832147915,3.5028449502133725,5.5832147937411065,0.4978662873399742,3.7162162162162176,2.0270270270270316,5.743243243243242,3.0405405405405475,2.0270270270270316,6.756756756756758
299,SPD,3134,19,0.0,0.0,7.767306780464673,0.0,0.0,10.979729729729733,0.426742532005683,6.632290184921764,13.798008534850638,8.837126600284499,8.659317211948796,8.25035561877666,3.378378378378379,9.797297297297305,14.527027027027025,10.472972972972975,15.202702702702716,12.5
4169,CDU,3134,19,0.0,0.0,3.7517780938833547,0.0,1.0,3.4909909909909893,2.5960170697012828,7.716927453769557,4.871977240398294,1.4224751066856243,4.871977240398294,1.0312944523470762,6.418918918918912,1.3513513513513473,0.0,10.135135135135137,2.3648648648648702,0.6756756756756701
1565,FDP,3134,19,1.0,1.0,1.9440493124703646,1.0,1.0,3.1531531531531543,0.16002844950213557,0.5867709815078257,0.08890469416785152,4.018492176386907,4.445234708392604,2.364864864864863,6.418918918918926,0.3378378378378386,1.3513513513513544,9.121621621621614,1.0135135135135158,0.6756756756756772
3002,Die Grünen,3134,19,0.0,0.0,3.6954717875770506,0.0,0.0,5.855855855855855,5.4054054054054035,2.364864864864863,2.275960170697026,5.903271692745371,0.35561877667140607,5.867709815078236,2.0270270270270316,8.783783783783775,5.067567567567572,0.3378378378378386,7.770270270270267,11.148648648648646
964,FDP,3134,19,1.0,1.0,7.313892840208627,1.0,1.0,7.150900900900898,5.298719772403977,1.2802275960170704,13.442389758179239,2.8982930298719793,11.024182076813645,9.939544807965852,3.378378378378379,3.7162162162162176,9.797297297297298,4.054054054054049,13.513513513513509,8.445945945945937
4724,bunt.saar,3134,19,0.0,1.0,6.3537221431958315,0.0,0.0,1.3513513513513498,0.46230440967283215,4.391891891891902,8.001422475106693,3.982930298719772,11.575391180654336,9.708392603129454,0.6756756756756701,2.702702702702709,1.0135135135135016,0.6756756756756701,0.0,3.0405405405405475
1721,bunt.saar,3134,19,1.0,0.0,7.562825983878613,0.0,1.0,1.8018018018018047,1.6714082503556185,6.934566145092461,10.793029871977232,2.489331436699864,13.317923186344231,10.170697012802272,1.3513513513513615,0.6756756756756843,1.0135135135135016,3.7162162162162176,0.6756756756756772,3.378378378378386
407,FDP,3134,19,1.0,0.0,4.59044570886676,1.0,0.0,3.772522522522523,8.07254623044097,3.6095305832147915,5.903271692745371,1.0846372688477857,5.974395448079662,2.8982930298719793,1.3513513513513473,8.445945945945944,2.364864864864863,1.3513513513513544,8.445945945945951,0.6756756756756772
83,FDP,3134,19,1.0,0.0,2.1603840682788067,0.0,0.0,4.448198198198199,0.2844950213371291,1.5647226173541924,0.5334281650071233,0.7467994310099471,5.725462304409675,4.107396870554773,0.3378378378378386,2.364864864864863,7.432432432432435,5.4054054054054035,3.7162162162162176,7.432432432432435
2212,bunt.saar,3134,19,1.0,0.0,8.843053579895686,1.0,1.0,3.3220720720720713,2.8449502133712627,6.365576102418217,12.87339971550498,7.432432432432435,15.149359886201992,8.392603129445234,4.054054054054056,2.364864864864856,2.0270270270270316,3.378378378378386,4.054054054054049,4.054054054054049
3686,FDP,3134,19,1.0,0.0,4.294096728307253,1.0,1.0,1.1824324324324316,5.974395448079662,3.1827880512091085,5.796586059743952,5.814366998577512,2.400426742532005,2.5960170697012828,1.013513513513523,1.3513513513513473,1.0135135135135158,2.0270270270270174,0.6756756756756772,1.0135135135135087
3510,Die Grünen,3134,19,1.0,0.0,3.843646277856801,1.0,1.0,0.731981981981986,1.689189189189186,6.632290184921764,3.1294452347083848,0.23115220483641252,7.965860597439544,3.413940256045514,0.3378378378378386,0.3378378378378386,1.3513513513513544,0.6756756756756772,1.3513513513513686,0.3378378378378386
1883,Die Grünen,3134,19,1.0,1.0,3.4169037458511142,1.0,0.0,3.0968468468468466,5.600995732574688,2.507112375533424,2.0625889046941595,1.7425320056899025,6.54338549075392,2.044807965860592,3.378378378378379,4.054054054054049,3.0405405405405475,3.0405405405405403,2.364864864864856,2.702702702702709
4290,FDP,3134,19,1.0,1.0,6.184803224276908,1.0,1.0,1.9707207207207194,2.5960170697012828,6.561166429587473,3.3250355618776624,8.748221906116648,4.445234708392604,11.433143669985775,1.0135135135135087,4.054054054054049,2.364864864864863,0.6756756756756772,0.0,3.7162162162162176
429,FDP,3134,19,1.0,1.0,0.5423186344238976,0.0,1.0,1.463963963963965,1.51137980085349,0.21337126600283796,0.8357041251778057,0.23115220483641963,0.4445234708392647,0.01778093883356746,3.378378378378372,0.3378378378378315,1.3513513513513544,0.3378378378378528,1.689189189189193,1.689189189189186
668,bunt.saar,3134,19,1.0,1.0,4.58748221906117,1.0,1.0,2.92792792792793,5.067567567567565,3.485064011379805,5.28093883357041,2.951635846372696,6.863442389758184,3.8762446657183602,1.3513513513513473,1.689189189189193,3.7162162162162247,1.0135135135135158,5.743243243243249,4.054054054054049
921,CDU,3134,19,1.0,0.0,4.957918444760552,1.0,1.0,4.504504504504504,5.921052631578952,4.640825035561882,6.756756756756758,7.752489331436706,1.8136557610241866,2.86273115220483,1.3513513513513473,6.081081081081074,7.0945945945945965,2.702702702702709,4.391891891891895,5.4054054054054035
2259,DIE LINKE,3134,19,0.0,1.0,3.1679706021811262,0.0,1.0,5.3490990990990985,2.7382645803698438,0.46230440967283215,2.044807965860592,4.089615931721191,6.241109530583209,3.4317211948790884,4.729729729729726,3.7162162162162176,7.0945945945945965,5.067567567567565,6.756756756756758,4.729729729729726
1077,FDP,3134,19,1.0,1.0,3.458392603129443,1.0,0.0,1.6328828828828794,2.4537695590327075,3.1472261735419664,2.5248933143669916,1.973684210526315,8.659317211948789,1.9914651493598896,4.391891891891888,0.3378378378378386,1.0135135135135087,3.378378378378372,0.0,0.6756756756756701
358,Die Grünen,3134,19,0.0,0.0,5.6335941204362285,0.0,1.0,2.364864864864861,6.027738264580371,1.511379800853483,8.232574679943106,1.7425320056899025,11.486486486486491,4.800853485064017,3.378378378378379,3.0405405405405332,3.378378378378379,2.7027027027026946,0.3378378378378315,1.3513513513513473
3811,bunt.saar,3134,19,1.0,1.0,4.261498340445708,1.0,0.0,2.815315315315317,1.902560455192038,2.5248933143669916,5.45874822190612,4.80085348506401,8.623755334281647,2.258179231863437,2.0270270270270316,2.364864864864856,3.378378378378372,1.0135135135135158,4.7297297297297405,3.378378378378386
3361,CDU,3134,19,1.0,1.0,5.251303935514463,1.0,1.0,11.824324324324323,6.098862019914655,6.756756756756758,0.5334281650071091,2.293741109530586,9.28165007112375,6.54338549075392,9.797297297297291,11.486486486486484,12.162162162162168,9.121621621621621,16.55405405405405,11.82432432432433
2095,bunt.saar,3134,19,1.0,0.0,2.88940256045519,1.0,1.0,3.153153153153158,5.28093883357041,2.7560455192034112,3.36059743954479,1.440256045519206,3.9295874822190626,0.5689900426742582,2.702702702702709,1.0135135135135158,3.378378378378386,3.0405405405405332,3.0405405405405475,5.743243243243256
1990,CDU,3134,19,1.0,1.0,5.550616405879569,1.0,1.0,1.745495495495497,5.654338549075405,5.0853485064011394,3.4317211948790884,5.921052631578952,8.517069701280235,4.694167852062591,1.013513513513523,1.0135135135135158,2.0270270270270245,0.3378378378378386,3.378378378378379,2.7027027027027017
3468,Die Grünen,3134,19,1.0,0.0,6.324087245139879,1.0,1.0,0.9572072072072082,3.5028449502133725,3.271692745376953,8.481507823613093,4.231863442389766,11.379800853485065,7.076813655761022,2.7027027027027017,1.0135135135135158,0.0,2.0270270270270316,0.0,0.0
2767,SPD,3134,19,1.0,0.0,5.648411569464199,1.0,0.0,3.32207207207207,3.7873399715504945,0.7290184921763796,12.908961593172116,1.2446657183499354,5.494310099573255,9.726173541963014,2.3648648648648702,0.675675675675663,4.054054054054042,1.3513513513513615,8.78378378378379,2.7027027027026946
5095,FDP,3134,19,1.0,1.0,4.059981033665243,1.0,1.0,3.547297297297296,4.587482219061172,0.35561877667140607,5.778805120910384,2.5248933143669916,8.339260312944525,2.7738264580369787,5.067567567567565,4.729729729729733,2.7027027027027017,2.0270270270270174,3.0405405405405403,3.7162162162162176
4686,CDU,3134,19,1.0,0.0,6.095898530109058,1.0,0.0,2.5900900900900914,0.5867709815078399,5.352062588904694,7.788051209103841,12.713371266002838,5.1209103840682815,5.014224751066855,4.391891891891888,1.0135135135135158,2.7027027027027017,1.6891891891892001,2.0270270270270245,3.7162162162162176
3545,CDU,3134,19,1.0,1.0,2.924964438122329,1.0,1.0,2.0270270270270268,0.07112375533426984,3.1116642958748244,1.2268847795163538,0.03556187766713492,7.130156472261731,5.974395448079662,2.3648648648648702,1.689189189189193,1.3513513513513473,1.3513513513513473,4.054054054054049,1.3513513513513544
712,Die Grünen,3134,19,1.0,1.0,7.678402086296824,1.0,1.0,2.3648648648648654,4.854196301564727,4.711948790896166,5.743243243243242,3.022759601706973,15.540540540540533,12.197724039829303,3.378378378378379,0.3378378378378528,1.6891891891891788,3.378378378378379,4.729729729729726,0.6756756756756772
1763,bunt.saar,3134,19,1.0,0.0,6.332977714556656,1.0,1.0,1.2387387387387392,4.818634423897578,3.4317211948790884,6.738975817923176,0.37339971550497353,16.518492176386907,6.116642958748216,1.3513513513513473,0.6756756756756772,1.3513513513513544,0.3378378378378457,2.364864864864856,1.3513513513513544
2651,bunt.saar,3134,19,1.0,1.0,5.144618302513037,1.0,1.0,1.745495495495496,4.054054054054056,4.87197724039828,7.930298719772395,0.40896159317212266,12.748933143669987,0.8534850640113802,3.0405405405405403,2.702702702702709,1.689189189189186,2.364864864864863,0.6756756756756772,0.0
586,FDP,3134,19,1.0,0.0,5.126837363679468,0.0,0.0,2.195945945945946,0.604551920341386,9.317211948790899,7.290184921763874,2.6671408250355597,5.600995732574681,5.28093883357041,3.7162162162162247,2.3648648648648702,0.3378378378378386,2.7027027027026946,3.0405405405405403,1.0135135135135087
970,CDU,3134,19,1.0,0.0,2.9042200094831685,1.0,1.0,3.5472972972972947,0.46230440967283215,0.6578947368421026,2.293741109530586,6.081081081081088,6.027738264580371,1.902560455192031,6.756756756756758,2.0270270270270316,3.0405405405405332,4.391891891891881,1.689189189189186,3.378378378378379
4544,CDU,3134,19,1.0,1.0,3.5532242769084887,1.0,1.0,0.675675675675676,2.6849217638691343,3.9295874822190555,6.276671408250351,0.5867709815078399,3.4317211948790884,4.409672830725462,1.013513513513523,0.6756756756756701,1.013513513513523,0.675675675675663,0.3378378378378386,0.3378378378378386
4158,DIE LINKE,3134,19,0.0,0.0,3.9444049312470377,1.0,0.0,3.434684684684683,9.03271692745377,1.724751066856328,3.9651493598862046,6.081081081081088,1.1201991465149348,1.7425320056899025,1.3513513513513473,4.391891891891888,5.743243243243235,2.702702702702709,4.391891891891895,2.0270270270270245
1934,FDP,3134,19,1.0,1.0,1.935158843053579,1.0,1.0,0.8445945945945965,2.3826458036984306,0.10668563300141898,0.9957325746799484,2.2048364153627347,4.409672830725455,1.5113798008534864,1.3513513513513686,1.3513513513513473,1.0135135135135158,0.6756756756756772,0.3378378378378386,0.3378378378378315
1331,SPD,3134,19,0.0,0.0,8.647463252726412,0.0,0.0,8.727477477477477,0.5334281650071233,4.783072546230443,16.87411095305832,7.46799431009957,11.824324324324323,10.401849217638691,4.391891891891895,7.432432432432435,10.472972972972968,6.081081081081088,13.513513513513509,10.472972972972968
3492,SPD,3134,19,0.0,0.0,5.393551446183026,0.0,1.0,1.2387387387387367,0.40896159317212266,0.8890469416785294,11.113086770981518,1.2980085348506378,10.810810810810807,7.841394025604544,2.7027027027027017,0.6756756756756914,0.6756756756756772,1.0135135135135087,1.6891891891891788,0.675675675675663
4393,CDU,3134,19,1.0,0.0,3.585822664770035,1.0,0.0,2.3085585585585613,7.02347083926032,1.0312944523470833,0.8712660028449477,3.8940256045519206,4.000711237553347,4.694167852062591,3.0405405405405546,0.3378378378378457,2.364864864864863,3.0405405405405403,4.391891891891895,0.6756756756756701
2247,CDU,3134,19,0.0,1.0,2.038880986249405,0.0,0.0,4.504504504504503,2.9694167852062563,0.7645803698435216,2.151493598862025,0.6934566145092447,5.28093883357041,0.37339971550497353,1.0135135135135158,5.743243243243249,7.770270270270267,0.0,8.108108108108105,4.391891891891881
550,Die Grünen,3134,19,0.0,1.0,3.007942152678993,0.0,1.0,1.3513513513513533,3.876244665718346,0.8001422475106637,2.880512091038412,0.01778093883356746,9.263869132290182,1.2091038406827863,2.364864864864863,0.6756756756756772,0.6756756756756772,1.3513513513513544,0.3378378378378386,2.702702702702709
4964,FDP,3134,19,1.0,1.0,3.2983641536273125,1.0,0.0,2.646396396396399,4.445234708392597,6.61450924608819,0.9957325746799484,2.738264580369851,1.0490753911806578,3.94736842105263,4.391891891891902,0.6756756756756843,3.378378378378379,2.7027027027026946,0.6756756756756843,4.054054054054049
598,CDU,3134,19,1.0,0.0,2.0181365576102466,1.0,1.0,1.970720720720723,0.07112375533427695,1.4224751066856385,1.6714082503556256,5.067567567567565,1.9381223328591872,1.9381223328591872,0.675675675675663,2.7027027027027017,3.0405405405405546,3.0405405405405403,1.689189189189193,0.6756756756756843
4688,bunt.saar,3134,19,1.0,1.0,5.995139876718828,1.0,1.0,0.7319819819819777,0.5334281650071233,10.54409672830726,4.018492176386914,4.765291607396868,11.717638691322904,4.391891891891902,1.0135135135135087,0.3378378378378386,0.6756756756756772,0.0,0.675675675675663,1.6891891891891788
1505,CDU,3134,19,1.0,1.0,4.581555239449977,1.0,1.0,2.139639639639642,2.6493598862019923,5.600995732574681,4.036273115220489,7.876955903271693,0.40896159317212266,6.916785206258886,3.378378378378386,2.7027027027027017,0.6756756756756843,1.689189189189193,1.0135135135135087,3.378378378378379
4455,Die Grünen,3134,19,1.0,0.0,5.242413466097681,0.0,0.0,2.53378378378378,5.192034139402573,7.841394025604551,2.275960170697026,2.1337126600284577,8.179231863442396,5.8321479374110865,2.0270270270270174,2.0270270270270245,0.6756756756756772,4.391891891891881,3.7162162162162176,2.364864864864863
3714,bunt.saar,3134,19,1.0,1.0,4.670459933617828,1.0,1.0,3.040540540540539,6.223328591749635,2.0625889046941595,7.361308677098151,4.036273115220489,5.849928876244675,2.4893314366998567,3.378378378378372,2.0270270270270316,2.0270270270270316,3.7162162162162176,3.0405405405405332,4.054054054054049
1502,FDP,3134,19,1.0,1.0,2.376718824087247,1.0,1.0,2.3648648648648667,2.8982930298719793,1.76031294452347,3.342816500711244,2.6671408250355597,1.4224751066856385,2.1692745376955926,5.067567567567565,4.054054054054056,2.0270270270270316,2.702702702702716,0.0,0.3378378378378315
1236,DIE LINKE,3134,19,1.0,1.0,4.009601706970131,0.0,1.0,2.364864864864862,7.610241820768138,2.2048364153627347,4.480796586059739,5.316500711237566,4.42745376955903,0.017780938833581672,1.689189189189186,4.054054054054049,2.364864864864856,0.0,1.689189189189193,4.391891891891888
3921,FDP,3134,19,0.0,1.0,3.8051209103840713,1.0,1.0,2.477477477477478,0.10668563300142608,4.125177809388333,4.374110953058327,9.975106685633016,0.7290184921763867,3.52062588904694,3.7162162162162176,2.702702702702709,2.027027027027028,2.364864864864856,3.7162162162162176,0.3378378378378386
2031,FDP,3134,19,1.0,1.0,4.042200094831673,1.0,1.0,2.477477477477475,4.534139402560456,0.4445234708392647,5.2275960170697005,4.729729729729726,4.37411095305832,4.943100995732571,4.054054054054042,1.689189189189186,2.7027027027027017,2.0270270270270316,1.689189189189186,2.7027027027027017
3889,bunt.saar,3134,19,0.0,1.0,5.805476529160742,1.0,0.0,3.2094594594594583,5.03200568990043,3.840682788051211,7.414651493598868,0.9779516358463738,11.34423897581793,6.223328591749642,1.3513513513513473,2.3648648648648702,4.729729729729733,1.3513513513513544,4.729729729729726,4.729729729729719
1921,FDP,3134,19,1.0,1.0,3.443575154101469,1.0,1.0,2.308558558558559,3.591749644381224,0.9601706970128063,2.115931721194876,5.921052631578945,7.663584637268848,0.40896159317211556,0.3378378378378386,0.3378378378378386,4.391891891891888,2.0270270270270316,2.7027027027027017,4.054054054054056
196,Die Grünen,3134,19,1.0,0.0,5.097202465623522,1.0,1.0,5.912162162162165,0.46230440967283215,7.21906116642959,2.3826458036984377,1.0846372688477928,11.94879089615933,7.485775248933152,4.7297297297297405,3.0405405405405403,6.418918918918905,7.432432432432435,6.4189189189189335,7.432432432432435
2710,FDP,3134,19,1.0,1.0,5.817330488383122,1.0,0.0,3.4909909909909893,1.902560455192038,7.770270270270274,5.95661450924608,3.94736842105263,10.828591749644389,4.498577524893321,5.743243243243228,2.3648648648648702,1.3513513513513473,4.729729729729726,6.756756756756765,0.0
2990,FDP,3134,19,1.0,0.0,5.005334281650071,0.0,1.0,1.5765765765765742,5.654338549075398,2.1692745376955855,9.40611664295875,1.9203413940255984,8.445945945945944,2.435988620199147,3.378378378378372,1.0135135135135087,1.0135135135135087,0.675675675675663,2.3648648648648702,1.013513513513523
1489,CDU,3134,19,1.0,0.0,6.581910858226643,1.0,0.0,5.799549549549546,9.157183499288749,4.729729729729726,6.845661450924595,5.0853485064011394,3.271692745376953,10.401849217638699,6.418918918918905,2.0270270270270316,6.418918918918912,9.459459459459453,4.054054054054049,6.418918918918926
2236,FDP,3134,19,1.0,1.0,7.595424371740163,1.0,1.0,3.9977477477477437,3.556187766714082,0.46230440967283215,10.135135135135137,5.707681365576114,18.012091038406826,7.69914651493599,2.7027027027026946,0.3378378378378386,6.418918918918919,0.675675675675663,9.45945945945946,4.391891891891888
2149,bunt.saar,3134,19,0.0,1.0,3.034613560929349,0.0,0.0,2.7027027027027017,2.7027027027026946,3.805120910384062,3.840682788051211,0.4445234708392647,4.160739687055475,3.2539118065433854,3.7162162162162033,2.364864864864863,3.7162162162162176,3.0405405405405403,3.0405405405405475,0.3378378378378386
726,Die Grünen,3134,19,1.0,1.0,9.468349928876243,1.0,1.0,0.4504504504504491,3.9295874822190555,8.214793741109531,10.68634423897582,4.747510668563294,16.39402560455192,12.837837837837839,0.3378378378378315,0.3378378378378386,0.3378378378378386,0.6756756756756701,0.6756756756756772,0.3378378378378386
1202,bunt.saar,3134,19,0.0,0.0,7.130156472261738,1.0,0.0,2.5900900900900923,8.783783783783782,0.5689900426742582,5.369843527738283,3.236130867709811,15.41607396870554,9.40611664295875,1.3513513513513544,0.6756756756756772,3.7162162162162247,2.364864864864863,3.7162162162162105,3.7162162162162247
1788,SPD,3134,19,0.0,0.0,8.72155049786629,0.0,1.0,2.871621621621621,3.69843527738265,9.477240398293027,11.69985775248933,1.866998577524896,14.704836415362742,10.881934566145091,1.3513513513513544,2.0270270270270245,3.0405405405405332,4.054054054054049,5.743243243243256,1.0135135135135087
798,CDU,3134,19,0.0,0.0,2.486367946894262,1.0,1.0,1.4639639639639637,3.2539118065433854,3.2539118065433854,1.724751066856328,2.5426742532005733,3.378378378378379,0.7645803698435216,1.689189189189186,1.0135135135135087,1.689189189189186,1.3513513513513473,1.689189189189193,1.3513513513513615
2477,FDP,3134,19,1.0,1.0,7.0471787577050735,1.0,1.0,4.391891891891894,1.546941678520632,8.677098150782363,6.223328591749642,3.4672830725462234,10.597439544807969,11.770981507823613,3.378378378378379,4.729729729729733,5.7432432432432385,2.0270270270270316,4.729729729729733,5.743243243243249
1286,DIE LINKE,3134,19,0.0,0.0,8.668207681365576,0.0,0.0,4.222972972972972,5.725462304409675,4.605263157894733,10.846372688477949,1.0846372688477999,19.345661450924602,10.401849217638699,3.0405405405405403,3.378378378378379,4.391891891891888,3.0405405405405403,6.756756756756751,4.729729729729733
5097,Die Grünen,3134,19,1.0,0.0,4.465979137031771,1.0,1.0,1.6891891891891906,4.996443812233295,0.1955903271692847,0.23115220483641963,6.525604551920338,12.837837837837839,2.00924608819345,3.0405405405405332,2.3648648648648702,0.6756756756756772,1.3513513513513544,2.0270270270270245,0.6756756756756843
4659,FDP,3134,19,1.0,1.0,4.655642484589857,1.0,1.0,0.2815315315315334,6.952347083926043,7.752489331436699,1.9203413940256056,2.3293029871977353,0.46230440967283215,8.517069701280228,0.3378378378378457,0.0,1.3513513513513544,0.0,0.0,0.0
4919,CDU,3134,19,1.0,1.0,5.313537221431955,1.0,1.0,3.547297297297297,1.1557610241820697,5.174253200568991,6.116642958748223,3.6095305832147915,10.668563300142246,5.156472261735409,4.391891891891888,0.6756756756756772,3.378378378378379,3.7162162162162176,5.4054054054054035,3.7162162162162176
3368,bunt.saar,3134,19,1.0,1.0,1.3602418207681382,1.0,1.0,1.069819819819821,2.880512091038412,0.9957325746799413,0.284495021337122,1.831436699857747,1.9381223328591872,0.23115220483641963,2.0270270270270316,1.3513513513513544,0.6756756756756772,0.3378378378378386,1.689189189189186,0.3378378378378386
2840,Die Grünen,3134,19,1.0,0.0,4.3918918918918886,1.0,1.0,2.195945945945945,3.520625889046933,4.445234708392597,1.0490753911806578,3.876244665718353,4.551920341394016,8.908250355618776,0.3378378378378386,2.0270270270270316,3.0405405405405332,2.0270270270270316,3.0405405405405403,2.7027027027026946
2978,bunt.saar,3134,19,1.0,1.0,3.0464675201517317,0.0,0.0,12.612612612612613,2.6671408250355597,0.0,4.587482219061172,4.871977240398294,2.0270270270270316,4.125177809388333,11.486486486486477,1.689189189189186,15.202702702702702,15.54054054054054,13.513513513513523,18.24324324324325
2789,bunt.saar,3134,19,1.0,0.0,3.1264817449027924,1.0,1.0,5.912162162162162,2.7560455192034112,0.6578947368421026,3.5028449502133583,3.485064011379805,4.996443812233288,3.36059743954479,2.0270270270270316,5.067567567567565,5.067567567567579,6.081081081081088,8.108108108108098,9.121621621621614
329,Die Grünen,3134,19,0.0,0.0,10.117354196301564,0.0,0.0,3.265765765765766,2.151493598862025,13.264580369843529,12.446657183499283,0.5334281650071233,17.229729729729726,15.078236130867701,6.081081081081081,2.702702702702709,3.378378378378372,1.3513513513513615,0.6756756756756701,5.4054054054054035
2217,FDP,3134,19,1.0,1.0,6.661925082977714,0.0,1.0,3.3783783783783776,2.1692745376955855,8.054765291607403,7.965860597439537,1.9559032716927405,10.988620199146517,8.837126600284499,2.0270270270270245,2.364864864864856,4.7297297297297405,2.7027027027027017,3.378378378378379,5.067567567567565
1953,FDP,3134,19,1.0,1.0,1.8610715979137087,1.0,1.0,1.2387387387387363,0.5867709815078399,0.1955903271692776,2.293741109530586,4.249644381223334,3.342816500711244,0.4978662873399706,2.7027027027026946,1.3513513513513473,0.3378378378378386,2.0270270270270174,0.3378378378378457,0.6756756756756737
4247,FDP,3134,19,1.0,1.0,2.4359886201991494,0.0,1.0,5.912162162162161,0.6223328591749677,3.236130867709818,1.5291607396870575,0.017780938833574567,8.766002844950215,0.4445234708392647,1.689189189189186,7.432432432432428,8.445945945945951,1.689189189189186,6.418918918918926,9.797297297297291
3772,CDU,3134,19,0.0,0.0,2.9486723565670965,1.0,1.0,1.7454954954954947,3.662873399715508,2.3115220483641536,0.9779516358463738,4.516358463726888,5.26315789473685,0.9601706970128063,1.3513513513513544,1.0135135135135158,1.0135135135135087,0.6756756756756772,4.391891891891895,2.0270270270270174
3752,bunt.saar,3134,19,0.0,0.0,2.459696538643906,0.0,1.0,1.9144144144144153,2.8982930298719793,0.03556187766713492,5.103129445234707,1.76031294452347,0.053342816500716594,4.907539118065429,2.7027027027026946,1.3513513513513473,3.0405405405405475,0.6756756756756772,3.0405405405405475,0.6756756756756772
3557,Die Grünen,3134,19,0.0,0.0,5.918089141773351,0.0,0.0,3.8288288288288306,1.9203413940255984,8.143669985775247,7.62802275960172,0.4800853485063925,11.824324324324323,5.51209103840683,3.0405405405405332,2.0270270270270245,4.7297297297297405,5.067567567567572,5.405405405405411,2.7027027027027017
4640,Die Grünen,3134,19,1.0,1.0,3.879208155523943,1.0,1.0,3.0405405405405403,2.258179231863444,6.899004267425312,4.498577524893307,0.1955903271692847,6.383357041251777,3.0405405405405332,1.3513513513513473,3.378378378378379,5.067567567567565,2.3648648648648702,4.054054054054056,2.0270270270270245
1458,FDP,3134,19,1.0,1.0,2.676031294452347,1.0,1.0,2.1959459459459425,0.7467994310099613,4.569701280227605,1.5291607396870575,2.631578947368425,5.156472261735409,1.4224751066856243,4.391891891891888,1.0135135135135087,1.689189189189186,2.7027027027026946,3.0405405405405475,0.3378378378378315
127,FDP,3134,19,0.0,1.0,4.42152678994784,0.0,1.0,4.729729729729729,4.943100995732578,1.1557610241820626,4.302987197724036,1.0135135135135087,11.130867709815078,3.982930298719772,3.7162162162162105,6.081081081081074,6.081081081081088,1.689189189189186,4.729729729729726,6.081081081081088
173,bunt.saar,3134,19,0.0,0.0,5.1742532005689945,1.0,1.0,2.477477477477477,2.987197724039838,2.3115220483641536,1.2802275960170704,4.80085348506401,14.580369843527748,5.0853485064011466,1.6891891891892001,2.7027027027026946,4.054054054054049,1.0135135135135158,3.378378378378372,2.0270270270270316
1667,FDP,3134,19,0.0,0.0,2.827169274537699,1.0,1.0,1.1824324324324362,0.32005689900426404,1.9559032716927476,0.46230440967283215,7.948079658605984,5.849928876244675,0.4267425320056901,2.3648648648648702,1.3513513513513544,0.6756756756756772,0.3378378378378386,1.6891891891892001,0.6756756756756772
4725,bunt.saar,3134,19,1.0,0.0,2.9812707444286417,1.0,1.0,1.970720720720724,0.5512091038406766,4.8364153627311595,7.467994310099577,1.9381223328591872,1.1557610241820697,1.9381223328591801,2.364864864864856,3.378378378378386,1.0135135135135158,0.6756756756756843,3.378378378378386,1.0135135135135158
5196,SPD,3134,19,1.0,1.0,5.749170222854434,1.0,1.0,1.0135135135135158,1.8847795163584706,4.267425320056894,10.25960170697013,1.0490753911806507,10.046230440967292,6.987908961593163,1.689189189189193,0.6756756756756772,1.0135135135135016,0.3378378378378386,1.3513513513513544,1.01351351351353
3390,FDP,3134,19,1.0,1.0,2.6612138454243706,1.0,0.0,6.137387387387387,4.498577524893314,2.1337126600284577,1.0135135135135087,3.5028449502133583,2.3826458036984377,2.435988620199147,0.6756756756756701,6.418918918918912,9.45945945945946,4.054054054054063,8.783783783783782,7.432432432432435
1751,bunt.saar,3134,19,1.0,0.0,8.105144618302514,1.0,0.0,3.2094594594594548,4.249644381223341,4.800853485064017,12.055476529160735,4.42745376955903,14.687055476529153,8.410384068278809,1.689189189189186,4.391891891891888,2.0270270270270174,2.364864864864863,4.054054054054049,4.729729729729726
3668,CDU,3134,19,1.0,1.0,1.766239924134661,1.0,1.0,8.38963963963964,2.329302987197721,0.46230440967283215,3.94736842105263,0.9068278805120897,0.4978662873399671,2.4537695590327253,3.378378378378379,10.810810810810807,11.148648648648653,1.3513513513513544,9.797297297297298,13.851351351351347
3683,DIE LINKE,3134,19,1.0,0.0,2.637505926979609,1.0,1.0,3.6599099099099086,0.4800853485063925,3.3250355618776624,4.071834992887624,2.187055476529153,5.192034139402573,0.5689900426742511,2.364864864864863,3.378378378378379,6.756756756756765,1.3513513513513473,3.378378378378372,4.729729729729726
3786,bunt.saar,3134,19,0.0,0.0,4.572664770033193,0.0,0.0,2.927927927927931,3.733997155049792,2.3648648648648702,1.5291607396870575,6.454480796586061,12.07325746799431,1.2802275960170704,1.6891891891892001,5.4054054054054035,4.729729729729733,2.702702702702709,0.0,3.0405405405405403
5079,bunt.saar,3134,19,1.0,0.0,6.528568041725939,0.0,0.0,4.504504504504502,3.6806543385490826,2.809388335704128,8.268136557610248,4.960881934566153,14.118065433854902,5.334281650071119,1.689189189189186,2.364864864864856,5.4054054054054035,2.702702702702709,8.445945945945951,6.418918918918905
519,CDU,3134,19,1.0,0.0,3.4317211948790898,1.0,0.0,1.8018018018018023,1.3157894736842124,3.876244665718353,2.1692745376955855,4.836415362731152,4.054054054054056,4.338549075391178,1.3513513513513473,3.0405405405405475,0.6756756756756772,3.0405405405405403,0.0,2.7027027027027017
40,bunt.saar,3134,19,0.0,0.0,2.9279279279279273,0.0,1.0,1.7454954954954947,7.02347083926032,0.3911806543385552,3.200568990042669,1.6358463726884764,0.6401137980085352,4.67638691322901,2.0270270270270245,2.702702702702709,2.3648648648648702,0.6756756756756772,0.3378378378378315,2.364864864864856
3340,Die Grünen,3134,19,1.0,1.0,3.941441441441443,1.0,0.0,1.6328828828828794,3.0761024182076824,4.374110953058313,4.391891891891902,2.489331436699864,4.658605974395449,4.658605974395449,1.3513513513513473,3.7162162162162105,1.0135135135135016,0.6756756756756843,1.6891891891891788,1.3513513513513544
2730,FDP,3134,19,1.0,1.0,3.292437174016122,1.0,1.0,4.110360360360357,5.743243243243242,6.383357041251777,1.013513513513523,0.0,3.2894736842105274,3.3250355618776624,2.7027027027027017,6.418918918918912,0.3378378378378244,6.418918918918919,5.4054054054054035,3.378378378378379
994,Die Grünen,3134,19,1.0,0.0,4.492650545282127,1.0,1.0,2.533783783783781,0.5867709815078399,3.662873399715508,3.591749644381224,2.2403982930298696,9.370554765291615,7.503556187766705,3.7162162162162176,0.0,2.0270270270270174,3.7162162162162105,2.702702702702709,3.0405405405405332
1729,Die Grünen,3134,19,0.0,1.0,1.9114509246088218,0.0,1.0,1.9707207207207216,2.489331436699864,1.6002844950213486,0.03556187766713492,0.5512091038406766,4.107396870554773,2.6849217638691343,0.6756756756756772,0.3378378378378457,2.0270270270270245,2.0270270270270316,3.378378378378372,3.378378378378379
4289,SPD,3134,19,0.0,0.0,5.352062588904695,0.0,0.0,1.8018018018018012,3.8584637268847715,7.432432432432435,8.07254623044097,1.8136557610241795,9.797297297297305,1.1379800853485094,1.0135135135135158,2.3648648648648702,1.689189189189186,0.3378378378378244,0.6756756756756843,4.729729729729726
2195,Die Grünen,3134,19,1.0,0.0,3.612494073020391,1.0,1.0,2.8716216216216197,5.014224751066855,1.1735419630156443,0.5512091038406766,2.1337126600284577,11.77098150782362,1.0312944523470904,1.3513513513513544,3.378378378378372,4.729729729729726,3.0405405405405475,1.689189189189186,3.0405405405405332
3087,CDU,3134,19,1.0,0.0,3.3813418681839758,1.0,0.0,2.759009009009008,4.249644381223341,3.165007112375541,2.400426742532005,4.267425320056894,3.7873399715504945,2.4182076813655797,4.391891891891895,4.729729729729733,2.7027027027026946,0.6756756756756701,1.689189189189193,2.364864864864863
781,Die Grünen,3134,19,1.0,1.0,3.3131816026552925,0.0,0.0,5.292792792792795,2.8271692745377024,9.975106685633016,2.471550497866289,0.5512091038406837,2.880512091038412,1.1735419630156514,3.378378378378379,2.702702702702716,7.432432432432435,1.3513513513513473,8.445945945945944,8.445945945945951
2637,CDU,3134,19,0.0,0.0,5.233522996680889,1.0,1.0,2.139639639639636,6.241109530583209,10.881934566145084,0.07112375533427695,6.792318634423893,2.8982930298719793,4.516358463726888,1.0135135135135158,2.7027027027026946,1.0135135135135087,1.0135135135135158,4.054054054054042,3.0405405405405403
1049,CDU,3134,19,1.0,0.0,3.4169037458511142,1.0,0.0,1.9707207207207205,3.9651493598862118,0.7645803698435216,1.760312944523477,10.79302987197724,2.9871977240398238,0.23115220483641252,5.743243243243242,0.6756756756756772,0.6756756756756772,0.3378378378378244,1.013513513513523,3.378378378378379
4733,CDU,3134,19,0.0,0.0,5.675082977714555,1.0,0.0,1.4639639639639637,4.19630156472261,7.21906116642959,1.5647226173541924,8.392603129445227,8.97937411095306,3.69843527738265,1.689189189189193,2.0270270270270245,0.6756756756756701,0.6756756756756701,3.378378378378379,0.3378378378378457
2778,bunt.saar,3134,19,0.0,0.0,7.927335229966807,0.0,0.0,4.504504504504506,7.3790896159317185,5.4054054054054035,16.056187766714082,4.338549075391178,4.836415362731152,9.548364153627304,7.0945945945945965,4.054054054054056,5.067567567567565,7.770270270270267,2.702702702702709,0.3378378378378386
4570,Die Grünen,3134,19,1.0,0.0,3.9029160739687008,1.0,0.0,2.3648648648648667,2.187055476529153,7.307965860597427,1.689189189189193,1.5291607396870575,7.859174964438118,2.8449502133712556,0.3378378378378386,3.378378378378393,2.3648648648648702,1.0135135135135087,1.689189189189186,5.4054054054054035
317,FDP,3134,19,0.0,1.0,3.4643195827406417,1.0,1.0,4.054054054054057,0.017780938833574567,0.6578947368421026,3.69843527738265,13.08677098150784,2.3293029871977353,0.9957325746799484,2.0270270270270245,3.0405405405405403,6.418918918918919,3.378378378378386,2.0270270270270387,7.432432432432432
834,FDP,3134,19,0.0,1.0,4.294096728307255,0.0,0.0,5.686936936936938,10.615220483641536,4.142958748221901,2.773826458036986,1.2091038406827934,5.014224751066855,2.009246088193457,2.7027027027027017,6.756756756756758,7.0945945945945965,4.729729729729726,6.418918918918919,6.418918918918926
1497,FDP,3134,19,1.0,0.0,3.132408724513986,1.0,1.0,0.9572072072072046,0.7290184921763796,3.6806543385490755,4.374110953058327,3.8584637268847786,2.2759601706970045,3.8762446657183496,1.0135135135135087,0.6756756756756772,1.3513513513513473,0.3378378378378386,2.0270270270270174,0.3378378378378386
4591,FDP,3134,19,0.0,1.0,3.754741583688947,0.0,1.0,1.9144144144144188,4.658605974395449,3.59174964438121,1.4935988620199083,6.987908961593163,1.511379800853483,4.285206258890469,2.3648648648648702,2.0270270270270316,4.054054054054063,0.3378378378378386,0.3378378378378386,2.3648648648648702
315,Die Grünen,3134,19,0.0,0.0,4.866050260787102,1.0,1.0,0.7319819819819801,4.37411095305832,1.9381223328591872,6.436699857752494,0.426742532005683,9.281650071123742,6.738975817923183,0.3378378378378386,0.6756756756756701,0.3378378378378386,2.0270270270270316,0.675675675675663,0.3378378378378386
2971,DIE LINKE,3134,19,1.0,0.0,3.3457799905168315,1.0,1.0,6.869369369369372,2.3470839260312957,4.694167852062591,3.0405405405405403,5.636557610241816,2.7916073968705533,1.5647226173541924,7.0945945945945965,3.0405405405405403,7.0945945945945965,4.391891891891902,10.135135135135137,9.45945945945946
4151,Die Grünen,3134,19,1.0,1.0,3.5887861545756308,1.0,1.0,3.5472972972972996,3.0761024182076824,5.26315789473685,1.2802275960170704,3.0049786628733983,6.098862019914655,2.809388335704128,1.6891891891892001,0.0,7.770270270270274,0.6756756756756772,5.4054054054054035,5.743243243243242
3572,CDU,3134,19,0.0,0.0,2.0714793741109525,0.0,1.0,1.7454954954954995,3.09388335704125,2.2759601706970045,0.3022759601706895,0.2489331436700013,3.307254623044102,3.200568990042669,0.6756756756756772,2.0270270270270316,7.105427357601002e-15,3.7162162162162247,1.3513513513513544,2.7027027027027017
4335,CDU,3134,19,0.0,1.0,5.138691322901853,0.0,1.0,2.646396396396393,5.938833570412527,9.88620199146515,0.17780938833571014,1.9381223328591872,7.912517780938835,4.978662873399713,2.364864864864856,0.6756756756756772,4.054054054054063,4.729729729729719,0.6756756756756701,3.378378378378372
4449,bunt.saar,3134,19,0.0,1.0,3.707325746799435,1.0,1.0,1.4639639639639672,2.009246088193457,3.6806543385490897,5.796586059743959,1.795874822190612,7.005689900426745,1.9559032716927476,1.689189189189193,1.0135135135135158,1.0135135135135158,1.689189189189193,2.3648648648648702,1.0135135135135158
3138,CDU,3134,19,1.0,1.0,2.6849217638691307,1.0,1.0,4.673423423423422,6.418918918918919,1.4580369843527734,0.1955903271692776,5.032005689900423,1.2980085348506378,1.7069701280227534,5.067567567567572,3.7162162162162176,5.4054054054054035,3.0405405405405332,5.067567567567565,5.743243243243242
3660,FDP,3134,19,1.0,1.0,3.099810336652444,1.0,1.0,0.844594594594593,2.6493598862019923,1.191322901849226,1.4402560455191917,3.0761024182076895,7.894736842105267,2.3470839260312957,0.3378378378378315,0.3378378378378386,1.3513513513513473,0.0,0.3378378378378386,2.7027027027027017
3908,FDP,3134,19,1.0,1.0,6.181839734471313,1.0,1.0,3.434684684684683,5.7610241820768096,1.2980085348506378,11.397581792318633,5.600995732574688,5.2275960170697005,7.805832147937409,8.445945945945944,3.378378378378372,0.3378378378378386,5.743243243243242,2.0270270270270245,0.6756756756756772
1874,Die Grünen,3134,19,1.0,1.0,5.532835467045992,1.0,1.0,13.907657657657658,1.3157894736842124,6.596728307254629,5.814366998577512,4.17852062588905,7.539118065433854,7.752489331436692,8.783783783783782,7.770270270270274,17.905405405405403,15.54054054054054,14.527027027027025,18.91891891891892
5058,FDP,3134,19,0.0,0.0,3.677690848743481,1.0,0.0,3.9414414414414374,1.8136557610241795,2.2048364153627347,2.080369843527734,6.490042674253203,8.161450924608822,1.3157894736842124,2.0270270270270174,1.689189189189186,6.081081081081081,1.3513513513513402,8.108108108108105,4.391891891891895
4761,FDP,3134,19,1.0,1.0,5.399478425794214,1.0,1.0,1.7454954954954982,6.525604551920338,3.0761024182076824,5.334281650071119,1.9559032716927405,10.579658605974402,4.925320056899004,1.689189189189186,3.378378378378379,0.6756756756756843,1.3513513513513544,2.3648648648648702,1.0135135135135158
319,bunt.saar,3134,19,1.0,0.0,7.639876718824081,1.0,1.0,1.2387387387387332,3.8584637268847715,5.014224751066848,12.482219061166433,4.12517780938834,12.251066856329999,8.108108108108098,1.3513513513513473,1.0135135135135016,0.3378378378378386,0.3378378378378386,2.7027027027026946,1.6891891891891788
1615,FDP,3134,19,1.0,1.0,4.163703176861067,1.0,1.0,2.308558558558557,3.7517780938833525,3.200568990042669,4.480796586059739,8.392603129445234,3.449502133712656,1.7069701280227534,0.0,3.7162162162162176,2.7027027027027017,4.729729729729726,1.3513513513513473,1.3513513513513473
1524,Die Grünen,3134,19,1.0,0.0,7.44132290184922,1.0,1.0,1.3513513513513533,2.222617354196302,6.685633001422481,6.045519203413946,6.152204836415358,17.2475106685633,6.294452347083933,0.3378378378378386,0.6756756756756914,1.689189189189193,3.0405405405405403,1.0135135135135016,1.3513513513513544
1722,bunt.saar,3134,19,1.0,1.0,4.676386913229016,1.0,1.0,2.252252252252248,0.26671408250354744,1.6714082503556114,7.02347083926032,3.3961593172119393,8.837126600284499,6.863442389758177,2.364864864864856,2.364864864864863,3.0405405405405332,2.0270270270270174,3.378378378378379,0.3378378378378386
4012,Die Grünen,3134,19,1.0,0.0,6.3092697961118995,0.0,0.0,3.1531531531531534,2.916073968705547,7.5213371266002795,2.9871977240398238,4.12517780938834,11.184210526315788,9.121621621621621,3.378378378378379,1.689189189189193,1.689189189189186,5.067567567567572,5.067567567567565,2.0270270270270245
3402,bunt.saar,3134,19,1.0,1.0,4.474869606448551,0.0,1.0,1.407657657657656,4.17852062588905,2.6671408250355597,5.974395448079662,0.7290184921763796,8.872688477951627,4.42745376955903,1.0135135135135087,1.013513513513523,2.7027027027026946,1.0135135135135087,1.689189189189186,1.0135135135135158
1759,SPD,3134,19,0.0,1.0,4.889758179231869,0.0,0.0,4.2229729729729755,8.036984352773828,0.9779516358463738,6.1877667140825,3.44950213371267,7.681365576102436,3.0049786628734054,2.3648648648648702,1.689189189189193,5.067567567567565,3.0405405405405332,7.770270270270281,5.405405405405411
645,SPD,3134,19,0.0,1.0,6.4396633475580805,0.0,1.0,5.57432432432432,5.814366998577526,7.2368421052631575,7.734708392603125,2.6671408250355597,5.903271692745371,9.281650071123742,2.3648648648648702,2.364864864864863,7.094594594594589,4.729729729729719,7.770270270270267,9.121621621621614
4376,SPD,3134,19,1.0,0.0,3.0435040303461385,0.0,0.0,0.9009009009009018,3.9651493598862118,4.765291607396875,1.8492176386913215,2.151493598862025,1.3513513513513473,4.17852062588905,0.3378378378378386,0.6756756756756843,1.3513513513513473,0.6756756756756772,2.0270270270270245,0.3378378378378386
2485,CDU,3134,19,1.0,0.0,5.98624940730204,1.0,0.0,3.2094594594594597,1.3335704125177799,7.02347083926032,2.9694167852062563,0.9601706970128063,17.211948790896166,6.418918918918912,3.378378378378386,0.0,4.054054054054056,7.432432432432435,1.689189189189186,2.7027027027026946
587,FDP,3134,19,0.0,1.0,2.9101469890943545,1.0,1.0,3.209459459459461,1.724751066856328,3.876244665718346,2.43598862019914,3.556187766714082,3.3250355618776624,2.5426742532005697,3.0405405405405403,2.7027027027027017,1.0135135135135123,6.4189189189189335,1.689189189189186,4.391891891891891
1090,CDU,3134,19,1.0,1.0,5.5120910384068305,1.0,1.0,1.463963963963965,1.6358463726884764,8.374822190611667,0.16002844950213557,2.275960170697026,12.962304409672832,7.663584637268848,1.689189189189186,0.0,5.067567567567565,1.3513513513513615,0.3378378378378386,0.3378378378378386
3295,SPD,3134,19,1.0,0.0,4.148885727833092,1.0,1.0,2.5337837837837873,1.1024182076813602,1.5825035561877598,3.6095305832147915,1.4935988620199083,8.730440967283073,8.37482219061166,1.6891891891892001,4.054054054054063,3.0405405405405332,1.3513513513513473,3.0405405405405475,2.0270270270270316
4592,Die Grünen,3134,19,1.0,0.0,4.28224276908487,1.0,1.0,1.6891891891891906,8.25035561877666,4.2140825035561775,3.8584637268847786,3.7873399715504945,5.298719772403977,0.2844950213371291,3.378378378378379,1.0135135135135087,0.0,1.689189189189193,3.378378378378379,0.6756756756756843
757,bunt.saar,3134,19,0.0,0.0,5.180180180180179,0.0,0.0,3.3783783783783825,2.115931721194869,5.849928876244675,5.885490753911803,1.9203413940255984,9.743954480796589,5.565433854907539,3.7162162162162176,0.3378378378378457,2.702702702702709,5.4054054054054035,4.729729729729733,3.378378378378386
3192,bunt.saar,3134,19,1.0,0.0,3.962185870080605,1.0,1.0,0.33783783783783977,2.6849217638691414,2.0625889046941523,4.587482219061172,3.4317211948790884,7.539118065433854,3.4672830725462234,0.6756756756756843,0.0,1.0135135135135158,0.0,0.0,0.3378378378378386
4813,CDU,3134,19,1.0,1.0,1.8225462304409668,1.0,1.0,2.0270270270270294,1.2980085348506378,0.0,2.5248933143669987,6.916785206258886,0.053342816500716594,0.142247510668561,3.378378378378386,3.378378378378379,0.3378378378378457,1.0135135135135087,2.3648648648648702,1.689189189189186
612,CDU,3134,19,1.0,0.0,2.5900900900900936,1.0,0.0,3.322072072072075,2.5960170697012828,4.054054054054056,0.5334281650071233,3.8229018492176436,2.489331436699864,2.044807965860592,3.7162162162162176,3.378378378378379,2.3648648648648702,7.0945945945945965,3.0405405405405403,0.3378378378378457
2756,FDP,3134,19,1.0,1.0,4.445234708392605,1.0,1.0,3.0968468468468444,2.275960170697026,3.4317211948790884,7.254623044096725,1.8847795163584777,5.565433854907525,6.258890469416791,1.3513513513513473,5.067567567567565,4.054054054054056,0.3378378378378386,4.054054054054042,3.7162162162162176
2671,FDP,3134,19,1.0,0.0,3.1738975817923163,1.0,1.0,2.3085585585585604,2.6671408250355597,3.9295874822190555,0.6223328591749677,2.0981507823613015,8.036984352773828,1.689189189189186,3.0405405405405546,4.054054054054056,2.364864864864856,1.3513513513513544,0.6756756756756772,2.364864864864863
3948,CDU,3134,19,0.0,0.0,2.886439070649601,0.0,1.0,1.9144144144144128,3.876244665718353,1.191322901849226,0.9957325746799484,5.778805120910384,4.800853485064017,0.6756756756756772,0.675675675675663,3.378378378378379,1.0135135135135087,1.3513513513513473,1.013513513513523,4.054054054054056
3611,FDP,3134,19,0.0,0.0,2.7886439070649622,0.0,0.0,3.828828828828828,0.8001422475106708,2.258179231863444,6.7745376955903325,2.5960170697012828,3.556187766714082,0.7467994310099613,3.378378378378372,3.0405405405405332,2.3648648648648702,3.378378378378379,3.378378378378379,7.432432432432435
2371,FDP,3134,19,0.0,0.0,3.416903745851112,0.0,0.0,4.39189189189189,0.0,7.983641536273112,3.911806543385495,5.334281650071112,0.2844950213371291,2.9871977240398238,1.0135135135135087,2.702702702702709,6.081081081081074,4.391891891891881,6.418918918918919,5.743243243243249
2695,bunt.saar,3134,19,1.0,1.0,1.5558321479374122,0.0,1.0,4.89864864864865,1.0490753911806578,1.689189189189193,0.5512091038406766,2.6671408250355597,2.471550497866289,0.9068278805120968,2.0270270270270316,4.391891891891888,7.770270270270274,3.0405405405405475,6.756756756756758,5.4054054054054035
3258,SPD,3134,19,0.0,0.0,4.907539118065434,0.0,0.0,3.716216216216214,0.12446657183499354,1.6002844950213486,11.806543385490762,0.1422475106685539,6.987908961593163,8.783783783783782,5.067567567567565,1.3513513513513473,4.054054054054056,4.729729729729726,3.7162162162162105,3.378378378378379
3447,FDP,3134,19,0.0,0.0,7.725817923186345,1.0,1.0,1.3513513513513533,5.4054054054054035,6.54338549075392,7.894736842105267,8.926031294452343,9.423897581792318,8.161450924608822,0.3378378378378386,2.3648648648648702,2.0270270270270316,1.0135135135135158,1.0135135135135087,1.3513513513513544
1716,CDU,3134,19,1.0,0.0,3.505808440018974,1.0,1.0,1.8018018018018,3.6806543385490826,7.770270270270274,0.5867709815078399,3.5739687055476637,3.342816500711244,2.080369843527741,0.3378378378378244,0.6756756756756772,4.391891891891902,1.689189189189186,2.364864864864863,1.3513513513513473
1041,CDU,3134,19,1.0,0.0,5.5832147937411065,1.0,0.0,2.0270270270270294,2.115931721194869,2.86273115220483,3.0761024182076824,9.548364153627304,10.188477951635846,5.707681365576107,0.0,0.6756756756756772,1.0135135135135158,0.3378378378378386,6.756756756756758,3.378378378378386
3482,FDP,3134,19,1.0,0.0,5.3490990990991,1.0,1.0,1.9144144144144093,8.054765291607403,3.09388335704125,6.863442389758184,9.050497866287337,4.978662873399713,0.053342816500716594,1.0135135135135087,0.3378378378378315,2.364864864864863,2.364864864864856,2.364864864864863,3.0405405405405332
231,SPD,3134,19,0.0,0.0,3.319108582266479,1.0,0.0,3.7162162162162153,5.192034139402573,3.7162162162162176,1.5291607396870575,0.49786628733995997,4.231863442389766,4.747510668563301,1.6891891891892001,3.378378378378379,6.756756756756765,0.3378378378378244,5.405405405405396,4.729729729729726
595,bunt.saar,3134,19,0.0,1.0,3.2657657657657624,0.0,0.0,3.9414414414414374,1.3335704125177799,0.6401137980085352,5.867709815078236,0.8712660028449548,7.183499288762434,3.698435277382636,0.3378378378378386,0.0,5.067567567567565,3.7162162162162105,6.756756756756751,7.7702702702702595
2329,bunt.saar,3134,19,1.0,1.0,4.107396870554768,1.0,1.0,1.4639639639639637,1.902560455192031,3.1472261735419664,4.445234708392604,4.871977240398294,7.681365576102436,2.5960170697012757,1.689189189189193,1.0135135135135158,2.0270270270270174,2.0270270270270245,0.0,2.0270270270270316
2064,bunt.saar,3134,19,1.0,0.0,5.621740161213848,1.0,1.0,1.0135135135135134,0.6756756756756772,0.2489331436700013,9.192745376955898,5.689900426742533,11.984352773826451,5.938833570412527,1.3513513513513544,0.3378378378378386,2.0270270270270174,0.6756756756756772,1.0135135135135158,0.6756756756756772
1079,Die Grünen,3134,19,1.0,0.0,6.51375059269796,1.0,1.0,1.1824324324324362,2.080369843527741,3.6450924608819264,4.214082503556185,5.992176386913236,12.393314366998567,10.757467994310105,1.3513513513513615,0.3378378378378386,3.0405405405405475,1.3513513513513544,0.0,1.0135135135135158
1278,CDU,3134,19,1.0,1.0,2.9783072546230436,1.0,1.0,1.8018018018017987,2.5960170697012828,0.6223328591749677,4.818634423897571,2.151493598862025,6.418918918918912,1.262446657183503,1.689189189189186,4.054054054054056,0.6756756756756772,1.0135135135135158,0.3378378378378244,3.0405405405405332
4212,CDU,3134,19,1.0,1.0,1.772166903745853,0.0,1.0,2.139639639639641,1.9381223328591872,1.2624466571834958,0.7823613086771033,3.1827880512090942,2.880512091038412,0.5867709815078257,1.0135135135135087,2.702702702702709,1.3513513513513473,4.391891891891895,1.689189189189193,1.689189189189193
4796,Die Grünen,3134,19,1.0,0.0,4.528212422949266,1.0,0.0,1.914414414414414,6.54338549075392,1.191322901849226,2.400426742531998,4.17852062588905,8.534850640113788,4.320768136557611,0.0,3.7162162162162176,1.3513513513513402,1.0135135135135087,1.689189189189193,3.7162162162162247
543,FDP,3134,19,1.0,1.0,2.939781887150309,0.0,1.0,3.0405405405405403,1.2268847795163538,0.8534850640113874,1.8136557610241795,3.0405405405405403,7.876955903271693,2.8271692745377024,4.391891891891888,3.0405405405405332,2.702702702702709,3.378378378378379,3.0405405405405475,1.689189189189186
1161,CDU,3134,19,0.0,1.0,4.827524893314366,0.0,0.0,2.5900900900900914,4.356330014224746,7.005689900426745,3.236130867709811,5.921052631578945,5.654338549075398,2.7916073968705533,1.0135135135135016,0.6756756756756772,1.0135135135135087,7.432432432432435,1.013513513513523,4.391891891891902
4583,FDP,3134,19,0.0,1.0,4.086652441915601,1.0,1.0,0.4504504504504491,2.044807965860592,0.053342816500716594,4.498577524893321,4.729729729729726,6.472261735419636,6.721194879089616,0.3378378378378386,0.3378378378378386,0.0,0.675675675675663,0.0,1.3513513513513544
1743,FDP,3134,19,1.0,1.0,5.049786628733997,1.0,1.0,3.3783783783783803,6.525604551920338,3.1116642958748244,4.854196301564727,10.010668563300136,0.2844950213371291,5.51209103840683,0.3378378378378457,1.0135135135135158,6.081081081081081,5.743243243243242,1.689189189189186,5.405405405405411
3365,bunt.saar,3134,19,1.0,0.0,2.48636794689426,1.0,1.0,2.0833333333333344,6.009957325746804,0.8534850640113802,3.4672830725462234,1.7069701280227534,1.5291607396870432,1.3513513513513544,1.3513513513513473,0.0,4.054054054054049,1.0135135135135158,3.0405405405405475,3.0405405405405475
887,CDU,3134,19,1.0,0.0,2.9516358463726866,1.0,0.0,6.925675675675674,0.32005689900426404,0.49786628733995997,2.364864864864863,7.0945945945945965,4.018492176386914,3.413940256045521,0.6756756756756701,3.378378378378372,10.472972972972968,3.378378378378379,11.486486486486484,12.162162162162168
4901,bunt.saar,3134,19,0.0,0.0,3.541370317686102,0.0,1.0,1.1261261261261215,1.0312944523470833,2.187055476529153,8.730440967283073,2.6493598862019923,1.831436699857747,4.818634423897564,2.702702702702709,0.675675675675663,1.0135135135135158,0.0,1.3513513513513402,1.0135135135135016
2200,bunt.saar,3134,19,1.0,0.0,5.678046467520151,1.0,1.0,1.2387387387387392,0.7112375533428192,0.5512091038406766,8.250355618776666,8.3570412517781,11.397581792318633,4.80085348506401,2.0270270270270316,2.7027027027026946,1.3513513513513544,0.0,0.0,1.3513513513513544
2349,CDU,3134,19,1.0,0.0,6.943456614509248,1.0,1.0,6.137387387387391,2.2226173541963163,9.103840682788046,1.4580369843527734,8.943812233285918,11.201991465149362,8.730440967283073,2.702702702702709,7.0945945945945965,5.4054054054054035,3.0405405405405475,6.756756756756765,11.824324324324323
309,DIE LINKE,3134,19,1.0,1.0,3.627311522048366,1.0,1.0,1.1824324324324327,4.089615931721191,1.7780938833570303,4.925320056899011,0.7467994310099613,4.249644381223341,5.974395448079662,1.0135135135135087,1.3513513513513544,1.3513513513513473,1.0135135135135158,1.3513513513513473,1.013513513513523
3305,FDP,3134,19,1.0,0.0,2.092223802750118,1.0,0.0,1.4076576576576574,3.9295874822190555,1.0490753911806507,0.4267425320056901,5.0853485064011394,0.053342816500716594,2.009246088193457,2.702702702702709,2.364864864864863,1.689189189189186,0.0,0.0,1.689189189189186
4502,Die Grünen,3134,19,1.0,1.0,4.990516832622093,1.0,0.0,1.4076576576576574,0.46230440967283215,6.650071123755325,5.156472261735402,5.316500711237566,9.939544807965845,2.418207681365587,1.689189189189193,0.0,0.3378378378378386,3.0405405405405403,0.6756756756756772,2.7027027027026946
1773,SPD,3134,19,0.0,0.0,5.186107159791373,1.0,0.0,2.4774774774774833,3.0761024182076824,1.5647226173541924,7.02347083926032,4.409672830725462,5.7254623044096675,9.317211948790913,4.391891891891895,2.0270270270270316,1.3513513513513686,1.0135135135135087,1.3513513513513544,4.7297297297297405
3197,bunt.saar,3134,19,1.0,0.0,5.052750118539593,1.0,0.0,8.220720720720726,1.689189189189186,2.115931721194869,5.796586059743959,4.694167852062591,10.72190611664297,5.2987197724039845,6.081081081081088,4.054054054054056,7.770270270270274,8.783783783783782,11.82432432432433,10.810810810810821
3042,FDP,3134,19,1.0,0.0,3.7547415836889506,1.0,1.0,2.3648648648648667,4.320768136557611,5.2631578947368425,1.1379800853485094,2.720483641536269,6.152204836415365,2.933854907539107,2.3648648648648702,2.3648648648648702,3.0405405405405475,1.689189189189193,3.0405405405405403,1.6891891891891788
3221,bunt.saar,3134,19,1.0,0.0,6.436699857752484,1.0,0.0,5.011261261261261,3.9295874822190555,3.94736842105263,9.334992887624459,1.5647226173541924,13.65576102418207,6.1877667140825,0.3378378378378315,1.689189189189186,5.4054054054054035,4.729729729729733,10.472972972972975,7.432432432432435
2252,FDP,3134,19,0.0,1.0,7.189426268373637,1.0,1.0,3.4346846846846844,8.783783783783782,6.169985775248932,1.795874822190612,7.485775248933145,13.833570412517787,5.067567567567565,0.3378378378378386,4.391891891891888,3.0405405405405475,3.0405405405405403,4.729729729729726,5.067567567567565
1709,bunt.saar,3134,19,0.0,1.0,2.5574917022285475,0.0,1.0,6.5878378378378395,3.9651493598862118,3.4317211948790884,3.271692745376953,1.3513513513513473,2.1337126600284577,1.191322901849226,9.45945945945946,5.743243243243242,8.445945945945951,4.729729729729726,7.770270270270281,3.378378378378379
2859,CDU,3134,19,0.0,1.0,2.364864864864863,1.0,1.0,3.6599099099099113,3.0405405405405332,1.795874822190612,4.889758179231862,0.7112375533428192,2.7027027027026946,1.0490753911806578,0.3378378378378386,5.067567567567565,5.743243243243242,1.689189189189193,4.391891891891902,4.729729729729726
4050,FDP,3134,19,1.0,0.0,4.021455666192508,1.0,0.0,4.56081081081081,10.73968705547653,3.02275960170698,0.6934566145092447,0.7290184921763796,5.992176386913222,2.951635846372689,3.7162162162162105,7.432432432432435,6.756756756756758,0.675675675675663,3.0405405405405475,5.743243243243242
581,CDU,3134,19,1.0,1.0,4.969772403982927,0.0,1.0,2.5900900900900865,0.6223328591749677,9.548364153627304,5.565433854907525,1.3157894736842124,5.209815078236126,7.556899004267429,3.7162162162162176,3.0405405405405332,1.3513513513513402,6.081081081081081,0.6756756756756701,0.6756756756756772
3411,bunt.saar,3134,19,1.0,0.0,5.029042200094831,1.0,0.0,2.2522522522522537,7.5924608819345565,1.5825035561877598,9.992887624466576,1.1735419630156443,9.637268847795163,0.1955903271692847,1.689189189189186,4.391891891891902,2.0270270270270316,1.689189189189193,3.378378378378372,0.3378378378378386
488,FDP,3134,19,0.0,0.0,5.9032716927453786,1.0,1.0,3.209459459459461,4.445234708392597,2.7560455192034112,4.9786628733997205,8.481507823613093,7.02347083926032,7.734708392603132,3.378378378378393,3.0405405405405475,3.7162162162162176,0.675675675675663,2.7027027027027017,5.743243243243242
1519,FDP,3134,19,1.0,1.0,3.242057847321004,1.0,1.0,7.7139639639639626,3.378378378378379,1.1201991465149348,6.258890469416787,1.4046941678520568,5.654338549075391,1.6358463726884764,3.378378378378379,9.797297297297291,9.45945945945946,3.378378378378372,8.445945945945951,11.824324324324323
4435,bunt.saar,3134,19,0.0,1.0,2.308558558558564,0.0,1.0,1.4639639639639672,0.16002844950213557,0.6223328591749677,1.1024182076813673,2.2226173541963092,8.517069701280235,1.226884779516368,0.0,2.702702702702716,2.702702702702709,0.3378378378378457,2.7027027027026946,0.3378378378378386
3741,bunt.saar,3134,19,1.0,0.0,3.0523944997629244,0.0,1.0,2.2522522522522563,1.6002844950213486,3.8762446657183602,1.1913229018492189,4.285206258890469,3.769559032716927,3.591749644381224,4.054054054054056,2.3648648648648702,1.3513513513513544,2.3648648648648702,0.3378378378378386,3.0405405405405475
3796,DIE LINKE,3134,19,1.0,1.0,3.6362019914651498,1.0,1.0,1.182432432432434,9.103840682788054,3.09388335704125,1.262446657183503,3.485064011379805,3.5384068278805074,1.3335704125177799,0.0,1.3513513513513544,1.689189189189193,0.6756756756756772,1.689189189189193,1.689189189189186
4763,FDP,3134,19,1.0,1.0,5.3698435277382615,0.0,0.0,2.9279279279279287,4.2140825035561775,3.3250355618776624,4.356330014224753,3.8940256045519206,9.868421052631575,6.56116642958748,2.3648648648648702,1.3513513513513473,2.7027027027027017,1.689189189189193,5.743243243243242,3.7162162162162176
4475,bunt.saar,3134,19,1.0,1.0,4.646752015173067,0.0,1.0,1.7454954954954947,2.3648648648648702,2.578236130867701,9.032716927453777,2.0981507823613086,5.885490753911796,5.921052631578945,0.6756756756756701,3.378378378378379,1.3513513513513544,2.7027027027026946,0.6756756756756772,1.689189189189193
2686,SPD,3134,19,1.0,0.0,4.996443812233285,1.0,0.0,3.8288288288288292,2.2226173541963092,6.294452347083926,8.623755334281647,2.8449502133712556,3.449502133712656,6.54338549075392,4.054054054054049,2.3648648648648702,5.067567567567565,4.729729729729726,2.702702702702709,4.054054054054056
1279,bunt.saar,3134,19,0.0,1.0,5.986249407302044,0.0,1.0,2.3085585585585577,6.045519203413946,4.249644381223341,5.743243243243242,5.529871977240404,4.623044096728307,9.726173541963021,4.054054054054056,3.0405405405405403,0.3378378378378386,1.689189189189186,1.689189189189193,3.0405405405405332
3314,DIE LINKE,3134,19,1.0,0.0,8.848980559506876,1.0,1.0,2.1959459459459487,8.677098150782356,6.365576102418217,12.766714082503555,8.837126600284499,10.010668563300136,6.436699857752494,1.689189189189186,1.01351351351353,1.3513513513513473,4.391891891891902,2.0270270270270316,2.7027027027026946
4032,Die Grünen,3134,19,0.0,0.0,6.8990042674253145,1.0,0.0,2.9842342342342363,1.5825035561877598,3.6450924608819335,12.197724039829296,4.551920341394016,11.450924608819342,7.965860597439537,5.4054054054054035,3.0405405405405475,2.364864864864856,5.743243243243242,0.6756756756756843,0.6756756756756843
4377,bunt.saar,3134,19,1.0,0.0,5.200924608819349,0.0,0.0,1.9707207207207251,3.3961593172119535,3.6806543385490826,7.716927453769557,0.35561877667140607,9.975106685633016,6.081081081081081,0.0,2.0270270270270316,2.0270270270270316,1.689189189189186,3.0405405405405546,3.0405405405405475
4912,SPD,3134,19,1.0,1.0,3.843646277856802,1.0,1.0,0.8445945945945942,9.743954480796589,3.8584637268847715,1.369132290184929,6.258890469416791,1.0846372688477857,0.7467994310099471,0.6756756756756701,1.3513513513513473,0.6756756756756843,0.6756756756756701,1.0135135135135158,0.6756756756756772
4670,SPD,3134,19,1.0,0.0,3.2094594594594597,1.0,0.0,3.547297297297297,1.760312944523477,9.690611664295872,3.7162162162162176,0.49786628733995997,0.9068278805120897,2.6849217638691414,2.0270270270270174,0.3378378378378457,6.418918918918912,0.6756756756756843,5.067567567567572,6.756756756756751
786,DIE LINKE,3134,19,0.0,0.0,3.6273115220483625,0.0,0.0,2.8716216216216224,1.1201991465149348,6.347795163584628,1.3157894736842124,2.151493598862025,6.223328591749642,4.605263157894733,5.743243243243242,4.391891891891888,0.3378378378378386,3.0405405405405475,1.013513513513523,2.7027027027026946
1353,FDP,3134,19,1.0,1.0,1.7366050260787087,1.0,0.0,1.1824324324324305,3.94736842105263,0.7823613086771033,0.142247510668561,0.32005689900425693,0.6045519203413932,4.623044096728307,1.3513513513513473,1.689189189189193,0.6756756756756701,1.0135135135135158,1.689189189189186,0.6756756756756701
1711,FDP,3134,19,0.0,1.0,6.445590327169271,1.0,1.0,2.139639639639641,2.6671408250355597,5.7254623044096675,8.32147937411095,8.712660028449498,2.916073968705547,10.330725462304407,1.013513513513523,3.7162162162162176,3.7162162162162176,0.3378378378378386,1.0135135135135158,3.0405405405405332
4232,FDP,3134,19,1.0,1.0,4.3148411569464225,1.0,1.0,1.9144144144144153,4.996443812233288,5.316500711237559,1.191322901849226,0.9068278805120968,12.21550497866287,1.2624466571834958,2.0270270270270316,0.3378378378378457,2.364864864864856,4.054054054054063,2.0270270270270245,0.6756756756756701
41,Die Grünen,3134,19,0.0,1.0,5.728425794215268,0.0,1.0,2.5900900900900887,6.401137980085352,1.618065433854916,6.472261735419622,1.3157894736842124,11.522048364153626,7.04125177809388,1.0135135135135158,3.7162162162162176,4.054054054054035,4.054054054054056,0.3378378378378386,2.3648648648648702
1114,bunt.saar,3134,19,1.0,1.0,5.870673304883831,1.0,0.0,2.6463963963964,4.67638691322901,7.0945945945945965,7.556899004267422,3.3250355618776624,8.837126600284492,3.7339971550498063,1.6891891891892001,0.6756756756756772,3.7162162162162247,1.0135135135135087,6.081081081081081,2.702702702702709
1574,Die Grünen,3134,19,1.0,1.0,5.272048364153626,1.0,1.0,3.9977477477477485,0.10668563300142608,5.5476529160739645,6.152204836415365,4.018492176386914,10.330725462304414,5.476529160739673,3.378378378378379,2.0270270270270316,2.702702702702709,6.418918918918919,4.729729729729726,4.729729729729726
1247,FDP,3134,19,0.0,1.0,2.047771455666189,1.0,1.0,2.2522522522522537,4.231863442389752,1.0490753911806578,0.21337126600283796,3.805120910384062,0.5334281650071091,2.4537695590327147,3.7162162162162105,1.013513513513523,2.364864864864863,2.0270270270270316,1.0135135135135158,3.378378378378379
4522,SPD,3134,19,1.0,0.0,8.611901375059274,1.0,1.0,3.2094594594594583,2.6849217638691414,5.0853485064011394,15.096017069701283,4.925320056899011,12.357752489331446,11.522048364153626,4.391891891891881,0.0,1.013513513513523,4.729729729729726,6.081081081081088,3.0405405405405332
3379,FDP,3134,19,0.0,0.0,5.953651019440492,0.0,1.0,1.914414414414414,1.0490753911806578,8.07254623044097,6.418918918918912,5.5476529160739645,8.019203413940254,6.61450924608819,4.054054054054063,1.3513513513513544,2.7027027027026946,0.0,1.0135135135135087,2.364864864864863
1530,Die Grünen,3134,19,0.0,0.0,5.200924608819343,0.0,1.0,1.8018018018018012,5.600995732574681,2.4893314366998567,5.387624466571822,3.7873399715504945,10.864153627311524,3.0761024182076824,1.689189189189186,2.0270270270270316,1.0135135135135158,4.054054054054056,0.0,2.0270270270270174
1257,CDU,3134,19,1.0,0.0,3.1057373162636375,1.0,1.0,3.603603603603606,0.5689900426742582,3.3961593172119535,5.707681365576107,1.0490753911806578,1.8669985775249032,6.045519203413946,3.378378378378386,1.3513513513513473,6.418918918918926,2.0270270270270316,3.0405405405405332,5.405405405405411
2922,FDP,3134,19,0.0,1.0,3.2805832147937424,0.0,1.0,2.5337837837837824,1.618065433854909,6.7745376955903325,1.9914651493598896,2.6315789473684177,4.658605974395456,2.00924608819345,3.7162162162162033,1.013513513513523,3.0405405405405403,1.3513513513513473,2.364864864864863,3.7162162162162176
354,CDU,3134,19,1.0,0.0,4.178520625889046,1.0,1.0,2.477477477477476,0.9779516358463738,3.2183499288762576,5.1031294452347,6.578947368421048,8.623755334281647,0.5689900426742511,3.378378378378372,0.6756756756756843,2.7027027027026946,1.689189189189193,2.0270270270270174,4.391891891891895
2110,CDU,3134,19,1.0,1.0,6.172949265054528,1.0,1.0,2.027027027027026,0.6756756756756772,7.325746799431009,5.707681365576107,9.477240398293027,4.160739687055475,9.690611664295872,2.7027027027026946,2.0270270270270245,0.3378378378378386,1.689189189189186,1.0135135135135158,4.391891891891895
3425,FDP,3134,19,1.0,1.0,6.347795163584635,1.0,1.0,2.027027027027024,3.9295874822190555,4.125177809388333,6.703413940256048,8.054765291607396,4.551920341394016,10.721906116642963,0.0,3.0405405405405403,0.3378378378378315,2.364864864864856,3.378378378378379,3.040540540540537
1113,bunt.saar,3134,19,1.0,0.0,4.394855381697486,1.0,1.0,1.0135135135135134,1.2624466571834958,1.226884779516368,7.876955903271693,1.1735419630156443,9.42389758179231,5.4054054054054035,1.0135135135135158,1.01351351351353,1.3513513513513544,1.3513513513513544,0.3378378378378244,1.0135135135135016
687,bunt.saar,3134,19,0.0,1.0,4.611190137505928,1.0,1.0,1.5765765765765778,5.743243243243242,5.1920341394025655,3.058321479374108,1.9203413940255984,7.290184921763881,4.463015647226172,1.3513513513513544,0.6756756756756772,0.6756756756756772,2.364864864864863,3.0405405405405403,1.3513513513513544
334,CDU,3134,19,1.0,1.0,4.267425320056901,1.0,0.0,3.434684684684688,6.241109530583216,2.7027027027026946,6.436699857752494,1.9914651493598896,2.151493598862025,6.081081081081088,6.081081081081081,4.7297297297297405,0.3378378378378386,5.405405405405411,3.378378378378372,0.6756756756756843
4481,bunt.saar,3134,19,1.0,1.0,4.48376007586534,1.0,0.0,3.096846846846848,2.471550497866282,6.294452347083926,7.948079658605984,1.3157894736842124,5.814366998577526,3.058321479374108,1.3513513513513473,1.3513513513513544,3.0405405405405332,1.689189189189186,5.743243243243249,5.405405405405418
107,SPD,3134,19,1.0,0.0,6.76861071597914,1.0,1.0,3.2657657657657695,0.8357041251778057,3.1827880512090942,14.260312944523484,2.3826458036984377,4.640825035561889,15.309388335704128,1.3513513513513473,1.3513513513513615,4.7297297297297405,1.689189189189193,4.729729729729726,5.743243243243249
1322,SPD,3134,19,1.0,1.0,6.2470365101944045,1.0,1.0,1.407657657657662,12.891180654338555,8.108108108108105,2.3826458036984306,7.521337126600287,3.165007112375534,3.413940256045514,2.0270270270270316,1.689189189189193,1.3513513513513686,0.6756756756756701,1.3513513513513544,1.3513513513513544
936,CDU,3134,19,1.0,0.0,5.529871977240401,1.0,0.0,2.92792792792793,1.9381223328591872,7.556899004267429,1.6180654338549019,4.800853485064017,10.633001422475104,6.632290184921764,4.054054054054042,2.702702702702709,3.0405405405405546,3.378378378378379,2.0270270270270245,2.3648648648648702
3965,bunt.saar,3134,19,1.0,0.0,3.53544333807492,0.0,0.0,2.0833333333333357,3.556187766714082,0.4445234708392647,3.9118065433855023,5.529871977240397,5.494310099573248,2.275960170697026,1.013513513513523,3.0405405405405475,0.6756756756756701,4.729729729729726,2.3648648648648702,0.6756756756756772
5145,bunt.saar,3134,19,1.0,0.0,3.348743480322426,1.0,0.0,3.32207207207207,4.836415362731152,4.125177809388333,1.9914651493598967,0.23115220483641252,8.108108108108098,0.8001422475106637,2.7027027027027017,1.0135135135135158,3.378378378378372,3.0405405405405403,4.391891891891888,5.4054054054054035
2080,bunt.saar,3134,19,1.0,0.0,11.507230915125652,1.0,1.0,3.9414414414414387,3.69843527738265,12.411095305832148,11.201991465149362,3.3250355618776624,24.555476529160735,13.851351351351354,3.378378378378372,1.3513513513513473,2.0270270270270245,3.0405405405405332,6.418918918918919,7.432432432432435
2509,bunt.saar,3134,19,1.0,1.0,1.9825746799431012,0.0,0.0,3.8851351351351355,3.69843527738265,1.2980085348506378,1.3335704125177799,0.3022759601707037,5.2275960170697005,0.03556187766713492,1.689189189189186,4.391891891891888,5.067567567567565,2.0270270270270316,5.743243243243249,4.391891891891895
4285,bunt.saar,3134,19,0.0,0.0,4.59637268847795,0.0,1.0,2.5900900900900914,0.8890469416785152,6.792318634423893,3.307254623044102,8.00142247510668,3.9118065433855023,4.67638691322901,0.6756756756756772,2.702702702702709,6.756756756756758,3.0405405405405475,2.364864864864856,0.0
1307,bunt.saar,3134,19,1.0,0.0,8.333333333333334,1.0,0.0,10.810810810810807,4.17852062588905,3.378378378378372,11.148648648648646,4.854196301564727,16.749644381223334,9.690611664295872,6.756756756756758,3.378378378378372,12.162162162162154,11.148648648648646,16.21621621621621,15.202702702702709
1670,DIE LINKE,3134,19,0.0,0.0,4.2911332385016605,0.0,1.0,2.3648648648648645,1.2446657183499354,3.236130867709818,6.845661450924595,5.743243243243242,4.800853485064017,3.876244665718353,4.391891891891902,0.0,1.689189189189193,2.7027027027027017,3.0405405405405332,2.364864864864856
2323,FDP,3134,19,1.0,1.0,3.233167377904221,1.0,1.0,2.646396396396394,0.6934566145092447,4.9075391180654435,3.413940256045514,0.6934566145092447,7.02347083926032,2.6671408250355597,5.067567567567558,3.7162162162162176,1.0135135135135087,3.378378378378379,1.3513513513513544,1.3513513513513473
3319,bunt.saar,3134,19,1.0,0.0,3.49395448079659,1.0,0.0,1.5202702702702748,4.747510668563301,0.6756756756756772,2.43598862019914,1.6002844950213486,8.285917496443822,3.2183499288762505,2.0270270270270316,3.378378378378386,1.3513513513513544,0.3378378378378457,0.3378378378378244,1.6891891891892072
3724,DIE LINKE,3134,19,0.0,1.0,3.025723091512564,0.0,1.0,3.828828828828828,4.818634423897571,0.10668563300142608,2.7916073968705533,1.866998577524896,7.46799431009957,1.1024182076813673,7.432432432432428,0.6756756756756772,4.391891891891895,8.108108108108105,1.0135135135135158,1.3513513513513473
1828,FDP,3134,19,1.0,1.0,5.20388809862494,1.0,1.0,1.407657657657656,5.5476529160739645,9.050497866287337,4.605263157894733,1.0490753911806578,8.339260312944525,2.631578947368425,0.3378378378378386,0.6756756756756701,1.0135135135135158,1.3513513513513402,4.054054054054056,1.0135135135135158
5166,bunt.saar,3134,19,0.0,1.0,2.3293029871977295,1.0,1.0,2.6463963963963963,4.765291607396875,0.2489331436700013,0.9068278805120968,4.587482219061165,0.5689900426742582,2.8982930298719793,1.689189189189193,2.0270270270270316,3.7162162162162105,1.689189189189186,3.378378378378372,3.378378378378386
1593,CDU,3134,19,1.0,1.0,3.402086296823138,1.0,1.0,2.083333333333332,0.5156472261735416,1.475817923186355,7.2368421052631575,1.3513513513513473,3.9295874822190555,5.903271692745371,0.0,3.0405405405405475,1.689189189189186,6.081081081081074,0.6756756756756772,1.0135135135135087
3072,Die Grünen,3134,19,1.0,0.0,7.521337126600286,1.0,1.0,4.560810810810813,4.516358463726888,0.4267425320056759,8.748221906116655,6.347795163584635,12.535561877667142,12.553342816500717,3.7162162162162176,0.6756756756756914,5.743243243243242,5.067567567567565,6.418918918918919,5.743243243243242
3398,Die Grünen,3134,19,1.0,0.0,5.215742057847318,1.0,0.0,3.828828828828828,0.8357041251778057,8.534850640113788,1.7247510668563208,5.334281650071119,10.864153627311524,4.000711237553347,4.054054054054056,3.0405405405405403,1.3513513513513402,8.445945945945944,4.729729729729733,1.3513513513513544
4073,SPD,3134,19,0.0,0.0,4.8482693219535316,0.0,0.0,3.603603603603601,1.1735419630156443,1.4224751066856385,4.836415362731152,8.108108108108105,9.45945945945946,4.089615931721191,5.067567567567565,0.0,4.729729729729726,1.0135135135135087,5.067567567567565,5.743243243243242
2447,bunt.saar,3134,19,1.0,0.0,4.608226647700334,1.0,1.0,0.8445945945945942,1.76031294452347,0.4445234708392718,9.708392603129454,1.653627311522051,9.850640113798008,4.231863442389752,0.3378378378378457,0.3378378378378244,0.6756756756756772,1.0135135135135087,1.3513513513513544,1.3513513513513544
1088,Die Grünen,3134,19,0.0,0.0,6.421882408724513,1.0,0.0,5.01126126126126,0.4445234708392647,0.32005689900426404,11.433143669985782,2.293741109530579,14.935988620199147,9.10384068278804,1.3513513513513544,1.3513513513513473,7.770270270270274,4.054054054054056,8.783783783783782,6.756756756756744
3810,DIE LINKE,3134,19,1.0,0.0,2.320412517780934,0.0,0.0,2.6463963963963977,0.26671408250354744,2.3826458036984306,1.5825035561877598,2.4537695590327075,6.792318634423893,0.4445234708392647,4.054054054054063,3.378378378378372,0.0,5.743243243243242,1.689189189189193,1.0135135135135158
5209,bunt.saar,3134,19,1.0,1.0,1.2002133712660015,1.0,1.0,3.9414414414414445,1.9914651493598896,0.35561877667140607,0.16002844950213557,1.724751066856328,2.7027027027026946,0.26671408250355455,1.3513513513513544,3.0405405405405403,5.743243243243242,1.3513513513513544,6.756756756756772,5.4054054054054035
1002,Die Grünen,3134,19,1.0,0.0,5.6987908961593154,1.0,1.0,2.2522522522522537,7.130156472261731,5.2275960170697005,5.316500711237566,4.67638691322901,7.912517780938828,3.9295874822190555,1.0135135135135087,2.0270270270270316,2.702702702702709,3.0405405405405475,2.364864864864863,2.364864864864863
3229,FDP,3134,19,1.0,0.0,4.095542911332384,1.0,1.0,6.249999999999999,0.0,2.631578947368425,8.499288762446653,1.7425320056899025,3.769559032716927,7.930298719772395,10.13513513513513,0.6756756756756772,9.121621621621621,8.783783783783782,3.0405405405405403,5.743243243243242
1160,FDP,3134,19,1.0,0.0,5.369843527738265,0.0,1.0,2.027027027027023,7.2724039829302995,0.8179231863442382,7.556899004267429,3.6806543385490826,3.94736842105263,8.943812233285911,2.0270270270270245,1.3513513513513473,1.689189189189193,1.0135135135135016,4.054054054054049,2.0270270270270245
1476,FDP,3134,19,1.0,0.0,5.846965386439074,1.0,1.0,2.533783783783781,11.095305832147936,3.058321479374115,0.1955903271692776,9.228307254623047,5.849928876244668,5.654338549075398,0.3378378378378386,2.7027027027026946,3.0405405405405332,3.378378378378372,1.0135135135135158,4.729729729729733
1909,Die Grünen,3134,19,1.0,1.0,4.368183973447131,1.0,0.0,3.885135135135137,2.3648648648648702,5.0853485064011394,2.9694167852062634,0.9957325746799413,12.588904694167837,2.2048364153627347,3.7162162162162176,0.3378378378378386,5.067567567567565,4.054054054054056,4.054054054054063,6.081081081081081
1471,CDU,3134,19,1.0,1.0,2.7590090090090107,1.0,1.0,1.85810810810811,1.1024182076813673,3.9118065433855023,1.902560455192031,5.28093883357041,2.329302987197721,2.0270270270270316,1.6891891891891788,0.6756756756756843,1.3513513513513544,3.378378378378386,1.689189189189186,2.3648648648648702
3853,CDU,3134,19,1.0,1.0,4.048127074442857,1.0,1.0,1.407657657657661,0.40896159317210845,3.520625889046933,5.156472261735409,1.653627311522051,5.1031294452347,8.445945945945944,1.689189189189193,1.013513513513523,0.3378378378378386,0.3378378378378386,1.013513513513523,4.054054054054049
3814,bunt.saar,3134,19,1.0,1.0,5.606922712185867,1.0,1.0,2.4774774774774797,0.03556187766713492,0.35561877667140607,10.668563300142253,7.112375533428157,8.872688477951627,6.596728307254622,0.6756756756756701,3.0405405405405546,3.378378378378386,0.6756756756756701,3.7162162162162105,3.378378378378386
1833,Die Grünen,3134,19,1.0,1.0,2.95163584637269,1.0,0.0,4.56081081081081,2.489331436699864,1.262446657183503,3.3250355618776624,5.0853485064011394,2.5426742532005733,3.0049786628733983,1.3513513513513473,3.378378378378379,6.756756756756751,4.054054054054056,5.405405405405411,6.418918918918912
1023,FDP,3134,19,1.0,1.0,7.313892840208628,1.0,1.0,2.308558558558563,9.992887624466569,10.597439544807969,5.227596017069704,1.2091038406827863,5.689900426742533,11.166429587482217,2.0270270270270316,2.0270270270270245,3.3783783783783825,0.6756756756756914,2.3648648648648702,3.378378378378379
4857,bunt.saar,3134,19,1.0,1.0,3.366524419156002,1.0,1.0,6.813063063063062,1.9559032716927476,0.8534850640113802,5.26315789473685,3.556187766714089,5.032005689900423,3.5384068278805216,5.4054054054054035,1.3513513513513544,10.13513513513513,13.175675675675677,3.7162162162162105,7.0945945945945965
4909,FDP,3134,19,0.0,1.0,4.4304172593646305,0.0,1.0,2.59009009009009,5.138691322901856,5.600995732574688,1.333570412517787,5.867709815078236,4.267425320056894,4.37411095305832,5.743243243243235,3.7162162162162176,2.702702702702709,1.3513513513513544,1.689189189189186,0.3378378378378386
444,FDP,3134,19,1.0,1.0,2.1040777619725,1.0,1.0,2.9842342342342314,2.6137980085348573,0.32005689900427114,0.01778093883356746,0.8534850640113802,3.805120910384069,5.014224751066855,3.7162162162162105,4.391891891891888,0.3378378378378386,3.378378378378372,2.364864864864863,3.7162162162162176
766,bunt.saar,3134,19,1.0,0.0,4.963845424371741,1.0,0.0,2.0270270270270294,2.435988620199147,5.352062588904687,4.409672830725462,5.654338549075398,8.001422475106693,3.9295874822190626,2.702702702702709,0.3378378378378386,0.3378378378378386,5.4054054054054035,0.3378378378378528,3.0405405405405332
3806,FDP,3134,19,1.0,1.0,2.776789947842579,1.0,1.0,9.797297297297298,3.200568990042669,1.724751066856328,3.4317211948790884,0.32005689900426404,1.9381223328591801,6.045519203413946,8.108108108108112,10.135135135135137,15.202702702702702,0.3378378378378386,10.13513513513513,14.86486486486487
3974,CDU,3134,19,1.0,0.0,5.78176861071598,1.0,1.0,3.6036036036036045,2.00924608819345,4.676386913229017,9.032716927453777,12.07325746799431,2.1692745376955926,4.729729729729733,2.364864864864863,4.729729729729733,3.378378378378379,2.0270270270270316,4.054054054054049,5.067567567567572
205,CDU,3134,19,1.0,1.0,3.1146277856804176,0.0,1.0,1.0135135135135076,1.9381223328591872,1.5825035561877598,1.1735419630156443,7.930298719772395,1.2091038406827934,4.854196301564727,1.3513513513513473,0.3378378378378244,0.6756756756756701,2.364864864864863,0.3378378378378315,1.0135135135135087
1627,FDP,3134,19,1.0,0.0,6.131460407776196,1.0,1.0,2.421171171171171,9.26386913229019,4.356330014224753,4.694167852062591,5.067567567567565,1.7069701280227534,11.699857752489326,2.0270270270270245,0.3378378378378386,2.7027027027027017,2.0270270270270316,3.0405405405405403,4.391891891891891
2458,FDP,3134,19,1.0,0.0,2.338193456614507,1.0,1.0,2.815315315315317,4.071834992887624,5.93883357041252,0.4978662873399671,0.1422475106685539,0.26671408250356166,3.1116642958748173,1.3513513513513544,3.378378378378379,4.391891891891895,1.689189189189193,1.3513513513513544,4.729729729729726
4772,bunt.saar,3134,19,0.0,0.0,10.250711237553341,1.0,1.0,5.461711711711714,5.565433854907525,4.054054054054063,15.380512091038419,8.588193456614498,15.41607396870554,12.5,3.7162162162162176,2.0270270270270316,7.0945945945945965,4.729729729729726,8.108108108108112,7.0945945945945965
2528,FDP,3134,19,0.0,0.0,3.1235182550972005,0.0,1.0,2.3648648648648654,2.400426742531998,5.992176386913222,0.5156472261735487,8.730440967283073,0.40896159317211556,0.6934566145092447,1.3513513513513544,0.3378378378378244,5.4054054054054035,3.378378378378386,2.7027027027027017,1.013513513513523
2243,FDP,3134,19,1.0,0.0,2.225580844001892,1.0,1.0,3.828828828828827,0.03556187766713492,4.267425320056894,0.37339971550497353,1.5825035561877598,5.245376955903275,1.8492176386913144,2.7027027027026946,4.054054054054056,5.4054054054054035,2.364864864864856,3.7162162162162176,4.729729729729733
2614,bunt.saar,3134,19,1.0,0.0,2.8894025604551885,1.0,1.0,3.7725225225225194,1.3513513513513473,0.9779516358463738,2.0625889046941523,2.951635846372689,8.463726884779526,1.5291607396870432,1.3513513513513473,4.391891891891888,4.729729729729726,1.3513513513513473,6.756756756756744,4.054054054054063
1517,FDP,3134,19,0.0,1.0,3.763632053105743,0.0,1.0,2.7027027027026995,3.627311522048373,4.569701280227605,1.760312944523477,7.254623044096725,4.658605974395456,0.7112375533428192,1.0135135135135087,2.0270270270270316,3.378378378378379,2.0270270270270245,4.391891891891881,3.378378378378372
3342,FDP,3134,19,0.0,1.0,4.332622095779989,0.0,0.0,7.657657657657656,0.1422475106685539,3.09388335704125,5.1920341394025655,9.050497866287337,6.187766714082507,2.329302987197721,3.378378378378372,6.081081081081088,9.121621621621614,12.162162162162161,8.783783783783775,6.418918918918926
613,SPD,3134,19,0.0,1.0,7.948079658605979,0.0,1.0,4.222972972972972,1.0668563300142253,7.147937411095306,12.695590327169278,2.0270270270270316,13.691322901849226,11.059743954480808,4.054054054054049,0.6756756756756843,3.0405405405405403,2.7027027027026946,9.121621621621621,5.743243243243242
907,FDP,3134,19,0.0,0.0,6.824917022285444,1.0,1.0,4.054054054054057,11.84210526315789,0.5156472261735487,6.863442389758184,12.0199146514936,1.5647226173541924,8.143669985775247,4.391891891891895,5.405405405405411,4.729729729729733,1.3513513513513544,4.054054054054056,4.391891891891895
5037,FDP,3134,19,0.0,0.0,5.894381223328595,1.0,0.0,1.8018018018018023,9.40611664295875,2.6849217638691414,2.4182076813655797,6.792318634423893,8.410384068278809,5.654338549075398,1.013513513513523,1.689189189189186,0.3378378378378315,0.0,5.067567567567565,2.702702702702709
2345,DIE LINKE,3134,19,1.0,0.0,4.267425320056897,1.0,1.0,1.576576576576579,6.294452347083919,4.658605974395449,3.7162162162162176,2.3115220483641536,8.392603129445227,0.23115220483641252,1.689189189189193,2.0270270270270316,2.7027027027026946,0.0,0.6756756756756843,2.3648648648648702
3280,Die Grünen,3134,19,0.0,1.0,7.260550023707914,0.0,1.0,2.0270270270270294,2.115931721194869,7.574679943100989,9.139402560455203,3.52062588904694,18.029871977240397,3.182788051209087,2.364864864864863,0.0,0.3378378378378386,3.0405405405405403,1.689189189189193,4.7297297297297405
1012,FDP,3134,19,0.0,1.0,6.495969653864393,1.0,1.0,1.7454954954954935,2.880512091038412,8.392603129445234,8.25035561877668,5.5476529160739645,3.556187766714089,10.348506401137982,2.364864864864863,0.6756756756756772,0.675675675675663,5.067567567567558,1.0135135135135158,0.6756756756756843
896,bunt.saar,3134,19,1.0,1.0,7.355381697486963,1.0,1.0,0.0,6.045519203413946,6.650071123755325,9.032716927453777,0.7823613086771033,11.87766714082504,9.743954480796589,0.0,0.0,0.0,0.0,0.0,0.0
3389,Die Grünen,3134,19,0.0,0.0,4.525248933143669,0.0,1.0,3.6036036036036045,2.2226173541963092,3.8229018492176436,7.645803698435266,4.871977240398294,8.517069701280235,0.07112375533426984,5.4054054054054035,5.067567567567565,0.3378378378378386,2.364864864864863,3.378378378378379,5.067567567567579
1291,bunt.saar,3134,19,1.0,0.0,7.616168800379325,1.0,0.0,3.1531531531531543,3.6095305832147915,4.054054054054063,8.78378378378379,3.022759601706966,15.291607396870546,10.935277382645793,2.3648648648648702,0.6756756756756914,2.3648648648648702,1.3513513513513473,5.4054054054054035,6.756756756756744
3161,FDP,3134,19,0.0,1.0,6.08700806069227,1.0,1.0,5.405405405405406,1.2091038406827863,4.071834992887624,10.135135135135137,2.809388335704128,9.619487908961588,8.677098150782356,0.3378378378378386,3.7162162162162176,7.0945945945945965,2.0270270270270316,8.783783783783782,10.472972972972968
4423,DIE LINKE,3134,19,1.0,0.0,1.3839497392128959,1.0,0.0,3.9977477477477485,0.2489331436699942,1.689189189189193,0.49786628733995997,3.520625889046933,1.4935988620199083,0.8534850640113874,1.689189189189193,1.0135135135135158,5.067567567567565,1.689189189189186,7.432432432432435,7.0945945945945965
983,SPD,3134,19,0.0,0.0,3.4643195827406337,1.0,1.0,1.2950450450450408,1.3157894736842124,1.8492176386913215,7.983641536273105,0.5689900426742511,4.409672830725462,4.658605974395449,1.3513513513513473,3.0405405405405403,0.3378378378378386,0.3378378378378386,1.0135135135135016,1.6891891891891788
3081,Die Grünen,3134,19,1.0,1.0,8.039947842579421,1.0,1.0,1.8018018018018,1.689189189189186,3.876244665718353,10.295163584637265,3.485064011379805,16.749644381223334,12.144381223328587,0.3378378378378457,2.0270270270270174,3.0405405405405332,0.3378378378378386,3.0405405405405475,2.0270270270270174
2849,FDP,3134,19,0.0,1.0,1.7632764343290657,1.0,1.0,2.0270270270270294,0.3378378378378386,1.902560455192038,0.6045519203413932,3.307254623044095,1.3691322901849219,3.058321479374108,2.0270270270270316,2.702702702702709,1.689189189189193,2.364864864864856,2.3648648648648702,1.0135135135135158
614,FDP,3134,19,0.0,0.0,4.946064485538172,0.0,1.0,2.702702702702704,5.45874822190612,2.3826458036984377,0.2489331436699942,9.495021337126602,9.157183499288756,2.9338549075391214,2.3648648648648702,3.378378378378372,2.0270270270270245,2.702702702702709,2.0270270270270316,3.7162162162162176
3145,Die Grünen,3134,19,0.0,1.0,5.446894262683735,0.0,0.0,3.603603603603606,5.03200568990043,10.597439544807962,2.080369843527741,2.5248933143669916,8.428165007112376,4.018492176386907,3.7162162162162176,2.0270270270270316,2.7027027027027017,4.391891891891888,4.391891891891895,4.391891891891902
823,bunt.saar,3134,19,1.0,0.0,5.494310099573255,1.0,1.0,3.265765765765765,0.426742532005683,2.0625889046941595,12.144381223328587,0.21337126600283796,11.504267425320059,6.614509246088204,3.0405405405405403,1.3513513513513402,4.391891891891888,2.702702702702709,5.067567567567565,3.0405405405405475
2249,CDU,3134,19,1.0,0.0,4.397818871503081,1.0,1.0,0.8445945945945965,5.316500711237566,4.320768136557611,1.4935988620199083,6.241109530583209,6.827880512091042,2.187055476529153,0.3378378378378386,1.3513513513513544,0.6756756756756772,0.0,2.364864864864863,0.3378378378378457
3738,Die Grünen,3134,19,0.0,0.0,9.622451398767188,1.0,1.0,1.632882882882883,4.409672830725462,10.348506401137975,10.401849217638691,6.792318634423893,12.606685633001433,13.175675675675677,0.3378378378378386,0.6756756756756772,1.0135135135135158,3.378378378378379,1.6891891891891788,2.702702702702709
3819,bunt.saar,3134,19,1.0,0.0,7.186462778568045,1.0,1.0,0.844594594594593,8.090327169274545,0.1955903271692847,10.899715504978658,1.9914651493598896,14.793741109530579,7.147937411095313,0.6756756756756772,0.675675675675663,0.6756756756756772,2.0270270270270245,0.6756756756756772,0.3378378378378386
4622,SPD,3134,19,1.0,0.0,5.938833570412516,1.0,1.0,4.110360360360358,2.0625889046941666,0.053342816500716594,13.371266002844948,8.232574679943106,5.156472261735402,6.756756756756758,3.7162162162162176,1.689189189189193,6.0810810810810665,4.391891891891895,3.7162162162162105,5.067567567567565
339,bunt.saar,3134,19,1.0,1.0,3.402086296823139,0.0,1.0,0.731981981981986,1.546941678520632,0.6223328591749677,3.769559032716927,2.0625889046941666,8.588193456614498,3.8229018492176436,0.0,0.6756756756756843,0.3378378378378386,0.6756756756756843,0.3378378378378386,2.3648648648648702
3191,FDP,3134,19,0.0,1.0,2.053698435277384,1.0,1.0,0.7319819819819818,0.6223328591749677,0.8890469416785152,1.7069701280227534,6.365576102418217,0.9246088193456643,1.8136557610241866,0.6756756756756701,0.6756756756756772,0.3378378378378386,0.0,1.0135135135135158,1.6891891891891895
2863,Die Grünen,3134,19,1.0,1.0,3.8436462778568,1.0,1.0,3.603603603603601,6.436699857752494,2.044807965860592,3.4672830725462234,1.7425320056899025,7.5924608819345565,1.7780938833570303,1.689189189189186,2.364864864864856,4.729729729729726,4.054054054054056,4.729729729729726,4.054054054054056
4419,FDP,3134,19,1.0,1.0,5.758060692271218,1.0,0.0,1.463963963963966,6.987908961593163,7.307965860597427,3.307254623044102,6.365576102418217,5.352062588904694,5.2275960170697005,2.0270270270270245,0.675675675675663,1.0135135135135158,1.6891891891892072,2.0270270270270316,1.3513513513513544
2127,Die Grünen,3134,19,0.0,0.0,5.864746325272647,0.0,0.0,3.3783783783783803,2.080369843527741,0.6401137980085352,9.655049786628751,2.3115220483641536,10.526315789473685,9.975106685633016,4.054054054054056,0.6756756756756701,5.067567567567579,4.054054054054056,1.3513513513513473,5.067567567567572
391,Die Grünen,3134,19,0.0,1.0,5.381697486960643,1.0,0.0,0.9572072072072094,4.445234708392597,2.43598862019914,6.490042674253203,2.9338549075391214,10.277382645803684,5.707681365576114,0.6756756756756701,2.7027027027026946,0.6756756756756914,1.013513513513523,0.3378378378378386,0.3378378378378386
2680,CDU,3134,19,1.0,1.0,2.5900900900900914,1.0,1.0,4.166666666666661,0.6578947368421026,2.5426742532005733,0.17780938833571014,4.142958748221901,4.054054054054049,3.9651493598862118,2.7027027027026946,6.081081081081081,4.729729729729726,2.7027027027026946,5.405405405405396,3.378378378378372
2206,FDP,3134,19,0.0,0.0,5.177216690374589,0.0,1.0,1.182432432432434,1.9381223328591872,7.770270270270274,8.303698435277383,1.6002844950213415,4.463015647226179,6.98790896159317,3.7162162162162176,0.6756756756756772,0.3378378378378386,2.3648648648648702,0.0,0.0
81,bunt.saar,3134,19,1.0,0.0,6.958274063537224,1.0,1.0,1.9707207207207205,1.7780938833570303,2.5960170697012828,10.384068278805131,1.6002844950213415,17.567567567567565,7.82361308677099,3.378378378378379,1.0135135135135087,1.3513513513513544,0.3378378378378386,3.378378378378372,2.3648648648648702
1447,Die Grünen,3134,19,1.0,0.0,6.783428165007112,1.0,1.0,2.5900900900900914,1.1735419630156443,2.329302987197721,9.975106685633008,1.653627311522051,15.433854907539114,10.13513513513513,0.0,0.0,5.405405405405418,2.3648648648648702,6.418918918918919,1.3513513513513402
5073,CDU,3134,19,1.0,1.0,1.8077287814129892,1.0,1.0,1.1824324324324316,2.578236130867708,2.3115220483641536,0.9068278805120897,1.2980085348506378,2.8449502133712556,0.9068278805120897,2.7027027027026946,1.689189189189186,0.0,1.3513513513513544,0.0,1.3513513513513544
2003,SPD,3134,19,0.0,1.0,6.445590327169275,0.0,1.0,4.673423423423428,1.3157894736842124,1.4402560455191917,12.357752489331446,2.5604551920341407,10.544096728307252,10.455192034139408,4.391891891891895,1.3513513513513544,5.743243243243249,2.0270270270270245,7.770270270270274,6.756756756756772
1699,DIE LINKE,3134,19,0.0,1.0,4.368183973447131,0.0,1.0,2.308558558558564,6.934566145092461,2.6671408250355597,8.214793741109531,2.1692745376955855,4.943100995732571,1.2802275960170775,1.3513513513513615,1.013513513513523,2.702702702702709,1.689189189189186,3.7162162162162247,3.378378378378379
2308,bunt.saar,3134,19,0.0,0.0,5.254267425320059,1.0,1.0,2.08333333333333,3.911806543385495,6.525604551920338,9.797297297297305,0.5689900426742511,6.436699857752494,4.285206258890469,0.3378378378378315,4.054054054054049,2.0270270270270174,1.0135135135135158,3.0405405405405332,2.0270270270270316
973,Die Grünen,3134,19,0.0,0.0,6.332977714556663,0.0,1.0,1.8018018018018,4.818634423897571,5.28093883357041,8.143669985775254,4.569701280227605,12.019914651493607,3.165007112375534,1.0135135135135087,2.0270270270270174,2.702702702702709,1.0135135135135158,2.7027027027026946,1.3513513513513544
67,FDP,3134,19,1.0,1.0,2.4982219061166417,1.0,1.0,1.3513513513513533,0.9779516358463738,1.973684210526315,3.8584637268847786,6.401137980085345,0.4800853485063996,1.2980085348506378,1.689189189189186,0.0,1.689189189189193,1.3513513513513544,0.6756756756756772,2.702702702702709
5084,FDP,3134,19,1.0,0.0,6.8960407776197234,1.0,0.0,1.4076576576576574,3.520625889046933,12.339971550497864,6.970128022759603,0.9601706970128063,8.659317211948789,8.926031294452343,0.3378378378378386,2.364864864864856,2.7027027027026946,1.3513513513513615,0.0,1.689189189189193
1235,FDP,3134,19,1.0,1.0,2.7234471313418696,1.0,1.0,2.2522522522522515,1.1379800853485094,0.6401137980085352,0.7112375533428192,2.5960170697012828,9.850640113798008,1.404694167852064,5.067567567567565,2.0270270270270245,1.3513513513513473,3.7162162162162176,1.0135135135135158,0.3378378378378386
2622,FDP,3134,19,1.0,1.0,5.079421526789951,1.0,1.0,0.2815315315315298,6.7745376955903325,2.080369843527734,1.333570412517787,9.370554765291615,6.187766714082503,4.729729729729733,0.3378378378378386,0.3378378378378315,0.0,0.3378378378378386,0.3378378378378315,0.3378378378378386
1602,FDP,3134,19,1.0,1.0,3.7843764817449013,1.0,1.0,1.9707207207207216,4.960881934566139,5.95661450924608,0.5156472261735487,2.43598862019914,8.374822190611667,0.46230440967283215,2.7027027027027017,2.364864864864863,2.0270270270270316,1.689189189189193,1.3513513513513473,1.689189189189193
851,bunt.saar,3134,19,1.0,0.0,5.7550972024656275,1.0,1.0,1.295045045045048,1.8847795163584706,6.863442389758184,8.60597439544808,0.26671408250356166,10.91749644381224,5.992176386913229,0.6756756756756843,0.3378378378378386,0.6756756756756843,4.054054054054049,1.689189189189193,0.3378378378378386
3692,SPD,3134,19,0.0,0.0,2.634542437174017,0.0,1.0,1.8018018018018,1.0668563300142253,5.814366998577526,1.0490753911806578,1.1201991465149348,3.6095305832147915,3.1472261735419664,3.0405405405405403,0.3378378378378386,2.3648648648648702,3.0405405405405332,1.0135135135135087,1.0135135135135087
2837,DIE LINKE,3134,19,1.0,0.0,2.029990516832619,1.0,1.0,5.461711711711712,0.21337126600283796,2.3826458036984377,1.7425320056899025,1.2268847795163538,0.03556187766713492,6.578947368421048,7.432432432432428,2.7027027027027017,7.770270270270274,3.0405405405405403,4.391891891891895,7.432432432432435
1888,bunt.saar,3134,19,0.0,1.0,6.006993835941205,1.0,1.0,2.3648648648648667,3.3961593172119535,4.498577524893307,6.738975817923183,3.058321479374108,9.121621621621628,9.228307254623047,1.3513513513513473,2.0270270270270174,2.702702702702709,2.3648648648648702,2.702702702702709,3.0405405405405475
4272,FDP,3134,19,0.0,1.0,3.894025604551924,1.0,1.0,2.252252252252255,0.8712660028449548,4.12517780938834,0.6223328591749677,8.854907539118074,1.0668563300142253,7.823613086770983,3.0405405405405475,1.3513513513513544,1.689189189189193,3.378378378378379,0.3378378378378386,3.7162162162162176
4438,FDP,3134,19,1.0,0.0,2.1011142721669054,1.0,1.0,1.5202702702702702,3.8229018492176436,1.1557610241820626,3.165007112375534,3.9651493598862118,0.32005689900427114,0.17780938833571014,3.378378378378379,3.0405405405405332,1.0135135135135158,1.0135135135135158,0.3378378378378386,0.3378378378378386
934,Die Grünen,3134,19,1.0,1.0,5.387624466571833,1.0,1.0,2.308558558558554,2.8982930298719793,2.880512091038412,6.952347083926043,0.40896159317211556,8.7660028449502,10.419630156472252,2.7027027027026946,2.7027027027027017,3.0405405405405475,2.7027027027027017,1.6891891891891788,1.0135135135135016
3580,FDP,3134,19,1.0,1.0,1.7069701280227594,0.0,0.0,3.772522522522525,2.258179231863444,0.604551920341386,0.2844950213371291,0.6756756756756772,2.916073968705547,3.5028449502133725,0.6756756756756843,2.0270270270270316,6.081081081081088,2.702702702702709,5.067567567567565,6.081081081081074
1420,FDP,3134,19,1.0,0.0,3.5680417259364603,1.0,0.0,1.1824324324324327,2.9871977240398238,2.5248933143669987,3.413940256045521,3.4672830725462234,2.222617354196302,6.792318634423893,3.378378378378393,2.364864864864863,0.3378378378378315,0.0,0.0,1.0135135135135087
4921,FDP,3134,19,0.0,1.0,3.9592223802750133,1.0,1.0,3.885135135135137,1.546941678520632,5.796586059743959,3.5028449502133725,3.6095305832147915,3.8940256045519206,5.4054054054054035,0.0,5.067567567567579,5.4054054054054035,2.0270270270270316,5.067567567567565,5.743243243243242
37,bunt.saar,3134,19,1.0,1.0,6.593764817449029,1.0,1.0,2.8153153153153134,3.058321479374115,1.7425320056898954,9.086059743954486,1.6714082503556256,16.802987197724036,7.2012802275960155,0.3378378378378386,1.3513513513513402,3.7162162162162105,1.3513513513513615,4.729729729729726,5.4054054054054035
2935,bunt.saar,3134,19,1.0,0.0,5.432076813655758,1.0,1.0,1.4639639639639637,3.94736842105263,2.400426742531998,5.814366998577512,5.049786628733997,10.046230440967292,5.334281650071119,0.6756756756756772,1.3513513513513544,2.702702702702709,2.364864864864863,0.6756756756756772,1.0135135135135016
2305,CDU,3134,19,1.0,1.0,4.03923660502608,0.0,1.0,6.306306306306304,4.302987197724043,1.1201991465149348,6.205547652916081,2.5960170697012828,7.2368421052631575,2.7738264580369787,5.743243243243235,5.743243243243242,4.054054054054056,7.094594594594589,9.45945945945946,5.743243243243242
4457,CDU,3134,19,0.0,0.0,2.904220009483165,0.0,0.0,5.518018018018021,3.520625889046933,1.0668563300142253,1.9914651493598896,9.761735419630156,0.49786628733995997,0.5867709815078257,2.702702702702709,6.418918918918919,8.108108108108112,2.7027027027027017,6.081081081081088,7.0945945945945965
3506,SPD,3134,19,0.0,0.0,6.525604551920339,0.0,0.0,3.040540540540539,1.689189189189193,2.00924608819345,7.930298719772395,3.3250355618776624,11.326458036984356,12.87339971550498,0.6756756756756772,0.0,2.0270270270270245,2.0270270270270245,7.094594594594589,6.418918918918919
2848,FDP,3134,19,0.0,0.0,4.077761972498814,1.0,1.0,3.434684684684681,2.5960170697012828,8.268136557610234,3.058321479374115,2.6493598862019923,5.903271692745371,1.9914651493598896,4.054054054054042,1.689189189189186,3.0405405405405403,5.743243243243242,4.054054054054049,2.0270270270270245
2392,FDP,3134,19,0.0,0.0,3.7013987671882433,0.0,0.0,7.488738738738738,5.4054054054054035,2.1337126600284577,2.951635846372689,0.5156472261735487,8.517069701280228,2.6849217638691343,1.0135135135135087,8.783783783783782,9.797297297297298,2.7027027027027017,8.783783783783782,13.851351351351354
1724,FDP,3134,19,1.0,1.0,4.359293504030343,1.0,1.0,3.9414414414414423,3.307254623044102,4.196301564722617,5.636557610241816,0.4267425320056759,6.685633001422474,5.903271692745374,3.7162162162162105,4.729729729729726,4.391891891891895,1.689189189189193,4.729729729729733,4.391891891891895
4179,bunt.saar,3134,19,0.0,1.0,6.733048838311997,0.0,1.0,3.6599099099099086,2.258179231863444,2.151493598862018,9.637268847795163,9.014935988620195,7.948079658605984,9.388335704125176,3.7162162162162176,1.0135135135135158,3.378378378378372,6.756756756756751,2.702702702702709,4.391891891891888
1100,bunt.saar,3134,19,1.0,1.0,8.108108108108112,0.0,1.0,1.2387387387387403,0.6223328591749677,9.975106685633016,6.365576102418217,6.845661450924609,16.749644381223334,8.09032716927453,1.0135135135135087,1.01351351351353,2.0270270270270174,2.3648648648648702,0.0,1.0135135135135158
2318,SPD,3134,19,0.0,0.0,3.7369606448553796,1.0,0.0,1.9707207207207194,7.912517780938835,1.1735419630156443,0.49786628733995997,5.814366998577526,5.2275960170697005,1.795874822190612,3.0405405405405403,0.3378378378378386,3.7162162162162176,2.364864864864856,1.3513513513513473,1.0135135135135158
4476,FDP,3134,19,0.0,1.0,5.6306306306306295,0.0,1.0,1.6328828828828819,0.2489331436699942,0.26671408250354744,12.962304409672832,1.2802275960170704,11.308677098150774,7.716927453769557,2.7027027027027017,2.0270270270270316,1.3513513513513473,1.0135135135135087,1.689189189189186,1.0135135135135158
1391,bunt.saar,3134,19,1.0,0.0,4.786036036036034,1.0,1.0,3.0968468468468493,4.089615931721191,4.889758179231862,3.2539118065433854,0.7467994310099542,9.086059743954486,6.650071123755325,2.7027027027027017,0.6756756756756772,5.743243243243256,3.0405405405405403,3.7162162162162105,2.702702702702709
555,DIE LINKE,3134,19,1.0,1.0,3.4998814604077757,0.0,0.0,5.574324324324322,2.4182076813655797,3.378378378378379,6.081081081081088,2.0981507823613086,2.578236130867701,4.445234708392597,2.364864864864863,5.405405405405411,8.783783783783782,0.3378378378378315,8.783783783783782,7.7702702702702595
3167,SPD,3134,19,1.0,1.0,5.962541488857277,1.0,0.0,3.9414414414414396,6.578947368421048,7.46799431009957,6.54338549075392,4.42745376955903,4.089615931721191,6.667852062588906,5.4054054054054035,1.3513513513513473,7.094594594594589,1.689189189189186,5.067567567567565,3.0405405405405475
1532,FDP,3134,19,1.0,0.0,4.5608108108108105,1.0,0.0,3.65990990990991,4.12517780938834,1.0312944523470762,10.490753911806543,1.2980085348506378,5.245376955903275,5.174253200568991,2.364864864864863,4.054054054054056,6.756756756756758,1.0135135135135158,4.391891891891888,3.378378378378379
2657,bunt.saar,3134,19,0.0,1.0,7.0708866761498355,0.0,1.0,3.3783783783783754,3.307254623044095,0.16002844950213557,10.330725462304414,6.703413940256048,17.123044096728307,4.80085348506401,7.770270270270274,2.0270270270270174,1.0135135135135016,7.432432432432428,1.3513513513513544,0.6756756756756772
742,CDU,3134,19,1.0,1.0,2.4093172119487924,1.0,1.0,2.7590090090090107,0.16002844950213557,4.783072546230443,3.485064011379805,4.338549075391185,0.4978662873399671,1.1913229018492189,0.0,1.689189189189193,4.729729729729733,3.378378378378372,4.391891891891895,2.3648648648648702
6,Die Grünen,3134,19,1.0,0.0,8.022166903745855,1.0,1.0,4.448198198198199,1.2446657183499354,3.6806543385490826,10.312944523470847,5.26315789473685,18.083214793741114,9.548364153627304,3.0405405405405475,0.6756756756756772,6.081081081081095,2.7027027027026946,8.108108108108098,6.081081081081081
63,FDP,3134,19,0.0,1.0,8.321479374110956,1.0,1.0,1.801801801801803,4.409672830725462,4.231863442389766,10.455192034139408,13.762446657183496,5.867709815078239,11.201991465149359,1.3513513513513473,2.0270270270270316,2.364864864864863,0.6756756756756843,1.6891891891891895,2.7027027027027017
225,DIE LINKE,3134,19,1.0,1.0,3.173897581792321,1.0,1.0,1.351351351351352,0.46230440967283215,0.1422475106685539,3.5739687055476637,1.795874822190612,12.67780938833571,0.3911806543385552,2.702702702702709,2.3648648648648702,1.0135135135135087,0.3378378378378457,1.3513513513513544,0.3378378378378244
4060,FDP,3134,19,1.0,0.0,5.1386913229018525,1.0,0.0,2.421171171171172,0.053342816500716594,8.890469416785209,6.009957325746804,5.938833570412527,6.98790896159317,2.951635846372689,7.432432432432428,1.0135135135135158,2.3648648648648702,1.689189189189193,0.6756756756756772,1.3513513513513473
1790,FDP,3134,19,1.0,1.0,4.421526789947843,1.0,1.0,2.1959459459459474,3.6450924608819335,0.1955903271692776,4.356330014224753,1.4758179231863409,9.299431009957328,7.556899004267429,3.378378378378379,0.6756756756756772,1.689189189189193,0.6756756756756772,4.054054054054056,2.7027027027027017
1214,FDP,3134,19,0.0,1.0,4.243717401612141,0.0,0.0,1.689189189189186,3.6095305832147915,3.022759601706973,2.560455192034155,1.653627311522051,8.143669985775247,6.472261735419629,0.6756756756756772,3.378378378378379,2.364864864864856,2.0270270270270245,1.0135135135135087,0.6756756756756701
2508,SPD,3134,19,0.0,0.0,8.86676149834045,1.0,1.0,2.5900900900900914,7.076813655761015,6.081081081081088,16.2339971550498,6.045519203413946,8.730440967283073,9.032716927453777,5.743243243243235,1.3513513513513473,3.378378378378393,4.054054054054056,0.3378378378378386,0.6756756756756772
822,bunt.saar,3134,19,1.0,1.0,4.214082503556187,1.0,1.0,4.448198198198196,1.795874822190612,7.005689900426745,5.476529160739673,0.6223328591749677,8.125889046941687,2.258179231863437,2.7027027027027017,3.7162162162162105,4.729729729729726,3.7162162162162176,6.756756756756758,5.067567567567565
2230,CDU,3134,19,0.0,0.0,3.1946420104314783,0.0,1.0,2.2522522522522515,4.960881934566139,1.6714082503556114,1.9559032716927476,0.604551920341386,6.792318634423893,3.1827880512090942,1.689189189189186,0.0,4.391891891891888,1.3513513513513473,3.7162162162162176,2.3648648648648702
2760,bunt.saar,3134,19,1.0,0.0,4.750474158368896,1.0,0.0,2.7027027027027017,1.8136557610241795,0.7645803698435287,8.232574679943099,4.000711237553347,6.738975817923183,6.952347083926043,1.3513513513513473,0.3378378378378386,3.0405405405405332,5.405405405405411,2.0270270270270174,4.054054054054063
4765,SPD,3134,19,0.0,1.0,5.541725936462778,0.0,1.0,7.939189189189186,1.4224751066856385,2.8449502133712556,6.756756756756758,11.69985775248933,4.516358463726888,6.009957325746797,5.743243243243242,3.378378378378386,10.472972972972968,11.148648648648646,2.7027027027026946,14.189189189189179
773,FDP,3134,19,1.0,0.0,5.520981507823611,1.0,1.0,2.25225225225225,9.619487908961588,1.7425320056899025,2.6671408250355597,0.21337126600283796,13.620199146514931,5.2631578947368425,1.3513513513513544,2.0270270270270245,0.3378378378378386,5.743243243243235,0.0,4.054054054054049
103,FDP,3134,19,0.0,0.0,3.7488146040777637,1.0,1.0,1.6328828828828819,1.795874822190612,1.5291607396870575,1.9381223328591872,8.481507823613093,7.983641536273112,0.7645803698435216,3.7162162162162176,0.6756756756756701,1.689189189189193,1.3513513513513473,2.0270270270270316,0.3378378378378315
2317,FDP,3134,19,1.0,1.0,2.922000948316738,1.0,1.0,2.308558558558556,1.4224751066856385,1.5647226173541924,2.5604551920341407,4.480796586059739,1.6002844950213415,5.903271692745378,2.7027027027027017,2.0270270270270245,2.364864864864863,2.364864864864856,2.7027027027027017,1.6891891891891895
2771,bunt.saar,3134,19,1.0,0.0,7.189426268373636,1.0,1.0,1.3513513513513473,3.0405405405405403,4.623044096728307,7.983641536273112,0.8357041251778057,19.630156472261724,7.023470839260327,0.3378378378378386,1.3513513513513544,1.6891891891891788,2.702702702702709,1.6891891891891788,0.3378378378378244
4929,CDU,3134,19,1.0,1.0,0.9186818397344716,1.0,1.0,2.5900900900900887,0.32005689900426404,2.6137980085348573,0.8712660028449548,0.26671408250354744,0.6401137980085352,0.8001422475106708,3.378378378378372,0.0,3.0405405405405403,3.378378378378379,4.391891891891888,1.3513513513513544
3218,bunt.saar,3134,19,1.0,1.0,5.44393077287814,1.0,1.0,1.8581081081081063,2.187055476529153,6.54338549075392,6.063300142247506,7.770270270270267,4.320768136557611,5.778805120910384,4.054054054054049,0.3378378378378386,0.0,5.743243243243235,0.6756756756756772,0.3378378378378386
2354,FDP,3134,19,1.0,1.0,5.375770507349458,1.0,0.0,1.351351351351349,4.285206258890469,2.507112375533424,5.689900426742533,3.7339971550497992,9.032716927453777,7.005689900426745,1.689189189189186,2.0270270270270245,0.0,1.6891891891891788,0.6756756756756772,2.027027027027028
20,Die Grünen,3134,19,1.0,0.0,1.864035087719298,1.0,0.0,2.646396396396394,0.8534850640113874,5.352062588904687,1.1201991465149348,0.3911806543385481,2.3470839260312957,1.1201991465149348,2.3648648648648702,0.0,2.7027027027026946,2.7027027027027017,4.729729729729726,3.378378378378372
3945,bunt.saar,3134,19,0.0,0.0,2.818278805120913,0.0,1.0,2.1959459459459425,2.6849217638691414,0.1955903271692847,5.832147937411094,0.7467994310099542,2.2048364153627347,5.245376955903268,0.0,3.0405405405405332,3.0405405405405332,2.0270270270270245,4.054054054054049,1.0135135135135158
3880,DIE LINKE,3134,19,0.0,0.0,3.9325509720246594,0.0,0.0,3.7162162162162162,0.10668563300142608,7.82361308677099,4.818634423897571,0.8712660028449548,5.849928876244675,4.12517780938834,9.459459459459453,3.0405405405405475,1.0135135135135087,5.743243243243235,2.702702702702709,0.3378378378378457
824,CDU,3134,19,0.0,1.0,5.233522996680889,0.0,1.0,1.2387387387387367,8.623755334281647,4.463015647226179,2.187055476529153,2.9871977240398238,9.70839260312944,3.4317211948790884,3.0405405405405332,0.0,0.3378378378378386,1.0135135135135087,1.689189189189186,1.3513513513513544
2467,CDU,3134,19,1.0,1.0,5.526908487434806,1.0,1.0,1.463963963963966,3.9295874822190555,3.876244665718353,3.9118065433855023,2.1337126600284577,13.620199146514935,5.689900426742533,0.6756756756756701,1.3513513513513615,2.3648648648648702,0.0,4.054054054054056,0.3378378378378386
3128,CDU,3134,19,0.0,0.0,2.468587008060696,0.0,1.0,1.914414414414414,2.6493598862019923,0.8179231863442382,1.653627311522051,6.009957325746804,1.191322901849226,2.489331436699864,0.0,3.0405405405405475,3.0405405405405332,0.0,3.378378378378379,2.0270270270270245
5161,FDP,3134,19,1.0,0.0,3.2983641536273134,1.0,1.0,4.0540540540540535,4.569701280227605,2.987197724039838,5.3698435277382615,0.9246088193456643,1.8136557610241866,4.125177809388326,8.445945945945958,2.7027027027026946,0.6756756756756701,8.445945945945951,3.7162162162162176,0.3378378378378315
505,FDP,3134,19,1.0,1.0,4.492650545282125,0.0,1.0,3.32207207207207,2.275960170697026,4.818634423897571,5.689900426742533,1.3335704125177799,7.894736842105267,4.943100995732571,0.3378378378378315,3.0405405405405475,4.054054054054056,1.0135135135135087,5.4054054054054035,6.081081081081074
4027,bunt.saar,3134,19,1.0,1.0,3.6628733997155067,0.0,0.0,7.54504504504505,1.2802275960170775,3.165007112375534,5.369843527738283,1.724751066856328,4.623044096728307,5.814366998577512,5.743243243243242,2.702702702702709,8.108108108108127,8.108108108108112,8.108108108108112,12.5
4842,bunt.saar,3134,19,1.0,0.0,4.898648648648643,1.0,0.0,11.542792792792794,2.0625889046941666,4.089615931721191,6.223328591749635,3.1827880512091085,12.055476529160728,1.7780938833570303,4.054054054054056,7.770270270270274,14.527027027027025,11.82432432432433,16.89189189189188,14.189189189189193
4578,Die Grünen,3134,19,1.0,0.0,2.278923660502611,1.0,0.0,3.65990990990991,3.805120910384062,4.978662873399728,2.2226173541963163,0.40896159317212266,0.3378378378378386,1.9203413940255984,2.3648648648648702,2.0270270270270316,5.067567567567565,2.364864864864863,5.067567567567565,5.067567567567565
1080,bunt.saar,3134,19,1.0,0.0,6.854551920341396,1.0,1.0,0.5630630630630679,2.258179231863444,1.0490753911806578,9.637268847795156,1.333570412517787,19.701280227596015,7.147937411095313,0.3378378378378457,0.3378378378378244,0.3378378378378528,1.0135135135135158,0.6756756756756772,0.6756756756756914
4976,Die Grünen,3134,19,1.0,1.0,4.006638217164533,1.0,1.0,1.407657657657661,6.401137980085352,1.618065433854909,2.3826458036984306,0.9068278805120897,7.2724039829302995,5.45874822190612,1.0135135135135158,0.3378378378378386,2.3648648648648702,1.0135135135135158,0.3378378378378457,3.378378378378379
411,bunt.saar,3134,19,1.0,0.0,2.154457088667614,1.0,1.0,1.1824324324324256,0.6934566145092376,1.1201991465149348,1.7069701280227747,0.03556187766713492,5.2275960170697005,4.142958748221901,1.3513513513513473,1.0135135135135016,1.0135135135135016,1.3513513513513473,1.3513513513513544,1.0135135135135016
4019,FDP,3134,19,1.0,1.0,3.3457799905168315,1.0,1.0,1.407657657657656,4.747510668563301,3.6095305832147915,0.9246088193456643,0.5512091038406766,7.325746799431009,2.916073968705547,2.7027027027027017,0.6756756756756772,0.3378378378378386,1.0135135135135016,0.6756756756756701,3.0405405405405475
2030,DIE LINKE,3134,19,1.0,0.0,4.208155523945003,0.0,0.0,1.8581081081081088,2.275960170697026,3.3961593172119606,4.534139402560456,1.7425320056899025,8.07254623044097,5.2275960170697005,1.689189189189186,4.054054054054063,0.3378378378378244,3.0405405405405403,0.3378378378378457,1.689189189189193
481,bunt.saar,3134,19,0.0,1.0,3.627311522048366,0.0,1.0,4.335585585585587,6.863442389758184,0.16002844950213557,3.733997155049792,0.8001422475106708,6.667852062588906,3.5384068278805074,3.7162162162162176,4.391891891891902,9.797297297297298,0.3378378378378386,5.4054054054054035,2.364864864864863
3756,DIE LINKE,3134,19,0.0,0.0,2.22854433380749,0.0,0.0,3.7725225225225216,3.698435277382643,3.3605974395447973,0.9957325746799413,3.342816500711244,0.3022759601707037,1.6714082503556114,5.067567567567572,2.7027027027026946,2.3648648648648702,5.067567567567565,3.0405405405405403,4.391891891891888
1165,DIE LINKE,3134,19,1.0,0.0,3.7517780938833583,0.0,1.0,1.9707207207207194,1.795874822190612,1.0490753911806578,4.960881934566139,1.0490753911806578,12.624466571834994,1.0312944523470904,4.054054054054056,0.0,0.6756756756756843,2.364864864864856,1.689189189189186,3.0405405405405332
4221,Die Grünen,3134,19,0.0,1.0,9.103840682788045,0.0,1.0,1.8581081081081063,2.6315789473684177,5.28093883357041,12.251066856329999,9.103840682788054,14.758179231863437,10.597439544807955,1.689189189189186,0.6756756756756701,3.378378378378372,0.6756756756756843,2.3648648648648702,2.364864864864856
517,FDP,3134,19,1.0,1.0,2.676031294452347,1.0,1.0,3.7725225225225216,1.2802275960170704,1.9381223328591801,2.2403982930298696,4.551920341394023,3.6806543385490755,2.364864864864863,3.7162162162162176,2.364864864864856,3.0405405405405403,5.743243243243242,3.378378378378379,4.391891891891895
864,CDU,3134,19,0.0,1.0,5.692863916548126,0.0,1.0,5.461711711711715,6.169985775248925,8.161450924608822,6.54338549075392,3.0761024182076824,4.729729729729726,5.47652916073968,2.0270270270270316,2.3648648648648702,7.770270270270274,6.756756756756765,7.094594594594589,6.756756756756758
4316,FDP,3134,19,1.0,1.0,3.1916785206258873,1.0,1.0,2.47747747747748,0.8179231863442382,0.8890469416785152,5.689900426742533,3.378378378378372,4.196301564722617,4.17852062588905,3.378378378378393,1.3513513513513544,3.0405405405405403,1.689189189189193,2.364864864864863,3.040540540540537
1288,SPD,3134,19,0.0,1.0,7.4265054528212415,0.0,1.0,2.7590090090090116,3.413940256045514,4.978662873399713,9.637268847795163,1.9559032716927476,13.65576102418207,10.91749644381224,2.0270270270270316,0.3378378378378457,2.0270270270270174,1.3513513513513544,6.081081081081081,4.7297297297297405
1822,bunt.saar,3134,19,1.0,0.0,6.934566145092467,1.0,1.0,1.3513513513513484,0.9423897581792389,3.6806543385490826,9.228307254623047,2.8982930298719793,16.39402560455192,8.463726884779533,1.689189189189186,1.3513513513513402,0.6756756756756772,0.0,1.6891891891891788,2.702702702702709
4416,bunt.saar,3134,19,1.0,1.0,3.5384068278805088,1.0,0.0,1.2950450450450457,2.7204836415362763,2.7560455192034112,4.765291607396868,0.5334281650071091,6.987908961593163,3.4672830725462234,2.364864864864863,1.3513513513513544,0.3378378378378386,2.7027027027027017,0.6756756756756772,0.3378378378378386
3944,bunt.saar,3134,19,1.0,0.0,7.550972024656237,1.0,0.0,10.191441441441443,1.653627311522051,2.7738264580369787,9.903982930298724,8.623755334281654,14.011379800853483,8.339260312944532,7.770270270270274,4.729729729729726,12.162162162162161,10.810810810810807,12.5,13.175675675675691
3504,FDP,3134,19,1.0,0.0,5.950687529634901,1.0,1.0,4.11036036036036,3.94736842105263,2.880512091038412,5.387624466571843,1.1201991465149348,12.126600284495026,10.241820768136556,1.689189189189193,6.081081081081081,4.729729729729733,1.0135135135135016,5.743243243243249,5.4054054054054035
1898,FDP,3134,19,1.0,1.0,4.6704599336178285,1.0,1.0,2.3648648648648654,10.08179231863442,3.058321479374108,0.07112375533427695,0.16002844950213557,4.658605974395456,9.992887624466576,1.3513513513513473,1.689189189189186,1.3513513513513473,2.702702702702709,3.0405405405405475,4.054054054054056
3198,FDP,3134,19,0.0,0.0,4.996443812233285,0.0,0.0,0.8445945945945953,4.943100995732571,4.285206258890469,5.93883357041252,6.970128022759603,5.298719772403977,2.5426742532005733,0.6756756756756701,1.3513513513513473,0.3378378378378386,1.3513513513513615,0.3378378378378386,1.0135135135135158
4286,CDU,3134,19,0.0,0.0,2.160384068278804,0.0,0.0,5.574324324324324,1.866998577524896,0.8001422475106708,1.7780938833570303,4.12517780938834,3.1827880512090942,1.2091038406827934,1.3513513513513473,4.054054054054056,5.743243243243249,2.7027027027027017,10.135135135135137,9.459459459459453
3420,FDP,3134,19,1.0,0.0,6.552275960170701,1.0,0.0,2.364864864864863,2.4182076813655797,5.014224751066855,11.610953058321485,1.0490753911806578,13.975817923186355,5.245376955903275,3.378378378378379,2.7027027027027017,2.3648648648648702,0.3378378378378244,3.7162162162162176,1.689189189189186
4002,SPD,3134,19,0.0,0.0,6.247036510194403,0.0,0.0,8.783783783783782,0.08890469416784441,5.45874822190612,10.43741109530584,4.889758179231862,12.108819345661445,4.498577524893307,4.729729729729726,7.770270270270274,10.810810810810814,7.770270270270274,13.851351351351347,7.7702702702702595
3616,CDU,3134,19,1.0,1.0,4.214082503556187,1.0,1.0,1.6328828828828843,1.5469416785206391,4.409672830725462,4.320768136557611,2.6671408250355597,4.142958748221901,8.19701280227595,4.054054054054063,0.0,1.3513513513513544,1.013513513513523,0.3378378378378386,3.040540540540526
2201,bunt.saar,3134,19,1.0,1.0,2.1218587008060674,1.0,0.0,4.8423423423423415,0.08890469416785152,2.5426742532005733,1.5825035561877598,3.7873399715504945,1.831436699857747,2.8982930298719793,2.0270270270270316,2.3648648648648702,9.121621621621614,1.0135135135135158,8.445945945945951,6.0810810810810665
5208,bunt.saar,3134,19,1.0,1.0,4.874940730203888,1.0,1.0,1.745495495495491,3.9651493598862046,2.187055476529153,5.209815078236119,0.7823613086771033,12.517780938833575,4.587482219061172,2.0270270270270174,2.364864864864856,1.0135135135135016,2.7027027027027017,1.0135135135135158,1.3513513513513544
5077,FDP,3134,19,0.0,1.0,5.618776671408251,1.0,1.0,2.702702702702703,4.12517780938834,4.267425320056894,6.650071123755335,12.091038406827884,3.1294452347083936,3.4495021337126595,1.0135135135135158,2.7027027027027017,4.391891891891891,1.3513513513513544,2.364864864864863,4.391891891891891
4553,bunt.saar,3134,19,0.0,0.0,6.006993835941206,0.0,0.0,3.8288288288288315,1.191322901849226,3.7517780938833525,7.147937411095306,1.4224751066856385,10.953058321479375,11.575391180654336,5.067567567567565,2.0270270270270316,3.7162162162162176,3.378378378378379,1.013513513513523,7.770270270270274
3089,CDU,3134,19,1.0,1.0,2.999051683262209,1.0,1.0,2.421171171171167,4.391891891891902,0.7112375533428192,0.3911806543385481,9.299431009957324,0.6934566145092376,2.507112375533424,0.0,4.054054054054056,2.364864864864863,1.3513513513513402,2.364864864864856,4.391891891891888
2708,CDU,3134,19,1.0,0.0,8.042911332385016,1.0,0.0,1.2950450450450433,3.485064011379805,11.006401137980085,8.961593172119493,4.960881934566139,7.983641536273112,11.859886201991465,0.3378378378378386,0.3378378378378386,0.3378378378378386,4.391891891891881,2.364864864864863,0.0
647,bunt.saar,3134,19,1.0,1.0,6.899004267425323,1.0,1.0,0.9572072072072118,0.3378378378378386,9.263869132290182,10.810810810810807,1.6002844950213486,11.113086770981518,8.268136557610248,1.0135135135135087,1.689189189189193,0.6756756756756772,0.6756756756756843,1.6891891891892072,0.0
3445,CDU,3134,19,1.0,0.0,4.231863442389756,1.0,1.0,1.2387387387387392,5.014224751066848,6.98790896159317,0.4800853485063925,4.160739687055475,4.107396870554773,4.640825035561875,0.6756756756756772,0.6756756756756772,0.6756756756756701,2.702702702702709,2.0270270270270174,0.6756756756756843
212,bunt.saar,3134,19,1.0,0.0,7.121266002844952,1.0,0.0,1.1824324324324316,2.8271692745377024,1.0312944523470904,8.392603129445234,5.298719772403977,15.842816500711244,9.334992887624466,0.3378378378378386,2.702702702702709,0.3378378378378386,0.6756756756756843,0.675675675675663,2.364864864864856
2101,FDP,3134,19,1.0,0.0,5.989212897107634,1.0,1.0,4.27927927927928,6.863442389758184,7.503556187766712,3.1472261735419664,5.7254623044096675,9.690611664295872,3.0049786628733983,4.054054054054056,4.054054054054056,6.756756756756758,0.3378378378378386,4.054054054054056,6.418918918918919
1590,bunt.saar,3134,19,1.0,0.0,4.142958748221908,1.0,1.0,1.8018018018017965,0.6578947368421026,4.996443812233288,6.507823613086771,0.7290184921763867,7.02347083926032,4.943100995732578,1.0135135135135087,1.0135135135135016,0.0,0.6756756756756701,3.0405405405405332,5.067567567567565
915,bunt.saar,3134,19,0.0,1.0,3.446538643907066,1.0,1.0,2.5900900900900887,4.231863442389766,6.578947368421055,1.2980085348506378,5.7610241820768096,2.2048364153627347,0.6045519203413932,2.3648648648648702,3.0405405405405332,3.0405405405405332,3.0405405405405332,2.0270270270270316,2.0270270270270316
1496,CDU,3134,19,1.0,0.0,3.36059743954481,1.0,1.0,2.871621621621626,2.6137980085348573,2.489331436699864,0.35561877667140607,6.063300142247513,7.1657183499288735,1.475817923186348,2.702702702702709,3.0405405405405403,1.013513513513523,4.391891891891902,2.364864864864863,3.7162162162162176
723,bunt.saar,3134,19,1.0,0.0,2.72937411095306,1.0,1.0,2.083333333333331,1.262446657183503,0.5512091038406766,3.8762446657183602,6.756756756756758,2.8627311522048444,1.0668563300142182,2.0270270270270245,0.3378378378378386,2.364864864864856,2.0270270270270245,3.0405405405405332,2.702702702702709
4984,CDU,3134,19,0.0,1.0,1.970720720720718,1.0,0.0,3.0968468468468493,5.885490753911803,2.080369843527741,0.16002844950213557,0.21337126600283796,2.471550497866282,1.0135135135135087,2.364864864864856,3.378378378378379,2.702702702702709,3.378378378378386,4.054054054054056,2.702702702702709
4124,FDP,3134,19,1.0,0.0,5.073494547178758,1.0,0.0,2.25225225225225,4.694167852062591,2.4182076813655797,0.142247510668561,15.202702702702695,2.1692745376955926,5.814366998577526,5.743243243243242,1.3513513513513473,1.3513513513513544,0.3378378378378244,3.378378378378386,1.3513513513513473
2759,CDU,3134,19,1.0,1.0,3.828828828828827,1.0,1.0,1.970720720720718,0.5512091038406766,0.3911806543385552,5.921052631578952,6.276671408250358,8.677098150782356,1.1557610241820626,0.0,2.3648648648648702,1.3513513513513473,1.689189189189186,4.054054054054049,2.364864864864856
75,bunt.saar,3134,19,1.0,0.0,4.172593646277856,1.0,1.0,0.6193693693693696,1.618065433854909,0.5156472261735416,5.26315789473685,1.404694167852064,9.495021337126595,6.738975817923176,0.3378378378378315,0.3378378378378386,1.689189189189193,0.3378378378378386,0.6756756756756772,0.3378378378378386
3470,Die Grünen,3134,19,1.0,0.0,9.071242294926506,0.0,1.0,2.3085585585585604,3.307254623044095,0.7112375533428192,11.895448079658607,7.983641536273112,19.310099573257475,11.21977240398293,2.0270270270270245,1.6891891891891788,3.378378378378386,1.0135135135135158,3.378378378378386,2.3648648648648702
771,bunt.saar,3134,19,0.0,1.0,6.012920815552391,1.0,1.0,1.4639639639639614,4.516358463726888,2.115931721194869,4.42745376955903,1.511379800853483,15.202702702702695,8.303698435277383,3.0405405405405403,1.3513513513513402,1.3513513513513544,1.3513513513513544,0.0,1.6891891891891788
927,FDP,3134,19,1.0,1.0,4.8393788525367425,0.0,1.0,6.813063063063063,2.3470839260312957,0.5512091038406766,1.5647226173541924,8.108108108108098,11.326458036984352,5.138691322901842,0.3378378378378457,7.0945945945945965,8.445945945945944,10.810810810810793,7.432432432432435,6.756756756756765
1740,FDP,3134,19,1.0,0.0,4.344476055002367,1.0,0.0,7.882882882882881,2.7382645803698438,12.908961593172116,5.867709815078236,1.1024182076813602,1.1735419630156443,2.2759601706970045,4.054054054054049,7.094594594594589,13.851351351351347,10.135135135135137,5.743243243243249,6.418918918918912
3715,Die Grünen,3134,19,0.0,0.0,3.5087719298245617,0.0,0.0,1.5202702702702713,0.5689900426742511,2.86273115220483,5.2275960170697005,1.0668563300142253,7.0945945945945965,4.231863442389766,2.0270270270270316,1.3513513513513473,1.689189189189193,0.3378378378378386,1.3513513513513473,2.3648648648648702
1021,SPD,3134,19,1.0,0.0,4.148885727833094,1.0,1.0,0.9572072072072059,4.818634423897571,0.2489331436699942,7.04125177809388,0.8001422475106708,5.4054054054054035,6.578947368421048,1.3513513513513473,2.0270270270270316,0.675675675675663,0.3378378378378386,1.0135135135135158,0.3378378378378386
2631,Die Grünen,3134,19,1.0,1.0,3.8021574205784767,0.0,1.0,3.4346846846846844,5.992176386913236,2.080369843527741,3.485064011379805,2.471550497866289,3.6806543385490826,5.103129445234707,6.081081081081081,6.081081081081088,0.3378378378378386,1.3513513513513544,4.729729729729726,2.0270270270270174
4719,SPD,3134,19,1.0,0.0,6.913821716453292,0.0,1.0,2.984234234234234,3.307254623044102,7.3790896159317185,10.686344238975813,10.61522048364153,3.271692745376953,6.223328591749635,3.0405405405405403,2.702702702702709,2.702702702702709,5.405405405405411,2.364864864864856,1.6891891891891788
182,CDU,3134,19,1.0,1.0,5.381697486960648,0.0,1.0,6.70045045045045,2.951635846372696,3.5739687055476637,3.3961593172119535,3.9295874822190555,17.105263157894733,1.333570412517787,1.3513513513513473,6.756756756756758,7.770270270270274,3.7162162162162105,13.175675675675677,7.432432432432435
717,bunt.saar,3134,19,0.0,0.0,5.446894262683732,0.0,1.0,1.576576576576579,3.1827880512090942,1.3513513513513473,5.476529160739673,4.623044096728307,11.237553342816497,6.8100995732574745,3.0405405405405403,0.3378378378378457,1.6891891891892072,2.364864864864863,0.675675675675663,1.3513513513513544
4660,CDU,3134,19,1.0,0.0,6.264817449027974,1.0,0.0,2.3648648648648654,1.689189189189193,1.9559032716927405,9.70839260312944,6.1877667140825,10.526315789473685,7.521337126600287,2.702702702702709,3.378378378378379,4.729729729729726,0.3378378378378386,2.364864864864863,0.6756756756756772
2732,bunt.saar,3134,19,1.0,1.0,7.660621147463256,1.0,1.0,3.4909909909909893,9.068278805120912,7.734708392603132,10.13513513513513,0.2844950213371291,9.370554765291615,9.370554765291615,1.0135135135135087,3.0405405405405475,4.391891891891888,2.364864864864863,4.054054054054049,6.081081081081081
1641,Die Grünen,3134,19,1.0,1.0,4.018492176386913,1.0,0.0,5.349099099099097,3.1472261735419664,4.374110953058313,2.1337126600284506,0.5334281650071233,9.903982930298717,4.018492176386907,7.0945945945945965,4.391891891891888,3.7162162162162105,6.081081081081088,4.729729729729726,6.081081081081074
3619,bunt.saar,3134,19,0.0,0.0,4.291133238501661,0.0,1.0,1.914414414414414,2.7382645803698438,0.8179231863442382,4.658605974395449,0.35561877667140607,8.890469416785209,8.285917496443822,0.3378378378378386,2.3648648648648702,4.054054054054049,2.364864864864856,1.0135135135135087,1.3513513513513615
4751,FDP,3134,19,0.0,1.0,4.8067804646752,1.0,1.0,4.110360360360363,9.086059743954486,0.8534850640113874,4.943100995732571,7.183499288762434,6.703413940256048,0.07112375533427695,0.0,4.054054054054056,5.743243243243242,3.7162162162162247,6.418918918918919,4.729729729729733
2515,FDP,3134,19,0.0,0.0,4.623044096728308,0.0,0.0,3.209459459459463,3.0761024182076824,3.2183499288762576,5.0853485064011394,4.889758179231862,6.578947368421048,4.889758179231862,5.743243243243235,7.094594594594611,1.0135135135135158,1.689189189189193,3.0405405405405403,0.6756756756756843
2189,SPD,3134,19,1.0,1.0,5.9655049786628735,1.0,1.0,2.139639639639641,3.2894736842105274,7.5213371266002795,7.0945945945945965,7.948079658605984,1.618065433854909,8.321479374110943,3.7162162162162176,1.0135135135135087,2.702702702702709,3.7162162162162176,1.689189189189193,0.0
520,Die Grünen,3134,19,1.0,1.0,3.597676623992413,1.0,1.0,1.0698198198198223,2.5426742532005733,3.805120910384062,0.7290184921763796,3.0405405405405403,8.463726884779518,3.0049786628734054,2.0270270270270316,1.689189189189186,1.6891891891892072,0.0,1.0135135135135087,0.0
3451,Die Grünen,3134,19,1.0,1.0,6.798245614035093,1.0,1.0,1.6328828828828819,6.223328591749635,7.3968705547653,8.463726884779526,2.1337126600284506,7.681365576102436,8.890469416785209,1.6891891891892001,1.3513513513513473,1.3513513513513402,1.3513513513513544,2.7027027027026946,1.3513513513513544
4851,Die Grünen,3134,19,1.0,0.0,2.717520151730676,1.0,0.0,4.504504504504507,0.6934566145092376,0.7112375533428192,1.4935988620199083,4.67638691322901,6.009957325746804,2.7204836415362763,8.783783783783782,6.418918918918926,4.054054054054063,1.013513513513523,5.4054054054054035,1.3513513513513473
4025,bunt.saar,3134,19,1.0,1.0,5.583214793741109,1.0,1.0,2.027027027027026,4.925320056899004,0.21337126600283796,8.801564722617364,1.653627311522051,14.206970128022768,3.698435277382629,3.378378378378379,2.364864864864856,2.702702702702709,0.3378378378378386,0.6756756756756772,2.7027027027026946
4442,FDP,3134,19,1.0,1.0,6.878259838786156,1.0,1.0,0.9009009009009006,3.165007112375541,8.534850640113788,5.707681365576107,7.4146514935988606,7.823613086770983,8.623755334281654,1.689189189189186,1.3513513513513544,2.364864864864863,0.0,0.0,0.0
4226,Die Grünen,3134,19,1.0,0.0,4.2318634423897565,1.0,0.0,8.333333333333332,2.6671408250355597,5.636557610241823,0.46230440967282505,1.724751066856328,11.290896159317214,3.6095305832147915,7.432432432432435,4.391891891891888,10.13513513513513,9.459459459459453,8.445945945945958,10.13513513513513
2133,bunt.saar,3134,19,0.0,1.0,5.19796111901375,0.0,1.0,4.279279279279279,4.783072546230443,1.0846372688477999,9.690611664295872,1.76031294452347,6.632290184921764,7.23684210526315,6.418918918918919,3.378378378378379,3.7162162162162105,7.094594594594589,1.3513513513513544,3.7162162162162176
2086,FDP,3134,19,1.0,0.0,5.51209103840683,0.0,1.0,2.6463963963963977,7.788051209103841,6.56116642958748,1.0490753911806578,8.570412517780944,6.490042674253203,2.6137980085348502,2.3648648648648702,2.702702702702709,4.729729729729726,3.0405405405405475,1.0135135135135087,2.0270270270270245
728,FDP,3134,19,1.0,1.0,4.978662873399717,1.0,1.0,3.3220720720720713,5.298719772403977,5.316500711237566,7.628022759601706,2.8627311522048444,3.0049786628733983,5.7610241820768096,3.0405405405405332,4.054054054054049,2.0270270270270316,1.0135135135135158,5.067567567567565,4.729729729729733
2070,CDU,3134,19,0.0,1.0,2.6997392128971085,0.0,1.0,2.702702702702704,5.032005689900423,4.160739687055475,2.115931721194876,2.560455192034155,0.4267425320056901,1.902560455192031,1.3513513513513544,1.3513513513513473,2.7027027027027017,6.081081081081095,3.378378378378379,1.3513513513513473
3455,DIE LINKE,3134,19,1.0,1.0,4.999407302038875,1.0,1.0,2.9279279279279287,4.267425320056894,0.07112375533426984,6.401137980085345,6.721194879089616,8.37482219061166,4.160739687055468,6.081081081081074,1.6891891891892072,1.0135135135135158,5.743243243243242,2.0270270270270316,1.0135135135135016
4296,FDP,3134,19,1.0,1.0,1.1379800853485058,1.0,1.0,1.1824324324324327,1.404694167852064,1.2268847795163538,0.4267425320056901,2.1337126600284506,1.0846372688477928,0.5512091038406837,3.378378378378379,0.3378378378378386,0.0,1.0135135135135158,1.0135135135135158,1.3513513513513473
2194,CDU,3134,19,1.0,1.0,1.1320531057373155,1.0,1.0,2.25225225225225,0.3378378378378386,0.9423897581792318,1.831436699857747,0.4445234708392647,1.0490753911806578,2.187055476529153,2.3648648648648702,1.0135135135135087,1.689189189189186,4.391891891891895,4.054054054054042,0.0
2155,Die Grünen,3134,19,0.0,0.0,5.894381223328591,0.0,1.0,0.7319819819819813,4.765291607396875,4.889758179231862,11.824324324324323,0.5689900426742511,9.815078236130866,3.5028449502133725,0.3378378378378244,1.689189189189193,0.6756756756756701,0.6756756756756772,1.013513513513523,0.0
1820,FDP,3134,19,1.0,0.0,1.902560455192038,0.0,0.0,2.477477477477476,1.9914651493598896,0.8179231863442382,1.0668563300142253,1.369132290184929,4.9075391180654435,1.262446657183503,0.6756756756756701,4.729729729729726,2.364864864864863,3.7162162162162176,0.3378378378378386,3.0405405405405403
5004,FDP,3134,19,1.0,1.0,4.279279279279275,0.0,0.0,5.630630630630631,4.338549075391185,4.978662873399713,3.1294452347083777,3.3605974395447973,3.8584637268847715,6.009957325746804,3.7162162162162176,5.405405405405411,5.743243243243249,8.445945945945937,5.067567567567572,5.4054054054054035
748,Die Grünen,3134,19,1.0,0.0,6.042555713608345,1.0,1.0,1.5202702702702666,0.01778093883356746,1.973684210526315,6.294452347083933,4.036273115220482,14.349217638691321,9.583926031294453,0.0,1.3513513513513473,3.7162162162162105,0.6756756756756701,1.689189189189193,1.6891891891891788
1190,SPD,3134,19,0.0,0.0,6.398174490279754,1.0,0.0,1.9707207207207205,2.435988620199147,8.12588904694168,9.530583214793744,0.7823613086770962,9.334992887624459,8.179231863442396,3.378378378378379,2.3648648648648702,0.3378378378378386,0.0,2.364864864864856,3.378378378378379
5067,FDP,3134,19,0.0,0.0,3.802157420578473,0.0,0.0,2.871621621621619,4.054054054054056,0.0,1.2091038406827934,13.282361308677096,1.973684210526315,2.293741109530579,5.4054054054054035,5.4054054054054035,0.3378378378378386,0.6756756756756701,2.7027027027026946,2.7027027027027017
3800,CDU,3134,19,0.0,0.0,2.2967045993361808,0.0,0.0,2.6463963963963955,3.591749644381224,4.569701280227605,0.10668563300142608,1.2268847795163538,3.485064011379805,0.8001422475106708,0.6756756756756701,0.6756756756756701,4.729729729729733,1.0135135135135158,4.054054054054056,4.729729729729726
4264,bunt.saar,3134,19,1.0,1.0,2.7234471313418696,1.0,1.0,6.644144144144147,0.07112375533427695,5.583214793741114,1.795874822190612,0.6045519203413932,5.7254623044096675,2.560455192034155,4.7297297297297405,4.054054054054056,6.081081081081081,8.108108108108105,8.108108108108105,8.783783783783797
1204,CDU,3134,19,0.0,1.0,4.824561403508771,1.0,0.0,3.8851351351351355,4.87197724039828,7.556899004267429,2.2048364153627347,0.3911806543385552,7.983641536273112,5.93883357041252,5.4054054054054035,0.6756756756756772,1.3513513513513473,5.4054054054054035,5.405405405405411,5.067567567567572
4336,FDP,3134,19,0.0,1.0,9.791370317686104,0.0,1.0,4.786036036036037,2.86273115220483,14.171408250355618,16.233997155049785,5.2275960170697005,7.5213371266002795,12.731152204836413,3.7162162162162176,1.0135135135135087,9.45945945945946,0.0,6.081081081081088,8.445945945945944
4465,FDP,3134,19,1.0,1.0,5.544689426268374,1.0,1.0,2.6463963963963977,0.604551920341386,3.022759601706966,8.143669985775247,2.275960170697026,12.517780938833571,6.703413940256048,3.0405405405405403,1.689189189189186,4.054054054054056,5.405405405405411,0.6756756756756772,1.0135135135135158
2210,DIE LINKE,3134,19,0.0,0.0,6.208511142721666,0.0,0.0,3.265765765765766,2.7027027027026946,8.60597439544808,7.147937411095306,2.187055476529153,10.099573257467995,6.507823613086771,5.067567567567565,5.067567567567572,1.0135135135135158,5.067567567567565,1.3513513513513473,2.0270270270270316
2854,bunt.saar,3134,19,1.0,0.0,4.457088667614982,1.0,1.0,3.0405405405405426,0.4800853485063925,8.766002844950215,1.2268847795163538,0.3911806543385481,7.130156472261731,8.748221906116648,0.6756756756756772,1.6891891891892001,7.094594594594589,2.7027027027027017,4.729729729729733,1.3513513513513544
3641,bunt.saar,3134,19,0.0,0.0,5.242413466097677,1.0,0.0,1.2950450450450457,2.7382645803698438,2.151493598862025,6.987908961593163,2.115931721194869,12.091038406827884,5.369843527738276,4.391891891891895,2.7027027027027017,0.3378378378378386,0.3378378378378386,0.0,0.0
2434,FDP,3134,19,1.0,0.0,9.290540540540542,1.0,0.0,2.364864864864869,7.147937411095306,8.143669985775247,10.810810810810814,2.5960170697012828,16.411806543385495,10.633001422475104,0.6756756756756843,2.0270270270270245,4.054054054054056,0.6756756756756843,6.081081081081088,0.6756756756756772
523,bunt.saar,3134,19,1.0,0.0,8.502252252252253,1.0,0.0,4.72972972972973,3.591749644381224,4.747510668563301,14.011379800853483,8.392603129445234,11.664295874822194,8.605974395448087,5.4054054054054035,2.3648648648648702,4.054054054054063,7.432432432432428,3.7162162162162105,5.4054054054054035
5107,DIE LINKE,3134,19,0.0,0.0,4.729729729729729,0.0,0.0,3.7725225225225203,2.6849217638691343,6.276671408250358,5.4409672830725455,0.8001422475106708,9.992887624466569,3.1827880512090942,3.378378378378379,1.3513513513513473,3.7162162162162176,6.418918918918912,4.391891891891888,3.378378378378379
1060,FDP,3134,19,1.0,0.0,3.2776197249881442,1.0,1.0,2.3085585585585555,2.6671408250355597,3.200568990042669,4.463015647226172,6.578947368421055,0.23115220483641252,2.5248933143669987,2.0270270270270245,0.6756756756756701,3.0405405405405403,2.7027027027026946,2.0270270270270316,3.378378378378372
2929,FDP,3134,19,1.0,0.0,3.5087719298245617,1.0,1.0,7.3761261261261275,0.26671408250354744,0.142247510668561,3.982930298719772,5.938833570412527,3.129445234708392,7.592460881934571,8.783783783783782,5.743243243243249,7.432432432432428,6.756756756756758,7.094594594594589,8.445945945945958
1543,Die Grünen,3134,19,0.0,0.0,3.9118065433854894,1.0,0.0,1.7454954954954982,0.7645803698435216,1.3513513513513473,5.654338549075405,1.618065433854909,7.5213371266002795,6.561166429587473,2.0270270270270245,1.0135135135135087,2.3648648648648702,3.378378378378386,0.3378378378378457,1.3513513513513544
556,FDP,3134,19,1.0,0.0,4.249644381223331,1.0,1.0,2.027027027027028,1.1735419630156443,8.890469416785209,1.5291607396870575,0.017780938833574567,9.10384068278806,4.783072546230443,5.067567567567565,1.3513513513513544,1.3513513513513544,3.378378378378386,0.6756756756756701,0.3378378378378386
4363,bunt.saar,3134,19,1.0,1.0,4.762328117591277,1.0,0.0,4.0540540540540535,2.560455192034155,4.320768136557611,6.987908961593163,0.5512091038406766,9.103840682788054,5.0497866287340045,1.689189189189186,1.3513513513513544,7.094594594594589,6.081081081081074,4.729729729729726,3.378378378378393
4832,FDP,3134,19,1.0,0.0,3.8229018492176388,1.0,1.0,2.2522522522522492,5.5476529160739645,5.867709815078236,7.005689900426752,1.3513513513513473,1.3513513513513473,1.8136557610241866,3.378378378378379,0.6756756756756701,0.3378378378378315,4.729729729729733,2.7027027027026946,1.689189189189186
290,CDU,3134,19,1.0,1.0,2.32633949739213,1.0,1.0,1.4639639639639614,1.0135135135135087,2.916073968705547,5.138691322901856,0.5156472261735487,1.4935988620199083,2.880512091038412,1.0135135135135087,1.0135135135135087,1.3513513513513473,0.3378378378378386,2.0270270270270245,3.0405405405405403
3543,bunt.saar,3134,19,1.0,1.0,3.6688003793266923,1.0,0.0,4.054054054054056,6.845661450924595,2.3115220483641536,5.45874822190612,3.449502133712656,2.418207681365587,1.5291607396870432,8.445945945945944,4.054054054054063,3.7162162162162247,7.094594594594589,0.6756756756756914,0.3378378378378244
3820,bunt.saar,3134,19,1.0,1.0,4.516358463726884,1.0,0.0,5.0675675675675675,0.5334281650071233,5.974395448079662,8.712660028449498,0.03556187766713492,8.712660028449498,3.1294452347083848,4.054054054054049,3.7162162162162176,6.756756756756758,3.378378378378379,7.432432432432428,5.067567567567572
903,CDU,3134,19,1.0,0.0,4.714912280701756,1.0,0.0,3.716216216216214,1.2980085348506378,1.1201991465149348,6.187766714082507,11.397581792318633,4.658605974395456,3.627311522048366,2.0270270270270174,4.391891891891895,3.7162162162162105,3.378378378378379,4.054054054054056,4.729729729729726
1234,bunt.saar,3134,19,0.0,0.0,5.867709815078236,1.0,1.0,1.407657657657655,5.689900426742533,2.187055476529153,7.396870554765293,1.9559032716927476,11.397581792318633,6.578947368421055,0.3378378378378386,1.3513513513513402,1.3513513513513544,2.7027027027027017,1.6891891891891788,1.0135135135135158
2796,Die Grünen,3134,19,0.0,0.0,5.568397344713133,1.0,1.0,3.2657657657657637,2.7027027027026946,3.307254623044095,7.770270270270274,2.00924608819345,11.504267425320059,6.116642958748223,2.0270270270270174,0.3378378378378315,4.391891891891902,4.391891891891888,3.0405405405405403,5.4054054054054035
3891,Die Grünen,3134,19,0.0,0.0,3.3665244191559958,0.0,0.0,1.4076576576576538,0.5689900426742511,1.404694167852064,8.819345661450917,5.636557610241816,1.2268847795163538,2.5426742532005733,1.0135135135135087,4.391891891891888,0.6756756756756701,1.3513513513513473,1.0135135135135087,0.0
4630,SPD,3134,19,0.0,1.0,3.8762446657183474,1.0,1.0,1.9144144144144104,2.809388335704128,3.591749644381231,5.618776671408241,4.551920341394016,2.7560455192034112,3.9295874822190555,3.378378378378372,2.364864864864863,1.0135135135135087,4.054054054054056,0.675675675675663,0.0
3663,CDU,3134,19,1.0,0.0,5.932906590801328,1.0,1.0,1.1824324324324316,4.623044096728307,10.11735419630157,5.796586059743959,2.258179231863444,6.383357041251777,6.418918918918912,0.3378378378378386,2.0270270270270245,1.0135135135135158,2.0270270270270245,0.6756756756756772,1.0135135135135087
2010,FDP,3134,19,1.0,0.0,7.174608819345663,1.0,1.0,4.110360360360359,6.3122332859175,1.7425320056899025,10.668563300142246,13.442389758179239,4.196301564722617,6.685633001422474,3.0405405405405332,5.4054054054054035,6.081081081081081,0.3378378378378457,4.054054054054056,5.743243243243235
4181,bunt.saar,3134,19,0.0,0.0,5.598032242769079,1.0,1.0,1.407657657657661,3.200568990042669,2.4537695590327075,3.485064011379805,4.214082503556185,14.758179231863437,5.476529160739673,0.6756756756756701,1.0135135135135158,1.3513513513513544,1.689189189189186,2.3648648648648702,1.3513513513513686
2539,FDP,3134,19,1.0,1.0,2.7056661925083,1.0,1.0,2.195945945945944,1.1735419630156443,1.404694167852064,2.3826458036984306,4.640825035561882,1.013513513513523,5.618776671408256,2.0270270270270245,3.378378378378379,2.7027027027027017,2.0270270270270245,0.675675675675663,2.3648648648648702
4366,FDP,3134,19,1.0,1.0,3.194642010431483,1.0,1.0,2.3085585585585595,1.689189189189193,1.7425320056899025,2.115931721194876,3.058321479374108,4.80085348506401,5.7610241820768096,2.702702702702709,1.0135135135135158,0.0,7.0945945945945965,1.689189189189186,1.3513513513513509
3350,Die Grünen,3134,19,1.0,1.0,3.6036036036036045,0.0,1.0,1.0698198198198174,5.138691322901856,3.271692745376953,4.463015647226172,1.653627311522051,3.662873399715508,3.4317211948790884,0.3378378378378315,1.3513513513513544,1.3513513513513544,1.0135135135135087,1.6891891891891788,0.6756756756756772
3037,bunt.saar,3134,19,1.0,1.0,5.082385016595544,1.0,1.0,5.405405405405411,2.9871977240398238,0.16002844950213557,8.748221906116648,0.8890469416785152,11.024182076813652,6.685633001422488,4.729729729729733,3.7162162162162247,4.391891891891902,6.418918918918919,5.405405405405411,7.770270270270274
2643,SPD,3134,19,1.0,0.0,4.5045045045045065,0.0,0.0,4.560810810810808,8.001422475106686,5.4765291607396875,4.9075391180654435,0.17780938833571014,6.970128022759603,1.4935988620199083,2.0270270270270245,1.0135135135135158,8.108108108108105,3.7162162162162176,4.054054054054049,8.445945945945937
3838,CDU,3134,19,1.0,1.0,3.876244665718352,1.0,1.0,2.984234234234234,3.698435277382643,3.662873399715501,2.222617354196302,4.996443812233295,7.894736842105267,0.7823613086771033,4.729729729729733,2.0270270270270316,2.0270270270270245,6.081081081081074,1.3513513513513473,1.689189189189193
157,bunt.saar,3134,19,1.0,0.0,4.824561403508774,0.0,0.0,2.8153153153153148,3.09388335704125,1.6358463726884764,4.60526315789474,6.258890469416791,8.712660028449498,4.640825035561889,0.3378378378378386,4.054054054054063,3.0405405405405332,2.3648648648648702,2.0270270270270174,5.067567567567565
2712,DIE LINKE,3134,19,0.0,1.0,3.0820293978188715,0.0,1.0,4.448198198198195,0.8001422475106708,2.258179231863444,0.49786628733995997,3.591749644381224,8.605974395448087,2.7382645803698438,2.7027027027027017,1.0135135135135087,4.729729729729726,5.4054054054054035,10.13513513513513,2.7027027027027017
1069,FDP,3134,19,0.0,1.0,3.084992887624466,0.0,1.0,2.3648648648648667,3.307254623044102,2.4537695590327075,1.6002844950213486,5.6899004267425255,0.6934566145092447,4.765291607396868,2.3648648648648702,0.0,2.702702702702709,2.364864864864863,3.378378378378379,3.378378378378379
4322,SPD,3134,19,0.0,0.0,7.337600758653388,0.0,0.0,3.9414414414414423,3.8940256045519206,7.770270270270274,8.961593172119485,1.4224751066856385,11.966571834992877,10.010668563300136,3.378378378378379,2.0270270270270316,6.756756756756751,2.3648648648648702,5.4054054054054035,3.7162162162162176
5016,FDP,3134,19,0.0,1.0,3.4139402560455174,0.0,0.0,3.6599099099099086,1.902560455192038,0.03556187766713492,1.0312944523470833,12.26884779516358,3.982930298719772,1.2624466571834958,3.378378378378372,5.067567567567565,2.702702702702709,5.067567567567558,4.054054054054056,1.689189189189193
862,SPD,3134,19,0.0,0.0,4.211119013750593,0.0,0.0,3.941441441441443,1.866998577524896,3.982930298719772,6.36557610241821,3.5384068278805074,8.748221906116648,0.7645803698435216,7.0945945945945965,2.702702702702709,1.3513513513513544,8.445945945945951,3.378378378378379,0.6756756756756701
1555,bunt.saar,3134,19,1.0,1.0,4.474869606448554,1.0,0.0,4.335585585585587,8.872688477951634,3.8229018492176436,2.809388335704128,3.09388335704125,7.876955903271693,0.37339971550497353,2.364864864864863,1.689189189189193,4.729729729729726,4.391891891891888,7.0945945945945965,5.743243243243256
1912,CDU,3134,19,0.0,1.0,2.5337837837837847,0.0,1.0,1.6328828828828794,4.729729729729726,3.342816500711244,4.267425320056894,1.262446657183503,0.0,1.6002844950213415,2.7027027027026946,2.0270270270270245,0.6756756756756772,3.0405405405405332,0.6756756756756772,0.6756756756756701
2497,FDP,3134,19,0.0,0.0,4.009601706970128,0.0,1.0,2.4211711711711685,0.053342816500716594,0.2844950213371291,1.724751066856328,0.3022759601707037,17.247510668563294,4.445234708392597,3.378378378378379,1.3513513513513473,0.6756756756756701,1.689189189189186,5.743243243243242,1.689189189189186
2855,FDP,3134,19,0.0,1.0,2.8212422949265026,1.0,1.0,1.2387387387387356,1.760312944523477,0.46230440967283215,1.0490753911806507,3.1116642958748173,9.512802275960162,1.0312944523470762,0.675675675675663,1.689189189189193,1.3513513513513473,1.0135135135135158,2.7027027027026946,0.0
2952,bunt.saar,3134,19,0.0,1.0,5.129800853485064,1.0,1.0,1.12612612612613,4.640825035561875,3.4672830725462234,9.139402560455203,0.5334281650071091,7.3790896159317185,5.618776671408256,1.013513513513523,2.0270270270270316,2.3648648648648702,0.0,0.3378378378378386,1.0135135135135158
5051,FDP,3134,19,0.0,1.0,2.8271692745376953,1.0,1.0,2.195945945945951,5.512091038406837,5.903271692745371,0.2844950213371291,0.7823613086770962,2.080369843527734,2.400426742532005,1.3513513513513686,2.364864864864863,2.702702702702709,1.689189189189193,4.054054054054056,1.0135135135135158
4831,Die Grünen,3134,19,1.0,1.0,4.599336178283546,1.0,1.0,2.4774774774774833,0.5334281650071233,1.6714082503556114,6.507823613086771,0.07112375533427695,14.775960170697019,4.0362731152204745,3.0405405405405403,0.6756756756756843,4.054054054054063,1.6891891891892001,3.378378378378386,2.0270270270270245
1975,Die Grünen,3134,19,1.0,0.0,5.808440018966337,1.0,1.0,0.9572072072072118,1.689189189189186,5.369843527738276,7.965860597439544,2.6493598862019923,11.415362731152207,5.761024182076817,1.3513513513513544,1.01351351351353,0.0,0.3378378378378386,0.0,3.0405405405405475
4205,Die Grünen,3134,19,0.0,0.0,8.742294926505455,0.0,0.0,5.3490990990991,4.231863442389766,2.86273115220483,14.189189189189193,0.6223328591749677,20.96372688477951,9.58392603129446,5.743243243243242,2.0270270270270316,8.445945945945951,3.7162162162162176,7.094594594594589,5.067567567567572
2424,bunt.saar,3134,19,1.0,0.0,5.5417259364627744,1.0,1.0,2.2522522522522537,0.01778093883356746,4.498577524893307,5.049786628733997,3.0405405405405403,13.12233285917496,7.521337126600272,1.3513513513513544,2.7027027027026946,0.6756756756756914,2.7027027027027017,2.702702702702709,3.378378378378372
2966,FDP,3134,19,1.0,1.0,5.357989568515891,1.0,1.0,1.2387387387387392,9.139402560455203,8.428165007112383,3.2183499288762576,2.6493598862019923,4.374110953058327,4.338549075391185,0.3378378378378457,1.689189189189186,0.3378378378378457,0.3378378378378315,3.0405405405405403,1.689189189189186
3813,CDU,3134,19,0.0,0.0,3.6095305832147964,0.0,0.0,3.7162162162162162,6.881223328591759,0.9246088193456643,3.7517780938833525,1.9381223328591872,7.325746799431009,0.8357041251778057,0.0,6.418918918918912,6.756756756756758,1.013513513513523,2.0270270270270245,6.081081081081081
3886,Die Grünen,3134,19,1.0,1.0,6.540422000948317,1.0,1.0,2.6463963963963977,1.8136557610241795,8.55263157894737,9.263869132290182,1.2980085348506378,6.8100995732574745,11.504267425320059,2.364864864864856,0.0,4.391891891891902,1.689189189189193,2.3648648648648702,5.067567567567565
762,SPD,3134,19,1.0,0.0,4.78307254623044,1.0,1.0,1.2387387387387403,1.902560455192038,3.520625889046933,8.97937411095306,0.6756756756756772,4.729729729729726,8.890469416785209,0.6756756756756843,1.689189189189186,2.7027027027027017,1.689189189189193,0.3378378378378386,0.3378378378378386
2804,CDU,3134,19,0.0,0.0,2.5723091512565204,1.0,0.0,4.954954954954953,2.8982930298719793,0.6223328591749677,2.578236130867701,1.8136557610241795,0.9779516358463738,6.54338549075392,3.378378378378379,6.756756756756758,3.378378378378372,7.432432432432421,4.729729729729733,4.054054054054056
764,bunt.saar,3134,19,0.0,0.0,3.8051209103840677,1.0,1.0,3.1531531531531507,3.805120910384062,0.32005689900426404,6.276671408250358,3.09388335704125,4.623044096728307,4.711948790896166,2.0270270270270316,2.364864864864856,4.054054054054056,3.7162162162162176,4.054054054054049,2.7027027027026946
3290,bunt.saar,3134,19,0.0,0.0,4.190374585111425,0.0,0.0,1.3513513513513509,1.9203413940255984,5.2275960170697005,3.4672830725462234,0.6223328591749677,10.970839260312943,2.9338549075391214,2.0270270270270316,0.3378378378378386,0.3378378378378386,1.689189189189186,2.0270270270270245,1.689189189189186
1164,bunt.saar,3134,19,1.0,0.0,9.228307254623049,1.0,1.0,1.7454954954954935,2.1692745376955926,0.3911806543385552,15.82503556187767,7.823613086770983,19.09672830725463,10.06401137980086,1.689189189189186,0.675675675675663,2.3648648648648702,0.0,3.378378378378372,2.3648648648648702
1249,FDP,3134,19,1.0,1.0,5.879563774300615,1.0,1.0,2.8153153153153148,2.5426742532005733,4.2140825035561775,8.872688477951634,4.17852062588905,10.188477951635846,5.28093883357041,2.7027027027027017,3.378378378378372,2.7027027027027017,1.689189189189193,2.7027027027027017,3.7162162162162176
1653,FDP,3134,19,1.0,1.0,8.205903271692742,1.0,1.0,1.2387387387387399,4.694167852062584,9.068278805120912,7.3790896159317185,8.445945945945937,10.544096728307252,9.103840682788057,2.7027027027026946,1.0135135135135158,2.364864864864863,0.3378378378378528,0.6756756756756772,0.33783783783783505
2946,SPD,3134,19,1.0,0.0,3.7814129919393076,1.0,0.0,3.2094594594594583,0.5512091038406766,1.6358463726884764,4.8364153627311595,2.987197724039838,3.5739687055476566,9.10384068278804,0.6756756756756772,2.364864864864856,4.391891891891888,3.0405405405405546,3.0405405405405332,5.743243243243242
854,bunt.saar,3134,19,1.0,0.0,3.3398530109056437,1.0,0.0,6.47522522522523,0.9423897581792389,0.8179231863442311,2.3648648648648702,3.9295874822190555,9.77951635846373,2.2048364153627347,6.756756756756751,2.702702702702709,4.054054054054063,11.148648648648646,5.743243243243256,8.445945945945951
3320,SPD,3134,19,0.0,0.0,6.510787102892365,1.0,0.0,1.2950450450450444,8.961593172119493,6.792318634423893,1.7780938833570303,7.610241820768138,8.499288762446653,5.423186344238985,0.6756756756756772,0.3378378378378315,0.3378378378378386,2.0270270270270245,1.689189189189186,2.702702702702709
1741,bunt.saar,3134,19,1.0,0.0,3.8821716453295423,1.0,1.0,0.6756756756756772,1.8136557610241795,0.10668563300142608,5.867709815078236,2.1337126600284577,9.068278805120912,4.302987197724043,1.3513513513513615,1.689189189189186,0.0,0.6756756756756843,0.0,0.3378378378378315
1796,Die Grünen,3134,19,1.0,0.0,2.7323376007586524,0.0,0.0,4.110360360360358,0.3022759601707037,2.9694167852062563,1.7425320056898954,3.1294452347083777,6.596728307254629,1.653627311522051,3.7162162162162033,1.689189189189186,5.405405405405396,5.405405405405411,4.054054054054056,4.391891891891895
1660,DIE LINKE,3134,19,0.0,1.0,2.213726884779516,0.0,0.0,3.6036036036036045,2.080369843527741,4.534139402560456,0.49786628733995997,5.0497866287340045,0.7290184921763796,0.3911806543385552,6.418918918918926,2.0270270270270316,3.7162162162162176,3.7162162162162105,2.7027027027026946,3.0405405405405475
1456,FDP,3134,19,1.0,0.0,3.9918207681365536,1.0,1.0,1.182432432432434,3.3250355618776624,3.8584637268847786,2.00924608819345,2.0625889046941595,11.184210526315788,1.511379800853483,2.0270270270270245,0.0,0.3378378378378386,3.0405405405405475,0.6756756756756772,1.0135135135135158
1769,DIE LINKE,3134,19,1.0,0.0,4.934210526315788,0.0,1.0,1.0135135135135087,3.5739687055476637,1.2980085348506378,7.841394025604551,5.209815078236119,8.534850640113788,3.1472261735419664,1.0135135135135087,0.0,0.675675675675663,2.0270270270270245,1.0135135135135087,1.3513513513513473
1400,FDP,3134,19,0.0,1.0,4.030346135609292,1.0,1.0,1.8581081081081112,0.604551920341386,5.2275960170697005,1.724751066856328,6.667852062588906,5.636557610241816,4.320768136557611,2.3648648648648702,0.3378378378378386,1.689189189189193,1.01351351351353,3.378378378378372,2.364864864864863
230,SPD,3134,19,0.0,0.0,6.335941204362257,0.0,0.0,2.308558558558559,1.724751066856328,1.8492176386913286,11.91322901849216,6.490042674253203,13.691322901849226,2.3470839260312957,1.0135135135135158,2.0270270270270316,0.0,0.3378378378378386,6.081081081081081,4.391891891891888
362,FDP,3134,19,0.0,0.0,2.8923660502607853,0.0,0.0,3.547297297297296,0.4800853485063925,4.2496443812233196,3.6806543385490755,5.938833570412527,0.08890469416785152,2.916073968705547,6.756756756756751,3.378378378378393,5.067567567567558,0.0,4.391891891891888,1.689189189189186
4001,Die Grünen,3134,19,1.0,0.0,4.2703888098624985,1.0,1.0,2.7027027027027017,1.262446657183503,7.21906116642959,1.0490753911806578,6.081081081081088,6.721194879089616,3.2894736842105345,0.675675675675663,0.3378378378378315,4.054054054054049,3.0405405405405475,6.081081081081088,2.0270270270270316
4309,CDU,3134,19,1.0,0.0,3.076102418207679,1.0,1.0,1.8581081081081077,3.022759601706973,6.845661450924595,1.546941678520632,3.6095305832147915,1.511379800853483,1.9203413940255984,0.0,2.0270270270270245,3.0405405405405403,1.0135135135135158,2.0270270270270316,3.0405405405405332
2333,DIE LINKE,3134,19,1.0,0.0,7.1064485538169775,0.0,1.0,1.6328828828828843,7.610241820768138,7.948079658605984,9.850640113798008,1.5291607396870575,11.201991465149362,4.498577524893314,2.3648648648648702,3.0405405405405403,0.6756756756756701,1.689189189189193,1.3513513513513544,0.6756756756756772
4035,Die Grünen,3134,19,1.0,1.0,3.849573257467995,1.0,1.0,1.7454954954954995,1.4224751066856385,6.276671408250358,2.151493598862018,3.1827880512091085,6.045519203413939,4.018492176386907,1.0135135135135158,1.0135135135135087,2.702702702702709,2.364864864864863,1.689189189189193,1.6891891891892072
3691,bunt.saar,3134,19,1.0,1.0,3.467283072546229,1.0,1.0,1.632882882882883,2.7916073968705533,4.480796586059739,2.987197724039831,2.2403982930298696,6.223328591749635,2.0803698435277482,4.391891891891888,0.675675675675663,0.6756756756756772,1.689189189189186,1.0135135135135158,1.3513513513513686
2668,CDU,3134,19,1.0,0.0,3.227240398293027,1.0,0.0,4.504504504504502,1.4580369843527734,4.67638691322901,1.8136557610241795,1.6358463726884764,8.32147937411095,1.4580369843527734,6.418918918918912,2.702702702702709,2.0270270270270174,8.108108108108112,1.3513513513513473,6.418918918918912
1327,FDP,3134,19,1.0,1.0,7.485775248933145,1.0,1.0,5.011261261261261,0.46230440967283215,5.1209103840682815,8.410384068278809,4.623044096728307,16.96301564722617,9.334992887624466,2.7027027027026946,5.743243243243249,5.405405405405411,2.0270270270270174,8.783783783783782,5.405405405405411
1550,FDP,3134,19,1.0,1.0,4.344476055002371,1.0,1.0,1.7454954954954947,0.6756756756756772,4.960881934566139,5.494310099573255,6.827880512091042,6.009957325746804,2.0981507823613086,2.364864864864856,0.3378378378378386,0.6756756756756772,3.378378378378386,1.0135135135135087,2.7027027027027017
2068,CDU,3134,19,1.0,0.0,5.206851588430535,1.0,0.0,1.407657657657655,0.3022759601707037,2.6849217638691343,8.108108108108105,6.899004267425312,8.25035561877666,4.996443812233295,0.3378378378378315,1.3513513513513544,0.6756756756756701,2.364864864864856,3.378378378378379,0.3378378378378386
1213,CDU,3134,19,1.0,0.0,2.6938122332859167,0.0,1.0,1.8018018018018,1.3869132290184822,2.9694167852062634,4.054054054054049,3.022759601706973,0.6223328591749677,4.107396870554766,0.6756756756756772,2.7027027027027017,2.7027027027027017,2.364864864864856,0.3378378378378315,2.0270270270270316
1714,Die Grünen,3134,19,1.0,1.0,4.575628259838787,1.0,1.0,2.195945945945945,2.0981507823613086,7.859174964438118,1.3513513513513544,1.404694167852064,10.330725462304414,4.409672830725462,0.3378378378378315,0.3378378378378386,5.067567567567565,0.3378378378378386,3.0405405405405332,4.054054054054063
1910,SPD,3134,19,1.0,0.0,7.136083451872925,1.0,1.0,1.1261261261261264,8.019203413940254,9.83285917496444,9.210526315789465,3.7162162162162176,8.890469416785209,3.1472261735419664,1.0135135135135158,0.3378378378378386,0.0,0.3378378378378386,1.689189189189193,3.378378378378372
2838,FDP,3134,19,1.0,1.0,2.7678994784257966,1.0,0.0,2.759009009009007,1.689189189189193,4.196301564722617,5.174253200568991,2.0803698435277482,2.5960170697012828,0.8712660028449477,1.6891891891891788,4.054054054054049,2.364864864864863,0.3378378378378528,2.364864864864856,5.743243243243242
2748,bunt.saar,3134,19,1.0,1.0,2.3530109056424813,1.0,0.0,4.279279279279275,2.507112375533424,3.0761024182076824,4.587482219061172,1.2624466571834958,0.8179231863442311,1.8669985775248819,6.756756756756765,2.0270270270270174,2.7027027027026946,7.094594594594589,2.0270270270270174,5.067567567567565
1734,bunt.saar,3134,19,1.0,0.0,3.9236605026078677,1.0,0.0,2.3085585585585626,6.098862019914655,5.298719772403977,1.3335704125177799,0.08890469416784441,10.561877667140813,0.16002844950213557,1.3513513513513544,1.013513513513523,4.391891891891888,2.7027027027027017,1.013513513513523,3.378378378378386
3321,FDP,3134,19,1.0,0.0,2.990161213845422,1.0,0.0,0.9009009009009029,2.720483641536269,2.7027027027026946,2.3115220483641536,3.4317211948790884,6.667852062588906,0.10668563300141898,1.689189189189193,1.6891891891892001,0.3378378378378386,0.6756756756756772,0.0,1.0135135135135087
3146,Die Grünen,3134,19,1.0,0.0,7.995495495495496,1.0,1.0,1.2950450450450444,6.703413940256041,5.849928876244675,12.304409672830715,2.044807965860592,12.215504978662878,8.854907539118074,2.364864864864856,0.0,1.689189189189193,2.364864864864856,0.6756756756756843,0.6756756756756772
5148,FDP,3134,19,1.0,1.0,3.084992887624466,1.0,1.0,2.2522522522522515,3.9295874822190555,1.546941678520625,1.0846372688477928,5.174253200568998,4.107396870554766,2.6671408250355597,2.0270270270270245,3.7162162162162176,0.3378378378378315,0.3378378378378386,3.7162162162162176,3.378378378378379
974,Die Grünen,3134,19,0.0,1.0,3.96218587008061,1.0,1.0,0.9009009009008994,1.9914651493598896,1.3157894736842124,3.0049786628734054,5.03200568990043,9.815078236130866,2.6137980085348573,0.3378378378378315,1.0135135135135087,0.3378378378378457,0.3378378378378386,3.0405405405405332,0.3378378378378386
2690,FDP,3134,19,0.0,1.0,3.0968468468468457,1.0,1.0,3.3220720720720713,0.3022759601707037,2.809388335704128,5.298719772403977,7.325746799431002,2.0981507823613086,0.7467994310099542,2.7027027027027017,2.7027027027027017,7.7702702702702595,0.6756756756756772,1.3513513513513615,4.729729729729726
2831,bunt.saar,3134,19,1.0,0.0,3.040540540540539,1.0,0.0,3.4909909909909884,2.435988620199147,0.6578947368421026,4.996443812233288,0.7290184921763867,5.583214793741114,3.840682788051197,4.729729729729726,2.0270270270270316,2.0270270270270316,6.756756756756758,1.3513513513513473,4.054054054054035
4472,Die Grünen,3134,19,0.0,1.0,3.4672830725462305,0.0,1.0,2.477477477477477,0.5334281650071233,2.6493598862019923,4.19630156472261,2.0625889046941666,5.369843527738269,5.992176386913222,3.7162162162162176,2.364864864864863,0.3378378378378386,3.7162162162162176,4.729729729729726,0.0
4213,CDU,3134,19,1.0,0.0,6.39224751066856,1.0,0.0,1.689189189189192,0.8179231863442311,5.636557610241816,8.623755334281647,3.1116642958748173,10.668563300142246,9.495021337126602,0.0,4.054054054054056,1.013513513513523,3.0405405405405475,0.3378378378378386,1.689189189189186
593,SPD,3134,19,1.0,1.0,2.8093883357041256,1.0,1.0,3.0968468468468457,1.3335704125177799,7.681365576102422,0.053342816500716594,2.489331436699864,1.831436699857747,3.4672830725462234,2.3648648648648702,3.378378378378379,3.378378378378372,0.0,5.743243243243242,3.7162162162162105
3005,bunt.saar,3134,19,1.0,1.0,3.408013276434332,1.0,1.0,1.407657657657656,1.0490753911806507,7.005689900426745,5.654338549075405,2.0270270270270316,2.2759601706970187,2.43598862019914,1.689189189189186,2.3648648648648702,0.675675675675663,1.0135135135135087,2.3648648648648702,0.3378378378378386
3052,Die Grünen,3134,19,1.0,0.0,4.9519914651493595,1.0,1.0,0.7319819819819836,1.2091038406827934,3.236130867709818,6.418918918918919,0.2844950213371291,9.619487908961581,8.943812233285918,0.0,0.6756756756756843,0.6756756756756772,0.6756756756756843,0.675675675675663,1.689189189189193
2154,CDU,3134,19,1.0,1.0,3.2835467045993383,0.0,1.0,1.2387387387387403,1.653627311522051,3.733997155049792,5.1564722617354235,2.3115220483641536,3.307254623044102,3.5384068278805074,1.0135135135135158,0.3378378378378386,0.6756756756756843,0.6756756756756701,3.0405405405405403,1.689189189189193
4769,bunt.saar,3134,19,1.0,0.0,4.5252489331436685,1.0,1.0,0.9009009009008947,1.3869132290184822,0.12446657183498644,6.507823613086771,5.7610241820768096,10.384068278805131,2.987197724039831,0.6756756756756843,0.3378378378378244,1.0135135135135016,0.3378378378378386,1.0135135135135016,2.0270270270270174
180,bunt.saar,3134,19,1.0,0.0,5.941797060218113,1.0,0.0,1.1824324324324316,3.378378378378379,0.8001422475106637,10.188477951635846,4.836415362731152,12.037695590327168,4.409672830725469,2.364864864864863,1.0135135135135016,0.0,1.0135135135135158,0.6756756756756772,2.0270270270270316
725,CDU,3134,19,1.0,1.0,6.528568041725939,1.0,1.0,1.9144144144144153,3.9118065433855023,4.694167852062591,3.6806543385490826,7.912517780938828,16.127311522048366,2.8449502133712627,4.054054054054056,1.3513513513513473,1.3513513513513615,0.6756756756756701,3.378378378378379,0.6756756756756772
2021,SPD,3134,19,1.0,0.0,5.082385016595545,0.0,1.0,5.180180180180184,4.587482219061172,1.0490753911806578,7.432432432432435,3.5384068278805074,5.796586059743959,8.090327169274538,7.0945945945945965,0.6756756756756772,4.054054054054063,9.45945945945946,4.391891891891902,5.4054054054054035
